"","GSE124954_exercise"
"11298",0.358372450724209
"11302",0.0193352069902499
"11303",0.0119496292230168
"11304",0.465670870722941
"11305",0.0215843542246869
"11306",0.014019100490231
"11307",0.00590924551579996
"11308",0.00433435478054398
"11350",0.0157776449555008
"11352",0.00534471135972369
"11363",0.0223174449732302
"11364",0.00963609354488979
"11370",0.00808174060640152
"11409",0.0321664446328709
"11416",0.00717407112085305
"11418",0.0110964153346432
"11419",0.0200019468221051
"11421",0.593821335245474
"11423",0.0278235590271652
"11426",0.004596380350474
"11428",0.00303997316563376
"11429",0.00247425713380345
"11430",0.00358264365725618
"11431",0.00608033816994171
"11432",0.00628021655110389
"11433",0.425722461832642
"11434",0.206285134213125
"11435",0.0612646428711421
"11438",0.177024845200072
"11440",0.896834969511729
"11441",0.0363747475821022
"11443",0.0877639296048413
"11444",0.00545085819295186
"11459",0.0887325640795458
"11465",0.00409957703206886
"11470",0.106982816196841
"11471",0.395452936703845
"11472",0.0523854356171882
"11474",0.238108156762527
"11475",0.109836873200875
"11477",0.00919422948111897
"11479",0.00937459126717924
"11480",0.035035711243551
"11481",0.0172158996272205
"11482",0.0330210077192773
"11484",0.126457968143779
"11486",0.240762265387494
"11487",0.0063924295558143
"11488",0.0588414862594409
"11489",0.039539524855758
"11490",0.0184129672539246
"11491",0.00865451350188753
"11492",0.0254380466569111
"11496",0.00458224852071006
"11498",0.0784
"11499",0.556832529843894
"11501",0.075541498984231
"11502",0.00235800941474264
"11504",0.0307323313724352
"11512",0.01
"11513",0.0146680793527807
"11514",0.0551240011969686
"11515",0.00894813732651571
"11516",0.267554033742754
"11517",0.0287769187896485
"11518",0.00214929459434294
"11519",0.0263316842221082
"11520",0.0135067406275658
"11522",0.497718658462718
"11532",0.00388652979590041
"11534",0.00428388210384123
"11535",0.440318219479414
"11536",0.207787717756383
"11538",0.210118351829051
"11539",0.0177734921687346
"11540",0.195865195283432
"11541",0.0534880795542928
"11542",0.217747021462768
"11544",0.00858821011563561
"11545",0.00712562655447858
"11546",0.00630225573794165
"11548",0.193728265512663
"11549",0.0458511123323862
"11550",0.0577123354194453
"11551",0.174770447530864
"11552",0.905174279861234
"11553",0.0286439063030637
"11554",0.0385463541903043
"11555",0.059965258774539
"11556",0.267954853620041
"11564",0.00700673436110873
"11565",0.095878195585226
"11566",0.00671719384666977
"11567",0.144195764298386
"11568",0.171422182818041
"11569",0.00509691184875286
"11593",0.0183266734429435
"11595",0.106685340149154
"11596",0.303223420130485
"11600",0.0223996788345218
"11601",0.0368944221154789
"11603",0.00921660189070469
"11605",0.017981123455082
"11606",0.0688787244802124
"11607",0.143303511264347
"11609",0.416121686559157
"11610",0.0288082644269804
"11615",0.0167789739321861
"11622",0.0161395101492961
"11624",0.0498625988855996
"11629",0.0433567393002132
"11630",0.160239969970038
"11632",0.011898561024605
"11634",0.49269600591716
"11636",0.00342849911881905
"11637",0.0077052382629869
"11639",0.12910244260491
"11640",0.00288465698838147
"11642",0.274952333990795
"11647",0.0449136961525239
"11651",0.00493527575035222
"11652",0.0167121193026675
"11655",0.00257397045638065
"11656",0.0893410638386906
"11657",0.336031846812799
"11658",0.0265428699163898
"11666",0.00887912570543823
"11668",0.0731628614456895
"11669",0.0129644152534065
"11670",0.252658141870275
"11671",0.0169985580285947
"11676",0.0154539457368983
"11677",0.00382091343997364
"11682",0.058699475169547
"11684",0.187092944791563
"11686",0.183809498614264
"11687",0.0450715970115865
"11688",0.0296483354508456
"11689",0.0600151610457896
"11690",0.0320540140008246
"11692",0.00509592142759211
"11694",0.428347829296822
"11695",0.147419608061479
"11702",0.0057984667031148
"11705",0.100386627460705
"11717",0.0181783720573648
"11720",0.878036937290453
"11722",0.0172486255319012
"11727",0.203352875480284
"11732",0.00161737094677809
"11733",0.0646983527355184
"11735",0.0136881978443293
"11736",0.00169931827752929
"11737",0.00856157738672307
"11739",0.00251356849611857
"11740",0.00539318488505635
"11744",0.03372098119131
"11745",0.0265204390560202
"11746",0.0288582472639871
"11747",0.0170132325141777
"11749",0.00458078528374532
"11750",0.0328044544
"11754",0.462386410292206
"11757",0.00568097596577885
"11758",0.0144
"11761",0.0384467512495194
"11764",0.00827779335436573
"11765",0.0023813678823194
"11766",0.0496533587310747
"11767",0.00579589349915338
"11768",0.850600016107815
"11769",0.0243425901241653
"11771",0.00571254732287723
"11772",0.0235294456733746
"11773",0.00820390086088035
"11774",0.0123456790123457
"11775",0.00658303469670725
"11776",0.00551286561018456
"11777",0.0166299864293385
"11778",0.0038726933658489
"11781",0.00784861598318161
"11782",0.00685276961536775
"11783",0.0357697718156722
"11784",0.0177316167384352
"11785",0.00840889319123051
"11787",0.011720956680008
"11789",0.00307163453001698
"11790",0.0115976331360947
"11792",0.00577415212350219
"11793",0.0090479870131922
"11796",0.0528570180801817
"11797",0.0104954602275506
"11798",0.00749887391711988
"11799",0.235614577228409
"11800",0.00446941318434269
"11803",0.00423898936288633
"11804",0.00233473296897303
"11806",0.377873935776465
"11807",0.314803609256723
"11810",0.117684861413752
"11811",0.417374683347141
"11812",0.255167241553992
"11814",0.420215975876502
"11815",0.0800087252713454
"11816",0.0165158626473767
"11818",0.344586479840914
"11819",0.19391013210889
"11820",0.0108489422835423
"11821",0.0132663416441877
"11826",1.64654119783913
"11829",0.0274555117324804
"11830",0.349526767128782
"11834",0.00446627102645291
"11835",0.01816044769017
"11836",0.0016098917847889
"11837",0.00486401480962994
"11838",0.162148927329148
"11840",0.00418674986091052
"11841",0.00501350382806233
"11842",0.00517247920350469
"11843",0.00381207538087325
"11844",0.0036381960191484
"11845",0.00444746941930632
"11846",0.379908289946845
"11847",0.0983520192393964
"11848",0.00233734112878685
"11852",0.00905737689861039
"11853",0.0236594387142322
"11854",0.417661148096917
"11855",0.0216594258106409
"11856",0.141698348895936
"11857",0.0433750044444444
"11858",0.0114376202813255
"11861",0.0127106035986345
"11863",0.00651809642607742
"11864",0.0259605119272479
"11865",0.0207549040758254
"11867",0.0358388796996429
"11870",0.389889475292593
"11876",0.269056924834628
"11877",0.0177538588060118
"11878",0.0323101426740016
"11881",0.0148904367859938
"11883",0.0081632810095414
"11886",0.00604711766590877
"11889",0.255155693512263
"11891",0.030878338410823
"11898",0.0245426719784485
"11899",0.0137191403635839
"11905",0.366393071692835
"11906",0.218865441730096
"11907",0.00663727886422036
"11908",0.0190661820629538
"11909",0.00223127539626354
"11910",0.307567778123464
"11911",0.00530882272590931
"11920",0.00798451446243531
"11922",0.173162075158526
"11923",0.219344791736328
"11924",0.258478767419413
"11927",0.0186729140564859
"11928",0.013680908854841
"11931",0.0035399510113381
"11932",0.0346614672786636
"11933",0.00805716502005684
"11936",0.0444914689446789
"11937",0.604346500281479
"11938",0.00657414170927685
"11941",0.0276145508954445
"11944",0.3136
"11946",0.00223847455971436
"11949",0.0062000124000248
"11950",0.00497528698979592
"11951",0.0152631541469625
"11957",0.00405618846593127
"11958",0.0165098344103076
"11964",0.00809377282360125
"11966",0.00906863058665095
"11972",0.00759306027205319
"11973",0.00982832936979786
"11974",0.0152606518604192
"11975",0.0103809184763261
"11977",0.0527529159155581
"11979",0.0507069946887099
"11980",0.00326740363716763
"11981",0.0105891753424082
"11982",0.0585733426145924
"11983",0.00820845462168261
"11984",0.00778393568625553
"11987",0.0216746109893924
"11988",0.0400123771949441
"11989",0.121308428414094
"11990",0.00251100108682526
"11991",0.0123892033184941
"11992",0.0029443619946302
"11993",0.00990888430182857
"11994",0.026076915812645
"11998",0.642120959607035
"12000",0.44289180128341
"12005",0.00709580575001575
"12006",0.0193556568852019
"12009",0.0210764952984437
"12010",0.00922060972857618
"12012",0.325683127164003
"12013",0.0129925059820026
"12014",0.0402504618899506
"12015",0.00602715512582449
"12017",0.00384802805705108
"12018",0.0141298079861643
"12021",0.11350979193181
"12023",0.267051858285264
"12028",0.00820364699582746
"12029",0.116621504548851
"12032",0.0311275619228831
"12033",0.0120540091684546
"12034",0.00394490637019828
"12035",0.0188653208788953
"12036",0.016265816720405
"12038",0.0381394435437245
"12039",0.00564501292185164
"12040",0.00928845538456828
"12041",0.00303056378567395
"12042",0.00739438168811683
"12043",0.0205389425735652
"12044",0.489080775122107
"12045",0.285688774840911
"12047",0.448901506126924
"12048",0.00284239550199736
"12050",0.00614176040487153
"12051",0.408801948557771
"12053",0.102171001688217
"12054",0.00749945431626062
"12055",0.0137989203135476
"12057",0.261614663875778
"12062",0.470879904875149
"12064",0.0206890310234358
"12068",0.0147963117667509
"12069",0.00868285123966943
"12070",0.00459566241844332
"12075",0.107151927746864
"12091",0.0146329826296492
"12095",1.18301144823897
"12111",0.0487954004154686
"12121",0.00644983757953234
"12122",0.0529671201426887
"12123",0.0468912413456943
"12124",0.270719818887073
"12125",0.0285823950199523
"12140",0.0387735196186114
"12142",0.243424225026467
"12144",0.0334862422526856
"12151",0.0160967903225646
"12153",0.0371627123445596
"12155",0.295617081359566
"12156",0.304504154606177
"12159",0.0680712546423044
"12160",0.0761488232951799
"12161",0.162445629712051
"12162",0.0922621967231918
"12164",0.147853183278038
"12166",0.00585453603722086
"12167",0.0177649255983476
"12168",0.00670921006912967
"12169",0.101046494710668
"12175",0.00356808431094838
"12176",0.0105660546257015
"12177",0.00537345781848451
"12180",0.341000151534831
"12181",0.00521422159494814
"12182",0.541288598955786
"12183",0.00515291995996799
"12189",0.0362226847034339
"12190",0.0198995685970067
"12192",0.0403948820579487
"12193",0.0290306452411288
"12209",0.494872523374702
"12211",0.0052203679425925
"12212",0.00749327139754196
"12215",0.0103207465902566
"12217",0.0475659674200382
"12223",0.455982047097651
"12224",0.149990888306772
"12226",0.0537882883650432
"12227",0.0510275829081633
"12228",0.071314807689707
"12229",0.135378514684285
"12234",0.00265998540341475
"12235",0.350079217665392
"12236",0.148965195075828
"12237",0.00330844197788065
"12238",0.00529475581450633
"12257",0.0662430571107162
"12258",0.0303471007008073
"12259",0.0240446242589329
"12260",0.0237478472767192
"12261",0.00497370464240566
"12262",0.0207759052746277
"12263",0.15739142345275
"12265",0.0340226779900089
"12266",0.694109004553458
"12267",0.0617128845468524
"12268",0.0397361194667081
"12269",0.899713978196197
"12273",0.451744468837571
"12282",0.00962821058135006
"12283",0.00291097890751758
"12286",0.0159835345033718
"12287",0.0161193855514034
"12288",0.0132865217644659
"12289",0.0173341071101752
"12290",0.0119865512620905
"12291",0.0793661561250833
"12292",0.331075457229975
"12293",0.00738482173573404
"12294",0.0118536397205459
"12295",0.0137184961869924
"12296",0.0061320434182407
"12297",0.0224079082971755
"12298",0.0239181813212442
"12300",0.0229588374291115
"12301",0.017934368502974
"12304",0.0277468878410197
"12305",0.0205071226952445
"12306",0.064509767021717
"12307",0.0603023706864765
"12308",0.611839038222115
"12310",0.382671714440238
"12314",0.00464876033057851
"12316",0.0881019865399743
"12317",0.0173354020894611
"12319",0.0435503719384028
"12321",0.00315432053504504
"12322",0.0253397771579437
"12323",0.00911624464582953
"12325",0.0242335669334661
"12326",0.0250815324152309
"12328",0.00743000221310357
"12330",0.00328135840201864
"12331",0.00424586121037419
"12332",0.0617816151616574
"12333",0.0104701678396184
"12334",0.00814709914748845
"12335",0.0757827986008192
"12336",0.013355744147053
"12337",0.0342354527753838
"12338",0.200607487015231
"12339",0.00729200858477465
"12340",0.00744240556223521
"12343",0.0100088948183284
"12345",0.00306805735603226
"12348",0.00925797531897949
"12349",0.0222712017767909
"12350",0.647034400780324
"12351",0.0625157619317197
"12352",0.360967555716578
"12354",0.0550893041473179
"12355",0.19243087642256
"12359",0.00692010544145274
"12361",0.00234946596221614
"12362",0.098684408073179
"12363",0.354458113607309
"12364",0.310365488144097
"12366",0.011514814291634
"12367",0.0268100768074658
"12368",0.0565566193765052
"12369",0.0489289926481876
"12370",0.0496514650283554
"12371",0.0105777319339849
"12372",0.225016436554898
"12373",0.0485804572423295
"12374",0.289624730493561
"12380",0.0321298572065811
"12385",0.0136531929614369
"12386",0.00314943353255307
"12387",0.00623785611742284
"12388",0.0077069115657055
"12389",0.0324055989976998
"12390",0.01963628296624
"12391",0.305971441146266
"12393",0.0281818993186288
"12394",0.153023861910706
"12395",0.0809241971261009
"12396",0.00388956258582439
"12398",0.0466689852490326
"12400",0.0299852986174765
"12402",0.0165578234272963
"12404",0.205110293144111
"12405",0.103588244794098
"12406",0.0389095106951188
"12408",0.0106414573131308
"12409",0.354911724762336
"12411",0.0234830033850417
"12412",0.00536282014259429
"12416",0.0404030201257544
"12417",0.00578672537735789
"12418",0.0142925285750181
"12419",0.00755452019798284
"12421",0.00720176642861762
"12424",0.0358950217070169
"12426",0.0854936822039326
"12427",0.170681851596699
"12428",0.0491608071582927
"12442",0.10359379740484
"12443",0.0341464572834845
"12444",0.0348836632616738
"12445",0.0217460553420119
"12447",0.0210603187261582
"12448",0.0384336724551251
"12449",0.0339187626983962
"12450",0.0112216317150244
"12452",0.0166918053992977
"12453",0.0049519890260631
"12454",0.0209714862798815
"12455",0.00625213911410284
"12457",0.0121711222974996
"12458",0.0988241860738391
"12460",0.00861219331712767
"12461",0.00486597175527243
"12462",0.00624538966049383
"12464",0.00814143215748448
"12465",0.00512860446755976
"12466",0.00751250225082404
"12467",0.383498596733136
"12468",0.0055729692136058
"12469",0.00586302317900773
"12475",0.0490076783513997
"12476",0.00989081064521285
"12479",0.217736057231036
"12483",0.34304747385201
"12484",0.0581896314746268
"12487",0.345485941867641
"12488",0.01257557498834
"12489",0.0716932319665075
"12490",0.0469708659688656
"12491",0.446989940067915
"12492",0.00439379591836735
"12493",0.0853114144688764
"12494",0.0502846648301194
"12495",0.0181979865187195
"12496",0.0207241559334131
"12497",0.0129387812206187
"12499",0.00612184645641703
"12503",0.291527610150092
"12504",0.539681284862787
"12505",0.154744132917389
"12506",0.145997406609332
"12507",0.42968338636936
"12508",0.0270235753842969
"12509",0.0803091577355658
"12511",0.370159174563396
"12512",0.0221504474266002
"12514",0.0562615596264199
"12516",0.558978121680327
"12519",0.107544195844208
"12520",0.00489767855031091
"12521",0.0789563554402022
"12522",0.02109410430839
"12523",0.0546361838433352
"12524",0.0647180886335659
"12525",0.328480500231206
"12527",0.0233424467783952
"12530",0.0141337101300575
"12531",0.0340577194909063
"12532",0.418685121107266
"12534",0.243327124087994
"12537",0.00484407954436554
"12539",0.00299072265625
"12540",0.00441684997830168
"12544",0.0491972412233592
"12545",0.0117726370424202
"12549",0.0236525589048967
"12550",0.471873681757712
"12552",0.0169408623667114
"12554",0.0317785972699219
"12555",0.216241431407559
"12558",0.00685064694697443
"12561",0.0678479075606817
"12562",0.0439440138647048
"12563",0.180097522393733
"12564",0.0170104572223893
"12565",0.020575786079011
"12566",0.0532544378698225
"12567",0.00691437307384309
"12568",0.00631991736839341
"12569",0.0101719987579225
"12570",0.0258692356594454
"12571",0.0550443786982249
"12572",0.00208859911272379
"12575",0.0930767020970985
"12576",0.00503262147389305
"12577",0.15836150593037
"12579",0.311859648421524
"12580",0.0521146166657369
"12581",0.0094161397453367
"12583",0.0163868353787749
"12585",0.152587890625
"12587",0.743593782818736
"12589",0.008308835684868
"12593",0.012814586532955
"12606",0.0170186628468958
"12607",0.0049024057935074
"12608",0.0748371472549518
"12609",0.0826646228160695
"12611",0.00554400246597514
"12614",0.0521142040817605
"12615",0.186733983866971
"12616",0.0107398225141103
"12617",0.00582975830873815
"12626",0.0128384723676011
"12627",0.32114404811764
"12628",0.0316895410982755
"12631",0.0065816590406156
"12632",0.00958482077363196
"12633",0.00855127760434732
"12638",0.411862510753555
"12642",0.736598092076998
"12643",0.468266202618361
"12648",0.00546832908012829
"12649",0.0872079058524851
"12651",0.0106741072821352
"12652",0.0135587506629565
"12653",0.0500409180347378
"12654",0.019775390625
"12659",0.0326491929884571
"12660",0.00404989230804953
"12661",0.0139505941169793
"12662",0.010340039595781
"12663",0.0449044849606326
"12667",0.0147503706873389
"12669",0.0117560704801441
"12671",0.0588668541070948
"12672",0.0713467732896706
"12675",0.00725411672859229
"12677",0.417972816931572
"12683",0.0256436301582557
"12684",0.166051799097209
"12695",0.0803916760935712
"12696",0.0142794984375618
"12700",0.184562898885044
"12702",0.112012617446242
"12703",0.237178153211585
"12704",0.157361875998184
"12705",0.35451838165536
"12709",0.0128672544573129
"12716",0.0127321600163573
"12721",0.00856357602848193
"12722",0.477320604892387
"12723",0.0518576610136261
"12724",0.0109155713967476
"12725",0.00193356598290865
"12727",0.00175626100545597
"12728",0.0192393933710372
"12729",0.00616053648165625
"12733",0.973477657983235
"12737",0.542103599318755
"12738",1.82551124489756
"12739",0.639325718984618
"12741",0.0347334106538151
"12745",0.0254661028370289
"12747",0.0189981839758216
"12748",0.0101869383141159
"12750",0.00918370141732978
"12751",0.00886605173023678
"12752",0.00973022188318931
"12753",0.00632995948750661
"12757",0.00339334527288152
"12759",0.020444885099115
"12763",0.233567787043202
"12764",0.017802471471245
"12767",0.0762854527732996
"12768",0.467640967944928
"12769",0.295523036965786
"12772",0.669421487603306
"12774",0.0394679005266287
"12777",0.38778561090297
"12778",0.033826076855006
"12780",0.388540479229794
"12785",0.00415670296557147
"12789",0.426599299372834
"12790",0.411940989502621
"12793",0.00577329609116601
"12794",0.0248840156991219
"12795",0.0496733663822844
"12797",0.187429386570465
"12798",0.044588912203027
"12799",0.0876014086568489
"12801",0.0652231228743409
"12802",0.274773273326684
"12803",0.0901212529333741
"12804",0.0254369430899272
"12805",0.00326925171402041
"12807",0.0129449685920626
"12808",0.110981422051707
"12810",0.162887159812112
"12812",0.00850692807993213
"12813",0.17128554541952
"12814",0.233685953055174
"12815",0.0632512453435366
"12816",0.0862507945947633
"12817",0.110722976396373
"12818",0.172601879679215
"12819",0.0938275657087137
"12821",0.280874090395508
"12822",0.13404991418266
"12823",0.0356403472824826
"12824",0.293445403394658
"12825",0.0662047932418265
"12826",0.0174117944356326
"12827",0.0179440773945615
"12828",0.386210399099121
"12829",0.318370669580111
"12830",0.0428061831153389
"12831",0.0533984660336012
"12832",0.12480947005562
"12833",0.0778524707974073
"12834",0.0973111453828609
"12835",0.0392226905916881
"12836",0.0595387532053131
"12837",1.03556147829828
"12839",0.291053013830371
"12840",0.0663672835509914
"12841",0.186234564341303
"12842",0.12070409713595
"12843",0.0879091933255394
"12845",0.496727724950069
"12846",0.0036824527811509
"12847",0.00170537970152401
"12848",0.0113282293806446
"12850",0.013739751810226
"12854",0.109805213213028
"12856",0.0084826227831015
"12857",0.00737948755557676
"12858",0.00948583345410798
"12859",0.0101843279185254
"12861",0.0110803324099723
"12862",0.108768687837615
"12864",0.00796190721189434
"12865",0.219975941122142
"12866",0.0114334764774409
"12867",0.00963803924021601
"12868",0.00948916182249843
"12869",0.501193853033571
"12870",0.0343980555788365
"12874",0.00460362055754386
"12876",0.0226859069447018
"12877",0.00554695039873945
"12879",0.0456077190514412
"12889",0.0326638260329442
"12890",0.0152421316641785
"12891",0.0377608918963168
"12892",0.00571949029107123
"12894",0.0265075999755522
"12895",0.266974143411911
"12896",0.0448196906424561
"12902",0.186388362154176
"12903",0.511673437089767
"12904",0.754967194087985
"12905",0.0342274877188936
"12908",0.00611356669884333
"12909",0.0112838722117318
"12912",0.0129196404459704
"12913",0.00811413892697222
"12914",0.0204756840240365
"12915",0.010025690419731
"12916",0.0224953805882173
"12918",0.118428494514618
"12919",0.0969375311909363
"12921",0.026094674556213
"12922",0.147989782655892
"12925",0.0389224914252298
"12927",0.0147918188458729
"12928",0.00250813669112301
"12929",0.0048960104251054
"12931",0.0415362121928166
"12933",0.00910228223543292
"12934",0.00296131916568827
"12936",1.14347135195554
"12937",0.589159970781592
"12939",1.02317129956313
"12941",0.0239663871439007
"12942",0.0297724181272937
"12943",0.0368300833159608
"12946",0.00494327337454219
"12950",0.0281020292476498
"12952",0.0104447670908693
"12953",0.00755243764172336
"12954",0.424676960817572
"12955",0.0612149266584974
"12957",0.350652686787407
"12959",0.366555658344841
"12960",0.0849085566422525
"12962",0.0924570557836871
"12964",0.467755440643258
"12971",0.134515102409035
"12972",0.0094086297103932
"12974",0.00374142099443647
"12977",0.0173856175053032
"12978",0.017702187408192
"12982",0.0208694256702989
"12983",0.136687778258044
"12984",0.213448765080439
"12986",0.034266544699071
"12988",0.0160243651743425
"12995",0.00260878326747708
"13000",0.0129273163229718
"13001",0.00677938450363736
"13002",0.00212182593247751
"13003",0.0201791814781186
"13004",0.023503988150882
"13006",0.0061614843479831
"13007",0.0365533240047502
"13008",0.072550901855242
"13010",0.0143082804880841
"13011",0.322717148743057
"13014",0.0142469719924634
"13016",0.00329662782445457
"13017",0.00756951081726515
"13018",0.00699817302133905
"13019",0.159719871661535
"13024",0.0474552779738641
"13025",0.191857007034252
"13026",0.00661742812214526
"13030",0.00395711973726878
"13032",0.0300062097967732
"13033",0.0125170718540486
"13034",0.345943189153362
"13036",0.0290260631001372
"13038",0.0843918729128305
"13039",0.00594516679130748
"13040",0.0147048575215619
"13041",0.481043989802098
"13043",0.0105621409665719
"13046",0.0119217096648078
"13047",0.0129684274515267
"13048",0.0588725905788905
"13051",0.0197009007342008
"13052",0.0148836833242023
"13056",0.0329715383489742
"13057",0.0374785696804436
"13058",0.165345115401365
"13063",0.00751520806380236
"13070",0.101446476892507
"13075",0.559518403351351
"13076",0.398652686618764
"13078",0.0636832056574688
"13082",0.737501849196691
"13110",0.0121738553728036
"13113",0.240839545385791
"13115",0.119970157511766
"13116",0.0144594777357971
"13120",0.372921773800597
"13121",0.0130474140498523
"13123",0.0186451210180436
"13131",0.0214930523871138
"13132",0.0822188820801377
"13134",0.0615198670734636
"13135",0.010753756322624
"13136",0.0560612104924274
"13138",0.00886611646200765
"13139",0.0318653816558941
"13142",0.372106935791274
"13143",0.407633136094674
"13144",0.0104460423875433
"13162",0.264303535504482
"13163",0.00653991340333381
"13164",0.0281067841222874
"13166",0.3788979263439
"13167",0.022188683493233
"13168",0.430389232582541
"13169",0.00703522053284385
"13170",0.0651348511261115
"13171",0.00474156734549532
"13175",0.0334795823498043
"13176",0.0213041511664498
"13177",0.0137432570461872
"13178",0.0119101437927654
"13179",0.343528451162926
"13180",0.140826338652726
"13185",0.00471308197032327
"13190",0.450937337927797
"13191",0.0089922711058264
"13193",0.0110445316824481
"13194",0.00127633139202372
"13195",0.0816777269957054
"13196",0.0422359156035452
"13197",0.0597162188676953
"13198",0.010150393326073
"13199",0.0511621315192744
"13200",0.00313800072493353
"13202",0.00845907763895258
"13204",0.00514394651975275
"13205",0.00396640615666554
"13206",0.0721077958931771
"13207",0.0103100591715976
"13209",0.00580930766457806
"13211",0.00804346094674889
"13244",0.0136790497913518
"13340",0.0192050605008694
"13345",0.538676762336676
"13346",0.146575669397531
"13347",0.0109735346484068
"13349",0.430486216055405
"13350",0.00778546712802768
"13353",0.0408684442045994
"13356",0.00853615311909263
"13358",0.0162867519354978
"13360",0.0228344278232477
"13361",0.0280418302161385
"13363",0.380226347768106
"13367",0.0112039466053221
"13368",0.0275791399910148
"13371",0.0357834677839158
"13382",0.00429143911158676
"13383",0.0150525652050555
"13384",0.0333197810280392
"13385",0.0150396897321552
"13386",0.998364008453851
"13388",0.0468134498122942
"13389",0.0536798335869301
"13390",0.0737904458243122
"13392",0.292644631381965
"13395",0.21748660671946
"13396",0.099786257662269
"13397",0.427554643404246
"13400",0.0482711910085266
"13401",0.0107317334811312
"13404",0.178670761933713
"13405",0.0185178148917912
"13406",0.0583056418622703
"13411",1.56910162287917
"13417",0.0618301156957851
"13418",0.0100792076114296
"13419",0.0788812643640602
"13423",0.0291573813630985
"13424",0.00776129242711426
"13426",0.0112103945718698
"13427",0.00326773070459858
"13429",0.0115165152981616
"13430",0.0069172273652188
"13433",0.00818480580180758
"13434",0.0113732312781617
"13435",0.0131464524822545
"13436",0.0671185377877918
"13437",0.00650051190264148
"13445",0.0164674361592962
"13446",0.0633448444869274
"13447",0.0989680391993951
"13448",0.0581909818405663
"13449",0.137801058614733
"13476",0.0164009031932258
"13478",0.0115160481141029
"13479",0.747055125065059
"13480",0.0213800356748209
"13481",0.00657414170927684
"13482",0.0376572253460789
"13483",0.00759332041327842
"13486",0.0120911780791558
"13487",0.486167125826332
"13488",0.150093935165576
"13489",0.21563572468072
"13490",0.54751224409215
"13491",0.531119275060467
"13492",0.0536882807852469
"13494",0.0072965612542549
"13495",0.00626261580663527
"13496",0.019732404780773
"13497",0.00738462475020142
"13498",0.0567712338229353
"13505",0.545014179813779
"13506",0.131184722491
"13507",0.812714508590879
"13508",0.0159949532244304
"13511",0.0629529235377492
"13516",0.640231318331897
"13518",0.00871174815600266
"13521",0.0187941802101201
"13524",0.63726542169107
"13527",0.0177577633940246
"13528",0.00396107389114382
"13537",0.132839017634335
"13542",0.00756204721711853
"13543",0.0141293565942584
"13544",0.035398816234915
"13548",0.00350938095558258
"13549",0.0256698209497085
"13555",0.105168713211853
"13557",0.00783518092300342
"13559",0.0118925989178116
"13560",0.00975660141607664
"13589",0.00326026901386984
"13590",0.455295750021172
"13591",0.0518174144796248
"13592",0.421360418590336
"13593",0.129078563927242
"13595",0.0150808847128552
"13599",0.393809120746184
"13601",0.13266961975352
"13603",0.487787244479617
"13605",0.225602852579585
"13607",0.0177411320203921
"13608",0.437598801604363
"13609",0.0145303937110425
"13610",0.012570803411163
"13611",0.379269071777114
"13612",0.013840830449827
"13614",0.104924111787573
"13616",0.0673075466778334
"13617",0.0608495278410163
"13618",0.0199760962697185
"13619",0.011967289959568
"13626",0.00778362080868206
"13628",0.00594264642340106
"13631",0.00750260574875912
"13636",0.0713050063479571
"13637",0.0406106781939886
"13638",0.020606889136183
"13639",0.411742684243949
"13640",0.100864035575153
"13641",0.037500786629432
"13642",0.0502149256116683
"13643",0.0218580476388042
"13644",0.0402898541246334
"13645",0.0743025039369005
"13646",1.05713152152351
"13649",0.0208470359461237
"13650",0.033270435772298
"13653",0.124697265625
"13654",0.316789347028789
"13655",0.0277065679516199
"13656",0.0877792496369412
"13660",0.0175508257916971
"13663",0.00235115063226085
"13664",0.0165832155919129
"13665",0.0117809699566152
"13666",0.00793695286185758
"13667",0.00497865866292527
"13669",0.00245208872171631
"13680",0.00730160927011511
"13681",0.0048581542398437
"13682",0.00524149792182797
"13684",0.00291323142669296
"13685",0.0884415879017013
"13688",0.0196758276205955
"13690",0.0038525564803805
"13709",0.00910826430193714
"13711",0.163002312279998
"13712",0.0233168190829031
"13713",0.0247024059148149
"13714",0.0238942407662103
"13716",0.0100101086675377
"13717",0.0376243703652498
"13722",0.00694444444444445
"13723",0.0566340492175454
"13726",0.00819880696022376
"13728",0.0178899047643218
"13730",0.11782438255644
"13731",0.0210111131694368
"13732",0.137744097708311
"13733",0.0280895483660178
"13796",0.0306268951993436
"13797",0.0273911745888081
"13799",0.271267361111111
"13800",0.00991631835941792
"13803",0.00972862428063244
"13804",0.016695287305808
"13805",0.0550690787876577
"13806",0.0234641838607253
"13807",0.00386937321068915
"13808",0.0109972856935588
"13809",0.0268009048619157
"13813",0.350283907774734
"13819",0.0292961452643073
"13821",0.0153663217258387
"13822",0.0112929652613433
"13823",0.0259109994019652
"13824",0.0204618453901237
"13828",0.353359564127413
"13829",0.00588833902942316
"13830",0.0220586544723892
"13831",0.00575858313261235
"13835",0.220826469567523
"13836",0.118278607192297
"13837",0.0398663046683955
"13838",0.00921379955829591
"13839",0.0368367400295866
"13840",0.0208177995203728
"13841",0.0517597790156873
"13842",0.180441064166714
"13844",0.0108328518610185
"13845",0.072814310909549
"13846",0.0490064681545365
"13848",0.0416730349702113
"13849",0.0691562601022497
"13850",0.0267176329252917
"13852",0.00999471807747229
"13853",0.00556414566890742
"13854",0.013460762108827
"13855",0.00373071087293388
"13857",0.108690528807189
"13858",0.0310884010981923
"13859",0.00538675195690598
"13860",0.00783769243977257
"13861",0.395238494637038
"13864",0.00940475058813617
"13865",0.0126730969199326
"13866",0.0540182207751007
"13867",0.0825292039763672
"13869",0.0174626597739677
"13870",0.0113890234185818
"13871",0.00762858516263419
"13872",0.0102163073966305
"13875",0.0296058453010834
"13876",0.0636256425482339
"13877",0.00793794176387939
"13885",0.00900216969951566
"13924",0.496495372381302
"13929",0.00472672940281344
"13972",0.0306889019127284
"13982",0.29082603494344
"13983",0.808125388072996
"13990",0.0107572388741194
"13992",0.0637504265107469
"13996",0.0405976717796263
"13998",0.0283379877679718
"13999",0.113925558598516
"14000",0.00616173849371852
"14004",0.00792852724039125
"14007",0.0217344454988129
"14009",0.0710856984029744
"14011",0.0177025280091928
"14012",0.303300234467242
"14013",0.0430434170115845
"14017",0.0668253271279352
"14020",0.00314887075019538
"14025",0.0134072022160665
"14026",0.00666069125068652
"14027",0.158698058301496
"14030",0.006413332795554
"14038",0.185793078977839
"14042",0.0143603578990506
"14043",0.00375442176886337
"14048",0.0157027827791111
"14049",0.273630634624232
"14050",0.00419518408036428
"14051",0.0227692415359581
"14055",0.00610674970396035
"14056",0.0411657467120941
"14057",0.00322281980189552
"14061",0.479126440860437
"14062",0.0233155908931738
"14063",0.383143589390977
"14064",0.0538994237781087
"14065",0.402629325728193
"14066",0.0147494726605474
"14067",2.21917206929994
"14068",0.419769115123426
"14069",0.0172313571789921
"14070",0.014709341485328
"14071",0.308047976263625
"14073",0.00692050105080736
"14077",0.0140238411799566
"14081",0.00371269639393122
"14082",0.0677067315591288
"14083",0.0125812740201392
"14084",0.00475881831366963
"14085",0.0128993252529587
"14086",0.017043832656407
"14087",0.0367278320295861
"14088",0.012015243714669
"14089",0.5700511248668
"14102",0.087644992937899
"14103",0.325822840452858
"14104",0.0145135318110491
"14105",0.0111938352810099
"14106",0.331496786042241
"14107",0.0431421010232348
"14109",0.00868462352138949
"14113",0.00844949222720769
"14114",0.0346456548815482
"14115",0.0588756433399741
"14118",0.0219273665606679
"14119",0.0410635182268428
"14121",0.339226077656291
"14123",0.0185535601311883
"14127",0.0527333421880821
"14128",0.100551200357861
"14129",0.0316173725936138
"14130",0.0888427724485305
"14131",0.0218141271653284
"14132",0.0167211652794293
"14133",0.40495867768595
"14137",0.0200707806925553
"14148",0.0105724830905307
"14149",0.0105008721276543
"14151",0.00375385550196509
"14154",0.00451140311662894
"14155",0.00267127268127505
"14156",0.0123456790123457
"14158",0.00879239263637251
"14159",0.0554825151089598
"14160",0.157012721490487
"14161",0.47910044199035
"14163",0.0206385640688008
"14164",0.0215818858479609
"14165",0.138726821537944
"14166",0.0346175526929516
"14167",0.00929926201167698
"14168",0.0115573402894067
"14169",0.0102061801446417
"14171",0.363341049382716
"14172",0.0960506218405263
"14173",0.0302218592170798
"14176",0.0261289001369537
"14178",0.239074967633464
"14180",0.0120197348815135
"14181",0.466808229270515
"14182",0.0204438366684317
"14183",0.0221919453872617
"14184",0.0201417774068602
"14187",0.140700635335462
"14190",0.120243329020838
"14191",0.431562683147744
"14194",0.00635221153992823
"14198",0.0690589507842077
"14199",0.0347063485281731
"14200",0.0581565010507548
"14201",0.159373514795304
"14202",0.0316137375861782
"14204",0.517250012356307
"14205",0.579873497159466
"14208",0.00808924949226596
"14211",0.0211937079677649
"14218",0.00995365012031589
"14219",0.318167840295305
"14221",0.018800753371449
"14225",0.00740634899317478
"14226",0.0566684405878833
"14227",0.0142320714065866
"14228",0.00826979386142199
"14229",0.0179623321900729
"14230",0.0451980903961808
"14231",0.0327880710105686
"14232",0.0127332890856439
"14235",0.299510522688163
"14236",0.015978338155783
"14238",0.0754936253378174
"14239",0.367678418882503
"14245",0.00798963861105234
"14247",0.0270008155348366
"14248",0.00698881777850132
"14251",0.0246764320502599
"14252",0.0157886366478607
"14254",0.0347208826819953
"14255",0.0176692942612144
"14256",0.0693808986367638
"14257",0.111111111111111
"14260",0.0314659054883283
"14261",0.067847871600204
"14263",0.0305314970725547
"14264",0.107589741870921
"14265",0.00678291369675147
"14266",0.0116430003418298
"14268",0.189035916824197
"14269",0.0170606726654721
"14270",0.00632603429646371
"14272",0.00476303639095728
"14275",3.45428619373671
"14276",0.529993900598724
"14281",0.32675995770736
"14282",0.146559288548188
"14284",0.0725145029301808
"14287",0.0252728468113083
"14289",0.282519878895158
"14293",0.485367591118227
"14296",0.0134023370424819
"14297",0.0209717939627465
"14299",0.0132720421336534
"14300",0.0063769462355103
"14302",0.190021497287884
"14312",0.00604702497166329
"14313",0.45899547328701
"14314",0.0194454402697978
"14319",0.00538219303028296
"14325",0.00701735149804008
"14339",0.0045189518547731
"14344",0.110376251280808
"14345",0.459979413782963
"14347",0.312165042641421
"14348",0.0603062061818405
"14349",0.0157032956697266
"14356",0.00797278620050368
"14357",0.021134806863922
"14359",0.00479122400869592
"14360",0.00351639409768892
"14362",0.0322739300806179
"14365",0.00706407091727005
"14366",0.047018169512703
"14367",0.0512115515903076
"14368",0.0177113015394451
"14369",0.0753151676182939
"14370",0.0279301932820417
"14371",0.0394452115714526
"14373",0.0301421949960225
"14375",0.00687870170696217
"14376",0.00186788853080906
"14381",0.00683063782716438
"14385",0.00850600016107815
"14387",0.030625
"14388",0.0320454199055022
"14389",0.0163705384511678
"14390",0.00760846410944995
"14391",0.0128124701588346
"14394",0.0361425498440633
"14395",0.0102009707289009
"14396",0.0821179187545748
"14397",0.0179564386278832
"14400",0.00552867843631197
"14401",0.0196387734821183
"14402",0.00493878612839517
"14403",0.103973007362799
"14405",0.0371758725276603
"14406",0.0250924273086864
"14407",0.0201866568157729
"14408",0.317813436389691
"14409",0.236299417918736
"14411",0.338569657639974
"14412",0.0982887427709954
"14415",0.00499207165796131
"14417",0.0281301036642313
"14419",0.797838204764612
"14420",0.00709656357768907
"14421",0.0099564270670683
"14422",0.386622037509969
"14423",0.00478357517262366
"14425",0.0659981205861918
"14426",0.0166070542805178
"14427",0.492177140311887
"14428",0.288814845666158
"14429",0.537872344582497
"14430",0.00875683864994529
"14431",0.0335722196401667
"14432",0.0634056858603848
"14433",0.00683801775147929
"14447",0.103902923155501
"14450",0.00589741946092681
"14451",0.0246031348820859
"14453",0.0172618911873764
"14455",0.0072413938683004
"14456",0.0304040029965593
"14457",0.00512563403719685
"14461",0.0617497567141307
"14466",0.00678725920050529
"14467",0.00299337200958271
"14468",0.112568290448593
"14469",0.0546534440390573
"14470",0.01135933195962
"14479",0.00445564656840663
"14489",0.00399900281542109
"14528",0.0521975425136589
"14533",0.00859594603100226
"14534",0.00656787251925598
"14536",0.0109732586419265
"14537",0.0373554050751386
"14538",0.0126091303853949
"14539",0.393013177206819
"14544",0.0117127709997273
"14545",0.0078642752968548
"14547",0.0173130193905817
"14548",0.0162236634198166
"14555",0.0100274536590139
"14559",3.55652717929075
"14560",0.0223876258574343
"14561",0.0082586191029691
"14563",0.476984632171662
"14566",0.0904438313670851
"14567",0.00493512687101015
"14569",0.00231139053254438
"14570",0.0389577239657382
"14571",0.0026110933328245
"14573",0.46052199711712
"14579",0.105820873856873
"14580",0.0343152438632762
"14583",0.00263784379456342
"14584",0.055920421601948
"14585",0.039831176952945
"14586",0.0448615933641975
"14588",0.00815590418723694
"14590",0.014879488681898
"14593",0.00500275909088096
"14594",0.0267793986781391
"14595",0.0392989912517065
"14598",0.128515485938056
"14600",0.0191967141400327
"14601",0.358913168154968
"14605",0.0182388893834807
"14608",0.0497512829513604
"14609",0.0152841574975969
"14611",0.453089969734074
"14612",0.0757488867509976
"14613",0.245622026453176
"14615",0.0483959836524715
"14616",0.334811556971904
"14617",0.0443038613852003
"14618",0.133981523153162
"14619",0.073910255673657
"14620",0.500155170581358
"14623",0.0219478737997256
"14626",0.566582483281753
"14628",0.00611009800858756
"14629",0.00410413926592763
"14630",0.00817155221792184
"14632",0.156726429246436
"14633",0.0712797206811268
"14634",0.0302457466918715
"14635",0.0177710456836309
"14651",0.00856857912264517
"14652",0.442951768942871
"14654",0.59975325847351
"14657",0.0740160034602076
"14658",0.00670396254838771
"14659",0.453606238712432
"14660",0.0069777050684302
"14661",0.00897506925207756
"14663",0.442855157519314
"14664",0.0319994358109876
"14667",0.00629168037621681
"14670",0.0139856804534484
"14672",0.00893969469240468
"14673",0.0124863693755739
"14674",0.00798745592760678
"14675",0.114500218381741
"14676",0.0633394516429805
"14677",0.0159442980154651
"14678",0.00623268698060942
"14679",0.00619694582221394
"14680",0.0129365006898791
"14681",0.0126098915182824
"14682",0.00533967400834268
"14683",0.014911707599159
"14686",0.495736875714218
"14687",0.00854267347333669
"14688",0.00302331463899511
"14693",0.00411895745154823
"14694",0.00650269712042828
"14696",0.0113568506234159
"14697",0.00440393772335859
"14700",0.010389393559942
"14701",0.0165140749551667
"14702",0.00761617611661843
"14704",0.0396358597781736
"14705",0.00874459995333936
"14706",0.0620470117604253
"14707",0.0198807342138949
"14708",0.0594724147023948
"14709",0.411048934990764
"14710",0.131427917378648
"14711",0.479208810096514
"14712",0.00179827011136865
"14714",0.193213380026567
"14718",0.00766103740022696
"14719",0.00701283813823057
"14723",0.0368478256137084
"14724",0.0249700159639137
"14725",0.109368218736437
"14726",0.023380134335592
"14728",0.44515812468993
"14729",0.117254906069643
"14731",0.0112808502605134
"14732",0.0118552730854104
"14733",0.026336807812714
"14734",0.0999893044851144
"14735",0.0754000900483561
"14738",0.0108542091239726
"14739",0.0372315488372967
"14744",0.374236616772159
"14745",0.10042883296206
"14747",0.0744530834411347
"14748",0.0758127382024479
"14751",0.00943259688426394
"14755",0.0106971800284349
"14756",0.00696719445195957
"14758",0.00427104017239337
"14760",0.00773362327834749
"14761",0.0109417806719784
"14763",0.025101020037316
"14764",0.400637216637451
"14765",0.592118140619851
"14766",0.0232948066018323
"14767",0.398704583571096
"14768",0.00653136124675819
"14772",0.0299976568992039
"14773",0.026445260727047
"14775",0.0114410864521497
"14777",0.0591224331135106
"14778",0.205740116884683
"14782",0.00851045621762004
"14783",0.0254964424239788
"14784",0.00440368162671724
"14786",0.329186085742721
"14787",0.0174617346938776
"14788",0.00990003632899828
"14789",0.0118829640451262
"14790",0.00739664845907645
"14791",0.0122993103058398
"14792",0.013030725435427
"14793",0.0990663065320774
"14794",0.0380325815484077
"14797",0.00522940063264631
"14799",0.00646730891486136
"14800",0.00871111111111111
"14802",0.0165596959501735
"14803",0.00799748349265804
"14804",0.015324913297612
"14805",0.0362445259314494
"14806",0.0134140891825465
"14807",0.0417319153676896
"14809",0.0163601946998378
"14810",0.00725120404271257
"14811",0.00898278642218722
"14812",0.0177369015059321
"14813",0.0392617165913776
"14814",0.0760544450362441
"14815",0.0227881401432461
"14816",0.0124909435321545
"14823",0.113799185991667
"14824",0.0181557305975667
"14825",0.457353245826202
"14827",0.00887085882519534
"14828",0.0328691760285296
"14829",0.0983301266672906
"14840",0.497134853620078
"14841",0.384522700478853
"14842",0.318885539669972
"14843",0.439824689469183
"14852",0.00409369778883742
"14853",0.0131045992195662
"14854",0.0181612442571825
"14859",0.107674212348746
"14860",0.0686608138637079
"14862",0.0124780340554873
"14863",0.123626251223137
"14865",0.0289126303520278
"14866",0.00627359245087624
"14867",0.0373590666697409
"14869",0.226107327863239
"14870",0.00517828445467924
"14871",0.0486582767664227
"14872",0.0759629380613467
"14873",0.00707087350143889
"14874",0.00479651773976057
"14884",0.00479751129101778
"14885",0.0142958412098299
"14886",0.00236311421098153
"14894",0.00675240519266212
"14897",0.00137130798253463
"14904",0.00415165444444445
"14910",0.0448932453942688
"14911",0.01057418853604
"14912",0.125585904217029
"14913",0.383099181750964
"14917",0.586785477952364
"14919",0.051184388019944
"14923",0.0247818857507571
"14924",0.0214365184607005
"14933",0.00735957831710857
"14934",0.424135598827922
"14936",0.0168858302968505
"14945",0.472823004130898
"14950",0.00485295526197638
"14955",0.371951435670849
"14957",0.0315522693687387
"14958",0.0069262533731614
"14960",0.610630612244898
"14961",0.378185514674245
"14962",0.282647011696844
"14963",0.387160493827161
"14964",0.0196100551492511
"14969",0.718699042102918
"14972",0.0230010739629697
"14976",0.00644719273446151
"14977",0.00385559477401668
"14979",0.0108460825246391
"14991",0.235525912278687
"14998",0.0131692112998857
"14999",0.115171744074351
"15000",0.385771192289481
"15001",0.262618285100411
"15002",0.42026159334126
"15013",0.66249974529146
"15015",0.0772188492751241
"15018",0.369448082278113
"15024",0.212274882815712
"15039",0.0239710089197795
"15040",0.0673418811083505
"15042",0.021878742493845
"15064",0.0770644008380264
"15078",0.0116621339839249
"15081",0.0112103254214184
"15107",0.0111245211294848
"15108",0.00902600959252655
"15112",0.330703226244168
"15114",0.0733603978798864
"15115",0.00808830564677242
"15116",0.0167944150803845
"15117",0.0867638834628557
"15118",0.0259987542319415
"15122",0.0758961551710274
"15129",0.0709779130862866
"15130",0.107099831359356
"15139",0.395387921598494
"15159",0.00762661878943239
"15160",0.0419340079594943
"15161",0.0167432332599358
"15162",0.0757173100310797
"15163",0.0483483600035067
"15165",0.0443142294228891
"15166",0.0272234959186777
"15168",0.022814141617124
"15170",0.0302714221972451
"15182",0.00598646704672598
"15183",0.00257770562009015
"15184",0.0177777777777778
"15185",0.00655082503422284
"15186",0.169258141158357
"15191",0.00165971338419389
"15193",0.0105729515784098
"15194",0.00681279919375157
"15199",0.0073419034643721
"15200",0.0173610777141472
"15201",0.0285274816896549
"15203",0.0309908687053801
"15204",0.0045939237724732
"15205",0.0644216212264904
"15207",0.26451783841268
"15208",0.0475743224315359
"15211",0.00707833498999197
"15212",0.0124231679529113
"15213",0.00594649927445552
"15214",0.0349344585529519
"15216",0.0859772641115604
"15220",0.0581334150602249
"15223",0.529290542921542
"15227",0.224386519688205
"15228",0.014609794308193
"15229",0.220724853389848
"15234",0.178328265378023
"15239",0.00812643663005595
"15242",0.288794591815594
"15245",0.0756092865306123
"15247",0.00394913964160266
"15248",0.0462101004607777
"15251",0.0040769805708724
"15254",0.0203540986744651
"15257",0.00677783145065398
"15258",0.0398112097029951
"15259",0.00798995760996427
"15260",0.00363545254517774
"15267",0.0207170391852176
"15270",0.0212266213907332
"15273",0.0121529313238318
"15275",0.0117231458191924
"15277",0.0614318010173906
"15278",0.00553656791256392
"15284",0.452741064544274
"15288",0.0112782154552262
"15289",0.00803490562491892
"15312",0.00862461040064736
"15331",0.0351951719455392
"15353",0.0124486307197303
"15354",0.0290650009827308
"15356",0.0100222416326575
"15357",0.00967643720413281
"15360",0.0625
"15361",0.0227593638525565
"15364",0.354826128046515
"15365",0.050529553251566
"15366",0.143778649719981
"15368",0.0287273771904625
"15369",0.00412946711287028
"15370",0.193518652614785
"15374",0.0075207538749245
"15379",0.262257396343435
"15381",0.00573482376698064
"15382",0.00622950338368491
"15384",0.00468876759551853
"15387",0.00340656179503096
"15388",0.00493987407273868
"15439",0.532611007623181
"15441",0.00145361424435946
"15442",0.107943781835459
"15444",0.0832409842512321
"15446",0.0402160073219199
"15450",0.461342842526296
"15451",0.261965517501945
"15452",0.012116363598335
"15458",0.385913536852406
"15460",0.0978464352465669
"15461",0.006533032274273
"15463",0.00395975518157621
"15464",0.433180347926903
"15465",0.0778799351000541
"15466",0.0296232807304964
"15467",0.00619498257635637
"15468",0.0348466267573407
"15469",0.00674409072251142
"15473",0.0102536332711541
"15476",0.0381234315702348
"15478",0.332357684757533
"15482",0.015625
"15483",0.0241170913788451
"15484",0.438084560737502
"15485",0.30896409504558
"15486",0.396543476326095
"15488",0.00252551003891252
"15490",0.0243855283057518
"15492",0.476350867364733
"15493",0.323528647929833
"15494",0.169223103292569
"15496",0.401842296238377
"15497",0.312757156224668
"15499",0.0133523748528603
"15500",0.00450944999911521
"15502",0.00782417666254001
"15504",0.0672949232925678
"15505",0.0137682572481107
"15507",0.0702670697908793
"15510",0.00603182773332562
"15511",0.122151988812158
"15512",0.0249862230600656
"15516",0.00442447264424634
"15519",0.020828445005145
"15525",0.00479453842662146
"15526",0.00154119178188654
"15528",0.0111054578722243
"15529",0.0125749001248502
"15530",0.167806664607383
"15531",0.00850692807993213
"15547",0.00443960808226538
"15550",0.053104960923544
"15551",0.198652968696232
"15552",0.433384149417302
"15557",0.127213472371103
"15558",0.0843412813551729
"15559",0.0183692302360791
"15560",0.634675852766149
"15561",0.180743530807881
"15562",0.0219112732206391
"15563",0.0169426981294813
"15564",0.345683878450751
"15565",0.101091387245233
"15566",0.146224352898388
"15567",0.462015523130197
"15568",0.00271125714753281
"15569",0.0650071690547215
"15571",0.00756911780682265
"15572",0.0264455440763617
"15574",0.00990252719444397
"15586",0.0295685918341173
"15587",0.0204081632653061
"15891",0.479214244545371
"15893",0.00316766109225971
"15894",0.105434656143188
"15896",0.120284673727823
"15898",0.0175392253655116
"15900",0.0446747131407265
"15901",0.0571983903571786
"15902",0.0166391414138661
"15903",0.0727097208364534
"15904",0.0304353945501824
"15925",0.00321359697214528
"15926",0.0283671476994334
"15929",0.00311539190022663
"15930",0.422898867100757
"15931",0.0203739070174363
"15932",0.0226225379827515
"15936",0.128561216291605
"15937",0.0866287642352435
"15939",0.0929067867306463
"15944",0.0258552271502945
"15945",0.471847071336378
"15950",0.298407987420089
"15951",0.568348456790123
"15953",0.328204746697634
"15957",0.0450314784616968
"15958",0.0131716783279033
"15959",0.039470955279531
"15975",0.00230728178849864
"15976",0.00694444444444445
"15979",0.01
"15980",0.0129548259495804
"15982",0.00670909437105152
"15983",0.0410355558772138
"15985",0.487362050551798
"16000",0.0274368657175988
"16001",0.0129777585569719
"16002",0.218965010934628
"16004",0.00452009320437933
"16005",0.296943391629591
"16006",0.307588428393541
"16007",0.120643526734422
"16008",0.157867256731508
"16009",0.171694352585508
"16010",0.0578159323317763
"16011",0.061051373716463
"16012",0.127927554580973
"16019",0.425414739709746
"16068",0.0404204309071962
"16069",0.272906975135522
"16145",0.0490728828567507
"16147",0.531544618345585
"16149",0.266110267702537
"16150",0.00339266044724621
"16151",0.00489021468042447
"16154",0.0278870314689229
"16155",0.0129354248423588
"16156",0.591848506926462
"16157",0.0276340717022429
"16158",0.223607999938554
"16159",0.213937194473203
"16161",0.139100593004909
"16162",0.0138281178622543
"16164",0.0242997651807815
"16168",0.161008260373973
"16169",0.0245039529170339
"16170",0.0307305386511592
"16172",0.0265936729366612
"16173",0.0140537052873768
"16174",0.432793978478243
"16175",0.105508647182908
"16176",0.618084694347301
"16177",0.0512774070819873
"16178",0.349991050784825
"16179",0.00866874211022872
"16180",0.0543144360772912
"16185",0.530529803899401
"16186",0.287277980321087
"16188",0.0952880439796228
"16190",0.0469253903829686
"16191",0.300239589028257
"16192",0.466454688038616
"16194",0.0412482712133259
"16195",0.00676731808471385
"16196",0.364965186842656
"16197",0.233335900648295
"16201",0.00239135555855807
"16202",0.00161578200392456
"16205",0.276208514154241
"16206",0.025400390625
"16210",0.00760638852400909
"16211",0.000906280615659795
"16319",0.0232643243503577
"16322",0.0318665531377983
"16323",0.0446536293248552
"16324",0.116505387829541
"16328",0.00947629790220044
"16329",0.00539339949149079
"16330",0.00346191509213097
"16331",0.0254148288174753
"16332",0.0158754450915542
"16337",0.00466874283104956
"16341",0.0064
"16348",0.00533534971644613
"16351",0.01271812807828
"16353",0.0169137110399338
"16362",0.0142958412098299
"16363",0.0228745125132109
"16364",0.3583085981746
"16365",0.291557896256778
"16367",0.0144987446972054
"16369",0.390935590531088
"16370",1.29753113149506
"16371",0.582657799136797
"16372",0.723308650054643
"16373",0.437778369688993
"16391",0.0323601598562111
"16396",0.0057163090836201
"16398",0.0438226893346782
"16399",0.0919332097899187
"16400",0.0364549620251551
"16401",0.0477705553040009
"16402",0.114674934160602
"16403",0.0131111240603694
"16404",0.032215647600263
"16407",0.365258296656441
"16408",0.978680399002561
"16409",0.0196408972241462
"16410",0.0254253558252604
"16411",0.513664521066215
"16412",0.00711020540074691
"16413",0.0169503477749826
"16414",0.0282499546550246
"16416",0.0515364662062182
"16418",0.00786891871395328
"16419",0.0175670453622252
"16420",0.49471671356433
"16421",0.140625
"16423",0.0110356086113662
"16425",0.0950601519248943
"16426",0.0255524384682356
"16428",0.12277108863971
"16430",0.0038525564803805
"16431",0.0193100062619984
"16432",0.00308641975308642
"16434",0.0111618247073639
"16438",0.0546291867776421
"16439",0.0120194889944362
"16440",0.0744493883337091
"16443",0.00768273296271599
"16449",0.0449063480251239
"16450",0.0197994117471408
"16451",0.00302542018265741
"16452",0.00450055860641586
"16453",0.0471245298311825
"16456",0.0682532918798868
"16467",0.0055473506128741
"16468",0.0107178927493065
"16469",0.00409477910530001
"16470",0.272362046778336
"16475",0.0983895349873175
"16476",0.0284258646111126
"16477",0.0476842982090795
"16478",0.00730176170335326
"16480",0.0271913822892888
"16485",0.0122446922870196
"16490",0.0196196693879968
"16491",0.0281939184673647
"16492",0.0448998770055693
"16493",0.0949881269085451
"16494",0.0108677754247911
"16497",0.0140377791951344
"16498",0.0195295519911335
"16499",0.0881488869573426
"16500",0.0309232906296113
"16502",0.0148983112275741
"16504",0.0194272280665791
"16506",0.0424885848277223
"16508",0.0139195231737235
"16510",0.00923340536036498
"16511",0.0275379864289393
"16512",0.0344823176452067
"16513",0.0283404351909666
"16514",0.0315813039944192
"16515",0.0743433297492543
"16517",0.0726241075326717
"16518",0.131629524420495
"16519",0.021961979988413
"16520",0.0757845968744785
"16521",0.406326453878775
"16522",0.0283063100976386
"16523",0.0528714455650665
"16524",0.0474233043919938
"16525",0.0260986895847959
"16526",0.0359475608714891
"16527",0.110478451265859
"16528",0.0811802417696884
"16529",0.19140625
"16530",0.515510035750967
"16531",0.00418173317250499
"16532",0.032582686979174
"16533",0.616556734774846
"16534",0.339656336925308
"16535",0.318759285841226
"16536",0.0103533595204789
"16538",0.0738496045950618
"16539",0.0126805880366125
"16541",0.366438428456474
"16542",0.0307372064335337
"16543",0.203457153981835
"16548",0.0168150602672723
"16549",0.011030372306422
"16551",0.0397686065594606
"16553",0.0163417185221986
"16554",0.0324119480039549
"16558",0.00964907521753007
"16559",0.0260687934027778
"16560",0.00784097830434358
"16561",0.00421105261276624
"16562",0.0170600762305627
"16563",0.00772725823213577
"16564",0.00266246675150008
"16565",0.0296801091653703
"16568",0.00384990091852219
"16569",0.00321500690827931
"16570",0.00364149821640904
"16571",0.0435465694799673
"16573",0.00667936359968364
"16576",0.0481774504023681
"16578",0.101722337006428
"16579",0.00475624256837099
"16580",0.105078812533909
"16581",0.0161960818419641
"16582",0.00853615311909263
"16588",0.0109989344676443
"16589",0.0144541023889567
"16590",0.117728925824119
"16591",0.378638329361373
"16592",0.00688546853779991
"16593",0.00603038019660197
"16594",0.01252816994584
"16596",0.39350657305129
"16597",0.0112509501394106
"16598",0.077222493892747
"16599",0.0101446092127291
"16600",0.038750077500155
"16601",0.015093597520083
"16621",0.442570770612167
"16625",0.452841845604452
"16633",0.292633612416431
"16646",0.00485502917520386
"16647",0.0149025801894134
"16648",0.00626962242469571
"16649",0.00612693811307659
"16650",0.00137476523467907
"16651",0.0136794227283609
"16653",0.00541742703911103
"16656",0.033980423631041
"16658",0.0489972991198071
"16661",0.0273451195932746
"16678",0.0779410213923137
"16681",0.161987558588695
"16706",0.0217133819812713
"16709",0.00430530081514928
"16716",0.112561673625435
"16728",0.0370592547435305
"16763",0.202836645576084
"16764",0.0159539383514706
"16765",0.0467494521548576
"16768",0.0730030267213372
"16772",0.0866309293925523
"16773",0.0121262046485261
"16774",0.0225605245187305
"16775",0.0694831583696697
"16776",0.079867674858223
"16777",0.0240157500158514
"16779",0.0277325555178304
"16780",0.124240920153922
"16782",0.261393687475984
"16783",0.00372204374720369
"16784",0.00970010042685327
"16785",0.00786908308723245
"16790",0.258959083655065
"16792",0.0315814785039987
"16795",0.00805038296510972
"16796",0.01896933902413
"16797",0.250649722638369
"16798",0.00694444444444444
"16800",0.00896772467852905
"16801",0.0234085385708854
"16803",1.12326616653233
"16816",0.0305099357469088
"16818",0.0911146434766326
"16822",0.0700270357036795
"16825",0.00359025710866094
"16826",0.135506952614292
"16828",0.0150672087556786
"16832",0.0120043761132397
"16834",0.0057773313247513
"16835",0.0393554680544443
"16840",0.1391524126414
"16842",0.165497327319971
"16847",0.234580691602361
"16848",0.0198310567216792
"16852",0.025848411159859
"16854",0.135312474904362
"16855",0.259607407677351
"16859",0.0372176918337748
"16865",0.00712512335891675
"16866",0.825731207453076
"16867",0.588427484923737
"16869",0.472781714529277
"16870",0.0136291420561275
"16872",0.34016817868749
"16873",0.521770153438886
"16874",0.0634881269762539
"16876",0.0312953552586677
"16878",0.280557655084979
"16880",0.00956202279025591
"16881",0.0234521153061905
"16882",0.00709895880488909
"16885",0.0233545067028452
"16886",0.00391361680647336
"16889",0.0164212938165777
"16890",0.0182342901744382
"16891",0.366051524992292
"16897",0.0152217911958172
"16898",0.00508505384354277
"16904",0.068109779836972
"16905",0.00678351261101844
"16906",0.025487672715556
"16907",0.0113424578165008
"16909",0.0158203106045167
"16911",0.0190700118876422
"16912",0.303784279721737
"16913",0.0411088747407989
"16918",0.0143496989858929
"16922",0.0119719585728458
"16923",0.0124399678473736
"16924",0.094644469756955
"16939",0.101956915988629
"16948",0.238720445774309
"16949",0.224264282619349
"16950",0.0213514831848347
"16952",0.376127029822161
"16956",0.19406358560568
"16969",0.0176921451304556
"16970",0.0928817175206116
"16971",0.034623875319632
"16973",0.056400423359506
"16974",0.00375489464903152
"16975",0.00866227706667493
"16976",0.0065120419638068
"16977",0.652633767813184
"16978",0.00647393480626781
"16979",0.0298919681819833
"16980",0.0251338488994646
"16981",0.00859236959911473
"16985",0.0470669347888538
"16987",0.00454040808972569
"16988",0.198403707277865
"16993",0.0034054035466553
"16994",0.324041504722479
"16997",0.401803577294037
"16998",0.0528091951948274
"17000",0.0279460183142152
"17001",0.170218931087021
"17005",0.0441558316133376
"17022",0.0569493849174848
"17025",0.00434255617690423
"17035",0.0963024607225376
"17059",0.276991610678227
"17060",0.062409255910331
"17064",0.0393285727734682
"17067",0.0303253489966385
"17069",0.0650791638512776
"17075",0.422205504744946
"17076",0.0290575985479838
"17079",0.0831339117867298
"17082",0.418112951551812
"17083",0.0104568728652978
"17084",0.0239286814094463
"17085",0.235109122965469
"17087",0.142671967691848
"17089",0.012841440423068
"17095",0.152661409762353
"17096",0.0188466239692896
"17101",0.0596458527782799
"17105",0.0732035484556985
"17112",0.0676156478462469
"17113",0.00362683440664947
"17116",0.0407419740718324
"17117",0.00944726818301024
"17118",0.0378421501463015
"17119",0.0122895751130452
"17120",0.0125118290365377
"17121",0.131311026755868
"17122",0.0130513663422209
"17123",0.227716867462426
"17125",0.00940007818150577
"17126",0.00445921923398867
"17127",0.0553980203800109
"17128",0.0053824571578286
"17129",0.0100321284933617
"17130",0.0979100905376536
"17131",0.0251809863318473
"17132",0.0167640638771365
"17133",0.146101958770854
"17134",0.00591715976331361
"17135",0.0325522476413686
"17136",0.122444337158506
"17147",0.396780658498758
"17149",0.011870889961819
"17150",0.0865845710737594
"17151",0.00737594936437514
"17152",0.142929240207823
"17153",0.127092743084849
"17155",0.147565795975348
"17156",0.00396772519857463
"17158",0.0249150057085849
"17159",0.00958936657426697
"17160",0.0122851165379853
"17161",0.00580941403926234
"17164",0.0164351866389611
"17165",0.00420395395551023
"17168",0.00393721276846366
"17169",0.00222403729398074
"17171",0.0247042716906722
"17172",0.103497808157522
"17173",0.393431611844836
"17174",0.032556383492159
"17175",0.115880716822604
"17178",0.380912963432268
"17179",0.00390625
"17180",0.209898968132175
"17181",0.0381865370985747
"17183",0.0180088972358597
"17184",0.0100852874603893
"17187",0.0059406514087018
"17188",0.0078203784351059
"17189",0.560129967317034
"17190",0.00401211407694106
"17191",0.00724793995421188
"17192",0.00969130864197531
"17193",0.0377508968260777
"17196",0.106078943574982
"17199",0.398907423524205
"17202",0.0729048928637333
"17203",0.04
"17207",0.00433458965081937
"17210",0.00375074571024028
"17215",0.0229644876840768
"17216",0.0268031952384682
"17217",0.0108979961857448
"17218",0.0188528551102043
"17219",0.0609822769234518
"17220",0.0171210422669815
"17221",0.0290029329208817
"17222",0.00278635374652781
"17237",0.00592964980683295
"17240",0.294917273683193
"17242",0.0201370048651454
"17245",0.0234233120593598
"17246",0.00466854527391519
"17248",0.00418575139390813
"17250",0.00770712195311447
"17252",0.00731960828633101
"17254",0.00613680762267806
"17256",0.0108204615860101
"17257",0.00834730735191445
"17258",0.00473501410761076
"17259",0.533054132134066
"17260",0.0528442263954615
"17261",0.0279752327994063
"17263",0.0144042053004083
"17268",0.204770869900672
"17274",0.00304327396060286
"17279",0.39956050333198
"17281",0.00952075922152878
"17283",0.00724720773138563
"17285",0.050930446556472
"17289",0.0218675732703504
"17292",0.650919441295361
"17293",0.13263190368435
"17294",0.0264948948331856
"17295",0.19220627525159
"17299",0.0256178802159733
"17300",0.050827484222226
"17304",0.0183567902880631
"17305",0.0771375140063283
"17306",0.0569021267361111
"17308",0.0051562373878482
"17309",0.00789236780703079
"17311",0.059095543647962
"17312",0.427056291054222
"17313",0.0689618531851498
"17314",0.138010579475826
"17318",0.0438139532480019
"17319",0.01008084404567
"17330",0.00516332604252573
"17341",0.27584914913887
"17342",0.0550511721338961
"17344",0.00264965925067596
"17345",0.0623629636809053
"17346",0.00871143829820972
"17347",0.00823224271267103
"17349",1.10376789266497
"17350",0.0115153259531405
"17354",0.00952219673655606
"17355",0.0172299877746349
"17356",0.00230216623562425
"17357",0.0505317431179376
"17364",0.358881539096126
"17380",0.0421129770301212
"17385",0.0506114954985596
"17387",0.0302800597601948
"17388",0.0280332042757344
"17389",0.0376260340291753
"17390",0.142302212161435
"17391",0.00771548575602629
"17395",0.0896206537413876
"17420",0.0103236148903371
"17423",0.0150126357071432
"17425",0.0356986986753111
"17427",0.117499689613761
"17428",0.0307034935892965
"17433",0.188701754318719
"17434",0.0110851337672597
"17436",0.0760021814599362
"17441",0.128024206351424
"17444",0.420025627574582
"17448",0.00365351235952144
"17449",0.00809377282360125
"17450",0.524119190703249
"17454",0.0349375491309285
"17463",0.00740004459087386
"17470",0.0236801300782355
"17472",0.0716055231852648
"17475",0.00881408472933516
"17476",0.030625
"17523",0.369721081834591
"17524",0.00710860579173243
"17527",0.00986906851523804
"17532",0.0113108220079443
"17533",0.0600730488273741
"17534",0.0466071432544742
"17535",0.00322882254142153
"17536",0.219640756950686
"17537",0.0100759010560147
"17540",0.193452838878917
"17681",0.0950624338112263
"17684",0.0316666190468015
"17685",0.00361537990315221
"17686",0.00366476883976491
"17687",0.262956646719438
"17688",0.00374885507240084
"17690",0.0253252893060382
"17691",0.0692520775623269
"17692",0.00548845211610457
"17698",0.0212954758031459
"17700",0.231667672986354
"17701",0.277008310249307
"17702",0.326205786985471
"17713",0.00561843959624277
"17714",0.00589244242893991
"17748",0.0249812917471199
"17749",0.0388851381630109
"17750",0.0364057924044527
"17751",0.0125989171178676
"17754",0.0301517295919412
"17758",0.00617962694972411
"17760",0.0173232554968727
"17761",0.0048539613912378
"17762",0.00367496598431139
"17763",0.0425427298976749
"17764",0.00298227500728578
"17765",0.0112301461627453
"17766",0.0486577099684812
"17768",0.0393737865763989
"17769",0.0120840700100519
"17771",0.45610207931304
"17772",0.0213812531215628
"17775",0.00540949331701516
"17776",0.0154333493430338
"17777",0.0132693855834795
"17826",0.0123404450202424
"17827",0.00925919986445561
"17828",0.00872521719628621
"17829",0.207817182313367
"17846",0.0139393696677214
"17847",0.00910106760314008
"17850",0.00412456682802028
"17855",0.00913851789727665
"17857",0.307782199699278
"17858",0.134202529163807
"17859",0.0227506944444444
"17863",0.649617720893998
"17864",0.0592696771311184
"17865",0.128933677196225
"17868",0.39484965658295
"17869",0.0423196851937501
"17872",0.0138567770242866
"17873",0.0566893424036281
"17874",0.0339216362380801
"17876",0.00909062796284821
"17879",0.352232440150946
"17880",0.087397636809774
"17882",0.24389820413307
"17883",0.0811227437609836
"17884",0.15190499385788
"17885",0.0664186297914508
"17886",0.0106330438836947
"17888",0.284037995969872
"17896",0.0123456790123457
"17901",0.312443072233343
"17904",0.00505379483839087
"17906",0.4489
"17907",0.195564622907987
"17909",0.0165501058897199
"17910",0.319809750297265
"17912",0.0470314994919437
"17913",0.0145822492039291
"17916",0.0339133749367516
"17918",0.00607085218368905
"17919",0.0468829750716483
"17920",0.0116211458176148
"17921",0.0563991166652687
"17925",0.00754596344550493
"17926",0.178913817367251
"17928",0.307191545086542
"17929",0.0623621374633883
"17930",0.494853756143466
"17931",0.0029052864544037
"17932",0.011376844273971
"17933",0.0111833134810969
"17936",0.0115170631767898
"17937",0.00959973297794891
"17938",0.0047517523703032
"17939",0.0143815266215294
"17940",0.241340745970166
"17948",0.049172605010714
"17951",0.133797553655025
"17952",0.127413350671395
"17954",0.00970304345695818
"17955",0.00244424909155712
"17957",0.00830091801054766
"17960",0.0448094099476625
"17961",0.134359379237005
"17965",0.0556887545437288
"17966",0.00268748892013575
"17967",0.0108062569535402
"17968",0.0129763640225913
"17969",0.0260251270898339
"17970",0.0259646078450068
"17972",0.177854899296841
"17973",0.0132279711744189
"17974",0.00707314768172985
"17975",0.0224555116272927
"17977",0.00679783423573511
"17978",0.00704979481572189
"17979",0.0098540575282682
"17984",0.0309543717608074
"17986",0.0219478737997256
"17988",0.0738156601374856
"17991",0.0125895055510512
"17992",0.0104315459928121
"17993",0.0063806011730655
"17995",0.00604861897742488
"17996",0.0664775690358859
"17997",0.0316104660609591
"17999",0.00347086715381195
"18000",0.010572039031809
"18002",0.0068432808013145
"18003",0.012352292473597
"18004",0.00611815305938468
"18005",0.071261319365929
"18007",0.00551510670354334
"18008",0.0206091967525342
"18010",0.0114573210866535
"18011",0.0285864044906278
"18012",0.0378825952915793
"18013",0.0250743224800304
"18014",0.272367173545082
"18015",0.00837284804989534
"18016",0.00673920130315712
"18018",0.067368351657268
"18019",0.0748082101671464
"18020",0.0321984452790637
"18021",0.0119985740969836
"18022",0.283805088960753
"18023",0.00901599499696564
"18024",0.0200506222931471
"18025",0.0466297179880183
"18027",0.0258022836541494
"18028",0.0151385489877063
"18029",0.0302372643959889
"18030",0.0249150410411627
"18032",0.026580747838951
"18033",0.00574531745133545
"18034",0.0598348839275233
"18035",0.0200150407145385
"18036",0.0104900318688902
"18037",0.0494984341492577
"18038",0.0194951631888398
"18039",0.00813949763942425
"18040",0.0232119151940209
"18041",0.00229874272846688
"18044",0.0252534325285884
"18045",0.012150810628827
"18046",0.0086791584150179
"18049",0.0444579714931605
"18053",0.0945139811948138
"18071",0.344648674259502
"18072",0.0822554046741735
"18073",0.0556480521617135
"18074",0.130349131388092
"18080",0.00847604062072029
"18081",0.021630552838325
"18082",0.00561220864541229
"18087",0.00444444444444444
"18088",0.0894029867220009
"18095",0.352642247180781
"18099",0.0101057699907266
"18100",0.00980835488686524
"18101",0.132772623416531
"18102",0.00955806622764583
"18103",0.00726615258111092
"18104",0.0779176252352303
"18105",0.0218688040372033
"18106",0.52765696
"18107",0.00470357655268155
"18108",0.00672918893664106
"18109",0.0383984321810993
"18111",0.248087148365059
"18113",0.497437664309698
"18114",0.00218673981677967
"18115",0.00792850797046991
"18117",0.0026718687454707
"18119",0.186298650011166
"18120",0.00612960828763567
"18121",0.0280348650577839
"18124",0.12147839142969
"18125",0.0371836042122497
"18126",0.320774795902955
"18127",0.0394322760364627
"18128",0.0420642911335835
"18129",0.0238120850222351
"18130",0.00881870387013351
"18131",0.0528159265391547
"18132",0.032347523291105
"18133",0.710458462297605
"18139",0.0105845449600042
"18140",0.0697005517984542
"18141",0.00461057765584515
"18142",0.0760019605084287
"18143",0.0607146099824369
"18145",0.0128639664863471
"18146",0.0120689498746194
"18148",0.00669478903087775
"18150",0.0309221356683291
"18155",0.0548138713370965
"18159",0.105285392129575
"18160",0.177945215935541
"18162",0.192388978014882
"18163",0.0230302442609397
"18164",0.0229596692936523
"18166",0.0520545853088954
"18167",0.063843077675546
"18168",0.0341158742451541
"18173",0.0606819695066514
"18174",0.00811045388610468
"18175",0.322377845531578
"18176",0.00406314439073573
"18181",0.00436928771425804
"18183",0.00930961298648863
"18185",0.346598732386138
"18186",0.0147014687404835
"18187",0.016856933549037
"18188",0.175518911198682
"18189",0.00483461310630897
"18190",0.0266292272037
"18191",0.0170193348213432
"18193",0.00765716415181555
"18194",0.0184698152753679
"18196",0.0121749590643181
"18197",0.00604938271604938
"18198",0.771983189634628
"18201",0.00635506157840269
"18203",0.00578699416650554
"18205",0.113913913616636
"18207",0.0534887375886163
"18208",0.0244861486940388
"18209",0.0237284460769309
"18212",0.00641948742846093
"18213",0.0134373604007558
"18214",0.101662795924857
"18216",0.133715138915354
"18217",0.0148374357824732
"18218",0.0134425540852762
"18220",0.0150214785269569
"18221",0.00489643830649599
"18222",0.010425107978379
"18223",0.0182183800038521
"18226",0.00921555452974521
"18227",0.233268185215044
"18230",0.0580903521085219
"18231",0.0171344809667207
"18232",0.193817241734278
"18242",0.00456537618699781
"18245",0.00380618553903863
"18247",0.00585150523927337
"18256",0.407192668737878
"18260",0.0371087597926308
"18263",0.00877373853377442
"18286",0.0111204760848825
"18292",0.116545100571045
"18293",0.00883921396741909
"18294",0.0208163164278112
"18295",0.0797614796236162
"18301",0.065449804958034
"18302",0.504536758149306
"18330",0.2072525625
"18332",0.461842461139772
"18345",0.266773954623185
"18362",0.272451721053653
"18377",0.00730478573539824
"18378",0.288603091947883
"18383",0.293402777777778
"18386",0.0307935003698225
"18387",0.245557005915403
"18389",0.0161286875783887
"18390",0.0868780077422623
"18391",0.00826446280991736
"18392",0.040064516118551
"18393",0.00641114496959175
"18399",0.143801574084199
"18400",0.351507665018454
"18408",0.00846473314998774
"18412",0.0026579003056351
"18413",0.327543802675749
"18414",0.0342169153062445
"18415",0.0136308588214074
"18416",0.467079233920381
"18417",0.144189106969117
"18423",0.277715114070724
"18424",2.78249587081785
"18426",0.298655585403034
"18430",0.191468898309866
"18431",1.05889182916597
"18432",0.00436011882413367
"18436",0.117142120252266
"18438",0.0150751539176142
"18439",0.0246230588251522
"18440",0.0289606476677813
"18441",0.056775594718893
"18442",0.356701588066178
"18451",0.00825860771778093
"18452",0.0409276734647145
"18453",0.00222886760146235
"18457",0.00753520447530864
"18458",0.0109562243124678
"18472",0.00349905132785053
"18475",0.00274105005306491
"18476",0.0173728503427635
"18477",0.00611609123825049
"18478",0.314486722498199
"18479",0.0114525201539447
"18481",0.010266063769916
"18483",0.0220231021037927
"18484",0.0177826863931414
"18488",0.0342093839766428
"18491",0.0645058441612737
"18507",0.347373589176955
"18508",0.0236560963868504
"18514",0.00700453146553068
"18515",0.00464497238180068
"18516",0.156437350302236
"18518",0.0062203266723356
"18519",0.0231412980598078
"18521",0.00830774917198089
"18526",0.0195605453480936
"18530",0.0449628845744071
"18536",0.00798113097858134
"18537",0.00730691611835724
"18538",0.00512388951369754
"18541",0.0189212638965695
"18542",0.2238600861137
"18545",0.46296099479222
"18546",0.0595641731114577
"18548",0.0559131941596617
"18549",0.00684922027940131
"18550",0.0230681906455838
"18551",0.166373463548962
"18552",0.0264413374726006
"18553",0.0143306674806616
"18554",0.00443636940591702
"18555",0.0133136094674556
"18557",0.0624068670190193
"18559",0.127524749666169
"18563",0.0121231896132042
"18566",0.438109716399966
"18567",0.0118433739582076
"18569",0.00687021254081837
"18570",0.00523437126839213
"18571",0.00570016671803921
"18572",0.00409076609520081
"18573",0.107799750888274
"18574",0.0527340212844514
"18575",0.0335528637001737
"18576",0.00832424173130958
"18577",0.0270692294812644
"18578",0.00589289421674337
"18582",0.00739815464542083
"18583",0.0116417957014
"18584",0.0720868953985763
"18585",0.0259647522820005
"18587",0.516407113809711
"18588",0.37685037525156
"18590",0.00516633944134493
"18591",0.00577666017087125
"18595",0.00793768773551737
"18596",0.027694548527835
"18597",0.00923470188277611
"18600",0.0430838362168107
"18604",0.0258645977255819
"18605",0.0621991580780955
"18606",0.708834467455621
"18607",0.00241572613266951
"18610",0.0834451920565391
"18611",0.0045987540029802
"18612",0.0256336068227692
"18613",0.0298100692327785
"18616",0.00924633020944198
"18618",0.0960467677172096
"18619",0.105866146799262
"18624",0.010634765625
"18626",0.0265187464075823
"18627",0.0388519843003448
"18628",0.032363201348738
"18631",0.014637753966178
"18632",0.00821808978176084
"18633",0.00936524453694069
"18634",0.0105740477038092
"18636",0.0413433521425893
"18637",0.0106759210151368
"18639",0.20565170362358
"18640",0.00261808125970937
"18641",0.0175020717729254
"18642",0.00367444411632757
"18643",0.00665263822841043
"18645",0.0037132567586416
"18646",0.425983201917828
"18647",0.00402485093901659
"18648",0.0110594809254138
"18654",0.107144340257755
"18655",0.0129652060116345
"18667",0.0158221589335865
"18669",0.0431699734045874
"18670",0.00982942981255359
"18671",0.0237877843707591
"18673",0.0096504641232417
"18674",0.00394195468345332
"18675",0.130956014773664
"18676",0.0193877095613003
"18679",0.00894813732651571
"18682",0.018244199366591
"18685",0.00313851030608322
"18689",0.126298574322151
"18693",0.00583058946310707
"18700",0.0369675890228774
"18701",0.0215407641627024
"18704",0.0138625671256306
"18705",0.353010515223703
"18706",0.00494802584973037
"18707",0.0250547042157791
"18708",0.0197725639337572
"18709",0.0126372249081626
"18710",0.00597989925601823
"18711",0.00198680968691785
"18712",0.106139715205244
"18715",0.0105160031492686
"18717",0.0249333962557697
"18718",0.00920983933478241
"18719",0.0184799910720768
"18720",0.00941648109160287
"18733",0.377128492966719
"18738",0.00479106005325604
"18739",0.0171126407497516
"18744",0.00580590258170536
"18746",0.00677284903711947
"18747",0.00570101827540587
"18749",0.0159556786703601
"18750",0.0634012952641269
"18751",0.0356272510064436
"18752",0.0648717069930465
"18753",0.349785921359552
"18754",0.00750962398324046
"18755",0.07771102403328
"18759",0.00320214210077017
"18760",0.0668056039223983
"18761",0.0277777777777778
"18762",0.0031352161469755
"18763",0.0149145020334094
"18764",0.00391061330599894
"18766",0.0568750648271477
"18767",0.0281563841328879
"18768",0.022253063503459
"18769",0.0475578819074244
"18770",0.407559654479761
"18771",0.011743974062894
"18772",0.603687365670754
"18777",0.0103812561852317
"18779",0.0584368884961718
"18781",0.391103811844921
"18782",0.234258635814086
"18783",0.0775101897029744
"18784",1.25014589104881
"18786",0.00410487059837709
"18787",0.233729590181661
"18789",0.0053287708030924
"18791",0.0118783773563548
"18792",0.114287998120497
"18793",0.296725447034745
"18795",0.00293017102133911
"18796",0.109086768862766
"18797",0.0176055969250427
"18798",0.0986047455111743
"18799",0.0232144682158797
"18802",0.017271384248256
"18803",0.00450763154996832
"18805",0.0224649873618485
"18806",0.0116842143761915
"18807",0.00953269389123809
"18810",0.0280796448290859
"18813",0.00299131239697447
"18816",0.214761391542413
"18817",0.121748808801327
"18821",0.0304306951378786
"18822",0.0162152500968132
"18823",0.126092556619839
"18824",0.0407048322560788
"18826",0.0266180831261214
"18828",0.205193999336938
"18829",0.649759750145506
"18830",0.0697626230096992
"18844",0.122481925266535
"18845",0.0112591888007775
"18846",0.0233826525957644
"18854",0.0212020284907726
"18858",0.0255305213483244
"18861",0.00326028595427034
"18933",0.0323089248517866
"18938",0.0140799864409588
"18947",0.449718056044503
"18948",0.321256008671955
"18949",0.0072896962549226
"18950",0.00953753518025755
"18951",0.0142184619678175
"18952",0.0671393834539696
"18968",0.0120639613007256
"18969",0.0232392114702068
"18970",0.0134412152188061
"18971",0.0385268307513716
"18972",0.0113526499320998
"18973",0.0427490558442108
"18974",0.280339754197438
"18975",0.00657719306301125
"18976",0.115706745886657
"18983",0.00558294407271809
"18984",0.00961279327116871
"18985",0.391973143950654
"18986",0.0196298952456434
"18987",0.0537763771748016
"18988",0.352768609744036
"18991",0.490972704475309
"18992",0.0388406414832969
"18993",0.0479861809324867
"18994",0.0220381777776115
"19009",0.0264863726691155
"19011",0.307898300702654
"19012",0.0129644152534065
"19013",0.027197795405146
"19014",0.00288457260234247
"19015",0.0500587207257175
"19016",0.0427016886269873
"19017",0.00749843622530738
"19018",0.0143376987168585
"19023",0.280585236741496
"19024",0.0701729601142323
"19025",0.00490777753914444
"19027",0.0126191076869336
"19035",0.00548900461966987
"19038",0.0844360899349491
"19039",0.0600852780601435
"19041",0.118641975308642
"19042",0.00285692668557155
"19043",0.00211221088956477
"19044",0.00872874183130756
"19045",0.00231719926038854
"19046",0.00993680900496715
"19047",0.00634709772826245
"19049",0.0730732571828318
"19051",0.505465848047343
"19052",0.00393188269430751
"19053",0.00368986258000862
"19054",0.0153114309043034
"19055",0.0153547242670364
"19056",0.0098249138498953
"19057",0.00470558895978332
"19058",0.0062567139227507
"19059",0.16827299934654
"19060",0.00567728476931934
"19062",0.00280960279431766
"19063",0.00393233048630734
"19069",0.00391506274395661
"19070",0.00806644229397096
"19072",0.00496325259625493
"19073",0.0410180045735942
"19075",0.0204512866833224
"19076",0.0142174344923807
"19079",0.0099836266912434
"19082",0.00429966718552472
"19084",0.00160171950551807
"19085",0.0160154222415616
"19087",0.00616022714520878
"19088",0.0124402543941587
"19089",0.00747901592960052
"19090",0.00580964332278912
"19091",0.0161671808257407
"19092",0.0694569147516319
"19094",0.0579090158235687
"19099",0.0189624960679825
"19106",0.0343003038436632
"19108",0.0113713640198214
"19116",1.43459831673196
"19122",0.00300776171954955
"19124",0.241767508469407
"19125",0.0219178957893964
"19126",0.0220543625251881
"19128",0.0110432020286697
"19130",0.13560927473753
"19132",0.297520661157025
"19133",0.278863064428494
"19134",0.00686807522844985
"19139",0.0174906449003466
"19141",0.00725934565344165
"19142",0.0758448080515265
"19143",0.300236210011691
"19144",1.18708684306057
"19152",0.137570954963785
"19153",0.0985932676041377
"19155",0.00289028793386979
"19157",0.0148805392082893
"19158",0.00386847826370638
"19159",0.0033581422253819
"19164",0.00445681589133416
"19165",0.0185837011540628
"19166",0.00750727787690849
"19167",0.00565599963774194
"19170",0.00519576020657894
"19171",0.0201826604292165
"19172",0.00860039133235419
"19173",0.0143012009777872
"19175",0.00569325739890842
"19177",0.00613224547408762
"19179",0.00503864016543765
"19181",0.00455937646982895
"19182",0.00532174488549434
"19183",0.065353276514234
"19184",0.00394726021764754
"19185",0.00468985147390574
"19186",0.0239411142464597
"19188",0.019951514631654
"19192",0.00343089637121996
"19193",0.127761681659124
"19197",0.441750598061451
"19200",0.0745117649898043
"19201",0.0215888896354285
"19204",0.0361772690255504
"19205",0.00956765752025019
"19206",0.0143233024
"19207",0.209052873011533
"19208",0.333551099177954
"19210",0.00357406529772917
"19211",0.00418191555293059
"19212",0.112287326398763
"19214",0.61234954575659
"19215",0.0829810761884724
"19216",0.0602415591458991
"19217",0.193801112993789
"19218",0.0843984094447014
"19219",0.0554841364318001
"19220",0.183044249100645
"19221",0.0491556693797011
"19222",0.264109230694275
"19223",0.416459429538589
"19224",0.00985910353441153
"19225",0.0729265668863043
"19227",0.221421165750098
"19228",0.049433578668758
"19229",0.00792238527456888
"19230",0.00539966724167849
"19231",0.0171546521915712
"19240",0.0745704688197592
"19241",0.00823636037808755
"19242",0.0152382783770577
"19243",0.00870515784895035
"19244",0.00264476072318397
"19245",0.014310130955991
"19246",0.0104784857833492
"19247",0.00376177777777778
"19248",0.00797419887579668
"19249",0.0160528670263002
"19250",0.137374614346278
"19252",0.134290749750581
"19253",0.113027732619338
"19255",0.00646066316807225
"19256",0.351034737087387
"19258",0.0368527320615039
"19259",0.0225814847680924
"19260",0.107830328482633
"19261",0.00778891164391433
"19262",0.0028527197473996
"19263",0.0377866442204431
"19264",0.0378587627916743
"19265",0.241469825868555
"19266",0.0200369132845779
"19267",0.0109443786982249
"19268",0.031222017413504
"19270",0.0321189126832325
"19271",0.011198370699466
"19272",0.0112712134528094
"19273",0.168731360946746
"19274",0.0215544693487619
"19275",0.0210498409754665
"19276",0.0218919200333195
"19277",0.0447485207100592
"19279",0.00898876445851993
"19280",0.0155092902684785
"19281",0.0394858749976531
"19283",0.0190209828550462
"19285",0.0376892952748094
"19286",0.0175554046252344
"19288",0.32471362797124
"19289",0.0791453730767491
"19290",0.00908176237909215
"19291",0.010643791926901
"19293",0.0646393583023458
"19294",0.0320970154739871
"19296",0.00801939330269166
"19298",0.00208284730831931
"19299",0.00261426747571863
"19300",0.0113063174650025
"19301",0.043622816856273
"19302",0.00919142381353833
"19303",0.0252561808156327
"19305",0.00491052508393793
"19309",0.0689416001340858
"19317",0.0212936486622506
"19324",0.00275707294543096
"19325",0.0040495867768595
"19326",0.00687577950936676
"19328",0.00852494027385594
"19330",0.0044644177241995
"19331",0.542419044370809
"19332",0.457417395564445
"19334",0.00797236152743713
"19335",0.0073282115216291
"19336",0.00476072159115834
"19337",0.0102976220677001
"19338",0.00472430059606174
"19339",0.0062975892385627
"19340",0.0117243837962189
"19341",0.00968171809316823
"19342",0.0197137370674234
"19344",0.0029852051071643
"19345",0.00244705849140275
"19346",0.00691458232274406
"19347",0.00707761773788174
"19348",0.156624435600967
"19349",0.00296749383033808
"19352",0.00680931546045432
"19353",0.00227675228905663
"19354",0.0804713559517301
"19355",0.0132944174787401
"19356",0.0102962802768166
"19357",0.00623835087666365
"19358",0.00401999738404407
"19359",0.00313110573621189
"19360",0.00728022458036786
"19361",0.193400151232807
"19362",0.0604461649525783
"19363",0.322039598943767
"19364",0.0054022095339352
"19365",0.00754684634993515
"19366",0.0562025399660966
"19367",0.0175854995290145
"19373",0.138453217955652
"19376",0.0148394482664421
"19377",0.0165111816121426
"19378",0.185745257865742
"19383",0.00868530263155642
"19384",0.00440529611542819
"19385",0.00741988775728887
"19386",0.0110363317006979
"19387",0.0165802393653443
"19395",0.031831167133765
"19400",0.241017286652876
"19401",0.05168633026466
"19411",0.0229676935127387
"19414",0.00424307484567901
"19415",0.0374750334813405
"19416",0.0886200351147401
"19417",0.00650690151121522
"19418",0.0287392084882156
"19419",0.0401560104383938
"19428",0.295263875413568
"19645",0.0100599698805981
"19646",0.00350192548191552
"19647",0.00498982865877843
"19649",0.179026192899048
"19650",0.0447372369628406
"19651",0.0049966246418469
"19652",0.0372266883227378
"19653",0.00931845474442459
"19654",0.00414125379367749
"19655",0.00753997492739362
"19656",0.00676513537379341
"19659",0.134360249406263
"19661",0.403908724882152
"19662",0.17532577834939
"19663",0.0411891093050134
"19664",0.00852494027385594
"19668",0.190357842286243
"19671",0.00700980356141369
"19672",0.0667005327504952
"19674",0.461594531737032
"19679",0.0699394388850585
"19682",0.208016823791441
"19683",0.364522000653661
"19684",0.00488495779858943
"19687",0.00274076508937955
"19691",0.0042837712426749
"19696",0.049304563395277
"19697",0.014857086825474
"19698",0.084539495916857
"19699",0.0567979727718703
"19700",0.382348738192012
"19703",0.0733956603863431
"19704",0.0109495508354822
"19707",0.00263196202126053
"19708",0.00650123127428084
"19711",0.0979151133722205
"19712",0.0149916747548857
"19713",0.0569297997210791
"19714",0.00746081714171165
"19716",0.0154905093865942
"19718",0.00656515450361604
"19719",0.0166375260495017
"19720",0.0118001856595782
"19724",0.0166240135937696
"19725",0.0606591587493066
"19726",0.0974781445099312
"19727",0.0155481873346609
"19729",0.0178769562619781
"19730",0.0190263706356478
"19731",0.00579096926436476
"19732",0.0112646900330085
"19733",0.280590676401443
"19734",0.14500886892363
"19735",0.00903285294720306
"19736",0.041415298466768
"19737",0.0209471311819477
"19739",0.0551356790313358
"19744",0.00600079349335449
"19752",0.254618840005285
"19762",0.0137240015622974
"19763",0.012189099864281
"19765",0.00341264518677304
"19766",0.0092348530465571
"19769",0.00806843736884524
"19771",0.0443240952720517
"19773",0.414517302214965
"19775",0.0174454162368628
"19777",0.00571937124248337
"19784",0.332050682216833
"19819",0.013900625733618
"19820",0.00440252694214941
"19821",0.0100717057757679
"19822",0.00163411449032516
"19823",0.00793686579472365
"19824",0.322078344372254
"19826",0.00522131123378902
"19842",1.27556096638563
"19848",0.0548670552730439
"19850",0.059024397058669
"19858",0.052602803806027
"19859",0.052602803806027
"19860",0.052602803806027
"19861",0.135036769306252
"19872",0.171291973904224
"19874",0.235141808567725
"19876",0.0510179726085001
"19877",0.0078819750148721
"19878",0.00393532267210181
"19879",0.0573613674237935
"19881",0.025556093358712
"19882",0.291486127112283
"19883",0.0677231937175706
"19885",0.105904627241748
"19888",0.549134140727925
"19889",0.0113887282380716
"19891",0.0148046334536229
"19892",0.434371455690119
"19893",0.00537547375647774
"19894",0.0496194288240887
"19895",0.0132262878253029
"19896",0.00450527171804051
"19899",0.00503739047687446
"19921",0.0053528447959008
"19933",0.0042883787755102
"19934",0.0060391598489004
"19935",0.0123831753582998
"19941",0.00668509572866228
"19942",0.00606842319221716
"19943",0.00750306995428415
"19944",0.00540752671722275
"19946",0.00827107173633058
"19951",0.00757923875432526
"19981",0.00620544029418384
"19982",0.00818347223783726
"19988",0.00406307943745446
"19989",0.00624340820413162
"20005",0.00839111939863644
"20014",0.0035598595651315
"20016",0.00780128320750341
"20017",0.010053191395551
"20018",0.0123456790123457
"20019",0.00513415934461642
"20020",0.0254448824171887
"20021",0.0029218407596786
"20022",0.00677121814212391
"20024",0.00697670662840962
"20042",0.00768084837773008
"20044",0.00754740007927195
"20054",0.00941531828724137
"20055",0.00703207063714955
"20068",0.00597538484700214
"20084",0.00499864653259079
"20085",0.0067108430167023
"20088",0.00727965176845739
"20090",0.0103088064631256
"20091",0.00786380701640333
"20102",0.00560256732044892
"20103",0.00837030330466274
"20104",0.00876536956266833
"20111",0.0219284369911668
"20112",0.0149782711868678
"20115",0.00626095767744368
"20116",0.00655497512556919
"20128",0.05089536
"20130",0.0310385469824466
"20132",0.852166212040823
"20133",0.0102259815679838
"20135",0.112221484812417
"20147",0.0961796170540964
"20148",0.0179129065050063
"20163",0.0096400259815973
"20166",0.0231931229587127
"20167",0.00676390951174775
"20168",0.00226900456766412
"20170",0.0238281981917695
"20174",0.00695704207350102
"20181",0.0235111111111111
"20182",0.00309659084440837
"20183",0.205802971685054
"20184",0.00724477362935716
"20185",0.00515199503663353
"20186",0.404498758725108
"20187",0.00918914526939466
"20190",0.0734106342221889
"20191",0.0100715988167607
"20192",0.0170681581685744
"20193",0.0142980679474664
"20194",0.0730208762268153
"20195",0.161987150802934
"20196",0.018385521401896
"20197",0.27107825730606
"20198",0.105445552471655
"20200",0.0217613599997867
"20203",0.0244704423805176
"20204",0.510873421123354
"20215",0.0372036828307646
"20218",0.0201362840264068
"20220",0.00734095659088602
"20222",0.0191606081670682
"20224",0.00320791203527675
"20226",0.00381137498578385
"20227",0.00589140831457327
"20229",0.0105561636319765
"20230",0.0449495655881852
"20238",0.0135822981666842
"20239",0.0141417092768444
"20249",0.0262219137396694
"20250",0.0101607097729945
"20254",0.0199359502528105
"20255",0.0109863653508174
"20256",0.0152533463145666
"20257",0.0589629930633456
"20259",1.11396802418972
"20262",0.017494220072075
"20265",0.0226773934547642
"20266",0.0269962480281992
"20269",0.031167428303453
"20271",0.308659865263589
"20272",0.804388068792062
"20273",0.0143854120148427
"20274",0.160259687520679
"20276",0.11308815314858
"20277",0.57901702527514
"20278",0.626138434643874
"20280",0.00358300347388902
"20284",0.0146386637493876
"20286",0.0174544391432984
"20288",0.530437639972117
"20289",0.0790384771741136
"20293",0.330246892966553
"20295",0.149166888219629
"20299",0.341892821552041
"20300",0.0281995458334146
"20301",0.0168357502278715
"20302",0.329633158661747
"20305",0.160963127998415
"20308",0.351676581936182
"20311",0.410084074885381
"20312",0.00851689589347211
"20315",0.0298311258105544
"20316",0.00731079153008482
"20317",0.0308798649459108
"20318",0.00158992688365663
"20319",0.190292516973073
"20320",0.00228292102085538
"20321",0.131422198812074
"20322",0.0144841488348041
"20324",0.0402555223740621
"20333",0.0043041345580829
"20334",0.00673633031553801
"20335",0.0101199880186438
"20336",0.00251537669363634
"20338",0.00809229122099333
"20340",0.00505085865383783
"20341",0.0214548575778231
"20342",0.411846370496333
"20345",0.0265822467359135
"20346",0.177214038311576
"20347",0.156842507472731
"20348",0.0273009149161052
"20349",0.136187530704003
"20350",0.200557232405419
"20351",0.0330069734461459
"20352",0.0203523193640838
"20353",0.0223789747563757
"20354",0.0101134389488955
"20355",0.0150854458061665
"20356",0.0801786654295684
"20357",0.0348001286737416
"20358",0.0380934518313327
"20359",0.0145049098863003
"20360",0.023615954285941
"20361",0.042370567298454
"20362",0.00886951116532182
"20363",0.0189805134309818
"20364",0.0311961368097612
"20365",0.0378630820574967
"20370",0.0574362295103877
"20371",0.16721198876336
"20375",0.0831977106518862
"20377",0.0941916038997665
"20378",0.101087085163707
"20379",0.108254973113851
"20382",0.00547210293991472
"20383",0.00872772743754322
"20384",0.0051378794319256
"20389",0.203655489809336
"20391",0.39485938641344
"20392",0.00557857489375337
"20393",0.0548992660032631
"20394",0.0238179676359353
"20397",0.00432713288410983
"20399",0.00622959345194104
"20400",0.282870273753576
"20401",0.0333698632080323
"20402",0.00580924373888964
"20403",0.00466510594899286
"20404",0.0669069658292957
"20405",0.0153026505021715
"20408",0.0178163107348575
"20409",0.0559141731916049
"20410",0.0500985792104162
"20411",0.0112194850433084
"20416",0.0212527423468063
"20418",0.0257919884191675
"20419",0.108264284819744
"20420",0.022048722063358
"20422",0.0099423355358534
"20423",0.168707601394558
"20425",0.0543159620244519
"20429",1.62091862908392
"20430",0.00342801612777022
"20431",0.166138245961607
"20437",0.0067497087375441
"20438",0.0211570247933884
"20439",0.0195238160338848
"20440",0.0280998362791941
"20441",0.00736984426052716
"20442",0.118597165014891
"20443",0.0129719172337728
"20444",0.0113047581011638
"20446",0.117139575655706
"20447",0.0371635927413604
"20448",0.0105826612765783
"20449",0.0171390273506743
"20450",0.268377332758702
"20451",0.00829235971096179
"20452",0.0436128332618359
"20454",0.00484235625281321
"20460",0.283748625168504
"20462",0.0090702947845805
"20463",0.00511911305073138
"20465",0.150895754620411
"20466",0.00460534802047308
"20467",0.00671977748715209
"20469",0.023015170951127
"20474",0.0467494521548576
"20475",0.0981238397074662
"20479",0.00277008310249308
"20480",0.00769717578847549
"20481",0.0250459583552241
"20482",0.0177201045707539
"20491",0.0990064829071973
"20492",0.0176304855551576
"20493",0.0954815323004835
"20496",0.0495843190896535
"20497",0.305351516052319
"20498",0.043228136211484
"20499",0.0473296965912705
"20501",0.0144167101813621
"20502",0.0236138399844964
"20503",0.026343619508241
"20509",0.013790497790696
"20510",0.00363823357985755
"20512",0.0143816902066558
"20513",0.0117933703241129
"20514",0.121010459486504
"20515",0.0176558036762805
"20516",0.0061860876152001
"20518",0.495690317583131
"20519",0.33852433642974
"20520",0.011413395385546
"20521",0.471297964297412
"20522",0.107449274833198
"20523",0.01
"20524",0.00797367158593322
"20525",0.0238401368616748
"20526",0.369154458873813
"20527",0.0133462386294898
"20528",0.156958061933122
"20529",0.0643817921953003
"20530",0.0122411402695499
"20532",0.479183270253947
"20533",0.522251319360039
"20534",0.00209736665685931
"20535",0.172096211670045
"20536",0.0129665692222263
"20537",0.443970049275108
"20539",0.0108476981088231
"20540",0.0580499982900722
"20541",0.0207391774266764
"20544",0.0253862908689164
"20556",0.407429690021058
"20557",0.405471662341832
"20562",0.0189300959331796
"20563",0.104799360307596
"20564",0.0211861105221019
"20568",0.332044114222781
"20583",0.416775543914409
"20585",0.00827603363497599
"20586",0.00738814685093356
"20587",0.00535395597858418
"20588",0.00515975059737038
"20589",0.0108690963650678
"20591",0.00385787585355503
"20592",0.0128745358540803
"20595",0.0184690386062851
"20597",0.00510683934962951
"20598",0.0116873630387144
"20602",0.0386808921186407
"20603",0.0270910116668908
"20604",0.0931529074700503
"20605",0.0917073680113536
"20606",0.0643811444142009
"20607",0.0800271017596074
"20608",0.0435463766136193
"20609",0.527211690972826
"20610",0.00284667669426591
"20612",0.439293544817946
"20613",0.352059067722196
"20614",0.0116846167864678
"20615",0.00462309788811608
"20616",0.0134941640082567
"20617",0.0285705797505286
"20618",0.0841803103011283
"20619",0.0200163356458267
"20620",0.0117289943629128
"20621",0.0226441386367601
"20623",0.00509556500449837
"20624",0.00348755938149168
"20630",0.00621559943009911
"20637",0.00609433395555873
"20638",0.00784497317447006
"20639",0.0111253286374352
"20641",0.00616140594288357
"20643",0.0118018209108341
"20646",0.010475164255389
"20648",0.0173576583612481
"20649",0.0749859448301745
"20650",0.0141198940710258
"20652",0.00535817086208843
"20655",0.00482322502819882
"20656",0.00323128232506743
"20657",0.0704729319649471
"20658",0.00287830243906926
"20660",0.0173439492984694
"20661",0.0033317462344083
"20662",0.00799384471098579
"20663",0.00442687906545705
"20664",0.0308921261061385
"20665",0.0438617830149476
"20666",0.0545538621581566
"20667",0.0154741908168319
"20668",0.0690438454881889
"20670",0.464792275383492
"20671",0.0704139475638247
"20672",0.053282363636448
"20674",0.0251482163177271
"20675",0.103455707730999
"20677",0.0248757839532872
"20678",0.0522448979591837
"20679",0.021712105031315
"20680",0.332381857647715
"20681",0.0276709481714912
"20682",0.0224183400413126
"20683",0.0118658539479279
"20684",0.0500122515524541
"20686",0.0628593667727387
"20687",0.00451691997480879
"20688",0.0137394079987121
"20689",0.0511996335385537
"20692",0.0287553145148556
"20698",0.115357671698416
"20708",0.151128938731834
"20713",0.0194815911418685
"20715",0.712057648356493
"20716",0.0154472456932325
"20717",0.136539573871589
"20719",0.0177009425234168
"20720",0.0158784427433899
"20723",0.060041950538167
"20725",0.0898188223911793
"20729",0.00254877933829767
"20732",0.16773193206632
"20733",0.0453328522215111
"20737",0.313787658010612
"20739",0.324371738081663
"20741",0.0175111324313531
"20743",0.0153396178772831
"20744",0.0200414291703233
"20745",0.130243556271595
"20747",0.00382045606695585
"20750",0.110430983484164
"20751",0.00935932372499005
"20768",0.00636796616829419
"20773",0.00636000984322204
"20775",0.0310162242139217
"20776",0.081760303789286
"20778",0.0104564550560947
"20779",0.00849657550094868
"20787",0.0273239857098787
"20788",0.0164969278680246
"20807",0.0129132231404959
"20810",0.00799066492058558
"20811",0.33187618147448
"20813",0.00581294457229985
"20815",0.00343757714593229
"20817",0.00193229776621873
"20818",0.00712411217066883
"20821",0.0671283338426739
"20822",0.00789241868622449
"20823",0.00733054279478954
"20826",0.00694444444444444
"20832",0.00913199729233186
"20833",0.00376378486205728
"20840",0.6510958508489
"20841",0.00722081341454537
"20842",0.0227846624064087
"20843",0.0142267779086086
"20844",0.0032687642171206
"20845",0.0101421221821162
"20846",0.00607810100605054
"20847",0.00633149444910451
"20848",0.0142598670251645
"20849",0.42609850250096
"20850",0.0748192876177204
"20851",0.0294878285108793
"20852",0.0443213296398892
"20853",0.00370384083025273
"20855",0.0882536143354841
"20856",0.0622449849649739
"20866",0.00526196468258416
"20867",0.011184407419952
"20868",0.0162605288050088
"20869",0.0042667476939456
"20871",0.28364703736936
"20872",0.00627495669321838
"20873",0.0200502861414981
"20874",0.00415240286851863
"20877",0.31488553830741
"20878",0.0804826417913497
"20887",0.0721362408163509
"20892",0.0277843644818338
"20893",0.0539806290552707
"20897",0.0725562884467512
"20901",0.00429647167232198
"20907",0.051299229367562
"20908",0.0150559300313076
"20909",0.0111131063602611
"20910",0.0128297776520983
"20911",0.0380891633982581
"20912",0.023609057858371
"20913",0.00883213551807936
"20916",0.00765865315449333
"20917",0.0168571486370758
"20918",0.00676171129612634
"20922",0.00828401209418261
"20924",0.0038508148183411
"20926",0.00611495820144469
"20927",0.0309800694978115
"20928",0.0327115974015895
"20930",0.00625228490120224
"20931",0.0126285752718483
"20932",0.00485688826956276
"20933",0.00532857989620962
"20935",0.00639704148854062
"20937",0.0160746173469388
"20947",0.017917317858177
"20955",0.0143120324955383
"20957",0.0832303562735502
"20962",0.187662275533684
"20963",0.062824085534042
"20964",0.0236018339080741
"20965",0.0328796676702546
"20969",0.0815409773392603
"20970",0.0186009534250737
"20971",0.0165806808428445
"20972",0.0198383125292517
"20973",0.0337403430756684
"20974",0.01238769
"20975",0.0296844713049343
"20977",0.00682356869529072
"20979",0.0127284681130835
"20980",0.228177893262135
"20981",0.0159760088560141
"20983",0.0187011469062751
"21331",0.413077051800271
"21333",0.180182175545241
"21334",0.140152390688752
"21335",0.0160927346938776
"21336",0.192196117028681
"21337",0.420096021947874
"21338",0.742536786553533
"21339",0.00638888406636166
"21340",0.00545923552262781
"21341",0.0119456551022647
"21343",0.00923526353768205
"21345",0.13162737953599
"21346",0.0494193569058849
"21349",0.11674285818069
"21350",0.350118999520214
"21351",0.00397598826169206
"21353",0.0136308588214074
"21354",0.0603955079100015
"21355",0.0296514254197145
"21356",0.017867375843931
"21357",0.0103458865225392
"21366",0.0112668143940576
"21367",0.056139169136175
"21371",0.0103843631379562
"21372",0.00742037749461245
"21374",0.0110458828266409
"21375",0.0628874503473272
"21376",0.00763745782054335
"21378",0.0345864473929603
"21379",0.00572971109092874
"21380",0.29273084832945
"21384",0.303165573093569
"21385",0.140393944903796
"21386",0.105260147077389
"21387",0.310969931582336
"21389",0.497566289707707
"21390",0.285559300448356
"21391",0.0245956165639282
"21393",0.640928851677128
"21399",0.0043774372531313
"21400",0.00619940347612577
"21401",0.960157290877896
"21402",0.00779326819680496
"21405",0.215082951103236
"21406",0.00676327210361595
"21407",0.237321793584769
"21408",0.0182525614327364
"21411",0.0229568411386593
"21413",0.0109919062577647
"21414",0.00738525390625
"21415",0.36
"21416",0.362370339273915
"21417",0.00525786602315153
"21420",0.554612279920078
"21422",0.0104694672669209
"21423",0.0140259900038447
"21425",0.0460663107835469
"21427",0.00714740443712741
"21428",0.00701683527275028
"21429",0.00448500071605971
"21452",0.0347867701679212
"21453",0.0238063583369349
"21454",0.00597971960798243
"21462",0.307395940057392
"21463",0.0875683742898666
"21645",0.249213218426437
"21646",0.0584343089581844
"21648",0.0134859521331946
"21652",0.0166426538872452
"21664",0.0727949913239658
"21665",0.0155426943847016
"21667",0.279464716446262
"21672",0.00471182653858416
"21673",0.322140378807074
"21676",0.035173029023744
"21677",0.056346291194776
"21678",0.162619328922495
"21679",0.391578324843843
"21681",0.00783668716839747
"21682",0.0728517115766363
"21683",0.414228515925442
"21684",0.340623852281506
"21685",0.0175031430847425
"21687",0.0215605187487115
"21689",0.247358798449711
"21743",0.602071022543272
"21745",0.0230755112075411
"21748",0.111678244742665
"21749",0.0202225511027423
"21750",0.00558487273955287
"21752",0.0606940020370083
"21753",0.0999977375762481
"21754",0.0144837664112465
"21761",0.00320712988830971
"21762",0.00290865520262966
"21763",0.00287684088979678
"21766",0.00519370048323081
"21767",0.00326185351246308
"21769",0.00709074130775788
"21770",0.00370996355651768
"21771",0.008720410401734
"21778",0.0281188154411533
"21780",0.00608731519252781
"21781",0.00588249139820228
"21787",0.0068492272613751
"21788",0.065107769685262
"21802",0.0301359507876175
"21803",0.172119635225294
"21804",0.0596383745556129
"21807",0.00108549946190347
"21808",0.0327961263643455
"21809",0.0419461908284024
"21810",0.143803710867586
"21812",0.0144017670337744
"21813",0.0179550129049107
"21814",0.0219866338342075
"21815",0.136154372505371
"21817",0.0480806479212718
"21818",0.122787053211502
"21819",0.471403962769075
"21821",0.0115872965651855
"21822",0.925952296190815
"21823",0.602855282234182
"21824",0.0343051199096574
"21825",0.0967901234567901
"21826",0.136926716104732
"21827",0.0338360855769755
"21828",0.178886718005927
"21830",0.507494820237128
"21832",0.0384491257149873
"21833",0.00907885368458526
"21834",0.0306309405460313
"21835",0.017936862244898
"21838",0.00847384707952813
"21841",0.0114585957883864
"21843",0.00705423633069488
"21844",0.0907352113835726
"21846",0.0266724005109017
"21847",0.0143908975982046
"21848",0.00448008003779167
"21849",0.00763881575767751
"21853",0.0180649223378806
"21854",0.00643133410249819
"21855",0.00730783138089683
"21856",0.00222110106728899
"21857",0.389569566710882
"21858",0.0717147286749302
"21859",0.0156532421993898
"21869",0.545938003382231
"21871",0.00364379279619862
"21872",0.00472640368133785
"21873",0.0187931756864348
"21877",0.420745069393718
"21881",0.00658139993859918
"21885",0.0303927708763356
"21886",0.028845583148307
"21887",0.0782021086470745
"21888",0.0085458431984781
"21892",0.0284134191406272
"21894",0.0224746264469009
"21897",0.355038671635956
"21898",0.0501116023751549
"21899",0.0997823546274115
"21907",0.0428637165437095
"21912",0.00585737408118303
"21915",0.00539663012822569
"21916",0.0410657318525725
"21917",0.0155449142043432
"21922",0.301800828453728
"21923",0.0659001548401887
"21924",0.197318978061854
"21927",0.0025
"21928",0.225128629160299
"21929",0.0705043501649895
"21930",0.124755429471056
"21933",0.116978868607538
"21934",0.0418030547061136
"21935",0.469933245294914
"21936",0.3797644854002
"21937",0.0293745885452607
"21938",0.037110862595366
"21939",0.410832825591716
"21940",0.370692269629972
"21941",0.668752317096471
"21942",0.2197265625
"21944",0.0496148793492598
"21945",0.00296464606554828
"21946",0.107277720085066
"21950",0.160967983675868
"21951",0.00519724011470298
"21952",0.200900161017348
"21953",0.330294622803541
"21954",0.389079502009607
"21955",0.497602360555384
"21956",0.44814635239173
"21957",0.397107631710416
"21960",0.0181331878432243
"21961",0.105283511259588
"21968",0.0133463814168262
"21969",0.00809349136225553
"21973",0.0677496116917947
"21974",0.0065982629561305
"21975",0.0097501017558909
"21976",0.00419982474810897
"21981",0.00751284665200854
"21982",0.00568298625755685
"21983",0.134965041999899
"21985",0.00831543553527674
"21987",0.0247380328887419
"21990",0.431497234123835
"21991",0.00711693133897775
"22003",0.00558689017675879
"22004",0.0590444580312691
"22017",0.0185881151499848
"22018",0.164233421405052
"22019",0.00715350139448903
"22021",0.0081987691917576
"22022",0.00923055513338619
"22025",0.00565834630990222
"22026",0.00454881140432776
"22027",0.0151187852058891
"22029",0.225571712196844
"22030",0.00756143667296787
"22031",0.0380627364292029
"22032",0.0096413445435531
"22033",0.0798879857933201
"22034",0.00852217491670259
"22035",0.0618330071930448
"22036",0.0309335622837807
"22038",0.101121126766833
"22040",0.0234578279941355
"22041",0.117206513926855
"22042",0.015712505260319
"22044",0.541347336304814
"22045",0.495793353539855
"22051",0.0327911907299764
"22057",0.0131034975972569
"22059",0.0142285911752647
"22061",0.0889919752549843
"22062",0.0813828504677435
"22063",0.00555066295192606
"22064",1.49763860704489
"22065",0.0752856546170613
"22066",0.0205184774604275
"22067",0.00989371200338204
"22068",0.133818167622492
"22070",0.00944881174682105
"22083",0.00391440075417455
"22084",0.0125989171178676
"22088",0.00396620253169589
"22092",0.261249434637208
"22094",0.309633595474128
"22095",0.396962511320138
"22097",0.408248474844995
"22099",0.00278561106544987
"22110",0.00148959797105719
"22114",0.45146505515976
"22115",0.371710606560385
"22116",0.360396326939745
"22117",0.0243378661264858
"22121",0.00749203712063191
"22122",0.00830035620009317
"22123",0.00557030531658489
"22130",0.00696189761418072
"22134",0.00414422821390162
"22137",0.433274525370957
"22138",0.0780850957133775
"22139",6.48879085191982
"22141",0.0126581114185363
"22142",0.00350029422346304
"22143",0.0119637104924289
"22144",0.546954327944501
"22145",0.00903711743417007
"22146",0.0172431384552597
"22151",0.00766658386319851
"22152",0.0161907980700909
"22153",0.0276694580875654
"22154",0.00548578712296354
"22156",0.0910814534548494
"22158",0.0133435613353088
"22160",0.305912501853119
"22163",0.23467357158216
"22166",0.0135088741833272
"22169",0.0146970414655304
"22171",0.0572351330899549
"22174",0.0504698752252302
"22177",0.0290236808880572
"22178",0.443573838493901
"22183",0.003675635197418
"22184",0.00292030799078186
"22185",0.00226477162820617
"22186",0.00700022289067112
"22187",0.0049237733615467
"22190",0.015625
"22192",0.00616985214023818
"22193",0.0114181602758636
"22194",0.00623268698060942
"22195",0.00380949026582958
"22196",0.00346535183945875
"22200",0.00500900928382607
"22201",0.00291681739473501
"22202",0.134438380398599
"22209",0.00873561492773327
"22210",0.0067695453782944
"22213",0.0120860964498535
"22214",0.00274907382599939
"22215",0.0121339312794826
"22217",0.00628844099906559
"22218",0.0129988850705873
"22221",0.00506579197325262
"22222",0.0036394321181718
"22223",0.0315741436799874
"22224",0.00688296228178398
"22225",0.00834381203590561
"22228",0.083656239987179
"22229",0.0618917311124331
"22230",0.00454600323610481
"22232",0.00810104526244367
"22234",0.00459832050185434
"22235",0.00751577133194589
"22239",0.11057920708574
"22240",0.0116621339839249
"22241",0.0191326368040452
"22245",0.00522162080914114
"22247",0.0150135137246325
"22248",0.0210305988282822
"22249",0.00694444444444444
"22253",0.0143703169365176
"22256",0.0931921135244334
"22258",0.00168887220866954
"22259",0.0584751045094329
"22260",0.0115712449008746
"22264",0.339372082908184
"22268",0.130082558607771
"22270",0.467299870471446
"22271",0.139082913238518
"22272",0.0134882572271367
"22273",0.00556397759194962
"22275",0.00657414170927684
"22276",0.0102612929511556
"22278",0.00522080684631831
"22282",0.00778905746537674
"22283",0.310068659935953
"22284",0.00431780012960816
"22288",0.0206380733363513
"22289",0.0130766268758281
"22290",0.0112900944777402
"22293",0.454295627673792
"22294",0.0268534924995524
"22295",0.0448085356179655
"22317",0.0367690509087044
"22318",0.0150054609835536
"22319",0.0106311844604384
"22320",0.0499094612947035
"22321",0.0159077996915835
"22323",0.0133705611476265
"22324",0.034270280170031
"22325",0.0238571329125889
"22326",0.297176408179012
"22327",0.0177777777777778
"22329",0.023514290758957
"22330",0.00871410282092374
"22333",0.00496952593673635
"22334",0.0046169998812355
"22335",0.00810753313142277
"22337",0.458464366748644
"22339",0.0222047945891447
"22340",0.0206188569872597
"22341",0.0545416141355125
"22342",0.0101106856770865
"22343",0.0245940573572013
"22344",0.0101809918026134
"22346",0.00444227457046509
"22348",0.0388658544923594
"22349",0.28283524074062
"22350",0.0341729071612775
"22351",0.214013643847644
"22352",0.0370249840347196
"22353",0.0468805527275259
"22354",0.0237816606468996
"22355",0.292891836661881
"22359",0.00474504812078121
"22360",0.0161548877285566
"22361",0.426900379260308
"22365",0.00479058610605732
"22367",0.0244981540619179
"22368",0.0143868433081331
"22370",0.0318188458728999
"22371",0.136397869069596
"22375",0.0090702947845805
"22376",0.148372244722755
"22377",0.00915923153399665
"22378",0.00691734730942525
"22379",0.0240636581978346
"22380",0.00417021919917616
"22381",0.00892712563737929
"22384",0.00278172857039635
"22385",0.00792734060410879
"22388",0.00155739396207856
"22390",0.0117244515826273
"22393",0.102985449796598
"22401",0.0328088287646849
"22402",0.064072265625
"22404",0.0180746675201238
"22408",0.317763521055765
"22409",0.0653234705254057
"22410",0.337442701538206
"22411",0.539783125749727
"22412",0.408686224489796
"22413",0.104758463958977
"22414",0.0503509815585961
"22415",0.159652800970291
"22417",0.167697899162211
"22418",0.0321497853140561
"22419",0.09277907278276
"22420",0.407475472165824
"22421",0.0383675204591349
"22422",0.0237540316194098
"22423",0.411698750075325
"22427",0.00494591073816948
"22428",0.00485944256166249
"22433",0.0140831568855541
"22436",0.0631862063865779
"22437",0.425188123571192
"22439",0.00591715976331361
"22441",0.0912138466836022
"22445",0.71131958708648
"22589",0.00996065900051061
"22590",0.00869538353840105
"22591",0.00473755401053284
"22592",0.00730106120576509
"22594",0.00700940794030855
"22596",0.0123644271934152
"22599",0.103687587774769
"22601",0.023888741455379
"22608",0.012654133835643
"22612",0.00879937769481697
"22619",0.0113297879889838
"22625",0.0619569862353359
"22626",0.277845022597275
"22627",0.00178157695972003
"22628",0.00936786638590235
"22629",0.0154767000144942
"22630",0.00760065719194577
"22631",0.00258329746540164
"22632",0.0067773159249336
"22634",0.333386798033971
"22635",0.484730475539225
"22637",0.394374747752239
"22640",0.0061767299638454
"22642",0.00560703207732858
"22643",0.0255427064363076
"22644",0.00350072442660384
"22646",0.0149090024048067
"22648",0.0186536419743951
"22652",0.060688078819133
"22654",0.00579512042989562
"22658",0.0279530235641458
"22661",0.00910329264650057
"22666",0.00456104984164776
"22668",0.00409245672285194
"22670",0.00853821536541454
"22671",0.0133050792037198
"22673",0.138406224924864
"22678",0.010832334896321
"22680",0.00926147531506533
"22682",0.0087646992061034
"22685",0.00435352203332861
"22687",0.00393067672527208
"22688",0.0153528716776173
"22689",0.00672946298471212
"22690",0.0107113930714161
"22691",0.0142958412098299
"22693",0.00587705846135701
"22694",0.00945148382909404
"22695",0.14053489908929
"22696",0.00824205071769742
"22697",0.010231332575616
"22698",0.0177283354512491
"22700",0.0235554913909205
"22701",0.0111306327118751
"22704",0.0239549506325598
"22709",0.0435980656202219
"22710",0.0312911158982609
"22712",0.0430281397956953
"22715",0.0450627765248631
"22717",0.00980662412497961
"22718",0.00972740947341018
"22719",0.013397178407652
"22720",0.00911208555723563
"22722",0.0150502673315341
"22724",0.0363612037716138
"22746",0.022043820674663
"22750",0.00844286512044152
"22751",0.00604918803468468
"22754",0.0330578512396694
"22755",0.00771380096822566
"22756",0.00701499863406487
"22757",0.00666389004581425
"22758",0.00817213206106309
"22759",0.0486069611692546
"22761",0.0917564058698028
"22762",0.0257037244685317
"22763",0.001602000625
"22764",0.0136624640597044
"22770",0.00468777619252039
"22771",0.221042799474606
"22772",0.048985647222659
"22773",0.107465052503845
"22774",0.176942351716961
"22775",0.0113455689396432
"22776",0.0438396192995712
"22778",0.0395928779675135
"22779",0.025493860244751
"22781",0.0249122772818992
"22782",0.00871771418922247
"22784",0.0588487441968599
"22785",0.0106069469431905
"22787",0.51587753429018
"22791",0.00859167998083647
"22793",0.0205262597852615
"23789",0.00429948293616824
"23790",0.0118011988039363
"23792",0.0216825306139138
"23794",0.057437403045102
"23796",0.302347664612764
"23797",0.00474355418515112
"23801",0.0674001479289941
"23802",0.00219423051848326
"23805",0.0225533677303938
"23806",0.00491708804283165
"23807",0.00213267186764108
"23808",0.0036011557446051
"23821",0.00558096885813149
"23825",0.00673549262221863
"23827",0.00967030477270831
"23828",0.0638552190031325
"23829",0.0272651955009753
"23830",0.00480628418794383
"23831",0.257339701157872
"23832",0.268027654932403
"23833",0.117432944867288
"23834",0.130677278534512
"23836",0.0800238471061174
"23837",0.0043664732480739
"23845",0.059225823026039
"23849",0.0180782466967713
"23850",0.215067042908783
"23853",0.124121874426745
"23854",0.0025900031660727
"23856",0.00635701103683117
"23857",0.00338408396368135
"23859",0.00365218318383522
"23863",0.0139917111840615
"23871",0.0131197917424649
"23872",0.0258826722600581
"23873",0.0279818811532562
"23874",0.00813870008899056
"23876",0.06258503813585
"23877",0.00619495854409379
"23879",0.00376023495906016
"23880",0.103126478236308
"23881",0.00409893602523279
"23882",0.0248908826513042
"23885",0.0126724322441123
"23886",0.397366871274055
"23887",0.102116687686479
"23888",0.0592531121274437
"23890",0.0306100955106234
"23892",0.537504116932248
"23893",0.0145659928656361
"23894",0.0120828854335418
"23897",0.00886437510460324
"23908",0.0074970255800119
"23912",0.0049536857116564
"23917",0.0115636662938322
"23918",0.00547338084423212
"23919",0.314412155654465
"23921",0.0298472239913285
"23922",0.00886679453371969
"23923",0.433806665559776
"23924",0.00906113634034844
"23925",0.278519796228621
"23928",0.070225
"23934",0.0381776846100857
"23936",0.0326134508363426
"23937",0.0723424494649227
"23938",0.004846979650697
"23939",0.0304945422143016
"23942",0.00622990794286417
"23943",0.0535168823407882
"23945",0.0111610771696252
"23947",0.00910369668887407
"23948",0.0113057075243461
"23950",0.00638262051039697
"23954",0.065352368792489
"23955",0.00382239959843488
"23956",0.218339966063521
"23959",0.0311368087016455
"23961",0.397249754777257
"23962",0.140849397297194
"23963",0.0224503585369063
"23964",0.0272600299874844
"23965",0.0501499802538542
"23966",0.0781662997076889
"23967",0.753150102337989
"23969",0.00849526372408875
"23970",0.0361500173130194
"23971",0.00309366486738542
"23972",0.0282854999026933
"23980",0.0162523932711263
"23983",0.00547380379946886
"23984",0.00849692581380107
"23985",0.0809120312803226
"23986",0.00692210700624461
"23988",0.00481724734680261
"23989",0.00816282089901226
"23991",0.0220210072092987
"23992",0.0105814478365945
"23993",0.412640302524022
"23994",0.00507335354780456
"23996",0.00357335809338445
"23997",0.00489635844125153
"23999",0.00884898002487116
"24000",0.0259187876799361
"24001",0.0858341993290497
"24004",0.0449855655016662
"24010",0.00125520524511024
"24012",0.00331449182842009
"24014",0.0420836187508682
"24015",0.00602979020260786
"24017",0.015103479214901
"24018",0.00703386027992943
"24030",0.013840830449827
"24044",0.00835619905020531
"24045",0.0143139872506111
"24050",0.0140753145805171
"24051",0.00320265896883741
"24052",0.0487063847195963
"24053",0.181077410593029
"24055",0.0371509885990847
"24056",0.00986050737533574
"24057",0.0186233421192585
"24058",0.190733535007233
"24059",0.0892503687772999
"24060",0.00887418609535812
"24061",0.00229168382648775
"24063",0.0229202711068078
"24064",0.0205374999931456
"24066",0.0281081945059975
"24067",0.00986942468679087
"24068",0.00847630693792294
"24069",0.0266677889066577
"24070",0.00513503161830807
"24071",0.00943465487577799
"24074",0.0125882674346731
"24075",0.0126340752342188
"24082",0.261123498783484
"24083",0.0108394004619211
"24084",0.521396150146699
"24086",0.00245218940800575
"24087",0.0501875352602566
"24088",0.0807865322596058
"24099",0.0951780349205654
"24100",0.0153583924652277
"24102",0.347944596882061
"24105",0.00461994874622446
"24109",0.00364046918124175
"24110",0.3403498514398
"24115",0.0559892213880821
"24116",0.0086072389000979
"24117",0.202032357265171
"24127",0.0123818568069129
"24128",0.00585157479881605
"24131",0.0374884573165788
"24132",0.00696116796504742
"24135",0.0126103694636499
"24136",0.0106777777777778
"26356",0.0076910926167107
"26357",0.00925876693039503
"26358",0.413542618851519
"26360",0.160977665580293
"26362",0.0207736753442593
"26363",0.0216481605831282
"26364",0.0225425129806033
"26365",0.0353331365132825
"26367",0.0409517182074213
"26370",0.0108818364206782
"26371",0.00548000750112374
"26372",0.0101133135433624
"26373",0.00460678528285662
"26374",0.0040206338783303
"26377",0.0330253858831794
"26378",0.00769899692195827
"26379",0.0149214064958056
"26380",0.0801715208339346
"26381",0.0297293188541323
"26382",0.0616840818551384
"26383",0.00410153917028717
"26384",0.006525399399446
"26385",0.00743629053343745
"26386",0.0266669508950006
"26388",0.605165414481602
"26390",0.00989242682514542
"26394",0.022816593487345
"26395",0.0086694478255291
"26396",0.00830826085795027
"26397",0.0237010108460301
"26398",0.0160803712166761
"26399",0.0195188375550519
"26400",0.00368758299399649
"26401",0.0186168728922833
"26403",0.0154791771857808
"26404",0.00266228356848826
"26405",0.0107203096549404
"26406",0.0102707153449615
"26407",0.0267081611772424
"26408",0.00748440680905604
"26409",0.00201558941757786
"26410",0.0290820932956047
"26411",0.055363321799308
"26412",0.0120782640840972
"26413",0.00554286734672637
"26414",0.00912960402926855
"26415",0.480415369359162
"26416",0.00452016480499559
"26417",0.0208653148018404
"26419",0.00853929437658058
"26420",0.00177936204909181
"26422",0.0136111111111111
"26425",0.00872755319836738
"26426",0.0108360461917172
"26427",0.320879387423104
"26428",0.0123218571577645
"26429",0.00915067565471821
"26430",0.00439750231989561
"26431",0.0163441996244708
"26432",0.0424426291500941
"26433",0.0107134374007165
"26434",0.508349722018078
"26436",0.0280356788627427
"26440",0.00455501382012371
"26441",0.00700042522923221
"26442",0.00465869951033837
"26443",0.00457506912734206
"26444",0.00394508571818865
"26445",0.00402540186339108
"26446",0.00562669465992863
"26447",0.00698216773385129
"26448",0.0161931357032708
"26450",0.00646118094276444
"26451",0.00476232277557186
"26456",0.0184343937698022
"26457",0.0122516170386341
"26458",0.0228558535743994
"26459",0.388147725501511
"26462",0.0108487459471295
"26465",0.00505791404191161
"26466",0.00849805951193537
"26549",0.219944912731877
"26554",0.00393683744406509
"26556",0.0131858024122943
"26557",0.0454423199213782
"26558",0.111944195924595
"26559",0.039682574085086
"26561",0.0967438842965962
"26563",0.0592614532840437
"26564",0.256025751368461
"26568",0.0693417394545597
"26569",0.00683801775147929
"26570",0.0322015318604389
"26572",0.0057731772128419
"26611",0.00469935508694174
"26754",0.00995660611975668
"26757",0.0229823913215891
"26874",0.0110848025389878
"26875",0.0227204788400513
"26877",0.010705927169077
"26878",0.0166162494143247
"26879",0.00706993569685095
"26885",0.0134010498607769
"26886",0.336154242130175
"26887",0.466674618158415
"26888",0.105792389099571
"26889",0.00398156343187048
"26891",0.00819269187040458
"26893",0.00725038262973927
"26894",0.011133237532788
"26895",0.0075404399828633
"26896",0.005771703979323
"26897",0.0118147448015123
"26900",0.00688693376491452
"26901",0.0172862772242466
"26903",0.0498821441164077
"26904",0.303511156180503
"26905",0.00257595588410043
"26908",0.0140466392318244
"26909",0.234583581944026
"26912",0.0138258426363315
"26913",0.0231311877798461
"26914",0.00232451610384582
"26919",0.00677510743096051
"26920",0.00824257020281667
"26921",0.00461057765584514
"26922",0.00832905391098639
"26926",0.00688820400676452
"26927",0.399849250824208
"26931",0.00410863222072122
"26932",0.00746688681421409
"26934",0.0417637389916935
"26936",0.00515048058898278
"26938",0.0146772976232138
"26939",0.00665095673484777
"26940",0.00347035071214301
"26941",0.0113748702769201
"26942",0.0123577737253235
"26943",0.00394513726654235
"26945",0.495325286225976
"26946",0.274912704873075
"26949",0.0227822587233982
"26950",0.0264784146213368
"26951",0.00749611139221529
"26961",0.00570681710775047
"26965",0.00358661923510936
"26968",0.039845857561451
"26971",0.225196221968772
"26987",0.00418029131985731
"26992",0.00502930228395763
"27008",0.0218130177514793
"27015",0.00432027282104002
"27027",0.437667754176501
"27028",0.188884932593813
"27029",0.0212652387788408
"27041",0.00243081762090044
"27045",0.00544208546089761
"27047",0.304496232183187
"27049",0.00551667628210631
"27050",0.00615305035630748
"27052",0.437817781685614
"27053",0.0146421050436813
"27054",0.00757409709213774
"27055",0.0258098742850125
"27056",0.0540845606696755
"27057",0.00428199815265176
"27058",0.00979825312738832
"27059",0.0249477975016437
"27060",0.0364545656495463
"27061",0.0105491617842138
"27062",0.0130086113529699
"27078",0.0115520181040362
"27081",0.0100582240400216
"27083",0.773604137721662
"27096",0.00339081245321017
"27103",0.00490754716869316
"27176",0.00450792584673071
"27204",0.0882110278280659
"27205",0.023492860685941
"27207",0.00659871791853996
"27214",0.0837950138504155
"27215",0.00557545687051758
"27218",0.355056458862918
"27219",0.213634109227039
"27220",0.471334194274338
"27221",0.0213401241509182
"27222",0.471568545034733
"27223",0.00195021737205084
"27224",0.0016877442259268
"27225",0.00324742365333768
"27226",0.0115310121165713
"27260",0.377330602290453
"27261",0.0276893370450081
"27267",0.00413560653839394
"27273",0.0328546619233065
"27274",0.0181642126419885
"27275",0.00876759840466374
"27276",0.0482590355037649
"27277",0.00420524350672588
"27278",0.232545331469142
"27279",0.0709358527399915
"27280",0.0266711541573484
"27281",0.0721257633725907
"27354",0.00782108142190584
"27355",0.0122116037684954
"27356",0.39146443028831
"27357",0.0510039830421565
"27359",0.207503578148953
"27360",0.00469720406407318
"27361",0.0181213017751479
"27362",0.0137555250723975
"27364",0.00456023933656118
"27366",0.00336547607827432
"27367",0.00591919682664763
"27368",0.00544748383991692
"27369",0.0126096373191422
"27370",0.0069884462453207
"27371",0.397233776829043
"27373",0.0052213954558934
"27374",0.0102052732410072
"27375",0.402728469077262
"27376",0.0106972561523506
"27377",0.00796109219163739
"27384",0.401373403803866
"27385",0.609161213563355
"27386",0.0202117116898087
"27387",0.0401272871112953
"27388",0.00891975308641975
"27389",0.492635584668936
"27390",0.338582747896123
"27392",0.0115184727296056
"27393",0.00706523921858516
"27395",0.00763277490034164
"27397",0.00405437933067354
"27398",0.00842933581267048
"27399",0.00573852563937783
"27401",0.0172131999894032
"27402",0.00421076388739663
"27403",0.0268156384411295
"27404",0.00783990263115815
"27405",0.191454014988273
"27406",0.0030742084109401
"27407",0.0039421170645414
"27410",0.0124645296293788
"27411",0.720851627486215
"27412",0.462350681278866
"27414",0.00653965660129183
"27416",0.00309492579770529
"27418",0.00369064817526399
"27419",0.0152326612011905
"27421",0.0830125889480539
"27425",0.0077064273643727
"27426",0.0161271847679539
"27428",0.11638232522435
"27493",0.0488156298014838
"27494",0.0140139380348731
"27528",0.134543594152477
"27632",0.00838147873923347
"27643",0.00935202435767825
"27660",0.0666061179481174
"27681",0.00724400037010867
"27756",0.048362520570566
"27762",0.484238359160327
"27784",0.00588230175511873
"27801",0.0251772312543707
"27878",0.00893542239053489
"27883",0.0139057658913426
"27886",0.00315662775364727
"27965",0.00422471454149291
"27966",0.0120586991862832
"27967",0.0175906231643745
"27973",0.0109108620109981
"27979",0.00509996096820478
"27981",0.0119205216459679
"27984",0.032173231619783
"27993",0.00618545864414078
"27998",0.0187265865418621
"27999",0.0242720685610087
"28000",0.00369891590574878
"28006",0.0029902346737656
"28010",0.016234656083681
"28015",0.00730684641499707
"28018",0.00289473303963183
"28019",0.00494309776467984
"28028",0.00733367116869001
"28030",0.00368358164203846
"28035",0.00766503766068289
"28036",0.0101856108891722
"28040",0.00763614166987555
"28042",0.00371356914813458
"28064",0.00643739948213515
"28071",0.0134993039273785
"28075",0.0119418474270885
"28077",0.00786889714996949
"28080",0.0130840808923753
"28081",0.00788221346157581
"28084",0.0094524878838949
"28088",0.00222581448465249
"28105",0.0645452979597697
"28106",0.0127297258979206
"28109",0.00534228099173554
"28113",0.0131325140308096
"28114",0.00411987799049958
"28126",0.0084801566390335
"28135",0.00708463156873952
"28146",0.00849243729538515
"28169",0.00503332724616508
"28185",0.00466802978280159
"28193",0.0165239820986717
"28199",0.00630611079860795
"28200",0.0182055479714778
"28240",0.0611033960358541
"28250",0.0186638342425718
"28253",0.326714993851233
"28295",0.0122025419145484
"29805",0.00962647258516339
"29806",0.0113468809073724
"29807",0.0249948784372295
"29808",0.0117578748729859
"29809",0.00996930162977435
"29810",0.0469570056710775
"29811",0.0161083708834619
"29812",0.00177421794472005
"29813",0.0317599058952224
"29815",0.0227639273622653
"29816",0.00836670261500387
"29817",0.0512863839189279
"29818",0.263744181795358
"29819",0.00497403331254489
"29820",0.00770920662240553
"29856",0.0651383611755842
"29857",0.0711048613705028
"29858",0.0034559710562424
"29859",0.0159490942574846
"29861",0.0131048835678162
"29862",0.23187646267751
"29863",0.0507783520847072
"29864",0.00854566724434043
"29867",0.0557802994036626
"29869",0.00169392286697898
"29870",0.148703490110641
"29871",0.00939100860877883
"29873",0.0159733727956106
"29875",0.0203044370633672
"29876",0.035126246801025
"29877",0.00611938368956033
"30044",0.29435005435338
"30045",0.0139900566539484
"30046",0.0112279919822584
"30049",0.117175028864023
"30050",0.00141682558253783
"30051",0.366658963694016
"30052",0.0137526833153402
"30054",0.0989671212360805
"30055",0.00709612529108026
"30056",0.0130767703995165
"30057",0.00973646446380367
"30058",0.0219564782782472
"30059",0.0122213025
"30060",0.2457366958748
"30785",0.0375400623174457
"30791",0.00335656460894915
"30794",0.0279001589475727
"30795",0.00681422175644419
"30805",0.0256927415465266
"30806",0.0665837993645656
"30838",0.00674952240632297
"30839",0.00764540978325566
"30840",0.0115206295140548
"30841",0.00788034565551059
"30843",0.0186611161148682
"30853",0.00567380671276775
"30877",0.00624557108462537
"30878",0.0339238137035935
"30924",0.263842255346442
"30925",0.318627445693807
"30926",0.0170404679280604
"30928",0.0086353327267376
"30930",0.00697921006944444
"30931",0.00660385530626908
"30932",0.00725373629951634
"30933",0.0064
"30934",0.00350819406939793
"30935",0.0183601669222276
"30937",0.0250955788648172
"30938",0.0229812698053418
"30939",0.0372797260569198
"30940",0.00429704365722978
"30941",0.0129036061435175
"30944",0.00709355618845221
"30945",0.0252806784641164
"30946",0.00751635119067978
"30947",0.0121400498114074
"30948",0.00430704847978349
"30949",0.0063342521286594
"30951",0.0188843708267275
"30953",0.00937289744329104
"30954",0.0185268915440466
"30955",0.0262419813472307
"30956",0.0466497927524973
"30957",0.0105686086121059
"30959",0.0151138823391902
"30960",0.00345116649248533
"30963",0.0132840597940258
"50490",0.410957983813622
"50492",0.00910478449486595
"50493",0.00641281922563204
"50496",0.00768119359603528
"50497",0.00541196883103961
"50498",0.0879892776148348
"50500",0.027964233733828
"50501",0.362620555501934
"50505",0.00713146905909494
"50518",0.395501507177109
"50523",0.0424062732490169
"50524",0.00697653888786594
"50525",0.0262526287568711
"50527",0.00649366330370495
"50528",0.370595795910349
"50529",0.00611716238569333
"50540",0.192572738282993
"50706",0.256187802417339
"50708",0.0234277384423157
"50709",0.0193988735941769
"50720",0.0150568660045451
"50721",0.017391608101362
"50722",0.19450411841245
"50723",0.0510084812103639
"50724",0.00883442849203308
"50753",0.00871579010182097
"50754",0.0092498479394282
"50755",0.00430629333627768
"50758",0.00619292512366609
"50759",0.019070181200438
"50760",0.117853661828733
"50762",0.00765625
"50764",0.475886910226036
"50765",0.0580516683952717
"50766",0.0343272234559073
"50767",0.00654361404348274
"50768",0.0311243460094264
"50769",0.00997773242479678
"50770",0.0114174561357361
"50771",0.0025891727820929
"50772",0.0142455775234131
"50773",0.0157717817212112
"50776",0.0398326945018941
"50778",0.315948508082193
"50779",0.0522712167017037
"50780",0.0323045336352168
"50781",0.0633043508341015
"50782",0.0325559393941152
"50783",0.00866989014993753
"50784",0.099515451700851
"50785",0.0244140625
"50786",0.0769993559639625
"50787",0.0440770068574774
"50788",0.0944458540642838
"50789",0.00357847659861131
"50790",0.0318997103948787
"50791",0.00918587223783796
"50793",0.00679379764706545
"50794",0.020095024190477
"50795",0.204962996861792
"50797",0.00372709248477354
"50798",0.00344652640959058
"50799",0.075106999434319
"50817",0.0110472924244876
"50849",0.00992100096769028
"50850",0.00218091089490463
"50868",0.00516745092835489
"50873",0.0125881911629116
"50874",0.29755043480902
"50875",0.0110279249850637
"50876",0.00365014331437399
"50877",0.0224685644467299
"50878",0.155817174515235
"50880",0.0154710781048373
"50883",0.0696454456348843
"50884",0.00342443892422308
"50887",0.103998280630426
"50905",0.046725546524965
"50907",0.00532445012845154
"50908",0.110876061984484
"50909",0.232624392219871
"50911",0.0119300548260564
"50912",0.00394529273594968
"50913",0.0191870368091831
"50914",0.0173473065059355
"50915",0.0105604391133551
"50917",0.0221270782797048
"50918",0.0450377001623043
"50926",0.012034374183544
"50927",0.0159331503587739
"50928",0.347170331089341
"50931",0.178878531968298
"50932",0.0134725765306122
"50933",0.0173044262553918
"50934",0.0141826446280992
"50935",0.0170552522697531
"50994",0.110570604572626
"50995",0.00219559183673469
"50996",0.00508902918330342
"50997",0.0139475388793145
"51786",0.00476382572257283
"51788",0.0093752809670707
"51789",0.0224500832100478
"51791",0.0281067006407781
"51792",0.00589532236617679
"51793",0.0348500765524798
"51795",0.382029198732458
"51796",0.0109248209007468
"51797",0.00443739816026579
"51798",0.00607011751735785
"51799",0.0110528012015582
"51800",0.1350307625519
"51801",0.0112913511714138
"51810",0.0118016641977605
"51812",0.00369664
"51813",0.0102835573034098
"51869",0.00888753862239006
"51875",0.0333755170088436
"51885",0.00610162759914322
"51886",0.00557591481761688
"51897",0.0056152639568224
"51902",0.00679389185456867
"51938",0.0144297972222893
"51944",0.0528311999904966
"51960",0.00869511274697326
"52004",0.0140922716299549
"52009",0.0222667546291933
"52013",0.0105019487616159
"52014",0.00449970487964658
"52020",0.0568408525857914
"52023",0.00849520714651779
"52024",1.0337635405186
"52027",0.301365156961759
"52028",0.00838971178791992
"52033",0.34495717808675
"52036",0.00312576186409071
"52040",0.00967789901378295
"52055",0.0174967106184037
"52064",0.0035023055126284
"52065",0.00853615311909263
"52076",0.0201969243543335
"52118",0.028207186335421
"52120",0.00695595616139887
"52123",0.00403474690955822
"52132",0.0153330552985182
"52150",0.0336780162843906
"52163",0.0176154966684859
"52174",0.00436943407066935
"52184",0.00900890548692904
"52187",0.0115577444876104
"52202",0.00809578015115261
"52206",0.00578615659453189
"52231",0.00695293139072808
"52245",0.0128128856248075
"52250",0.00535662195936129
"52276",0.119530318973406
"52323",0.00632747933884298
"52331",0.100085950413223
"52335",0.00346020761245675
"52348",0.00372795827786297
"52357",0.0152111111111111
"52372",0.578032620414533
"52377",0.0588483060171191
"52389",0.0421677847719015
"52392",0.0083047561436673
"52397",0.0243648901811603
"52398",0.0131736216690832
"52428",0.0349397187944408
"52430",0.0347328667642883
"52432",0.00729711678932779
"52440",0.00529842699194122
"52443",0.00359916293669992
"52463",0.0179705354998895
"52466",0.0222054585262976
"52468",0.0167570201188705
"52469",0.0141904529983558
"52477",0.00478247581608086
"52480",0.0143730904053181
"52502",0.0208904356136684
"52504",0.0102431522165734
"52513",0.00312770919067215
"52521",0.00483595474320113
"52530",0.0131716783279033
"52535",0.0091060961896327
"52538",0.0187765927072693
"52551",0.00524665763793225
"52552",0.0967916570875872
"52563",0.00302002217024481
"52570",0.13912388126752
"52575",0.00976805733953724
"52585",0.00598603010224888
"52588",0.00871111111111111
"52589",0.0228036110257539
"52592",0.00319763321995465
"52609",0.00564393760935077
"52614",0.443402981546407
"52615",0.00778887321663532
"52626",0.00613390753973363
"52633",0.0140134025934079
"52635",0.0026803407280693
"52637",0.00840806503753547
"52639",0.0213609467455621
"52653",0.0149240548352415
"52662",0.0324234697565649
"52665",0.0114603226973079
"52666",0.00925927819200737
"52668",0.0950850480693026
"52670",0.428997982157844
"52679",0.297627808238594
"52683",0.0032503448311401
"52685",0.47686068370684
"52686",0.00826446280991735
"52690",0.00186090060125649
"52696",0.00843963202206416
"52700",0.0125594530321046
"52705",0.00540316849960704
"52708",0.00476544516388313
"52710",0.011856148287823
"52712",0.00573898265339557
"52713",0.0113714152571261
"52715",0.00832372462476144
"52717",0.00644690388497579
"52808",0.00790945004389218
"52815",0.0448672977579294
"52822",0.00256455731637428
"52829",0.046821419091483
"52830",0.00929340939990984
"52837",0.00616168588908538
"52838",0.00600970005018975
"52840",0.0125495257882668
"52846",0.00525182497660366
"52850",0.0308755102040816
"52855",0.0178962301616566
"52856",0.0110456448022211
"52857",0.00746837372351776
"52858",0.00422925974823351
"52864",0.0119794430276695
"52874",0.00495235586044459
"52882",0.0115870693901777
"52892",0.00530678479014078
"52897",0.0126375739617933
"52898",0.00721789868172966
"52906",0.0135913931090252
"52915",0.0345449751686758
"53310",0.00930196603880543
"53311",0.464613153928532
"53312",0.00265269647467794
"53313",0.0586495609103822
"53314",0.414663439793692
"53317",0.00741627705502368
"53318",0.220324864639733
"53319",0.00701130841145538
"53320",0.0319991532883175
"53321",0.0122295942876708
"53322",0.020672406430583
"53323",0.00329296266511316
"53324",0.0904684207884219
"53325",0.034404714984933
"53328",0.0153361002214149
"53330",0.00527034430267521
"53331",0.00414524300994558
"53332",0.00701851799456768
"53333",0.0096748185971513
"53334",0.00188604081632653
"53356",0.00333827160493827
"53357",0.0218199886791207
"53374",0.0385573943003829
"53375",0.0146271755467741
"53376",0.0314450945596922
"53378",0.00848698140326629
"53379",0.00944081676788362
"53380",0.0196429902996448
"53381",0.0166958240757438
"53382",0.00848337950138504
"53404",0.102956346275512
"53412",0.0166493236212279
"53413",0.00466303857248448
"53414",0.00956465946837051
"53415",0.0413831279339063
"53416",0.0202869978086194
"53417",0.111111111111111
"53418",0.0125067855883214
"53419",0.354056705860826
"53420",0.0111752671631046
"53421",0.00477915089706896
"53422",0.071268604671142
"53424",0.00397274845744025
"53598",0.00909908408033163
"53599",0.00923040281085259
"53600",0.00692046561853524
"53601",0.140381908532952
"53602",0.0375406464768134
"53603",0.288935713982753
"53604",0.0417502938455906
"53605",0.007225
"53607",0.00534348122280685
"53608",0.0768552102735026
"53609",0.0119856373616649
"53610",0.00323900602744767
"53611",0.00237264178581645
"53612",0.00629617609261846
"53614",0.0222894972233306
"53618",0.00280113043730097
"53619",0.0076046359784501
"53620",0.0905491379721724
"53621",0.00851720611757847
"53623",0.00715203972915144
"53624",0.333225579909337
"53625",0.0109074300049765
"53626",0.0914026071497354
"53627",0.00767881815283239
"53761",0.0400600487811898
"53791",0.354989132044999
"53814",0.431484137946267
"53817",0.00258745698152294
"53857",0.310892076595991
"53858",0.0140018626084054
"53859",0.0404892920880428
"53860",0.037619781347346
"53861",0.00616490404797779
"53867",0.157736156504495
"53869",0.0054437580037286
"53870",0.0864524287681297
"53871",0.0339266258201926
"53872",0.00225622023446338
"53881",0.0217378618617924
"53883",0.0480990420975538
"53885",0.00583878765135043
"53886",0.0135773156899811
"53890",0.00814494101209998
"53892",0.012363397960927
"53893",0.0106220186691938
"53895",0.00872374964570074
"53896",0.0191475491399581
"53897",0.031289379233144
"53901",0.0566698212803556
"53902",0.0129627537879138
"53945",0.0247986397253336
"53951",0.00725651577503429
"53970",0.00766469827521951
"53972",0.028307003877765
"53975",0.0128444444444444
"53978",0.29709694024488
"54003",0.00946943042072361
"54004",0.0220845742484172
"54006",0.0149525378343836
"54120",0.408091808583209
"54122",0.00948358910221741
"54123",0.154104910866744
"54124",0.112711381474394
"54125",0.0421598857274301
"54126",0.00484435874088431
"54127",0.00805301410312638
"54128",0.00952963880801994
"54130",0.00494341733548804
"54131",0.0113899237900199
"54132",0.104763684845504
"54135",0.0340458573220715
"54137",0.0613804419033428
"54138",0.00190684767304281
"54139",0.0613115882470353
"54140",0.197670289542898
"54141",0.0511129158696578
"54151",0.00285268721562158
"54152",0.0100520155169506
"54153",0.0694250841126771
"54156",0.0680359040547617
"54159",0.39072446527428
"54160",0.00562314095680027
"54161",0.00345437170466178
"54167",0.320914959343733
"54169",0.0173727380341281
"54170",0.00610785281841442
"54188",0.0112291432661379
"54189",0.00378745025386503
"54194",0.00459180114243893
"54195",0.00531785508720006
"54196",0.00581149832089927
"54197",0.0108077639447113
"54198",0.00348615367326386
"54199",0.25
"54200",0.02629753712747
"54201",0.00737457613835621
"54204",0.353786524463893
"54208",0.0133902614095582
"54214",0.00181459470642113
"54215",0.0634855301389765
"54216",0.024021709242205
"54217",0.00716448637212342
"54218",0.0375786970886287
"54219",0.0124736789760119
"54324",0.0976977837581695
"54325",0.0488698046027552
"54326",0.0172835710426042
"54338",0.00667124736244512
"54342",0.0181213017751479
"54343",0.015658777687857
"54351",0.00468237145942035
"54353",0.0742101951637679
"54354",0.0279018464866105
"54357",0.0213392157699758
"54364",0.0192597572695145
"54366",0.0530698972091858
"54367",0.0102720964207451
"54368",0.222564485622412
"54369",0.0386811616211634
"54371",0.0218271984335884
"54373",0.487854438818874
"54375",0.00580539972936188
"54376",0.0463266850475807
"54377",0.0192558451455571
"54378",0.0805954598002871
"54380",0.00435038478949751
"54381",0.0540619767526511
"54383",0.00717283602719735
"54384",0.00787633467049011
"54387",0.00302446308923474
"54391",0.00797714154174506
"54392",0.233289069732193
"54393",0.00299677450318597
"54394",0.0113956462913628
"54396",0.0456763737373034
"54397",0.0116926440702569
"54399",0.00763157298871772
"54401",0.0052744920570519
"54402",0.0142937832919271
"54403",0.0228481055134473
"54405",0.0138797615029313
"54409",0.0413972751635089
"54411",0.00309622123870529
"54418",0.0143065082081547
"54420",0.35134966902618
"54422",0.350127796645776
"54426",0.364174906060434
"54427",0.427730890903957
"54445",0.0187602563377094
"54446",0.00932223543400713
"54447",0.0469588038370177
"54451",0.00348750697501395
"54473",0.00256867454100604
"54484",0.00331226342010222
"54485",0.068367458792586
"54486",0.0229859948158264
"54519",0.17884485142681
"54524",0.144973247831663
"54525",0.0175922230202878
"54526",0.0506546430282865
"54561",0.0103529688077626
"54562",0.0268915583721318
"54563",0.0149689058883127
"54598",0.0134764266632012
"54601",0.0160958120730342
"54604",0.011900826446281
"54607",0.00944583692116997
"54608",0.0240884736908865
"54609",0.0197058027767889
"54610",0.0220839843188375
"54611",0.0610483841691885
"54612",0.802291547506313
"54613",0.0163252483073847
"54614",0.00643418235499529
"54616",0.0127680902979742
"54624",0.00402751725522934
"54630",0.30775192218434
"54631",0.0430834940596078
"54632",0.00764903222995567
"54633",0.00452710705778145
"54634",0.311919736851722
"54635",0.0420077132526392
"54636",0.00436773486992461
"54637",0.00997451689292128
"54638",0.0062853184
"54644",0.00324467232815254
"54645",0.00412297364410826
"54646",0.0107336491887657
"54648",0.0231065263848497
"54650",0.00893542239053489
"54651",0.0250831360024077
"54652",0.292824154608111
"54667",0.00589675577931944
"54670",0.0739223014013541
"54673",0.00979003209390076
"54678",0.00906434841519586
"54683",0.00485189171488725
"54698",0.441512438518979
"54709",0.00507210225512885
"54710",0.400715847599252
"54711",0.0414115228074053
"54712",0.0409969815415568
"54713",0.105349410041793
"54720",0.00914271202044412
"54721",0.0219498885213585
"54722",0.0102404723734544
"54723",0.00886647444150077
"54725",0.0131031209327913
"55927",0.0139504479582586
"55932",0.0445223657062662
"55934",0.00676831868188085
"55935",0.00704100566492493
"55936",0.00572756298115224
"55942",0.0210662599789059
"55943",0.00715490852025361
"55944",0.00252739705574965
"55946",0.00374264402445913
"55947",0.021252039122022
"55948",0.19572746857615
"55949",0.00534628280726096
"55950",0.00865901769561528
"55951",0.00538864329714137
"55960",0.0094611050502171
"55961",0.466068786982248
"55963",0.0163012157959691
"55978",0.00481542013301658
"55979",0.0103418557885665
"55980",0.00532110733877695
"55981",0.0264044447427496
"55982",0.00564164200274335
"55983",0.0906703887453186
"55984",0.0127842946606416
"55987",0.171476256088804
"55988",0.00432947330209717
"55989",0.00932049807475377
"55990",0.3247305953363
"55991",0.0333183781719673
"55992",0.0112732399061424
"55993",0.326428002264466
"55994",0.0306767180236656
"56009",0.0349907641248864
"56012",0.0441191801672192
"56013",0.0188480321746625
"56016",0.0594437806751013
"56017",0.0233723507613243
"56018",0.0700919439265984
"56030",0.0224933838124301
"56031",0.00986723091156429
"56032",0.00715546613753025
"56036",0.01
"56040",0.00839996146272139
"56041",0.00802158228052691
"56043",0.0108416225899442
"56044",0.00580536097368479
"56045",0.0203729919435075
"56046",0.00457900371267391
"56047",0.3073793004614
"56048",0.00728509315405099
"56050",0.252183395749973
"56055",0.00738064028530603
"56068",0.0295653242153109
"56069",0.397110180102343
"56070",0.00420598378879921
"56072",0.294091999675384
"56075",0.0117405477847738
"56077",0.00341847684703434
"56078",0.030952412717398
"56079",0.118664582176915
"56085",0.00439867110892125
"56086",0.00393008575361202
"56087",0.498717678598673
"56088",0.0101962186960077
"56089",0.179319438683992
"56095",0.00646881670967232
"56149",0.0200465275814036
"56150",0.0185506352693311
"56173",0.361802415565667
"56174",0.0117241919085622
"56175",0.351982388667924
"56176",0.0103183281845524
"56177",0.00954315549749311
"56187",0.00826579273111405
"56188",0.0326965659598424
"56190",0.140003328903294
"56191",0.0056231681999633
"56193",0.0143188187167736
"56194",0.00552551394754597
"56195",0.00658241367034532
"56196",0.00994567687728761
"56198",0.137025292148114
"56199",0.0511460806545827
"56200",0.00729212647495333
"56205",0.00467810868921863
"56207",0.0115702126267184
"56208",0.00476973946248431
"56209",0.00550631046976732
"56210",0.0226409022491435
"56212",0.0629831494023756
"56213",0.0178106799967818
"56214",0.0139562182828951
"56215",0.00585332751438207
"56216",0.0171781512353961
"56217",0.0126122015346154
"56218",0.00852682823700022
"56219",0.012427573839354
"56220",0.0148040735107818
"56221",0.380915943492787
"56222",0.472343801652893
"56224",0.0121201919030385
"56226",0.113674914956997
"56228",0.0108369201590101
"56229",0.0278387942948787
"56233",0.0295716655076056
"56248",0.00406984499583881
"56249",0.0018023410741842
"56258",0.00311998578963961
"56264",0.0236757387574675
"56273",0.00621150539191311
"56274",0.0131979903060216
"56275",0.00652711598354112
"56277",0.120452583956768
"56278",0.0186536260875268
"56279",0.0066341368842015
"56280",0.00860075914347934
"56282",0.00912132306526953
"56284",0.0094412299824616
"56289",0.0145514924762413
"56291",0.0232414861716553
"56292",0.00567177242193127
"56293",0.528186638968122
"56294",0.00930692830875308
"56295",0.0132632963545918
"56296",0.464542302332365
"56297",0.0123358162773589
"56298",0.00423960394123734
"56299",0.0244650047135909
"56305",0.0069792274826758
"56306",0.0263781806424298
"56307",0.00420096021947874
"56309",0.0358381158823617
"56310",0.0154743675783663
"56312",0.0799564625154825
"56314",0.0154320344409293
"56315",0.493791088385683
"56316",0.00597759361292178
"56317",0.00393753742010388
"56318",0.536670669933861
"56320",0.0141747418720689
"56321",0.00654977870191062
"56322",0.00530275780408301
"56323",0.0163300404445194
"56324",0.0152503719770591
"56325",0.0209791413185283
"56327",0.0150651683277491
"56330",0.00996779513650209
"56332",0.0265053803940925
"56334",0.00220039006914862
"56335",0.00866553539918954
"56336",0.0176452108071467
"56338",0.0300553726773065
"56347",0.0018463134765625
"56348",0.00886481950840485
"56349",0.131992865246533
"56350",0.00620643155482205
"56351",0.00651486696361492
"56353",0.00816263928000451
"56354",0.00439678318623861
"56356",0.0481777057764759
"56357",0.00360202902630889
"56358",0.112478778408279
"56360",0.0167999971446679
"56361",0.0104752354942681
"56363",0.00986701293163374
"56364",0.00461057765584515
"56367",0.0133681175352064
"56368",0.0293079513232514
"56369",0.0129282866832697
"56370",0.00891962715590107
"56371",0.00744900051838542
"56372",0.00393160696037422
"56374",0.0023552073876024
"56375",0.0112313917769376
"56376",0.0106673008542943
"56378",0.0120439855727981
"56380",0.0339359316135203
"56381",0.0220331374723211
"56382",0.00681905434578295
"56384",0.00409885087863304
"56386",0.0077149962801573
"56389",0.00311722014995007
"56390",0.0159850704889358
"56392",0.00786271068108487
"56395",0.00304646652049249
"56397",0.0091425102224136
"56398",0.00918657942818647
"56399",0.00694444444444445
"56401",0.0151827359426423
"56403",0.0106403067298298
"56404",0.00580334956795052
"56405",0.0440045167778709
"56406",0.0163035289555594
"56407",0.00270031051161326
"56409",0.00492077878648734
"56410",0.515327437771912
"56412",0.00932638464300618
"56417",0.00648122214686515
"56418",0.00372072631632415
"56419",0.0515531284277346
"56420",0.00497545748451776
"56421",0.0125245995647017
"56422",0.0018669276107298
"56424",0.00455871383664553
"56426",0.0119457720260039
"56427",0.0287970615243343
"56428",0.00506638309807761
"56430",0.00513741014419202
"56431",0.00587423819752574
"56433",0.00448176641733335
"56434",0.00433774426695608
"56436",0.00528925619834711
"56437",0.264131530065923
"56438",0.0041701482214654
"56440",0.00590504064767536
"56441",0.0144154755496626
"56442",0.00462350681278866
"56443",0.00328663876282192
"56444",0.00252601653027724
"56445",0.00430717632679069
"56447",0.0058247296334623
"56448",0.0243437122484067
"56449",0.0116873630387144
"56451",0.00718585893076832
"56452",0.0143853918345693
"56453",0.00372772858734582
"56454",0.00955577434366968
"56455",0.0111079978250734
"56456",0.0129941892712054
"56457",0.00560555797034951
"56458",0.0288278007932855
"56459",0.00622575544698908
"56460",0.422520293718551
"56461",0.0162716866237356
"56462",0.00629399769191869
"56463",0.0107572215608808
"56464",0.00361651373979996
"56468",0.0017041215417768
"56469",0.00487746265922727
"56470",0.0157737121189966
"56471",0.00966192585229816
"56473",0.0113908387929492
"56480",0.00472195286299664
"56484",0.028971648788753
"56485",0.0587424087317632
"56486",0.00305268864285565
"56488",0.0163128599718059
"56489",0.214737801051953
"56490",0.0254350850564303
"56491",0.00293713306176198
"56494",0.00267614904327809
"56495",0.00479723981957017
"56496",0.0210676306706134
"56501",0.162642821959963
"56503",0.0151138823391902
"56504",0.0428073385792625
"56505",0.0135141814626032
"56506",0.0953993584512649
"56508",0.0124658308982939
"56513",0.00775778548903889
"56515",0.0196194323943948
"56516",0.0241842898550633
"56517",0.0774183399092471
"56520",0.095399751236802
"56522",0.196370151030724
"56523",0.372176733515288
"56524",0.00574888446800462
"56525",0.00684474981050474
"56526",0.0295010255817026
"56527",0.0324513877793974
"56529",0.014308705279376
"56530",0.00392279215300724
"56531",0.0135519222789779
"56532",0.526109675649635
"56533",0.0109660811299386
"56534",0.257225227415697
"56535",0.004055563290783
"56541",0.00902195863407478
"56542",0.0129660610581278
"56543",0.0102584243825308
"56544",0.0457772429821376
"56546",0.124567474048443
"56550",0.00255607302276088
"56551",0.00370300594942839
"56612",0.00647289926981665
"56613",0.0114795918367347
"56615",0.0371486476290648
"56620",0.383394791238051
"56622",0.0849473498143986
"56626",0.00823889396004073
"56631",0.013788688110175
"56632",0.00788913930053071
"56637",0.00876037290758177
"56642",0.444444444444445
"56643",0.345885756560609
"56644",0.461658268704272
"56690",0.00913732090119024
"56692",0.00670860550654742
"56693",0.0439091905606658
"56695",0.020402795168199
"56697",0.00395197320743831
"56698",0.00381707450643933
"56699",0.0297839338426801
"56700",0.00911364141238658
"56702",0.0539374928519955
"56703",0.00837408567570938
"56705",0.00313904318274189
"56706",0.0115798666462732
"56707",0.0117969958617094
"56708",0.37002414095698
"56709",0.00737428891947995
"56710",0.00490082018663287
"56711",0.0199537907069266
"56715",0.00398028489123816
"56716",0.00356426821118289
"56717",0.00710978257063829
"56720",0.120225624011116
"56722",0.083091893052871
"56724",0.0105834932257812
"56726",0.0199969619003776
"56734",0.27378317855698
"56736",0.00950215380269755
"56737",0.0133244533761631
"56738",0.0160228047659304
"56739",0.565611365197515
"56741",0.0244176916296542
"56742",0.0280163588228937
"56743",0.0320887735483573
"56744",0.405519174058592
"56745",0.106091911557775
"56747",0.0155665341953177
"56748",0.0133709083549337
"56749",0.0119782687366961
"56752",0.00714077190734691
"56758",0.00419405069299729
"56760",0.334718034014572
"56771",0.00758041311319423
"56772",0.00939982076216597
"56773",0.109370948318676
"56784",0.00437175839222978
"56786",0.00604018800608955
"56788",0.14442246761719
"56790",0.0101244371024807
"56791",0.0306744549778161
"56792",0.082666840215008
"56794",0.0249307479224377
"56795",0.0161582604729166
"56802",0.128708593501952
"56805",0.0149101056108596
"56807",0.00413385206116341
"56808",0.0402155362062378
"56809",0.00515158583491309
"56811",0.419627697062277
"56812",0.00961723328338085
"56838",0.0903722850215149
"56839",0.0102170632371593
"56843",0.379039891095918
"56844",0.00519127068634378
"56846",0.0441883324766208
"56847",0.302979642033532
"56856",0.14391512552127
"56857",0.0848466038212272
"56860",0.420162922077866
"56863",0.47420005925346
"56869",0.0198584089817151
"56873",0.00345563817404794
"56874",0.0102209878034054
"56876",0.0152057708231289
"56878",0.0282312850228773
"57028",0.0066350483136044
"57080",0.0159659260070034
"57138",0.0158978029521315
"57170",0.00783306029562584
"57230",0.00535712690805277
"57247",0.0106861865475465
"57249",0.788980834442413
"57253",0.375734456402634
"57257",0.076151629529069
"57258",0.00603743059688028
"57259",0.0244701701516431
"57260",0.382321066652459
"57261",0.0238625201819066
"57264",0.340501932297426
"57265",0.0355154730838306
"57266",0.0184242662703003
"57267",0.0130285986295381
"57274",0.197044634562329
"57275",0.0541527851552126
"57276",0.222069719152982
"57277",0.477677184501958
"57278",0.0335974937260139
"57279",0.010453370731769
"57294",0.00731520685944619
"57295",0.00354157796722911
"57296",0.00887163589726096
"57312",0.00566041537106934
"57314",0.00992752188166805
"57315",0.0135951121573232
"57316",0.0106994845189986
"57317",0.00871689915068744
"57319",0.0159419029933243
"57320",0.00766527496773814
"57321",0.00441629284815432
"57330",0.0190115764805258
"57339",0.0585125599384666
"57340",0.0138235240051924
"57342",0.0180823731037348
"57344",0.0192699372094603
"57349",0.374402865621933
"57354",0.0191059568521268
"57355",0.680925501423357
"57357",0.0183901388493323
"57370",0.0081186703412968
"57373",0.0394769564010406
"57376",0.00435672232816392
"57377",0.00637779706790124
"57385",0.331158911903361
"57423",0.014960397457798
"57429",0.497429649016974
"57431",0.00763294471998846
"57432",0.0354512351560161
"57434",0.015625
"57435",0.0670730219143517
"57436",0.00378169132042265
"57437",0.00909340246849202
"57438",0.00942985451813401
"57439",0.00537468398938917
"57440",0.0150774462870684
"57441",0.0606524617223593
"57442",0.453254292228766
"57443",0.00403671977713759
"57444",0.535395597858417
"57738",0.0196624564748143
"57740",0.0328150559167993
"57741",0.00492600882144954
"57742",0.0203651987229774
"57743",0.00517169244485244
"57745",0.00665113008694912
"57746",0.132497361387321
"57748",0.0037839518836065
"57749",0.407264639395227
"57750",0.00562961349170687
"57751",0.0106487882771464
"57752",0.010523204094696
"57753",0.00864932273291227
"57754",0.0139209972700582
"57755",0.314108378075878
"57756",0.46092091258272
"57764",0.0441758946939854
"57765",0.429293709992065
"57773",0.00503314683208754
"57775",0.0140118918382487
"57776",0.0174591308017797
"57778",0.0176812430651072
"57780",0.0934815610054835
"57781",0.331107758297764
"57782",0.00729690425027913
"57783",0.0156666388889381
"57784",0.0104635548628555
"57785",0.0199452219308297
"57808",0.00755432058520608
"57810",0.0488683162639628
"57813",0.00713495534156464
"57814",0.115423925311639
"57815",0.00542936288088643
"57816",0.0523109772951146
"57837",0.0105353220925467
"57869",0.0125621994898091
"57874",0.00280219379892797
"57875",0.0793742459653335
"57890",0.688653411113956
"57895",0.0101613004737979
"57896",0.0169377935029226
"57905",0.00743726072888944
"57908",0.00419071069511174
"57911",0.293718519242995
"57912",0.0104396704199173
"57913",0.0980644261487703
"57914",0.0201420515656416
"57915",0.00935740259084367
"57916",0.0350658159538468
"58172",0.0124615186688917
"58175",0.0363925204665664
"58178",0.0943021886043772
"58180",0.0139308022825613
"58182",0.38521979446109
"58184",0.00373331078842643
"58185",0.0621832224533041
"58186",0.0358459965747658
"58187",0.0201622840244248
"58188",0.0278672391619942
"58193",0.00835573172388364
"58194",0.01223048132593
"58198",0.0315354004746882
"58200",0.0494414525485627
"58202",0.00750589375352061
"58205",0.401243243383667
"58206",0.0426492316024683
"58207",0.257557905253801
"58208",0.126886981516469
"58212",0.00727891701006285
"58218",0.450544590973863
"58220",0.0209990149831337
"58222",0.25907367631075
"58223",0.294849993596446
"58226",0.0668294529804752
"58227",0.0144344497484574
"58229",0.0230377106177087
"58230",0.00674425479494468
"58231",0.00489650843368763
"58233",0.01
"58234",0.0374277628041301
"58235",0.0607015332913254
"58237",0.0118198747698861
"58238",0.0110803324099723
"58239",0.00731475069252078
"58240",0.0135127631646163
"58242",0.00919963781947131
"58243",0.0188360112671356
"58244",0.0102716946608554
"58245",0.0112773122405827
"58246",0.00277694520079959
"58248",0.0174426190202789
"58249",0.00924935779513241
"58250",0.0296511891997735
"58251",0.191253947439886
"58520",0.00937899168303487
"58521",0.00641411504809372
"58523",0.00281154738754669
"58799",0.00698596569391847
"58800",0.0154496634637398
"58801",0.185342724781175
"58802",0.0103316807316582
"58804",0.211958939656226
"58805",0.0914366933763629
"58807",0.025865653779058
"58809",0.0187510765247127
"58810",0.00668741094825402
"58859",0.0286273938528244
"58860",0.308537976665522
"58861",0.11128657276734
"58864",0.543088560889591
"58865",0.379277971319213
"58867",0.415135454026447
"58869",0.0463833605067371
"58875",0.00760026298487837
"58887",0.00827275560592716
"58894",0.0142837091263521
"58909",0.0111927445625266
"58911",0.00707786011720878
"58988",0.0167747310767459
"58991",0.394293482671861
"58992",0.313643037019197
"58994",0.0177015601687266
"58996",0.0164666998801123
"58998",0.196660453850763
"59001",0.0182911726190181
"59002",0.00873930424023669
"59003",0.00704098532602834
"59004",0.0159179806831255
"59005",0.00467559294632777
"59007",0.00566354928757074
"59008",0.00314368808348591
"59009",0.0812440192257186
"59010",0.0245685626925763
"59011",0.410259601639796
"59012",0.0310918116140327
"59013",0.00864217167860464
"59014",0.0128898294252114
"59015",0.00510204081632653
"59016",0.00671574543798945
"59021",0.00477878931359045
"59022",0.00684785126176804
"59024",0.013770188581953
"59025",0.0087890625
"59026",0.00830857515650502
"59027",0.00597936338073652
"59028",0.0119366023667146
"59029",0.00653944057319346
"59030",0.0102197736570217
"59031",0.0201769111570248
"59032",0.0134023370424819
"59033",0.0134754755733777
"59035",0.0110472403455907
"59036",0.0436756976453324
"59038",0.00926640359770532
"59040",0.00272375039089363
"59041",0.00890711440138062
"59042",0.00745897838755136
"59043",0.00985030741070643
"59044",0.00284556024101877
"59045",0.00383199099992004
"59046",0.0170995720482982
"59047",0.00596853862294569
"59048",0.0131349053260475
"59049",0.00842784197796291
"59050",0.0089604225183542
"59052",0.00628413840521288
"59053",0.0219205754518695
"59054",0.00638866253544087
"59056",0.0244037396811079
"59057",0.00686377394455441
"59058",0.0409495979968794
"59069",0.00251400949905883
"59079",0.0366638028638619
"59083",0.365493873067464
"59090",0.0275162294324313
"59091",0.368526721537554
"59092",0.00857862465927264
"59093",0.0107364439972519
"59095",0.0396234002307301
"59125",0.00575947673646692
"59126",0.0125796747883072
"59287",0.00564305442947767
"59288",0.00761259479092988
"59289",0.371821620712932
"59308",0.0374263769597986
"60315",0.00509379176219221
"60321",0.0090702947845805
"60322",0.0816782795606615
"60344",0.440792952875403
"60345",0.0364232973687902
"60363",0.305129982613021
"60364",0.00978208886331988
"60365",0.00521560083498906
"60367",0.0393735311746536
"60406",0.0402635907202216
"60409",0.0101553039753614
"60411",0.0997455215946073
"60425",0.0953862369251148
"60440",0.101974789128926
"60441",0.00699988889065253
"60455",0.0138864704680532
"60504",0.32018309269641
"60505",0.413852927188032
"60507",0.0150058596265031
"60510",0.101360843541742
"60525",0.00817996145523725
"60527",0.0262755211662118
"60530",0.0664819771435077
"60532",0.00338424835917434
"60533",0.0739892848545441
"60534",0.00911973021522407
"60594",0.271447658187794
"60595",0.00666389004581425
"60596",0.010030267575734
"60597",0.011491314676754
"60599",0.0175248801839068
"60611",0.0149320782917358
"60613",0.0413085664737271
"63828",0.00956259620624422
"63830",0.0189377998484976
"63856",0.00532964422323943
"63857",0.478042602539062
"63859",0.370965305506348
"63872",0.235918367346939
"63873",0.876113746794064
"63913",0.0493030986241184
"63953",0.0678897796696171
"63955",0.0256075403156117
"63958",0.00756143667296787
"63959",0.0170723911594787
"63985",0.0142499334418298
"63986",0.148233668508851
"63993",0.112630561658187
"64008",0.112843278735177
"64009",0.0280624884802417
"64010",0.00766897330482693
"64011",0.0186871201699177
"64050",0.00483385404923178
"64051",0.00394014355053316
"64058",0.161054362880886
"64074",0.0258815744178818
"64075",0.0692885404168024
"64082",0.314693634741225
"64085",0.0184183673469388
"64095",0.0480723306614204
"64099",0.0707838042298322
"64103",0.455656791729109
"64113",0.0263584775086505
"64136",0.0388612684831901
"64138",0.0262965668371074
"64143",0.0187529498081454
"64144",0.0173598429510592
"64176",0.153550500604001
"64177",0.172563685983151
"64209",0.00913231371361344
"64213",0.00597107438016529
"64214",0.398649368639778
"64242",0.414224993012428
"64291",0.0184183673469388
"64292",0.0238308200956883
"64293",0.23418800758515
"64294",0.0257677954242457
"64295",0.0128600276331172
"64296",0.0101660611763742
"64297",0.0373879084754459
"64337",0.0199803655406488
"64339",0.00480943405685863
"64340",0.00542851754783241
"64378",0.240223366537212
"64379",0.45264530547612
"64380",0.326410765045326
"64383",0.0101890804728073
"64384",0.00510611511507922
"64385",0.0203741792730297
"64406",0.353284624441541
"64424",0.0194706338850773
"64436",0.00850828467247691
"64450",0.00900940477737119
"64451",0.0174126806710866
"64453",0.008082842312658
"64540",0.0354695226917489
"64580",0.219684630131872
"64602",0.0164974068277008
"64652",0.00719054692547255
"64654",0.363026737078701
"64655",0.0111950052029136
"64656",0.00654195501730104
"64657",0.00635064738875975
"64658",0.00635967359315139
"64659",0.0107767143339126
"64660",0.00953324746299622
"64685",0.0267234393488472
"64704",0.0123456790123457
"64705",0.329273354490466
"64706",0.09072897496181
"64707",0.0254211397287879
"64817",0.120992594882857
"64833",0.0563056592933065
"64898",0.00616132070215385
"64899",0.0993138992248479
"64918",0.597866295966301
"64929",0.0540546286732453
"64930",0.00308641975308642
"64933",0.0186696371359696
"64934",0.00285341707730657
"64945",0.0119469285255961
"65019",0.00470204081632653
"65020",0.00701303113397559
"65079",0.0142040233173469
"65086",0.387181085553662
"65098",0.0121609870251242
"65099",0.011962890625
"65100",0.0685463285102163
"65102",0.00926769950676992
"65103",0.0194887853612632
"65105",0.0158528220251042
"65106",0.0057158617304678
"65107",0.0268492183217748
"65111",0.00406147255775629
"65112",0.0268692830687109
"65113",0.00603216731923135
"65114",0.00898802496205093
"65115",0.054822619258046
"65116",0.0472710860278788
"65221",0.133125613095898
"65246",0.00308641975308642
"65247",0.017791762263198
"65254",0.0385837455193125
"65255",0.439425785186174
"65256",0.115624864225341
"65257",0.00931055709449061
"65945",0.00926854673816597
"65960",0.00938304072207206
"65961",0.010656762793756
"65962",0.0110192740833923
"65963",0.020135416599717
"65964",0.0163631293077692
"65967",0.00660333508843264
"65969",0.165377777777778
"65970",0.015025301784478
"65971",0.307982131616398
"65972",0.160683906038399
"65973",0.00603799371228079
"66011",0.01079440040479
"66039",0.160373244680523
"66042",0.572421415823914
"66043",0.0122676654382311
"66044",0.0065452285317322
"66046",0.00869408683549435
"66047",0.0155688118525065
"66048",0.00435045815479412
"66049",0.0174439302242791
"66050",0.0211696109125831
"66052",0.00301670231916071
"66053",0.00417217286657408
"66054",0.00607395357927736
"66055",0.0104109164033324
"66056",0.0237215003188776
"66058",0.0302829794359191
"66059",0.0111292660288062
"66060",0.00903440839133418
"66061",0.0186509087908686
"66066",0.0608405660995411
"66067",0.0136686430418382
"66069",0.00914074341152041
"66070",0.00505679012345679
"66071",0.0381065027434874
"66072",0.00825551697314552
"66073",0.00827865681813995
"66074",0.011094230599149
"66075",0.00418563525196746
"66077",0.00784289426831952
"66078",0.00582716624905309
"66079",0.0209121457745988
"66082",0.0055599811994824
"66083",0.011046137871217
"66084",0.00622098789922634
"66085",0.00736716433724545
"66086",0.00894780097779323
"66087",0.00293583974486616
"66089",0.00444348103590786
"66090",0.0042453569069738
"66091",0.0138300886338172
"66092",0.00432907243793075
"66094",0.0108997110048166
"66096",0.00582581169788883
"66098",0.0167053661856628
"66101",0.010127144305172
"66102",0.147511249875735
"66104",0.0134913916620828
"66105",0.00977127275527539
"66108",0.0108638110276467
"66109",0.00759839249624092
"66111",0.00966026368623464
"66112",0.489618899489428
"66114",0.0131578635481403
"66116",0.0215344542959093
"66117",0.00837539395578709
"66118",0.01
"66119",0.019611184820373
"66120",0.390906582257934
"66121",0.0140625758731581
"66123",0.265911213519759
"66124",0.0178234890719305
"66125",0.0146230932032571
"66126",0.00906644817954123
"66128",0.0131702279771761
"66129",0.015614244536543
"66131",0.0131384758730328
"66132",0.0144056211573584
"66136",0.0133136094674556
"66138",0.0083334704107138
"66139",0.329538708865899
"66140",0.0151240708605057
"66141",0.0621053963083721
"66142",0.0155359941998217
"66143",0.0163476828511853
"66144",0.0107863138559582
"66146",0.00934383011284069
"66147",0.0107858051107845
"66148",0.016065966164956
"66151",0.0110083981702552
"66152",0.0140124714138357
"66153",0.147477647300591
"66154",0.0100560283355906
"66155",0.00429048018660956
"66156",0.0117639053254438
"66158",0.0190449547932866
"66161",0.0067652405314743
"66162",0.0246860833815587
"66163",0.00496257759870092
"66164",0.00927636964657611
"66165",0.00554066323421512
"66167",0.00741649087243117
"66168",0.00615546290041115
"66169",0.0125380849230258
"66170",0.0194286180119255
"66171",0.0114040435599353
"66172",0.0133090791027185
"66174",0.0608639873320956
"66175",0.135356472159639
"66176",0.00939166999528335
"66177",0.00330294622803541
"66179",0.037596580957621
"66180",0.0138098398463587
"66181",0.0106082284784469
"66183",0.230220489187153
"66184",0.0217701262436015
"66185",0.00404477567900846
"66190",0.0118628728680655
"66191",0.00790160461881354
"66192",0.0153470630615163
"66193",0.011548303700858
"66194",0.019131124000266
"66196",0.0265727349921381
"66197",0.248204673671135
"66199",0.00705006185593307
"66200",0.0106633539028696
"66201",0.00629769258856354
"66202",0.013493756069232
"66204",0.0139151434999173
"66205",0.0259054543958716
"66206",0.0123543930964311
"66208",0.00672806853456347
"66209",0.00812918467658482
"66211",0.409264697469537
"66212",0.0117970514385108
"66213",0.0106072825609299
"66214",0.0210620551014143
"66218",0.00893046243425659
"66220",0.0203188497476587
"66222",0.100085950413223
"66223",0.00969569073524033
"66225",0.0125989171178676
"66226",0.0141525072219412
"66229",0.00427073714989227
"66230",0.0172174478240843
"66231",0.0092496983842943
"66233",0.0065934730361492
"66234",0.0262965668371074
"66235",0.00395317150130876
"66236",0.00559468477628058
"66237",0.0241096198347107
"66240",0.0607806876865586
"66241",0.0177558907034871
"66242",0.0159563160879865
"66244",0.00553564478835192
"66245",0.0119943972367524
"66246",0.00497450493031082
"66248",0.0173343718328528
"66249",0.00658862345237248
"66251",0.00574731402060673
"66253",0.0286633723354542
"66254",0.00987663957689959
"66255",0.349526696179289
"66256",0.00738305640454194
"66257",0.00823041768519503
"66258",0.00578412618605747
"66259",0.0105831488987712
"66260",0.301256537843147
"66261",0.373192629714303
"66262",0.00858309209381233
"66263",0.0257600845173926
"66264",0.0395749470874321
"66266",0.00299086010228586
"66268",0.0142515473829698
"66270",0.00779215711021363
"66271",0.0186333224060029
"66272",0.0242371664527476
"66273",0.0184294901089098
"66274",0.00761587728581729
"66276",0.0143219106663903
"66277",0.0163209066739118
"66278",0.00748555720641758
"66279",0.0162852758601387
"66282",0.0242513271936834
"66286",0.013168503090567
"66290",0.00694444444444445
"66291",0.0190719707599093
"66292",0.0127137941189763
"66293",0.0354651300684904
"66294",0.0127929501787274
"66296",0.00646365900080568
"66297",0.04345236678005
"66300",0.0314971636245035
"66302",0.0204730254013046
"66306",0.0091319115552035
"66307",0.0262155296993418
"66308",0.0156790529512277
"66309",0.00794545622277146
"66310",0.0137479053383947
"66311",0.0617600488043158
"66313",0.00510204081632653
"66314",0.00352527087972772
"66315",0.00707896392420126
"66317",0.00682022572259456
"66320",0.0102154336734694
"66323",0.0526552227701124
"66328",0.377031614800712
"66329",0.0698095061987608
"66330",0.337762358805038
"66333",0.0407238522905442
"66335",0.0136185162070671
"66336",0.0580405059250757
"66337",0.016979573228144
"66338",0.412042976098495
"66340",0.00754555408675596
"66341",0.134254522443809
"66343",0.0137164191218245
"66349",0.00596549925313882
"66350",0.0111747762165801
"66352",0.00538916348545191
"66353",0.08959735058657
"66354",0.00380407217016726
"66355",0.00839233961449241
"66356",0.00645632998560986
"66357",0.014261699886598
"66358",0.0158027946465883
"66359",0.0221335908525701
"66361",0.00716953344614349
"66362",0.0199605967112255
"66364",0.0325054515169542
"66365",0.0103461851891632
"66366",0.00578126780303486
"66367",0.01517824
"66368",0.00893011671417858
"66369",0.0101867292219128
"66371",0.461442822684833
"66373",0.0273168854826784
"66374",0.00466629820402696
"66375",0.0177065072279624
"66377",0.0145089873123129
"66379",0.00904170443267118
"66381",0.0142995564257215
"66383",0.0103283733994616
"66384",0.019550955743134
"66385",0.00214665851731489
"66387",0.0226619427973906
"66388",0.0158863559358873
"66390",0.00966320367212864
"66391",0.0530361964793252
"66394",0.00542763797310782
"66395",0.0290187263385614
"66396",0.0167855509844368
"66397",0.00813079117445712
"66398",0.0110013651299236
"66399",0.0149221569657604
"66400",0.00971372067908245
"66401",0.0177274514681925
"66402",0.377096771608377
"66403",0.0149799707895027
"66404",0.00268144620821455
"66405",0.0290984811305674
"66406",0.0127579662911725
"66407",0.00470401345915609
"66408",0.00724914367574226
"66409",0.00668446553352205
"66410",0.00761226971758029
"66411",0.0121461856586773
"66412",0.0150471111111111
"66413",0.0102092269788746
"66414",0.0208774509512262
"66416",0.0110240577527086
"66419",0.0078103988178684
"66420",0.00581786716879465
"66421",0.00969311297693697
"66422",0.0270803787417949
"66423",0.0346884178906273
"66425",0.0581227426416965
"66427",0.00546178666657335
"66431",0.0218843396781791
"66432",0.0067070451843044
"66433",0.00990994616106832
"66435",0.00632995948750661
"66437",0.00688475287167331
"66439",0.0109720494125544
"66440",0.00659497231000753
"66441",0.0422603757490764
"66442",0.312343029662211
"66443",0.0222766763198931
"66445",0.00450527171804051
"66446",0.00651060765037711
"66447",0.0186603624248083
"66448",0.013947341750781
"66449",0.00758979646682645
"66454",0.0231531850486182
"66455",0.0130798368486606
"66456",0.0151886011458464
"66457",0.0408033272300837
"66459",0.00976665309523122
"66460",0.00384145461480808
"66461",0.00457705189702725
"66462",0.0122526798781694
"66464",0.0101383621238252
"66467",0.00654591745632133
"66468",0.28486235239937
"66469",0.0167992730652611
"66471",0.00612476370510397
"66475",0.00707668346451687
"66477",0.0122149963395974
"66480",0.00386223626671774
"66481",0.0102720964207451
"66482",0.00249634547496767
"66483",0.00577669806931078
"66487",0.0171496960459574
"66488",0.00968464755712535
"66489",0.00686592559048387
"66491",0.0168507836411006
"66492",0.0106034441219556
"66493",0.0106875096126727
"66494",0.00799629915482305
"66495",0.00871790126206947
"66496",0.00633584510839481
"66497",0.0371678554991087
"66498",0.00746641756369285
"66500",0.00734919036568256
"66503",0.403846917942198
"66505",0.00159370473649727
"66506",0.0212229012902769
"66508",0.00463422160506072
"66510",0.00484196716287844
"66511",0.00372424785669881
"66513",0.00949375410913872
"66514",0.00971263906495722
"66515",0.0137659815715049
"66520",0.0157598541466593
"66521",0.00675196742351469
"66522",0.0113209215016157
"66523",0.0115571564258678
"66525",0.00550151309153107
"66526",0.00937813045471797
"66528",0.0799509691627958
"66530",0.00332503609414181
"66531",0.0240115755043209
"66532",0.260003618175523
"66536",0.0198521775362093
"66537",0.0105149218104171
"66538",0.0120512360204524
"66540",0.0195328128469903
"66541",0.0097166918163451
"66548",0.146852922483123
"66549",0.00271781855753465
"66552",0.00874088418349621
"66556",0.0126392299260401
"66559",0.0140246918656814
"66561",0.77726953825635
"66566",0.0112567836593064
"66568",0.0243292576904521
"66569",0.0186587706664537
"66570",0.119677102933581
"66573",0.0135558274159078
"66576",0.00906357604793353
"66578",0.0351057925253382
"66580",0.0118856859823202
"66583",0.00750855478981213
"66585",0.00960852112504037
"66586",0.0249255828014234
"66587",0.00650164173223819
"66588",0.0102909901104923
"66589",0.00601115606473322
"66590",0.00650364203954214
"66591",0.0140108288213244
"66592",0.00647579712427057
"66593",0.00372657942363727
"66594",0.0103220938356605
"66595",0.015215356960997
"66596",0.0123456790123457
"66597",0.00608542051361951
"66599",0.0177061654526535
"66602",0.00974166469695838
"66603",0.0255475678581027
"66606",0.0101519066803
"66609",0.00397356828977222
"66610",0.055994200694741
"66611",0.281417311124331
"66612",0.00570061909885902
"66614",0.0108506944444444
"66615",0.00849455286797341
"66616",0.00791753897567512
"66617",0.015904318963036
"66618",0.0080082478129179
"66620",0.331422037903073
"66622",0.00486998475667131
"66624",0.00522106154422783
"66625",0.00993770367698796
"66626",0.00206099680521368
"66627",0.0162531326127892
"66628",0.0233123594576306
"66629",0.00263400336248453
"66631",0.00718167417321041
"66632",0.0181350245992627
"66634",0.0255866196265189
"66637",0.0129568679298852
"66641",0.0041372423480017
"66642",0.0100397522733307
"66643",0.0063725949132122
"66645",0.00303585939769976
"66646",0.00984093248374575
"66647",0.026979318112634
"66648",0.0112960171047943
"66653",0.0149926297489006
"66654",0.280383385739824
"66656",0.00367546899279106
"66658",0.0207424170470112
"66659",0.0109796026380104
"66660",0.00743985818548222
"66661",0.00399386409806387
"66662",0.0421565946137265
"66663",0.00479289940828402
"66664",0.0314370504501786
"66665",0.00778233130402242
"66667",0.0209041875479181
"66671",0.00692453206918768
"66673",0.0358108142274207
"66674",0.00740728298844397
"66676",0.00694444444444444
"66679",0.0059884564566094
"66680",0.00864626938358407
"66681",0.0334901449524346
"66682",0.00598378056873025
"66684",0.00910661224489796
"66686",0.0163985400517417
"66687",0.0121938270867291
"66689",0.0104205853954646
"66690",0.00356463639218217
"66691",0.00093834460778953
"66694",0.00493140556416348
"66695",0.0956784461390289
"66696",0.484920752872419
"66700",0.00235857101784035
"66701",0.0188747539619954
"66704",0.00762300470224533
"66705",0.0546653141748962
"66706",0.00784623343144736
"66707",0.0821576139961235
"66711",0.00571471397059866
"66713",0.00678146232306773
"66714",0.0297265160523187
"66715",0.0593473075144492
"66717",0.0327634555976018
"66720",0.0504673954330888
"66722",1.16187263238516
"66724",0.00863825283238103
"66725",0.0089446061195757
"66729",0.0816326530612245
"66730",0.0247260601342854
"66733",0.0439707225403055
"66734",0.0174065016330393
"66736",0.0111989027297814
"66737",0.0665840761463374
"66743",0.00570549987131459
"66748",0.722047943073789
"66752",0.0149048367862895
"66753",0.00650025957071907
"66756",0.00903973966131782
"66757",0.0218990385209044
"66765",0.210816926945164
"66766",0.32606879119774
"66768",0.0128295189624526
"66769",0.123261015448231
"66771",0.00706805961139288
"66774",0.0905980049998762
"66775",0.0135214006268162
"66776",0.0292146844729886
"66779",0.149585510438297
"66783",0.195824342048488
"66784",0.405647675736961
"66787",0.0143594551151447
"66789",0.0144098512054585
"66790",0.0204745348294982
"66793",0.0577947309298424
"66795",0.00933009822736053
"66797",0.0459416495711037
"66799",0.00539416451088574
"66801",0.0133136094674556
"66805",0.320248177838423
"66808",0.225681641074231
"66809",0.418910955198529
"66810",0.0108372743285941
"66812",0.00551962890430951
"66815",0.375670165237842
"66816",0.00981556048596273
"66817",0.0189632954892193
"66818",0.00497712079393165
"66821",0.00757685356453496
"66822",0.00455465650811693
"66824",0.0311967875888487
"66826",0.00577609852578071
"66827",0.00995018687694728
"66830",0.00809223845908837
"66832",0.0168420422657097
"66834",0.00676124038934061
"66836",0.00763187352303036
"66838",0.0356320472676888
"66839",0.00482167773415379
"66840",0.0058995570368951
"66841",0.0072521701421223
"66844",0.0748561209798306
"66845",0.0133383812724411
"66847",0.0119451085529498
"66848",0.00550296633095329
"66849",0.00608448674920476
"66853",0.0267732401536813
"66854",0.0035790371663182
"66855",0.00620289280782049
"66857",0.363071692038793
"66859",0.223539505422505
"66860",0.0198536195568165
"66861",0.0129194697110373
"66863",0.0156386791413892
"66864",0.0484177256911168
"66865",0.0019546179355126
"66866",0.0107518275844494
"66867",0.00294785751664687
"66868",0.00342268003062639
"66869",0.00831923306449019
"66870",0.00468578304021132
"66871",0.0807791080934124
"66873",0.0327158875591003
"66874",0.00437478944909015
"66875",0.0198516415495741
"66877",0.00868637525041701
"66878",0.00357992435699388
"66880",0.00767856238192407
"66881",0.00442376462242112
"66882",0.00422415358803307
"66884",0.00394195468345332
"66885",0.00276769849183226
"66887",0.00531338048266665
"66889",0.0261735699747173
"66890",0.00384008362258223
"66892",0.00503267329128272
"66894",0.00961234796710844
"66895",0.029711807843554
"66897",0.0244251501413058
"66898",0.177332813119269
"66899",0.00375982190529444
"66901",0.0146593802968687
"66902",0.0189959225650626
"66904",0.0032196061103396
"66905",0.0279371908094168
"66910",0.0155168494806406
"66911",0.00528606973954195
"66912",0.00956049382716049
"66913",0.00631347274803197
"66914",0.00545441181133457
"66915",0.0207749141236713
"66916",0.0131088102645458
"66917",0.015265652704404
"66921",0.0177021009096648
"66922",0.0387378359407644
"66923",0.00501716389361121
"66925",0.00620564920167329
"66926",0.00687050687513125
"66928",0.00902171310209408
"66929",0.103746721093016
"66930",0.0744068595298701
"66931",0.168688536297141
"66932",0.0126900329016642
"66934",0.023259545080201
"66935",0.00910536409053604
"66938",0.168663931091576
"66939",0.00705736038945074
"66940",0.015898984064326
"66942",0.00817414148996059
"66943",0.0230283577344093
"66945",0.00183722295989357
"66948",0.0193979851645237
"66949",0.0675276295885573
"66950",0.00690768182039193
"66952",0.12469556398759
"66953",0.0521041168526404
"66958",0.00735574947595547
"66959",0.0348663824721194
"66960",0.00631104504595284
"66961",0.0585864417978008
"66962",0.00780026136151492
"66964",0.00655586244185496
"66965",0.0111346227340277
"66966",0.00804833997721486
"66967",0.00284444444444444
"66968",0.261036212124101
"66970",0.00521697549640946
"66971",0.00736295826113528
"66972",0.0370091007605377
"66973",0.0129637476040476
"66975",0.00581149832089927
"66977",0.123959086806033
"66978",0.00404616434998775
"66979",0.00713340029218408
"66980",0.00571480515108156
"66983",0.00527681504759697
"66985",0.141620744051852
"66988",0.00793446790480898
"66989",0.00308641975308642
"66990",0.0110640378056911
"66991",0.0886057530674883
"66993",0.042250675406897
"66994",0.00596732174107486
"66995",0.00812506473225641
"66997",0.0049572067457558
"66998",0.0127549930616604
"66999",0.00485831946773019
"67003",0.00350392426828417
"67005",0.0111408129608548
"67006",0.00598190419091098
"67008",0.00554318290798657
"67009",0.0381131584551238
"67010",0.00753995180829868
"67011",0.00555270817883079
"67013",0.0134707165552533
"67014",0.0101540924243148
"67015",0.0084629800968172
"67016",0.0121383012158309
"67017",0.0236073081205634
"67019",0.0202758419695911
"67020",0.0331566050345288
"67023",0.00821496688707896
"67025",0.00524278016704899
"67026",0.00876480678505459
"67027",0.00374872254887748
"67028",0.0120327467721783
"67030",0.0164477002138594
"67031",0.00866047516932213
"67035",0.0091583639330181
"67036",0.00881299458558934
"67037",0.0567456237031199
"67039",0.00642148650918269
"67040",0.00741276036673342
"67041",0.00168155157485465
"67042",0.0140814389742006
"67043",0.00796547198301577
"67044",0.00794805659621317
"67045",0.00781322053336246
"67046",0.00980399037908127
"67048",0.00818115222468563
"67049",0.0123456790123457
"67050",0.00630357953266319
"67052",0.451571434446586
"67053",0.00695377837409615
"67054",0.00393787515770106
"67057",0.00436444915573902
"67059",0.00833849465416902
"67062",0.0160863607996756
"67063",0.00581766387320614
"67064",0.00583159686485253
"67065",0.00778482485549074
"67067",0.013356486422647
"67068",0.0110338252948238
"67070",0.00612087971706436
"67071",0.0529091585306112
"67072",0.00833129751193577
"67073",0.0324057100057165
"67074",0.00236986033673271
"67075",0.0185610519164909
"67077",0.222799478118428
"67078",0.00981296338002793
"67080",0.0249209128230028
"67086",0.373597970271567
"67087",0.00786309444937079
"67088",0.0221187978100893
"67089",0.00889666460338709
"67091",0.0138621222517364
"67092",0.0380221834898071
"67095",0.011900826446281
"67096",0.0094956221309964
"67097",0.00611632895643776
"67099",0.00724955554405455
"67101",0.0230841916202438
"67102",0.0728073066711951
"67103",0.0483794654223779
"67105",0.0155585398263573
"67106",0.017760452319276
"67109",0.00662097492659614
"67111",0.0135624966999252
"67112",0.102133265494501
"67115",0.00646470346195363
"67116",0.00449456573795812
"67117",0.0198720736278865
"67118",0.005625
"67119",0.0170348729294894
"67120",0.019343974636897
"67121",0.0304535098413196
"67122",0.0125384267467088
"67123",0.00284691741938428
"67125",0.00652219294632732
"67126",0.0167303345270329
"67128",0.0081215126361494
"67130",0.00820059000052792
"67131",0.00709141274238227
"67134",0.00292503402803016
"67136",0.00515675399960665
"67138",0.0216796256634272
"67139",0.00875346946246594
"67141",0.058678291732572
"67143",0.00613731444711079
"67144",0.00528432793754001
"67145",0.0356887246260836
"67148",0.00813103270582414
"67149",0.0102986625130505
"67150",0.00395612515386179
"67151",0.00783034004451115
"67153",0.0229720468617985
"67154",0.00539319555287993
"67155",0.00760072700264372
"67157",0.00572522074621069
"67158",0.0132351789490171
"67160",0.00217342874685532
"67161",0.012867719110439
"67163",0.00349578220389323
"67164",0.0333267150356916
"67166",0.00584462497930523
"67168",0.0229430262804563
"67169",0.168771053573478
"67170",0.0105511317485823
"67171",0.0130816966253537
"67177",0.197797756782628
"67178",0.0119738755514077
"67179",0.00558100218744684
"67180",0.00553733622672803
"67181",0.00730347483188224
"67184",0.0120229301323484
"67186",0.00337205307926628
"67187",0.00490652246184057
"67188",0.0418305395581146
"67194",0.125840510993276
"67196",0.108533970439303
"67197",0.00692610928559338
"67198",0.0207536589304326
"67199",0.0117784906370054
"67200",0.0194573387435385
"67201",0.00617683047079494
"67203",0.0249969370508984
"67204",0.00630307249817385
"67205",0.0129125569180487
"67207",0.00655444391747155
"67210",0.0084655372798653
"67211",0.00975250186022031
"67212",0.0073951273268561
"67213",0.00895009852626723
"67216",0.00344759983422366
"67217",0.0498365917292881
"67219",0.0212811420024464
"67220",0.0259890282089676
"67222",0.00808166006866276
"67223",0.0145105966496844
"67224",0.00911874414153538
"67225",0.0114707989207869
"67226",0.00770033590880146
"67228",0.00842815421566433
"67229",0.00466100887041607
"67230",0.00842655690313873
"67231",0.0106702089119672
"67235",0.00987220578566732
"67236",0.00667730619411856
"67238",0.00997580158176456
"67239",0.0175430902153414
"67241",0.00871597290039063
"67242",0.0439375330881763
"67245",0.00907325723896904
"67246",0.00805066664497626
"67247",0.0169534393697334
"67248",0.0167654273394564
"67249",0.00642231907635154
"67252",0.00822985132383906
"67254",0.00271309436005167
"67255",0.0108304731066484
"67260",0.00404778911329401
"67261",1.21812419036293
"67263",0.0191407451326311
"67264",0.00827268002324028
"67266",0.00883559503058754
"67267",0.00736797509624417
"67268",0.0157554961117315
"67269",0.00325121636057452
"67270",0.0100663662554546
"67272",0.0205916065072694
"67273",0.0112594831413405
"67276",0.0169542100694444
"67277",0.306480726776987
"67278",0.00788925716894593
"67279",0.0166453013168103
"67280",0.41176910476946
"67281",0.007702863286555
"67282",0.0118202406706328
"67283",0.00473532756534085
"67285",0.0115976331360947
"67286",0.00406291905883077
"67287",0.00405214697074332
"67288",0.0136882865946609
"67289",0.195214300715446
"67290",0.0236183782872826
"67291",0.00559951871905225
"67292",0.00875545877430827
"67293",0.0522181730874818
"67295",0.0261150133508863
"67296",0.0163867848891159
"67298",0.0112292872392035
"67299",0.00326303183651939
"67300",0.0024745548729696
"67302",0.00407196148556096
"67303",0.313189125494487
"67304",0.0646500729942106
"67305",0.0274557193077339
"67306",0.00495507058109832
"67307",0.108523040738894
"67308",0.0073823736750659
"67311",0.0161379455792866
"67313",0.089146188525465
"67317",0.331789891618277
"67325",0.366813393174763
"67326",0.01641790877946
"67329",0.401562812777031
"67330",0.20564443543059
"67331",0.448986419802721
"67332",0.0160497062118747
"67333",0.00747991234477721
"67337",0.00514644395157225
"67338",0.0225452488573521
"67341",0.153130156545557
"67342",0.462593356504173
"67343",0.356238345908815
"67344",0.651093560066265
"67345",0.00407756871678874
"67349",0.139419392401052
"67350",0.291408401990822
"67356",0.145175111454047
"67358",0.568635925422798
"67367",0.00848337950138504
"67369",0.0118464197063411
"67370",0.0148606216029351
"67371",0.00983842204772561
"67374",0.0111414624857252
"67375",0.257055203708241
"67378",0.00839032768276754
"67379",0.00787803784741599
"67381",0.00853996371942039
"67382",0.0129389989904375
"67383",0.0138193734645247
"67384",0.00669421487603306
"67387",0.00704665796148516
"67388",0.011585613826285
"67389",0.044722585803648
"67390",0.00598603010224887
"67391",0.00990534266039668
"67392",0.00700725547409454
"67393",0.0102222021661694
"67394",0.134358567633729
"67397",0.0052020322130997
"67398",0.00452885745834242
"67399",0.0173305560006409
"67405",1.54341417666306
"67412",0.00250316756382556
"67414",0.0075552569252129
"67416",0.00763573456448486
"67417",0.00775409874171927
"67418",0.00707446817466466
"67419",0.0608118555338921
"67420",0.0064
"67422",0.00798588317768142
"67425",0.0778291672193268
"67426",0.0247760600760522
"67427",0.0050927291087922
"67429",0.00826103582375152
"67430",0.459856827493842
"67432",0.0806694443471867
"67433",0.00284444444444444
"67434",0.0489323516338078
"67437",0.0071522215113731
"67439",0.00268861454046639
"67440",0.00463190173945409
"67441",0.0364734412567406
"67442",0.0198306030679546
"67443",0.00663377080731353
"67444",0.00332279781746119
"67445",0.0383431043807463
"67446",0.0132312998689115
"67448",0.00865659924791896
"67451",0.0516212505845369
"67452",0.00401111111111111
"67453",0.00586364294403007
"67454",0.0113016016854183
"67455",0.0253241264315021
"67456",0.00683917510137572
"67457",0.0370219184009595
"67458",0.0096112039680884
"67459",0.00671636141844852
"67460",0.0141404017409202
"67463",0.00443406629399948
"67464",4.72077199879152
"67465",0.0055731439455722
"67466",0.0083870859338633
"67467",0.00408427728806391
"67468",0.0252675855017226
"67469",0.00755403050183615
"67471",0.00592696044033156
"67472",0.0162995128288001
"67474",0.00805391190006575
"67475",0.0144592066862344
"67477",0.052353798185941
"67480",0.00758859162732207
"67483",0.409883443852889
"67484",0.010307184010229
"67486",0.0300063290731531
"67487",0.00891732973437322
"67488",0.00436045683562107
"67489",0.00589819620820673
"67490",0.00548696844993141
"67492",0.0186065561707554
"67493",0.0030517216616313
"67495",0.00321819624086265
"67498",0.0262097556715636
"67500",0.00795465065041196
"67501",0.00767460908219979
"67503",0.394090578528727
"67507",0.305439116034294
"67509",0.0157356191237249
"67510",0.00621939892310354
"67511",0.0094342840713614
"67512",0.103316326530612
"67513",0.00937899168303486
"67515",0.00810853305181824
"67516",0.0278351402359748
"67525",0.0600458233353931
"67526",0.00626255340434542
"67528",0.0594954040969123
"67529",0.0142381166741861
"67530",0.00847363803750063
"67531",0.0604965688849924
"67532",0.00450197710718002
"67533",0.00967715142458201
"67534",0.00891975308641975
"67538",0.0206512601486112
"67542",0.00565446904890734
"67544",0.00157073353078787
"67547",0.0251843100189036
"67548",0.402448721047148
"67549",0.00563260906237014
"67552",0.173970612631872
"67553",0.0112704997719082
"67554",0.0322001406702348
"67556",0.00805844464462318
"67557",0.00439165269961062
"67561",0.00210146925105637
"67563",0.0054638032455028
"67564",0.0143180656001169
"67568",0.0070868908788005
"67569",0.147907071368768
"67573",0.0822798866279041
"67574",0.0289819352992414
"67576",0.0747905378364053
"67579",0.0100590840664456
"67580",0.572083358132255
"67581",0.0032731473567079
"67582",0.0141901121254705
"67586",0.0200620368906334
"67588",0.00468417932889011
"67590",0.00576474622770919
"67592",0.419123605454441
"67596",0.34493246977083
"67602",0.00600596736291664
"67603",0.0389557456708044
"67604",0.00345200385919786
"67605",0.00669113105026444
"67606",0.213662948402203
"67607",0.0105464199024127
"67608",0.00619478510110725
"67609",0.00871929025455752
"67610",0.00995758223231954
"67615",0.00571730058286624
"67618",0.00983142987064447
"67619",0.00651588034708778
"67620",0.435865557702471
"67621",0.03806383073528
"67622",0.0187764893280168
"67623",0.00620142768562198
"67628",0.0341006218146997
"67629",0.0693276802614608
"67630",0.00457065942241525
"67636",0.00942096526594422
"67639",0.313931373043885
"67641",0.381398611113036
"67644",0.305894082840237
"67647",0.0892966302455327
"67652",0.416655538453306
"67655",0.00939712619741774
"67657",0.0126330168704323
"67659",0.500031556164404
"67661",0.00645247854872515
"67664",0.0451039620510325
"67665",0.00224450348459215
"67666",0.081519366173432
"67667",0.00364414012067295
"67669",0.00622713076338553
"67671",0.0108945799181489
"67672",0.112348763622928
"67673",0.00792831675736536
"67674",0.00831987369549928
"67675",0.0179087370242215
"67676",0.026112686410418
"67678",0.0168585675665859
"67680",0.00507529359729921
"67681",0.00537117956719972
"67683",0.0139776326443893
"67684",0.0118637623852421
"67685",0.0605674206342872
"67689",0.0438323223177909
"67693",0.0107471084554943
"67694",0.0168301779239044
"67695",0.00919686531940746
"67698",0.00797927941856107
"67701",1.43065351340476
"67702",0.00564943336179855
"67703",0.0329084181167604
"67704",0.0128427346532808
"67705",0.0247739357446253
"67706",0.0232146346004057
"67707",0.00695580549685137
"67708",0.00430556416668389
"67710",0.00913383430865949
"67711",0.0153369877400549
"67712",0.00901530070289573
"67713",0.00701972242512783
"67723",0.00777342929893788
"67724",0.0126791700464394
"67725",0.014049942963037
"67726",0.016985995004013
"67727",0.00573276354517388
"67728",0.0200197146146659
"67729",0.024348293931725
"67731",0.0605796732803118
"67732",0.0236452978409794
"67733",0.0276782827951425
"67735",0.389752582628507
"67736",0.00847426378682596
"67737",0.409938023505321
"67738",0.00531684027777778
"67739",0.0060696295638279
"67740",0.303480582939582
"67742",0.0802312601616152
"67746",0.103365920350386
"67747",0.146218773767708
"67749",0.33774768854675
"67752",0.395143931455979
"67753",0.198254315265736
"67755",0.00637197488027025
"67759",0.0222093679589866
"67760",0.00739759304106027
"67763",0.010519982162787
"67765",0.104778238766257
"67767",0.009727229228134
"67768",0.0187570888468809
"67769",0.00467744745986244
"67770",0.024809030244458
"67771",0.0135166345250215
"67772",0.00508002556339769
"67773",0.010816
"67774",0.00685138761386908
"67775",0.0593984895278477
"67776",0.0242519504006966
"67778",0.00499003455014156
"67781",0.00266751365767224
"67784",0.107558341262063
"67785",0.00226114086620483
"67788",0.00812929709239462
"67789",0.00883687545823785
"67790",0.00783265166929491
"67791",0.542592901158998
"67792",0.0088603730597125
"67795",0.0874457701791942
"67797",0.0113852335518242
"67800",0.0437114071894423
"67801",0.0504182066911278
"67803",0.0103435829574982
"67804",0.00589554458589147
"67808",0.0143488101520852
"67809",0.00580311502745894
"67811",0.00303537692708115
"67812",0.00257434539290042
"67815",0.00717429483702495
"67819",0.00492725160820828
"67824",0.0186959188141839
"67826",0.00678519957986044
"67830",0.00634510389898277
"67832",0.00867213915584289
"67834",0.0108762907267526
"67836",0.0132930035855677
"67838",0.00982514969943157
"67839",0.0156647146162992
"67840",0.00948252886139516
"67841",0.00352438111459415
"67842",0.0101927053235283
"67843",0.00355879020044813
"67844",0.049491078282019
"67845",0.00781983506168491
"67846",0.0172036494885994
"67847",0.073256671957656
"67848",0.00612129716146611
"67849",0.443578587559749
"67850",0.655638833511005
"67851",0.00831193688831519
"67855",0.269650595071375
"67856",0.232318659310472
"67857",0.00823143025194249
"67860",0.0148540922534198
"67861",0.048493748308255
"67862",0.014654674504742
"67863",0.00267396770606481
"67864",0.00493177080267138
"67865",0.00980528899482449
"67866",0.0352893922781485
"67867",0.0103382867392639
"67869",0.00421193881200098
"67870",0.00694444444444444
"67871",0.010963158534984
"67872",0.00837873550747101
"67873",0.0136382803933043
"67874",0.048459078419891
"67876",0.0212731102118786
"67877",0.0127145305634983
"67878",0.00692088400529227
"67880",0.0181430564722933
"67881",0.00935681939796804
"67883",0.00507116620752984
"67884",0.00926818123397158
"67885",0.0178897635026744
"67886",0.00250622575306138
"67887",0.00334720734552153
"67888",0.0202557892615785
"67889",0.00404927033902828
"67890",0.00278188881798059
"67891",0.0059071504731458
"67892",0.0158363014375414
"67893",0.0147887441030977
"67894",0.00495412490272605
"67895",0.0114037970886059
"67896",0.0266975319287853
"67897",0.00415228558970858
"67898",0.00818646359721109
"67899",0.0164309741987369
"67900",0.0234584468146534
"67902",0.0102326612373808
"67903",0.0121373168629704
"67905",0.013013086202476
"67911",0.00915054786715592
"67912",0.00965220067713143
"67914",0.00423028620530108
"67916",0.026005449038737
"67917",0.0155779937155212
"67920",0.0130874164416273
"67921",0.00669154292452831
"67922",0.00261538490108893
"67923",0.00728003915717208
"67928",0.359789527537658
"67933",0.0132277846502002
"67934",0.407898281170525
"67935",0.140625
"67936",0.00983394671969185
"67937",0.0102234876162351
"67938",0.0100880584834701
"67939",0.0358858226817237
"67941",0.0242670639630312
"67942",0.0040296882122125
"67943",0.00621069251348625
"67945",0.00736152085351565
"67946",0.138873892898611
"67948",0.00204298658823683
"67949",0.0102259815679838
"67951",0.0361912072469985
"67952",0.00336814413265306
"67955",0.0074381623129955
"67956",0.0127235861616036
"67958",0.0087577568703709
"67959",0.00437080765915943
"67963",0.0142018664189499
"67966",0.0530990747469102
"67967",0.00984301656585077
"67971",0.0465500077512623
"67972",0.0098237919962409
"67973",0.0214876334961586
"67974",0.00477621682032344
"67976",0.00825313386976842
"67978",0.0167492770040169
"67979",0.00431280885230653
"67980",0.0136841494919453
"67983",0.0651966193312268
"67988",0.0113777777777778
"67991",0.0159124237158862
"67993",0.0249663179022124
"67994",0.00862303003651703
"67996",0.00690811869092871
"67997",0.0148720999405116
"67998",0.00164758105145627
"68001",0.0083637347465706
"68002",0.0190502274499581
"68010",0.0898128771777757
"68011",0.0124853830012841
"68014",0.0422821570992832
"68015",0.00591438533608023
"68016",0.0712186352676959
"68017",0.0204081632653061
"68018",0.00570490647826688
"68020",0.0102581393108175
"68021",0.00564301779429591
"68023",0.00619091905567157
"68024",0.0158188968009353
"68026",0.202800872219095
"68027",0.00446072444709701
"68028",0.0190018221532164
"68031",0.00303272268805891
"68032",0.00557053198460689
"68033",0.0095086981898349
"68034",0.0215819889722923
"68035",0.00345426377156733
"68036",0.00409177514210676
"68038",0.00544329126280182
"68039",0.112821026776604
"68040",0.0182665164816892
"68041",0.00762345776667678
"68043",0.00869204960454355
"68044",0.0204241721086876
"68045",0.00662520281233099
"68046",0.0137124970633352
"68047",0.00571813857083994
"68048",0.00806075279176371
"68050",0.00473414886507779
"68051",0.00631491502583084
"68052",0.00674668402774827
"68053",0.00536783584338839
"68054",0.356340802136372
"68055",0.010882762812154
"68058",0.00759131530980648
"68059",0.00329347541935205
"68066",0.0152784303699507
"68067",0.0155045765567001
"68070",0.0532544378698225
"68073",0.00946903876888006
"68074",0.0157995100151957
"68075",0.0173724092132219
"68077",0.00755763743339815
"68079",0.011342849854321
"68080",0.0103516396161804
"68082",0.0171232830937616
"68083",0.00567202355891133
"68087",0.0168227392208081
"68089",0.00933494507709817
"68090",0.00673305826338966
"68092",0.0062042597110152
"68094",0.00868664014772098
"68095",0.00442885675125168
"68097",0.0080820299556172
"68098",0.00496737707593685
"68099",0.00758560876050951
"68106",0.0047064552184544
"68107",0.120238852957135
"68108",0.0243391919205133
"68112",0.00290045812860057
"68114",0.00754856066564317
"68115",0.00624616137583749
"68117",0.021894412874102
"68118",0.00878252666642787
"68119",0.04201599608994
"68121",0.0161509189640144
"68126",0.0156991985502039
"68127",0.00858663406925955
"68128",0.00953274360416167
"68133",0.01645313549589
"68134",0.011319734507018
"68135",0.00429537520839945
"68137",0.00628593481204335
"68140",0.00652210517302194
"68142",0.00423127372469201
"68144",0.0429348267186105
"68145",0.012974443835383
"68146",0.00935206611806063
"68147",0.0284075373497919
"68149",0.0129869075738022
"68151",0.034477542682504
"68152",0.00914588024775135
"68153",0.0138168651304334
"68159",0.194301437554236
"68161",0.0229472817628984
"68162",0.377602523037544
"68165",0.014424904985904
"68166",0.00498960259666516
"68169",0.0759787787163794
"68170",0.0123456790123457
"68173",0.0915351535559252
"68176",0.03275455500298
"68177",0.0226111305418609
"68178",0.186444315335206
"68180",0.0459532796188936
"68183",0.00882939466501234
"68184",0.00890667769492964
"68185",0.031468898355781
"68187",0.0096203587075749
"68188",0.0131722019783942
"68190",0.0249965565418201
"68192",0.00672359556711736
"68193",0.00478038867853113
"68194",0.0112015727620944
"68195",0.0918152291805477
"68196",0.00795299180947883
"68197",0.00906795421436004
"68198",0.0165984967531827
"68201",0.0107630291582673
"68202",0.0148183047607158
"68203",0.00860898122755436
"68204",0.0964002341311134
"68205",0.00734451544287211
"68209",0.0228191449512417
"68212",0.0150799294176083
"68214",0.105936348394178
"68215",0.0132292825146113
"68219",0.00389947713608077
"68222",0.425640863928206
"68226",0.0107851010744049
"68229",0.00519637547517784
"68232",0.52253845922721
"68233",0.295945593527599
"68235",0.0146550359157561
"68238",0.340336101945778
"68240",0.0236686390532544
"68241",0.0345009207617491
"68250",0.0127409544835812
"68251",0.00343463396768583
"68255",0.0155229145840895
"68259",0.0089124162550736
"68260",0.00573132678925326
"68262",0.00695328805315633
"68263",0.00614378844675219
"68267",0.0312584614617701
"68268",0.00694444444444444
"68270",0.492355765835746
"68271",0.0596016211158421
"68272",0.00654195501730104
"68273",0.00331286303770949
"68275",0.0033212019311857
"68276",0.00958388829602445
"68277",0.0048957223430367
"68278",0.00869057074918058
"68280",0.21841316118284
"68281",0.0107849557967946
"68283",0.00873804349531959
"68285",0.0318610301939073
"68291",0.00432099369162306
"68292",0.00606146750542906
"68294",0.0149501344367956
"68295",0.00489242170496162
"68298",0.0130342130537797
"68299",0.00482111361907574
"68303",0.022169899188293
"68304",0.0166059791949006
"68306",0.0452235218714949
"68310",0.0100988869140563
"68312",0.0211329839475598
"68316",0.0159636415791172
"68318",0.0398970941196851
"68323",0.0260582167547873
"68327",0.00775320944033226
"68328",0.0595903507283724
"68332",0.0126743193462058
"68337",0.0261798970599603
"68338",0.501497547002978
"68339",0.0311212958497408
"68342",0.00650364203954214
"68344",0.65805662901308
"68346",0.00547761539878911
"68347",0.0105193951347798
"68349",0.00296334139263414
"68350",0.00634964667901837
"68352",0.579719124077887
"68355",0.0201248094347879
"68364",0.0147839523217767
"68365",0.00268275938599757
"68366",0.00671862402579952
"68371",0.363772107681394
"68375",0.00742411337039326
"68379",0.0141815849631023
"68385",0.0103715210879558
"68386",0.194762773683258
"68393",0.425303678945079
"68394",0.112788373844256
"68396",0.065556217335239
"68400",0.110593714323318
"68401",0.0162281208858772
"68404",0.0138985833749945
"68420",0.0203172308028276
"68421",0.00304473197643308
"68423",0.00699360849943327
"68427",0.00873579082930233
"68428",0.0340640802789315
"68431",0.0119611600705015
"68436",0.00805170368514705
"68440",0.0861822246329254
"68441",0.0068677193182813
"68449",0.00735987352437197
"68458",0.099078424956651
"68463",0.0235552565142131
"68465",0.0162548365052286
"68469",0.342903785346501
"68472",0.0207834779466824
"68473",0.00848743999169493
"68475",0.00886115293631546
"68477",0.00755370711898997
"68479",0.00784571766314601
"68480",0.0331332999227449
"68481",0.0182637846574429
"68483",0.318211702827087
"68487",0.672039608742905
"68488",0.445306340119156
"68490",0.0210425141944127
"68493",0.0120241424573503
"68497",0.00237997187611323
"68498",0.0550966181077532
"68499",0.0111219699705297
"68501",0.011057196173214
"68505",0.0052520427162144
"68507",0.007623180431533
"68509",0.182577764205882
"68510",0.0137334575622094
"68511",0.30767822265625
"68512",0.0129354012783437
"68514",0.007165668977755
"68515",0.0376373686191441
"68519",0.017628474297693
"68520",0.0133219891547841
"68521",0.0274546977280829
"68523",0.0152016566952461
"68524",0.0128968498477179
"68525",0.10871832263035
"68526",0.00653583159832888
"68527",0.600561163146053
"68528",0.309548687810601
"68531",0.327920595543469
"68533",0.0165081909184513
"68537",0.014824899441502
"68539",0.0139296144725354
"68544",0.00403158341732406
"68545",0.0619172525984802
"68549",0.0814532854882066
"68550",0.0247844348990223
"68552",0.00193671502877111
"68553",0.324377599435874
"68554",0.0226635740989822
"68556",0.00479289940828402
"68558",0.0036140900061059
"68559",0.0132005432322318
"68563",0.0127454858330693
"68564",0.00596579374864801
"68565",0.0133136094674556
"68566",0.0089369990118325
"68567",0.0359932742638563
"68572",0.0109077710779994
"68576",0.011149261216774
"68581",0.00366476084787105
"68585",0.00467909473840571
"68588",0.0700692041522491
"68591",0.0805003920417811
"68592",0.00511260513861782
"68597",0.00595969482706246
"68598",0.00385617038957414
"68603",0.011726054461092
"68606",0.00519376381036754
"68607",0.0695256289086851
"68611",0.00930493948702075
"68612",0.405171638696008
"68614",0.00416956363594845
"68616",0.0335652696252126
"68617",0.065493899905572
"68618",0.0164546967895363
"68625",0.170106619224906
"68626",0.00705389026761531
"68628",0.0123305020772599
"68631",0.00877527681864559
"68632",0.34978656286699
"68634",0.0112197550049169
"68636",0.0127031954078557
"68642",0.0185450460796259
"68644",0.0102631466529967
"68646",0.00818204436764555
"68652",0.00553559744935491
"68653",0.00410278801154123
"68655",0.0563590118835706
"68659",0.12978050137089
"68662",0.481585178975532
"68666",0.0136568429784753
"68667",0.0195902493627527
"68671",0.00869386565904442
"68675",0.00466615511549964
"68682",0.00347954220128383
"68690",0.45851272695134
"68691",0.019981058518458
"68693",0.00672410852585976
"68695",0.00763631618333164
"68701",0.407031371243749
"68703",0.00498509247647601
"68705",0.0105586832243446
"68708",0.0115952545003759
"68709",0.109870349075615
"68713",0.122409704658555
"68718",0.00744526559541535
"68721",0.0190980728777156
"68724",0.00533048544162198
"68725",0.049879645911818
"68728",0.0270390548512427
"68729",0.004014145286547
"68730",0.00522375520534262
"68731",0.0064737746069494
"68732",0.0211929558199417
"68734",0.00738708590721195
"68735",0.0135536570167919
"68736",0.0129663717316919
"68737",0.0225489929087419
"68738",0.0233600838768347
"68742",0.0124846942848992
"68743",0.107543996229783
"68744",0.0038488987008759
"68750",0.0423637893087228
"68755",0.0142223335947456
"68758",0.0136782506919712
"68760",0.0566565559942021
"68763",0.0251843100189036
"68764",0.361003833601391
"68767",0.00511177289006462
"68770",0.00640728583566861
"68771",0.168092148192552
"68774",0.136288420808652
"68775",0.11887970068977
"68776",0.0111681286859502
"68777",0.0812505026405991
"68778",0.00695163889560098
"68789",0.022123275949276
"68790",0.517679499739584
"68792",0.27377950803412
"68794",0.106450793992806
"68795",0.00257404331748928
"68796",0.00754803581308787
"68797",0.112211759283851
"68799",0.0269585364527794
"68800",2.25599412075312
"68801",0.0102312062359625
"68802",0.299476098952198
"68808",0.0999026352197
"68810",0.0931560277014566
"68813",0.093040394536346
"68815",0.00402211651055741
"68816",0.0135270661677588
"68817",0.0105336057311131
"68818",0.0159013120082531
"68828",0.164539319991953
"68832",0.00303819518608702
"68833",0.0119341854388814
"68836",0.018551888167584
"68837",0.0044593586770676
"68839",0.0045360126390976
"68841",0.0515522221480913
"68842",0.0147299122693886
"68845",0.0115312510992146
"68846",0.0101749649330386
"68852",0.485555149622123
"68854",0.244455758046518
"68857",0.0259095965822586
"68859",0.0283372355934314
"68861",0.0680305032809871
"68865",0.0196199996062422
"68867",0.0535814021847132
"68870",0.286193155647676
"68874",0.0392684674258237
"68875",0.0220773669412363
"68876",0.0137632280122283
"68877",0.00561833394165067
"68879",0.00216210497833192
"68888",0.124859920183407
"68889",0.0123456790123457
"68895",0.11778732077007
"68897",0.0310040728027285
"68904",0.00739133105382773
"68910",0.0147578785744682
"68911",0.00558353590947306
"68915",0.0142745787137611
"68916",0.0126693347755544
"68917",0.0181424406497293
"68918",0.0339711182697895
"68920",0.0126821925020974
"68922",0.0569997337673191
"68925",0.0102560375256739
"68926",0.0103520741715961
"68927",0.0100777228760509
"68929",0.112505861033128
"68936",0.020227526187563
"68938",0.00666756718192628
"68939",0.0525717646390141
"68941",0.0188566691465618
"68942",0.00813174199506571
"68943",0.00704014022332751
"68944",0.00715919262127854
"68947",0.0994336461532858
"68948",0.00525901753977041
"68949",0.0128505630316839
"68952",0.0360503834189508
"68953",0.00411042393484452
"68954",0.490574119506435
"68955",0.0237075228095936
"68957",0.0321167508125538
"68961",0.00442251197223114
"68964",0.00915610738850442
"68966",0.0103052000678926
"68968",0.0106739138857908
"68969",0.00716092818599367
"68970",0.00342961476034544
"68971",0.0173495254835382
"68972",0.00980745320037664
"68975",0.00725167695944058
"68977",0.00756372819100092
"68979",0.00671831334157506
"68980",0.0204784628283702
"68981",0.00944063739635606
"68982",0.0168018462975579
"68986",0.359151830232221
"68988",0.0052569883151306
"68991",0.00557084445892216
"68992",0.0262949643894402
"68994",0.464533330501816
"68995",0.0162217002809895
"68999",0.0146172799014178
"69002",0.0493890857525201
"69004",0.0549438048882078
"69008",0.0776616685608
"69009",0.00871345669592598
"69010",0.0168492505069347
"69017",0.0126190225559971
"69019",0.00613198630318545
"69020",0.0174928937094669
"69024",0.00941927004365198
"69028",0.0231568998109641
"69029",0.00731879634974968
"69032",0.384566755519093
"69034",0.402920465136099
"69035",0.00314805598320217
"69038",0.0123261060007383
"69042",0.384141710069445
"69046",0.0101764671835777
"69047",0.224982287450368
"69048",0.00567716931340587
"69049",0.183387092968593
"69051",0.00767823082653993
"69053",0.00399744200810311
"69055",0.287723315864418
"69060",0.2398944368028
"69064",0.0152545643978419
"69065",0.054021652940891
"69066",0.0388012210634799
"69068",0.146657443644882
"69069",0.117816324731253
"69071",0.0172007047357595
"69072",0.00440811268567974
"69073",0.510167290943358
"69076",0.0196921434405072
"69077",0.00702167585566235
"69080",0.00936045106572709
"69082",0.00901495579265977
"69085",0.0179600232863675
"69086",0.166797428058689
"69089",0.0043709500748144
"69090",0.010769648072631
"69091",0.00451945484075984
"69094",0.0233359550302714
"69097",0.250639678071767
"69101",0.0217586511431318
"69104",0.00270716844031024
"69106",0.0171823596016298
"69108",0.345033143158531
"69109",0.0101629825185971
"69113",0.0136098331625062
"69116",0.0278083111943002
"69120",0.408326302921782
"69121",0.479473647204956
"69125",0.00459151516917901
"69126",0.0128159487362051
"69129",0.03322795567961
"69131",0.00694444444444445
"69136",0.0315131302205396
"69137",0.0195194732287467
"69142",0.521049182157127
"69146",0.092751781867282
"69149",0.0163508209569293
"69150",0.00405250172135889
"69151",0.010571253880069
"69155",0.00388050871918875
"69156",0.0225805728988322
"69159",0.0468037986104888
"69161",0.00910428395921444
"69162",0.00278349117705291
"69163",0.00812470855957074
"69168",0.0162288094365972
"69170",0.0233310296149059
"69171",0.00981545955860139
"69178",0.0045070815824657
"69179",0.00900082716024901
"69181",0.0222028651978433
"69183",0.173907868096043
"69185",0.0167908824508834
"69186",0.0164934591208808
"69187",0.362058609099955
"69188",0.0141942883570355
"69189",0.411928267412217
"69190",0.00265235427957063
"69191",0.258047950798986
"69192",0.00624853829051144
"69193",0.245856761948024
"69195",0.0109416851945869
"69202",0.00591715976331361
"69207",0.00771053708627921
"69215",0.0131134932551713
"69216",0.020256735153791
"69217",0.138197352267337
"69219",0.0179615261983208
"69221",0.0150273426291928
"69225",0.00414877546143067
"69226",0.0100789453866991
"69227",0.00524652399631182
"69228",0.00591715976331361
"69232",0.00290900420096022
"69234",0.0150594173590105
"69237",0.00526182169635619
"69239",0.32158800993972
"69241",0.0087890625
"69248",0.55084228515625
"69253",0.247879394970794
"69256",0.010461675654471
"69257",0.00750014137900271
"69259",0.00650327204667968
"69260",0.0119645523106771
"69263",0.0200081911437866
"69269",0.0105817321547217
"69270",0.0867433442058099
"69274",0.012713176232135
"69276",0.00558542348674231
"69277",0.0190808710228135
"69281",0.309147683670343
"69282",0.493662169624171
"69288",0.0384053723459729
"69291",0.037327209328567
"69295",0.167723159435701
"69297",0.299284788102306
"69301",0.451296591819487
"69303",0.336449965961486
"69305",0.0100315429577225
"69306",0.206611570247934
"69308",0.379427005758681
"69309",0.0201472570939601
"69310",0.0216325656156677
"69311",0.29361276365603
"69312",0.280886676401485
"69315",0.022010537219094
"69320",0.361566181754613
"69327",0.274433109504132
"69329",1.37566208810217
"69338",0.363958189058172
"69349",0.107802958170872
"69352",0.0444922108184602
"69354",0.159444008197613
"69358",0.0421067554944147
"69367",0.003521756129861
"69368",0.0112219326659316
"69372",0.0112602232486076
"69379",0.11497706546426
"69386",0.0302102365726056
"69387",0.889500192250374
"69398",0.877541867270578
"69399",0.00641900518627442
"69408",0.0112626809048262
"69430",0.069185933538861
"69431",0.195113988474543
"69432",0.402406912249688
"69434",0.0449856067782708
"69440",0.0131347052139881
"69441",0.24620174546532
"69453",0.445844769789342
"69454",0.260550245202446
"69456",0.00724147279332001
"69457",0.3902433750126
"69459",0.0115535978243603
"69470",0.00307664487481195
"69478",0.019033960217965
"69479",0.0207077361591149
"69480",0.0399673835504335
"69481",0.341528983449113
"69482",0.0106564634661054
"69487",0.00996459135267034
"69499",0.00237108760260517
"69504",0.022310658209216
"69513",0.491670194523394
"69519",0.04261325408482
"69522",0.555317082998297
"69524",0.0300009228019993
"69527",0.0038764716336598
"69528",0.0271417599151447
"69534",0.00952576
"69535",0.0105422261538598
"69536",0.0380703832637605
"69537",0.105736927110743
"69538",0.05640625
"69539",0.0453128355747335
"69540",0.522232055664062
"69543",0.526884074536094
"69544",0.0203017878234492
"69546",0.00783208658750497
"69547",0.302725451827466
"69548",0.01346856773006
"69549",0.0187599110532108
"69550",0.10054260375387
"69551",0.0198398343140643
"69553",0.581393879851652
"69554",0.00589739905591965
"69556",0.00441575065248291
"69562",0.00405925298927627
"69564",0.391278726500928
"69568",0.0050305907984776
"69572",0.0174439302242791
"69573",0.0271530766440217
"69574",0.0418437322612435
"69577",0.00778197236109694
"69578",0.340721859659121
"69579",0.0537993419351006
"69581",0.0198047059678883
"69582",0.0112810146923783
"69583",0.16119817714799
"69585",0.418624191173037
"69587",0.00351842983849521
"69590",0.0963139120095125
"69591",0.4873803323989
"69593",0.338678354479046
"69596",0.0081209437533802
"69597",0.00378764065374371
"69601",0.0318617402101175
"69602",0.391718421438701
"69605",0.0061533801243037
"69606",0.00990108750185736
"69608",0.0258544893677835
"69612",0.00619876765863964
"69617",0.00356585674295646
"69623",0.0120983068832446
"69627",0.552727833104172
"69632",0.005625
"69634",0.0189315963271737
"69635",0.0346556240126807
"69638",0.00934063155273897
"69639",0.0230218593014517
"69640",0.352875695627161
"69641",0.00413582045184304
"69642",0.0480755339352146
"69654",0.00454910397472561
"69655",0.102818871632232
"69656",0.0364240886174965
"69657",0.128185266483032
"69659",0.0413149810964083
"69660",0.0373818631156743
"69662",0.0249563704777074
"69663",0.0101535201031755
"69666",0.0138607993732174
"69668",0.00268627305175491
"69671",0.444444444444444
"69672",0.00505087861320268
"69674",0.0186362687351924
"69675",0.0138028438933509
"69681",0.159178698821528
"69683",0.0102149925751096
"69684",0.0118647594532168
"69692",0.0268894932640062
"69693",0.376364188963113
"69694",0.0106231993050193
"69697",0.0154228428491436
"69698",0.110897024241544
"69700",0.0718275913346745
"69702",0.00744948072780522
"69707",0.0521280190294325
"69709",0.00937282542869709
"69710",0.0231358411717622
"69713",0.0159361669893107
"69714",0.00664363815037799
"69716",0.241410447846494
"69717",0.551110918985517
"69718",0.00579185099448451
"69719",0.0246118417335096
"69721",0.0120758362516604
"69723",0.0209938354927959
"69724",0.0107969731034414
"69726",0.0112155299042182
"69727",0.0167182535794166
"69731",0.0194616085242369
"69732",0.539225905160355
"69736",0.0392058235054709
"69737",0.0163760496857758
"69739",0.409928973951002
"69740",0.01027506630766
"69742",0.00446118433337552
"69743",0.346713333567177
"69745",0.0260360510108491
"69747",0.0230136784290822
"69748",0.0202048900187812
"69749",0.03515625
"69750",0.273344502486334
"69752",0.0162605288050088
"69754",0.00901348130212961
"69757",0.0169927635253694
"69769",0.0359306722648532
"69770",0.0458756823691411
"69772",0.0817635970098048
"69773",0.0031043379723629
"69774",0.1033712163299
"69780",0.00867053630260835
"69784",0.0319814684590949
"69786",0.00866000092518553
"69787",0.335678109049305
"69788",0.130304522860938
"69790",0.0176114972670951
"69792",0.012744403595859
"69797",0.530254261592529
"69798",0.219973381066741
"69802",0.00839978826333811
"69804",0.0105539132252381
"69806",0.0152911024742187
"69807",0.0029367976881997
"69812",0.448125128065023
"69815",0.393109095490048
"69816",0.441971879313303
"69821",0.014692378328742
"69823",0.00639569964735808
"69833",0.00885584152952286
"69834",0.00945862835706851
"69837",0.0170939211964309
"69847",0.130192884316261
"69852",0.350173483884115
"69860",0.0043580867212573
"69863",0.0115994175932426
"69870",0.0189723076
"69871",0.0197216094517931
"69875",0.0116790330699552
"69876",0.0106256965603393
"69878",0.0133649637475358
"69881",0.130625270505834
"69882",0.0057542477035423
"69885",0.348460078096098
"69890",0.0110982980858391
"69893",0.00759284447581825
"69894",0.0147642863830717
"69895",0.0297308722772646
"69900",0.00924199458253158
"69902",0.00616610543426289
"69903",0.0337787004053403
"69906",0.00830819005006553
"69908",0.0397574538182891
"69909",0.396858332307087
"69912",0.0348428433763852
"69917",0.0125622657420297
"69918",0.0583837104232112
"69920",0.0139348895095265
"69922",0.0857400205040681
"69923",0.0077144897060981
"69926",0.104671280276817
"69928",0.0546798305506857
"69930",0.00884907640901468
"69934",0.00794710739215281
"69938",0.00444942316778947
"69940",0.0027168135168212
"69941",0.422347342036384
"69942",0.017055885540412
"69944",0.00869003160011491
"69952",0.0754457438101562
"69953",0.042876727241666
"69955",0.006772923369557
"69956",0.00629276072485207
"69957",0.00618085612880886
"69961",0.00981533176603413
"69962",0.0266863207371384
"69964",0.461836964701706
"69972",0.880759293857365
"69974",0.383785697261535
"69976",0.0242367694731678
"69981",0.00940628896446533
"69983",0.4058543301207
"69984",0.257503974522869
"69993",0.0331980752657282
"69994",2.10731125000845
"70004",0.33434904223704
"70005",0.117436822375809
"70008",0.0568429236251148
"70012",0.00966883633196912
"70020",0.0126109149277817
"70021",0.0383506944444444
"70024",0.152691520236519
"70025",0.0232120788054051
"70028",0.0118303856997525
"70031",0.184028565427431
"70036",0.0287384349775543
"70040",0.466345221606648
"70044",0.00430598017326996
"70045",0.402272027272157
"70047",0.00751308486254422
"70052",0.00533354675696709
"70054",0.172220545400781
"70059",0.0497175841119766
"70060",0.160302829495999
"70078",0.00615234493092888
"70080",0.36264164425248
"70081",0.0351458387318258
"70082",0.00451203958779716
"70083",0.0215883733456448
"70086",0.435979576938485
"70088",0.00488370740944792
"70093",0.00536513866562
"70097",0.0207050053795936
"70099",0.0201690071668325
"70101",0.0166730764970288
"70103",0.0106911584503723
"70110",0.0842322440621772
"70113",0.633433000805047
"70118",0.0149295396036021
"70120",0.0113031870685282
"70122",0.00522691593439487
"70123",0.0167955897470197
"70127",0.0222921489197531
"70129",0.499396948301986
"70134",0.396453470430379
"70144",0.00394930956821276
"70152",0.0100676489977844
"70153",0.0145685267427933
"70155",0.0307457159675335
"70160",0.00627338349008735
"70162",0.403978741740879
"70178",0.0239838671783225
"70186",0.01467058763344
"70194",0.458514756392065
"70207",0.0107514945827644
"70208",0.0044626407179257
"70209",0.00988115555454066
"70218",0.4840824507198
"70223",0.00409826079752837
"70225",0.0117488099857176
"70226",0.227214018510876
"70227",0.0084751928871439
"70230",0.0365228113653791
"70231",0.00456190243693371
"70233",0.00408199260073758
"70235",0.0239458681869039
"70237",0.0114500116252678
"70238",0.00494720796042234
"70239",0.0102209878034054
"70240",0.0196762277356707
"70247",0.00381379765447846
"70248",0.00687892700752279
"70252",0.0536047950690383
"70257",0.0131329418925152
"70258",0.183150136823074
"70261",0.210337875184115
"70266",0.012109975808565
"70274",0.81396186497399
"70281",0.0890783920274761
"70285",0.0147843311859933
"70291",0.102892534670156
"70292",0.0286313699027531
"70294",0.00817926273127283
"70296",0.00516026620316506
"70297",0.00591715976331361
"70300",0.00944776158266214
"70310",0.020969511373565
"70312",0.0106832329765783
"70314",0.016255928734999
"70315",0.0158104583172858
"70316",0.0106940187554847
"70317",0.0270744442525844
"70319",0.328937365095636
"70325",0.033032332809774
"70333",0.00787186407379533
"70335",0.0792812709089288
"70337",0.0711706868639589
"70345",0.0898689118478061
"70348",0.0344078237645292
"70349",0.00687290123465455
"70350",0.0148731652962619
"70351",0.00739505842413021
"70354",0.00595650901327456
"70355",0.09283447265625
"70356",0.00296033989348408
"70357",0.0259099870854908
"70358",1.5430475336407
"70359",0.00688927395670862
"70361",0.00213123935165836
"70362",0.139711659669632
"70363",0.0233658610618226
"70369",0.00360808837041486
"70370",0.262710689861927
"70373",0.00319029901514282
"70375",0.00410662809628632
"70377",0.119909721731053
"70380",0.0229691314903839
"70381",0.0111705995108732
"70382",0.00825176485863885
"70383",0.010079498234847
"70385",0.216028565760762
"70387",0.00755421639486631
"70393",0.218110301937855
"70394",0.00958569699996208
"70396",0.0107666445891978
"70397",0.00872866169305786
"70408",0.00612104966382995
"70415",0.0414697659107102
"70417",0.0215357163262705
"70419",0.295177301387752
"70420",0.00765240408771607
"70422",0.0064644832201207
"70423",0.0175871327449545
"70425",0.0051449487236681
"70426",0.173361343480513
"70427",0.00940584945171484
"70428",0.00547900766976814
"70430",0.00593960865784558
"70432",0.00416327996325414
"70433",0.235633044110163
"70435",0.0577489333573703
"70439",0.00819764778601914
"70441",0.0475803213126617
"70445",0.0737501160718587
"70448",0.128242245883071
"70450",0.0676828070776474
"70451",0.0401843079602725
"70454",0.138231426692965
"70456",0.00810853305181824
"70458",0.400580702823634
"70461",0.0149295396036021
"70465",0.00379412637316837
"70466",0.246780081607349
"70470",0.00317074428032528
"70472",0.025076979725187
"70478",0.00507980165289256
"70481",0.0546585816790888
"70484",0.160690398335315
"70489",0.0709255636073598
"70494",0.17574004456335
"70495",0.0149778693916933
"70497",0.0198979793649986
"70503",0.0150747177079151
"70508",0.00397150959748655
"70510",0.00228325159551014
"70511",0.0172331104598595
"70527",0.0166141089870745
"70530",0.014599093622754
"70533",0.00389335400219644
"70536",0.0450396757243694
"70544",0.010935135327971
"70546",0.0310833311782224
"70549",0.0198727668930918
"70551",0.0331616306253979
"70552",0.0265157463137152
"70556",0.0102142448518252
"70560",0.0131871934146104
"70561",0.00527625741681853
"70564",0.00737767907155
"70567",0.0250060408214117
"70568",0.0118100335086465
"70571",0.143420166966671
"70572",0.0043938919329629
"70573",0.00822298501936987
"70574",0.0409011988434894
"70575",0.00990970700845601
"70579",0.00462228561593613
"70584",0.0368329762269156
"70591",0.00229680883283244
"70592",0.10648423566112
"70598",0.0177511742981104
"70599",0.0114513691262374
"70601",0.00249192246085236
"70603",0.0689598692134662
"70604",0.00406914734467016
"70605",0.00798976311600762
"70611",0.00394905789960883
"70612",0.0139538163521804
"70615",0.00970920264325772
"70616",0.00939712619741774
"70617",0.214564616246988
"70620",0.0110943982066016
"70625",0.0162843653942431
"70626",0.0355840582630961
"70638",0.0276124342296681
"70640",0.00321794204932179
"70645",0.128980152343076
"70646",0.0126613548703726
"70650",0.00752411827478553
"70652",0.00999402658184464
"70661",0.0169706373316016
"70673",0.0249738248006658
"70675",0.00290104891677287
"70676",0.0715203828481672
"70681",0.0119831238402017
"70683",0.00366102593720523
"70686",0.0236245493408211
"70693",0.0367513568737162
"70699",0.0062618373947153
"70713",0.0129169745307413
"70717",0.09
"70719",0.0321813756371563
"70720",0.441108893565593
"70726",0.0195430746851629
"70727",0.010965615977276
"70729",0.0229747913623605
"70730",0.272990791638948
"70737",0.0600912973659569
"70747",0.0690496341545608
"70750",0.00712454959475714
"70753",0.037715338158414
"70757",0.00952211357671565
"70762",0.00885089330280516
"70767",0.0103843631379562
"70769",0.00370993364843108
"70771",0.0140970049102751
"70772",0.110190940238632
"70779",0.0656252894722957
"70784",0.0697333855431122
"70785",0.247921966988307
"70790",0.0013825344420206
"70791",0.00626861891535597
"70796",0.0168734070256014
"70797",0.00375162099698086
"70799",0.0102315886859418
"70802",0.00653361185836688
"70804",0.0117135741770667
"70807",0.0195913756120069
"70808",0.00541371128599439
"70821",0.104727631481155
"70823",0.00825602753329419
"70827",0.00450638717421125
"70829",0.00852692615238761
"70832",0.0714202090458064
"70834",0.00293465912486892
"70839",0.0231868343977063
"70843",0.242665437161785
"70846",0.303265553296752
"70852",0.140847772242314
"70853",0.0481133615328455
"70858",0.285236217045386
"70873",0.0120860505343518
"70876",0.299660540857744
"70882",0.69522403631714
"70884",0.161702618814525
"70885",0.00336151101784846
"70886",0.28515406346657
"70887",0.037370671905257
"70891",0.103517180031898
"70892",0.0156499633830531
"70894",0.648709661706789
"70897",0.242758701490246
"70898",0.0360912110207471
"70902",0.41119835356489
"70911",0.00615912823637655
"70917",0.290785447978954
"70918",0.0220498382329983
"70920",0.0448296798273149
"70924",0.0717277689120356
"70925",0.00785198897396449
"70930",0.00689456049053725
"70933",0.340623852281506
"70934",0.0391986847439304
"70942",0.363284541432904
"70945",0.138574496152932
"70951",0.0732935282749174
"70957",0.20031746288375
"70966",0.0702720492979937
"70967",0.0690591664305148
"70974",0.00860106659729449
"70976",0.339075463005514
"70979",0.309550413302576
"70981",0.181077410593028
"70984",0.0238544745486499
"70986",0.0905006944444444
"70987",0.175732467573395
"70989",0.566166699685318
"70997",0.0293725637065324
"70998",0.011005369277539
"70999",0.00860951356369903
"71000",0.370400725550153
"71003",0.510087203085042
"71004",0.0860036626061779
"71007",0.0578617187088741
"71020",0.0303846477569228
"71027",0.470954684281931
"71040",0.542513974997695
"71041",0.0178617341086191
"71045",0.0444640448327899
"71046",0.438624208949746
"71054",0.048943232415021
"71059",0.00821832913516527
"71063",0.00871611171107345
"71069",0.0178706422768368
"71071",0.0513183900898889
"71085",0.0251208109804001
"71086",0.0519701648974056
"71091",0.0289768912171785
"71093",0.109512410923872
"71096",0.00491596390146258
"71099",0.166689179548157
"71100",0.353012735555848
"71101",0.0156332442948045
"71106",0.646450547769123
"71111",0.0594937839367025
"71116",0.00891136
"71130",0.50158668482615
"71131",0.0202737823871243
"71132",0.0816326530612245
"71137",0.0317679514943362
"71141",0.0662723814577461
"71145",0.869176865528697
"71146",0.0113241993493881
"71147",0.0140987836969303
"71148",0.00963859917951868
"71149",0.25530628873923
"71151",0.0121040076177584
"71153",0.462473510916297
"71161",0.408917617777778
"71163",0.0123332744122623
"71166",0.354306455631594
"71169",0.00719740906306612
"71175",0.0108165817243047
"71176",0.479116693065195
"71177",0.00673828740873867
"71182",0.0836115546523443
"71183",0.370002388477515
"71186",0.0589713502110373
"71198",0.0226394211561531
"71200",0.935370980187124
"71206",0.0409475433775295
"71207",0.0218393745897282
"71213",0.03913376602213
"71223",0.548808829654311
"71226",0.418961983471074
"71227",1.04733080264013
"71228",0.0173108654271748
"71233",0.181552276564544
"71235",0.367719666563377
"71236",0.444887669991024
"71238",0.0254176954479124
"71240",0.0139489917055268
"71242",0.0626891232003288
"71254",0.0407207062277544
"71263",0.00978759763801032
"71264",0.389218610502394
"71265",0.123951848105708
"71268",0.00507116620752984
"71274",0.323883751979163
"71275",0.156771304772481
"71276",0.0228584946760079
"71279",0.0188985039179344
"71281",0.244276984633567
"71287",0.310662995545911
"71296",0.461709530747094
"71300",0.417263440907337
"71302",0.0163728609289424
"71304",0.457898664847047
"71306",0.009665160242262
"71310",0.0285320283174269
"71313",0.347630872108788
"71319",0.431466016310837
"71323",0.01733113713877
"71330",0.0120123628464318
"71336",0.084516977926089
"71339",0.0151977200034572
"71340",0.00854925482102997
"71354",0.0253494934147494
"71355",0.665265118799641
"71361",0.0190570123230056
"71365",0.00764405516014268
"71367",0.063404296046337
"71371",0.0362180190362664
"71373",0.0971632448975102
"71375",0.0151193856461363
"71382",0.00398153421475518
"71388",0.16253246489733
"71389",0.00215914511348163
"71393",0.0111423966128012
"71395",0.384744255915882
"71398",0.33255170271774
"71405",0.349137805049376
"71406",0.224596914429863
"71409",0.0119269390581717
"71435",0.00900257300514601
"71436",0.0208450911238708
"71445",0.0210638256936675
"71446",0.00872228017744944
"71448",0.00679927942382288
"71449",0.0147464938568971
"71452",0.00532041522491349
"71458",0.0124112601932048
"71461",0.0272588815025671
"71472",0.00575393564175616
"71474",0.00209515713334406
"71481",0.0652275797681973
"71484",0.350480444637346
"71489",0.118799980963336
"71492",0.0107385433165991
"71508",0.0291646732888506
"71514",0.0232298664425529
"71517",0.00191805636954553
"71519",0.0158835037047632
"71520",0.0417286204779156
"71521",0.00507442494921603
"71522",0.340381323696624
"71523",0.0318699680405533
"71529",0.0362644923825862
"71532",0.00787716379873826
"71538",0.00376527502728551
"71544",0.0302395004743876
"71562",0.0646341257572421
"71564",0.0138336914013578
"71566",0.0540059858735254
"71567",0.013862001889104
"71583",0.345888198940121
"71584",0.0614252135031216
"71586",0.0582538767821871
"71591",0.00472087298802684
"71592",0.00498081389661383
"71599",0.0191077119661383
"71602",0.0380000193573292
"71607",0.0853096147167275
"71609",0.0330578512396694
"71617",0.00820337530555594
"71624",0.332476210987287
"71640",0.00691988409429086
"71643",0.0204762471655329
"71647",0.405446046555128
"71648",0.0289962281899329
"71653",0.0100720634619487
"71660",0.226736585730596
"71661",0.381170557050983
"71665",0.0214197966127309
"71667",0.00580068308937983
"71670",0.0975690485820176
"71673",0.00896699749893871
"71675",0.00635134676705127
"71678",0.00250466490335526
"71679",0.00723625201453683
"71682",0.120967040502099
"71683",0.0809466674204308
"71684",0.0339764749585714
"71685",0.0123094593211874
"71687",0.0108884688090737
"71690",0.488572469804248
"71691",0.00674855360833943
"71693",0.231759219958104
"71699",0.0829276551103705
"71701",0.00873756060527053
"71702",0.00312989657445598
"71703",0.009247056422814
"71704",0.013258692603076
"71706",0.0127053268024744
"71707",0.00657231034450844
"71709",0.0458121772864705
"71710",0.0127465688902528
"71711",0.00766745031678232
"71712",0.10628327488042
"71713",0.0179521244116145
"71715",0.00820867854264412
"71718",0.0103813947635631
"71720",0.0650157117094715
"71721",0.00878100468470037
"71722",0.0421192683361756
"71723",0.0164365548980934
"71724",0.182464190518089
"71726",0.0102242038706764
"71728",0.0088999644001424
"71729",0.0453226406266441
"71732",0.00304931691274832
"71733",0.16254162472922
"71735",0.0100806735372058
"71738",0.348173295783342
"71740",0.0306187636817348
"71742",0.0136282481709329
"71743",0.0168747734150963
"71745",0.00591715976331361
"71746",0.0662249229802314
"71750",0.0398505641078955
"71751",0.0163062951637942
"71752",0.00765655823193129
"71753",0.421366440885477
"71755",0.0157647786389923
"71760",0.222593612026865
"71761",0.461257328738324
"71764",0.0199894628188458
"71765",0.00528855173909329
"71766",0.0336143809130024
"71767",0.00891519396770449
"71768",0.490345100790432
"71769",0.0175813572545692
"71770",0.0105385632836167
"71772",0.0247672876562644
"71774",0.0255936211300316
"71776",0.0326335081091596
"71777",0.00731492600845835
"71778",0.00618420948614369
"71779",0.00637333384964783
"71780",0.0298511553959595
"71781",0.0551297708181154
"71782",0.0040277855417504
"71785",0.0775083837159479
"71787",0.00704035369022963
"71790",0.213606604692511
"71791",0.33502289819686
"71793",0.0165632330800742
"71795",0.0394675600123746
"71799",0.0077087737895308
"71801",0.014945358671799
"71803",0.0146483446047067
"71804",0.0462279796560139
"71805",0.0147821403723703
"71807",0.00405507216299263
"71810",0.00283241539215137
"71816",0.0113961158479893
"71817",0.00770696218938872
"71818",0.200999078674885
"71819",0.296880763157138
"71820",0.00787933233430991
"71827",0.733478183328323
"71828",0.368610174146331
"71829",0.279007161087724
"71831",0.344728517813378
"71833",0.0106183391649078
"71834",0.00931259921919676
"71835",0.00847702728932664
"71836",0.0510708927830445
"71837",0.0270859549318855
"71838",0.0204388061487773
"71839",0.396657729289941
"71840",0.588059027981435
"71843",0.00783580019474718
"71844",0.00556916907997327
"71846",0.105666706425838
"71853",0.0279867634571026
"71856",0.0534909925498545
"71860",1.13627470534846
"71861",0.239332773321307
"71862",0.0416993570146723
"71864",0.258310506881126
"71865",0.0138367773991301
"71868",0.423018603710305
"71870",0.206165084002922
"71872",0.146293187816671
"71876",0.0547759167043911
"71877",0.236124937083178
"71878",0.136079012345679
"71881",0.00419141080911339
"71883",0.0121253653922136
"71884",0.406212591509172
"71885",0.023215095138332
"71887",0.549433597974955
"71889",0.538861733719048
"71890",0.0213291399053339
"71891",0.00564695119865942
"71893",0.102807066300153
"71897",0.0581051600298472
"71900",0.00476056151713227
"71901",0.0103164987899199
"71902",0.00234785175878148
"71904",0.00695670836160472
"71907",0.334519875268208
"71908",0.526206829102141
"71909",0.0407540030005719
"71910",0.00800093370271238
"71911",0.0044221065791643
"71912",0.107838085327784
"71913",0.155422590465217
"71914",0.0740334247974857
"71916",0.0308761034020663
"71918",0.0135672796361101
"71919",0.00440949809182485
"71920",0.320716592708433
"71923",0.0104683920819713
"71924",0.100644724394162
"71927",0.00814241658632351
"71929",0.0170214180525684
"71932",0.341138695277626
"71934",0.39539623234273
"71941",0.0131646661141624
"71943",0.0149755009278372
"71946",0.00897342644436543
"71947",0.0232074185685016
"71949",0.00695548050856707
"71951",0.0557978262558211
"71952",0.0149350801780169
"71954",0.00398802862968846
"71955",0.00690841625906561
"71956",0.03721142804154
"71957",0.00380013230971963
"71960",0.0227839088643645
"71962",0.0735960753173306
"71963",0.0145526475950882
"71966",0.0114795918367347
"71967",0.050241953432286
"71968",0.00695817090021854
"71970",0.0161157765616836
"71971",0.00977026931271948
"71972",0.0131854228268918
"71973",0.082649525419587
"71974",0.00402059858755534
"71978",0.0103534227808086
"71981",0.153234726545791
"71982",0.0155600518029891
"71983",0.0164877590879499
"71984",0.0160166020890146
"71985",0.0310040728027285
"71986",0.00638207283793532
"71988",0.261763115197404
"71989",0.0155304465105601
"71990",0.0122676654382311
"71991",0.00999560584428022
"71994",0.00652016388126864
"71997",0.0108316985180082
"71998",0.0392307871828981
"71999",0.00681124535655883
"72003",0.0310937171957515
"72007",0.0137641475057725
"72008",0.00670577924627599
"72012",0.0554746383929033
"72014",0.0217118768713134
"72016",0.0137037849580171
"72017",0.0260575715378101
"72018",0.00702502424954555
"72020",0.0163378370738877
"72022",0.0287708593030293
"72023",0.00846518459080108
"72026",0.00939100860877883
"72027",1.14705686832077
"72029",0.0044665800535066
"72033",0.0068625048142572
"72039",0.0104697061665616
"72041",0.0162700449926613
"72042",0.0209564690177083
"72043",0.0577092201698382
"72046",0.00348946928020794
"72047",0.00191436797206399
"72049",0.544807795668433
"72050",0.0157432463725342
"72053",0.00599851329192311
"72054",0.286316156549219
"72055",0.00838623188998941
"72056",0.0230383913670327
"72057",0.0049507330526927
"72058",0.413121458474182
"72061",0.0149347027650526
"72065",0.0107080958922523
"72068",0.00383433338684844
"72074",0.35016905871283
"72075",0.00394666126309924
"72080",0.0568975675448194
"72083",0.0106510072625343
"72084",0.0138131850803839
"72085",0.0154397312707448
"72091",0.0234686360859096
"72093",0.0308164635168442
"72096",0.0103351602252425
"72097",0.0585473193062579
"72098",0.0101729430578439
"72102",0.0146347787395101
"72103",0.0221218554718795
"72104",0.280642843045626
"72106",0.00407143554523595
"72107",0.404201981474368
"72108",0.00227036283941924
"72113",0.0068009468790877
"72114",0.0102790905284573
"72117",0.00852015107666741
"72119",0.041041845786337
"72121",0.0555055922248835
"72123",0.0207700252079524
"72124",0.00653774234803067
"72125",0.00326029361684205
"72128",0.0140364581367046
"72129",0.00755457791630411
"72133",0.0097713848941483
"72135",0.00429004302174376
"72136",0.0390669491773722
"72137",0.0113722229003906
"72139",0.0224724180228189
"72140",0.0146765843193176
"72141",0.0158405226873437
"72144",0.00837479126962768
"72145",0.0177915403302161
"72147",0.0255818052599918
"72148",0.00674744897959184
"72149",0.00642462500843188
"72151",0.0195759730332111
"72154",0.00924187615100411
"72155",0.140625
"72157",0.00698075520318497
"72160",0.102582287458366
"72162",0.0044467511497096
"72167",0.0094612087867073
"72168",0.00878402506637369
"72169",0.330013580805794
"72170",0.0102205039868402
"72171",0.0298920366153105
"72175",0.0117924423151172
"72179",0.0120472148840756
"72180",0.00903659581996468
"72181",0.00894092254162331
"72183",0.00902789047244715
"72184",0.0307152726113296
"72185",0.0289022968256377
"72190",0.00450741415928421
"72193",0.00344932931388209
"72194",0.00186098271257762
"72195",0.00596952375383146
"72198",0.00429768245659817
"72199",0.00386111537909736
"72201",0.00573495192066029
"72203",0.0129177744571018
"72205",0.0140235457063712
"72215",0.363675272013685
"72224",0.338227513562127
"72225",0.0432316620603712
"72230",0.0204884743570027
"72231",0.290072649645676
"72238",0.00558179890311591
"72240",0.269914074932901
"72243",0.248294490481058
"72244",0.00569256696188461
"72246",0.0426840058532747
"72249",0.36068141472985
"72254",0.0131846281158009
"72258",0.0172716511218397
"72265",0.00600357924768927
"72267",0.389378701668873
"72269",0.298348743740123
"72273",0.457901831521799
"72277",0.51139129259059
"72278",0.00271234649723349
"72281",0.423545427255754
"72284",0.00797089978182905
"72285",0.488072291025019
"72287",0.0825040923430339
"72290",0.261557923455505
"72293",0.373253763793182
"72296",0.0149035780513449
"72297",0.217007828719799
"72301",0.0198575468190164
"72306",0.00611486709802687
"72307",0.00844032519573215
"72308",0.00517163115344382
"72309",0.0379446814079125
"72313",0.0144118836388589
"72315",0.0342372415690036
"72318",0.0269107435929807
"72320",0.00376684003710238
"72322",0.0025164601478739
"72323",0.00657650510569846
"72324",0.187270094352239
"72325",0.0142986464886587
"72326",0.0243268539163405
"72330",0.0823350769758801
"72333",0.0539586211388822
"72338",0.0247695407930414
"72340",0.238437371083987
"72341",0.018595041322314
"72344",0.0148251344929851
"72345",0.00733451129483632
"72349",0.0101128686929123
"72350",0.0424017339265007
"72351",0.00996647110490519
"72354",0.00534281794487154
"72355",0.0223499757663273
"72357",0.00383027936635932
"72365",0.337266386839562
"72368",0.00510204081632653
"72371",0.0118276782923904
"72386",0.0176412430500997
"72388",0.326981777113031
"72391",0.368511077328506
"72392",0.00632598162198004
"72393",0.0073958729225998
"72395",0.596007356252596
"72397",0.0166996312632734
"72399",0.00338239017018955
"72400",0.0197304281524322
"72401",0.349406219748682
"72404",0.0099192737912794
"72413",0.0533407847350462
"72415",0.129193142004204
"72416",0.00596332728480162
"72421",0.0101318631739128
"72425",0.0148838079502456
"72429",0.0168185554632599
"72433",0.177838654105392
"72440",0.0150094097094191
"72446",0.0891081485427095
"72454",0.00454328530217811
"72459",0.00605809312919948
"72461",0.0184114770895895
"72462",0.0195631724867185
"72465",0.00725279851415316
"72469",0.0450198759552092
"72472",0.070879028307366
"72475",0.0093094621534873
"72477",0.00569098184056633
"72479",0.00838879063450455
"72480",0.00464965017320089
"72481",0.240080361123048
"72482",0.00514282109388395
"72484",0.39727967543007
"72486",0.00862599305860067
"72500",0.0598687188773201
"72502",0.00854543911581613
"72503",0.00253502282653186
"72504",0.0173545125318226
"72507",0.0103302352604869
"72508",0.00494626252868011
"72511",0.0662518597500496
"72512",0.0699882975090875
"72514",0.0401431732477813
"72515",0.00366933713311196
"72518",0.482061241898041
"72519",0.00718559118384256
"72522",0.0160225183186222
"72535",0.0244955628124639
"72536",0.0261699268800806
"72542",0.00510204081632653
"72543",0.0127814741082766
"72544",0.0235311397588539
"72549",0.0564723711996549
"72552",0.00574321043110879
"72554",0.00752866775518655
"72555",0.0629816506228413
"72556",0.0216959599086282
"72560",0.0270019929515982
"72562",0.0272944880439259
"72565",0.032962829355161
"72567",0.00679302561383918
"72568",0.0290525363026751
"72569",0.0134559537595693
"72572",0.00773818391220775
"72575",0.366855768460768
"72578",0.0363572573781924
"72580",0.0190554068121638
"72584",0.0157992875534675
"72585",0.0491751386580387
"72587",0.00642886129372616
"72588",0.275054643194707
"72590",0.00292792475753123
"72599",0.07155625
"72605",0.0501192117184911
"72607",0.0320527127700427
"72608",0.341980829121775
"72609",0.419750748919747
"72611",0.00707504990525427
"72612",0.0068790436
"72614",0.181027277263155
"72615",0.00660416915161489
"72621",0.00629326498277801
"72630",0.0445391245436411
"72632",0.0864860995108564
"72634",0.00645150884663151
"72635",0.0122984393064144
"72640",0.0372735473955027
"72648",0.190875671599585
"72649",0.00523605887013139
"72650",0.0217454109046532
"72654",0.00691186440752753
"72655",0.02604303827167
"72656",0.0125969841015507
"72657",0.020135287834106
"72658",0.0268069334587536
"72661",0.0110778807830061
"72662",0.00959600166597251
"72665",0.102839434314631
"72667",0.00419232958956576
"72668",0.0189125119027475
"72669",0.0125893312861839
"72672",0.0148823230712911
"72674",0.00915558152550785
"72677",0.0519820657656067
"72685",0.013946779883559
"72690",0.0985254753934122
"72691",0.0354287876532502
"72692",0.00272080595613942
"72693",0.0964131850143116
"72699",0.0108350312282333
"72701",0.060778425884955
"72709",0.118927847861186
"72713",0.0452593670963972
"72720",0.00763536115443912
"72722",0.0166358035246468
"72723",0.00576625010723784
"72726",0.00851679833648279
"72727",0.0329763376441523
"72729",0.00520112507167163
"72735",0.39856711030163
"72736",0.0108401878418704
"72739",0.0086341921841961
"72745",0.0115976331360947
"72747",0.017671506346875
"72748",0.0225981460122175
"72749",0.105591172035766
"72750",0.0052521337158846
"72754",0.0384606155104578
"72759",0.00256392270530099
"72772",0.00473933856801227
"72774",0.0173229281151696
"72775",0.0066071202059387
"72776",0.0225624132848665
"72780",0.0610290078706534
"72787",0.00578079283436167
"72789",0.410381306451012
"72792",0.0197952205466674
"72795",0.00506928301453645
"72805",0.00890540467399215
"72807",0.0647016618251751
"72813",0.117248911309149
"72821",0.00659098151281441
"72823",0.0180655368694055
"72825",0.0104476707899863
"72826",0.0165374664429149
"72828",0.0070611557531867
"72831",0.00343441117253171
"72832",0.0464081598008148
"72834",0.0312778746718427
"72836",0.0143972311685879
"72843",0.00428357299565156
"72844",0.00454235551269564
"72852",0.00975381572662416
"72865",0.0161230935640887
"72873",0.0156172369893137
"72881",0.00750665623898332
"72886",0.0227446648375702
"72895",0.00438609350903413
"72898",0.00656500597322904
"72899",0.0145939372100356
"72900",0.00877774732576253
"72902",0.0179150815020559
"72925",0.024569318468128
"72927",0.0160069669374101
"72930",0.0336439157723012
"72931",0.00818467763435127
"72935",0.00778303169607948
"72938",0.0217469155584041
"72946",0.0109858822177535
"72947",0.0357500655717571
"72948",0.0030107463072177
"72949",0.00683288891779397
"72958",0.0297645173473241
"72960",0.0211426709692221
"72961",0.0144877346197277
"72962",0.0820076838466468
"72972",0.00268955199322791
"72973",0.38748557449654
"72978",0.0423195674679579
"72981",0.00640324173731665
"72982",0.0100494640630463
"72993",0.00517648734636234
"72997",0.0161426348628608
"72999",0.013194569460057
"73010",0.0163881182212192
"73016",0.423271367742447
"73024",0.0034593631959844
"73032",0.0194846217594413
"73040",0.0540052360197591
"73046",0.00684210032561834
"73047",0.041929697363223
"73061",0.062761232735213
"73062",0.0129786893126102
"73067",0.0202171248043711
"73068",0.00577439588975292
"73072",0.0411330434453301
"73075",0.0382746209279401
"73078",0.00502201004402009
"73086",0.0082401496204114
"73093",0.17474148716319
"73094",0.00541737134513408
"73095",0.0225047651823872
"73100",0.0678379325225077
"73102",0.0148007865736041
"73103",0.0309571877123625
"73106",0.0524221031476109
"73112",0.0804133624525742
"73121",0.140051712354326
"73122",0.00631422576383451
"73124",0.0174712701119628
"73130",0.0136572662626713
"73132",0.00716438262206283
"73137",0.019614108331377
"73139",0.0147405768933933
"73144",0.0230400443213296
"73149",0.258610379467915
"73158",0.0129132231404959
"73162",0.0121205443494607
"73166",0.00956374413583991
"73167",0.319315819569248
"73172",0.0109456994064263
"73173",0.0506558830250559
"73174",0.0121980489015862
"73178",0.00927388653165348
"73181",0.136771006559615
"73182",0.098190666893794
"73183",0.22586433194061
"73187",0.0563320794288589
"73192",0.00444064820763753
"73204",0.0217873201270217
"73205",0.0103483269305341
"73208",0.0923592964049833
"73212",0.0173388372362177
"73216",0.17448213127831
"73218",0.00867124190650635
"73225",0.0135143337151989
"73229",0.0186211158354442
"73230",0.0737843816330841
"73233",0.0300444444444444
"73234",0.34477188923805
"73242",0.0142305422431224
"73246",0.318324274402338
"73247",0.00703365609728568
"73251",0.00727089048313318
"73254",0.0352550299485191
"73261",0.035654506258112
"73274",0.007744
"73284",0.106324470101346
"73287",0.305390996256452
"73288",0.00811039821558523
"73293",0.0373055385720247
"73296",0.00767412419140337
"73297",0.0515659746084415
"73301",0.687443932988343
"73303",0.416028315714912
"73314",0.0680099910688645
"73316",0.111111111111111
"73318",0.139875356005907
"73324",0.339821488485775
"73327",0.0328148689595936
"73331",0.230663540155757
"73332",0.00765460493921584
"73333",0.58301744028636
"73338",0.183870069287399
"73340",0.0784036830422676
"73341",0.093674449527015
"73344",0.33828800662429
"73363",0.337470088651321
"73365",0.0571900632544012
"73368",0.0088999644001424
"73373",0.0126607076032057
"73376",0.372139483247976
"73379",0.00652181044105967
"73382",0.405192076532831
"73385",0.0169371320447718
"73389",0.0101954307590079
"73390",0.0108056241112374
"73405",0.143199485592391
"73407",0.128493222343621
"73410",0.289961939958082
"73419",0.00888465038716071
"73420",0.0156982707084446
"73422",0.0221614771525225
"73430",0.0139500279000558
"73431",0.0186843331090523
"73442",0.00479513464174241
"73447",0.00934639150792709
"73449",0.359298587599603
"73451",0.011286270538798
"73453",0.292865074436954
"73457",0.368130087325768
"73463",0.388228358223332
"73467",0.00919497091386752
"73469",0.00688985491897886
"73473",0.00727770962038722
"73474",0.207971175862419
"73486",0.316480189650387
"73489",0.397462639234599
"73490",0.0435209609164906
"73500",0.375645928755062
"73504",0.0570092597788095
"73516",0.020654259203069
"73526",0.0780309702786794
"73545",0.0507195819504272
"73558",0.181259192066116
"73563",0.456211303820724
"73569",0.874501649101922
"73571",0.0515205341472824
"73579",0.090155373298662
"73582",0.0233856085450528
"73584",0.392873823062947
"73598",0.211698655457388
"73603",0.0413981472404666
"73606",0.420295804409643
"73608",0.718543535686685
"73609",0.210651266128722
"73610",0.031550684203278
"73611",0.350042865134662
"73622",0.421229380224879
"73628",0.248539978592989
"73634",0.301285235607849
"73635",0.124622586302629
"73644",0.392139103307685
"73647",0.378651805800866
"73649",0.0279739290258208
"73652",0.0444657347582638
"73656",0.137219116464859
"73658",0.00484187084509598
"73660",0.263040159230841
"73666",0.0076846854444257
"73667",1.13184504584996
"73668",0.00624671214980404
"73673",0.0497916808961137
"73674",0.00653758920273589
"73677",0.268001682589042
"73680",0.0524589459044476
"73681",0.0120872091422552
"73683",0.0109840909443595
"73689",0.011252940493935
"73690",0.738547901667242
"73692",0.00756854569872315
"73694",0.00792042395869335
"73699",0.0121813183355772
"73703",0.481975570622639
"73707",0.157738544338816
"73710",0.0133808379930617
"73711",0.0110121115451833
"73712",0.739750195460851
"73713",0.0751263805767774
"73720",0.111111111111111
"73721",0.191259189769555
"73723",0.0112084613389941
"73724",0.0183390332413993
"73728",0.018244199366591
"73729",0.021318974636877
"73736",0.0103740793636227
"73737",0.0376994352677558
"73738",0.0410350483929786
"73739",0.0039997141191508
"73744",0.00563968204061275
"73747",0.0120832119340365
"73748",0.0755777565215337
"73750",0.0939380740920688
"73754",0.0136452686083139
"73761",0.373677460354331
"73774",0.0464561185301585
"73804",0.316889882394167
"73811",0.429623468180672
"73813",0.633083802202647
"73822",0.0142823625476912
"73824",0.0230494433442652
"73825",0.00284152930813122
"73826",0.00229299472735151
"73827",0.0177777777777778
"73828",0.00761467044238985
"73830",0.00439200308112461
"73833",0.0136702354069011
"73834",0.00595075265475079
"73836",0.010627783322589
"73844",0.0345061516438815
"73845",0.0168645073958113
"73847",0.0471815372211771
"73852",0.0274491243689955
"73855",0.48832842422921
"73862",0.277612131041131
"73873",0.0925754073309642
"73874",0.467629588577598
"73883",0.307176369990789
"73884",0.0875485699407146
"73893",0.0919803988831598
"73894",0.502447541168691
"73902",0.387420980718709
"73904",0.435227557723592
"73906",0.348674919772444
"73910",0.0320664604957132
"73914",0.286373132942794
"73915",0.337311739758334
"73916",0.00451641808301538
"73919",0.0158951450088127
"73940",0.134765122790768
"73941",0.0854462303800045
"73942",0.0212309911115892
"73945",0.00320942804434772
"73951",1.42003339909948
"73968",0.18735099969601
"73980",0.327459407163207
"73989",0.499787639367951
"73990",0.128569387787495
"73991",0.0137796190230539
"73998",0.0026986001011975
"74002",0.0103685022408787
"74004",0.0105799474622323
"74006",0.00265016274605573
"74007",0.0339528340819987
"74008",0.0925623616508915
"74011",0.00379306419881071
"74012",0.00820641584072638
"74013",0.0154719396980079
"74015",0.0177227808183726
"74016",0.117286749545195
"74018",0.00473530594656708
"74019",0.00849509283033398
"74020",0.0314169766071347
"74022",0.00298934058983612
"74023",0.778476503882901
"74025",0.0151931354220601
"74026",0.00447798243482207
"74030",0.0256859781090942
"74032",0.0135578907862638
"74034",0.0116318192137579
"74035",0.00737450465103066
"74038",0.018380427871808
"74039",0.0568147549584887
"74041",0.130303390838786
"74042",0.349876116023752
"74043",0.0101886141515564
"74044",0.0226050173602621
"74048",0.0166404498979365
"74051",0.101894023009364
"74052",1.37270231516424
"74053",0.0169104854968782
"74055",0.0263478291108121
"74062",0.339628496110855
"74071",0.310734697758326
"74075",0.4225
"74076",0.113577753415416
"74080",0.068798710024187
"74081",0.00592209690099067
"74090",0.146410810475491
"74091",0.0360115471848525
"74092",0.244292768412117
"74094",0.0265444765352531
"74096",0.0664384458962982
"74097",0.00872131628045212
"74098",0.00599235059113796
"74100",0.0159147928994083
"74102",0.00904760487530564
"74103",0.00708868493873965
"74104",0.00863385559148085
"74105",0.00514871390666192
"74106",0.00646050731951044
"74107",0.232677271850704
"74108",0.00557825835323867
"74111",0.012494146711195
"74112",0.00852761361170126
"74114",0.0100688762493469
"74116",0.403150492360047
"74117",0.0060929330251262
"74120",0.0092661223269051
"74121",0.39003176365883
"74122",0.00489607694287811
"74123",0.041259765625
"74125",0.00308641975308642
"74126",0.0145224967899543
"74127",0.545426832275887
"74129",0.392166510227554
"74131",0.0397601204808412
"74132",0.00236989249081461
"74133",0.00526756245053476
"74134",0.237633703573051
"74136",0.0156472463883245
"74137",0.174120277736545
"74140",0.00357230309544907
"74142",0.00355247576860664
"74143",0.00235078053259871
"74144",0.0412289166789848
"74145",0.068179012345679
"74147",0.0625392772967527
"74148",0.0105834932257812
"74149",0.0230389030612245
"74150",0.0236842174805494
"74153",0.0669210540006402
"74154",0.00587485976631701
"74155",0.0106869461273571
"74156",0.176853302892745
"74157",0.00252881820583961
"74158",0.00371812710833097
"74159",0.00356426821118289
"74164",0.00704604433054632
"74165",0.0277976580976123
"74166",0.00703921687423355
"74167",0.00416591371633571
"74168",0.00646701524995058
"74169",0.404533412629758
"74173",0.0187746687392242
"74178",0.0188150990680554
"74180",0.36727035970332
"74182",0.00879770592033633
"74183",0.0434892606641231
"74185",0.0134155900176753
"74186",0.0668583008073548
"74187",0.00725130688821999
"74189",0.0127954561025905
"74190",0.07296733892336
"74191",0.0247007960569894
"74192",0.00452952135105941
"74194",0.0401409398359063
"74195",0.0054558367768595
"74196",0.00893151004444444
"74197",0.00995408542012685
"74198",0.0142950719855354
"74199",1.15219052466117
"74200",0.00883921396741909
"74201",0.0119864744351962
"74202",0.276364616670695
"74203",0.00521369833587422
"74204",0.00542169062491106
"74205",0.0090896229118875
"74206",0.0258848378638853
"74211",0.031284917788812
"74213",0.0080952953962012
"74220",0.377192103825543
"74227",0.351918624777912
"74228",0.434281477363405
"74229",0.00889746326848646
"74230",0.317863599516821
"74237",0.00870278578157641
"74238",0.0134824015633072
"74239",0.00497301655666748
"74241",0.0107384011976501
"74243",0.010017801509606
"74244",0.00231666894158917
"74245",0.00769200722810559
"74246",0.0156450046535808
"74249",0.0397453795182273
"74251",0.027945063023197
"74252",0.0042530196464332
"74253",0.0334504847645429
"74254",0.00651625774837192
"74255",0.00455144674831992
"74256",0.00941189574515482
"74257",0.0632394396567214
"74264",0.358451281640393
"74268",0.0281154984185287
"74270",0.0158314197814618
"74272",0.31993404479679
"74277",0.0111553353861475
"74283",0.395162432682296
"74284",0.0557484567901235
"74287",0.00263572225765306
"74293",0.427853726741441
"74302",0.0025901877305641
"74303",0.0583328373290752
"74309",0.0107195694316906
"74310",0.1723081379199
"74315",0.00307232653061225
"74316",0.00735973274570482
"74318",0.0159875169451728
"74319",0.0174707681829628
"74320",0.00189035916824197
"74322",0.00921311745849106
"74325",0.00337607197299142
"74326",0.00508203936880224
"74330",0.00179595200640637
"74333",0.141832594286319
"74334",0.00834307794705966
"74335",0.0515926528584237
"74337",0.213556014692378
"74338",0.535438344867152
"74340",0.0223056164614606
"74341",0.634408942057292
"74342",0.00444444444444444
"74343",0.0212898786258289
"74347",0.0105985092971271
"74349",0.00716561957127236
"74351",0.00275515555384697
"74352",0.00641670815600944
"74354",0.0485752827900299
"74355",0.0153029413479467
"74356",0.0209033888548475
"74359",0.0277777777777778
"74360",0.0103002470768199
"74361",0.451954326723112
"74362",0.157087774648604
"74363",0.075261062964545
"74364",0.157572578282208
"74365",0.0332302517361111
"74369",0.178005258198964
"74370",0.0111203697121744
"74374",0.00736650451591826
"74375",0.00483697814776275
"74376",0.0547954272711837
"74377",0.417517071080218
"74383",0.00773200285562413
"74385",0.00806442271382535
"74386",0.00930217683748512
"74387",0.165728202447543
"74388",0.00145749048671936
"74392",0.0029271541908189
"74393",0.0231498442619957
"74396",0.0324948060941828
"74400",0.341852079552152
"74403",0.090254396481188
"74405",0.0506454194814905
"74407",0.192970119556972
"74410",0.00619287432628085
"74411",0.018645394791977
"74412",0.00570428880267095
"74413",0.665219274241523
"74414",0.00874148985392293
"74419",0.254524795065336
"74424",0.454943596900791
"74426",0.0803763016153704
"74427",0.00782081540099033
"74430",0.0195162139942798
"74435",0.143976038046373
"74438",0.00502731884988492
"74440",0.0252249134948097
"74442",0.231606807189674
"74443",0.00687104199844015
"74446",0.306569046311367
"74450",0.00411718665220152
"74451",0.0101795149802588
"74453",0.517808222672965
"74454",0.36647950739583
"74455",0.0116599440146355
"74456",0.131580440938045
"74460",0.392839486004399
"74463",0.435470688394601
"74464",0.00907423333933754
"74466",0.0818500501768696
"74467",0.00947916516913581
"74469",0.365999399475294
"74470",0.0296291319537759
"74471",0.0812182747807092
"74476",0.0172858198718856
"74477",0.00474936255109094
"74478",0.00430277209555224
"74479",0.00709837203911274
"74480",0.0196864465812968
"74482",0.0268589076487097
"74485",0.446324362450131
"74486",0.0794853504915519
"74487",0.0385883750324332
"74488",0.416837655689411
"74490",0.0435093530053822
"74492",0.255112114912773
"74493",0.00475624256837099
"74498",0.00493547766116663
"74504",0.00478785292333955
"74511",0.405951020408163
"74513",0.0313408575810993
"74516",0.13137330478086
"74519",0.0232746924884007
"74521",0.0109814917854747
"74522",0.00517508525551715
"74525",0.00545172937196443
"74528",0.0191791013940244
"74530",0.366591335505132
"74533",0.00380375970247774
"74549",0.00480540237172672
"74551",0.0512069457172045
"74552",0.0067380959508751
"74558",1.23441558416846
"74559",0.104933369887748
"74563",0.0530211218836565
"74568",0.431202897683473
"74569",0.00601115606473322
"74570",0.00339139669830118
"74574",0.304204221980887
"74577",0.0134201889712962
"74580",0.0528369511024761
"74585",0.00629504464125641
"74589",0.255869900441374
"74591",0.500595516663086
"74596",0.0939629272089439
"74597",0.334911116504282
"74600",0.0185205494940358
"74610",0.00591407509777847
"74616",0.0104404301751003
"74617",0.0141612155154593
"74626",0.040169851189037
"74629",0.23003668959849
"74633",0.118873399951697
"74637",0.0194045520653098
"74644",0.530438344779561
"74645",0.0815450043004996
"74646",0.102163646933953
"74648",0.0079219319645843
"74653",0.008616686696355
"74654",0.39144888587716
"74661",0.0408091072788997
"74665",0.0573548069473141
"74666",0.0266472569171495
"74670",0.0217892170246509
"74682",0.00439606989906736
"74684",0.0333788426531873
"74685",0.708532307950945
"74687",0.209581894787202
"74691",0.409408704613154
"74693",0.111094670300108
"74694",0.00965360871262785
"74702",0.532881448700209
"74706",0.441029997508645
"74711",0.137426485606497
"74712",0.335915990164467
"74717",0.323991860868261
"74718",0.00939100860877883
"74720",0.0672457330418323
"74724",0.0970538789357878
"74729",0.0177052356831347
"74732",0.338045429424773
"74734",0.111500769276477
"74735",0.0433970689516648
"74737",0.0110185386720583
"74741",0.00365373975291798
"74743",0.158189213741999
"74744",0.681565878683063
"74747",0.0213812357790687
"74748",0.384901043536982
"74753",0.0144481202672233
"74754",0.0223425788044956
"74760",0.0123393697348137
"74761",0.0579144466765657
"74762",0.0648318273126593
"74763",0.00444076602999869
"74764",0.00794531389421249
"74766",0.00685725340867986
"74769",0.00973584761520459
"74770",0.0800626748278875
"74772",0.012557390978497
"74775",0.0219550016337067
"74776",0.00641018432407571
"74777",0.0227983252576961
"74778",0.00787787542452996
"74781",0.00314783953642889
"74782",0.104758463958977
"74838",0.00845397075465759
"74840",0.0165464521592828
"74841",0.00372938639939397
"74843",0.150449954086318
"74844",0.279219778099914
"74845",0.13056466887346
"74846",0.525764211836632
"74855",0.059426916152456
"74868",0.0155143373538714
"74883",0.348663472544235
"74892",0.126041986218264
"74895",0.0164810080350621
"74901",0.03450254198555
"74917",0.328208288489153
"74918",0.524136887617652
"74919",0.00385107671988699
"74925",0.387953237280638
"74926",0.407231770968676
"74931",0.115084121134434
"74934",0.886594036177268
"74945",0.318478841030617
"74953",0.334920778632866
"74959",0.377272380086252
"74966",0.415002744602114
"74972",0.185997732997128
"74973",0.321961421233688
"74978",0.0705284061884573
"74992",0.108472102574812
"74995",0.472205446106976
"74996",0.00536575749442809
"74998",0.00409436580435601
"75001",0.4061257984
"75007",0.0120092012057715
"75013",0.524926196601629
"75015",0.324634937804219
"75016",0.0156529391987133
"75019",0.312901053475711
"75029",0.00808809663454762
"75033",0.32372175980975
"75037",0.237739116370921
"75040",0.122697819911264
"75044",0.137457111599072
"75050",0.0380403309025146
"75051",0.0512637949448202
"75060",0.0567024467360864
"75062",0.00417421941336197
"75079",0.0152185448259806
"75083",0.196638070473578
"75084",0.643184618349088
"75087",0.136289242046107
"75089",0.0068148938672508
"75099",0.00683421691719179
"75104",0.00700609590783869
"75106",0.514650283553875
"75116",0.130435413516596
"75124",0.436588113593763
"75129",0.359976029164523
"75135",0.0427367697338482
"75137",0.0117720044644435
"75141",0.0134917159763314
"75145",0.372232969411747
"75146",0.0370852870085755
"75164",0.487306992280816
"75170",0.210639897527289
"75172",0.762856310595084
"75173",0.350620261703055
"75180",0.034832211268714
"75193",0.271740605677395
"75196",0.0385633695491422
"75202",0.0122811897774625
"75203",0.128283019022832
"75209",0.0945395864444263
"75210",0.011442410996903
"75212",0.00470972702806613
"75216",0.0153907124067349
"75219",0.0173545125318226
"75221",0.00586264495430731
"75234",0.00917822535116912
"75243",0.408261560302866
"75258",0.376902739945521
"75259",0.404588006146847
"75273",0.0199669187145558
"75275",0.332099920898456
"75276",0.405248403485546
"75284",0.0252818808940999
"75285",0.428764774571291
"75286",0.462259039658751
"75288",0.0183489150965858
"75291",0.0206149050098178
"75292",0.0152339016172934
"75296",0.00988718238475855
"75302",0.00717436279703594
"75304",0.0309256598133
"75305",0.273203869783207
"75311",0.203617357432916
"75316",0.00903907713509573
"75317",0.117768368972849
"75320",0.00308536158226945
"75321",0.285876473820571
"75329",0.339525333035124
"75339",0.00604434471275669
"75341",0.366635805066914
"75355",0.136587805555026
"75359",0.143321665339725
"75368",0.295583933283476
"75369",0.097123822550238
"75370",0.42181042310987
"75373",0.144334145547797
"75379",0.312491072153234
"75387",0.0124815144184427
"75388",0.0407560719693559
"75394",0.401071615149624
"75398",0.011539678579636
"75404",0.464067363832841
"75406",0.00507748229208943
"75409",0.00683774522005831
"75410",0.0211239022547585
"75415",0.0376279207595742
"75416",0.00758342531424292
"75420",0.0112890625
"75422",0.0177164160201412
"75423",0.00813809198643726
"75424",0.259495665610525
"75425",0.00497621967216752
"75426",0.192366882117575
"75429",0.0721837352895312
"75430",0.00829270931559558
"75432",0.451142834526218
"75434",0.693963110586475
"75452",0.0101099900069851
"75454",0.00736945595806019
"75458",0.0510213996313464
"75465",1.44468244788107
"75467",0.401952982754026
"75469",0.342612909578838
"75472",0.589639000706854
"75475",0.0159184208227793
"75479",0.31164735825329
"75480",0.205670124471757
"75482",0.422716886273219
"75489",0.243369414495809
"75495",0.193989353908519
"75500",0.281647516820526
"75501",0.312479667462684
"75504",0.308669124182738
"75507",0.150646872949789
"75516",0.051887500402014
"75517",0.340357320649491
"75528",0.212338692816238
"75530",0.0208522412156257
"75533",0.0245261794421206
"75538",0.0290200287324187
"75539",0.494730797386159
"75540",0.0102788710925615
"75541",0.0118646135247211
"75547",0.0396261702746135
"75549",0.127460131646172
"75552",0.00835918367346939
"75553",0.00430874424720579
"75555",0.0626244399891092
"75556",0.72598334726772
"75560",0.0139367186248266
"75561",0.223250176776521
"75563",0.437724899114397
"75564",0.0196217959393783
"75565",0.0156384321936631
"75568",0.15128759080131
"75570",0.0628134510578243
"75571",0.0992894776553884
"75572",0.0139686760304994
"75576",0.0394428390730402
"75578",0.0155801971556723
"75579",0.0777229595095132
"75580",0.00585969927167359
"75590",0.462065033741239
"75593",0.00881490358254056
"75597",0.020844509683382
"75599",0.0255592518966287
"75600",1.94303011862802
"75602",0.354432938185884
"75604",0.327294575202191
"75605",0.00307691577180491
"75607",0.0290889279636753
"75608",0.00191048982229057
"75610",0.276942660392269
"75612",0.00762375923508603
"75613",0.0100249132388574
"75614",0.0335346761036479
"75616",0.0158809216909743
"75617",0.00682804438931327
"75619",0.0115290388711311
"75620",0.00698428425323765
"75623",0.0359593964334705
"75624",0.00657975623471394
"75625",0.00582551910999014
"75627",0.0100495662189981
"75641",0.351173891409199
"75642",0.380685860057365
"75645",0.282747980095783
"75646",0.0472262513820955
"75647",0.349078239814881
"75656",0.244382425605075
"75657",0.312394980615361
"75659",0.0195097313304899
"75660",0.016948287718579
"75662",0.445604305492916
"75665",0.00576830636116007
"75668",0.0516528925619835
"75669",0.0056260045988282
"75671",0.31398240012707
"75677",0.519426869697535
"75678",0.02799656111787
"75686",0.00590025963695246
"75687",0.0187709393827553
"75689",0.0436193133391811
"75690",0.110264553347707
"75691",0.019327060017902
"75692",0.0250542182144656
"75693",0.127493115054054
"75695",0.0410761851379705
"75697",0.0723455775503414
"75698",0.00876022228154044
"75705",0.00383726915176927
"75710",0.00930605714463753
"75712",0.0201564954973618
"75717",0.00556191948932358
"75718",0.216784312635318
"75723",0.0865994995879396
"75725",0.00666389004581425
"75729",0.00798388622797518
"75731",0.0425483927763332
"75732",0.094139651198659
"75734",0.00618673323789061
"75735",0.00581277366376304
"75736",0.124264066555862
"75739",0.0476806416831032
"75740",0.0597352393300139
"75744",0.00666193367443519
"75745",0.0124039820198744
"75746",0.0177225478300522
"75747",0.011382595297689
"75751",0.0107252021314494
"75758",0.00769611159536012
"75761",0.729921362804245
"75763",0.0100583453648676
"75764",0.00935481585751397
"75767",0.150613075984759
"75769",0.01276265458192
"75770",0.00608141973011489
"75773",0.470086297876534
"75778",0.00882053628860635
"75782",0.0192428271117892
"75784",0.458976134425501
"75785",0.00529151970798135
"75786",0.00359419722620354
"75787",0.432251762766704
"75788",0.0113103618403548
"75796",0.0095610152114748
"75799",0.242982806627627
"75801",0.115618837332433
"75805",0.00291934423053169
"75809",0.0411917411789628
"75812",0.00818868255997789
"75813",0.36619870481445
"75814",0.415085560156
"75818",1.03809184763261
"75823",0.414292517410392
"75826",0.00189385400788847
"75833",0.326258420534297
"75836",0.123965336082556
"75841",0.00888937401616087
"75845",0.37640729123282
"75847",0.00977649023473102
"75853",0.219500015262049
"75855",0.389933699042971
"75857",0.353890301545465
"75858",0.435715515678704
"75860",0.405290842440627
"75869",0.00928629607027545
"75870",0.460286218521389
"75871",0.00832474102846442
"75881",0.0890367490857779
"75893",0.555891172457326
"75894",0.0102740587105196
"75900",0.193735931187669
"75901",0.0117059922032048
"75905",0.0644781521658145
"75906",0.00724309642372114
"75909",0.00838181015580988
"75910",0.523469041759285
"75913",0.424668657692827
"75914",0.0140947853464273
"75915",0.415028855683311
"75927",0.350877133609972
"75939",0.0731691109160012
"75946",0.346337638118617
"75951",0.174218383792374
"75956",0.0186288482861191
"75957",0.0606920749089952
"75958",0.344657517697442
"75964",0.00310127614439513
"75965",0.00659502271048219
"75973",0.448116134412303
"75974",0.0332090494472932
"75985",0.00801451247165533
"75986",0.375607960957097
"75990",0.0689751862356683
"75991",0.00286138922939472
"75995",0.0384569062286747
"76000",0.140545763489388
"76003",0.299778211958731
"76007",0.00712867899438809
"76014",0.00753171716563635
"76022",0.00306349378042185
"76024",0.375296231062568
"76025",0.00537022777885849
"76041",0.10591028008618
"76044",0.0303450305569958
"76051",0.00855037359429867
"76055",0.00322132943754565
"76071",0.00480983361107104
"76072",0.300515314269125
"76073",0.0294591812624424
"76074",0.480660378532734
"76080",0.00362103720870102
"76082",0.0574741850846867
"76088",0.0175156551005905
"76089",0.00147222939668502
"76100",0.0761113331521221
"76108",0.00811576592466145
"76113",0.350966483011938
"76117",0.0412784044184402
"76123",0.0175329430209048
"76130",0.0104710399720467
"76131",0.538846128916699
"76132",0.00594663498428257
"76133",0.0285358930702731
"76137",0.0117698787225275
"76138",0.0276653276013289
"76142",0.025628869464862
"76156",0.00629153605920844
"76157",0.0470453384837813
"76161",0.0148490959223911
"76166",0.0578277153006405
"76167",0.00816249632388981
"76178",0.00635541278310201
"76179",0.00597867801844243
"76183",0.0195556978857012
"76184",0.0236826503828593
"76187",0.0212496493807852
"76192",0.00442326710632247
"76199",0.0241153812928799
"76205",0.0161162215744268
"76206",0.090146520122269
"76217",0.0030414262908565
"76219",0.0199920195510191
"76220",0.0248991600283364
"76222",0.0268566528453457
"76223",0.0152907850618569
"76229",0.0332049382716049
"76233",0.0084271273957664
"76238",0.00624358676079073
"76246",0.00375062478520019
"76251",0.0113249863038714
"76252",0.010194757896002
"76257",0.0433726139995773
"76260",0.00414745216509164
"76261",0.0191715976331361
"76263",0.0220254966349936
"76265",0.0116947124257604
"76267",0.0101821908712226
"76273",0.00540973030351383
"76281",0.0291764105887276
"76282",0.035903231824417
"76293",0.0873262807163682
"76294",0.125181794542692
"76295",0.00666389004581424
"76299",0.00406219830277437
"76302",0.00358943507539444
"76303",0.00383299308575869
"76306",0.0168096520881349
"76308",0.010448721655588
"76311",0.0512637949448202
"76332",0.00586519812890279
"76338",0.0113575775549028
"76355",0.0332660891578656
"76357",0.00961369662951474
"76365",0.108611587464304
"76366",0.00485448090654433
"76367",0.0231421007061744
"76371",0.234043486771723
"76373",0.0351099249663867
"76375",0.00994310111119228
"76376",0.0111895439652182
"76377",0.0749781943624253
"76380",0.046397620749807
"76398",0.349560912331618
"76406",0.447520120511887
"76408",0.0481536832995002
"76411",0.020736
"76416",0.0297791526352886
"76421",0.035218519360495
"76422",0.31282921408348
"76425",0.0031570557528745
"76429",0.0226857800190871
"76432",0.407357463835026
"76438",0.0248210015497532
"76441",0.0207654109816282
"76448",0.03574861859611
"76453",0.026248798656963
"76454",0.015328798185941
"76455",0.0332995897490543
"76457",0.0263879909997129
"76459",0.0515770119949894
"76464",0.0568508504198275
"76467",0.0126592992002058
"76469",0.0280948237770806
"76477",0.148397741591885
"76478",0.0211205802140015
"76479",0.0139362118123065
"76482",0.0169510969679739
"76483",0.00979536390484738
"76484",0.0252751962985417
"76485",0.00989602220690999
"76486",0.546323633235904
"76487",0.0610934711485218
"76491",0.0275781946986869
"76497",0.00672510761917461
"76498",0.0125516574701895
"76499",0.00308641975308642
"76500",0.0127675132011773
"76501",0.0103418557885665
"76505",0.00526795005202913
"76508",0.0129364506277171
"76509",0.439515013574295
"76510",0.010305052060495
"76516",0.0870988628335252
"76522",0.0135822297376561
"76524",0.0308556190174572
"76527",0.116015729409316
"76539",0.0121520243040486
"76547",0.0114355665969882
"76551",0.0105776728974856
"76559",0.004318536079301
"76560",0.726780794353101
"76561",0.0143353173192587
"76563",0.0146336168150434
"76566",0.0773462763074579
"76568",0.00484657335721654
"76571",0.589102310597157
"76574",0.0230460804758785
"76577",0.00357155285740884
"76580",0.00889176198340499
"76582",0.0086085535786399
"76589",0.753639485080996
"76594",0.00167116840477165
"76602",0.0988736279144645
"76608",0.00594841820966775
"76612",0.0276756175669355
"76614",0.00455455727079218
"76624",0.422926973490755
"76626",0.00737055717966443
"76628",0.130515524936095
"76630",0.0113930726907271
"76633",0.204310988249579
"76634",0.314325607912076
"76637",0.431314234097089
"76640",0.477190822996414
"76642",0.247954804331684
"76645",0.381308428902195
"76646",0.516277886265672
"76650",0.0204314935443565
"76652",0.234147081717153
"76654",0.00607526954353692
"76668",0.199637845178814
"76670",0.610226190015893
"76681",0.046815608146196
"76683",0.029873494894071
"76686",0.0438655625577324
"76687",0.00554240556952521
"76688",0.00635754572245339
"76707",0.00281448691288348
"76709",0.00839478084482334
"76710",0.059422275384878
"76718",0.440861674335332
"76719",0.00468439263638807
"76737",0.0225044805097713
"76740",0.011496765283114
"76742",0.00187673500241108
"76757",0.41745640534672
"76758",0.761466041193766
"76763",0.00938686078950204
"76773",0.00798976311600762
"76775",0.0246587758502422
"76779",0.00530729955245472
"76781",0.00671115152929368
"76784",0.00683624106613401
"76786",0.313709823147469
"76787",0.01345937782797
"76788",0.00273997957009194
"76789",0.00533415036907348
"76792",0.0094715435718793
"76793",0.00713609300018711
"76794",0.0399248120466945
"76795",0.00649515949009685
"76797",0.297867140192474
"76798",0.0394259112216649
"76799",0.00567817632792135
"76800",0.0136884834485817
"76804",0.00723588603202289
"76808",0.00705278163370334
"76809",0.00497840498623812
"76813",0.00777094877756739
"76816",0.0078872066353492
"76820",0.00689317518863135
"76824",0.00302791075277848
"76826",0.0210899230768106
"76829",0.0375624556297169
"76832",0.0223919569387944
"76843",0.151941313981846
"76846",0.0049337872600307
"76850",0.0201141176514258
"76854",0.0548589858457894
"76856",0.426581154428991
"76857",0.0123261755730327
"76863",0.0103698925413882
"76866",0.00824126025864069
"76867",0.00896416090526113
"76872",0.0634496029720153
"76873",0.0572900349960354
"76877",0.0138064930709912
"76880",0.0791187912639021
"76884",0.0122033668983673
"76886",0.00990470725902484
"76889",0.0123279981280942
"76890",0.0050165332661905
"76892",0.0154885708687908
"76893",0.0195470616078814
"76894",0.0206316243267743
"76895",0.00348038370738985
"76897",0.0127249405116002
"76898",0.0106833137601305
"76899",0.00189035916824197
"76900",0.0123237603677331
"76901",0.0130507707141844
"76905",0.554536101091731
"76915",0.16
"76916",0.0145487294682008
"76917",0.0559066083611554
"76925",0.218621231664761
"76927",0.0846280991735537
"76932",0.00548631611306768
"76933",0.456353995888956
"76936",0.00530711871820452
"76937",0.256043643036784
"76938",0.00380966552963531
"76943",0.427269482450922
"76947",0.0161529268335825
"76952",0.00235484308181321
"76954",0.0166751691884705
"76959",0.00525203089290144
"76960",0.106631708937598
"76965",0.0072763285474827
"76967",0.0135705717111009
"76969",0.0121176935383137
"76972",0.0125265224718843
"76974",0.603389095756264
"76976",0.00857245709735177
"76980",0.0136474801292689
"76982",0.054243912591051
"76983",0.00747372474952208
"76987",0.00529660493827161
"77006",0.00438018122340496
"77011",0.420600952990986
"77015",0.0131351619561356
"77018",0.0176258316558836
"77022",0.279079270323933
"77031",0.00722690169111502
"77032",0.0181169519145615
"77034",0.0100978596943938
"77035",0.0275879745906042
"77036",0.390382789495824
"77037",0.43634601653152
"77038",0.00376869537928891
"77040",0.00297520661157025
"77041",0.00968723528564426
"77044",0.0125608700045129
"77045",0.00711982520712091
"77048",0.00986885387811634
"77053",0.00968751937503875
"77056",0.0223343485740154
"77057",0.0507136214272429
"77059",0.136987959794881
"77065",0.00948963587172202
"77087",0.013076293683224
"77090",0.0342536881797969
"77097",0.0152298710600687
"77106",0.0035271778197455
"77110",0.00484243809118929
"77113",0.0126816005194384
"77116",0.00521398611066522
"77117",0.0867980683956562
"77124",0.02623487403293
"77125",0.0221483266388493
"77127",0.371269639393122
"77128",0.0119686200410285
"77134",0.0117403799520729
"77189",0.0686692553345914
"77209",0.0544524445097403
"77219",0.00689825604949922
"77220",0.0918343477569431
"77252",0.0747837660623925
"77254",0.00823564168867203
"77264",0.0220122748032656
"77286",0.00923112893338932
"77288",0.0971351860118989
"77290",0.303012866998463
"77300",0.0180995235476407
"77305",0.0042757149811444
"77318",0.0908706735487626
"77323",0.0499211821572004
"77352",0.201972615737506
"77361",0.104388144902063
"77371",0.0156057118627578
"77382",0.0503814854930077
"77383",0.139979191438763
"77402",0.0642083495423927
"77407",0.00485029779514936
"77411",0.32041979530377
"77414",0.376102927700307
"77422",0.0187103770131179
"77428",1.8680123212617
"77446",0.0511278348006004
"77453",0.0754671465032834
"77462",0.0242824344160488
"77480",0.000964855562829065
"77485",0.116567334184178
"77505",0.0194744345656665
"77516",0.401725487603306
"77519",0.00902756082853219
"77521",0.00923498129528551
"77531",0.00200550962895046
"77532",0.0130740468961804
"77533",0.0548310771495751
"77552",0.00937232913193692
"77558",0.0688165173426372
"77559",0.00530925191460311
"77560",0.0957968859038171
"77569",0.026870921891724
"77573",0.00271557982735159
"77574",0.004778000176859
"77577",0.519024336474039
"77578",0.0379789509579019
"77579",0.00809967207473461
"77582",0.0151873758807029
"77583",0.0848466038212271
"77590",0.0587244533102488
"77591",0.00745303038145024
"77592",0.713976655192104
"77593",0.0078776513204293
"77594",0.388189109994357
"77595",0.058345575258686
"77604",0.0195292773955309
"77605",0.00637923764547141
"77609",0.0289137668212887
"77610",0.168639661457932
"77613",0.0172606462695618
"77618",0.227022217810741
"77619",0.37382308013783
"77622",0.0163395085066163
"77626",0.00506210327268162
"77627",0.134371485854311
"77629",0.01309054260513
"77630",0.0316214702123562
"77633",0.056616453510613
"77634",0.0137266012507831
"77644",0.00540425372729672
"77647",0.141512501742061
"77652",0.0166290751297944
"77669",0.257855053241568
"77675",0.308119074978454
"77683",0.00726543525039513
"77697",0.0152954837743011
"77700",0.232237169817801
"77705",0.317422109923186
"77717",0.404415655718608
"77721",0.00420046157438947
"77733",0.00508964970780636
"77739",0.0558086440535308
"77741",0.483984794895948
"77744",0.0296047105084411
"77766",0.00369107788251733
"77767",0.130052948540786
"77771",0.00764430111379856
"77772",0.256842303704402
"77777",0.416718370187544
"77779",0.325392003462958
"77781",0.00589195357358805
"77782",0.0322280728812584
"77794",0.0553342414551085
"77798",0.449447627778383
"77799",0.268150585651468
"77800",0.374470928937403
"77803",0.399778061079556
"77805",0.0107695999525454
"77806",0.535141509662264
"77809",0.0168504545662634
"77810",0.0947291315433232
"77827",0.0163068369533497
"77832",0.0149582153785134
"77853",0.0156928914434559
"77854",0.32108280165646
"77855",0.375761339973381
"77857",0.211432877176585
"77862",0.0178627371682777
"77864",0.00936524453694069
"77866",0.0197865401698551
"77875",0.415481201916098
"77877",0.00381803464421606
"77889",0.0147694428612942
"77891",0.00618844444444444
"77908",0.33547353236458
"77920",0.0737012680741931
"77929",0.008464
"77938",0.0441302210030537
"77940",0.0320971504972013
"77945",0.213423692790726
"77951",0.00782266910758268
"77963",0.00848686336389792
"77974",0.0901453370776636
"77975",0.0245542865706881
"77976",0.0220064717546975
"77980",0.0135186941430913
"77981",0.38784286513137
"77987",0.00676383357952511
"77994",0.0292983079202914
"77996",0.493273932989144
"77998",0.353398156898249
"78004",0.0994331896875354
"78016",0.436301493752003
"78021",0.310034093056585
"78027",0.328686678662393
"78038",0.00579494977311095
"78042",0.408091808583209
"78068",0.334180288837725
"78070",0.0145158949049209
"78071",0.277139287457649
"78073",0.428846406461384
"78082",0.13243504149579
"78088",0.200199879076178
"78100",0.00578660391148304
"78102",0.397644840648396
"78103",0.07476806640625
"78105",0.372383676896131
"78108",0.00547467272617587
"78115",0.536486140622182
"78119",0.0591845482308747
"78134",0.0540063092135243
"78151",0.0403859420901095
"78167",0.13834259204125
"78171",0.374275325308373
"78174",0.316182007448573
"78176",0.288661549504332
"78177",0.0234323698030719
"78183",0.430062345519879
"78185",0.0607725416882403
"78200",0.415635361040777
"78202",0.441455533553581
"78232",0.006923448403716
"78244",0.0267876089927218
"78245",0.249473668061376
"78246",0.00591715976331361
"78248",0.0114795918367347
"78249",0.158355723741018
"78250",0.172686419753086
"78251",0.0251224173709229
"78252",0.224288215407026
"78255",0.0084244388815089
"78257",0.0673340661172605
"78266",0.0117797985703121
"78267",0.0237467043686912
"78283",0.00988668646694215
"78284",0.411414941824197
"78286",0.0350234597503582
"78287",0.00217189275025642
"78294",0.009604
"78303",0.0208311191412477
"78304",0.0118025398376834
"78308",0.00860577113247103
"78309",0.0162581546652618
"78312",0.377665548445237
"78317",0.0437951322209548
"78321",0.031616223734208
"78323",0.0069308933678451
"78329",0.248738210269724
"78330",0.011433144011256
"78334",0.0209315364890449
"78339",0.0204300810118975
"78353",0.239137959838284
"78369",0.113544390186648
"78372",0.0264213704520512
"78373",0.0437104491561607
"78376",0.292153764058139
"78388",0.0416359754034171
"78394",0.00764259641377291
"78403",0.0722515950083913
"78405",0.633591254127628
"78408",0.0127336443160592
"78412",0.0277777777777778
"78416",0.520023052242608
"78428",0.00754781369280823
"78438",0.0300664067569016
"78439",0.0451481294677141
"78443",0.439755073139518
"78444",0.103447814047098
"78445",0.262210661925402
"78449",0.581754541524935
"78451",0.30327350275344
"78455",0.0132342558408354
"78456",0.0282945625666819
"78465",0.0134111865680547
"78473",0.25576534545012
"78482",0.0749149767027164
"78500",0.341011925952296
"78506",0.00574345447774198
"78514",0.0406494059274734
"78521",0.00231749773391955
"78523",0.00645903120177651
"78524",0.533190933819115
"78536",0.344500349633296
"78541",0.00816239496597682
"78547",0.406340861917918
"78550",0.463338058666854
"78552",0.290355628545481
"78558",0.0873360503441254
"78560",0.0206004035194546
"78568",0.0318605645212245
"78569",0.0816915086130703
"78575",0.386238923274443
"78581",0.0226329391495027
"78586",0.0110309218476172
"78593",0.0509357074997735
"78600",0.393333919040422
"78603",0.126164882173441
"78610",0.00358751085069445
"78611",0.0350805278402301
"78616",0.0824281590306651
"78617",0.0715271863906504
"78618",0.0180361011154262
"78619",0.0118292095535253
"78623",0.025596929811414
"78625",0.147048347177239
"78635",0.119221627366715
"78651",0.00423654633941389
"78653",0.0163601946998378
"78655",0.0073658715249338
"78656",0.0048528798446168
"78658",0.00680642911537727
"78668",0.15231404033557
"78670",0.00994143497217946
"78672",0.081741921519352
"78688",0.0170804356903186
"78689",0.0118873142969913
"78697",0.0067796948069332
"78703",0.530963212631574
"78709",0.667111703855484
"78733",0.452155801011062
"78739",0.166286166511221
"78748",0.11731441428803
"78749",0.081750152366728
"78751",0.0121565399422693
"78752",0.0127100747487527
"78753",2.45175826819466
"78754",0.0933641975308642
"78755",0.0904171489197531
"78757",0.00435993854698692
"78767",0.418088445606472
"78771",0.0115129627256373
"78772",0.351241390894882
"78774",0.54644578338653
"78777",0.00709190985919361
"78779",0.0117804308031424
"78781",0.0277273048568354
"78783",0.0163779053287982
"78784",0.0308477503625204
"78785",0.00705180641074731
"78787",0.0115099438088363
"78795",0.00351225786812583
"78796",0.00711365970157359
"78797",0.0140692689817902
"78798",0.00776147662799095
"78800",0.0629125801827905
"78801",1.09273909185602
"78802",0.021410116452462
"78803",0.386520714212466
"78805",0.0862419031022333
"78806",0.0770039023021579
"78808",0.0078797784078975
"78809",0.309132786135521
"78816",0.0452693526482571
"78825",0.00721647408865673
"78829",0.0193265296143653
"78830",0.0041763081354365
"78832",0.00263835732098031
"78833",0.0402599204116673
"78834",0.00607846044764234
"78849",0.466243948063176
"78878",0.0243702464536912
"78883",0.461111373137268
"78885",0.00941996102652513
"78887",0.0179742158204467
"78889",0.00899338889704917
"78890",0.0130788035248054
"78891",0.00399247037107209
"78892",0.120724344762138
"78893",0.00413091719940967
"78894",0.0172679236353233
"78895",0.0307597633136095
"78896",2.09651182428226
"78899",0.0497084433289763
"78903",0.00438614494743759
"78906",0.275038539999992
"78908",0.0714735087302459
"78912",0.0640353978376474
"78913",0.00336566527780957
"78914",0.0318852328853483
"78919",0.0737335709008335
"78920",0.00237303286330605
"78921",0.0193527497763278
"78923",0.14409616
"78925",0.0221654065220122
"78926",0.0103312987130719
"78928",0.0111523898581477
"78929",0.00460518584348568
"78933",0.0210801339722287
"78934",0.0575492846161498
"78935",0.0105607945803003
"78937",0.00204944682580813
"78938",0.00573006777670196
"78943",0.0180150913848735
"78977",0.39477144608898
"79043",0.00503332724616508
"79044",0.00651157759001746
"79059",0.00915692017498039
"79196",0.0227851495645952
"79201",0.369725833093938
"79202",0.124567474048443
"79221",0.0107660127763017
"79233",0.0166114770936928
"79235",0.375553319652013
"79263",0.00713758083378188
"79264",0.00662053635513301
"79362",0.0570839537820955
"79456",0.0522747982228919
"79459",0.140985385935436
"79464",0.00628291725613498
"79554",0.0111155749316042
"79555",0.00429053603096814
"79560",0.0106510358867143
"79565",0.0423802959701544
"79566",0.00592627360064383
"80280",0.00590504064767536
"80281",0.0112728780276144
"80283",0.00746385360032061
"80284",0.018324975961787
"80285",0.0320161017427333
"80286",0.00651302849625289
"80287",0.0887832105191995
"80288",0.0447573936631351
"80289",0.0130736430529071
"80290",0.0152661361101789
"80291",0.0187101806220124
"80292",0.0056180697511689
"80294",0.00803878912255366
"80297",0.0089670461770955
"80334",0.0511848328966869
"80385",0.00698701050156542
"80509",0.0112679909926934
"80515",0.00593110381353629
"80517",0.00641934307088817
"80707",0.012910736361215
"80708",0.0225302424669198
"80718",0.0157827324459091
"80719",0.056794726261312
"80720",0.027225
"80721",0.0316924911991502
"80732",0.00990392369547238
"80733",0.0665972944849116
"80743",0.00291920687371547
"80744",0.00869316624941763
"80748",0.00709366069668425
"80749",0.0291578322271988
"80750",0.00438326615943725
"80751",0.00614678351736864
"80752",0.0201890756059098
"80795",0.00724474492361309
"80797",0.54007443266045
"80837",0.0499767992582445
"80838",0.0326689844751669
"80859",0.0379402152802839
"80860",0.0308920689501602
"80861",0.141233859656205
"80876",0.0472962472436675
"80877",0.0114679462966911
"80879",0.156450483001131
"80880",0.0119749202794515
"80883",0.0675400004960481
"80884",0.0068538677129715
"80885",0.285519332873322
"80886",0.00223272197729338
"80888",0.0313088007905803
"80889",0.0117737569926698
"80890",0.00358160543638869
"80891",0.0246503604479026
"80892",0.0888619714029026
"80893",0.100270688879858
"80898",0.00612476370510397
"80901",0.149960636179686
"80902",0.0117153559838213
"80903",0.264435242255661
"80904",0.00552651404056611
"80905",0.0127919728902742
"80906",0.0163711915858705
"80907",0.00783299024312671
"80909",0.0146094517958412
"80910",0.168902801228197
"80911",0.00906148653573397
"80912",0.00774455565321883
"80913",0.0037740684224627
"80914",0.0112970167449532
"80915",0.0134245887627454
"80976",0.00879989647431845
"80978",0.381487889273356
"80981",0.0946745562130178
"80982",0.0919483839295858
"80985",0.00314623269883278
"80986",0.158416635172588
"80987",0.0184929359547091
"81000",0.0113055292799549
"81003",0.00882061847217379
"81004",0.00261780344861997
"81006",0.0454251350002643
"81018",0.00523867863764048
"81489",0.00491071870272424
"81500",0.0143855021403602
"81535",0.00727896437964783
"81600",0.0797149204227618
"81601",0.00509029173371657
"81630",0.00977382201677983
"81701",0.12303776666571
"81702",0.00280042275350137
"81703",0.0303675006648506
"81799",0.613562668447376
"81840",0.020186738177129
"81845",0.0101843279185254
"81877",0.0451298235192198
"81879",0.110947121595986
"81896",0.0103224070748844
"81897",0.173545849910255
"81898",0.00906009255290965
"81904",0.00944863821115351
"81905",0.016718282692652
"81906",0.0157853375853431
"81907",0.0339497599667797
"81909",0.00921000877636503
"81910",0.0173130193905817
"81913",0.140500855225648
"83379",0.0390710806868998
"83382",0.247884055218515
"83383",0.0494681698271194
"83395",0.389413948178664
"83396",0.0187056850933224
"83397",0.0469642927684327
"83398",0.122490748258221
"83409",0.0130869989768488
"83410",0.00240274213068174
"83429",0.00894040341388947
"83430",0.243985422777211
"83431",0.00615889223005295
"83433",0.0212512975434896
"83434",0.425833127625867
"83435",0.00714199593372649
"83436",0.125405849326562
"83453",0.0938023623634949
"83454",0.346540058187455
"83456",0.335894091589147
"83485",0.00711636052520223
"83486",0.00433948005541846
"83490",0.0491646910791626
"83493",0.00773186682520808
"83553",0.371468577515101
"83554",0.409360294415168
"83558",0.37302005332234
"83560",0.124334359317286
"83561",0.10801408980541
"83602",0.0101141760493143
"83603",0.0225617707327812
"83669",0.0495798871698229
"83671",0.0586772701301045
"83673",0.0271380039719808
"83674",0.018381900799142
"83675",0.0504639534979187
"83679",0.0112677342868763
"83691",0.0992912205211436
"83701",0.00522944963251403
"83703",0.0114661873174879
"83704",0.0102645204302803
"83762",0.207037500188685
"83766",0.00781195579773532
"83767",0.0184947847169753
"83768",0.015481092467349
"83771",0.0559674639126248
"83796",0.0196598320689961
"83797",0.00926816883760009
"83814",0.0242675440687575
"83815",0.0313850538274416
"83885",0.225609863223928
"83921",0.0145746847643668
"83922",0.0131510326991567
"83924",0.0131137582708325
"83925",0.0504282388129453
"83945",0.00278661734991893
"83946",0.0107315660391475
"83961",0.0486057467942346
"83962",0.00236972529673439
"83964",0.0284467878284968
"83965",0.00327997833997853
"83984",0.561595392678973
"83997",0.00310490378270742
"84004",0.0480615377011117
"84035",0.0200808523989928
"84036",0.0141159024345487
"84092",0.00278651318996267
"84094",0.0240088568793403
"84095",0.00629495359181393
"84111",0.108835654144888
"84113",0.00813500536129479
"84505",0.00383466676003571
"84585",0.00773483007777271
"84652",0.00878048571348949
"84653",0.248384495344624
"84682",0.120149422259024
"84704",0.0118974462499063
"85030",0.090132499061932
"85031",0.136479350358274
"85305",0.00514232523018131
"85308",0.0142584154766644
"89867",0.119186007759752
"93670",0.387605463230722
"93671",0.139772913668639
"93673",0.110284625008325
"93674",0.173535718163955
"93679",0.0182133447378161
"93681",0.0127081641869656
"93683",0.0273736176802739
"93684",0.00552054629490094
"93685",0.0243745872076162
"93686",0.0077395449447204
"93687",0.00253018515136751
"93688",0.227150533597253
"93689",0.141282795023538
"93690",0.0226302235769873
"93691",0.011410522932788
"93692",0.0306213436110232
"93694",0.0319896057322318
"93695",0.112610815484921
"93696",0.0120330746377043
"93697",0.00861579457198351
"93699",0.0111633697395221
"93700",0.0117535505350773
"93701",0.0170601666632474
"93702",0.0320979649676313
"93703",0.0221706052592005
"93704",0.0248612836265089
"93705",0.016992473279317
"93706",0.0205248144325598
"93707",0.0257312257568521
"93708",0.0177236185471611
"93709",0.0256848383842814
"93710",0.026371539192052
"93711",0.0185622273818987
"93712",0.0109781041874828
"93713",0.0164881716661405
"93714",0.0165408844908797
"93715",0.0136259017768075
"93716",0.0169649185549312
"93717",0.0226329391495027
"93722",0.0218222258578919
"93723",0.0179189470886728
"93724",0.014985745472519
"93728",0.023781021783775
"93730",0.00742386954713714
"93732",0.723846648353243
"93734",0.00374382763523255
"93735",0.123204850121487
"93736",0.00465259645325349
"93737",0.0268183418519103
"93739",0.00415405114732164
"93742",0.0158954218015042
"93746",0.429188479056879
"93747",0.00465883894080375
"93757",0.0323329671444501
"93759",0.0145381943291087
"93760",0.0275520086766326
"93761",0.0095569538868679
"93762",0.00547911027915297
"93765",0.00411695448828232
"93790",0.00766004163049779
"93834",0.0263292816879253
"93835",0.12107500771601
"93836",0.00373861114295598
"93837",0.0930033700518083
"93838",0.442001607739766
"93840",0.0476156794892813
"93841",0.126061442396403
"93842",0.105067215347125
"93843",0.0224169964709329
"93871",0.00455751323986728
"93872",0.221496073901899
"93873",0.0396457146246368
"93874",0.0336210096414336
"93875",0.0266970346897088
"93876",0.0191501479396681
"93877",0.0218574018431253
"93878",0.0102242082800466
"93879",0.034241919788326
"93880",0.0147753468885246
"93881",0.0161684378715815
"93882",0.0157382926804425
"93883",0.0110803324099723
"93884",0.0298607929388264
"93885",0.00991677921377236
"93886",0.03169375117329
"93887",0.0176512781089251
"93888",0.00957672627353529
"93889",0.0110084770801906
"93890",0.0126366446276812
"93891",0.0119281430220386
"93892",0.0228577826084928
"93893",0.00813631580497807
"93895",0.921586033877243
"93896",0.286176669865231
"93897",0.346927167566678
"93898",1.44322327823071
"93960",0.0672579520507542
"93961",0.0140822357329402
"94040",0.0293336589237203
"94041",0.48677950264393
"94043",0.0141144752431665
"94044",0.00257386306778274
"94045",0.157137881312695
"94047",0.00938672517307108
"94061",0.0102104723845505
"94062",0.00336550271704327
"94063",0.0066700678007022
"94064",0.00539811212960402
"94065",0.0145070809224868
"94066",0.00949062163234436
"94067",0.00705644240324769
"94088",0.298631210359017
"94089",0.0474879698550025
"94090",0.00994656384803211
"94091",0.00952485602263495
"94092",0.0739709216899672
"94093",0.005059435233977
"94094",0.0740950748451659
"94109",0.0140852554039367
"94112",0.0194123092065178
"94176",0.0252578363731818
"94178",0.00862308890010516
"94180",0.0155454228438747
"94181",0.0234058262210659
"94184",0.00253625017439489
"94185",0.0276890815431601
"94186",0.00508719852363185
"94187",0.101355683471928
"94190",0.00356829742116096
"94191",0.0237158246516193
"94192",0.0179861843139195
"94212",0.0118952802147607
"94213",0.00688965614210502
"94214",0.0126425584857462
"94216",0.0854739416171861
"94217",0.0133136094674556
"94218",0.0157018756527356
"94219",0.0073394742712671
"94220",0.0223612941695182
"94221",0.00498769164595518
"94223",0.00885362181175621
"94224",0.370420280851456
"94226",0.0564107829182767
"94227",0.269821430673756
"94229",0.00636804
"94230",0.0131140682301374
"94232",0.00769312830535734
"94242",0.0939125910509886
"94244",0.340074883476491
"94245",0.0280760369520739
"94246",0.0100910120451813
"94249",0.0278269202321765
"94253",0.0261569099427196
"94254",0.00992031904255361
"94275",0.00389910551132592
"94279",0.0177777777777778
"94280",0.0218350078315351
"94281",0.0174317465820984
"94282",0.015988235734511
"94284",0.56522967504802
"94315",0.0054897986076922
"94332",0.0170892911435335
"94346",0.362482139904804
"94352",0.521604938271605
"94353",0.00681282631349894
"96875",0.317919195244861
"96935",0.00684785126176804
"96957",0.00737142030713702
"96979",0.00722241357672392
"97031",0.042355949072567
"97064",0.0205442456607448
"97086",0.135164359861592
"97112",0.0103166031632905
"97114",1.54491365900091
"97122",0.0234616472640823
"97130",0.055696
"97159",0.0160221320895892
"97165",0.0775569953720185
"97209",0.438461788719884
"97212",0.00597191512703839
"97243",0.279065932225373
"97287",0.00637457409496086
"97387",0.00520148465305344
"97418",1.11090840505707
"97423",0.0111370390686329
"97440",0.0631253470689425
"97484",0.00765402483108056
"97487",0.0110673843159451
"97541",0.00479808034018741
"97761",0.015287003503951
"97775",0.109126807973623
"97820",0.0039828588621633
"97827",0.0094596068041195
"97848",0.479508819665979
"97863",0.00433688211833156
"97884",0.0154308163558209
"97895",0.443651147959184
"97908",0.14472870183528
"97961",0.0103403250791087
"97998",0.0697981599600083
"98053",0.00332492168488822
"98170",0.0202939919465185
"98193",0.00199826761984123
"98221",0.00900204866288917
"98238",0.0025
"98258",0.00763800769529131
"98267",0.0260633390146904
"98303",0.0616908054887801
"98314",0.0102407135522644
"98363",0.0283511769645771
"98365",0.232482794348676
"98366",0.00604289817472713
"98376",0.0128005484236807
"98386",0.011675791711094
"98388",0.00633654904217115
"98396",0.00716915346406909
"98402",0.0287970615243342
"98403",0.00621750778858674
"98404",0.00491152787656404
"98415",0.0058958814116001
"98417",0.00398186552994989
"98432",0.00816113785971749
"98452",0.096464006418325
"98488",0.00461300076848542
"98496",0.0199127346269292
"98558",0.525400917624691
"98582",0.352592790632763
"98660",0.0144
"98682",0.00916459221230814
"98685",0.00662232385405435
"98710",0.0104814325072954
"98711",0.0200050489812757
"98732",0.00705236909581792
"98733",0.030362764392127
"98736",0.105701900072858
"98741",0.0170493731997241
"98758",0.00461591860837266
"98766",0.00209169015445396
"98828",0.00496698756218416
"98845",0.0793838861275873
"98870",0.510204081632653
"98878",0.0315053891911368
"98910",0.0110016622239181
"98932",0.03089323183391
"98952",0.00970439387557749
"98956",0.0063110263767489
"98970",0.464233939166152
"98985",0.0170786381734929
"98999",0.00920187663717945
"99003",0.00570236701895362
"99010",0.0149464327937151
"99011",0.00896665070913988
"99031",0.0101661035463935
"99045",0.00626562054009649
"99100",0.0175577333409176
"99138",0.00617651162961494
"99151",0.0452746598791384
"99152",0.0037394544795818
"99167",0.00722297472495096
"99237",0.0045207723060289
"99296",0.0687102032442713
"99311",0.00930234607541352
"99326",0.0537563699106643
"99334",0.00799474338523814
"99349",0.0129835947984636
"99371",0.00871111111111111
"99375",0.00302504071373533
"99377",0.483491147396068
"99382",0.0175570002911417
"99412",0.00580987410887663
"99439",0.282566150531877
"99470",0.0140396204516379
"99480",0.00565927194212487
"99512",0.00355833935686272
"99526",0.00667701762706242
"99542",0.0587566104085212
"99543",0.023966532918648
"99571",0.340505769582289
"99586",0.0165784531015258
"99633",0.329178054709141
"99650",0.00662390279706557
"99681",0.0704832015036417
"99683",0.0147344707819795
"99696",0.00614245996308446
"99712",0.010985831072485
"99730",0.0175547788983241
"99738",0.056431956391372
"99870",0.026063025469305
"99887",0.0151488821886014
"99889",0.0119047705454946
"99890",0.00651116922088368
"99899",0.26889311926512
"99929",0.0196359008400609
"99982",0.00377137835519512
"100017",0.056346291194776
"100019",0.00412405093473397
"100061",0.146985270850983
"100072",0.00652449817380005
"100087",0.00796682664689124
"100088",0.0116829464632078
"100090",0.0116766956263694
"100102",0.328598347103767
"100121",0.00220536613656482
"100129",0.0544444444444444
"100155",0.218880571998641
"100163",0.0181545836409371
"100169",0.0522808854889997
"100177",0.00973275151320155
"100182",0.0735302346531229
"100198",0.01040490870581
"100201",0.00603794180567129
"100206",0.00866664661457637
"100210",0.0177598340213859
"100213",0.0142052348770706
"100226",0.00368371813291456
"100273",0.00784694287862013
"100317",0.00806971021661272
"100336",0.00422222437303658
"100340",0.0918030364329549
"100342",0.409031028654914
"100382",0.026334700341222
"100383",0.00315233685102503
"100434",0.00952336295783318
"100465",0.0214724046662092
"100473",0.685172042764589
"100494",0.00447192162441362
"100515",0.00701365015728424
"100532",0.0733871276773976
"100561",0.00961733012972968
"100604",0.0185343822815872
"100608",0.00694058802666821
"100609",0.0118449259799319
"100637",0.00859140315689749
"100678",0.010653603229258
"100683",0.0150231125326151
"100702",0.0883431082906823
"100705",0.0904934877661077
"100710",0.0054411798428169
"100715",0.011826750823308
"100732",0.00658463682527771
"100737",0.00316688368732605
"100740",0.33252754423352
"100756",0.00569358084383588
"100763",0.00416802006357745
"100764",0.0156475257665564
"100855",0.00653420342722709
"100900",0.0192455477964516
"100910",0.00731475069252078
"100929",0.00677990771531431
"100952",0.119822485207101
"100972",0.00395675355455815
"100978",0.0150252482573163
"100986",0.00484449559053058
"101023",0.0106167310088786
"101095",0.0104543205891679
"101100",0.0351098981191796
"101113",0.0038927685605281
"101118",0.00991543378339558
"101122",0.0227422297203149
"101142",0.0127104161995055
"101148",0.00985944321263839
"101185",0.00969848373382843
"101187",0.00923595884634846
"101197",0.00725969569964384
"101202",0.245499994128496
"101206",0.00691528801472949
"101214",0.00833820586381461
"101240",0.00674324105159665
"101314",0.00485141961064066
"101320",0.361658927766426
"101351",0.00885527701872617
"101358",0.00631710306634625
"101359",0.0730323820986889
"101401",0.0786501158504334
"101437",0.0055092634663856
"101471",0.00829871961386949
"101476",0.00615321606734302
"101488",0.0277777777777778
"101489",0.00429558990040744
"101490",0.00775158047780103
"101497",0.0896916088527167
"101502",0.0239444365457719
"101513",0.00873215598112099
"101533",0.495364923526309
"101540",0.0359242282039136
"101543",0.0376257709399527
"101544",0.0827335530119089
"101565",0.0164373821130757
"101568",0.00900670386173426
"101592",0.00734020309970055
"101602",0.0935173634192501
"101604",0.0132473562263021
"101612",0.0085857258391976
"101613",0.635518816217786
"101631",0.0274372105416457
"101685",0.00718767516259537
"101694",0.0157907384435111
"101700",0.0305436167038645
"101706",0.00825904571031036
"101739",0.00456117266429852
"101744",0.387155164946569
"101772",0.0462720482840381
"101809",0.0224137105300968
"101831",0.0333465647272691
"101835",0.0253099173553719
"101861",0.00706722721133256
"101867",0.0112161472700047
"101869",0.00781964301874812
"101883",0.0599561221326524
"101943",0.00425179274310048
"101966",0.0102338475909994
"101985",0.0107234028967677
"101994",0.00153119092627599
"102015",0.0665666035573813
"102032",0.00989980686082925
"102058",0.00338512396694215
"102060",0.00846109880318621
"102075",0.122025798845629
"102093",0.0105075489700269
"102098",0.00596894455393331
"102103",0.0314052235218715
"102115",0.00798351981574634
"102122",0.00622073208361878
"102124",0.0216410118469156
"102141",0.0311829020163652
"102162",0.00428222829840335
"102182",0.00701512535752016
"102193",0.00743450921032541
"102209",0.00644447740405724
"102247",0.00237755642566549
"102278",0.598963094580736
"102294",0.0112546647671513
"102323",0.00416136857228775
"102334",0.00460551255840011
"102339",0.00914412359048464
"102371",0.26228514977044
"102402",0.353843875631414
"102414",0.00460738664506071
"102423",0.00408402676451263
"102436",1.36063340255601
"102442",0.00794456088104139
"102448",0.0287965563858407
"102462",0.00779147675121426
"102502",0.049533137527269
"102545",0.0969305516188971
"102566",0.0103565660718019
"102580",0.00654195501730104
"102595",0.0204478196334457
"102607",0.0033698921570849
"102614",0.0270116702331119
"102626",0.0934564774338374
"102632",0.00499575121296017
"102644",0.0312332484039571
"102657",0.0334360535383119
"102680",0.0474606979757222
"102688",0.109956402079868
"102693",0.037118837374102
"102747",0.00551860007406125
"102774",0.00673401899656197
"102791",0.0116074856116544
"102857",0.00977767011749942
"102866",0.0491615373701202
"102871",0.418231507791584
"102920",0.162458350687214
"102941",0.0160350106980986
"102954",0.0162614615892909
"102991",0.0570688155754634
"103012",0.00673869458676765
"103080",0.0374718769965036
"103098",0.00902609073329809
"103135",0.0185850623190561
"103136",0.0077213631016567
"103140",0.0685187882511438
"103142",0.547076940858934
"103149",0.386194506525011
"103161",0.460639236141333
"103172",0.0190522208182604
"103175",0.289554975224108
"103199",0.0109902111422681
"103213",0.035693388899314
"103220",0.0318348513283173
"103236",0.0104944533754587
"103266",0.00810320887389148
"103268",0.0229766946298791
"103284",0.00685276961536775
"103406",0.0196385770840725
"103425",0.00926854673816597
"103466",0.0126141677348623
"103468",0.00876022228154044
"103511",0.122271578204381
"103534",0.0200976987753029
"103537",0.0149735507652169
"103551",0.112863518952912
"103554",0.00690310053262513
"103573",0.0114031039308291
"103583",0.00325195963035664
"103655",0.167122921891436
"103677",0.00925759587934338
"103694",0.00795256198192304
"103710",0.00698407029524472
"103711",0.0170252178836646
"103712",0.0155669181470261
"103724",0.00897882127325346
"103729",0.0579106217316859
"103733",0.0049859876911559
"103737",0.0180906785414546
"103742",0.00935780796714855
"103743",0.092276466080482
"103765",0.0310258840001424
"103768",0.0117889509078175
"103775",0.513838649533888
"103784",0.0127893909444238
"103806",0.0102230170857359
"103836",0.0114846239865205
"103841",0.0152178513840365
"103844",0.0297280822750585
"103850",0.0122977718824627
"103963",0.00711096066916908
"103967",0.0122496414227906
"103968",0.487285323781695
"103978",0.0155646135830506
"103988",0.0681687155399176
"104001",0.0060173639054853
"104009",0.00943049862288054
"104010",0.0683832750708933
"104015",0.0202474138503305
"104027",0.0158455336177923
"104069",0.0173760330578512
"104079",0.542145124203789
"104080",0.472675445526584
"104082",0.00499827320507649
"104086",0.088619954720211
"104099",0.0312905885810778
"104103",0.23085709042218
"104110",0.0496892090960525
"104111",0.0228797401313467
"104112",0.0038166747636715
"104130",0.0136493288176923
"104156",0.041419006016239
"104174",0.0163887101889985
"104175",0.0294619246799546
"104184",0.00586959223894589
"104215",0.011173279402536
"104248",0.0101341141771164
"104252",0.0681082688875669
"104263",0.00517261399035828
"104271",0.0755504252654435
"104303",0.00593359631029612
"104307",0.109208202082111
"104318",0.00408209169085466
"104346",0.0070160625507134
"104348",0.0125030474563628
"104349",0.0235684746394136
"104362",0.179976120003738
"104366",0.183840341377646
"104368",0.0800560493551507
"104369",0.345540600131865
"104370",0.357153893515198
"104382",0.399897674271891
"104383",0.0420737344130691
"104394",0.0123327786171843
"104401",0.0226973569200202
"104416",0.00426833716542503
"104418",0.0228630883315973
"104444",0.00820458463502814
"104445",0.0475897849996251
"104457",0.0155992763111247
"104458",0.00549220535581325
"104479",0.0129786893126102
"104522",0.103838356564411
"104570",0.011193086534267
"104582",0.0224288435721858
"104601",0.793089406596201
"104625",0.0193291525281637
"104662",0.00678723244617512
"104681",0.0508993608019695
"104692",0.411853232608373
"104709",0.0716363550693561
"104718",0.00577444710311227
"104721",0.00314211554254721
"104725",0.00919035032554153
"104732",0.102831986616487
"104759",0.0285962320652119
"104771",0.00760762738213856
"104776",0.0093237627304099
"104798",0.409855264967431
"104799",0.00339522863361834
"104806",0.00737570668482363
"104816",0.0700041560174017
"104831",0.0232955787622786
"104836",0.0146131956201187
"104859",0.00601961950059453
"104871",0.00640701946752847
"104884",0.0105100398841637
"104885",0.0260662628327774
"104886",0.0696317714583123
"104910",0.059340942737179
"104923",0.0106063081981483
"105000",0.00315650252062063
"105005",0.0507496637897683
"105014",0.0110070742146825
"105083",0.0161627932395172
"105120",0.235538313655355
"105148",0.00579477310993167
"105171",0.0240365891509022
"105193",0.0129143995028028
"105203",0.00963942429788739
"105239",0.0236686390532544
"105243",0.0802183738483847
"105245",0.00591129102103805
"105246",0.00742558519589495
"105278",0.0198320703246021
"105298",0.0258219871929055
"105348",0.0264233734855039
"105349",0.489286795958013
"105351",0.0112129305709174
"105352",0.0114406449883403
"105364",0.118103092954212
"105372",0.00736847310905913
"105377",0.0159725412497256
"105387",0.0412773056806157
"105428",0.00672143105481665
"105439",0.0163825070117266
"105440",0.0193704304408575
"105445",0.0283310145424292
"105446",0.0107156511181445
"105450",0.0248600551298775
"105501",0.0164492374245492
"105504",0.00678256103990111
"105513",0.00229905977091989
"105522",0.00308641975308642
"105559",0.00343923092684403
"105590",0.385376188332926
"105638",0.0151944006336658
"105651",0.0372772018095413
"105653",0.0099259798183387
"105663",0.00458903432542998
"105670",0.00711092590741178
"105675",0.0142587419491695
"105689",0.0192693713487155
"105722",0.0048943092351643
"105727",0.0142300020981138
"105732",0.0442222322317813
"105734",0.0158702952960802
"105782",0.00974403900270067
"105785",0.17642304602016
"105787",0.00423927247192559
"105827",0.114610460069444
"105833",0.0373676958849212
"105835",0.00562323154917386
"105837",0.0369520746682673
"105841",0.0299629611170742
"105844",0.036976548201113
"105847",0.0227724495868572
"105853",0.0271202244477407
"105855",0.0175579603907412
"105859",0.0237550603015149
"105975",0.0694206522470587
"105988",0.0698263090957067
"106014",0.00471794238312593
"106021",0.00524149792182797
"106025",0.00542082698694285
"106026",0.0796589411345929
"106039",0.0114704864697824
"106042",0.0140529364586133
"106052",0.0144097925872723
"106064",0.00930796488817075
"106068",0.00826446280991736
"106073",0.0101141760493143
"106143",0.0070312418268448
"106200",0.00458773647772638
"106205",0.00730033502706146
"106248",0.01337157939622
"106264",0.00672241427561278
"106298",0.0043377206837421
"106326",0.0055736048974637
"106338",0.0195755229496243
"106344",0.0465337757028419
"106347",0.633226052439804
"106369",0.0130590360384966
"106389",0.32603754985807
"106393",0.023602571705003
"106489",0.0121697631883444
"106504",0.00705832545108416
"106512",0.133436938106224
"106522",0.0182842616965057
"106529",0.00779559785841761
"106557",0.644319781280574
"106564",0.0235031567472634
"106565",0.019866169288224
"106572",0.0127186637859963
"106581",0.0255057380364506
"106582",0.0978511352031038
"106583",0.00461198069131631
"106585",0.00579272244545857
"106618",0.0232109833534689
"106628",0.0421053407762259
"106633",0.00483368350836294
"106639",0.010290081873431
"106648",0.0443686259599008
"106672",0.00942667130419294
"106707",0.00946999338559284
"106757",0.317949961770648
"106759",0.041972866411346
"106763",0.0197293531813527
"106766",0.249432785208224
"106794",0.00284971494720354
"106795",0.0224735527498608
"106821",0.00869371498742128
"106840",0.00592618326145151
"106861",0.0151283811793719
"106869",0.050636531840107
"106877",0.0222892283277128
"106878",0.0289879979191439
"106894",0.00656480012365828
"106931",0.0167551341183746
"106947",0.00505037491303564
"106952",0.0242208375966357
"106957",0.0344351153151238
"107003",0.0555217438142714
"107022",0.0180091177987468
"107029",0.0086977481842041
"107035",0.00392446517698139
"107045",0.0032716764141345
"107047",0.0103595631048168
"107065",0.00797611371900826
"107071",0.00986498045184802
"107094",0.00598494234765234
"107173",0.0136233816636647
"107182",0.0108562101106126
"107197",0.00563983189863925
"107227",0.0181754381899354
"107239",0.0440793866128404
"107242",0.00808091577684938
"107250",0.107179816976049
"107260",0.00716808378160439
"107271",0.00596805982795778
"107272",0.0101404010163955
"107305",0.0136718868944709
"107321",0.116309314906301
"107328",0.0168359675140735
"107338",0.00935755234462701
"107350",0.233546412333851
"107351",0.0210331556309959
"107358",0.00328704759297638
"107368",0.00806587952262148
"107371",0.00678392685442257
"107372",0.171632653061224
"107373",0.0900064845002411
"107375",0.0495942168736276
"107376",0.109084090211289
"107392",0.0126879500502036
"107435",0.0128600276331172
"107448",0.0167666076177771
"107449",0.0558950477785192
"107476",0.00600925425154738
"107477",0.375279416943987
"107503",0.0221788402431528
"107508",0.00348840260459701
"107513",0.00425626849604038
"107515",0.00549117181543846
"107522",0.0174946761763115
"107526",0.393026850792226
"107527",0.202209642766456
"107528",0.0107392521430361
"107566",0.00414638759927748
"107568",0.00738398599708778
"107569",0.00826446280991735
"107581",0.0260118947533472
"107585",0.659465120684737
"107586",0.490475497303421
"107589",0.0428220308984193
"107605",0.483581368047891
"107607",0.037971141237166
"107650",0.00253890992127877
"107652",0.0165819251015794
"107656",0.226742517565615
"107684",0.0387827061989775
"107686",0.00606279654934752
"107701",0.00576242243604572
"107702",0.0100703692225348
"107723",0.00452555039753764
"107732",0.00671748869159077
"107733",0.00697445821583063
"107734",0.00745812923360412
"107746",0.0173234978405707
"107747",0.018077546384193
"107766",0.31222677990139
"107767",0.00352516694334626
"107769",0.0267022844073784
"107770",0.147315672611721
"107771",0.0128266809311632
"107815",0.116725897482681
"107817",0.00845880626678126
"107823",0.00287485447824178
"107829",0.00499847322658584
"107831",0.0143074300828607
"107869",0.040784508698503
"107885",0.0495621654311462
"107895",0.0128086020375476
"107932",0.00960471144693199
"107934",0.0184645502073116
"107939",0.0505046791869144
"107951",0.00510204081632653
"107970",0.345849060089034
"107971",0.0141776095186587
"107975",0.0189561016593153
"107976",0.00521130212527573
"107986",0.0180441078191134
"107993",0.0949236910477604
"107995",0.116756045839958
"107999",0.0117246135745872
"108000",0.0539329611667769
"108011",0.00766121642137493
"108012",0.0242560714983631
"108013",0.0137894956097452
"108014",0.00546264188851919
"108015",0.546392135411851
"108017",0.312810316500426
"108030",0.00532299937402117
"108037",0.0133293132651571
"108043",0.596593496147719
"108052",0.0217334880388004
"108058",0.0479928110473505
"108062",0.0015357184307269
"108067",0.0156705207333532
"108068",0.166803247208421
"108069",0.0353045457802113
"108071",0.00466992084914674
"108073",0.00613670187444974
"108075",0.0321054045716447
"108077",0.00720103059193435
"108079",0.0129552515037345
"108083",0.00834543134577319
"108086",0.00381325823507817
"108089",0.0226901278280023
"108096",1.09524444441955
"108097",0.0172241392100434
"108098",0.018531207070533
"108099",0.00531712071293618
"108100",0.0172792113672345
"108101",0.0372162150330969
"108105",0.0925890726354578
"108112",0.0343486926730307
"108114",0.681875573921028
"108115",0.191709359566166
"108116",0.00906819335515585
"108121",0.0104310343741694
"108123",0.00586228463049697
"108124",0.00756604600007316
"108138",0.0132887868580173
"108143",0.00552490509530849
"108147",0.00691911628468321
"108148",0.01095947265625
"108150",0.0119972092034765
"108151",0.0377568315778644
"108153",0.109321511936772
"108154",0.0247611095265051
"108155",0.00436451774599068
"108156",0.00266738230126573
"108159",0.0040632726508471
"108160",0.0114054105005184
"108176",0.498816737256906
"108637",0.543011966210373
"108645",0.00538392908156763
"108652",0.00833380523277079
"108653",0.00609034785666936
"108654",0.00351513068474746
"108655",0.0310279932980875
"108657",0.0115297538562546
"108660",0.00974335323500981
"108664",0.0154003020354201
"108670",0.252092041091174
"108671",0.00516693705453235
"108672",0.0254116755933495
"108673",0.0229091633921515
"108679",0.0044204729646634
"108682",0.00880385493704213
"108686",0.0140728578714437
"108687",0.00658308635276195
"108689",0.013775926293284
"108705",0.00811754195479845
"108707",0.00760835459261444
"108723",0.374077089843807
"108735",0.0114277159628838
"108737",0.0106322578691577
"108755",0.00796867473117095
"108760",0.0183679284442871
"108767",0.00958119873463789
"108797",0.0386185613629474
"108800",0.0199434764873842
"108802",0.239620519340799
"108809",0.515495704821762
"108811",0.0737933831535766
"108812",0.295098850623654
"108816",0.114124694758421
"108829",0.0140496223735637
"108832",0.0247574085098414
"108837",0.00517023854542961
"108841",0.0076129240486637
"108853",0.023934079659246
"108857",0.00551561968820996
"108871",0.0401474955217184
"108888",0.00489737818155556
"108897",0.0223967595281919
"108899",0.00938033568486211
"108900",0.0576350578202476
"108902",0.00501086076990699
"108903",0.00392395870416518
"108907",0.0729503488264841
"108909",0.00704822050775785
"108911",0.0138380039158169
"108912",0.118387498325128
"108927",0.0403270059388941
"108934",0.0109391023918302
"108937",0.0155950871132048
"108943",0.0114063569879768
"108946",0.00658817672099431
"108954",0.00383547199375216
"108958",0.0108491774482638
"108960",0.0135208220659816
"108961",0.419893502596827
"108989",0.00237983751244949
"108995",0.363061471040853
"109006",0.00814116035609114
"109019",0.0175955304181666
"109032",0.126310924259833
"109042",0.0225
"109050",0.0107997735600391
"109054",0.0346302572519692
"109065",0.0150653817413487
"109075",0.00835569214403408
"109077",0.00628188352968452
"109079",0.00525563456810052
"109082",0.0153025174760436
"109093",0.00762761961061002
"109095",0.00617060537666114
"109108",0.00816507149722797
"109113",0.00967073567744414
"109115",0.01848547205208
"109129",0.00585713316924491
"109135",0.0502314704859621
"109136",0.00581659565638348
"109145",0.00822978920513988
"109151",0.00685935598139883
"109154",0.0121319050619618
"109161",0.00788738138978768
"109168",0.00791860468537056
"109169",0.0130075549651565
"109181",0.00259645421720962
"109198",0.526766660413088
"109202",0.0602609095074117
"109205",0.0233524283219171
"109212",0.348325104499996
"109222",0.0755384134088168
"109225",0.415319305474624
"109229",0.0133295015692551
"109232",0.0154594581865736
"109241",0.00960847615495932
"109242",0.0269658306496275
"109245",0.0345985392957402
"109246",0.024733862233532
"109254",0.362432425515216
"109263",0.0121141013544396
"109264",0.00539005252111619
"109267",0.13428125897085
"109270",0.0512637949448202
"109272",0.392996011248852
"109275",0.0130408561116236
"109280",0.160540964415217
"109284",0.00591164645379383
"109294",0.0171669802334995
"109299",0.0104123281965848
"109305",0.0358666570872805
"109323",0.286186299964793
"109331",0.00461969229126064
"109332",0.706675983997823
"109333",0.00543651383550298
"109334",0.0293877551020408
"109342",0.340271607708507
"109344",0.211171484231012
"109346",0.0116043690924714
"109349",0.156019204015677
"109359",0.00601571655929744
"109361",0.390129326541406
"109552",0.00437990420987479
"109593",0.0155864910805646
"109594",0.0415470933800626
"109620",0.149356211162307
"109624",0.0187748302399276
"109637",0.272751675836328
"109648",0.0405886070397637
"109652",0.0167071258067681
"109658",0.00351459118191888
"109660",0.322681654247967
"109672",0.0075407551874305
"109674",0.0111678890226791
"109676",0.00493099815510323
"109685",0.202446685974035
"109689",0.00839449169616039
"109700",0.0246447049783493
"109711",0.00984813739520456
"109731",0.0231268447839836
"109754",0.00949949982688022
"109778",0.0134389133366748
"109785",0.00789407278755952
"109801",0.0129473007636396
"109815",0.00630479434741958
"109828",0.409733055411808
"109857",0.0277902945187602
"109880",0.00472294730795938
"109889",0.0148299666542672
"109900",0.0318915389882521
"109901",0.190820306344782
"109904",0.0545757514377721
"109905",0.0117318074400394
"109910",0.00390738052600523
"109929",0.0117370125540596
"109934",0.014482020369273
"109959",0.27754852745372
"109978",0.194818984642174
"109979",0.0455394836005946
"110006",0.0145364921281626
"110012",0.00703179508849166
"110033",0.057566863225193
"110052",0.0158352465714088
"110058",0.0354394938857173
"110074",0.00725487477192443
"110075",0.0795287197352988
"110078",0.00588564365548981
"110082",0.0286527600445102
"110083",1.11959969279295
"110084",0.0326878636034878
"110094",0.00981725727600539
"110095",0.0707371903141106
"110109",0.0065270153973099
"110119",0.00386794644101472
"110147",0.00908606551517058
"110153",0.0622914930560394
"110157",0.00388330905819857
"110168",0.0737901661222368
"110172",0.00737585606724816
"110173",0.01393094441679
"110175",0.0133356271274533
"110196",0.0160928595957713
"110197",0.0307794149347207
"110198",0.0121432675003363
"110208",0.0115270810998944
"110213",0.00433121484403536
"110253",0.0380148210042337
"110257",0.0800397131642069
"110265",0.00834411982248521
"110279",0.0325301023338408
"110304",0.217349675204143
"110308",0.585723954411233
"110312",0.348508482500055
"110323",0.0109356203410412
"110326",0.0403802711835582
"110332",0.113832892249527
"110333",0.106395631280417
"110350",0.00987646215585708
"110351",0.010502469320731
"110355",0.00714010814284225
"110379",0.00524685454053223
"110380",0.00576615941547803
"110382",0.582707537741907
"110385",0.211462076497384
"110391",0.0372476176013658
"110417",0.0124320365196686
"110446",0.00441395091907013
"110454",0.0480105305826582
"110460",0.0141388251266909
"110521",0.0832473051512893
"110524",0.00677614520338529
"110532",0.0200694444444444
"110542",0.153115642386943
"110557",0.496624989818278
"110593",0.0184624567802328
"110595",0.0110289036912149
"110596",0.0117240213760276
"110606",0.0165283005136495
"110611",0.00656271649367099
"110616",0.00537237704723435
"110637",0.0755002598527486
"110639",0.0133909465657485
"110648",1.36390876157589
"110651",0.0156157912187059
"110695",0.00604440687195303
"110749",0.172451802660886
"110750",0.00464676750653943
"110751",0.600132471854121
"110784",0.0122190575002809
"110789",0.0651392292269993
"110796",0.0340208888812635
"110809",0.011471229358894
"110816",0.00655188882777066
"110821",0.00516741833338987
"110826",0.0160091815742696
"110829",0.00604220256579105
"110834",0.263220928744643
"110835",0.519651777507407
"110842",0.0128020036947929
"110854",0.00320248578426679
"110862",0.0132832044314918
"110876",0.00359726391801635
"110877",0.183983550008355
"110886",0.0266991328121663
"110891",0.0362068248610298
"110893",0.0649964351884035
"110895",0.54822393241438
"110902",0.0887851657842843
"110911",0.00515149180835493
"110920",0.00814134015576987
"110948",0.0146992834529934
"110954",0.00569673680631747
"110956",0.0630030160803858
"110958",0.329957809084038
"110959",0.00866015185741723
"110960",0.00740323695110939
"110962",0.0489825104486775
"111173",0.00355297638171415
"111175",0.0248984532601634
"111186",0.307719120168936
"111241",0.0686730282334128
"111970",0.0360709010314348
"111975",0.404849263402326
"112403",0.0139661334437449
"112405",0.00627204086537118
"112406",0.0068580283432697
"112407",0.154473827438562
"112415",0.0122089129011182
"112418",0.0854588048946422
"112419",0.0661034660043133
"112422",0.59787501334459
"113868",0.00504030083725245
"114128",0.0177281945654266
"114142",0.477767072698906
"114143",0.00588011973059743
"114229",0.0287273771904625
"114249",0.104969843320676
"114255",0.0111538854898428
"114301",0.0407447473949405
"114332",0.339035133248369
"114479",0.0760750138835491
"114565",0.00830961344466423
"114570",0.130924157998794
"114584",0.0215752754635851
"114585",0.00686792222459632
"114601",0.0298237181887374
"114602",0.1637724750994
"114604",0.0100718130548169
"114606",0.0891449831715928
"114615",0.00452848021013657
"114641",0.00519798515599422
"114642",0.0117200277539574
"114643",0.224044031440832
"114644",0.0264233547590728
"114654",0.36305151434918
"114663",0.046649576429292
"114664",0.0196663803932215
"114668",0.404514454658963
"114674",0.0117032523211418
"114679",0.00785461971640459
"114713",0.00546102137256334
"114714",0.0240388898137625
"114715",0.011421245848144
"114716",0.0153530089808659
"114741",0.00291162115260731
"114774",0.0625738843399204
"114863",0.00426194757408534
"114873",0.025591642863028
"114874",0.00396531048125908
"114875",0.135741537218822
"114886",0.0229102519246089
"114893",0.00883921396741909
"114896",0.00568143777376337
"116701",0.0167392408544811
"116731",0.161061109981408
"116732",0.416111972243156
"116733",0.0023201802753839
"116748",0.0212525997989678
"116837",0.00556167692510833
"116838",0.0103996534221092
"116847",0.0873043102287129
"116848",0.0145483570375815
"116870",0.0102720964207451
"116871",0.00757487325258937
"116872",0.682249984499969
"116873",0.0188088371092344
"116891",0.00918256018669356
"116903",0.237966482471026
"116904",0.305709526608998
"116905",0.0087890625
"116914",0.0095875421303788
"116939",0.0158637135133275
"116940",0.00694528872813649
"116972",0.0116301422529796
"117109",0.0178007390640877
"117146",0.0237270080546549
"117148",0.0717098112410333
"117149",0.0299031798874147
"117150",0.0381947101710921
"117160",0.0751566220877465
"117167",0.685295230636126
"117171",0.0106055728528408
"117197",0.0109454532109521
"117198",0.00977589722834339
"117229",0.151906272906138
"117589",0.00321381284815654
"117590",0.384786925740924
"117591",0.0711111111111111
"117592",0.0114795918367347
"117599",0.0115104661151701
"117600",0.0410832330497367
"117606",0.0138960893386803
"118445",0.021646720616847
"118446",0.0708273688390528
"118449",0.209419101530294
"118451",0.00481722242161522
"118452",0.00313505349732675
"118453",0.11540327238794
"118454",0.122059301182211
"121021",0.0362472159488529
"121022",0.0339822555475634
"140476",0.132295313164258
"140481",0.00414155175070739
"140482",0.00634947085975737
"140483",0.0341642232310237
"140484",0.00652994592388532
"140488",0.0203715402789372
"140492",0.0157299118000896
"140493",0.0249050709388329
"140494",0.621325728143255
"140497",0.0482482040824232
"140498",0.571300387923765
"140499",0.00640563008549865
"140500",0.0129176709913681
"140546",0.00407138097235881
"140557",0.145110122721027
"140559",0.0128578041234909
"140570",0.0256942041522491
"140571",0.07057457001712
"140577",0.0161527821592371
"140579",0.0101576848222362
"140580",0.0355098968038592
"140629",0.012143294259277
"140630",0.0029311533936468
"140703",0.0436370703496778
"140709",0.0872474021861513
"140721",0.0288618832517739
"140723",0.0674975112644106
"140740",0.00427109640302992
"140741",0.176266101592527
"140742",0.0318909999319863
"140743",0.20632646591587
"140780",0.0111279928362992
"140781",0.181658288850789
"140792",0.039249346438572
"140795",0.0278074786874747
"140806",0.612200840660637
"140810",0.00821690818180675
"140858",0.0040548675233252
"140859",0.0383675204591349
"140887",0.0259344992795316
"140904",0.0157728931653769
"140917",0.019910421920283
"140919",0.674077083617669
"142682",0.0186108500708647
"142687",0.357209505986628
"142688",0.00842362658719964
"142980",0.0202549110169908
"170439",0.00716207673927832
"170441",0.0718192671861371
"170442",0.210297532858098
"170459",0.0239190522579352
"170460",0.0226514997206779
"170461",0.035602406866227
"170472",0.011051011617291
"170483",0.569277047317588
"170571",0.0241424739289853
"170574",0.303914700832495
"170625",0.00616012856099343
"170638",0.010813230580723
"170639",0.40625526273424
"170643",0.0450310768100246
"170644",0.00384747867231293
"170658",0.0437193823332441
"170676",0.0629488315926054
"170677",0.0207926341542981
"170706",0.370642294235163
"170707",0.00213222724045235
"170711",0.011135704322241
"170716",0.0228123294197677
"170718",0.00447257376945988
"170719",0.00690218513204746
"170720",0.646006536772854
"170721",0.182237376375787
"170722",0.513706616534045
"170728",0.00819284973866682
"170729",0.0229494051977362
"170731",0.00656480012365828
"170732",0.453951008500579
"170735",0.163336719409101
"170736",0.0572753473556131
"170737",0.0131888340594369
"170738",0.131462339893843
"170740",0.00445650125666009
"170742",0.0888663672768846
"170743",0.0519571799307958
"170744",0.341187003231723
"170745",0.380149534983458
"170748",0.078218809844211
"170749",0.00794453739697196
"170750",0.00534888545051179
"170752",0.0389159532011264
"170753",0.0133229245691245
"170755",0.0346822072378427
"170756",0.0216982172054127
"170757",0.0290189752017611
"170758",0.0274508458718779
"170759",0.00591447928327401
"170760",0.00765625
"170761",0.0858143633369188
"170762",0.00567365320379641
"170763",0.01
"170765",0.305860080501925
"170767",0.00870895437833571
"170768",0.0445485801355781
"170770",0.0692713579884492
"170771",0.043729839855196
"170772",0.0171193990741549
"170776",0.215023292903948
"170787",0.0190743921783023
"170788",0.0905363270276867
"170789",0.0180021008311028
"170790",0.0118851829035137
"170791",0.0193171688421228
"170799",0.0349128369673849
"170822",0.00395285163307777
"170823",0.0135374841530047
"170826",0.0190744410550423
"170829",0.373948802413443
"170833",0.0111254625649918
"170835",0.027848594263459
"170930",0.00740728298844397
"170935",0.456961962469907
"170936",0.00746306995184406
"170938",0.00706970138625247
"170942",0.279193896634317
"170947",0.422419549233541
"170952",0.267610751199851
"171095",0.0833787566633716
"171167",0.0184053725082449
"171170",0.461330302855123
"171171",0.0285311082984396
"171180",0.0916538824955514
"171207",0.0501073243598009
"171209",0.356553588751048
"171210",0.0298574189840109
"171211",0.139570222045892
"171212",0.0204695034304418
"171281",0.0265423100510983
"171282",0.0324378725858969
"171285",0.042577491838219
"171286",0.0984823790956065
"171388",0.390801175440313
"171395",0.259375028173331
"171429",0.0213409543760058
"171463",0.040626307851807
"171469",0.0134584935563199
"171486",0.00378513336181641
"171504",0.218972322067071
"171508",0.00623943292074599
"171531",0.342970128770598
"171543",0.0340175787097949
"171567",0.0113058804678737
"171580",0.0311986996082377
"191578",0.0064786817696362
"192113",0.412685216864951
"192119",0.00806330695543524
"192120",0.0492588864117694
"192136",0.0848633804151594
"192140",0.376466666612927
"192156",0.0287583167436224
"192157",0.00681510675940462
"192159",0.00540711901400997
"192160",0.00733810832104895
"192161",0.0271836178877455
"192163",0.0274579851112233
"192164",0.017276362221075
"192166",0.0209405277815356
"192167",0.0102280428422314
"192169",0.00846131897372603
"192170",0.0024813549438671
"192173",0.00737361985876452
"192174",0.00823618408707075
"192176",0.018937169224382
"192185",0.00378111658304903
"192187",0.0516363913584909
"192188",0.0974960045736871
"192190",0.114834870502519
"192191",0.00511343218619784
"192192",0.0244414965974709
"192193",0.00905132017985227
"192195",0.00998291166591155
"192196",0.0165205678202506
"192197",0.00304414904497477
"192198",0.01404225
"192199",0.119827608836806
"192212",0.411083530930275
"192216",0.0145293573617954
"192231",0.00457883932111024
"192232",0.0098649611011258
"192236",0.0189990665794712
"192285",0.0089886596311391
"192287",0.00674020728547477
"192289",0.0210575237788815
"192292",0.00336274187818907
"192650",0.059267882691214
"192651",0.00756757586351853
"192652",0.0187976822606251
"192653",0.405769892782551
"192654",0.0103992235119644
"192656",0.0255656809958912
"192657",0.0318279001080033
"192662",0.0116060341739475
"192663",0.0160230732254446
"192678",0.0434927783296196
"192734",0.0184264491946556
"192775",0.0546843963361792
"192786",0.00878422470595375
"192897",0.127551020408163
"192950",0.016457575952088
"192970",0.0508293785374326
"192976",0.0224386025040051
"192986",0.00892104486458526
"193003",0.859982997735868
"193034",0.396051357758841
"193043",0.015292669181251
"193116",0.00373781321559205
"193217",0.117701775147929
"193280",0.0640357284039214
"193286",0.314455130746588
"193385",0.0125293196145566
"193452",0.0328515625
"193670",0.00457361321949034
"193736",0.0260653674942856
"193740",0.0702085866439562
"193742",0.00548696844993141
"193796",0.00946676406135866
"193813",0.0119694519250961
"193838",0.0165356378927354
"194126",0.0131261417053363
"194219",0.365108450351785
"194237",0.0236989284464064
"194268",0.00987104375625072
"194292",0.411759410883964
"194309",0.0127181485308354
"194388",0.0213696741078676
"194401",0.013281586365477
"194590",0.00765390559214419
"194597",1.17176618601394
"194655",0.0175591228203841
"194744",0.502695371059257
"194908",0.11581371124695
"194952",0.0022249911000356
"194974",0.426075552087309
"195018",0.00390115101218266
"195040",0.00872214943917599
"195046",0.360622837253823
"195208",0.0392891663224179
"195209",0.0881487338745046
"195359",0.328712811201032
"195434",0.0221857893929966
"195522",0.0357525658889982
"195531",0.122469867407245
"195646",0.212556923595885
"195727",0.0644998740236835
"195733",0.0250498594881749
"207165",0.0106994493890501
"207175",0.0312494182203907
"207181",0.0165722534340361
"207182",0.00783064994264558
"207209",0.321957410832273
"207212",0.0219554094209641
"207214",0.00494075919925445
"207215",0.727792141466373
"207227",0.0117361111111111
"207259",0.127818282818733
"207278",0.00730647842776817
"207304",0.00168805716508671
"207318",0.458620413395289
"207352",0.00576474622770919
"207375",0.0020986457168874
"207393",0.0128578779955498
"207425",0.00488458128682214
"207474",0.0383123368391097
"207495",0.145695313327479
"207521",0.0137446024881355
"207565",0.00612960828763567
"207592",0.0239546330192635
"207596",0.373727659714038
"207607",0.1617288368434
"207615",0.00439712913766648
"207618",0.0487188986867599
"207667",0.35484696383124
"207683",0.0174207206512094
"207686",0.0432459476339807
"207704",0.0145885347993799
"207728",0.0187117751653685
"207740",0.0131306067023619
"207742",0.05133056640625
"207777",0.013007895285905
"207781",0.00729669270772103
"207785",0.00373152040862425
"207792",0.0459079236402921
"207798",0.0349679973262224
"207806",0.00897414762147184
"207818",0.40206970514232
"207819",0.135339406071877
"207839",0.120153748438568
"207911",0.0974405543176338
"207920",0.303627621875021
"207921",0.0182856043887191
"207932",0.00689238909699647
"207952",0.0141901121254705
"207958",0.00543200362154821
"207965",0.0173909819215303
"208043",0.0465093443602494
"208076",0.0258774116068559
"208080",0.0281084626966866
"208084",0.289940828402367
"208092",0.00750764397776113
"208104",0.0151074806036031
"208111",0.0449499931326399
"208117",0.0086821465056852
"208144",0.0151808056615582
"208146",0.00291131666896092
"208151",0.0105511997882458
"208154",0.274260143724013
"208158",0.00558694419440317
"208164",0.248425200768243
"208171",0.0565616205958137
"208177",0.0379946252258774
"208188",0.153456364555644
"208194",0.0117686661887112
"208198",0.012219815198847
"208211",0.00710910407534384
"208213",0.04
"208228",0.0128984177009964
"208263",0.0136094002590736
"208266",0.0363953605913971
"208285",0.0490874538348453
"208292",0.010416080724961
"208366",0.0442294787852923
"208372",0.079867674858223
"208426",0.0418388429752066
"208431",0.0166186760002578
"208439",0.0171479394567462
"208440",0.00294736367501098
"208449",0.0077801072664757
"208501",0.0236565862773565
"208518",0.0138695139779653
"208583",0.0916618967240896
"208595",0.0305431057140674
"208606",0.00512162010431871
"208618",0.0461240484662853
"208624",0.0184678477970778
"208628",0.0691339377777778
"208638",0.0114130182281599
"208643",0.00626238997419691
"208647",0.0357242055513642
"208650",0.0331908626047825
"208659",0.0251413723144938
"208666",0.0101942597040555
"208677",0.25874674957193
"208691",0.0156978607079256
"208715",0.0196756226091802
"208718",0.00353614072425281
"208727",0.0204081632653061
"208748",0.0231686114809304
"208768",0.0064206326684647
"208777",0.0269105534254945
"208795",0.0692442059954482
"208820",0.0243114442701043
"208836",0.0563194292483394
"208846",0.00292694218299328
"208869",0.0344807571197641
"208884",0.0190173962962689
"208890",0.731251834202709
"208898",0.0713727893118031
"208908",0.0308257094574908
"208922",0.0109372450954456
"208936",0.148855458870005
"208943",0.187133170643937
"208967",0.00439456330799762
"208968",0.00910015581717451
"208982",0.0174158033636322
"208990",0.496763041282414
"208994",0.443082163423539
"209003",0.0156769361450173
"209011",0.0106431689952804
"209012",0.0124499475725957
"209018",0.00608947491535857
"209027",0.103078986950967
"209032",0.0169749801012718
"209039",0.0495477375419182
"209047",0.692627932794033
"209086",0.0605473793337542
"209131",0.00777783992581285
"209176",0.133275333052529
"209195",3.92685868546519
"209200",0.0399748809467703
"209212",0.00719986229797331
"209224",0.026452297188558
"209225",0.0172369307516504
"209239",0.0168675279191143
"209268",0.0297430560525842
"209294",0.299519450708274
"209318",0.00517079601383972
"209334",0.0910083954932742
"209354",0.00649460857714227
"209357",0.00820161043324079
"209361",0.0107144752947161
"209378",0.0401457193693332
"209387",0.27967825443787
"209416",0.00621654759632889
"209446",0.0214530260027709
"209456",0.0175121500269784
"209462",0.0177039345438514
"209478",0.00593152179629237
"209488",0.405587623699105
"209497",0.0226262269613728
"209540",0.0318113692011586
"209550",0.0742262695651177
"209558",0.179384515885653
"209584",0.00794723874767141
"209586",0.00344008599090257
"209601",0.010681992025566
"209630",0.0101525429814633
"209645",0.0414951989026063
"209683",0.0341617813572942
"209692",0.00870691450218194
"209707",0.0418545644754813
"209737",0.0511545316215555
"209743",0.0460914807366976
"209760",0.0138585467109898
"209773",0.0101500549909067
"209776",0.264446338227677
"209815",0.019404001231148
"209837",0.119465094056542
"209966",0.0194034279030968
"210004",0.0152359636351591
"210009",0.0146784621855204
"210027",0.00879584811063324
"210029",0.0185708166397774
"210035",0.0158798294161175
"210044",0.0168461146747437
"210094",0.033584742808881
"210104",0.00999833354164352
"210105",0.00935335027614729
"210106",0.00752400387562975
"210108",0.00687266772262343
"210126",0.0194992289586884
"210135",0.0038860603239411
"210146",0.0141975982261993
"210148",0.0116895594641941
"210162",0.0121397232702731
"210172",0.00961548352280288
"210274",0.0160262182420179
"210293",0.0783328247324415
"210297",0.0103564231797471
"210356",0.0267768595041322
"210373",0.341492990764361
"210376",0.00494351034766148
"210417",0.0907144854304006
"210503",0.0582529390572051
"210510",0.122723031360299
"210529",0.00947476470673278
"210530",0.0942690113537066
"210544",0.024085079457611
"210554",0.3003778677728
"210573",0.0201927751868363
"210582",0.00642403343452034
"210583",0.354605878162405
"210622",0.132019754922348
"210673",0.0110297950418048
"210710",0.0521525757126918
"210711",0.00963405357052629
"210719",0.100205281658317
"210741",0.0393545724286969
"210757",0.408754013524416
"210762",0.503808143827795
"210766",0.00880156027659449
"210789",0.0280828968338479
"210801",0.0439453522483723
"210808",0.0215981597112756
"210853",0.179626570272756
"210925",0.0131647248735824
"210933",0.00519451980906156
"210973",0.00394529273594968
"210982",0.0152594023073928
"210992",0.00420942904147959
"210998",0.00355170768649897
"211001",0.319608098796686
"211006",0.0053130406226794
"211007",0.00384592272099033
"211039",0.369795471146822
"211064",0.0131005951516911
"211134",0.0293557785071635
"211135",0.0226154055626981
"211147",0.0551285262492363
"211151",0.0110652005136015
"211187",0.0346924377396781
"211228",0.328028609342112
"211232",0.118157734344668
"211253",0.020398421511231
"211255",0.00661319638020103
"211286",0.0102116343490305
"211323",0.0423974788032795
"211329",0.00676431088902372
"211347",0.00636416397981214
"211378",0.0366793235284761
"211383",0.024328055496666
"211389",0.00868060441570686
"211401",0.0114953767669253
"211429",1.92089873807325
"211446",0.00322903717767588
"211468",0.287466997400126
"211480",0.0380131870751173
"211482",0.638107909386926
"211484",0.0174396003626205
"211488",0.0109726089033067
"211499",0.00620617434005564
"211535",0.184142922153227
"211548",0.0130157722205715
"211550",0.0142147929240375
"211556",0.00561654229986204
"211577",0.446494935122852
"211586",0.00986440834837336
"211612",0.056831054006463
"211623",0.559331884643024
"211651",0.0457956879334518
"211652",0.0242081560491463
"211660",0.00911872243430344
"211673",0.0044246072247728
"211712",0.0273032172327377
"211739",0.0115628402562868
"211770",0.0713011953675278
"211798",0.0156917211539295
"211896",0.215437729090159
"211914",0.0164379277858038
"211922",0.00420643101488756
"211924",0.251962915039946
"211936",0.0330059483018558
"211945",0.0918674776030455
"211948",0.00797041238830859
"211949",0.0582005172273968
"211961",0.0541485791330138
"211978",0.0152605185461428
"211986",0.00440415180974199
"212032",0.0669441974198766
"212073",0.114899010188615
"212090",0.0180382545687037
"212111",0.0167506586234715
"212114",0.0183629377409757
"212123",0.0155172417007466
"212124",0.0964713198067656
"212127",0.0366247202892782
"212139",0.0154028990579995
"212153",0.0223400642362701
"212163",0.00633136778818361
"212167",0.0101238968410244
"212168",0.0120414681752858
"212190",0.182807479079746
"212198",0.0195969779902138
"212276",0.015307391121172
"212281",0.013651622883341
"212285",0.0466907401328249
"212307",0.00960238767957899
"212326",0.0266830785661871
"212377",0.0410082748118593
"212390",0.0227508767427711
"212391",0.00741944102166881
"212392",0.0858588962231076
"212398",0.0559990676534001
"212439",0.0704861061109727
"212442",0.0229256511063226
"212448",0.00326530612244898
"212483",0.00679150419823313
"212503",0.0172373341505107
"212508",0.0111264150736076
"212514",0.011664
"212516",0.0251686360182428
"212517",0.0608652290873415
"212518",0.00564261940972911
"212528",0.00552689070013879
"212531",0.0363746126427879
"212539",0.0731579767963778
"212541",0.227455621301775
"212547",0.00444444444444444
"212555",0.0115347158479354
"212569",0.0250331178018519
"212627",0.00754357150100861
"212632",0.0144803345722023
"212647",0.0089922711058264
"212670",0.0381781532519815
"212679",0.0074157200151132
"212706",0.0409532130548201
"212712",0.322376476494881
"212728",0.0125804205819805
"212772",0.00823302906542297
"212862",0.0122115399173341
"212880",0.00707050569573615
"212892",0.373729098102398
"212898",0.0103200115437567
"212919",0.00816662721646327
"212933",0.0518109463695245
"212937",0.0485530631953804
"212943",0.0586483574610097
"212974",0.0245010183970533
"212980",0.170706794170905
"212986",0.00535905203728887
"212996",0.0167869542060613
"212998",0.426075961297567
"212999",0.00485318579962355
"213006",0.0536856461331986
"213011",0.013820370984109
"213012",0.0051206769129003
"213019",0.0968510212493453
"213027",0.00706519819260812
"213053",0.00844952250895136
"213054",0.0168963739741562
"213056",0.00901133143012034
"213068",0.289960845719383
"213081",0.00531858050860739
"213084",0.0107572786334406
"213109",0.00513550282711356
"213119",0.109467768526818
"213121",0.0329373671440177
"213208",0.205638619165194
"213211",0.0177777777777778
"213233",0.025306162221189
"213234",0.16413428712749
"213236",0.0709593700989923
"213248",1.05526649946943
"213262",0.119231305357787
"213272",0.350923950375508
"213311",0.0521793460234052
"213326",0.00488224723773979
"213332",0.0357197069672318
"213350",0.011387324895275
"213389",0.0484135602716993
"213391",0.073590991398823
"213393",0.24439841236334
"213402",0.0174645021717354
"213409",0.51899939292581
"213417",0.203085638417237
"213435",0.322251590903246
"213436",0.137071285563483
"213438",0.310766292065371
"213452",0.0021288634884662
"213464",0.0106988818804621
"213469",0.0135566625328764
"213484",0.0176217397886907
"213491",0.00694444444444444
"213498",0.00774184559745095
"213499",0.00787062306549009
"213522",0.45031163434903
"213527",0.359063719512066
"213539",0.0397543136512701
"213541",0.00414298624873163
"213550",0.00259538758305544
"213556",0.0221571637978574
"213573",0.0851730802324183
"213575",0.0108852599477314
"213582",0.0034930056055754
"213603",0.375169553766943
"213649",0.0366006629540769
"213673",0.00357849681265277
"213696",0.345586561859911
"213742",0.262945154057271
"213753",0.0116069749743238
"213760",0.00808844095759071
"213765",0.284741643669569
"213773",0.00836703494846587
"213781",0.148875483953597
"213783",0.170557921998654
"213788",0.21622835533721
"213811",0.0155322384741535
"213819",0.00562173107663447
"213827",0.00285428603145996
"213895",0.0045856006699715
"213945",0.447591328078959
"213948",0.0560831683082416
"213956",0.360792514895054
"213980",0.0578003795784786
"213988",0.00901785028745739
"213989",0.537389584014358
"213990",0.0219792674382485
"213993",0.00423241438346151
"214048",0.017441866891611
"214058",0.00700359765625
"214063",0.00543508251481268
"214084",0.0495686839134
"214105",0.286063163030123
"214106",0.169350878084303
"214111",0.237588168284386
"214112",0.161036341300026
"214133",0.0135626735771779
"214137",0.0112807925751175
"214150",0.011024511102735
"214158",0.395208308174861
"214162",0.0286964173928061
"214189",0.105938772266954
"214230",0.0654847364806281
"214239",0.0158857036099486
"214240",0.0211801104908314
"214253",0.0689162086298963
"214254",0.0205730770455945
"214290",0.00312616012441308
"214292",0.0676259007373204
"214305",0.0322925321456259
"214321",0.040430104435452
"214345",0.0190570123230056
"214359",0.0293421130897431
"214384",0.432674852327636
"214424",0.0429258847574312
"214425",0.420532598714417
"214444",0.00754643010425594
"214459",0.0367008749417762
"214469",0.00473334352371684
"214489",0.00548606334564825
"214498",0.0121987079527734
"214505",0.00324103143079689
"214547",0.0473372917442363
"214552",0.0106149200594072
"214572",0.0114532715614608
"214575",0.0168740299692603
"214579",0.00568591513553024
"214580",0.0141824268098507
"214585",0.00338109393373751
"214597",0.00977912855601179
"214601",0.0243684804768667
"214616",0.0259536441318682
"214627",0.00528381992323444
"214639",0.440627440586062
"214642",0.0479951530044573
"214663",0.0446584557006975
"214669",0.00709584926554725
"214685",0.0222324107047575
"214704",0.102000073197139
"214742",0.00854191903680397
"214763",0.140625
"214764",0.00578205210761607
"214766",0.463008930161458
"214779",0.0164800115866254
"214791",0.0576334751648221
"214804",0.0260750771847856
"214812",0.0102342526733747
"214854",0.234074970239636
"214855",0.0143222148620237
"214895",0.0199662220017294
"214897",0.00439335930038452
"214899",0.00464711635204638
"214901",0.0906553376420362
"214917",0.00768710466481449
"214922",0.0371252957985239
"214931",0.0176610110803324
"214932",0.00450960984115958
"214944",0.0624598951938029
"214951",0.00846655574845679
"214952",0.00822384413193683
"214968",0.0280631828287036
"214987",0.00292882106559619
"215001",0.0914363211684319
"215008",0.00469401873725372
"215015",0.0188527246927406
"215051",0.0151389696987034
"215085",0.0575422767867582
"215090",0.0072103613334149
"215113",0.0129398253529024
"215114",0.0174375410913872
"215160",0.0106292015834051
"215193",0.0068641225
"215194",0.00594299080111613
"215201",0.0134360840090407
"215210",0.0138314948329042
"215243",0.153809261520354
"215280",0.0513798591167328
"215303",0.0518536810707266
"215335",0.0426768702251919
"215351",0.00390111526509645
"215378",0.0908671815353421
"215384",0.658938697451483
"215387",0.102932370245014
"215418",0.0548396453536773
"215436",0.00945814835244593
"215445",0.0133587021006077
"215446",0.0209231755319437
"215449",0.0118137582732403
"215456",0.302386764202258
"215458",0.0570114402919594
"215474",0.0229147378166821
"215476",0.00360109948842606
"215493",0.499734557465113
"215494",0.0167599952582978
"215512",0.0273079434464875
"215615",0.00807824154947767
"215627",0.0506525435250618
"215632",0.0540975837210143
"215653",0.0174255575569304
"215654",0.0138287766028482
"215690",0.0231700071569248
"215693",0.00987349178529377
"215705",0.0151936421362544
"215707",0.0105571328448732
"215708",0.00514157860185204
"215714",0.476622763687641
"215748",0.0641590267380246
"215751",0.0157568559556787
"215772",0.378245588515468
"215789",0.12763984423584
"215798",0.115498667940841
"215814",0.024245757122021
"215819",0.0087734605425298
"215821",0.00490375619041514
"215890",0.0347518415992305
"215900",0.465819899390936
"215928",0.159940628962445
"215929",0.273916940771863
"215951",0.00677769609457756
"215999",0.0096298327534777
"216001",0.00194395503422344
"216011",0.0114986847096722
"216019",0.0925788834229092
"216021",0.0507460400046248
"216028",0.0459573020806488
"216033",0.164064591455901
"216049",0.0255275301141972
"216080",0.018369251173755
"216119",0.0192455477964516
"216131",0.00594691599388979
"216134",0.0100757573050411
"216136",0.0184605387523629
"216148",0.0164665212636114
"216150",0.00706627447989169
"216151",0.010375074187363
"216152",0.0252202772013866
"216154",0.0159048072212488
"216156",0.00673832573565935
"216157",0.00529939372587014
"216161",0.0156301208520754
"216166",0.131328959562181
"216169",0.0094577597182431
"216177",0.026500811249324
"216188",0.0219901363899267
"216190",0.0184261544168642
"216197",0.0101041998826823
"216198",0.00899342822612191
"216225",0.358749050788238
"216227",0.187501430828049
"216233",0.236262208973536
"216238",0.00299696307741489
"216274",0.0108596823872726
"216292",0.0176992651544132
"216343",0.0829609732439316
"216344",0.0119823852695712
"216345",0.00399740795969014
"216363",0.0199072825775205
"216377",0.396666817650947
"216393",0.226757369614512
"216395",0.00831581070014593
"216438",0.0185743927854327
"216439",0.0226275559299635
"216440",0.00241171704263742
"216441",0.109459396594135
"216443",0.00479088421467601
"216445",0.240148758694092
"216456",0.0520389700478995
"216459",0.0642116325554965
"216505",0.0100654116959772
"216516",0.0108677985032914
"216527",0.00928834309459078
"216543",0.00515579328980098
"216549",0.00469378438101586
"216551",0.0067257355617144
"216558",0.00846209829804566
"216560",0.0113058804678737
"216565",0.00331942488648246
"216578",0.00742622690765465
"216613",0.0578941158037067
"216616",0.0562188774617489
"216618",0.00553423104749209
"216622",0.0307547825803765
"216635",0.131799830547928
"216705",0.00681760794545914
"216724",0.00320284687364689
"216725",0.0701726034710377
"216739",0.0088603730597125
"216742",0.00664512158400717
"216749",0.46545401237332
"216760",0.0251198501231493
"216766",0.00506740678274373
"216767",0.0188354643853524
"216792",0.0170980864100842
"216795",0.0753735454774489
"216797",0.323864129139979
"216799",0.122064204350602
"216805",0.00548461302242048
"216810",0.00773815877825795
"216820",0.0156670875230278
"216821",0.00840697549359981
"216825",0.00487169115661084
"216829",0.0109097655506736
"216831",0.0123180600522868
"216835",0.324796056946998
"216846",0.0115944664748058
"216848",0.0210134016
"216850",0.0309320283437603
"216853",0.00878767374827394
"216856",0.0224198575881495
"216858",0.0625
"216860",0.0105839113597424
"216864",0.241745854900669
"216867",0.036549364840142
"216869",0.00873474769029901
"216871",0.32746743750526
"216873",0.0078147192800909
"216874",0.0286545873531445
"216877",0.0275013836978626
"216881",0.00618462457786939
"216892",0.0108854951040486
"216961",0.142359781389411
"216963",0.0478148500948554
"216964",0.0350154843755648
"216965",0.00341487653366733
"216971",0.0272253233401723
"216974",0.0505480497912624
"216976",0.0663790730916245
"216984",1.73512485136742
"216987",0.00293063485782124
"216991",0.0348291332529586
"217011",0.0169064522286326
"217012",0.226904870325783
"217026",0.00525099768956102
"217030",0.00292538228695411
"217031",0.00539180136364355
"217038",0.0194943103450656
"217039",0.00359024842733152
"217057",0.00787495089963593
"217069",0.0614461547175188
"217082",0.0846579846148935
"217109",0.00684003389586833
"217116",0.502332528426804
"217119",0.015483491294765
"217124",0.0210205186428654
"217125",0.0358836979028554
"217127",0.00267538644470868
"217138",0.119525711363856
"217140",0.0368742472177329
"217143",0.148383861888391
"217149",0.0246013045207664
"217151",0.0880221459900353
"217154",0.0898742577869195
"217166",0.0311335102423427
"217169",0.583807316565063
"217194",0.00451641808301538
"217198",0.0163888962523203
"217201",0.00679196838662196
"217203",0.300606833453557
"217207",0.00295434151929566
"217216",0.335985520134704
"217217",0.105790589962826
"217218",0.00907737956836402
"217219",0.0180756018378965
"217232",0.00525625
"217258",0.0480795172191299
"217262",0.0176208003759104
"217265",0.0135459348493506
"217294",0.227222968645578
"217303",0.0716066066468267
"217304",0.281398642416968
"217310",0.00643659061228735
"217316",0.1265935164941
"217325",0.23835725890915
"217328",0.367377085042264
"217331",0.0210326393674997
"217333",0.0738421550094518
"217335",0.0123639486051298
"217337",0.00362415028005301
"217340",0.0147879382611593
"217341",0.318446970796449
"217342",0.009992757559535
"217344",0.259703010147829
"217351",0.0131997159879868
"217353",0.0482480888729635
"217356",0.338235883330202
"217364",0.0177777777777778
"217365",0.00550830732437697
"217366",0.00749814575312382
"217369",0.593193385956603
"217370",0.0133136094674556
"217371",0.0356380145310917
"217378",0.00492569295721227
"217379",0.00762858516263419
"217410",0.0501933449462547
"217430",0.0322828282219035
"217431",0.00800176826779275
"217449",0.00433451996204256
"217463",0.00355972571726952
"217473",0.00405695971439004
"217480",0.0587998197102655
"217517",0.0995669251429909
"217536",0.418180212062015
"217558",0.0240971022388109
"217578",0.0597489175755341
"217588",0.0161897723947518
"217593",0.352692799721531
"217648",0.0381367689926222
"217653",0.0573534464404486
"217664",0.00493055596268958
"217666",0.0107516470900193
"217682",0.0487954610016899
"217684",0.037238605504998
"217692",0.0169049716849036
"217695",0.00195170835823127
"217698",0.0396971301250287
"217700",0.0175783854664003
"217705",0.00838116682538822
"217707",0.00807713146417972
"217708",0.00529594088165916
"217715",0.00905562602634802
"217716",0.00464122282013486
"217718",0.00311246537396122
"217721",0.04302671429456
"217732",0.00307209526502536
"217733",0.0109750566893424
"217734",0.0054461096571919
"217737",0.0097107767226257
"217738",0.326950212488639
"217779",0.00528154787447677
"217826",0.0382689177162544
"217827",0.00788709365875631
"217830",0.0187054741225286
"217835",0.119114235074044
"217837",0.016219591374862
"217843",0.00688098793865301
"217847",0.283453774971013
"217864",0.0131229066920467
"217866",0.00826446280991736
"217869",0.00552909473256546
"217882",0.0304182947596593
"217887",0.0260160721295023
"217893",0.0256073684967597
"217935",0.00458266323198172
"217944",0.0366015411967345
"217946",0.106373447615273
"217951",0.0551081476956768
"217980",0.0018424211755966
"217995",0.00556869682633629
"218030",0.479143924358006
"218035",0.00521382407179508
"218038",0.0182591378117638
"218100",0.0106222018761493
"218103",0.390090080514637
"218121",0.120235025735893
"218138",0.0147474280053006
"218194",0.0104715445800945
"218203",0.0310625807460408
"218210",0.00572130372485051
"218214",0.00895674528348693
"218215",0.0186333460630614
"218232",0.00829871961386949
"218236",0.00685721137370263
"218271",0.0110007849621335
"218294",0.0212592708168957
"218311",0.030441342243144
"218314",0.0351167641267741
"218333",0.0054112543980485
"218335",0.00351995110067931
"218341",0.010387561201145
"218343",0.00597657676021633
"218397",0.0124098790029886
"218440",0.0218264473449747
"218441",0.00827640136063288
"218442",0.00681760794545914
"218454",0.0208075796208782
"218460",0.00414529859042374
"218461",0.0146679538927647
"218476",0.195834561803539
"218490",0.00646139053593095
"218503",0.0174949218630383
"218506",0.0124143804880504
"218518",0.0509494144215502
"218543",0.0160881920572578
"218544",0.00953827080144667
"218581",0.42641750329785
"218613",0.0103104793600566
"218624",0.507249018538662
"218629",0.00765625
"218630",0.0716127752430073
"218639",0.0321464782211791
"218693",0.00430705958947916
"218695",0.479204805619933
"218699",0.00426248745588898
"218734",0.00947110213625252
"218756",0.00953947791009879
"218763",0.0589240391542694
"218772",0.0313420223223502
"218793",0.00764557352045672
"218811",0.00396018764572962
"218820",0.0673353458164904
"218832",0.00291627446643277
"218850",0.0187180566082824
"218865",0.0602774367109207
"218877",0.0385975613781357
"218885",0.0202005799913152
"218914",0.00565089179548157
"218952",0.00694444444444445
"218963",0.011463908264774
"218973",0.0323093833473977
"218975",0.00552007225689908
"218977",0.323262603326585
"218989",0.0044760939645774
"219022",0.00540963370938023
"219024",0.00430696641054937
"219072",0.0397228056128489
"219094",0.00942425333310519
"219103",0.0247357450772
"219105",0.00856615262237481
"219114",0.0615745339426507
"219132",0.242891210638756
"219134",0.241207726326743
"219135",0.00603428756855367
"219140",0.0615171453315814
"219144",0.353897581483462
"219148",0.141749382223427
"219149",0.0715309825672837
"219150",0.0162931362036759
"219151",0.0441086029088822
"219158",0.00676733292782194
"219170",1.2157765472372
"219181",0.00458748986831798
"219189",0.00949363968968295
"219228",0.0213640348785455
"219249",0.00733284108524532
"219257",0.0230283577344093
"223227",0.038202479338843
"223254",0.0318877551020408
"223255",0.00441594394928838
"223262",0.422189382655952
"223267",0.0137879566532112
"223272",0.183166406522236
"223332",0.0313537005909959
"223433",0.0213284120311384
"223435",0.00420216661195424
"223453",0.0551192695427008
"223455",0.00255444486439286
"223473",0.0404974838592453
"223483",0.0624524624470513
"223499",0.00907644935253548
"223513",0.125253005885821
"223527",0.00625799735855733
"223593",0.00530444671491045
"223601",0.00970758353533612
"223604",0.0373295604896436
"223626",0.0173001016373357
"223642",0.0211777314471955
"223645",0.384169044015426
"223646",0.034879600900218
"223648",0.0183969069731745
"223649",0.0147193987889273
"223650",0.864277427525816
"223658",0.0272852418023537
"223664",0.00646303969124224
"223665",0.0149993482264041
"223666",0.0173130193905817
"223669",0.00947117193631406
"223690",0.0136030752372049
"223691",0.00317685950413223
"223693",0.0228552672053713
"223696",0.00476628515602242
"223697",0.0154741639812803
"223701",0.0228103411627165
"223722",0.00827437372230534
"223723",0.0173979597282217
"223726",0.197577920564274
"223732",0.0199777747256178
"223739",0.00827009351171959
"223752",0.00982449219108363
"223753",0.00835316229158408
"223754",0.0128281915816253
"223770",0.00525978964731788
"223773",0.00887597927681901
"223774",0.0135070112169685
"223775",0.0201903486732996
"223776",0.00443292727302508
"223827",0.011575534518966
"223828",0.00458833182375193
"223838",0.0295773530304091
"223843",0.0134712174146735
"223864",0.030182782962577
"223870",0.0141381872771627
"223881",0.0512125177375342
"223915",0.295926661017886
"223917",0.442841044072754
"223918",0.00713457601434487
"223921",0.0193375847171226
"223922",0.0228273205576632
"223970",0.503659451329365
"223978",0.00674453912511585
"223989",0.00793949958727565
"224008",0.0177429705853856
"224014",0.00940416788034599
"224019",0.0148106943864094
"224020",0.00699192768698529
"224022",0.00809230951859157
"224023",0.00678895036190624
"224024",0.309648845816602
"224045",0.00397992272225957
"224055",0.27574569258975
"224079",0.0256574041657352
"224088",0.00627867573696145
"224090",0.0358880107482107
"224092",0.0087890625
"224093",0.0666888056997947
"224105",0.00404850421674221
"224109",0.0317257629581957
"224111",0.00474026157099225
"224129",0.0262219137396694
"224132",0.00208769988043238
"224139",0.00314472517645486
"224143",0.00785916473909328
"224170",0.00709488594558349
"224171",0.0397020236455275
"224224",0.0598168962833531
"224250",0.00490513660450882
"224273",0.0100319141017158
"224291",0.357079119571683
"224344",0.0369396522850117
"224405",0.0682292269008917
"224419",0.392982316086846
"224432",0.01044783483134
"224440",0.0139343644832795
"224454",0.0390748018124583
"224481",0.017504325386429
"224523",0.028852036046436
"224530",0.0272931903302156
"224585",0.0164126350076461
"224598",0.0274305939653683
"224613",0.013168503090567
"224617",0.00387955180774283
"224619",0.00626532267719782
"224624",0.0125102862489867
"224630",0.00971872015665
"224640",0.00741741260502278
"224647",0.00774777236898319
"224648",0.0153816090763448
"224650",0.0121696591654949
"224656",0.0139631527050692
"224661",0.017447035646005
"224671",0.0359716848017264
"224674",0.0380162418273573
"224691",0.0237733545461664
"224694",0.0154083731821486
"224697",0.0270367410824688
"224703",0.0077078623864569
"224705",0.00609974666571662
"224727",0.0136867879045
"224742",0.00577415212350218
"224762",0.354431023169925
"224792",0.0184038742220889
"224794",0.0105715966797659
"224796",0.0514167653622463
"224805",0.0104037369455699
"224807",0.00886347817947596
"224813",0.01117984095785
"224814",0.0198713841327206
"224823",0.0091818174411222
"224824",0.0124789647295802
"224826",0.00571033380073473
"224829",0.0410295916535068
"224836",0.0178911923404601
"224860",0.0166979067628213
"224893",0.0282983857170679
"224897",0.0198776286112467
"224902",0.0146232560762901
"224903",0.00674406756387931
"224904",0.00738517338032633
"224907",0.00874832990581082
"224912",0.841122065871005
"224938",0.00708509653548783
"224997",0.00503991608880601
"225004",0.374908702923146
"225010",0.00728000174079424
"225020",0.00606424377654279
"225027",0.0109450544822557
"225028",0.0158611983212964
"225030",0.0680076414478049
"225049",0.0329762269467614
"225055",0.00577195892168985
"225115",0.0478681359044995
"225131",0.00293321744075816
"225160",0.00968002081165453
"225164",0.00262386505688766
"225182",0.0528143204351684
"225187",0.0459634848753865
"225207",0.0180351414687945
"225215",0.00680892600592654
"225266",0.326980146677652
"225280",0.00504821849399811
"225283",0.00379512483477147
"225288",0.0413409776231186
"225289",0.00426756900078281
"225326",0.00574506065154773
"225339",0.00517396078666915
"225341",0.0393705259048382
"225348",0.00749620811654527
"225358",0.0040308953305902
"225362",0.00767881815283239
"225363",0.00461801497349936
"225372",0.00461513468809074
"225392",0.0213380007461021
"225432",0.00565709693914822
"225467",0.00664399369037436
"225471",0.23692823951617
"225518",0.371508852566809
"225523",0.00306323161917669
"225579",0.402282482109597
"225583",0.0207255894283615
"225600",0.329769468101442
"225608",0.12398491983167
"225609",0.320854669174128
"225631",0.0364666285663503
"225638",0.488918018432556
"225642",0.112866047218051
"225651",0.00854548982142091
"225655",0.00897197253192392
"225659",0.0217354871106376
"225724",0.0669039654429265
"225742",0.0696249107376542
"225743",0.0362623048095279
"225745",0.024003173973418
"225791",0.0201882493175386
"225825",0.186663555743848
"225845",0.0211829816764935
"225849",0.0073301745167949
"225861",0.005625
"225870",0.0144781545376429
"225872",0.187634790706794
"225875",0.00689124183125393
"225876",0.00416845623303964
"225887",0.0119916995022887
"225888",0.00727190759400448
"225895",0.00874695926711868
"225896",0.00360329745803647
"225898",0.026845666162885
"225908",0.0701241065627993
"225912",0.0114383783511896
"225913",0.0226084692193976
"225929",0.020450819620764
"225994",0.0674611073781635
"225995",0.00918438542170339
"225997",0.16274202378595
"225998",0.029183593883898
"226016",0.00835072510211776
"226025",0.0446530572263941
"226026",0.0137682070659825
"226040",0.294790522258922
"226041",0.0555364536364591
"226043",0.0111781715150692
"226049",0.55128114778251
"226075",0.0771215868506826
"226089",0.00946521694266282
"226090",0.0160203571817912
"226098",0.0473904699155704
"226101",0.241551550639317
"226115",0.118841556541744
"226122",0.0271407983194418
"226123",0.012967021951953
"226139",0.00497960227044997
"226144",0.00955523161839537
"226151",0.012782333147436
"226153",0.00965078609783937
"226154",0.0171996775060468
"226162",0.014856080445306
"226169",0.018496
"226178",0.00750201500403001
"226180",0.024088991473709
"226182",0.0144042994700066
"226245",0.278627996808007
"226250",0.0280577184587233
"226251",0.0069671448742376
"226252",0.00701141432224682
"226255",0.010823214273603
"226265",0.0197296200313334
"226278",0.388730338168196
"226304",0.307322715833629
"226351",0.00651141918926846
"226352",0.0122054680081569
"226356",0.77212824455561
"226359",0.155150116892807
"226407",0.00277008310249307
"226409",0.0195747200844652
"226412",0.0171340272182426
"226413",0.168508068154367
"226414",0.00802127780126481
"226418",0.01079440040479
"226419",0.0206450523239131
"226421",0.104538784311242
"226422",0.0389210716532367
"226432",0.002911339992754
"226438",0.213153799856138
"226442",0.00877231900577894
"226470",0.0079422266369567
"226499",0.00691275639796224
"226517",0.00649188380347251
"226518",0.00324029269812251
"226519",0.0141764768341674
"226525",0.0273942627644762
"226527",0.0402258515375354
"226539",0.00688510360735491
"226541",0.0060824944054642
"226548",0.00478833489769523
"226551",0.0054479307229139
"226562",0.0121789279057323
"226564",0.289473677317304
"226591",0.00596255979969774
"226594",0.0419069126450211
"226610",0.0247586731745428
"226641",0.01
"226646",0.00293099910414446
"226652",0.0467494521548576
"226654",0.451841451047824
"226691",0.303393057821346
"226744",0.00416168076966732
"226747",0.010875372917224
"226751",0.00678425503738675
"226757",0.00329018455536735
"226777",0.0372434652709157
"226778",0.00293977670145273
"226781",0.0171618988110824
"226791",0.0699898470389429
"226823",0.00282134408940026
"226830",0.0096506496867869
"226841",0.0871314650511678
"226844",0.0110151359865729
"226849",0.00501122435831053
"226856",0.00813700900199407
"226861",0.0590346346156945
"226866",0.0780123051536793
"226922",0.235407029935931
"226970",0.0138895657306139
"226971",0.00341541575307809
"226976",0.007547265625
"226977",0.00542496930398286
"226982",0.00801719288487223
"226999",0.445594404055748
"227058",0.164406123245936
"227059",0.00683988717508377
"227094",0.0430145534118453
"227095",0.00851930822310945
"227099",0.0232785686720342
"227102",0.0137352012975681
"227120",0.0372994604611048
"227154",0.00435160111111111
"227157",0.113196460415204
"227195",0.01380625
"227197",0.00429081568590987
"227210",0.0138688387161744
"227231",0.117602313533072
"227289",0.392086645121845
"227290",0.00375555171377944
"227292",0.0178789953496654
"227298",0.0036362718113179
"227325",0.0214342220284157
"227326",0.0996182732710694
"227327",0.175447897388177
"227331",0.00162226803439003
"227333",0.0102852923946103
"227334",0.00834877559366167
"227357",0.334554968647171
"227358",0.0799190945735232
"227377",0.0237655224520179
"227394",0.0397622590702948
"227399",0.00731056784732107
"227446",0.0027991003237726
"227449",0.00590540576569219
"227485",0.0652433822821809
"227522",0.0257786486232119
"227525",0.00768090524899626
"227526",0.0487763230588194
"227541",0.0361604340528389
"227545",0.054094621133771
"227580",0.131326160865794
"227612",0.0485663401955915
"227613",0.0175788114899392
"227615",0.0171192300374946
"227618",0.0812626032957164
"227619",0.00439408287419651
"227620",0.0142931450259121
"227622",0.00698156135965475
"227624",0.00299788680088301
"227632",0.0749898666982164
"227634",0.00394474552439165
"227638",0.00395998023952349
"227644",0.0106576195213212
"227648",0.00962781104524146
"227656",0.00973349339060734
"227659",0.027840234818836
"227671",0.0841832937572667
"227674",0.0110007262485323
"227682",0.00230478454072812
"227683",0.0122775071867298
"227693",0.0113793664645881
"227695",0.00616266979324545
"227696",0.0236219389100594
"227697",0.00536563436093387
"227699",0.0112687739678338
"227700",0.00537366809437984
"227707",0.00751018817176862
"227715",0.00995817362547352
"227717",0.47482522420733
"227720",0.0150362977284892
"227721",0.00726368801652893
"227723",0.0293673543449682
"227731",0.0077191909379817
"227733",0.0622753551209114
"227736",0.765564085032346
"227737",0.0140752249571093
"227738",0.0176823034938288
"227743",0.0025
"227746",0.0193523395862384
"227753",0.0563459665216461
"227800",0.00189378839051824
"227801",0.0117875509877202
"227835",0.00999686102175676
"227867",0.00444758984027273
"227929",0.414261005812525
"227933",0.0223051573824446
"227937",0.00618756674427969
"227960",0.029579456421027
"228003",0.338377365323676
"228005",0.00679213225592501
"228012",0.00704717482145169
"228019",0.0140235457063712
"228025",0.762240879599116
"228026",0.00548420458222563
"228033",0.00476655329611172
"228061",0.00589332430006958
"228071",0.00392534365791183
"228094",0.0533772877219623
"228136",0.00284253317660359
"228139",0.0630236444986633
"228140",0.00893396161255752
"228151",0.643672876248963
"228355",0.0115555775528487
"228356",0.00806616958324811
"228357",0.0384868103780864
"228359",0.0110608104656028
"228361",0.00414565263089734
"228366",0.48995982206918
"228368",0.0183048686057623
"228410",0.0110860689077199
"228413",0.524375743162901
"228421",0.0476783135739556
"228432",0.0218706605832176
"228482",0.0281262000390786
"228491",0.0103177207774482
"228536",0.0168702704741272
"228543",0.0437120159268556
"228545",0.0110803324099723
"228550",0.0206426669970552
"228564",0.0208870456889284
"228576",0.473680399467812
"228598",0.0324007816787999
"228602",0.00689994147523814
"228607",0.0303428771382968
"228608",0.0101054545537856
"228662",0.0640015363917796
"228714",0.00816233639854473
"228715",0.0163901036418589
"228730",0.00731971661543952
"228765",0.123516593152699
"228767",0.21004817535853
"228769",0.00511890241039725
"228775",0.37801063369101
"228777",0.0447031636516908
"228778",0.158490372941526
"228787",0.0452718664833945
"228788",0.129286715266575
"228790",0.0063821423122205
"228807",0.0200770577764004
"228812",0.0137421439163901
"228829",0.00139460408739519
"228836",0.0166738747107512
"228839",0.0441
"228846",0.0231407057143452
"228850",0.00202274164014675
"228852",0.0338460323364705
"228858",0.0156826036377943
"228859",0.0177931465064986
"228866",0.0145703476888181
"228869",0.00412773762536888
"228875",0.013937460484897
"228876",0.003025
"228880",0.0121303996693803
"228889",0.00481009365244537
"228911",0.75342304915818
"228913",0.0278992105413703
"228942",0.264517955973277
"228960",0.00281518367842014
"228961",0.0305699932755825
"228966",0.0152952896220557
"228980",0.0184003586779132
"228983",0.00411630232330164
"228993",0.496539097446728
"228994",0.0049157752147918
"228998",0.00363959640251463
"229003",0.0552338018488126
"229004",0.00813804841567781
"229007",0.00601930017009046
"229011",0.0107379181739981
"229055",0.0196876636532793
"229096",0.00354180607717332
"229211",0.0033936153308009
"229214",0.418459893766673
"229227",0.00615246494882294
"229228",0.0379919563343867
"229279",0.0155251007264311
"229285",0.00708270831962896
"229317",0.00430327803240906
"229320",0.137655654964835
"229323",0.0471289885082674
"229357",0.213961350552674
"229363",0.00436719920896014
"229445",0.00782049100360763
"229473",0.0109379233339628
"229474",0.10865888035231
"229487",0.00515782028960625
"229488",0.0672259717459041
"229499",0.346410270711378
"229503",0.00652028524152184
"229504",0.00990366660373188
"229512",0.00410146679952523
"229517",0.0031751658565525
"229521",0.00152083408630215
"229524",0.00772853520106267
"229534",0.0321656427221172
"229541",0.0228249055431913
"229542",0.0229759285937665
"229543",0.00756143667296786
"229584",0.0137332073587487
"229588",0.500702612728866
"229589",0.00566804439075219
"229593",0.00849618416142934
"229595",0.120417008171524
"229599",0.0618734375394561
"229600",0.0554330368605246
"229603",0.0148878316838417
"229613",0.0598674047973064
"229615",0.0229128905913561
"229644",0.0117487407697198
"229658",0.0590259804479227
"229663",0.00302164168774149
"229672",0.0469183750602771
"229675",0.0114370271575848
"229681",0.00438998782809525
"229687",0.0638901649989023
"229694",0.0348911708323636
"229699",0.0787300922375004
"229700",0.0204369172783178
"229706",0.018102479338843
"229707",0.0130642964541505
"229709",0.00317778142413051
"229714",0.0175912406466375
"229715",0.00795806850623504
"229722",0.00780858163970919
"229725",0.00382894295045939
"229731",0.0319420552286102
"229759",0.0834972503429024
"229776",0.0219243308957616
"229780",0.0114168419810777
"229782",0.0079719387755102
"229791",0.0107798628197567
"229801",0.00927792741662457
"229841",0.0866520443287134
"229877",0.0151661046896715
"229898",0.118896912485108
"229900",0.0262965668371074
"229905",0.013645109899396
"229906",0.00853750188752698
"229937",0.0139119956363354
"229949",0.020998588149879
"230027",0.0154007333863992
"230073",0.00991313830498922
"230075",0.0151376119986429
"230082",0.0106752359036506
"230085",0.0112133668420107
"230088",0.0117675734733794
"230098",0.214984436966648
"230099",0.533002102792313
"230101",0.00820612789532257
"230103",0.00810578881525212
"230119",0.0108448167605666
"230125",0.00306766306753712
"230126",0.14373635747998
"230145",0.154958271368315
"230157",0.0112990109119303
"230161",0.617201363833193
"230162",0.0324183232005387
"230163",0.0437272456005207
"230233",0.00261027586096965
"230234",0.0110921629980541
"230235",0.00294991272749543
"230249",0.00398129631592994
"230257",0.0327554341481135
"230259",0.0326082936713989
"230279",0.0189112685811711
"230316",0.00988715809686971
"230376",0.0149644669837105
"230379",0.0601352477422328
"230393",0.0131599576637378
"230451",0.0315826538102693
"230459",0.544935438118219
"230484",0.013494130925264
"230500",0.044551178381999
"230514",0.0109625495032478
"230558",0.411602145918785
"230576",0.122469380741231
"230577",0.0156790189744095
"230582",0.0275675294436056
"230584",0.00918739476284432
"230587",0.33527449670446
"230590",0.331556234019891
"230594",0.00931055709449061
"230596",0.0104504768349656
"230597",0.00760781838719282
"230598",0.00251795326370422
"230603",0.066634089955628
"230648",0.0103418557885665
"230649",0.00629168037621681
"230654",0.00440763760954529
"230657",0.0149598925476239
"230661",0.0208891763919988
"230673",0.00496145080293268
"230674",0.00991018009566158
"230676",0.0218739643083765
"230678",0.154115657496524
"230696",0.00961296134748229
"230700",0.00538375806953465
"230709",0.00952576
"230718",0.0449365574537224
"230721",0.00812953507121742
"230726",0.47402067453195
"230734",0.00791909744631658
"230735",0.0405387144723211
"230737",0.00430897088306237
"230738",0.227337979720307
"230751",0.00522205649300247
"230752",0.0661914523132535
"230753",0.00167413049668566
"230757",0.00863218177796642
"230761",0.0445477735937545
"230766",0.209609522427058
"230767",0.0107404403902156
"230770",0.0295823461769601
"230775",0.020164
"230777",0.11784130702398
"230779",0.148261903255111
"230784",0.0345403996778489
"230787",0.0879513323164432
"230789",0.00637584672095881
"230793",0.026662863576656
"230796",0.0179467386161462
"230801",0.0136200116249234
"230806",0.23053490220517
"230809",0.0101848216442758
"230810",0.16673666935582
"230815",0.0385577817694649
"230822",0.453377777777778
"230824",0.120118996767271
"230828",0.418245323275817
"230837",0.0243791561837195
"230848",0.0303767412652163
"230857",0.0105665439938917
"230861",0.0174355477495206
"230863",0.0168284939037973
"230866",0.00487120946331604
"230868",0.0629041373242738
"230872",0.0424159992248865
"230895",0.00275625
"230899",0.477146099158981
"230903",0.0155006699660461
"230904",0.0161796638943356
"230908",0.00767649035651296
"230909",0.403997453958832
"230917",0.0106126444336404
"230935",0.0019725023079066
"230936",0.0238265379047831
"230959",0.0262338022593361
"230967",0.00883256387956121
"230971",0.0977734894097601
"230972",0.475904737006052
"230979",0.136251975801178
"230991",0.0111733567191258
"230996",0.00790123456790124
"231002",0.0804662095673025
"231003",0.0112594129724185
"231004",0.243139390515164
"231014",0.0243134897438623
"231042",0.0159251852637197
"231050",0.00302311026086135
"231051",0.0167850654283948
"231070",0.017361218941781
"231086",0.00764507235006955
"231093",0.0166304948711124
"231103",0.381065349297141
"231123",0.0333546911016001
"231125",0.00459536215690112
"231128",0.0102279425781273
"231130",0.0314707534435927
"231134",0.0143106321352255
"231147",0.0651255764956771
"231148",0.00338717998836813
"231151",0.00727581684390288
"231162",0.650722210802981
"231207",0.0141579875020029
"231214",0.0122860741313171
"231225",0.00333263832235884
"231238",0.0275467785493827
"231279",0.0119757920968316
"231287",0.0318584566034362
"231290",0.395476484388923
"231293",0.670068721079221
"231326",0.00605720603591245
"231327",0.010357706241224
"231329",0.00404600544891007
"231380",0.0106622267392271
"231386",0.00761279916549219
"231413",0.00422352715978261
"231430",0.0173337298889818
"231440",0.0503956684714702
"231452",0.00547265151291356
"231464",0.0216756789338986
"231470",0.041259765625
"231474",0.00792727542221369
"231503",0.00818556624180455
"231506",0.00978024628166365
"231507",0.386555466002136
"231510",0.126672972358164
"231532",0.0121987079527734
"231549",0.0299193663927795
"231571",0.00857262495375129
"231580",0.0036430489448984
"231583",0.023213912184173
"231600",0.00479110915633857
"231603",0.411849772631891
"231605",0.0534246477105669
"231630",0.00961168781237985
"231633",0.0204868832048395
"231637",0.0143935664024035
"231642",0.0789948750969481
"231646",0.138925619834711
"231655",0.510804897410983
"231659",0.00922654160623027
"231668",0.0290490429891574
"231670",0.00777573225292074
"231672",0.00434408646548739
"231691",0.257842039808377
"231712",0.0061798606937419
"231713",0.00319357916873625
"231717",0.0186688082271926
"231724",0.0200318452582372
"231727",0.0732542755334778
"231736",0.330778313939787
"231760",0.0212973045936567
"231769",0.00674028628531696
"231798",0.0992724615256605
"231801",0.00843909347626376
"231803",0.00576680997372844
"231805",0.311342685221547
"231807",0.011738287454129
"231821",0.00960312696861623
"231830",0.102143864644033
"231832",0.630886779122034
"231834",0.0295608547544195
"231841",0.00957133969870607
"231842",0.107691128696377
"231855",0.011965821329264
"231858",0.0290601784905078
"231861",0.0241363874120289
"231863",0.0142704654256895
"231866",0.00539171388484682
"231868",0.0137385931768576
"231871",0.0103954615770044
"231872",0.0168991943077126
"231874",0.00462067969211765
"231876",0.0221928363670482
"231887",0.00519241826082853
"231889",0.0117462568734307
"231912",0.00197145780754631
"231915",0.00468288763780998
"231931",0.0522496195592258
"231946",0.334505570727488
"231986",0.00605661665587087
"231991",0.115983669501507
"231997",0.0226528393619561
"231999",0.00579671684932594
"232016",0.134167667483465
"232023",0.0125443590488525
"232035",0.0130682025714077
"232078",0.0182863478765719
"232086",0.0373666920280033
"232087",0.00430988136825395
"232089",0.00741577970596181
"232146",0.0167144321110018
"232156",3.21401614435131
"232157",0.00796236574872353
"232164",0.00363720905515995
"232174",0.348845691245328
"232187",0.00971311777791248
"232196",0.00583917131358198
"232201",0.0894281800111033
"232210",0.00968925323684118
"232223",0.0507726378740502
"232227",0.00811828441856271
"232232",0.0136856879605602
"232236",0.00659806482908253
"232237",0.0378781228213222
"232286",0.00487316076252783
"232288",0.0438024942667199
"232313",0.0310655170397278
"232314",0.00477838347678061
"232333",0.0198786409595983
"232334",0.0199049617993932
"232337",0.0085425431544311
"232339",0.00764256812480745
"232341",0.0162704835588417
"232345",0.251314058183672
"232370",0.0115468220991074
"232371",0.334726156030771
"232400",0.049005419306391
"232406",0.139087960955583
"232414",0.308887954159458
"232430",0.00405073299445265
"232440",0.00827465955516609
"232441",0.166749282200318
"232449",0.0416548748655636
"232491",0.00961168781237985
"232493",0.390022615334411
"232533",0.00856192262328659
"232536",0.0106119828823211
"232539",0.00542867437784291
"232560",0.014227028596313
"232566",0.0128742372890496
"232599",0.13138028423412
"232664",0.0136224293375873
"232670",0.0402119825524793
"232679",0.00713495534156464
"232680",0.10139395243256
"232685",0.0132364845843699
"232748",0.266939621665269
"232784",0.0087475557693275
"232785",0.011058809080096
"232790",0.196376883412914
"232791",0.0210904758706421
"232798",0.0178603576850386
"232801",0.499845808131506
"232807",0.00433142051208353
"232811",0.0308095801949479
"232813",0.0185138403654931
"232816",0.0738616955712582
"232821",0.00868356516622294
"232853",0.011470450215089
"232854",0.0106137117271312
"232855",0.0163231557941871
"232875",0.0120088614268388
"232878",0.0174416579669441
"232879",0.0236775773609744
"232889",0.417103940888477
"232906",0.00399564634374386
"232910",0.0188009112631201
"232933",0.0275935144203706
"232934",0.0102818161140233
"232941",0.388714077467722
"232943",0.0765792492385586
"232944",0.0140952073870554
"232946",0.02124416921035
"232947",0.00813751442299976
"232966",0.0312566771466072
"232969",0.0055454956994115
"232975",0.0171184551935186
"232976",0.0130782334202392
"232984",0.19550771327253
"232987",0.0242958594409904
"232989",0.00614871538620473
"233011",0.0290570282369812
"233016",0.0103795082410069
"233020",0.0294293986630509
"233033",0.0340440325652108
"233040",0.0230891569519817
"233045",0.396823407950776
"233046",0.0514665042879199
"233056",0.00760585899986373
"233057",0.00957676799450942
"233058",0.0118427007201107
"233060",0.00897949544860512
"233064",0.177978515625
"233065",0.00703578865365327
"233066",0.217183301102128
"233067",0.0291521828647267
"233071",0.0560458153495479
"233073",0.00566742599679791
"233079",0.397043194731405
"233103",0.00595144550382241
"233107",0.0306858468743608
"233115",0.0134210944892555
"233147",0.0123527120843457
"233168",0.00951752575009276
"233186",0.142517418857883
"233189",0.0117065305025531
"233199",0.568322805574481
"233204",0.00458201156811508
"233208",0.0114890771425369
"233210",0.0707816854759859
"233246",0.101624485212135
"233271",0.0178126553911781
"233274",0.0163402058672575
"233276",0.00405695971439004
"233280",0.00515399368567699
"233315",0.00980296049406921
"233328",0.0594568702013111
"233332",0.0372078641552217
"233335",0.0128380512580433
"233405",0.00594975670615135
"233406",0.0580496044457252
"233410",0.0135586337149203
"233424",0.0379001329085329
"233489",0.00384278639270403
"233490",0.00853335909815685
"233529",0.0724745978273649
"233532",0.00665157042426866
"233545",0.00603305923525835
"233552",0.0542910237061861
"233561",0.358675871765215
"233571",0.0923470814212282
"233575",0.00911985914470611
"233578",0.413839086415912
"233649",0.0419161005397291
"233651",0.0346611735224787
"233724",0.0074233311466625
"233726",0.00529961205724549
"233733",0.00516850018219627
"233744",0.053268021886059
"233752",0.0528744272374724
"233765",0.117420611131439
"233781",0.0304050425327533
"233789",0.00881056717694383
"233801",0.493284530298943
"233802",0.0033987780393308
"233805",0.00775125943245829
"233806",0.0337787473155272
"233812",0.0119751347905337
"233813",0.0434331105683867
"233824",0.00507527605819975
"233826",0.0491491530631286
"233833",0.00832061137844722
"233836",0.408726367726836
"233863",0.00700005538916628
"233865",0.00542510411513569
"233870",0.00367586725208655
"233871",0.0150897754571105
"233875",0.00916704391127207
"233876",0.00945945805039295
"233877",0.0082349422435402
"233878",0.00747975654004897
"233879",0.0219704863186072
"233887",0.0137007321951434
"233890",0.0244393031935848
"233893",0.0145138335492455
"233895",0.00767486701440511
"233899",0.0336399627334107
"233900",0.00441294759492942
"233902",0.0183607693758889
"233904",0.0177730284883372
"233905",0.0112124502844943
"233908",0.0136626946067478
"233912",0.0214158239143367
"233913",0.014692378328742
"233919",0.034925630589489
"233977",0.00538882611133833
"233979",0.0593215017979773
"233987",0.0197506153350517
"234023",0.00741425299483243
"234069",0.00456622336583904
"234072",0.348202361923013
"234076",0.00622779380161792
"234086",0.0233611666404618
"234094",0.0441943452834901
"234130",0.387266285651193
"234135",0.00661870157666137
"234138",0.0110803324099723
"234155",0.0520531459479893
"234199",0.387142846088905
"234214",0.0143064790615663
"234258",0.275710983260499
"234267",0.00747722755019469
"234290",0.138310224711427
"234309",0.0222793049138104
"234311",0.123284384155753
"234344",0.0118698436739693
"234353",0.0199442714995519
"234356",0.0199110648296825
"234358",0.0167353237591333
"234362",0.0103486268989941
"234365",0.0324108935024867
"234366",0.0131777730935116
"234371",0.008970987271552
"234373",0.00478318312637148
"234374",0.00454259745192782
"234378",0.00863218177796642
"234384",0.0167880231307087
"234388",0.0124713339689247
"234395",0.0415767593417259
"234396",0.447817824711764
"234404",0.384985841163077
"234407",0.00783042475705055
"234413",0.0102564863808381
"234463",0.00394282327259448
"234479",0.136449363912149
"234515",0.0250405360084052
"234542",0.111436711262216
"234549",0.00487605041652129
"234577",0.228567236480752
"234582",0.0800579945211492
"234594",0.00319263811283738
"234595",0.00871993919375842
"234624",0.355400622680172
"234663",0.00281221303948577
"234664",0.0097437974785895
"234678",0.0048875221694152
"234683",0.0587335521634064
"234684",0.0457467902252104
"234686",0.084636116087184
"234695",0.0433001100957405
"234699",0.00977826671199908
"234700",0.285589709342221
"234723",0.0217940890921008
"234725",0.0188510251134707
"234728",0.0121295797786602
"234729",0.0136214284206601
"234730",0.0111921295067828
"234733",0.00742711542131429
"234734",0.00383666420520185
"234736",0.00505455680555382
"234740",0.0113461446108973
"234776",0.00450617210042983
"234779",0.0331263560289482
"234788",0.302379397987842
"234796",0.0190221610195067
"234797",0.0122622210377042
"234814",0.00782070803009619
"234825",0.00749416194514149
"234839",0.0898818327636041
"234847",0.00600482019580343
"234852",0.00894378141209733
"234854",0.00918224126262803
"234857",0.0197561875380661
"234865",0.00351270751729851
"234875",0.00575084690491076
"234878",0.0467494521548576
"234889",0.0142656278450344
"234912",0.0165465478969197
"234915",0.0368843471777554
"234959",0.00412821769469533
"234964",0.12153260610142
"234967",0.00536728878208555
"235028",0.00634044357105864
"235036",0.010009747379813
"235040",0.00673869458676765
"235041",0.0344254442957466
"235043",0.0085541431798187
"235044",0.0131078023707833
"235047",0.0114952076714703
"235048",0.0270532639644609
"235050",0.012237926200341
"235072",0.00967255322957793
"235086",0.103294015603391
"235106",0.027200339134749
"235130",0.109746489415213
"235132",0.00343839145130434
"235134",0.0064816144785981
"235135",0.39867222184277
"235169",0.0111331469998219
"235180",0.00589431708934925
"235184",0.0129086026116338
"235281",0.0146417034968226
"235283",0.00475263210615744
"235293",0.00640953129392652
"235300",0.00839970935079424
"235302",0.527499258415571
"235312",0.125472360431776
"235315",0.00361806772570524
"235320",0.019151464463807
"235323",0.00730345963609849
"235330",0.0982858059540843
"235339",0.00925131664684648
"235344",0.0124151341721724
"235379",0.0685900112761356
"235380",0.00607787418707169
"235386",0.0338519664540651
"235402",0.0262228202176007
"235406",0.0258134054037654
"235415",0.250715000349996
"235431",0.0140032907141323
"235435",0.353268560781895
"235439",0.00211625362579385
"235441",0.0133756007263872
"235442",0.0127963318654761
"235459",0.0113414560841808
"235461",0.006707399194369
"235469",0.0133221765078488
"235472",0.0631215299314768
"235493",0.0102238140132089
"235497",0.00473895281362522
"235504",0.0114519854643283
"235505",0.162145317905169
"235527",0.039524385987402
"235533",0.0270115312071331
"235534",0.0142501807541131
"235542",0.00446383131105531
"235559",0.00536565678428969
"235567",0.00351381566474549
"235574",0.00418831106155358
"235582",0.0311726791642085
"235584",0.0175025211892249
"235587",0.0790594618436696
"235599",0.046306681621535
"235604",0.0193983107867772
"235606",0.0110907138485022
"235610",0.0139814645726808
"235611",0.0307818499355708
"235623",0.0125768874325681
"235626",0.0131330880377752
"235627",0.0312832616039613
"235631",0.311262173157765
"235633",0.0310438050064922
"235661",0.00712272844937295
"235674",0.392332969644346
"235682",0.00582771886208287
"235779",0.446547325088175
"235907",0.00936718140566762
"235956",0.0254459291787025
"236069",0.371070054426107
"236082",0.0439670824670365
"236193",0.0200203232189972
"236266",0.0084406098215735
"236285",0.0422650010860476
"236293",0.318772000016859
"236366",0.378459955885969
"236451",0.43775009146189
"236511",0.0199150983353857
"236539",0.0199706491057134
"236573",0.0333966867070196
"236576",0.0321328018620851
"236598",0.200996251872475
"236604",0.0175304015132715
"236643",0.0255136836804286
"236690",0.0434214275907661
"236727",0.00347100220147885
"236732",0.00365381327909021
"236733",0.0115880720209725
"236781",0.393630322024555
"236790",0.00937687476809227
"236792",0.00740219949679409
"236794",0.00799926851415126
"236848",0.00492459218220991
"236899",0.00889577940929905
"236900",0.00757656307202821
"236904",0.0107571140754597
"236915",0.00311156359832192
"236920",0.0494050283572645
"236930",0.316841322138378
"237010",0.0231499391096867
"237038",0.600669937060044
"237052",0.011736720486404
"237073",0.0259417492487191
"237082",0.00815372250414075
"237091",0.809869204906759
"237107",0.00379882181063496
"237175",0.105493992260666
"237178",0.26919757123009
"237211",0.0331046753856997
"237213",0.0391731489289931
"237221",0.0206924313523904
"237222",0.010561645764268
"237253",0.00846425266237302
"237300",0.251639339871049
"237313",0.526312066481995
"237320",0.32339677219115
"237336",0.00434909756732574
"237339",0.00949882759153804
"237353",0.014151269330164
"237360",0.311783349223118
"237362",0.169412500836274
"237387",0.0222116580846974
"237397",0.0994000771604939
"237400",0.0240784780023781
"237403",0.0514401105324689
"237411",0.0163761981499835
"237412",0.0352293019283586
"237422",0.00278698240098946
"237433",0.101898654363706
"237436",0.0362671655505275
"237459",0.011611920332937
"237465",0.0945520715163328
"237500",0.0152798045869753
"237504",0.196519831363541
"237523",0.401253766435354
"237542",0.00587353108435666
"237553",0.0646402204359287
"237558",0.290805967837083
"237560",0.23096172810302
"237611",0.214055485349456
"237615",0.0201222835794996
"237625",0.0534735917036449
"237636",0.172696701581494
"237711",0.0103921198981996
"237716",0.01031494140625
"237730",0.0127372802986707
"237749",0.442852066396802
"237758",0.03207360255956
"237759",0.155737077630127
"237761",0.035762381076277
"237775",0.0281373569198751
"237781",0.011919219512359
"237782",0.00252982080993555
"237806",0.0258872879953433
"237823",0.00866791904839793
"237831",0.0142167121288987
"237847",0.0183500269835782
"237858",0.191785617504411
"237859",0.0104166588473892
"237860",0.0117484179511215
"237868",0.0141387809320209
"237877",0.0129371046965767
"237880",0.282830578512397
"237886",0.207779876310961
"237887",0.406865890400933
"237891",0.134708125566591
"237898",0.00332224151234568
"237911",0.198301473098175
"237926",0.0107170739567731
"237928",0.061583651189584
"237930",0.826358157271382
"237940",0.0300572675106427
"237943",0.00697262231952244
"237979",0.0397367154573087
"237987",0.491023247308635
"237988",0.00677183899542732
"238021",0.170186639114553
"238023",0.00937223352515791
"238024",0.00571302523033507
"238037",0.00800305589401849
"238055",0.33152209065749
"238057",0.437311438321913
"238076",0.0363198893827161
"238123",0.0055548960271697
"238130",0.0135584671414314
"238161",0.00369519915663731
"238205",0.00433811499706124
"238247",0.00571993503283666
"238252",0.00972029359254116
"238266",0.0104033394600259
"238271",0.0474764625471241
"238276",0.0108081248561576
"238317",0.0245241568703561
"238323",0.0136580884153007
"238328",0.0134425540852762
"238330",0.0141451072967221
"238331",0.100352653845939
"238333",0.0277307565796418
"238377",0.0333986232463993
"238384",0.0494888687133789
"238386",0.00454944360076275
"238455",0.655941028486216
"238505",0.00661527369748409
"238555",0.0764022259242428
"238663",0.466478916011339
"238673",0.0638606017808297
"238680",0.0594712326314058
"238690",0.0127362137800122
"238692",0.014415270412501
"238693",0.02009112469508
"238722",0.0129087293703334
"238725",0.0657422107376561
"238799",0.00839966650212999
"238803",0.205457317923364
"238831",0.0105215973423698
"238871",0.0177327992308925
"238880",0.350919229766721
"238988",0.00972064873986957
"239017",0.0167011413170924
"239027",0.0477404735937603
"239083",0.628307697553435
"239096",0.102352333295188
"239099",0.0090702947845805
"239102",0.0249723353932634
"239114",0.0329715946521817
"239122",0.0192383726458768
"239126",0.444040716033205
"239133",0.0469628233987343
"239134",0.577739258321149
"239157",0.0142065499502834
"239167",0.281282958852196
"239170",0.0181509966522252
"239188",0.00406307943745446
"239217",0.0120960553125856
"239250",0.336478418746948
"239273",0.0127713253630771
"239283",0.466134413482172
"239318",0.104245613864556
"239319",0.129087236701499
"239336",0.206046060142328
"239337",0.155174810757985
"239364",0.00563379937292194
"239368",0.0846071113630638
"239393",0.0100660791154151
"239405",0.0575163962579706
"239408",0.0112330336241607
"239410",0.0179043484346345
"239420",0.0122120687510282
"239435",0.0905398908109583
"239447",0.248180483055891
"239510",0.0127943617119512
"239528",0.024514612244898
"239530",0.396047504408275
"239546",0.0322261229560773
"239552",0.0353732111548077
"239554",0.025806035386526
"239555",0.0045328889324576
"239556",0.066846188917611
"239559",0.0690312744934175
"239570",0.0116822285574853
"239591",0.0823574253979059
"239606",0.0225427553347781
"239618",0.0360770239978046
"239647",0.0284076181355301
"239650",0.0269750005587856
"239652",0.0115126821635677
"239659",0.411921255458767
"239667",0.00692084032435587
"239673",0.368957487894601
"239691",0.0708532502287029
"239706",0.00867155750597414
"239719",0.0348121123097775
"239731",0.0538946108897861
"239743",0.044125952625597
"239759",0.236347488544906
"239766",0.583004897820945
"239789",0.0840334855237849
"239796",0.0242677757201958
"239827",0.0589875040467854
"239833",0.0111520882877527
"239839",0.0273111975936113
"239845",0.0999751830825047
"239852",0.0775172414337049
"239857",0.0396201669323054
"239985",0.00678200692041523
"240023",0.13198834498562
"240025",0.0148610583521223
"240028",0.00575447413506596
"240034",0.0136717677923015
"240038",0.032313504826795
"240041",0.0261501361230497
"240047",0.50840196291534
"240054",0.232281596639272
"240055",0.0330817154159288
"240057",0.0230361514081785
"240058",0.0403245116651453
"240063",0.0319895232917529
"240064",0.00581654557982412
"240066",0.00962416834059943
"240067",0.00641455566605795
"240068",0.0114727389629139
"240069",0.0334969486773857
"240084",0.0585024718652711
"240087",0.0211603101732186
"240095",0.0539171405829432
"240119",0.0167844088577095
"240120",0.0246013911994812
"240121",0.0108201075831392
"240168",0.0338614723400727
"240174",0.00579143352685646
"240185",0.0482688273427786
"240186",0.0177198225505563
"240215",0.471740801440112
"240216",0.334891635446938
"240239",0.0559368660539043
"240255",0.00617108649888884
"240261",0.0212651381543166
"240263",0.00960092745742988
"240283",0.00963678593270135
"240322",0.589876142595064
"240332",0.0512451854483968
"240334",0.0155491812683375
"240354",0.0211795969665327
"240396",0.00851445768303995
"240411",0.443867752144797
"240427",0.0175083700949072
"240442",0.00492183111576945
"240444",0.0244634527902382
"240476",0.00838266578340058
"240479",0.0182852184190112
"240505",0.0458135907299681
"240514",0.0145083486268844
"240518",0.0163867405249391
"240549",0.37694117616788
"240590",0.26493123754385
"240595",0.37374578743524
"240613",0.00347120906045954
"240614",0.00864713743934212
"240638",0.159461531652264
"240641",0.108341396150531
"240660",0.0374609781477627
"240665",0.0164995834159889
"240667",0.289016584834489
"240672",0.168765522279036
"240675",0.261866499194973
"240690",0.0309370557265385
"240697",0.0428516369832447
"240725",0.884246955226712
"240726",0.0375185160697888
"240752",0.0303177346390235
"240753",0.0264495860315274
"240754",0.539194542800083
"240756",0.0096496924719378
"240776",0.014809652398736
"240816",0.0734331680932108
"240817",0.25348914134722
"240819",0.398639880712572
"240832",0.0032091071262295
"240843",0.115640231684882
"240869",0.0125086565096953
"240879",0.219666677039026
"240880",0.0047542308341994
"240888",0.124222787063371
"240892",0.287190735961966
"240913",0.100180961198552
"240916",0.550097969164564
"240960",0.140688710498673
"241035",0.412668183625918
"241062",0.0303533827160494
"241066",0.00749387391401203
"241070",0.237885855364327
"241073",0.418063926651093
"241075",0.00494792147531231
"241112",0.371388643534285
"241113",0.40045166015625
"241116",0.559596779039721
"241118",0.0719428129435864
"241128",0.411490890236732
"241134",0.0316896110788723
"241158",0.0623609014023018
"241159",0.0179523019932235
"241175",0.060960271013195
"241201",0.125563919285358
"241226",0.0636523183515602
"241230",0.0871886495498942
"241263",0.0131280369742331
"241274",0.0117313583434661
"241289",0.0144555447893348
"241296",0.00978975219505018
"241303",0.0270904358209532
"241308",0.0071070362766191
"241311",0.0364263095152439
"241322",0.0158119576708383
"241324",0.0949574622445602
"241327",0.0949077371297475
"241391",0.401041367267507
"241431",0.509021685548826
"241447",0.00823548287497311
"241489",0.165400645082586
"241490",0.00583003712781189
"241494",0.0552166964252269
"241514",0.0272062338451206
"241520",0.00426488962932112
"241525",0.0194065040281608
"241528",0.0975966636807927
"241547",0.0145194406280102
"241556",0.043093844459266
"241568",0.0120889657274527
"241576",0.0246256252399838
"241589",0.0184935392393302
"241593",0.319061484365545
"241612",0.13925057926487
"241624",0.0475865041243406
"241627",0.0183805151560473
"241633",0.434740152034973
"241636",0.469441967737428
"241638",0.0196468308805331
"241639",0.134455362238414
"241656",0.00663377080731353
"241688",0.0123274094195653
"241694",0.0280724512967212
"241727",0.0406409088514586
"241732",0.0161607421355407
"241764",0.027530461008961
"241770",0.0171071598143888
"241794",0.0829960140919452
"241846",0.00734835730884194
"241877",0.352575409543562
"241915",0.0121175129635753
"241919",0.0106320913896111
"241944",0.00492409425827684
"241950",0.0185057823125166
"241989",0.2435164856212
"242022",0.029929165050315
"242037",0.142467104001859
"242050",0.0236081924338958
"242083",0.011007491592289
"242109",0.00786894784301968
"242125",0.467020627410332
"242126",0.00969448022839924
"242202",0.0138722313658899
"242235",0.347296412740081
"242248",0.126734070032195
"242253",2.22473840591183
"242259",0.0304419679501317
"242274",0.0121839822765881
"242291",0.00446531035212594
"242297",0.00546452326099881
"242316",0.346552149987322
"242362",0.0106538973803835
"242377",0.0275477350596581
"242384",0.0551577297492674
"242406",0.0113388256406851
"242408",0.517262389503136
"242409",0.0236237483302068
"242418",0.00557070869405949
"242425",0.0125488966526322
"242443",0.032944736348283
"242466",0.0482656281977741
"242474",0.00869531317023649
"242484",0.33417367886728
"242505",0.4046515977877
"242506",0.024915758746211
"242509",0.57562674619538
"242521",0.00487933482604978
"242523",0.308339298067526
"242546",0.357830229883118
"242553",0.040626366789986
"242557",0.00613487702206796
"242570",0.099856
"242584",0.0333704532950463
"242585",0.0199947277901763
"242594",0.356578606778264
"242602",0.33365824099723
"242608",0.455363665127008
"242620",0.0382704768730031
"242642",0.0599686193837037
"242653",0.119612517165691
"242662",0.0955953602251941
"242667",0.0367961746094682
"242669",0.00670529342585694
"242681",0.0692209355379595
"242687",0.0181995372018512
"242691",0.0330578512396694
"242700",0.512932673682851
"242702",0.0862890625
"242705",0.0884503242908852
"242707",0.369982958449322
"242721",0.0466485359356997
"242735",0.474432436195299
"242736",0.0125248917517906
"242747",0.0161535900104058
"242748",0.0244918348823956
"242773",0.0146269855322501
"242785",0.0128790733510738
"242800",0.0414462679500588
"242819",0.00588881412855327
"242838",0.334609893328265
"242860",0.0164555433660877
"242864",0.0237761015214854
"242891",0.228039773072982
"242894",0.00892153222066205
"242914",0.344547166297245
"242915",0.0218666345055266
"242960",0.00577754630296839
"243025",0.422791530093105
"243043",0.0724973006778747
"243078",0.402489621305773
"243197",0.214019400967368
"243219",0.0355316477661301
"243270",0.281614701433051
"243272",0.00273323096605919
"243274",0.0494881501609285
"243277",0.424586539245965
"243300",0.00975461057765585
"243308",0.00841444425020557
"243312",0.0395999255761269
"243328",0.0384467512495194
"243339",0.0308998919206431
"243362",0.0171947748687151
"243369",0.152584399929708
"243371",0.0119077243586512
"243372",0.0163209066739118
"243373",0.00636870650794274
"243374",0.0791376613301064
"243382",0.00864041296046493
"243385",0.0531768640449103
"243407",0.591688248634813
"243499",0.0871969018180273
"243510",0.0327038987825455
"243529",0.0346536653293784
"243538",0.0912797391504933
"243547",0.0374875509280217
"243548",0.00611183198460113
"243574",0.0239586196752788
"243612",0.47056253718025
"243616",0.0217755895018867
"243621",0.0439461562471859
"243634",0.226582895480258
"243653",0.121068562705937
"243659",0.518151753864447
"243725",0.0090443054145987
"243743",0.0291622939184075
"243753",0.26722509743248
"243755",0.472803498759459
"243764",0.108721694667641
"243771",0.0146130871442966
"243780",0.0140597717530109
"243813",0.0259652748141327
"243819",0.0101808789166022
"243833",0.013523577691698
"243834",0.00664006043738565
"243842",0.0464749941246101
"243846",0.0117361111111111
"243853",0.00924556213017751
"243864",0.0860529748872919
"243866",0.353364197530864
"243867",0.015625
"243897",0.188995634278506
"243905",0.0163152037211272
"243906",0.0127153222651474
"243910",0.0613305098021712
"243911",0.0205417807692675
"243912",0.0315901159300235
"243914",0.0195369392047355
"243923",0.416034571816769
"243931",0.193989324967682
"243937",0.0161196924426414
"243961",0.0432688479143868
"243963",0.0957001253198213
"243967",0.172872664737303
"243983",0.0106531491174031
"243996",0.364359193389715
"244049",0.103150423182773
"244058",0.0551215985559901
"244059",0.00326139518623238
"244071",0.330700172842698
"244091",0.134285324532432
"244141",0.00890630453486579
"244144",0.0139220251746293
"244152",0.150909856093869
"244180",0.353557421401094
"244198",0.0432608890486815
"244202",0.512484552134824
"244209",0.2090971006251
"244216",0.00766834040474955
"244219",0.0112680456557895
"244233",0.285433595645011
"244234",0.537777777777778
"244237",0.264434393570514
"244238",0.0426792813566944
"244281",0.0736133645814554
"244310",0.0255513076667503
"244329",0.00353378650497622
"244349",0.0124248744845567
"244373",0.00297896050620308
"244416",0.186042910858879
"244418",0.0358377769564004
"244421",0.0183265862541348
"244431",0.14092693228025
"244484",0.00720950251506426
"244548",0.0128900846237626
"244550",0.444564572680789
"244551",0.171564442926488
"244556",0.028517615709549
"244562",0.155723223854413
"244579",0.0544444444444444
"244585",0.0077398715181328
"244608",0.16991692105911
"244631",0.013255095322551
"244646",0.0257263203196259
"244650",0.00824182820825999
"244653",0.488011794353307
"244654",0.0256181335216557
"244666",0.00972342959260439
"244667",0.0350224489795918
"244668",0.0671445956038346
"244672",0.0107928241772296
"244682",0.080869140625
"244694",0.0831333228183905
"244713",0.00611356669884333
"244721",0.0090320081208736
"244723",0.0541452997112952
"244745",0.0398304379056026
"244757",0.0877981200971362
"244810",0.274063737581195
"244853",0.0126319461169846
"244864",0.0495030288099672
"244867",0.0447123407999007
"244871",0.0100603988136697
"244879",0.00684851268953674
"244882",0.155087797764925
"244885",0.102404769057016
"244886",0.0291773764912724
"244891",0.00470453295398854
"244895",0.0683222586970227
"244911",0.355151570489408
"244923",0.399760917523798
"244954",0.169630519021816
"244958",0.157757791814216
"244962",0.00628329672578539
"245000",0.00858240333194617
"245007",0.0025
"245020",0.0141382059670532
"245026",0.341589728077297
"245038",0.0596172755646956
"245049",0.00880524116661829
"245050",0.0160792857902009
"245174",0.0219979044089074
"245240",0.11115131413606
"245269",0.00653054833131357
"245297",0.0807182076494053
"245305",0.0283458987778679
"245350",0.0237601119692002
"245368",0.0238470219937288
"245386",0.062637287163477
"245403",0.118501140055081
"245404",0.0171333809414865
"245424",0.484521030335043
"245440",0.0388383970811589
"245446",0.0157528113286131
"245450",0.0156140638673516
"245468",0.0205541411915201
"245469",0.00794751751745725
"245474",0.00630935336293778
"245522",0.00847249988788227
"245525",0.323195052402811
"245526",0.517713116829478
"245527",0.290876010177157
"245532",0.282478539240722
"245537",0.0117119934864836
"245555",0.00862531429451087
"245578",0.0529215984482797
"245595",0.0222057481451292
"245596",0.026242588042134
"245607",0.0196837705326055
"245615",0.506992057977278
"245622",0.017184446444136
"245631",0.0645268680987152
"245638",0.035943642100902
"245643",0.0731714851650299
"245650",0.05502210028959
"245666",0.034823399936729
"245670",0.00673511674054503
"245671",0.0276077968747627
"245683",0.0219840466387478
"245684",0.00554350205227242
"245688",0.00618656128193922
"245695",0.0230915344537493
"245827",1.12110726643599
"245828",0.00951906343389655
"245841",0.0176517903797177
"245847",0.0176886041688811
"245857",0.0100460601463372
"245860",0.00983945922947041
"245865",0.196262029628028
"245866",0.00396914433120902
"245867",0.00614129984552334
"245877",0.0130737422347751
"245880",0.00865869502305906
"245884",0.216079711914062
"245886",0.0125734141040257
"245902",0.0252442405735891
"245944",0.00849437772345626
"245945",1.10547337421462
"246048",0.667231558326509
"246049",0.373387133218407
"246102",0.0287962122601722
"246103",0.00539668730501869
"246104",0.0365004002658159
"246133",2.67757497779907
"246154",0.0732312555068874
"246177",0.431471125259966
"246179",0.00302530744213208
"246196",0.0101788340128028
"246198",0.0250504632265411
"246221",0.00737312207436555
"246228",0.0270656823355735
"246229",0.00747533724176289
"246256",0.415682876104611
"246257",0.00600428241619733
"246277",0.0087030989529849
"246293",0.0046048908507669
"246313",0.0532427271633445
"246316",0.0371477169876096
"246317",0.0515332738033129
"246691",0.414557823777864
"246694",0.005625
"246696",0.00483356009070295
"246703",0.00294261559047807
"246707",0.0904260349077008
"246709",0.326887229818389
"246710",0.0169012151643883
"246728",0.35819997725112
"246730",0.25441631840105
"246735",0.357019474669366
"246738",0.012453779964557
"246746",0.264990243137653
"246782",0.00891450694444444
"246788",0.0959509771951129
"252837",0.116088473614524
"252838",0.197335916403633
"252864",0.0220581219386186
"252870",0.00189646201873049
"252875",0.0102162099664701
"252876",0.0136787240946495
"252903",0.132744974355844
"252966",0.0137141019354725
"252967",0.277990537368126
"252972",0.0259567901234568
"252973",0.0506143864384943
"257632",0.438458728999269
"257633",0.0113633435543302
"257635",0.0522780851255435
"257871",0.339734214564809
"257882",0.115169632071415
"257926",0.292669149472763
"257931",0.423365711264659
"257947",0.290456097866013
"258055",0.42737234005678
"258064",0.460749802135371
"258201",0.495405774208276
"258322",0.401808203228861
"258352",0.171626370350837
"258380",0.405838491737245
"258405",0.316456320221863
"258463",0.423661511479592
"258513",0.316227059149848
"258571",0.45267606731385
"258745",0.283911027882107
"258750",0.482302521655765
"258783",0.46250047744624
"258922",0.441626242072868
"258938",0.254016
"258956",0.430960055847653
"258962",0.145515624703678
"258963",0.10927307645611
"259051",0.378673117093862
"259063",0.245325220001444
"259097",0.152927041242416
"259108",0.73737679760402
"259116",0.384895871480625
"259161",0.314746369473207
"259172",0.962310926405435
"259277",0.293315978642751
"259279",0.0032734338258954
"259300",0.0409618894938176
"259301",0.409083939002639
"259302",0.0120045368620038
"260297",0.019444238344738
"260299",0.00919744522992948
"260301",0.523183179704373
"260302",0.00717916974432065
"260305",0.0183630722992457
"260315",0.0108785653958672
"260408",0.372427493263657
"260409",0.0684146245038373
"260423",0.0237681317965561
"263406",0.0376195207991947
"263764",0.00719926538108356
"263803",0.194180829991805
"263876",0.0154498223120231
"264064",0.00513070081423995
"264134",0.0110803324099723
"264895",0.0303471007008073
"266614",0.0746807668129287
"266632",0.065098477535606
"266645",0.211733946275166
"266690",0.00848120190285679
"266692",0.00493970764139975
"266781",0.00290641803253043
"267019",0.00493906219717559
"268281",0.00960691833580651
"268288",0.486973192696386
"268291",0.0309504246605094
"268294",0.00518672054574169
"268297",0.333913574508666
"268301",0.0343654521716416
"268319",0.0375510029165478
"268345",0.0757036161260136
"268354",0.0349133750793214
"268373",0.00486042879993924
"268379",0.375216723037921
"268390",0.00769774425477307
"268391",0.0443505731348149
"268395",0.0096748185971513
"268396",0.033908254309139
"268417",0.0230639562972216
"268420",0.00674519538535903
"268445",0.0177021679632679
"268448",0.0170132325141777
"268449",0.00654113979501861
"268451",0.00426453798010317
"268465",0.4354877791716
"268469",0.00679701965942062
"268470",0.0056887033678278
"268480",0.0267029267846382
"268481",0.0257397540784736
"268482",0.0908086775587966
"268490",0.010860861409869
"268491",0.116776367747073
"268510",0.041517504294307
"268512",0.0292986338338541
"268515",0.043599697775205
"268527",0.830477431106083
"268534",0.0293960436778416
"268564",0.042089122082105
"268566",0.00328449882175637
"268567",0.00574821649792815
"268595",0.0191209126648687
"268656",0.0101873425941304
"268663",0.221543464652145
"268670",0.0133342484337462
"268697",0.346848100353086
"268706",0.0118147448015123
"268709",0.0275302306924976
"268721",0.0117271744191746
"268729",0.823047977824073
"268739",0.0227636765843394
"268741",0.0030569297008515
"268747",0.0230368512831504
"268749",0.0190443752567772
"268752",0.00629881582262535
"268755",0.00767129991489578
"268759",0.0925467829503214
"268780",0.0642917860762311
"268783",0.0114721411850817
"268807",0.210101247849939
"268816",0.205298602600233
"268822",0.019783804224378
"268857",0.0538686794694228
"268859",0.0168027374491455
"268860",0.0130765024202653
"268878",0.0272336226293996
"268880",0.0113794729806328
"268882",0.011627095519807
"268890",0.00765625
"268902",0.0102933829767179
"268903",0.0139569888676591
"268930",0.0645659768879333
"268932",0.0226188901497483
"268933",0.0049519890260631
"268934",0.223216077984145
"268935",0.0308983099242028
"268936",0.0220661590816659
"268949",0.41698959646674
"268958",0.237878591440904
"268970",0.275767749566582
"268973",0.354285992374915
"268977",0.0220301462478273
"268980",0.00383088071330343
"268996",0.0252090992393294
"269003",0.0176598492290372
"269016",1.14117811506249
"269019",0.119614753123141
"269023",0.00618267765861073
"269033",0.0114279091130089
"269037",0.0130679510118885
"269053",0.313324280541154
"269060",0.0196117726553394
"269061",0.00450219514737344
"269109",0.0501525340819296
"269113",0.0065237952034836
"269116",0.0210660893062637
"269120",0.201618608227605
"269132",0.0290130037389166
"269152",0.0662952461830667
"269180",0.00483864624432795
"269181",0.00414726668597468
"269198",0.0135807461208767
"269209",0.0705012570019456
"269224",0.0389084335794584
"269233",0.00882843115174992
"269252",0.00253792613365988
"269254",0.00187920114538086
"269261",0.00886508313093189
"269275",0.0434144475438816
"269295",0.0234996697173337
"269328",0.0754314620115056
"269336",0.0107498415239441
"269338",0.00195498219065529
"269344",0.173757516884539
"269356",0.353584425001793
"269378",0.00899730540150622
"269389",0.0761695345442229
"269397",0.00843626606520208
"269400",0.0082030552494012
"269401",0.0107101542386627
"269423",0.00576884526634358
"269424",0.00696252269652003
"269437",0.0555251633357953
"269470",0.00844411979547115
"269473",0.003501726766735
"269513",0.0368714818333134
"269514",0.00730996729134931
"269523",0.00187939202896289
"269529",0.0132177589439685
"269536",0.00738700926993891
"269582",0.137384193755169
"269585",0.0177402719279314
"269587",0.0909233252414494
"269589",0.594559537258407
"269593",0.00605973681379755
"269604",0.0650014222169483
"269608",0.0371128892733564
"269610",0.0248426397402747
"269614",0.00568074416569896
"269615",0.140633846982587
"269623",0.0129202136522859
"269629",0.0188081632653061
"269630",0.00996089935317344
"269633",0.11192735160857
"269639",0.00586672249002444
"269642",0.0214976729661252
"269643",0.0034332936042774
"269682",0.00345645874207921
"269683",0.48704498537864
"269693",0.915981405270584
"269695",0.015910382231405
"269700",0.0277248828497066
"269701",0.0779342840728975
"269702",0.0108411574689047
"269704",0.0041016024790215
"269713",0.0111743552021235
"269717",0.018595041322314
"269774",0.00744933390022676
"269784",0.0823682060876668
"269788",0.0102030405060708
"269799",0.312357486688797
"269800",0.0117641455722548
"269823",0.231800903318797
"269831",0.0124036398670165
"269854",0.00551095516866574
"269855",0.132423783495782
"269870",0.0144625940425187
"269878",0.0258520153333061
"269881",0.0162103340437132
"269902",0.13256529240257
"269941",0.0106113971237575
"269951",0.0107385433165991
"269952",0.0144869548855595
"269954",0.369115782403016
"269955",0.0124104856150018
"269959",0.0617241540801957
"269966",0.00380395364030459
"269994",0.132699831123565
"269997",0.0201281917790277
"269999",0.0219688446666431
"270028",0.00423632645041659
"270035",0.0127630973779868
"270049",0.070770385380029
"270058",0.0191981900874931
"270066",0.00728901880585083
"270076",0.00434794236367829
"270084",0.0125660575349391
"270086",0.00374104599845085
"270091",0.683001923867983
"270096",0.0124338096952597
"270097",0.190714629065855
"270106",0.00444444444444444
"270109",0.0338300884959478
"270110",0.00976425190207627
"270118",0.0606591587493066
"270120",0.0502614947597686
"270151",0.0203169858819127
"270152",0.333521527952745
"270156",0.0123507800055822
"270160",0.0758776460256324
"270162",0.00960486919926647
"270163",0.00486328014089627
"270166",0.00535214024733764
"270190",0.0319801386995246
"270192",0.0186756474150412
"270198",0.0149550939815392
"270201",0.0134799204441436
"270210",0.0116109848496373
"270624",0.0791530035917987
"270627",0.00206611570247934
"270669",0.0103288838791642
"270672",0.159438695398308
"270685",0.0325948867786706
"270802",0.0251350346681216
"270893",0.0541732396633797
"270906",0.391072664942741
"271005",0.0059234213075987
"271127",0.223985862415794
"271144",0.216139181403582
"271221",0.0582901075938578
"271278",0.42840808492733
"271305",0.0504594728758855
"271377",0.0032444856462011
"271424",0.153151454266023
"271457",0.00654897014201006
"271508",0.139229226999332
"271564",0.0117869114070338
"271639",0.0552851195041028
"271697",0.661062064535351
"271711",0.00537101085662349
"271786",0.0271756659738235
"271813",0.10653467199476
"271842",0.0142152384811097
"271849",0.0194279319864771
"271944",0.177038598967749
"271970",0.113550834866026
"271981",0.00156488691231814
"272009",0.00970289264848204
"272027",0.00903538820364307
"272031",0.0380279279842906
"272158",0.186558013498803
"272322",0.0185250787425514
"272347",0.007484181121636
"272359",0.00976897939939758
"272381",0.0085414459105018
"272382",0.325051426774915
"272396",0.00695142203199178
"272411",0.14326196699773
"272465",0.0206281299035174
"272538",0.00944392052718797
"272551",0.081824166550991
"272589",0.00779667649541673
"272636",0.140760627132014
"272643",0.309883102206834
"272667",0.155588612215062
"272790",0.0274596249543462
"276770",0.00351325208386535
"276829",0.074198056307127
"276846",0.013756263455589
"276852",0.0128723693095982
"276905",0.0188951190371523
"276919",0.00689675156505623
"276920",0.818704934812502
"276950",0.130506290945972
"276952",0.0261601509071784
"277010",0.019947554977427
"277154",0.0486854398531364
"277203",0.537892613946098
"277250",0.00963016547778618
"277328",0.768505994632964
"277333",0.0287833572973525
"277353",0.542360030816148
"277360",0.0302875370104698
"277396",0.00482750382686199
"277414",0.0317212396941347
"277432",0.0370956909342226
"277463",0.00268179181398158
"277468",0.0177923886485627
"277692",0.117940584417619
"277743",0.140840269773318
"277744",0.142163422411254
"277773",0.0585428230215875
"277854",0.00345673089063407
"277939",0.0103926132867599
"277973",0.0202658225434298
"277978",0.0841303692332995
"278097",0.0261532127363338
"278240",0.0415668457240754
"278279",0.0160313549532947
"278304",0.163497164461248
"278507",0.685083717198903
"278672",0.463671626504526
"278725",0.415994139328312
"278795",0.0497083751374148
"279028",0.156502837821519
"279029",0.398452378018602
"279561",0.00798468506898461
"279572",0.0387088162179195
"279610",0.129852885245054
"279618",0.0588030462242757
"279653",0.0203059095809776
"279706",0.187271711747362
"279766",0.0127010783144794
"280287",0.430107377694455
"280408",0.163767228982963
"280411",0.0121692858005209
"280621",0.434400826446281
"280635",0.427097501764777
"280645",0.0239725903326542
"280667",0.233666652557466
"280668",0.0255480514822759
"282619",0.016530612244898
"282663",0.834386429007532
"286940",0.00685675679349045
"286942",0.0596467824107676
"317677",0.38900843661153
"317717",0.0126655222203123
"317750",1.04223970143991
"317757",0.388935948048401
"317758",0.251217351011309
"319148",0.128884918768418
"319149",0.0276543211404094
"319150",0.146012446035524
"319151",0.0197816852123983
"319152",0.0387630688590463
"319153",0.0311026161214784
"319154",0.029421660787254
"319155",0.0187461771255799
"319156",0.0197932916915739
"319157",0.0263850048692977
"319158",0.0195086093210499
"319159",0.050256647187632
"319160",0.0252294917861049
"319161",0.0192290530743448
"319162",0.012813277216334
"319164",0.0373324312453666
"319165",0.0668813569885297
"319166",0.0588286377738011
"319167",0.615437025400583
"319168",0.615948061571295
"319169",0.0209734135587185
"319170",0.94570517770871
"319171",0.756267593416022
"319172",0.0505048987603041
"319173",0.165825273674142
"319176",0.0374087768259049
"319178",0.0195506354991787
"319179",0.0204564380284917
"319180",0.0638698959180682
"319181",0.0191448123096396
"319182",0.102508683556224
"319183",0.0667202243978159
"319184",0.0671390684445188
"319185",0.0584893253310499
"319186",0.0613986999765056
"319187",0.047798645715411
"319188",0.166669035223203
"319189",0.0209435766262729
"319190",0.0181647147404887
"319191",0.0467860968347402
"319192",0.251067994512443
"319195",0.00657065918161484
"319196",0.0603262542320714
"319197",0.0642329502665247
"319200",0.027514404779032
"319207",0.061733334429994
"319211",0.00857695710222074
"319213",0.465484255546534
"319215",0.0811090884913957
"319216",0.285920158930441
"319224",0.45438551530366
"319229",0.1074994772382
"319236",0.0229039247829914
"319239",0.895774727897651
"319245",0.287024870597783
"319247",0.0625
"319251",0.0587088971782547
"319259",0.324824076748075
"319262",0.01514038614396
"319263",0.00585379036980316
"319266",0.0206243541682227
"319272",0.216480477144092
"319277",0.00745942169634973
"319278",0.00578441062866417
"319293",0.288835808684849
"319314",0.450444706566664
"319317",0.0243816293418395
"319322",0.00266942699718066
"319336",0.129309796694891
"319352",0.0467943907819101
"319370",0.0108463275285235
"319371",0.0182713435718736
"319387",0.0134732402288537
"319403",0.391979383930323
"319405",0.281177048193997
"319415",0.0383040816326531
"319430",0.238279548694448
"319448",0.00624166456242142
"319454",0.40628668484036
"319455",0.220203024135649
"319463",0.027263074816393
"319466",0.442768583951508
"319467",0.426095703223469
"319468",0.0072362875910408
"319469",0.0745594679874875
"319472",0.4225
"319475",0.00700528028571079
"319476",0.0286385738253982
"319477",0.0109155713967476
"319478",0.0284678826059713
"319480",0.117855556602884
"319481",0.00623268698060942
"319486",0.0837696550417541
"319487",0.539205189964359
"319504",0.00219130694130188
"319506",0.546999951023328
"319508",0.170742872244284
"319513",0.0066419424270069
"319518",0.00562442371231757
"319520",0.0553289968266587
"319530",0.0702132065889841
"319533",0.394074210638669
"319535",0.0160908956818294
"319545",0.0863993452523131
"319551",1.09029207221994
"319552",0.109129653749596
"319554",0.0263845298693128
"319555",0.014708730445817
"319556",0.0792269691911194
"319560",0.484615425479437
"319562",0.109484183125806
"319564",0.0743966001707813
"319565",0.0271507601014623
"319581",0.385773872648496
"319582",0.0410515983515259
"319583",0.0132442807652695
"319586",0.0154291401437147
"319587",0.194650875153819
"319594",0.00316618710124953
"319601",0.0130477627803167
"319604",0.00792077997680605
"319613",0.00733884594839284
"319615",0.0200524921111752
"319616",0.385621599713493
"319618",0.0145580706451745
"319622",0.0211610533600082
"319625",0.10482842664253
"319626",0.0357727141447334
"319634",0.011244779069479
"319636",0.00854426418770045
"319638",0.0449089939945067
"319642",0.00974684571382206
"319646",0.177270687496841
"319650",0.12409994151624
"319651",0.00476217612750106
"319653",0.0137288476967163
"319655",0.0132898245513157
"319660",0.0394283235634305
"319665",0.218681900655354
"319670",0.0149245918697536
"319673",0.031196298054314
"319675",0.0126259641378497
"319684",0.302265217882221
"319701",0.0931340948517685
"319702",0.0682909582194365
"319710",0.0147681510233358
"319711",0.26414785298609
"319713",0.0713388818678861
"319719",0.00672603461288372
"319722",0.0226383210747338
"319727",0.0847026273505023
"319734",0.139577517612497
"319740",0.00314447954929768
"319742",0.0394689047218748
"319743",0.385304403775406
"319748",0.0188927527668052
"319750",0.165708047656148
"319752",0.0301400144192744
"319757",0.02982945344886
"319758",0.0185576981420138
"319760",0.0672301511503713
"319764",0.720643917903536
"319765",0.32442056534808
"319767",0.28563554002108
"319772",0.248282775544988
"319776",4.14770903490394
"319781",0.0725207347104496
"319783",0.052962779449616
"319786",0.0720133531209987
"319798",0.219315375779987
"319801",0.0136387432023484
"319803",0.245185236398672
"319804",0.0071414401904384
"319807",0.0379975401706011
"319812",0.0895028845505706
"319817",0.00468061924592624
"319818",0.265782795647044
"319822",0.00760287290926319
"319830",0.00133771937214828
"319832",0.0113652729621005
"319845",0.0126104447696467
"319849",0.0808400667929115
"319859",0.137932183973961
"319865",0.0387970615243343
"319870",0.106620010153884
"319876",0.0374235358930825
"319880",0.0123435945618809
"319885",0.0188680404400462
"319888",0.119843015939161
"319893",0.020504673640851
"319899",0.0396541243568153
"319901",0.0168707217705475
"319903",0.09689949924569
"319909",0.014879726006504
"319915",0.0274242707465745
"319922",0.0478767045263626
"319924",0.0223279165015194
"319931",0.146384832387413
"319934",0.00649587881488082
"319939",0.00921210617016311
"319940",0.0342935528120713
"319942",0.0797486073511037
"319944",0.00382387094357527
"319945",0.00723654306832374
"319951",0.214024432273468
"319953",0.0111728608802708
"319954",0.094194506077745
"319955",0.00279938141443404
"319960",0.343890951532881
"319965",0.00731284989328433
"319974",0.0435290904448053
"319981",0.290620900478526
"319982",0.0367664517616149
"319983",0.523073342403628
"319984",0.0306040705627161
"319991",0.0996984701451972
"319996",0.00292414217666298
"319997",0.428279371188786
"319998",0.0142382603207595
"320001",0.557775741989603
"320007",0.00802800109444974
"320011",0.00151506761611778
"320014",0.300024977309346
"320019",0.102232027651353
"320020",0.0539150845689516
"320022",0.166165141891498
"320024",0.00406131021152229
"320026",0.0417995779565111
"320027",0.0735848850480742
"320038",0.0307364775554429
"320046",0.0629092347129791
"320051",0.119979540688842
"320054",0.31321998438268
"320064",0.0298448325774386
"320069",0.356024005159067
"320072",0.3136
"320078",0.0496483425729128
"320080",0.019436837338164
"320088",0.375612380396076
"320091",0.0318891013011605
"320092",0.612076864867887
"320095",0.0859972327568688
"320099",0.120235145756832
"320100",0.0207750442488903
"320106",0.0494886079800635
"320110",0.0347290221375571
"320111",0.0976994177528159
"320116",0.0471986036399269
"320118",0.672244558747557
"320119",0.00430977215779966
"320127",0.0736296357017475
"320129",0.0170526769416468
"320135",0.0978487708995608
"320145",0.15226726587773
"320148",0.415905228092721
"320150",0.00375665655211685
"320152",0.0559683406153649
"320155",0.348548709285047
"320158",0.0791325092974975
"320159",0.199409980628762
"320162",0.0165883610646638
"320163",0.0378086419753086
"320165",0.0367777756539428
"320172",0.112610569341376
"320174",0.0174089921491033
"320181",0.373332601692783
"320183",0.03633955694655
"320184",0.00928310752152858
"320187",0.105433656504361
"320191",0.00713414955302635
"320202",0.455900070607591
"320203",0.016077296784755
"320204",0.0231947473904617
"320207",0.0686366889285384
"320208",0.117105926555513
"320209",0.246266598419542
"320210",0.054359474587012
"320213",0.00339073726431389
"320214",0.553707749083448
"320225",0.197309726947359
"320226",0.0242758147924399
"320229",0.0668578063563647
"320230",0.328273695931758
"320234",0.0100852874603893
"320237",0.0114768221662371
"320244",0.0073983623136483
"320247",0.0415004401807244
"320253",0.0704666813580278
"320256",0.169112478889097
"320265",0.087612915689795
"320267",0.00508464849621588
"320268",0.0389241607398733
"320271",0.0123170014865754
"320272",0.530944566265974
"320273",0.384826479257149
"320277",0.162621039016494
"320292",0.0825033952014486
"320295",0.0488001647468888
"320297",0.369664
"320299",0.00962132902580422
"320301",0.0127309460355214
"320302",0.146027663803644
"320311",0.136490253873174
"320312",0.0779885012471896
"320315",0.187567195155496
"320323",0.0917675519103651
"320332",0.0327548371032268
"320333",0.0969170197046638
"320343",0.0151683759309142
"320351",0.0104016339373538
"320354",0.0395710486761475
"320355",0.539859516012871
"320360",0.00661878770468256
"320363",0.31115478515625
"320365",0.0157355565080396
"320376",0.0233059533637975
"320394",0.00919129439614582
"320398",0.0783833836698395
"320400",0.0302782427912654
"320404",0.0166714931575494
"320405",0.0426495074972695
"320415",0.419135320129705
"320429",0.0244771071800208
"320435",0.0461299453625578
"320438",0.016358511335754
"320440",0.0482193379456571
"320452",0.140497246202368
"320456",0.0373857098224852
"320460",0.449728217441772
"320463",0.0391628230450561
"320466",0.0450140629982462
"320469",0.114899998831386
"320472",0.00817083832462071
"320473",0.00398581121676896
"320478",0.0386901850988418
"320479",0.362377211867113
"320482",0.105108186116723
"320484",0.0804882842295793
"320485",0.367821875731495
"320486",0.184623445974783
"320487",0.00607961391392687
"320492",0.00885813148788927
"320495",0.0924688969559345
"320500",0.864449720782861
"320506",0.00896599206504544
"320507",0.0718154597555642
"320508",0.0427777199811235
"320522",0.0720596385913991
"320528",0.0134045872461533
"320534",0.0247105522751311
"320538",0.014005111865831
"320541",0.00349228765570718
"320554",0.0172371615272971
"320557",0.00454230083885367
"320558",0.0431360946745562
"320560",0.00698210551126309
"320563",0.0162334274374094
"320571",0.184424305475422
"320581",0.460120299281138
"320586",0.0517956983897963
"320587",0.118847231374216
"320590",0.281267750342477
"320593",0.0410535492031191
"320595",0.00405715622729108
"320604",0.209576955775705
"320606",0.0678088737757403
"320609",0.217706289135288
"320614",0.258678238870467
"320615",0.00422753614120647
"320616",0.0436672797004617
"320632",0.00170948176562269
"320633",0.0129070791067346
"320634",0.00646865760552343
"320635",0.332591802108975
"320655",0.0265200810623572
"320661",0.00184885009019728
"320662",0.146417811088021
"320664",0.102284717149582
"320678",0.00786147999162484
"320679",0.0130235325911197
"320683",0.0062467511962087
"320685",0.0316627433592498
"320692",0.0592786752654156
"320696",0.0999574747907266
"320700",0.0227950325704547
"320701",0.638419428469069
"320705",0.005670083769137
"320706",0.0231841352097411
"320707",0.0104164824651992
"320709",0.031477627471384
"320712",0.17953147778466
"320713",0.00930511471138636
"320714",0.00186881534530141
"320717",0.00529923971513973
"320718",0.318969439677163
"320719",0.0384981232649976
"320720",0.0140271293122357
"320722",0.0237966300497804
"320727",0.00253994610529871
"320733",0.0601502477489477
"320736",0.0350897606531758
"320739",0.314877430088643
"320742",0.0154085847025103
"320747",0.110576281027725
"320749",0.104395102876624
"320751",0.297647759211284
"320752",0.417514792899408
"320770",0.0420948484492847
"320772",0.0075864188471331
"320775",0.163151842490346
"320782",0.486586761025511
"320784",0.673260311174622
"320790",0.040174789234013
"320795",0.011850251152053
"320798",0.092032145828105
"320799",0.00442492763796219
"320802",0.0433038540998974
"320805",0.324025716078479
"320806",0.00328469433985846
"320808",0.0034840902583467
"320816",0.00903915216452858
"320817",0.0134725765306122
"320825",0.137724596656142
"320827",0.0684200011688097
"320840",0.0298707732455227
"320842",0.32603343712995
"320844",0.0411115308089447
"320845",0.0600209099194261
"320846",0.0692480746099101
"320858",0.215266686091667
"320864",0.450131000873716
"320865",0.059297674505833
"320869",0.0204241477277954
"320871",0.30711025571049
"320873",0.0169695288156751
"320878",0.00731296453766692
"320879",0.0312642920730453
"320893",0.363839972838388
"320910",0.00924214386155706
"320916",0.0198341905052142
"320919",0.0956310295732581
"320923",0.407837479147873
"320924",0.0618627909069011
"320933",0.122656532834637
"320936",0.236346745563612
"320938",0.00334727349768528
"320939",0.0502609741099169
"320940",0.0341446124763705
"320949",0.146358303244363
"320950",0.0554129490367953
"320951",0.00301895906291511
"320952",0.283630884796018
"320961",0.0260145681581686
"320965",0.0345239562448131
"320973",0.0347595496531731
"320974",0.0199669187145558
"320975",0.0719344793970388
"320977",0.0126863803309658
"320981",0.16772258050554
"320982",0.0179089074874317
"321000",0.0160795878734238
"321003",0.0103213671599682
"321006",0.00529407717095126
"321007",0.0026079498967025
"321008",0.0136677831434988
"321014",0.336694267223272
"321017",0.350472207131336
"321019",0.0179115845397433
"321022",0.00570864197530864
"326618",0.00751745361546114
"326619",0.0230418042959842
"326620",0.0311092368043283
"326622",0.00743655960110998
"327655",0.00597797813652256
"327743",0.0449893760648433
"327744",0.0108638110276467
"327747",0.102943132216698
"327749",0.45664227515395
"327762",0.0579089774243597
"327766",0.591855821191387
"327768",0.428218660637587
"327799",0.355844940115979
"327812",0.0473366593507066
"327814",0.0202528357867028
"327826",0.00958798817507218
"327900",0.00597325766642219
"327942",0.0121879858852941
"327951",0.00458748986831798
"327954",0.0476854784557265
"327958",0.0262199005022768
"327959",0.0502788879716222
"327978",0.0270224446563584
"327987",0.0114119961535614
"327992",0.0654138176138221
"328019",0.329227462423017
"328035",0.0197320792819688
"328059",0.416840539235893
"328066",0.329817261011919
"328075",0.0515262147615642
"328092",0.00863946416831032
"328099",0.013063236462603
"328108",0.00280570649262835
"328110",0.0193385691461659
"328133",0.00324939964649108
"328162",0.00948100576068772
"328166",0.0642409293388069
"328186",0.0179666505855006
"328190",0.131597143991368
"328232",0.0105580338355357
"328234",0.048449983011359
"328235",0.356953230529976
"328263",0.333359123873494
"328265",0.388197900901985
"328274",0.109085994842293
"328309",0.0483899834437354
"328314",0.109425463548933
"328320",0.411239413237709
"328324",0.512579883224247
"328329",0.0232676845078217
"328330",0.0456890625
"328354",0.488597281161158
"328365",0.0602573296398892
"328370",0.0120083626535352
"328381",0.0864134203732419
"328417",0.0496196850406723
"328424",0.110157214619812
"328440",0.0256264804740511
"328448",0.154407425971867
"328451",0.20203394722006
"328479",0.0901185380181081
"328489",0.414773904657769
"328561",0.465698400748835
"328563",0.402066624734772
"328572",0.0195567862295222
"328580",0.00418389735058884
"328643",0.0330399966079455
"328734",0.0154181379842465
"328778",0.103565786922037
"328779",0.444324462142381
"328783",0.427766488980948
"328789",0.0945485433901169
"328795",0.269463366444318
"328801",0.0168662506324844
"328833",0.316169551859788
"328906",0.0744728797274871
"328918",0.0256
"328949",0.0238991034620863
"328957",0.343397745348458
"328967",0.0865658860720136
"328968",0.126016926362872
"328971",0.0626371150571309
"328977",0.0124752277986186
"329002",0.0081614798553719
"329003",0.0143078402366864
"329015",0.0145249753061936
"329056",0.129326845652531
"329064",0.264135578436155
"329065",0.521400862040162
"329078",0.0547501985007855
"329093",0.422753614120647
"329152",0.0380042879202696
"329154",0.0246026278262544
"329160",0.866745611638549
"329165",0.00449494908964129
"329178",0.0056064861825664
"329217",0.0460600687512248
"329251",0.0061072209007532
"329252",0.101415763899461
"329260",0.00972984252374961
"329274",0.0301775022951033
"329278",0.426455424037959
"329316",0.369496134114201
"329324",0.023001864996302
"329358",0.110518717038817
"329366",0.350904433878234
"329371",0.446484226356977
"329384",0.0346133044889129
"329387",0.268722237762088
"329416",0.0478953704691572
"329421",0.106925917334673
"329427",0.0469682831869546
"329470",0.018679010695432
"329482",0.446824330120964
"329483",0.466068786982249
"329496",0.457513299886281
"329502",0.0545019663046115
"329504",0.0202923947674455
"329506",0.0200199965009636
"329509",0.432687176086567
"329513",0.234280741867325
"329540",0.0232209575945084
"329559",0.0110829716840438
"329562",0.157546939686786
"329575",0.0116599440146355
"329581",0.235169362754955
"329584",0.0531545531880121
"329626",0.0451129420373063
"329628",0.0986238115662728
"329641",0.0564612103056716
"329650",0.013361719415435
"329659",0.0178319487963165
"329679",0.0358916573215909
"329693",0.338557557271384
"329702",0.391471358956461
"329716",0.474120727050801
"329727",0.117465863945642
"329735",0.00502391629188451
"329738",0.463429814746515
"329739",0.01180389978276
"329763",0.438422491991991
"329777",0.00218586608196998
"329782",0.0355955064326208
"329790",0.0307640463592845
"329795",0.0124905537226767
"329828",0.0257064022512739
"329831",0.212220679207171
"329851",0.393413765116959
"329872",0.1952493276999
"329877",0.00920562454346238
"329908",0.00274778876170656
"329910",0.0251180364752573
"329934",0.162024342213125
"329941",2.14000862068326
"329942",0.0323619159597996
"329970",0.260891537844468
"329972",0.391299363275443
"329977",0.127287595043663
"330031",0.359937002362532
"330050",0.0116249612118353
"330052",0.183673469387755
"330064",0.0189364935906408
"330096",0.352759502740042
"330119",0.0192205582784474
"330133",0.195284618186566
"330143",0.0331453868858284
"330149",0.0360543230750077
"330164",0.0820356937310347
"330166",0.0164709349930732
"330171",0.0041403468016326
"330173",0.0127643969094686
"330177",0.00503323185069677
"330188",0.244406008540087
"330189",0.0123680747973351
"330192",0.0416061267740834
"330216",0.0173490443908461
"330217",0.00970594202031851
"330222",0.0934781605321971
"330230",0.0536467344290657
"330256",0.0434754880751504
"330260",0.0210526181261622
"330267",0.0502635498108527
"330286",0.0129552515037345
"330301",0.017995240928019
"330319",0.0387970615243342
"330323",0.0105662883588466
"330324",0.0633169847955947
"330355",0.761611245444713
"330361",0.0258408819302046
"330369",0.0143692472057857
"330385",0.182903396215679
"330401",0.0035398887776448
"330403",0.391054551975883
"330406",0.272006005728066
"330409",0.0585942300874549
"330427",0.00862374573470969
"330450",0.024403979550272
"330460",0.0845254500511111
"330463",0.016715701292772
"330474",0.0120758362516604
"330483",0.24401935527781
"330485",0.0307912625920589
"330502",0.0233709232857245
"330503",0.0046509854162619
"330554",0.0110717402300744
"330577",0.0360408764857593
"330599",0.0555251633357953
"330602",0.0884291317607351
"330627",0.0692483317264328
"330657",0.0589947761301227
"330660",0.111552054567836
"330662",0.0142790355201252
"330671",0.00640308545252841
"330677",0.296425652075023
"330695",0.0367890804183643
"330721",1.2945621950277
"330723",0.236673685235232
"330734",0.384416581413487
"330788",0.00482734398087168
"330790",0.125159287552326
"330796",0.364532923559579
"330812",0.00718353523746441
"330814",0.0184748798190216
"330817",0.0117529915276443
"330830",2.41126273125755
"330836",0.00556180597207503
"330863",0.0553103044963397
"330902",0.188848894632029
"330908",0.0198390221819828
"330914",0.0289137668212887
"330921",0.203622547840073
"330938",0.0154376429335104
"330941",0.062452678404119
"330953",0.187824151248683
"330958",0.252019879921425
"330959",0.0204700061488527
"330963",0.123357925158066
"330998",0.155328719723183
"331004",0.00816486187792828
"331026",0.0189451639142412
"331046",0.232174246314541
"331188",0.0422495291178949
"331360",0.356266479157678
"331374",0.394216720666672
"331392",0.0235867170874025
"331401",0.0150079950649751
"331424",0.0337158438129204
"331461",0.045734464183099
"331474",0.0345148723592069
"331480",0.0264347877125265
"331487",0.0161903178554118
"331493",0.492665211294077
"331524",0.344872395370252
"331532",0.0103997387541741
"331547",0.104197931469797
"331578",0.134221445582018
"331623",0.0237620306124206
"332110",0.925952296190815
"332175",0.022181982797646
"332221",0.427866311340226
"332309",0.267979678851932
"332359",0.0507795224563451
"332397",0.00809521291982522
"332579",0.0978079811470106
"332713",0.31255689721188
"332934",0.471168987434862
"332937",0.414059553302004
"332993",0.282136588303552
"333050",0.0296563067096323
"333088",0.15615540845608
"333182",0.278900222636844
"333193",0.128296847342726
"333307",0.278549382716049
"333315",0.339898603015379
"333329",0.188743752337461
"333424",0.30187154396611
"333433",0.00156001787797934
"333588",0.339403481202643
"333605",0.0062546805658284
"333639",0.0403980074995844
"333654",0.107399938442598
"333669",0.317927597932693
"333670",0.141272294887039
"333715",0.393252891836686
"333789",0.0201673610867967
"333883",0.216130704510552
"338320",0.00362517474849922
"338337",0.00309870399867198
"338346",0.0574914350163346
"338348",0.293546549809323
"338349",0.00684931962095431
"338350",0.0541974342397888
"338351",0.00596756660424042
"338352",0.103395895495688
"338354",0.00758780609209776
"338355",0.00412138676983856
"338359",0.00436251185950238
"338360",0.0863025131156999
"338362",0.0148253373727197
"338363",0.0168364728556238
"338364",0.0463226356891588
"338365",0.0121227569260711
"338366",0.00245629578084179
"338367",0.0371889490881046
"338368",0.165221779411004
"338369",0.371990098206314
"338370",0.00262485036196085
"338371",0.0106683152583735
"338372",0.0363107934043178
"338403",0.662876496449565
"338438",0.321756728076557
"338467",0.00943618726390688
"338521",0.138351956911305
"338523",0.0130332111477463
"338535",0.0912733545696005
"347722",0.0212170063019464
"352968",0.0345959034644504
"353025",0.248265819021733
"353047",0.0145175848138114
"353123",0.0936213710893478
"353155",0.0539734398469864
"353156",0.0135535649061203
"353169",0.220840763637882
"353170",0.0118329121918472
"353172",0.00367130359320391
"353187",0.0223406244418797
"353188",0.107873916926829
"353190",0.0135294324873848
"353204",0.434010479209227
"353208",0.025872963901447
"353211",0.00443925082006244
"353234",0.0242651512126605
"353235",0.0307776496035112
"353236",0.0157533010901131
"353237",0.0188603403154377
"353242",0.0085758988957939
"353258",0.0150774937844256
"353282",0.0182485719984931
"353283",0.406772126883936
"353287",0.19872557242734
"353310",0.103364735257384
"353326",0.0197368755731179
"353328",0.248839459980644
"353342",0.0104460283392474
"353344",0.326754993349596
"353346",0.410035059787481
"353371",0.214147442579205
"353373",0.556812848353348
"353499",0.13137796908756
"353502",0.0124128662570888
"353504",0.419475096865055
"360013",0.00787787542452996
"360198",0.0589167393799394
"360213",0.00767881815283239
"360216",0.00944136674102484
"368202",0.455541256950046
"368203",0.0722860234677331
"373852",0.0627307548342266
"373864",0.0371477169876096
"378425",0.385797688981289
"378430",0.38117202268431
"378431",0.0971797018858676
"378435",0.497553252232348
"378460",0.0720805765595463
"378462",0.0228443636540215
"378466",0.0211224834112222
"378472",0.224211657383448
"378702",0.00516923248899243
"378775",0.0512852384302018
"378776",0.0225527240592555
"378937",0.01314892204
"378954",0.0349779681348609
"380601",0.0179930763474078
"380608",0.020340003569184
"380614",0.0190668247768936
"380629",0.00907902671647889
"380654",0.0167671250720138
"380660",0.0596856259832225
"380664",0.00315441423842249
"380669",0.115369297888481
"380683",0.107332826921755
"380684",0.0450906873952141
"380686",0.0166226076532482
"380694",0.0718543352947275
"380698",0.0651786530037603
"380702",0.0318926329566518
"380711",0.0129737123442684
"380712",0.325307964442536
"380713",0.0683116271931431
"380714",0.190104431268765
"380718",0.0481979125379839
"380728",0.15151978154445
"380732",0.367001893268065
"380752",0.00506857941573454
"380753",0.0248518906322009
"380755",0.479558820530542
"380768",0.0189158264212723
"380773",0.0124260171517177
"380785",0.025491697635947
"380787",0.442679026349963
"380836",0.0028011986473381
"380840",0.00923226449793286
"380842",0.518897922891222
"380850",0.0355378992283738
"380855",0.0373979101260959
"380863",0.212084487534626
"380912",0.122792188327952
"380916",0.00916792572663772
"380918",0.149566728239584
"380921",0.117267209386513
"380924",0.0786198605752904
"380928",0.011712996244222
"380930",0.098115531213407
"380959",0.00779692898459619
"380967",0.00609909701880252
"380969",0.0311188388449284
"380977",0.0133793265020683
"380993",0.0115086357007446
"381002",0.441224650771446
"381022",0.0291971580848243
"381038",0.0104247149431045
"381045",0.0149981776056707
"381059",0.609406867845994
"381062",0.00955735206679829
"381066",0.0127240687462752
"381067",0.0262614859403985
"381072",0.0904535641150353
"381073",0.363694111462328
"381077",0.332106435175173
"381085",0.0124331546347209
"381101",0.0909729850985902
"381104",0.0450473478521342
"381107",0.22036824492702
"381110",0.0110809402259
"381112",0.0251530724084192
"381113",0.0532498687324942
"381126",0.00972279463295087
"381148",0.0230149229399646
"381157",0.010144762874788
"381175",0.461492938317754
"381196",0.0974668495458516
"381199",0.0129395453143511
"381201",0.019179927249041
"381204",0.30016410140335
"381217",0.0277462031536989
"381218",0.0245600356426821
"381229",0.552328419544283
"381232",0.687422936678104
"381236",0.0132732130138362
"381259",0.0302166525885205
"381260",0.0322175936065508
"381269",0.0909659529920764
"381270",0.033994869499084
"381280",0.019995134522122
"381284",1.06988229124177
"381290",0.0757968595265667
"381293",0.196360313504957
"381305",0.00407818487069247
"381306",0.0254465428419278
"381310",0.0470202722654935
"381314",0.00203991285149143
"381318",0.0995988809467142
"381319",0.346169924197384
"381334",0.705124780803281
"381337",0.289677360747671
"381338",0.00740986729997719
"381339",0.376200525765
"381350",0.0931932146836456
"381352",0.146629341819253
"381353",0.0356160715432597
"381356",0.0106571761075685
"381359",0.469109495443522
"381373",0.234852071005917
"381379",0.0035058864265928
"381404",0.489701961586294
"381405",0.443691467968975
"381406",0.00892357141545031
"381409",0.537388579017507
"381410",0.0119217939825713
"381411",0.306020823902218
"381413",0.0115814704409033
"381418",0.0299885196808261
"381438",0.0442262705152056
"381476",0.333611287057151
"381482",0.905301130271019
"381483",0.419899092472528
"381489",0.916990843579978
"381493",0.350525281791438
"381510",0.00670189911401992
"381511",0.0396645717110373
"381538",0.0497710088680649
"381544",0.726865548980934
"381546",0.319211694094023
"381549",0.0733240990530735
"381560",0.0473042952568621
"381582",0.00890418155991746
"381598",0.00579203832893702
"381605",0.0912317223164137
"381622",0.0956559523276157
"381626",0.0152793637708723
"381629",0.00536401507637374
"381633",0.0125765422509761
"381634",0.0136391505945949
"381644",0.00662478301080007
"381650",0.0437044623334027
"381651",0.317767628378807
"381668",0.01971116195385
"381673",0.810635045055974
"381677",0.0496841218563734
"381678",0.0130840898267055
"381693",0.499335621073681
"381694",0.0207077066452709
"381695",0.0101164473448615
"381716",0.29459739895368
"381738",0.0245813771161925
"381741",0.519740400216333
"381759",0.332420910445574
"381760",0.00668787238970824
"381785",0.312133425974122
"381792",0.154715774381954
"381798",0.0449361846715794
"381801",0.00422647852204987
"381802",0.009340014902557
"381810",0.148963987168984
"381812",0.0597911790708982
"381813",0.00782461698819924
"381820",0.00341579168282691
"381823",0.0834804602421579
"381827",0.396972835711183
"381835",0.437273111880958
"381836",0.519829082712929
"381845",0.0721809187342373
"381853",0.309405072747025
"381867",0.556005209070926
"381884",0.140625
"381886",0.37577279567522
"381903",0.0232770310097368
"381914",0.161149438796065
"381917",0.301403856901826
"381921",0.00410477689751942
"381922",0.380565428291627
"381924",0.463821906629611
"381925",0.0366485565038422
"381933",0.35826087210807
"381979",0.019423689051633
"381983",0.0140103022518543
"381990",0.016384
"381994",0.353659325098215
"382010",0.0177061654526535
"382014",0.00591916983880258
"382018",0.011253398526355
"382019",0.0416868307719959
"382030",0.00776100838555019
"382034",0.0409580498866213
"382038",0.00623152800390594
"382045",0.306472170377152
"382051",0.0100520988999243
"382056",0.0266733435037236
"382062",0.413666099721542
"382066",0.00504847645429363
"382073",0.0212084079555095
"382077",0.638582764782504
"382083",0.014798116586662
"382089",0.0435664722933892
"382090",0.00975151427286682
"382097",0.381938664170956
"382105",0.330414447553916
"382111",0.0396891550600647
"382114",0.105417906709002
"382117",0.00855594296579939
"382118",0.0156807356671451
"382137",0.0199840356608034
"382207",0.0113940491775982
"382221",0.17941643083512
"382231",0.548435025244564
"382236",0.0166840277777778
"382245",0.00889363103304163
"382252",0.018949937240508
"382253",0.00640692453289911
"382384",0.178863231245822
"382395",0.415745269780885
"382406",0.0282034846454169
"382421",0.133571492493633
"382423",0.00394634187641465
"382427",0.120862154828189
"382450",0.350234513722502
"382522",0.0537407562954804
"382523",0.392639392878852
"382543",0.113829748010186
"382551",0.619570335953595
"382562",0.017409584164548
"382571",0.0403560093031501
"382620",0.00302191495672144
"382639",0.236444941099787
"382686",0.0421872961824491
"382793",0.00451927942502523
"382864",0.334624247429272
"382867",0.0544659916667306
"382913",0.0640312348580747
"382985",0.00556690023278798
"383103",0.00378611559845155
"383295",0.00487429491293128
"383348",0.0240811893900233
"383435",0.302290455462609
"383563",0.0854830398986861
"383619",0.0676339542081626
"383678",0.357842088366087
"383766",0.0971639077037001
"383787",0.528925619834711
"384009",0.0296015773659501
"384059",0.253350514081775
"384061",0.0241493378544047
"384071",0.093974434604684
"384185",0.342319328691378
"384198",1.1830093607691
"384214",0.00846000529654081
"384281",0.00622985190071101
"384309",0.0406869669065014
"384569",0.0405810244004622
"384605",0.462613079372005
"384619",0.0705050923961267
"384763",0.0124304516779396
"384783",0.0181048920950962
"384864",0.427690554349566
"385354",0.388520424263349
"385377",0.452670681391927
"385658",0.0155391878052325
"385668",0.0894435307156749
"385674",0.00790691176158763
"386454",0.218606187354405
"386463",0.260822521668829
"386611",0.369801761014469
"386612",0.028049398624749
"386649",0.00533182549308389
"386655",0.00776973688329305
"386750",0.00650403939658368
"386753",0.0531889543987691
"387285",0.0938016327628084
"387314",0.0259933361099542
"387524",0.017904444835642
"387586",0.276037365948768
"387609",0.0190660387348734
"393082",0.153881684202483
"394432",0.327751390085927
"394435",1.08813450894059
"396184",0.0614306501976116
"399101",0.0447539221308511
"399510",0.00590504064767535
"399548",0.285832288467721
"399558",0.0103585698962055
"399566",0.00434603222869992
"399568",0.0278976983062541
"399570",0.415105987899591
"399591",0.0934640255884565
"399599",0.091503346952008
"399603",0.0891594314214487
"399609",0.0425728437672813
"402727",0.444182582942133
"402728",0.483991998244853
"402757",0.0905005045964225
"402767",0.108829905061469
"403174",0.0389849739714868
"403175",0.40096200252014
"403178",0.0303879243185046
"403180",0.751412853042832
"403185",0.0671900969529086
"403187",0.0103442873641641
"403201",0.230779207177656
"403202",0.449663946918909
"403395",0.486655472825838
"404545",0.325903131470835
"404634",0.0164067290069474
"404710",0.098111475042692
"406217",0.0521005971531741
"406218",0.0216849972167327
"406219",0.439887876714062
"406220",0.0848976390870043
"407243",0.00553994742992446
"407785",0.00925723213486053
"407786",0.00866400143628994
"407788",0.0760769011858374
"407789",0.247943878120277
"407790",0.0636108260603823
"407800",0.0807142669296515
"407803",0.0397986083459376
"407809",0.229549765437903
"407810",0.312601539503324
"407812",0.0533039088956844
"407819",0.00494592805620857
"407821",0.0234166233963602
"407823",0.0131954612137102
"407831",0.0335312273339733
"408022",0.0225644237322478
"408028",0.165168411900692
"408057",0.207061352097096
"408059",0.517428676276864
"408061",0.507575360851872
"408062",0.0151600951904956
"408064",0.217007594804533
"408065",0.0601216290422397
"408066",0.239677440984237
"408067",0.0127807358345805
"408068",0.0115169541939322
"408191",0.0740844343454664
"408192",0.0968333719475181
"414066",0.0364682262407224
"414068",0.432956744344664
"414069",0.0158052082089448
"414072",0.0246041239929457
"414077",0.0136409654858645
"414079",0.150977575876062
"414081",0.0918273645546373
"414085",0.0145434448924435
"414089",0.0859766932764674
"414091",0.313741788174972
"414093",0.00700576374468746
"414094",0.285196331237158
"414095",0.139583612416307
"414101",0.016663905905286
"414106",0.299963154730217
"414108",0.0260846410372992
"414111",0.0677759546417439
"414115",0.0986611536171936
"414116",0.448950424746165
"414118",0.0523189954295475
"414121",0.205672867193879
"414123",0.0641509195325067
"414126",0.348837890625
"414758",0.0157303959913387
"414801",0.102548298315115
"414872",0.00185142136807573
"415115",0.0630908843187186
"425051",0.0608827720076423
"431706",0.0818290033284024
"432396",0.350204826532492
"432442",0.0288229186510171
"432450",0.022098498110875
"432466",0.40888732570132
"432467",0.0183024409875477
"432478",0.108003114803286
"432486",0.0121120456353964
"432500",0.468964909469636
"432508",0.0107857666115702
"432516",0.275239541638737
"432530",0.136046723181819
"432555",0.329091331495104
"432572",0.00619188390217684
"432582",0.0153236382774744
"432589",0.323438174747651
"432611",0.177991954812175
"432615",0.378585121522648
"432628",0.158026563993378
"432636",0.349027988924876
"432641",0.307855125468555
"432649",0.334308917690412
"432731",0.00342390404596443
"432745",0.270606136832614
"432754",0.343520167730201
"432763",0.0270530378164733
"432769",0.0400951248177839
"432770",0.0527441827061189
"432779",0.0195047389016167
"432825",0.486161189173875
"432839",0.0475344297639165
"432842",0.0125797936618366
"432855",0.0746429460960649
"432870",0.0551147154543758
"432879",0.0821809816834581
"432939",0.108814302580536
"432940",0.00363597471208307
"432945",0.354542580340265
"432964",0.33188910884723
"432999",0.0413317192628193
"433003",0.0991824708011767
"433004",0.0653118816118013
"433022",0.0274801229113522
"433078",0.12641975308642
"433091",0.571198378233518
"433100",0.0262797730406604
"433111",0.412265474487213
"433171",0.35561521661109
"433182",0.123334319863756
"433198",0.434539226569469
"433202",0.0542955173192518
"433215",0.188835613880035
"433224",0.399496104836175
"433256",0.0154457844268519
"433273",0.413491282897147
"433287",0.339792325556561
"433294",0.413545760220981
"433315",0.515997625677794
"433323",0.0635185771976664
"433365",0.58183122804268
"433374",0.137335640138408
"433375",0.00758831332805507
"433406",0.317563415936599
"433408",0.0241284444444444
"433415",0.0537753450737927
"433416",0.160758531215741
"433424",0.0315140984967094
"433456",0.353787679856856
"433466",0.107466265552465
"433470",0.321465869774723
"433481",0.421430866104121
"433485",0.0408108343785412
"433520",0.0247613379144911
"433586",0.0594197519291863
"433638",0.109783056179368
"433667",0.00433862813295565
"433693",0.00853880816482875
"433698",0.0681558549653375
"433700",0.252967333076573
"433702",0.00374484080150478
"433752",0.0337712781996108
"433759",0.00864114263043047
"433766",0.499400065956025
"433771",0.00537915696037845
"433791",0.0560158986924591
"433809",0.0800725490777073
"433813",0.0120164757343263
"433864",0.00299098373502653
"433868",0.140203862227932
"433873",0.0795264519122753
"433904",0.124175614576213
"433926",0.00835080983610508
"433931",0.00341264518677304
"433938",0.0317615920007842
"433940",0.32589632405879
"433956",0.0272146834056832
"433966",0.46861704689484
"434003",0.50840458552838
"434008",0.0432044441795881
"434064",0.0315765229542984
"434128",0.0189583276455929
"434130",0.0483895368318957
"434147",0.359180304805538
"434156",0.0137137404607062
"434178",0.0104889262293169
"434179",0.0368083374119116
"434197",0.365205043441891
"434198",0.417363225464255
"434204",0.00762842878549322
"434215",0.196561728775046
"434218",0.370416568096239
"434223",0.246167398163506
"434232",0.0459644354326772
"434233",0.0936177322343506
"434234",0.0244323222032094
"434246",0.265038103199941
"434249",0.583297494283441
"434280",0.0524663114313948
"434341",0.239900041649313
"434350",0.0416186688898858
"434353",0.101200180521065
"434377",0.0154427858144386
"434402",0.0383611415538781
"434436",0.143963051451232
"434437",0.0078148931823137
"434438",0.375162413650702
"434484",0.0328819250238487
"434689",0.340777390255885
"434756",0.366084122908466
"434775",0.218047513349117
"434778",0.0703813160340064
"434784",0.10152069543324
"434797",0.329867726509667
"435145",0.40697051200042
"435366",0.0182195394765679
"435376",0.172058814718336
"435391",0.293744537551728
"435528",0.550806647503767
"435529",0.0814157219306915
"435626",0.329667797872755
"435653",0.140625
"435684",0.0122163321685048
"435766",0.539323115423286
"435921",0.32745972760779
"435965",0.0134155900176753
"436008",0.464739882120239
"436015",0.477829059465695
"436022",0.737924570011629
"436062",0.425898668373364
"436090",0.0194089398126547
"436100",0.109842553701166
"436230",0.040030639600562
"436240",0.0599967898076684
"436583",0.0246167663844863
"442801",0.113398533894615
"442803",0.174366175630642
"442804",0.0715841701802837
"442805",0.0291493158834027
"442821",0.189042034540903
"442825",0.207953993663297
"442827",0.47712757074172
"442838",0.155984674825117
"442846",0.396318268559163
"442848",0.347681665362758
"445007",0.0036413247848915
"445267",0.470002125624402
"446101",0.0379211165327659
"448850",0.0148376650764726
"448987",0.052004148503688
"449000",0.0308750791870466
"449521",0.0162090620713306
"449630",0.283298647242456
"449631",0.0522139211934477
"474156",0.00539811597681979
"474160",0.368354328647888
"474332",0.0633588153879732
"493800",0.0759094371044124
"494448",0.0163230692427015
"494468",0.00993492425089569
"494504",0.0421792572128398
"497097",0.0162067801777315
"497652",0.0126304603989563
"503550",0.306830724301311
"503610",0.0111705995108732
"504186",0.390404650265277
"504193",0.0680529300567108
"541610",0.37482518026938
"544678",0.0151145328719723
"544696",0.00873438728273212
"544717",0.0282907452962803
"544752",0.00541624011796987
"544763",0.546231632287622
"544767",0.549211179710639
"544791",0.514781660112786
"544817",0.0150815635580179
"544848",0.140456131807483
"544864",0.0167598229770325
"544922",0.0135754044641048
"544963",0.0157446549555763
"544971",0.00665357309721909
"545007",0.184571839387491
"545030",0.0347601264004596
"545056",0.0912098726951452
"545085",0.00582833189600192
"545086",0.42611169674752
"545126",0.0940540317670617
"545136",0.0142958412098299
"545140",0.425599679862295
"545156",0.0260222637188423
"545182",0.192623456790123
"545192",0.256721724819488
"545205",0.191026877579143
"545207",0.0846840793930741
"545253",0.0724532998897531
"545260",0.226349399290554
"545261",0.152242942412427
"545276",0.0323176603534068
"545291",0.390746794371386
"545370",0.0370268255828339
"545389",0.00274819581974578
"545391",0.00708649355917235
"545428",0.0300667119585548
"545466",0.428906784928708
"545474",0.0453236650040797
"545481",0.510204081632653
"545490",2.41402917705133
"545510",0.438708796716784
"545527",0.16594169668694
"545539",0.0673672625898094
"545551",0.500798749858084
"545554",0.00941432082738581
"545557",0.561568232358897
"545605",0.103187261800509
"545611",0.236014249633024
"545622",0.0168801536908569
"545681",0.0883773939083759
"545700",0.478733920062172
"545725",0.0397267300910827
"545809",0.0720908163686835
"545817",0.374881088861653
"545861",0.444369926366956
"545893",0.365978384307076
"545902",0.456374699807314
"545938",0.0279386914327304
"545951",0.403400372401972
"545963",1.51822314003031
"545975",0.236311509954523
"546049",0.172039469953785
"546058",0.546437597489085
"546071",0.0182844824176259
"546100",0.0913792902511509
"546134",0.0341393790934095
"546143",0.0185391920031288
"546166",0.0726585850656894
"546325",0.462899849121473
"546336",0.0945018082219682
"546524",0.178577575516919
"546546",0.423263382552691
"546611",0.0692190045763397
"546648",0.484164694309725
"546723",0.359315264063675
"546726",0.361101759111186
"546840",0.269196255532069
"547109",0.0993353419431028
"547127",0.00362521768999497
"547150",0.00735075685458077
"547176",0.00551273396507166
"547253",0.0389235415983117
"547334",0.316828474064751
"547349",0.476458922829298
"552913",0.433353576384001
"553095",0.0770386972374846
"553127",0.0118194445375224
"554327",0.0330578512396694
"574402",0.031477627471384
"574403",0.0954478299190938
"574404",0.808944625519216
"574405",1.54354076996128
"574417",0.283745853948306
"574418",0.445011518638067
"574428",0.436476363217166
"574437",1.0939040057255
"594844",0.00525996225931578
"595136",0.215979451504491
"595139",0.0288285337203733
"606496",0.00952691038463756
"606735",0.13531369505425
"613254",0.0470742468260398
"613258",0.031660348567574
"613262",0.0185297603742573
"613264",0.44492749244189
"619287",0.0282039152378992
"619289",0.125186390654921
"619290",0.408543779117698
"619292",0.18308524408284
"619293",0.458812040712439
"619295",0.087545063053206
"619301",0.0732372849719001
"619305",0.360953141344542
"619306",0.313580456898929
"619308",0.363158244137837
"619309",0.162595864377111
"619310",0.399011279393275
"619321",0.177764791818846
"619325",0.372430806245866
"619327",0.789922645166828
"619331",0.0106063628950505
"619332",0.259860992431641
"619371",0.488492988139421
"619441",0.87562490083508
"619547",0.0105008178401528
"619597",0.475168301992953
"619605",0.00497841426284981
"619719",0.0237931638089838
"619883",0.389850875009003
"620016",0.299130752661944
"620079",0.515916916582337
"620235",0.451820989762387
"620246",0.0202425804745852
"620292",0.216791916988583
"620419",0.022578155779168
"620592",0.0156580629426175
"620631",0.394394993512059
"620678",0.129009346675009
"620695",0.0287595963127766
"620760",0.0527953741603149
"621080",0.0264670134148294
"621156",0.0855694694917051
"621239",0.513466187427901
"621304",0.204428629083657
"621427",0.383736388731378
"621603",0.0684676752424408
"621628",0.331944080424772
"621697",0.297717466616276
"621823",0.192160510401356
"621893",0.0419184514256763
"621976",0.0060855614778629
"621998",0.152769035644895
"622116",0.138680781075112
"622129",0.244114271689631
"622175",0.0168132746129589
"622208",0.0494397729089223
"622282",0.149166888219629
"622320",0.00951135296817584
"622404",0.0166999019865218
"622408",0.377307231629164
"622434",0.0399400018833845
"622459",0.157003896615522
"622480",0.290661625708885
"622552",0.137052097016326
"622645",0.0592206962684011
"622665",0.10903237102782
"622675",0.0193805159093767
"622708",0.261650173872516
"623131",0.428080361115887
"623169",0.100162522905691
"623223",0.113612478905232
"623230",0.156926401359483
"623273",0.506560155641958
"623279",0.00971022399508932
"623474",0.0811647841880646
"623661",0.0204476565570203
"623734",0.0745032602872993
"623781",0.0569203263765341
"624086",0.019024970273484
"624224",0.527514838636209
"624251",0.566505611029061
"624341",0.155730840754648
"624367",0.334618497292258
"624549",0.539993836464886
"624582",0.0354497474050105
"624685",0.100082399786618
"624713",0.207816519443186
"624784",0.01582564
"624866",0.0171367918975399
"624957",0.335055594269298
"625018",0.0540832882639264
"625054",0.0503144448716682
"625060",0.466068786982249
"625068",0.100910648338208
"625098",0.00768666208526234
"625109",0.128862590401052
"625121",0.111672277446573
"625123",0.41153706032387
"625131",0.036555251282073
"625167",0.416851372894218
"625175",0.428489696333937
"625222",0.0480699418766815
"625237",0.044763350786693
"625249",0.0116948577404117
"625281",0.355893486655307
"625286",0.44630366525313
"625328",0.23619334426976
"625342",0.0576608296713504
"625349",0.2101166923935
"625421",0.0283148569862593
"625424",0.209833079406117
"625464",0.0963953551035028
"625540",0.399262168100344
"625591",0.532443248057829
"625638",0.0285368057810675
"625662",0.499070296832352
"625850",0.478799392842698
"625995",0.417642812180873
"626009",0.0551272311436964
"626058",0.280517787971325
"626082",0.0539470461163768
"626115",0.371288515510787
"626175",0.15702379004217
"626215",0.245215421597633
"626275",0.0829979398942739
"626359",0.645667376956358
"626391",0.0946174631606671
"626415",0.0186676497707213
"626596",0.138697919615099
"626693",0.0799320194073627
"626802",0.0175684240257369
"626832",0.025940680664611
"626834",0.461237095713346
"626848",0.0103582571114817
"626854",0.0234444372836644
"626858",0.371979012972618
"626870",0.0915936729272928
"626877",0.0827926875934244
"627035",0.482016675434987
"627049",0.0122599732884537
"627110",0.420469338136674
"627191",0.081884023668639
"627214",0.0471076515188085
"627268",0.295454722497825
"627302",0.210515911352649
"627352",0.00744399445023146
"627427",0.259854339728048
"627626",0.0665121115846694
"627782",0.465464654293069
"627821",0.32350343595816
"627828",0.879246420777666
"627872",0.461271878059298
"627984",0.36744919539949
"628004",0.0342879022019619
"628110",0.0698356013671329
"628133",0.395665569724505
"628147",0.0549964758399248
"628308",0.0176934230793101
"628686",0.347374506762807
"628746",0.621730054563943
"628779",0.0949073448362888
"628850",0.364129728974742
"628870",0.255838001809636
"629016",0.064111886839844
"629059",0.0267508436110804
"629133",0.142389886364453
"629147",0.329336969825093
"629159",0.05147941529553
"629242",0.258652569258781
"629300",0.195489495298318
"629303",0.288449372946458
"629378",0.0213883356175077
"629499",0.131307710359414
"629557",0.147453943093882
"629595",0.229014618083736
"629678",0.4513715648624
"629750",0.38078759040442
"629777",0.0230640420176685
"629945",0.0697900652369501
"629967",0.149748242098619
"630146",0.311736111111111
"630499",0.319971101891807
"630579",0.0470271742592073
"630836",0.0226329391495027
"631145",0.318928297478845
"631323",0.308939306927756
"631584",0.0179104248034801
"631624",0.0241319619441498
"631797",0.51112551255035
"631990",0.154117205241608
"632687",0.0933848595682255
"633057",0.480949888275675
"633285",0.0660897692288511
"633395",0.0815260621565345
"633640",0.0269568052126285
"633947",0.0727708331909125
"633979",0.511379951882114
"634104",0.0981593540433945
"634650",0.150306048633143
"634720",0.342310056385503
"634731",0.048386858156983
"635169",0.390185873510056
"635253",0.061414008509757
"635668",0.293578441762934
"635702",0.0265054283164783
"636104",0.0478287407225732
"636741",0.0170822516421689
"636791",0.0561877546348427
"636808",0.0801395625617588
"636931",0.12137088984094
"637079",0.0977675201442268
"637515",0.130370964262104
"637776",0.107345923954973
"638247",0.0735760612998188
"638411",0.429917913696027
"638695",0.266389177939646
"638995",0.518462746996644
"639658",0.33398120545702
"640524",0.058971748719
"640543",0.446364378768625
"641340",0.00724309642372114
"641376",0.00583582520104975
"641387",0.0960674999976229
"641454",0.2582830899135
"652925",0.0295329928434044
"654309",0.0403968816816192
"654318",0.0309181144718843
"654359",0.0671432633682698
"654409",0.0200978682246508
"654424",0.066753403618938
"654432",0.613219564515636
"654440",0.0162071861853186
"654467",0.0682131487889273
"654469",0.0818003925940188
"654470",0.0165809720397823
"654472",0.0619553402871799
"654788",0.0177226843452888
"654795",0.00738988186558265
"654796",0.336372781152874
"654798",0.108906714243875
"654801",0.0126000569148678
"654803",0.00676289819944598
"654804",0.0380614573325181
"654806",0.057378568201079
"654810",0.317394484427552
"654812",0.14112499960564
"654818",0.0574362878890087
"654820",0.191141468370288
"654821",0.0641417497741815
"654822",0.48900591239896
"654824",0.0363488994766244
"664804",0.323638842463213
"664837",0.206301903698692
"664849",0.575420005375643
"664858",0.347674863988036
"664862",0.0178121808230043
"664883",0.0389206179929251
"664903",0.21098990039236
"664968",0.0485618616222227
"664969",0.489825669306725
"664987",0.0160037741326753
"664994",0.014824835376285
"665001",0.013924
"665004",0.40344351676226
"665005",0.287666574888731
"665033",0.23596072189583
"665037",0.428368567482372
"665054",0.066529618086298
"665055",0.869740924088149
"665095",0.318711305768143
"665113",0.0120639613007256
"665119",0.0839745057251551
"665155",0.0150026628703661
"665180",0.00784849389211359
"665205",0.264792329260435
"665211",0.0102030405060708
"665268",0.174833834091673
"665270",0.0690583806023735
"665306",0.335774129439966
"665433",0.124466246247402
"665562",0.159888830991717
"665563",0.0125283618119574
"665574",0.0274276601776861
"665577",0.433098814858994
"665578",0.108911935227544
"665596",1.47539815246293
"665622",4.47254849175711
"665635",0.294212975193347
"665700",0.327143911115427
"665726",0.0605045054065954
"665775",0.00414881386058614
"665828",0.142920880428316
"665845",0.539790132684915
"665858",0.306915068777846
"665931",0.69624685789164
"665934",0.10848579359566
"666009",0.546899764092805
"666048",0.123982251686019
"666060",0.0257374647937671
"666105",0.272343271134783
"666145",0.322775637117175
"666173",0.0050245350416979
"666182",0.18620452191627
"666190",0.0799108981411186
"666244",0.27302292071939
"666257",0.0438413759880149
"666279",0.415017402131439
"666311",0.0113842976827743
"666329",0.485774844398219
"666389",0.127435222846806
"666427",0.0306424079860064
"666468",0.0130371817438757
"666528",0.122043021364666
"666529",0.0397997500015703
"666532",0.0935290790837968
"666584",0.0329255254489748
"666589",0.217316075970628
"666680",0.240821797449652
"666704",0.0164744595070508
"666731",0.316549702608499
"666737",0.0293627069420006
"666747",0.522103485376507
"666752",0.0952200154058927
"666794",0.0650504466360548
"666892",0.0769528938609468
"666899",0.0117187006383768
"666907",0.445090321844371
"666920",0.469151346976529
"666926",0.26195584610457
"666938",0.0133293792137401
"666945",0.101041876850096
"667034",0.428013858168204
"667035",0.0831068021199138
"667103",0.51508541917816
"667114",0.498370806506144
"667118",0.0173519398519227
"667171",0.400042852391776
"667213",0.353203609378295
"667214",0.0561029185362483
"667250",0.060243655139638
"667370",0.073169351331663
"667373",0.0624250374880033
"667410",0.067521618064808
"667663",0.409802883472628
"667728",0.023135492925294
"667742",0.368726956016838
"667766",1.08010775501673
"667772",0.0714237361246456
"667803",0.474081999037454
"667823",0.342585521439321
"667962",0.2580323686491
"668039",0.0578208103123623
"668139",0.0500484681065642
"668158",0.0293070488945502
"668166",0.00905030516027603
"668171",0.0359040562831986
"668173",0.0101076176565296
"668178",0.89591898118202
"668210",0.422691117786212
"668212",0.041209
"668215",0.530763761350882
"668218",0.063269223531183
"668224",0.357157242225188
"668225",0.0782106423817502
"668253",0.0346190819094936
"668257",0.395562689957436
"668272",0.044150270728322
"668303",0.0723185553403295
"668310",0.20602585383029
"668415",0.200765080597711
"668489",0.345219422160859
"668501",0.00386778396151121
"668525",0.00899192581697998
"668548",0.0663217629554362
"668592",0.119448739839594
"668661",0.00436158103722405
"668662",0.190837090008299
"668829",0.098826806270675
"668880",0.015625
"668894",0.0345679991213995
"668917",0.0520976947509175
"668923",0.0200055581224817
"668929",0.0657421819328413
"668940",0.0189300959331796
"669675",0.381191492089899
"670507",0.346679980195361
"670727",0.311895355095553
"671336",0.303938928271266
"671535",0.0684486472190525
"671650",0.0694982218904368
"672098",0.0988125969012347
"672511",0.0161663595522759
"673094",0.326460070769472
"674251",0.493650334253922
"674277",0.377524554686522
"674895",0.0859193344
"675812",0.00633936999009157
"675921",0.21301775147929
"676369",0.498890540362003
"676527",0.333937779775125
"676837",0.44003714716419
"677044",0.488637536185951
"677289",0.465830978589057
"677884",0.0137236185812544
"751865",1.08802158700259
"767815",0.287955278149675
"768252",0.55044173374244
"768271",0.506935297210766
"790910",0.0730950614688489
"790912",0.287556430909268
"790913",0.40681301311386
"791282",0.374791119282116
"791288",0.425346052360809
"791292",0.330511127919562
"791299",0.109552040940414
"791303",0.2185589153445
"791312",0.0728772571369841
"791318",0.117440979674284
"791329",0.539499354196746
"791338",0.126979179444408
"791347",0.289150152936165
"791361",0.396545862163514
"791370",0.0290447278777919
"791381",0.213124540674996
"791383",0.083696271759888
"791403",0.435759531220051
"791411",0.0976265920394998
"791415",0.460205058041013
"791417",0.0670202292910159
"791423",0.287356087898862
"100009600",0.305513627169831
"100034361",0.00558374396244597
"100034363",0.185482136867561
"100034726",0.0392275103730114
"100034739",0.0697986225859414
"100034748",0.396169643232256
"100036521",0.0103842230354445
"100036523",0.053383550668612
"100036537",0.185605708461816
"100036568",0.0409353804253775
"100036569",0.135359074307989
"100036768",0.0752582846451112
"100037258",0.010039643172238
"100037260",0.0902958091679002
"100037262",0.0819952474693939
"100037278",0.103146687367121
"100037282",0.0171325119443787
"100037283",0.0284126779155188
"100037396",0.0501893626926419
"100038347",0.0151438611315965
"100038353",0.410980209707924
"100038356",0.042113495474057
"100038363",0.455675081275685
"100038371",0.283296798067769
"100038378",0.449828019633829
"100038384",0.473018328717136
"100038388",0.307156336188126
"100038392",0.0515968141520444
"100038410",0.331167675329299
"100038411",0.0901085317959903
"100038417",0.341171424372226
"100038433",0.322908608744395
"100038453",0.0579561042524006
"100038454",0.151234567901235
"100038460",0.0576431905505495
"100038467",0.0887246337657725
"100038489",0.544193084631399
"100038492",0.0173066490403861
"100038497",0.0605078229909224
"100038504",0.232751075087845
"100038514",0.0898989615572197
"100038516",0.27887470280733
"100038522",0.37969246261427
"100038526",0.114890131921319
"100038532",0.45679678460723
"100038538",0.0543165500976744
"100038543",0.370959205549027
"100038560",0.159358932197089
"100038566",0.340567112841568
"100038570",0.0772134432123428
"100038575",0.34503000796381
"100038577",0.0734069881449397
"100038591",0.0495050494423069
"100038595",0.233020418848379
"100038599",0.614113350591716
"100038608",0.416711740233291
"100038614",0.05151615432265
"100038617",0.32334321829284
"100038627",0.230743145161703
"100038631",0.354089967655963
"100038638",0.50083616260645
"100038653",0.0971875601200456
"100038689",0.129158443574815
"100038693",0.398587705812339
"100038699",0.467202408823306
"100038700",0.519709917355372
"100038709",0.426488962932112
"100038712",0.0249935027462627
"100038713",0.100819460052468
"100038725",0.00660957398849253
"100038732",0.0658110518145786
"100038734",0.43504704296626
"100038735",0.262611149715774
"100038739",0.018050466721343
"100038743",0.0521625252515201
"100038746",0.0109978795220723
"100038755",0.0241005274305994
"100038847",0.0696278876170656
"100038859",0.132501426624025
"100038860",0.389775857422147
"100038882",0.279032525951557
"100038909",0.506713347114256
"100038949",0.257503741403486
"100039027",0.118213230943242
"100039043",0.944164774062182
"100039045",0.118324011194935
"100039060",0.56374653701394
"100039062",0.347207345915144
"100039123",0.0156908587257618
"100039138",0.0522556000430311
"100039139",0.514841105753699
"100039184",0.358987643472152
"100039210",0.611233447804304
"100039222",0.344131968337469
"100039239",0.19327677544244
"100039284",0.0433900599468365
"100039332",0.471018608714231
"100039374",0.0526000330559891
"100039436",0.0823606998754023
"100039440",0.373835165773077
"100039441",0.0709276155548096
"100039495",0.0270219553387127
"100039596",0.367757533148805
"100039636",0.0141250024786
"100039674",0.262885391039587
"100039684",0.0339382861925332
"100039691",0.343617375975594
"100039707",0.0201769111570248
"100039731",0.116684146737403
"100039781",0.118710906640513
"100039786",0.0105778890898921
"100039794",0.387750124763745
"100039795",0.0124434364057982
"100039796",0.725026958141359
"100039805",0.401185430760441
"100039815",0.049139076748805
"100039830",0.049139076748805
"100039837",0.308835185395958
"100039861",0.0913564239915591
"100039863",1.53126024535225
"100039864",0.0211845676203803
"100039899",0.294156832408494
"100039901",0.125951921806282
"100039957",0.0512464197659465
"100039964",0.0501036832700283
"100039968",0.024645993251753
"100040048",1.45491674585835
"100040293",0.35008105951265
"100040294",0.313480828119937
"100040298",0.085533669746189
"100040322",0.0745332896240117
"100040328",0.391289850754155
"100040339",0.441547411652281
"100040421",0.120827969822972
"100040462",0.194484296330038
"100040500",0.367389467879308
"100040507",0.409034171028337
"100040525",0.0298622059022421
"100040529",0.0330578512396694
"100040531",0.0591672753834916
"100040557",0.447157533754074
"100040563",0.0549718322424612
"100040591",0.570729345066318
"100040599",0.105125156954745
"100040608",0.0200904460734584
"100040671",0.0560941828254848
"100040724",0.0246636176079775
"100040769",0.0105705392748208
"100040792",0.106069173934566
"100040807",0.233464495596352
"100040822",0.0474921722146768
"100040846",0.356862138578332
"100040852",0.0548074458589867
"100040870",0.0960758964036694
"100040926",0.310625599366234
"100040935",0.233464495596352
"100040944",0.0518772262505823
"100040970",0.0784687794681262
"100040972",0.207584824743254
"100040999",0.264031137153884
"100041012",0.608994281859817
"100041085",0.307788660204354
"100041089",0.0638069101338179
"100041151",0.0413135417882418
"100041194",0.184563646449457
"100041230",0.0553964665417628
"100041231",0.185659602076125
"100041239",0.552573368298957
"100041241",0.0331043905186746
"100041244",0.0641199498100811
"100041262",0.555424598712297
"100041273",0.0354279236773089
"100041279",0.434765858463485
"100041283",0.306686210210009
"100041286",0.0467198364479978
"100041289",0.0211740955956434
"100041290",0.581211965914027
"100041294",0.209523455216019
"100041306",0.0244111673516227
"100041339",0.436335136784364
"100041347",0.433336844385284
"100041420",0.0414702206043595
"100041433",0.438537073108403
"100041479",0.422858358520996
"100041480",0.0240423377027765
"100041490",0.714271626414799
"100041515",0.0426737621112815
"100041530",0.0359541054532407
"100041574",0.00958681108059304
"100041576",0.115151809726883
"100041581",0.0105390067311306
"100041585",0.025752623262258
"100041586",0.329249356682901
"100041596",0.461365961508758
"100041621",0.0105408503457246
"100041639",0.466690786571574
"100041655",0.320607365153351
"100041677",0.0742598127995519
"100041694",0.231937859809706
"100041697",0.421032282494052
"100041734",0.106984784218381
"100041735",0.0521940884334172
"100041781",0.0649004895798769
"100041805",0.118449172934447
"100041874",0.0396795627956504
"100041879",0.0636663823098084
"100041953",0.0228755150743165
"100041965",0.0987755102040816
"100041979",0.0862187006002025
"100042024",0.462561438420696
"100042049",0.193985969625728
"100042054",0.26635619367372
"100042056",0.118043806429487
"100042074",0.0614896888398146
"100042100",0.0776218410435385
"100042132",0.184714582082444
"100042143",0.0738151831696587
"100042149",0.102737892959347
"100042150",0.0582797261462276
"100042165",0.0133120460573677
"100042166",0.523157828244288
"100042173",0.0386294758433346
"100042178",0.024594869586666
"100042194",0.0359471893629031
"100042198",0.201085540548028
"100042235",0.0514985136002074
"100042237",0.0322638698616029
"100042277",0.022523398429348
"100042304",0.101481419673667
"100042332",0.133631032350281
"100042416",0.093185595567867
"100042450",0.0231667415957913
"100042458",0.0196453091738653
"100042480",0.0326169466479541
"100042484",0.308551271620848
"100042493",0.772001859504132
"100042498",0.0179915292808397
"100042499",0.342252379642768
"100042503",1.21373168629704
"100042519",0.0907877424152857
"100042533",0.950095432770993
"100042555",0.70545993399702
"100042584",0.0515138939712798
"100042603",0.34816224844954
"100042648",0.476706023024271
"100042678",0.288614506212778
"100042679",0.0301408179012346
"100042698",0.247657264388309
"100042773",0.0569446994787367
"100042784",0.0176155878574232
"100042807",0.0230772544707722
"100042827",0.202635601986856
"100042856",0.157257237694202
"100042875",0.0293168363967656
"100042880",0.0938927615343523
"100042889",0.521591152601899
"100042916",0.309207552337603
"100042940",0.102791212633296
"100042948",0.0447096282621704
"100042951",0.120867462317861
"100042958",0.0323825555944418
"100043034",0.566721373563944
"100043040",0.0268441380190877
"100043070",0.354523348539564
"100043072",0.040701946243821
"100043074",0.115213332011369
"100043089",0.0448312989024102
"100043102",0.236161314604542
"100043133",0.020984454146984
"100043143",0.0423005619186427
"100043150",0.384052636352744
"100043189",0.0510646208364988
"100043202",0.273321780462876
"100043213",0.0178541356862092
"100043272",0.00519816290949945
"100043277",0.08614070255528
"100043305",0.342910478045613
"100043309",0.376293276442361
"100043314",0.0270099019207755
"100043315",0.427644003030048
"100043332",0.436039065453253
"100043335",0.315414847663962
"100043381",0.0306750505260258
"100043387",0.0115568519115329
"100043403",0.0111719904199584
"100043407",0.0434027777777778
"100043416",0.343520649388477
"100043424",0.356622568508144
"100043434",0.47468563060791
"100043450",0.0688221083876647
"100043456",0.877797569883271
"100043461",0.529832400245015
"100043468",0.0061860876152001
"100043474",0.157848989907622
"100043488",0.363354329755875
"100043489",0.0301616497058531
"100043497",0.508036712077464
"100043507",0.522868012986264
"100043580",0.226654849314746
"100043597",0.0257482345617207
"100043600",0.209100267215677
"100043606",0.366338562872604
"100043682",0.170332410371261
"100043718",0.0651706722234987
"100043757",0.0196891821281816
"100043766",0.0551236715716464
"100043772",0.014510467460187
"100043793",0.494030242980439
"100043813",0.0776020408163265
"100043831",0.250313512352943
"100043911",0.0334822905470896
"100043915",0.0667687139401528
"100043920",0.0604955089710311
"100044193",0.0459469013635546
"100044509",0.201443939218346
"100045066",0.504647277827656
"100045469",0.0544693561093871
"100045653",0.0436345679012346
"100045778",0.347640411536515
"100045792",0.341874036431518
"100047123",0.0671490271095697
"100047133",0.116824755491863
"100048534",0.36063943149037
"100048658",0.396897818940161
"100048701",0.337673161228584
"100048895",0.0283153666265407
"100048985",0.330242533049005
"100049077",0.463948599806375
"100049166",0.390163741422824
"100073351",0.047930018389275
"100093700",0.276211859343451
"100093714",0.0365453392903842
"100101457",0.0656375930605833
"100101806",0.00793571645760538
"100101807",0.019083418688439
"100101919",0.093431305667085
"100113398",0.0460625496638894
"100124623",0.062368904073842
"100125339",0.511003774427879
"100125586",0.436572197314395
"100125929",0.168998857102486
"100125931",0.0393889631521537
"100125933",0.164111699399667
"100126034",0.0339335180055402
"100126227",0.267052371966677
"100126229",0.10099468543522
"100126242",0.476058055635111
"100126243",0.0217755297809917
"100126244",0.348022607732967
"100126795",0.474376147690406
"100126824",0.0318937029229842
"100127111",0.0652252131338939
"100127433",0.716370900383856
"100134990",0.301912822425863
"100141474",0.0338749172298465
"100151693",0.278697488194074
"100169864",0.73996993872124
"100169865",0.114244986143631
"100169868",0.0745706552930158
"100169871",0.0798944274637103
"100169874",0.299657247911907
"100169878",0.297713262324442
"100188919",0.416016152310416
"100216343",0.390989958565721
"100216455",0.387703084122657
"100216530",0.279820989375432
"100217414",0.290791865037691
"100217415",0.0369621522034499
"100217417",0.410913872452334
"100217418",0.153132916968637
"100217419",0.37315573669746
"100217420",0.139426571202854
"100217422",0.59957321764851
"100217442",0.262437339695045
"100217445",0.329420249599189
"100217447",0.362778415613822
"100217451",0.0951216609334746
"100217453",0.401957882704506
"100217461",0.526035058054079
"100233175",0.0296356473412751
"100233208",0.0322650202330212
"100270707",0.144880090020191
"100270744",0.317321644429968
"100271841",0.0277339469715422
"100271928",0.208839172158631
"100272219",0.147537388711021
"100272221",0.672509385338554
"100294583",0.0433256515775034
"100302498",0.14889008951379
"100302499",0.368562634375986
"100302593",0.526239972485307
"100302648",0.458139928779325
"100302688",0.64823748075782
"100302730",0.00422846357385788
"100303644",0.381012689554072
"100303731",0.143876337693222
"100303747",0.526629457023018
"100306943",0.0248525951557093
"100306944",0.034033625683431
"100306945",0.0394483943527493
"100306952",0.0547099187901745
"100306954",0.461652250593966
"100306955",0.406498674270345
"100306957",0.305084100381361
"100310809",0.0202070438029644
"100310813",0.51288889506129
"100310872",0.0182002052892995
"100312956",0.416493367248021
"100313519",0.0680142691115703
"100313531",0.650037396419897
"100313943",0.197385023812793
"100316903",0.221444032308672
"100316932",0.303392339436099
"100359413",0.36075159059603
"100379095",0.0663106875434701
"100379145",0.140184885915357
"100380944",0.0445443296886442
"100384868",0.0865051903114187
"100415787",0.0286566854247172
"100415915",0.228541814866299
"100415916",0.410300797009975
"100416706",0.0190017005128151
"100417434",0.389044356864093
"100417675",0.232084820715009
"100417829",0.604241538841998
"100500713",0.221685230234545
"100502590",0.194128626716083
"100502619",0.383133130529938
"100502624",0.226780321346031
"100502630",0.299844082697378
"100502635",0.368122226331361
"100502653",0.231355374303204
"100502661",0.260974421499222
"100502670",0.216178435983553
"100502695",0.173971878412018
"100502698",0.00729965912679897
"100502700",0.105630484377636
"100502734",0.0293584186874955
"100502736",0.0768932715383761
"100502742",0.213106785250435
"100502745",0.209777984965911
"100502766",0.0724623524108941
"100502820",0.390107170137114
"100502825",0.0614803143729988
"100502829",0.106716013312099
"100502834",0.375669486727459
"100502841",0.00666253704037723
"100502846",0.18537172145228
"100502849",0.0871678198337236
"100502861",0.0160908956818294
"100502868",0.236878961068357
"100502874",0.274477616464506
"100502876",0.0601082733651694
"100502920",0.575365376226217
"100502932",0.463594147460638
"100502933",0.538700093149462
"100502940",0.0975126783954658
"100502942",0.251571556310646
"100502945",0.213300443595848
"100502946",0.18058834286062
"100502959",0.442958423379899
"100502973",0.493840612352092
"100502982",0.0437479380521021
"100502985",0.0798705424066205
"100503000",0.352561955761841
"100503002",0.0678840438810158
"100503003",0.0347767282516381
"100503007",0.415477923744526
"100503019",0.437255984320503
"100503040",0.0449654291815296
"100503041",0.109368218736437
"100503043",0.010539493848594
"100503044",0.535196782180731
"100503068",0.132891955450258
"100503085",0.0160730059776345
"100503099",0.0744578367788504
"100503104",0.242671689606545
"100503106",0.366474452770183
"100503120",0.310360741936534
"100503142",0.0306779462514633
"100503147",0.171081738524608
"100503166",0.416890919955972
"100503175",0.231186801153436
"100503178",0.00636600271616116
"100503185",0.0275573200953326
"100503199",0.051840161732736
"100503240",0.154970845995491
"100503265",0.544966451851378
"100503272",0.273010357719854
"100503289",0.123165289604027
"100503307",0.44572618694985
"100503311",0.786609617590736
"100503323",0.121818169392126
"100503332",0.299098894207346
"100503337",0.34998359794516
"100503338",0.0453517291922644
"100503353",0.0250222788153536
"100503355",0.438487609961107
"100503378",0.505328863316007
"100503380",0.0193233550224599
"100503384",0.0401988809862056
"100503386",0.0695500828437128
"100503390",0.0746521699135616
"100503392",0.303685435514313
"100503393",0.0150597752119459
"100503399",0.444444444444445
"100503427",0.0943203018698537
"100503460",0.524695923734385
"100503468",0.40926210021103
"100503469",0.352611371006806
"100503471",0.303911900065746
"100503495",0.543825468537237
"100503496",0.737295062229628
"100503498",0.358637388242341
"100503519",0.0815026544305817
"100503536",0.361552668022002
"100503538",0.147997567030851
"100503545",0.345373792061061
"100503565",0.457393241202407
"100503572",0.00408155143274892
"100503583",0.453918769052112
"100503584",0.467288880388489
"100503592",0.566771460695942
"100503594",0.517075959633186
"100503595",0.375486909644804
"100503600",0.270699610436335
"100503605",0.0712720869761062
"100503609",0.348719226067264
"100503613",0.392781329002189
"100503619",0.31683344393528
"100503620",0.055842329829979
"100503622",0.347967428355006
"100503630",0.413378973262425
"100503632",0.0138357113262647
"100503636",0.192197077513852
"100503652",0.509564394204204
"100503659",0.0250599869534621
"100503670",0.00628915135788406
"100503676",0.472645247951619
"100503690",0.161072154890042
"100503704",0.0695348260361291
"100503754",0.184991490846442
"100503783",0.246860313720627
"100503790",0.264147986668583
"100503799",0.0668434470183569
"100503802",0.00413430496609906
"100503812",0.598437079427453
"100503823",0.0219688769350851
"100503827",0.327312253167561
"100503830",0.309212289666599
"100503842",0.167025003978253
"100503849",0.0195525711002585
"100503859",0.355883092038566
"100503866",0.0751362801881502
"100503868",0.329020007356254
"100503869",0.0267293505476268
"100503884",0.00685268097837559
"100503890",0.0129150730178639
"100503915",0.161788347187835
"100503924",0.0609550837735647
"100503949",0.172890202244103
"100503962",0.343230282624222
"100503991",0.404142270096185
"100504007",0.386776501295534
"100504018",0.361636627213637
"100504029",0.386674416670021
"100504049",0.0414248737615484
"100504056",0.0820376767663869
"100504061",0.0779971668355086
"100504101",0.0532101790411751
"100504104",0.0930678034399784
"100504112",0.45780088706669
"100504114",0.0495485688832835
"100504116",0.00809118707392474
"100504121",0.143328610460127
"100504141",0.0743509651068742
"100504156",0.106920457775215
"100504166",0.0196211377714489
"100504177",0.42808329655058
"100504178",0.168522389868145
"100504191",0.143233136094675
"100504207",0.44042017569787
"100504221",0.138427497100912
"100504231",0.348007179644305
"100504234",1.28709338852121
"100504235",0.531447311707052
"100504249",0.325537438097856
"100504262",0.0466167355371901
"100504263",6.56349890351112
"100504267",0.351729695257901
"100504283",0.385332228199474
"100504285",0.24398403894266
"100504291",0.0447485207100592
"100504304",0.323710936840996
"100504309",0.0594807438436782
"100504312",0.111879902344474
"100504323",0.0935350533786218
"100504333",0.526899164397526
"100504347",0.643521313850984
"100504350",0.0625
"100504360",0.0719085886233553
"100504361",0.412812846535593
"100504375",0.282260104265264
"100504377",1.78528872865118
"100504412",0.0735601725331541
"100504421",0.030842538227929
"100504425",0.418163882289308
"100504446",0.495037634178022
"100504455",0.0169605191995673
"100504457",0.399437833225104
"100504467",0.0681560026648222
"100504477",0.175715469008132
"100504486",0.0152793794666167
"100504488",0.610833090136361
"100504491",0.0821252495105688
"100504501",0.0979084287200833
"100504512",0.234582668021483
"100504518",0.525901753977041
"100504539",0.0492936177977036
"100504549",0.3970006663336
"100504561",0.435533503797372
"100504568",0.544316049382716
"100504586",0.00826206296591987
"100504601",0.296912545503692
"100504616",0.288605907371317
"100504626",0.0695056705545604
"100504628",0.851186602496793
"100504632",0.0575383564225343
"100504637",0.253515307225471
"100504641",0.0937390387362275
"100504661",0.449851882480711
"100504663",0.00801732404549202
"100504675",0.502306269503741
"100504687",0.0201848976465818
"100504703",0.140004294531732
"100504710",0.642647360152995
"100504714",0.269140863177227
"100504715",0.0152898952910736
"100504717",0.359538609467456
"100504720",0.19225174261281
"100504727",0.445804338196299
"100504734",0.0225175510125049
"100504740",0.140545254242896
"100505025",0.530642871315193
"100505034",0.229404723734138
"100505386",0.109994005583904
"100505397",0.10334959967925
"100526796",0.241468921239428
"100529079",0.428685264064055
"100532730",0.252306179027332
"100534287",0.199661314727088
"100534296",0.320271542327513
"100568458",0.194870546221898
"100568459",0.144262164427373
"100616095",0.236864271233097
"100642166",0.0261871613216834
"100653389",0.291074866603479
"100689703",0.0331426692965155
"100846986",0.394701251699947
"100859931",0.0912355747372244
"100861531",0.200996251872475
"100861615",0.0424088622731321
"100861618",0.499178790473762
"100861663",0.514070889070441
"100861668",0.0581890772335559
"100861698",0.0942662831269179
"100861749",0.0667850919843712
"100861870",0.461472091045524
"100861913",0.350966681840737
"100861998",0.38962928419727
"100862066",0.0773965473900313
"100862072",0.65098452859249
"100862085",0.0197626955019839
"100862203",0.0241304552738241
"100862247",0.360527279314196
"100862261",0.0608810281419861
"100862268",0.0955322741219364
"100862349",1.39192070597058
"100862368",0.31148406811003
"100862375",0.00778546712802768
"100862388",0.32113872887482
"100873092",0.207386968735674
"101055656",0.153931682480249
"101055670",0.342819467551716
"101055671",0.503424036281179
"101055676",0.86601622785943
"101055754",0.398905142054965
"101055798",0.30683297270525
"101055840",0.0760888796293372
"101055854",0.370159174563396
"101055907",0.0291235968456046
"101055983",0.214548364796733
"101056014",0.015242293161381
"101056032",0.046818656482636
"101056047",0.0792057759824753
"101056065",1.15261294654555
"101056072",0.266292751670364
"101056073",0.262854832690498
"101056084",0.330486125697216
"101056144",0.8400422078945
"101056205",0.056329183991205
"101056232",0.183035411032354
"101056408",0.406121701610332
"101202684",0.430084758815977
"101243624",0.0850694444444445
"101488143",0.107995210297507
"101669761",0.117788233586491
"102216269",0.293306540704943
"102216272",0.0137304879865864
"102238433",1.98715002095156
"102443350",0.00949317107110228
"102443351",2.32002808899103
"102631515",0.0657437240298114
"102631518",0.490244785808597
"102631543",0.0260145681581686
"102631545",0.148280314341326
"102631558",0.40210964111304
"102631562",0.109155705483567
"102631576",0.576763423084779
"102631584",0.0781113739288961
"102631586",0.0410755762005972
"102631588",0.260766961670424
"102631598",0.268726024529056
"102631600",0.406950562512716
"102631604",0.103272508338736
"102631606",0.558095190092396
"102631609",0.625948119413054
"102631611",0.0560209049981318
"102631618",0.108991625345267
"102631622",0.203745952611821
"102631626",0.323292218551078
"102631635",0.46173950728581
"102631637",0.111983327564393
"102631647",0.0537276580964295
"102631656",0.216870018862652
"102631665",0.0741144034104364
"102631666",0.343431939611515
"102631674",0.0588492902314756
"102631685",0.491280381496532
"102631705",0.0395972697345679
"102631706",0.135371550736355
"102631709",0.353013643155709
"102631714",0.277411434783414
"102631718",0.204451663478631
"102631725",0.346036542244753
"102631729",0.475595358001759
"102631731",0.0418066778078577
"102631735",0.656534971397685
"102631739",0.134639032928615
"102631753",0.358093980846531
"102631761",0.344184563884836
"102631780",0.205338750421816
"102631782",0.116235949546237
"102631784",0.299193810893753
"102631788",0.393930687356884
"102631791",0.401276605684405
"102631795",0.133427854938272
"102631796",0.037926519236576
"102631802",0.412559171597633
"102631805",0.432651232656898
"102631806",0.163439777016687
"102631812",0.0197657079602615
"102631813",0.238331313571438
"102631824",0.269310829352501
"102631828",0.0261992623253884
"102631829",0.596313299109252
"102631845",0.0977599415634399
"102631854",0.59005121885323
"102631855",0.141022767252635
"102631859",0.206332553979626
"102631862",0.294415733274347
"102631865",0.360260068620742
"102631866",0.146021191616651
"102631869",0.174542293820186
"102631874",0.1403485872904
"102631885",0.0616792102498939
"102631887",0.380738318241898
"102631889",0.0103737997256516
"102631890",0.218782518210198
"102631898",0.150816696856412
"102631903",0.139918342826629
"102631905",0.258796984856679
"102631909",0.0440612175982618
"102631912",0.0158050527423281
"102631932",0.433244691011469
"102631933",0.0622827138293229
"102631936",0.539224490908265
"102631937",0.451593900606751
"102631939",0.453056316567461
"102631941",0.427514792899408
"102631948",0.325875520400137
"102631958",0.0328493021880328
"102631959",0.488234669411408
"102631965",0.425863475060063
"102631968",0.19963705071495
"102631977",0.34911482121384
"102631979",0.0303852748942714
"102631989",0.0338881573983708
"102631992",0.165878735786802
"102631993",0.359217136254252
"102631998",0.38573214540776
"102632007",0.151331076987769
"102632008",0.0578248290175983
"102632019",0.0107581643591886
"102632031",0.0435713435138568
"102632040",0.473927875238229
"102632048",0.1611918022139
"102632060",0.431180497823855
"102632061",0.438918582551261
"102632064",0.399415160888063
"102632069",0.412916190779106
"102632075",0.404573567411995
"102632080",0.301844992905037
"102632081",0.119434303739387
"102632087",0.190760239698093
"102632089",0.270986842649892
"102632093",0.176253952625359
"102632094",0.264093816116607
"102632096",0.095986262071559
"102632114",0.188264461730855
"102632115",0.408767071504543
"102632116",0.237916038794261
"102632124",0.289136852002862
"102632129",0.370486846712637
"102632130",0.0675278497951884
"102632132",0.0455471809421594
"102632139",0.317800071799678
"102632141",0.17640125664073
"102632144",0.323026758532287
"102632148",0.0232242772537475
"102632154",0.5208302339976
"102632155",0.473061975938587
"102632163",0.0583727236021386
"102632165",0.150593841143674
"102632174",0.316436496375112
"102632177",0.26436965661087
"102632178",0.465990175337947
"102632192",0.431097573917048
"102632195",0.378107232316117
"102632199",0.357065532990899
"102632200",0.194215576246103
"102632212",0.274261084566808
"102632229",0.29441016854849
"102632230",0.338228000090748
"102632232",0.161457477159747
"102632234",0.0337809508641226
"102632238",0.312567997408832
"102632241",0.431047471394882
"102632244",0.487303423469433
"102632247",0.349570617396196
"102632262",0.127993661048672
"102632268",0.218216182856135
"102632272",0.515692955017301
"102632284",0.383798274564628
"102632286",0.187134595995924
"102632297",0.135282959112721
"102632313",0.138175845098556
"102632315",0.414054464271312
"102632317",0.414290618939522
"102632324",0.41564380657138
"102632331",0.338736317572296
"102632338",0.310190638280208
"102632340",0.0333169581617198
"102632341",0.145752870026378
"102632348",0.177253313266747
"102632352",0.205671715953321
"102632353",0.0312331148396364
"102632357",0.355167840016325
"102632358",0.415675713996423
"102632359",0.40495867768595
"102632375",0.186430255917547
"102632377",0.0545513554534502
"102632388",0.265602557438984
"102632389",0.218993545851083
"102632394",0.0309476492220304
"102632403",0.127609874263838
"102632411",0.531364265927978
"102632414",0.300675259248097
"102632415",0.156541543601572
"102632417",0.0550228358521233
"102632418",0.323694350018378
"102632420",0.358448277667808
"102632426",0.374670296359284
"102632429",0.442861031961734
"102632430",0.245513722772756
"102632435",0.0896253637395397
"102632436",0.0709499362343195
"102632438",0.0484425385411779
"102632440",0.696954773375421
"102632444",0.0636332498142814
"102632457",0.420458386417805
"102632462",0.163032133652972
"102632463",0.114645441306923
"102632465",0.573007104943726
"102632477",0.159967567019796
"102632479",0.0347314049586777
"102632482",0.439616842009656
"102632483",0.497664333634428
"102632484",0.0968055993529091
"102632488",0.341226948245092
"102632492",0.753031864990453
"102632496",0.493119205088123
"102632507",0.309266861887989
"102632513",0.131207020914466
"102632514",0.136184807492196
"102632516",0.166898987936395
"102632517",0.351848462670615
"102632520",0.58853402700437
"102632522",0.374798620500883
"102632530",0.39588280479716
"102632532",0.302349451665117
"102632538",0.160471628336742
"102632541",0.331997174897921
"102632545",0.119079676836619
"102632554",0.456400574253881
"102632563",0.374183987105476
"102632566",0.39582204438605
"102632568",0.115280904804984
"102632580",0.495625974812198
"102632582",0.723937912786763
"102632589",0.452929697530066
"102632590",0.404598314030658
"102632594",0.559493151049743
"102632597",0.371304417026297
"102632603",0.270086765158056
"102632605",0.0427136649542492
"102632621",0.0832420353685056
"102632631",0.322268295506642
"102632635",0.0319420552286102
"102632638",0.0372006471515071
"102632660",0.330659514706243
"102632664",0.238508967423094
"102632666",0.056936629603143
"102632668",0.417155427878324
"102632669",0.0866783970310006
"102632672",0.454744089796862
"102632681",0.129006096241946
"102632686",0.062669721578367
"102632693",0.14782660927053
"102632708",0.349983700903172
"102632716",0.456083453888754
"102632717",0.540002295684114
"102632720",0.207520750977294
"102632722",0.155311490595771
"102632727",0.141477455289928
"102632737",0.150605342172348
"102632738",0.420754310901796
"102632739",0.424292262024781
"102632764",0.428749281469974
"102632780",0.289940828402367
"102632785",0.16087791330456
"102632789",0.568208856310014
"102632805",0.26076754821771
"102632807",0.459420398058248
"102632812",0.0814302163057466
"102632820",0.316100351385887
"102632821",0.112147106544078
"102632823",0.459640910305463
"102632827",0.251362538091491
"102632833",0.0365940248763702
"102632839",0.0223087704246878
"102632843",0.030148738373657
"102632845",0.0397050021588628
"102632854",0.241742934177112
"102632860",0.436783695106624
"102632865",0.491318142599466
"102632874",0.175605877089185
"102632875",0.367638563215828
"102632891",0.465694699680098
"102632893",0.0713617658531342
"102632900",0.531396731135971
"102632914",0.242178337149842
"102632922",0.0697014419024865
"102632924",0.307558614566229
"102632926",0.12176876396908
"102632932",0.363556969591919
"102632934",0.461497962396905
"102632938",0.0995384391398783
"102632948",0.437842545979337
"102632954",0.0620378943758573
"102632958",0.236571475835702
"102632962",0.450352927454105
"102632966",0.0620104457488768
"102632975",0.304767651341981
"102632986",0.0801854968492879
"102632990",0.181852226600635
"102632992",0.486363078716643
"102632994",0.369130380891075
"102632995",0.405142353237591
"102633000",0.24733524730593
"102633002",0.446094634914338
"102633004",0.156570303210464
"102633006",0.274996078356633
"102633007",0.423097602215814
"102633009",0.0711111111111111
"102633029",0.35784200871461
"102633037",0.543022354986077
"102633038",0.101413546022214
"102633048",0.068352788385241
"102633052",0.0700221225448752
"102633060",0.0914154435574583
"102633065",0.305727047052765
"102633068",0.274050153208283
"102633070",0.231444548297834
"102633071",0.422736888999933
"102633075",0.121745768852544
"102633077",0.399257336070523
"102633078",0.072650661184617
"102633093",0.11611073260775
"102633095",0.468427137452462
"102633097",0.135705357388854
"102633107",1.19098938751483
"102633140",0.408040804496982
"102633143",0.358401867967289
"102633145",0.100303824195332
"102633149",0.0221208576725042
"102633151",0.0340437811920515
"102633156",0.118259413767051
"102633159",0.500920968377639
"102633163",0.545926041955116
"102633171",0.350154704198007
"102633177",0.48464195838968
"102633185",0.0972366747600878
"102633190",0.515734708784902
"102633194",0.408884997954276
"102633199",0.025772590939246
"102633203",0.142664668779421
"102633209",0.517702959423719
"102633211",0.484879537289004
"102633214",0.336246520345482
"102633220",0.430620861089369
"102633226",0.0751646573221448
"102633229",0.399451971689307
"102633233",0.528219784486328
"102633236",0.432631583431076
"102633239",0.0597002390067959
"102633240",0.420717658547434
"102633245",0.0781942836609377
"102633248",0.672322973415947
"102633257",0.301417683404751
"102633260",0.414854307713526
"102633266",0.698943341018553
"102633270",0.0529779528696524
"102633271",0.298423971053849
"102633277",0.431782291627133
"102633283",0.481396128638927
"102633286",0.267575004710629
"102633291",0.04251061113304
"102633297",0.342906731219331
"102633300",0.0301717962386256
"102633302",0.0952582229706721
"102633317",0.0970490969023343
"102633321",0.33394235592141
"102633322",0.309704070351475
"102633345",0.485778095880407
"102633348",0.119866661837767
"102633356",0.437476834816645
"102633360",0.0724297643491405
"102633372",0.467649177501446
"102633373",0.0973623148216051
"102633383",0.376019951198157
"102633388",0.139020254491776
"102633389",0.358533606411731
"102633393",0.560881090270905
"102633396",0.377886583953309
"102633398",0.241863502674196
"102633407",0.304685067818203
"102633409",0.40702525520007
"102633417",0.343360065368631
"102633419",0.067323680422506
"102633422",0.0254360378686894
"102633424",0.0177201045707539
"102633428",0.224777403956625
"102633432",0.0406543858703092
"102633433",0.542693173219603
"102633437",0.289037539595332
"102633439",0.22021070372316
"102633445",0.0981396180140391
"102633458",0.17648304107217
"102633464",0.0312950878061443
"102633466",0.769416781242503
"102633471",0.01792855032041
"102633474",0.0725991327523296
"102633475",0.198073294075461
"102633477",0.318774384540293
"102633480",0.168208247234385
"102633492",0.0200463783288004
"102633496",0.260126059335043
"102633498",0.101084026177226
"102633503",0.0435098660873752
"102633507",0.363968900107667
"102633509",0.398360122374239
"102633513",0.0603021164892973
"102633516",0.0672472682761385
"102633518",0.0703742963690134
"102633526",0.555531467652107
"102633530",0.322755723587482
"102633532",0.38793242267587
"102633537",0.343941187994554
"102633545",0.391333402453884
"102633550",0.454197031274393
"102633551",0.0425755778344729
"102633555",0.0976160131594835
"102633560",0.0221274299721662
"102633562",0.319099383817673
"102633563",0.374346179798247
"102633572",0.104251795020729
"102633573",0.0705645441384638
"102633579",0.039123273575634
"102633582",0.477600814597152
"102633591",0.413068255079298
"102633593",0.210705322328557
"102633600",0.164718510319445
"102633603",0.127659309500524
"102633607",0.346989374443804
"102633616",0.260933838846415
"102633618",0.0783527746415351
"102633622",0.281255801220117
"102633623",0.0811964654737106
"102633624",0.460020534415081
"102633625",0.415107639316016
"102633634",0.154162443183845
"102633636",0.392127352647103
"102633638",0.0804799457476785
"102633646",0.491367020732209
"102633661",0.481640268589673
"102633665",0.061089716098192
"102633667",0.212642995208532
"102633669",0.0638221817073495
"102633673",0.334414367346939
"102633674",0.318761616949394
"102633676",0.0430532601383617
"102633689",0.324664111523525
"102633699",0.489783789086677
"102633704",0.474333236856236
"102633716",0.327002647762971
"102633720",0.532670584595278
"102633721",0.353318010660668
"102633730",0.0647839460822814
"102633740",0.391961611512894
"102633742",0.332770102305995
"102633750",0.0577247427896779
"102633754",0.296284719872009
"102633758",0.440343479568312
"102633760",0.314767786926141
"102633762",0.400739309649557
"102633763",0.135461962545464
"102633774",0.304592987652596
"102633775",0.502544378575425
"102633779",0.435038478949751
"102633781",0.5094235463138
"102633785",0.184935392640011
"102633788",0.308403786262095
"102633792",0.281375102854069
"102633796",0.267804765492591
"102633812",0.10656097238737
"102633818",0.105307178939603
"102633826",0.394432857266693
"102633829",0.42359368411372
"102633833",0.234619140625
"102633836",0.0227050256428403
"102633839",0.59486067472031
"102633849",0.471683873264507
"102633860",0.455557747763777
"102633861",0.340043547684715
"102633867",0.415460602691921
"102633868",0.0342076040919409
"102633871",0.0674115851000738
"102633874",0.28868084293754
"102633880",0.064845013197717
"102633882",0.358514066819489
"102633888",0.0323442100835286
"102633894",0.574575320157938
"102633899",0.344139760736658
"102633900",0.116887006052366
"102633901",0.343899401262805
"102633905",0.396909219003597
"102633908",0.497734307757376
"102633913",0.0493827160493827
"102633914",0.382869934157447
"102633923",0.273372648995219
"102633925",0.148075284994649
"102633930",0.040345784128264
"102633936",0.315259875634161
"102633938",0.363215166850571
"102633939",0.0375835843810715
"102633943",0.11724266907861
"102633946",0.302258386591107
"102633951",0.519699957584069
"102633968",0.406322811874675
"102633974",0.295930026111136
"102633984",0.178955842369729
"102633986",0.0637520557168243
"102633993",0.474085861751971
"102633994",0.0836330892294533
"102634000",0.0264369397203592
"102634002",0.227425054316892
"102634008",0.534312869396603
"102634011",0.0409388545500897
"102634017",0.0821205775121508
"102634034",0.434530849034631
"102634036",0.318238381254141
"102634042",0.0471516080568456
"102634044",0.0658990227600313
"102634049",0.0730846570637317
"102634055",0.494719273239878
"102634056",0.416654621753297
"102634058",0.0505991807985838
"102634060",0.453051108623349
"102634064",0.198345703611271
"102634067",0.376788140692771
"102634068",0.340999178872335
"102634072",0.0113361504704544
"102634073",0.597816775965529
"102634076",0.0464179595719382
"102634078",0.0355268984664988
"102634096",0.448181872517537
"102634101",0.387870698429261
"102634109",0.367186725128363
"102634115",0.435444643574861
"102634128",0.430102100191587
"102634132",0.0739168107692769
"102634136",0.220324864639733
"102634140",0.0511090339861175
"102634148",0.333268018943024
"102634155",0.0687111651629322
"102634160",0.42023235740428
"102634161",0.358497463212161
"102634165",0.101061194939796
"102634171",0.490819055435861
"102634185",0.363943952798975
"102634191",0.410870405026979
"102634197",0.447783430414411
"102634200",0.0618333380994595
"102634210",0.430832867618419
"102634213",0.04340174024671
"102634227",0.39351687876002
"102634229",0.12529238918702
"102634240",0.436210226401973
"102634251",0.512059030408857
"102634258",0.359947277853108
"102634267",0.313265760748496
"102634271",0.526561143293417
"102634280",0.42135383017558
"102634282",0.566482288454095
"102634286",0.108510807407024
"102634288",0.0457120820697547
"102634293",0.037928818123998
"102634296",0.356623425427617
"102634309",0.0636644321541877
"102634310",0.0846533984233086
"102634323",0.410831475688808
"102634330",0.446884374320247
"102634331",0.104959310636428
"102634333",0.108003262139346
"102634341",0.433914439748269
"102634351",0.0339482829430379
"102634363",0.381427115213685
"102634366",0.393047474815248
"102634384",0.474339654434136
"102634389",0.424902417393347
"102634392",0.113379783804893
"102634394",0.464635091827643
"102634405",0.326276144628666
"102634407",0.448801063125104
"102634420",0.404003117281046
"102634421",0.295368620037807
"102634423",0.303858694977209
"102634424",0.331146996147124
"102634428",0.142164871807022
"102634429",0.128532000880776
"102634431",0.155027595749824
"102634434",0.409003167154248
"102634445",0.23016080977475
"102634450",0.143036683660097
"102634456",0.0577719269301141
"102634461",0.465860418241371
"102634481",0.0323763814427982
"102634487",0.104387740183356
"102634496",0.032897237242487
"102634500",0.291462217236581
"102634502",0.0324587837009768
"102634512",0.0768953813005576
"102634521",0.428084207333452
"102634523",0.364287322957532
"102634524",0.263300790564286
"102634530",0.378236490641558
"102634533",0.193999591747869
"102634534",0.096166361036137
"102634535",0.308053365218577
"102634541",0.182775346925252
"102634544",0.344321249857159
"102634545",0.443950699612868
"102634546",0.36128820532248
"102634561",0.0477122327467851
"102634563",0.337738998058641
"102634564",0.183526147581459
"102634569",0.348568588591379
"102634580",0.382455426251069
"102634584",0.45778492104389
"102634592",0.0469224567823709
"102634594",0.114557594765474
"102634598",0.193456937008395
"102634602",0.413882580578821
"102634628",0.128212385999486
"102634630",0.270285095082568
"102634634",0.0460162847247205
"102634642",0.142246388170278
"102634646",0.49604085966976
"102634649",0.383219954648526
"102634650",0.0924262835841576
"102634651",0.29001511684504
"102634652",0.387107958310045
"102634653",0.120965005422173
"102634658",0.519240251094669
"102634661",0.428719201451751
"102634668",0.224779935230276
"102634676",0.0432737696317033
"102634680",0.526947761564904
"102634683",0.373067638889422
"102634686",0.0451665974550176
"102634688",0.153584243983254
"102634692",0.396654757345633
"102634702",0.358481014351997
"102634715",0.0712278986514789
"102634716",0.240046255293123
"102634719",0.404005256491577
"102634735",0.147978400501427
"102634737",0.205749592217958
"102634738",0.36
"102634739",0.0299881023200476
"102634746",0.423255422542797
"102634755",0.02804563119734
"102634756",0.0341689623507805
"102634757",0.292406650003567
"102634762",0.198133551457466
"102634765",0.414485755695418
"102634769",0.409974156601441
"102634772",0.102272206634892
"102634775",0.197498376904432
"102634778",0.10606127332247
"102634780",0.220640289608216
"102634792",0.366343490304709
"102634806",0.539112544645433
"102634811",0.0431653697152711
"102634812",0.456125074373015
"102634815",0.412206484333733
"102634818",0.0618894309031527
"102634820",0.479357503549044
"102634821",0.137332057695385
"102634823",0.463601527740863
"102634835",0.361103419906575
"102634839",0.477701146063442
"102634841",0.134275028834137
"102634848",0.352186231233686
"102634849",0.166204564773578
"102634850",0.0341653485952133
"102634855",0.486240423093165
"102634858",0.0595215147958323
"102634865",0.388018309980448
"102634871",0.39932209554985
"102634873",0.0818752012003861
"102634874",0.173833333310592
"102634881",0.5547763949538
"102634887",0.344618607419163
"102634888",0.0746992789677854
"102634895",0.659702248351438
"102634904",0.0915784227848168
"102634906",0.253568993450472
"102634910",0.414500592554052
"102634911",0.406637261079605
"102634912",0.28982095622653
"102634913",0.367950812327684
"102634918",0.432351285419403
"102634919",0.455448030499357
"102634922",0.0322707877657858
"102634923",0.528749531406523
"102634926",0.183757752268091
"102634931",0.0373327530898494
"102634933",0.0259329499973293
"102634934",0.326530612244898
"102634944",0.0394432429785693
"102634949",0.0225637792001637
"102634962",0.0999918826195126
"102634983",0.0364197890565818
"102634986",0.187108934933198
"102634987",0.239329031216711
"102634993",0.332209558975493
"102635004",0.303769709083499
"102635017",0.379655137230895
"102635047",0.0312599254654245
"102635054",0.13240082119768
"102635066",0.0707556195929317
"102635069",0.0430886074185401
"102635071",0.0202801458293358
"102635078",0.396689490049782
"102635079",0.269298541785084
"102635085",0.0365136420488138
"102635104",0.46628124967271
"102635108",0.0470029969107779
"102635113",0.41453431013307
"102635123",0.322488224856106
"102635128",0.299709853490376
"102635129",0.174672399584646
"102635131",0.521391537460389
"102635133",0.0259279732618161
"102635134",0.144214888660847
"102635136",0.422685911772163
"102635137",0.0859529155263434
"102635142",0.522952001885027
"102635150",0.326202358320183
"102635160",0.262343842950625
"102635170",0.258080959646083
"102635171",0.307446969546591
"102635173",0.201782204705501
"102635174",0.487583556379409
"102635178",0.249834691231346
"102635181",0.188959661917016
"102635182",0.158955369483282
"102635185",0.0897496524160895
"102635192",0.0286333689288915
"102635197",0.331747331559746
"102635198",0.0471332326047157
"102635200",0.0418505756849008
"102635210",0.293630354094822
"102635226",0.0336309983614691
"102635231",0.430750903062869
"102635242",0.374786763394918
"102635243",0.30562121751513
"102635247",0.352093488298013
"102635253",0.345270115978607
"102635257",0.0303897167226323
"102635259",0.355672950246795
"102635262",0.279346718454631
"102635265",0.391475747758124
"102635268",0.0527090793372933
"102635269",0.34415269265221
"102635272",0.252566510264189
"102635276",0.101403156951458
"102635278",0.0413743318299927
"102635280",0.322200972463262
"102635290",0.105112465373961
"102635293",0.337202783845061
"102635296",0.3031417394113
"102635305",0.0261245959628049
"102635306",0.57329737077989
"102635309",0.332001974408057
"102635315",0.0766186667700474
"102635316",0.367104695769922
"102635323",0.0444070575301915
"102635333",0.378814941054043
"102635335",0.392979339221275
"102635336",0.0720062312726406
"102635337",0.105549872072502
"102635346",0.390737176035031
"102635347",0.227087719022633
"102635354",0.039565424221915
"102635359",0.119236377934292
"102635360",0.519004263471166
"102635362",0.107055247768544
"102635364",0.348012598079561
"102635366",0.061612658372709
"102635368",0.343791969869909
"102635380",0.438661455480368
"102635381",0.451909487541952
"102635384",0.638032331659128
"102635387",0.0848711016410122
"102635392",0.154032862480324
"102635416",0.383385226804274
"102635419",0.375529818560381
"102635426",0.404808623522278
"102635429",0.0991224330329535
"102635431",0.378222099518216
"102635432",0.0479953521473772
"102635434",0.449767923829871
"102635437",0.312499851956232
"102635441",0.502548968185022
"102635453",0.0405062723947543
"102635458",0.0547911544584601
"102635461",0.181997799816045
"102635467",0.377415589956637
"102635468",0.416637903208212
"102635479",0.0703517696547699
"102635484",0.691637396003876
"102635485",0.28436304822525
"102635493",0.401847493852989
"102635494",0.373001216161434
"102635498",0.100226068495317
"102635500",0.146515206751481
"102635502",0.0844718386760174
"102635503",0.0490905466966357
"102635506",0.468737914978693
"102635509",0.143417881176866
"102635512",0.28978215234656
"102635522",0.0696801668831054
"102635523",0.311074871138288
"102635534",0.350883091206803
"102635539",0.641193843981241
"102635541",0.0517684819054226
"102635544",0.462953484586568
"102635549",0.254402919791123
"102635550",0.115590306689311
"102635552",0.0162770802367125
"102635553",0.0609685708026485
"102635559",0.464286140677376
"102635561",0.0805846134326889
"102635566",0.515819397111705
"102635588",0.385546150793885
"102635590",0.276226173067362
"102635597",0.0587776234631899
"102635605",0.0385317179340315
"102635607",0.755014460157521
"102635613",0.448773990035475
"102635614",0.276472424557752
"102635616",0.300493372037836
"102635619",0.398640656658603
"102635624",0.102870517658803
"102635625",0.485286117224332
"102635629",0.302682656642191
"102635630",0.159069687955472
"102635632",0.113334667983763
"102635635",0.0751192227674223
"102635637",0.288252360111658
"102635639",0.0828789841294818
"102635643",0.293230235035246
"102635648",0.436214169821525
"102635654",0.202063993335858
"102635656",0.0286674733043693
"102635661",0.048914680436803
"102635667",0.328920121551311
"102635670",0.359214117025304
"102635671",0.141724499222922
"102635680",0.288491534143923
"102635682",0.325430373804245
"102635685",0.406062056706099
"102635688",0.0531753960434297
"102635698",0.0441820639611871
"102635699",0.0640787358075502
"102635703",0.356586188764101
"102635707",0.518740380818146
"102635712",0.0562227654373472
"102635731",0.336601533432118
"102635733",0.282306137391103
"102635736",0.229044644526471
"102635737",0.388808141997151
"102635744",1.0248913408552
"102635756",0.0296053071426343
"102635769",0.425022657955768
"102635772",0.455321639618321
"102635775",0.336175552805963
"102635776",0.497288504109506
"102635778",0.238165642146796
"102635780",0.503262685789443
"102635781",0.137312822920627
"102635783",0.0238674746315752
"102635786",0.165361680528077
"102635788",0.375909223242143
"102635792",0.167139090289927
"102635797",0.236427910108577
"102635798",0.263826560282029
"102635799",0.0240273883490305
"102635802",0.392420866001588
"102635803",0.0671283216514844
"102635812",0.365838100008697
"102635821",0.359627353327679
"102635826",0.381591256098219
"102635832",0.0808846743706189
"102635843",0.4130829748163
"102635846",0.35734654825761
"102635853",0.420243307781416
"102635854",0.434403616159083
"102635867",0.0162437524029219
"102635868",0.100491213746188
"102635870",0.38350570050122
"102635873",0.408765496495241
"102635879",0.361614347751392
"102635881",0.402541019340436
"102635882",0.0364940393717809
"102635884",0.419793388468627
"102635898",0.129112803683296
"102635901",0.251639122000438
"102635912",0.185111369100617
"102635921",0.331104124377818
"102635944",0.0805752103914769
"102635948",0.0913817815586407
"102635952",0.325855989204562
"102635958",0.431504889089333
"102635983",0.314547099006836
"102635985",0.481379713545144
"102635994",0.406929276614466
"102636000",0.112024311600979
"102636002",0.522572216577152
"102636011",0.208618191831994
"102636012",0.403517288269814
"102636014",0.436758732466585
"102636015",0.0744924737558367
"102636019",0.079369912419253
"102636022",0.449685145974888
"102636024",0.274869772345147
"102636025",0.259718321942292
"102636033",0.366508908535869
"102636035",0.026755147070803
"102636037",0.510204081632653
"102636040",0.270758445208185
"102636041",0.732104013254438
"102636042",0.511917713156486
"102636048",0.0527104556160051
"102636049",0.026245723571459
"102636052",0.308360273767911
"102636055",0.0463031672015103
"102636057",0.306878539504634
"102636058",0.401491581671762
"102636059",0.312511062182664
"102636066",0.0737825695753638
"102636067",0.257312571625632
"102636076",0.382801192265209
"102636078",0.30911732428487
"102636082",0.273430432965105
"102636083",0.291307155428963
"102636087",0.499172967863894
"102636088",0.0288527103561014
"102636089",0.360606622185806
"102636092",0.450712345539833
"102636095",0.332975140013281
"102636107",0.503287174631868
"102636111",0.472425687458902
"102636115",0.368799299327383
"102636118",0.140162341981547
"102636126",0.400776900069877
"102636130",0.0985340545758008
"102636131",0.358706615531728
"102636141",0.430762535926247
"102636146",0.0404359640831758
"102636149",0.442799324668343
"102636152",0.346232358973728
"102636154",0.133649425973276
"102636164",0.0589795918367347
"102636167",0.141731709417353
"102636175",0.0890829609041452
"102636178",0.415651730471193
"102636179",0.271459442791135
"102636180",0.0643553680433471
"102636183",0.4024867855342
"102636200",0.386218534413173
"102636213",0.434168619674298
"102636221",0.0287124496945161
"102636224",0.0790508157090042
"102636238",0.036170985795303
"102636239",0.0319277522823085
"102636251",0.291266320677943
"102636256",0.0354158946502456
"102636258",0.244470609069043
"102636260",0.248630514763961
"102636262",0.0918563767058221
"102636274",0.514161155312281
"102636277",0.0924809627853456
"102636279",0.410952059826161
"102636280",0.426593637784052
"102636299",0.500909732084555
"102636304",0.300544006231879
"102636309",0.0226188901497483
"102636310",0.350863860173382
"102636313",0.0166428155303602
"102636314",0.32222837641402
"102636328",0.324397334661037
"102636333",0.35714124784055
"102636338",0.0536718882134718
"102636354",0.0816115498096973
"102636359",0.356544853014531
"102636362",0.0445289897223911
"102636366",0.322282285222022
"102636367",0.350009218149828
"102636372",0.0436671919671104
"102636374",0.5182272053063
"102636382",0.0301650027920793
"102636387",0.378353718865939
"102636397",0.0240027673966555
"102636400",0.135089383099832
"102636409",0.288695228338039
"102636414",0.117196417230331
"102636415",0.413861593449626
"102636425",0.410102591559452
"102636431",0.0654144110582969
"102636436",0.31624259058981
"102636446",0.382990390482613
"102636458",0.331337287981859
"102636467",0.266627939867039
"102636474",0.0851899932161792
"102636475",0.315643525922567
"102636476",0.0412256649976345
"102636479",0.0341534699650516
"102636484",0.329186989530808
"102636490",0.310184700679759
"102636498",0.173862682320221
"102636516",0.246994823170633
"102636520",0.35471982007981
"102636534",0.444038280934063
"102636542",0.365845910069685
"102636545",0.117045968272845
"102636546",0.0267984233119995
"102636547",0.10367113209773
"102636549",0.0350982808089873
"102636561",0.304754313832396
"102636562",0.288194258061325
"102636563",0.382320377600373
"102636564",0.165809372130395
"102636566",0.353198548140768
"102636570",0.156792605785073
"102636575",0.372553593734802
"102636578",0.0491314049251491
"102636582",0.052266602961187
"102636587",0.133073807155876
"102636598",0.135311718106156
"102636604",0.219754280379754
"102636611",0.287880726265078
"102636612",0.353669148667735
"102636625",0.190319737664744
"102636632",0.36339887965813
"102636635",0.434524347868603
"102636637",0.301501255889216
"102636639",0.496194859114288
"102636640",0.0757173100310797
"102636641",0.0312139576365257
"102636647",0.476657373312629
"102636648",0.52487090514001
"102636662",0.32090357444753
"102636664",0.125340052109394
"102636677",0.0526200845312881
"102636679",0.395604235923981
"102636685",0.402590402121808
"102636699",0.308641975308642
"102636700",0.0246492337421796
"102636702",0.2046106185496
"102636714",0.135905810147623
"102636716",0.0927856989820235
"102636729",0.0833489669567168
"102636731",0.351286481992444
"102636735",0.369685666241735
"102636737",0.393079729607211
"102636740",0.335904634963457
"102636745",0.0467008939112835
"102636754",0.326142262631301
"102636765",0.0999989758786262
"102636766",0.450147768308201
"102636781",0.231257700514891
"102636789",0.308159910602334
"102636795",0.383626661921209
"102636797",0.418828764684941
"102636799",0.0325858093194711
"102636803",0.053922103460364
"102636808",0.0506186406745658
"102636820",0.436840280193702
"102636830",0.351254122702446
"102636836",0.0294963973572947
"102636843",0.475337156818385
"102636845",0.292441752806344
"102636848",0.31066917495297
"102636849",0.246038282207837
"102636879",0.130569875008827
"102636884",0.0849383162258673
"102636892",0.157172367914289
"102636896",0.0721734657514101
"102636903",0.444588103253832
"102636905",0.0508608173485526
"102636907",0.215994382673547
"102636909",0.57380131194022
"102636910",0.0497593944411125
"102636915",0.0257418871759596
"102636917",0.331393906881621
"102636923",0.122861090445318
"102636929",0.355199417264068
"102636944",0.0605917159763314
"102636945",0.397361914421206
"102636959",0.484858245248212
"102636986",0.324139330562626
"102636988",0.198276966892132
"102636991",0.368524913041569
"102637008",0.165392444082664
"102637020",0.470119333454277
"102637024",0.395481826666733
"102637025",0.0482784341770068
"102637028",0.138871119608421
"102637037",0.241048123041364
"102637038",0.169132242796313
"102637048",0.309550413302576
"102637062",0.343081790038518
"102637075",0.126000960514448
"102637087",0.0231909387755102
"102637100",0.109814420698147
"102637112",0.622838003629256
"102637122",0.336536255405162
"102637131",0.394986010873131
"102637132",0.297520661157025
"102637142",0.554850787620703
"102637145",0.324701027978682
"102637148",0.563727591217204
"102637151",0.332088480321747
"102637153",0.457506912734206
"102637167",0.433011575317603
"102637178",0.0665826991505783
"102637184",0.162519803753115
"102637188",0.390323500438498
"102637190",0.55559849978511
"102637194",0.422860742814962
"102637201",0.471917291738929
"102637203",0.0667642549636654
"102637204",0.367489533939938
"102637206",0.083564476811535
"102637209",0.299532192231698
"102637216",0.0732906359785453
"102637221",0.348373061240674
"102637229",0.262052032949949
"102637233",0.0829408022515015
"102637243",0.285718099705672
"102637245",0.311050543464594
"102637250",0.163354039104619
"102637251",0.180077931339504
"102637256",0.0652979675762785
"102637266",0.367580151772207
"102637267",0.396273785071574
"102637283",0.172367198997256
"102637289",0.108712021488708
"102637300",0.419476048303734
"102637302",0.569098184056633
"102637304",0.419219532494526
"102637308",0.10518626734843
"102637311",0.0686265394905134
"102637315",0.0383346076779614
"102637336",0.0908950715702948
"102637343",0.026937544752745
"102637345",0.389708219561046
"102637351",0.396881006120079
"102637354",0.332474184158321
"102637364",0.434044712052954
"102637366",0.0322360763327172
"102637367",0.234707690814521
"102637368",0.217226549199889
"102637370",0.0911610811925069
"102637376",0.207284024059753
"102637381",0.124167356408879
"102637398",0.145938211851353
"102637404",0.291909030297729
"102637406",0.132665102610501
"102637422",0.0402270214581655
"102637427",0.129627800718534
"102637436",0.41465416289065
"102637438",0.026607883683092
"102637439",0.511432304783976
"102637443",0.302005387432039
"102637448",0.444126813977943
"102637452",0.19539224846064
"102637464",0.05571412363818
"102637465",0.207249365355899
"102637481",0.43380544026669
"102637485",0.316970083040361
"102637489",0.0310837951102695
"102637491",0.205153439877064
"102637492",1.58984079012346
"102637500",0.194336954968969
"102637505",0.439089740976361
"102637508",0.0641489551146539
"102637514",0.152311088594885
"102637515",0.0400425305658428
"102637517",0.0288541049448665
"102637537",0.060565465910149
"102637541",0.24160186920832
"102637542",0.0261536014639294
"102637544",0.358130643059723
"102637546",0.174729376247144
"102637555",0.383437699440661
"102637557",0.345436219551663
"102637558",0.397236196818758
"102637563",0.0902540577423853
"102637567",0.256879554436022
"102637571",0.0430268331782892
"102637572",0.429138302700981
"102637576",0.120246410173079
"102637582",0.146908577250726
"102637583",0.0734093789099511
"102637593",0.31891158802619
"102637611",0.317999757158759
"102637612",0.333747663640982
"102637613",0.308948395716986
"102637619",0.146331305657787
"102637627",0.032904628496912
"102637630",0.40133612785828
"102637640",0.058816283846176
"102637642",0.0542652035966986
"102637643",0.28380624783749
"102637648",0.0482341046635813
"102637660",0.111140348953524
"102637664",0.300674966457042
"102637672",0.473304009456098
"102637674",0.502170232753028
"102637682",0.382296636409423
"102637683",0.244535684096124
"102637693",0.0392707536663581
"102637696",0.395062614393418
"102637698",0.291256352606059
"102637707",0.0439369607855437
"102637710",0.259778253479465
"102637715",0.297680061454813
"102637719",0.319899570925386
"102637720",0.270455617832938
"102637721",0.314279155188246
"102637730",0.692170253507381
"102637732",0.274064714427438
"102637733",0.396305102658703
"102637735",0.284645216941773
"102637753",0.458734055485503
"102637759",0.265560320015198
"102637763",0.276440541145009
"102637775",0.0594353273442639
"102637776",0.421376497980473
"102637782",0.0382015173202627
"102637785",0.164726558677178
"102637787",0.382652238508844
"102637790",0.279723456790123
"102637792",0.292932588070986
"102637797",0.0551966903759617
"102637808",0.31644148524964
"102637809",0.0359662108391104
"102637814",0.163955137668174
"102637822",0.447067162869247
"102637825",0.0673000204192986
"102637845",0.285092903553576
"102637852",0.33967107901044
"102637854",0.361667767457032
"102637855",0.325545130473357
"102637856",0.416750653853599
"102637865",0.0829060957390988
"102637873",0.387196652704295
"102637874",0.268349981820147
"102637876",0.660680257775263
"102637877",0.330683796069772
"102637886",0.252245833909474
"102637887",0.586461835473238
"102637892",0.122760772230778
"102637893",0.396806703925654
"102637894",0.263095760576914
"102637903",0.125888277632984
"102637906",0.431045665230794
"102637926",0.0858075706560555
"102637931",0.0640539347500601
"102637932",0.165051490842146
"102637933",0.272913386955369
"102637935",0.404747183406916
"102637946",0.0412065688981319
"102637948",0.401037110359908
"102637953",0.382056037462888
"102637959",0.0422327644979405
"102637961",0.350119410401463
"102637966",0.0821889216605704
"102637972",0.375448370876612
"102637975",0.0989803874292366
"102637983",0.270095044783543
"102637991",0.443304176393306
"102638001",0.154560745890884
"102638005",0.112723682276911
"102638008",0.360725754009802
"102638015",0.339108559737539
"102638016",0.301533864690955
"102638029",0.312898968872345
"102638034",0.475697977030244
"102638037",0.0706397691339272
"102638038",0.0541122136749692
"102638042",0.425283277908504
"102638064",0.396946155187913
"102638071",0.419836823421297
"102638074",0.183673469387755
"102638076",0.41684347099495
"102638082",0.22197464547657
"102638083",0.12007071413809
"102638085",0.466812353999015
"102638091",0.429526581923491
"102638093",0.0626534055467267
"102638094",0.323896249368534
"102638099",0.316686441485056
"102638113",0.40027771241809
"102638114",0.360118352921038
"102638115",0.322796534529555
"102638117",0.199423627132212
"102638120",0.0231766540432168
"102638121",0.429250891795482
"102638135",0.1185080625
"102638136",0.368303853308934
"102638141",0.306029777115322
"102638151",0.144991653967743
"102638158",0.423988236362083
"102638167",0.153119092627599
"102638168",0.0999013209064825
"102638172",0.164527257098722
"102638174",0.099500022521508
"102638175",0.0369198346697438
"102638185",0.355490042496797
"102638195",0.33808407894998
"102638208",0.285989285837403
"102638216",0.235564931640229
"102638220",0.460459183673469
"102638221",0.52798572553821
"102638224",0.478075615808966
"102638225",0.355643005335255
"102638236",0.422679908446917
"102638241",0.344662510768267
"102638242",0.435365400887316
"102638245",0.0283814686424951
"102638248",0.613145789268298
"102638249",0.400938360156275
"102638251",0.0991064336824384
"102638253",0.162836367018184
"102638255",0.402161692487065
"102638259",0.350912586871763
"102638261",0.291247746609718
"102638268",0.100610558967995
"102638270",0.041293717292459
"102638275",0.35122009880742
"102638279",0.368173625762688
"102638280",0.417930243219857
"102638281",0.463362927076465
"102638284",0.24781395268358
"102638296",0.0784868627941235
"102638298",0.403181865651295
"102638309",0.312123365355522
"102638313",0.132137467260538
"102638318",0.0362395842100833
"102638326",0.16491020124198
"102638331",0.563168647786452
"102638347",0.15556603569497
"102638354",0.0744858076653072
"102638356",0.409335652318234
"102638362",0.0559012363345836
"102638376",0.15037945152307
"102638384",0.0781983280577875
"102638389",0.358669204726641
"102638392",0.39015538460829
"102638401",0.517198675449597
"102638402",0.125091347720732
"102638403",0.529836534470785
"102638405",0.206901928595193
"102638414",0.0475454645926697
"102638421",0.520120685099372
"102638425",0.0442418223823455
"102638426",0.53861143394169
"102638431",0.42753893911552
"102638432",0.03998472262021
"102638434",0.451377177959185
"102638457",0.361848520710059
"102638459",0.40495867768595
"102638461",0.187355594548831
"102638463",0.0974100490402941
"102638465",0.354743145090459
"102638467",0.3192133984627
"102638468",0.0523853552284904
"102638470",0.143168683657222
"102638480",0.366676352425445
"102638482",0.360582917189674
"102638484",0.232662315896642
"102638487",0.644976376713979
"102638499",0.405711039210159
"102638508",0.373252349108376
"102638522",0.241502631449407
"102638528",0.537084541913273
"102638533",0.296954113413945
"102638542",0.217310192775171
"102638544",0.394074210638669
"102638545",0.0754314620115057
"102638546",0.349265491900609
"102638554",0.449854668775046
"102638556",0.134992009389212
"102638565",0.150345658609903
"102638568",0.0937731788364526
"102638584",0.536117787832134
"102638587",0.482101910981618
"102638588",0.178970787693642
"102638592",0.401346680762291
"102638598",0.31178495762019
"102638603",0.240127921039602
"102638607",0.0107369070294785
"102638622",0.400392756903576
"102638629",0.398242072199359
"102638631",0.0561297699350263
"102638638",0.60805977912031
"102638644",0.345723811453517
"102638647",0.0852929341362478
"102638653",0.258620059902111
"102638654",0.3779453559768
"102638658",0.182337126836861
"102638659",0.108400953276614
"102638661",0.66038347872218
"102638670",0.300577360216038
"102638682",0.224886807746339
"102638686",0.211764261182721
"102638701",0.464659332893888
"102638715",0.393221757525397
"102638725",0.268820191363543
"102638729",0.407251596542218
"102638735",0.0374780676658792
"102638739",0.409993940828402
"102638750",0.300271646627905
"102638751",0.357701409921575
"102638755",0.361153614321885
"102638762",0.410985779397372
"102638767",0.318241868647933
"102638768",0.155918113385097
"102638769",0.467970373548661
"102638770",0.369199341960664
"102638779",0.426277701806719
"102638783",0.306177777777778
"102638784",0.024650127770724
"102638803",0.0629086826229148
"102638814",0.0852746589992708
"102638818",0.46188450394196
"102638835",0.272313754142099
"102638841",0.291123454619351
"102638843",0.214128463813209
"102638846",0.128298753171703
"102638847",0.0838741777702817
"102638848",0.407363450258294
"102638849",0.0265300959338772
"102638851",0.207239487555813
"102638853",0.326056910410816
"102638857",0.340874154004879
"102638859",0.0626204321515575
"102638881",0.416299650551464
"102638882",0.0839682334710744
"102638883",0.458216845801013
"102638884",0.31633296625136
"102638888",0.0830618524086877
"102638889",0.0172863512239027
"102638892",0.372487222602581
"102638902",0.357892696091285
"102638911",0.330042834920698
"102638917",0.32138510200153
"102638918",0.0879098524422229
"102638919",0.0641716587609979
"102638933",0.418964095537454
"102638939",0.146736326287753
"102638940",0.0334190269040681
"102638941",0.278423246468155
"102638943",0.145093237844731
"102638948",0.109516605529921
"102638959",0.346155151286643
"102638963",0.519029910110968
"102638966",0.106622240733028
"102638976",0.372955842104546
"102638978",0.142416171951263
"102638990",0.542200035309389
"102639001",0.362170248925054
"102639006",0.153787004998078
"102639007",0.4667600272091
"102639009",0.117135759948525
"102639010",0.137033194335221
"102639013",0.11823945829486
"102639019",0.100502489814396
"102639021",0.266826944109628
"102639025",0.53995846533192
"102639036",0.294009563772606
"102639040",0.448891084541938
"102639045",2.54695350831584
"102639048",0.417205408106103
"102639059",0.0295777315393756
"102639062",0.416171459087148
"102639063",0.0588997830172552
"102639066",0.0452986950045206
"102639067",0.36899278110531
"102639074",0.376336696555374
"102639078",0.261419283870647
"102639079",0.0894933155737522
"102639087",0.01577970202713
"102639099",0.390961455626094
"102639129",0.30936521343286
"102639132",0.042531412621402
"102639135",0.0610304236938395
"102639137",0.379083178550071
"102639142",0.274169877156553
"102639143",0.405892299687825
"102639145",0.193388009870809
"102639151",0.608506116138651
"102639154",0.230272711979627
"102639156",0.0697163609053079
"102639165",0.255517522915094
"102639169",0.027473188523656
"102639173",0.0950023071001376
"102639175",0.139691897635755
"102639181",0.417533151048394
"102639182",0.0665493754712111
"102639186",0.52687612017346
"102639188",0.461953049233127
"102639192",0.0165797340479612
"102639199",0.0528617797592099
"102639205",0.0579561042524006
"102639209",0.135443475893121
"102639212",0.27131410411361
"102639218",0.447964782730206
"102639221",0.253338354543555
"102639228",0.341371039010226
"102639235",0.0687334297336929
"102639243",0.258752353785692
"102639246",0.400291876871973
"102639248",0.359775105424822
"102639254",0.368016162159519
"102639255",0.269600591715976
"102639258",0.483395750423014
"102639259",0.130812908692889
"102639261",0.042523050808225
"102639268",0.131274942239025
"102639275",0.420298453469788
"102639276",0.30321302273443
"102639283",0.0365267363336861
"102639289",0.291583549356166
"102639290",0.162350574042039
"102639314",0.126472084557695
"102639317",0.180858238317966
"102639318",0.102284717149582
"102639339",0.260465514598242
"102639344",0.409894957822353
"102639345",0.268990447582971
"102639351",0.166997965976331
"102639352",0.068332867350281
"102639355",0.444123081877621
"102639358",0.0639874966215286
"102639366",0.339003294129634
"102639375",0.0469548091724461
"102639389",0.403426070893905
"102639395",0.177487019798791
"102639399",0.35813764380445
"102639404",0.415832577596916
"102639406",0.0630407328813208
"102639408",0.385904499540863
"102639417",0.156684027777778
"102639427",0.152525752066116
"102639431",0.267362397670591
"102639448",0.215801830678788
"102639450",0.081243153880482
"102639461",0.255251444364176
"102639468",0.294871841742558
"102639478",0.346740649154341
"102639507",0.0622535005359184
"102639511",0.0333262601542529
"102639516",0.45211959775158
"102639518",0.143600375853619
"102639519",0.33922068684204
"102639520",0.365839320807702
"102639531",0.0446732182064269
"102639532",0.148933891531246
"102639537",0.379108964878561
"102639538",0.303175223004253
"102639542",0.45649010200955
"102639545",0.0579017017974185
"102639549",0.0408285475152451
"102639552",0.539127939572413
"102639566",0.483018797644679
"102639568",0.342244055639848
"102639573",0.553132969709511
"102639575",0.1525156682189
"102639576",0.275399373978042
"102639582",0.0571583318630321
"102639589",0.276335347703436
"102639598",0.912149225751351
"102639617",0.380318468286962
"102639619",0.189535021337919
"102639642",0.0723208331333597
"102639650",0.116259001040583
"102639653",0.0472260327276177
"102639664",0.442943687050529
"102639677",0.403438322419467
"102639678",0.169755836967698
"102639679",0.0101167595838488
"102639685",0.432178542679771
"102639687",0.467876342228549
"102639693",0.50754189679909
"102639700",0.122063669091036
"102639705",0.116243202915852
"102639711",0.0273825216760627
"102639717",0.38135811293996
"102639724",0.412724205943315
"102639727",0.503613234895841
"102639728",0.512773331393223
"102639738",0.172396858138261
"102639746",0.16931960422543
"102639761",0.375198414179983
"102639767",0.0369822485207101
"102639769",0.314619680535561
"102639776",0.427249708551169
"102639781",0.0460874315268599
"102639795",0.261883827533138
"102639801",0.0323968198660241
"102639808",0.608082948615523
"102639812",0.405429660232777
"102639815",0.369582013470528
"102639821",0.400470050377263
"102639824",0.373891528856206
"102639837",0.161484778339666
"102639841",0.0188208788609513
"102639848",0.463595966281106
"102639849",0.495642629199291
"102639870",0.41382364210074
"102639872",0.118184160992544
"102639888",0.509178000100298
"102639899",0.496053799128441
"102639908",0.0686494221321975
"102639918",0.0167194892661715
"102639919",0.244818793402778
"102639928",0.336158735695882
"102639929",0.120845620063713
"102639931",0.384593312888522
"102639935",0.387727139186884
"102639939",0.455449751557921
"102639946",0.40851918083563
"102639953",0.456004753769371
"102639955",0.142166084385918
"102639968",0.306732362101686
"102639977",0.0941494174312107
"102639983",0.0823496528216135
"102639984",0.0566285800030777
"102639988",0.337055468482688
"102639999",0.32353529945368
"102640005",0.33769424921388
"102640008",0.231553188993765
"102640012",0.470527969400997
"102640018",0.485254265246489
"102640021",0.129688971391726
"102640025",0.0562746368920808
"102640026",0.492355765835746
"102640042",0.0836471839706801
"102640043",0.103025342058299
"102640050",0.308641975308642
"102640059",0.397595071435658
"102640060",0.443989886106042
"102640063",0.251764908041028
"102640071",0.65492085203128
"102640073",0.656061520754227
"102640081",0.137959183673469
"102640089",0.350903784939987
"102640100",0.464888307903762
"102640117",0.225835664696267
"102640125",0.425927977839335
"102640133",0.019220672123575
"102640140",0.0498420571585607
"102640142",0.0285757199033405
"102640149",0.304347527536683
"102640151",0.346917187712739
"102640152",0.404026865367954
"102640163",0.0463905325443787
"102640165",0.0414445795734927
"102640166",0.0387571383341143
"102640169",0.0544156492872358
"102640173",0.107121811477514
"102640182",0.481482857340497
"102640184",0.0653341108809749
"102640187",0.318310161956373
"102640188",0.0832419129598682
"102640189",0.276070094800345
"102640192",0.0285159408627936
"102640201",0.314461316219655
"102640204",0.380539222827358
"102640216",0.0206012232541691
"102640217",0.39224095651352
"102640238",0.371863692595517
"102640239",0.481359656431576
"102640242",0.184771195256708
"102640243",0.522259193382315
"102640244",0.337817634482584
"102640245",0.0846336046039147
"102640250",0.123126386653085
"102640253",0.153727492118369
"102640259",0.331611328971862
"102640261",0.323618185419177
"102640263",0.0336619503719296
"102640268",0.471864396032144
"102640278",0.263643021378508
"102640282",0.385118019871589
"102640287",0.47813472748032
"102640299",0.0593676724471128
"102640300",0.119779768287795
"102640310",0.244985611662644
"102640312",0.425994489248208
"102640313",0.365092391755426
"102640314",0.358422783933518
"102640319",0.388247706493883
"102640321",0.30020575970146
"102640331",0.0413229420573162
"102640337",0.393932363532265
"102640338",0.0470744100435189
"102640339",0.425799182405893
"102640343",0.16317122064763
"102640344",0.0317533407788059
"102640356",0.271347553559486
"102640359",0.288411975407874
"102640360",0.226855907480938
"102640362",0.330495508177096
"102640373",0.319511556381974
"102640374",0.0409509326269994
"102640375",0.0363151158540335
"102640377",0.307231042411447
"102640379",0.310354640463936
"102640387",0.0671342402638437
"102640389",0.0630112453144523
"102640395",0.2314604702895
"102640405",0.447651019280969
"102640412",0.619827205677814
"102640413",0.247505292902041
"102640417",0.631516249553451
"102640419",0.0262926729242801
"102640422",0.367336056053999
"102640430",0.267651185701918
"102640432",0.378300850036984
"102640433",0.391511608377614
"102640439",0.0628064972927947
"102640442",0.337855146932299
"102640447",0.192630127905625
"102640449",0.173323873695336
"102640451",0.0324318662385465
"102640453",0.365801518141203
"102640470",0.468105912914822
"102640479",0.538415501997551
"102640482",0.234367395864653
"102640484",0.389152334015664
"102640493",0.42512437886259
"102640498",0.347064203743371
"102640507",0.201437281149414
"102640515",0.0247777989095794
"102640518",0.0291129940091199
"102640519",0.385486183532962
"102640522",0.601099688257449
"102640525",0.155188246097337
"102640530",0.870084160288359
"102640531",0.485756655559789
"102640534",0.0626025592304425
"102640542",0.388122726989402
"102640547",0.0737847599563248
"102640549",0.392147691025048
"102640551",0.0532763217561212
"102640553",0.0503037600996362
"102640554",0.0754169794831517
"102640555",0.0199257178301878
"102640556",0.461863313711911
"102640562",0.107565048766366
"102640569",0.393646355071416
"102640570",0.383448988180103
"102640578",0.422313373090455
"102640584",0.336540301851823
"102640588",0.422435878789504
"102640592",0.301041585088887
"102640604",0.0861258039335047
"102640609",0.410680400738605
"102640612",0.277032887332984
"102640635",0.307863832112942
"102640646",0.0740980484742192
"102640660",0.470078902509978
"102640663",0.456981716719782
"102640667",0.0367348056693191
"102640670",0.0567327326373279
"102640671",0.235027287589269
"102640673",0.0362432380385497
"102640681",0.267327297668038
"102640710",0.0346986863775869
"102640715",0.301872948864376
"102640722",0.197589535278873
"102640740",0.509637345679012
"102640742",0.475882113079846
"102640746",0.0631648279687604
"102640747",0.0413723095994266
"102640748",0.455865759328939
"102640756",0.420383768795118
"102640761",0.342721789877168
"102640764",0.187590754783019
"102640765",0.411449336882573
"102640772",0.0721432962229356
"102640773",0.145630465312963
"102640777",0.441705193991431
"102640778",0.305915679352728
"102640779",0.0244149088220064
"102640806",0.167325219138057
"102640808",0.266570179584121
"102640810",0.0706526034029303
"102640811",0.3921269951147
"102640814",0.34972867851806
"102640820",0.113171640989757
"102640822",0.0626246882483159
"102640824",0.388839547164645
"102640825",0.400744744529708
"102640827",0.149614910210968
"102640832",0.354299193239008
"102640835",0.412559171597633
"102640839",0.180223413629265
"102640845",0.390762839267313
"102640846",0.428509862341196
"102640849",0.115188246097337
"102640855",0.444778111433028
"102640856",0.31190715558802
"102640858",0.0910183168271264
"102640859",0.410913872452334
"102640879",0.072973380902371
"102640883",0.303030291861422
"102640887",0.201986459766506
"102640889",0.259047956318274
"102640897",0.273469835170344
"102640899",0.224008587293388
"102640902",0.462151205573323
"102640910",0.285889203559616
"102640913",0.453995750682122
"102640920",0.339352856319789
"102640923",0.0608182045162477
"102640928",0.427293532405134
"102640929",0.428445473249233
"102640936",0.390691238500877
"102640948",0.386975537186385
"102640951",0.416538286108677
"102640952",0.0781726665304519
"102640956",0.404455881302131
"102640959",0.528365860861831
"102640961",0.0268857072119547
"102640964",0.0852783318905491
"102640966",0.0537432323512368
"102640968",0.236183752494206
"102640970",0.0554158288076955
"102640972",0.247459796322506
"102640985",0.415296237574513
"102640987",0.11972855678086
"102641016",0.401678417764853
"102641068",0.023533223760847
"102641081",0.16558949812408
"102641105",0.451432457508268
"102641120",0.123220233627322
"102641163",0.313642288672806
"102641188",0.372777469136058
"102641244",0.416037960583191
"102641247",0.432513594675757
"102641351",0.288897006207856
"102641372",0.0768657071096666
"102641432",0.373394555104588
"102641455",0.53982017269512
"102641467",0.415651730471193
"102641476",0.431507075286299
"102641498",0.399235321136705
"102641509",0.251945740630518
"102641516",0.0178402289396877
"102641529",0.0207649772343793
"102641539",0.399433774155348
"102641552",0.278891007439272
"102641557",0.162789979318261
"102641609",0.0248586074197048
"102641610",0.133939929257207
"102641617",0.0604868688361435
"102641621",0.0950851603504298
"102641704",0.568545495492785
"102641855",0.342512765385649
"102641859",0.212148165414779
"102641860",0.213723501250146
"102641901",0.259525960500982
"102641931",0.0632345440545533
"102642011",0.0258545830198869
"102642065",0.346762544616811
"102642146",0.242771224029151
"102642244",0.480938952711069
"102642321",0.0193145354245538
"102642358",0.461223536869383
"102642556",0.153215142866629
"102642612",0.125267357269058
"102642625",0.0696409092865435
"102642633",0.220326458277941
"102642652",0.393277793737432
"102642726",0.462746561726642
"102642737",0.291043334829362
"102642773",0.540064133179633
"102642778",0.0543813143566678
"102642791",0.175442025422777
"102642800",0.480621934024881
"102642832",0.0243154897704377
"102642842",0.0764103869167365
"102642962",0.351925613361531
"102642986",0.433159815434483
"102642990",0.0638811737712837
"102643016",0.248183805504175
"102643040",0.404903960934535
"102643051",0.20651560317686
"102643083",0.0949825910061705
"102643091",0.239369134166992
"102643147",0.0854437869822485
"102643210",0.0536761017390012
"102643244",0.0929643057721035
"102800312",0.0362967068089146
"102902673",0.0403036042240588
"103164605",0.388445926638363
"103611158",0.0358237750836892
"103611159",0.0509533395416004
"104940697",0.130288989051631
"105180375",0.121909658636291
"105242392",0.591870562177826
"105242394",0.245552603299441
"105242405",0.562588426016763
"105242414",0.40409742639425
"105242415",0.384056750732988
"105242418",0.039893352771192
"105242430",0.556091494295308
"105242433",0.361707744647013
"105242443",0.300607386262131
"105242444",0.027682632179647
"105242447",0.145345432068208
"105242472",0.40364656337089
"105242506",0.335304128508827
"105242545",0.149001896776115
"105242552",0.282318647450527
"105242554",0.101294605888134
"105242557",0.357884409568736
"105242563",0.274717693192027
"105242573",0.270890182690702
"105242574",0.375145304761749
"105242578",0.374596770368445
"105242579",0.330950362861413
"105242595",0.0944999604802921
"105242599",0.147479362142
"105242607",0.551615668402778
"105242616",0.137486544861073
"105242618",0.254532425906372
"105242621",0.355475560313721
"105242622",0.146730243851899
"105242624",0.0295565860638521
"105242625",0.332688790783818
"105242628",0.13112928680538
"105242635",0.52710228087058
"105242636",0.0854602982577446
"105242638",0.20309282297916
"105242642",0.368186976125508
"105242647",0.361879401662098
"105242648",0.498269896193772
"105242666",0.285367360632035
"105242667",0.182257938814938
"105242668",0.203628497538902
"105242670",0.448836316288021
"105242674",0.266455813950627
"105242679",0.0572591832269295
"105242685",0.0553967767642983
"105242688",0.0239573583467711
"105242691",0.327955397391684
"105242706",0.0314184788656184
"105242708",0.419369769070624
"105242709",0.155737584592123
"105242720",0.0336508053634677
"105242721",0.0871860815500248
"105242722",0.100812895516676
"105242725",0.0320600342991982
"105242732",0.459355480054544
"105242735",0.326647995406436
"105242738",0.142910703234264
"105242742",0.136895680127482
"105242748",0.499017683789935
"105242750",0.09693930692069
"105242751",0.269002846755516
"105242752",0.371450579461503
"105242753",0.135727764163854
"105242756",0.0403533067444392
"105242758",0.276736281591471
"105242768",0.335210420727255
"105242769",0.459979178737036
"105242773",0.458552917105834
"105242774",0.0955229361192057
"105242778",0.357906981178849
"105242780",0.332795694667479
"105242794",0.262550372242333
"105242797",0.493072530594752
"105242798",0.433044771423806
"105242800",0.321306352841982
"105242804",0.0836070273390018
"105242821",0.428671881942007
"105242829",0.476910596362986
"105242836",0.0503967505331137
"105242840",0.386416681327756
"105242847",0.180248745320959
"105242854",0.11144923841392
"105242858",0.0833109504132231
"105242860",0.264273218324939
"105242861",0.303629330445353
"105242865",0.169352719360067
"105242868",0.209718687959645
"105242879",0.458887130136981
"105242881",0.4288423894433
"105242884",0.147406654731375
"105242886",0.402662046778704
"105242887",0.399461832418856
"105242888",0.185549538921494
"105242891",0.14542456092906
"105242894",0.100008103984494
"105242900",0.00960370700331435
"105242908",0.238019689620453
"105242910",0.0932311454424285
"105242912",0.488761168786562
"105242928",0.434462345416138
"105242930",0.0789217048726929
"105242931",0.095156564205688
"105242934",0.146044909510728
"105242936",0.221305610655277
"105242937",0.380061784025163
"105242938",0.416167760636267
"105242940",0.288218217875575
"105242946",0.0353846603360117
"105242959",0.381319008371184
"105242960",0.346742583204282
"105242964",0.298674959437534
"105242978",0.0532544378698225
"105242981",0.0890638191267679
"105242986",0.322310696789536
"105242994",0.0627259714939282
"105242997",0.481095662617782
"105243004",0.175716202869616
"105243005",0.112118263978379
"105243011",0.149495100497666
"105243016",0.0773869783689734
"105243026",0.434359209911056
"105243028",0.141797684291928
"105243040",0.159381379170884
"105243044",0.154714255009168
"105243045",0.113226848884753
"105243046",0.352131385098418
"105243050",0.22999957800378
"105243058",0.149401438559429
"105243068",0.284444444444444
"105243074",0.196140295734273
"105243086",0.0453274541465492
"105243088",0.207112750343404
"105243089",0.294115152939096
"105243124",0.0767760734686885
"105243128",0.317676045915148
"105243132",0.0383374277509713
"105243140",0.0664498441724994
"105243151",0.430598355898755
"105243152",0.221000837951456
"105243158",0.0928135750519725
"105243163",0.344637895840224
"105243173",0.339021699297579
"105243179",0.373430721986155
"105243181",0.522382077147684
"105243183",0.152199616076548
"105243185",0.334784739329834
"105243189",0.0940946215514321
"105243194",0.0964634811500291
"105243196",0.474362093072523
"105243197",0.436413887627244
"105243198",0.306883412629758
"105243202",0.228887324564671
"105243207",0.342915580139849
"105243209",0.375591260185762
"105243212",0.382799265732312
"105243215",0.409003183709126
"105243219",0.209926418443861
"105243225",0.320376573361949
"105243230",0.351795141254998
"105243235",0.0454947541387348
"105243236",0.304654661215318
"105243237",0.388772472199603
"105243238",0.0406011186915986
"105243239",0.248549466362306
"105243241",0.0435943011538187
"105243242",0.576378847752972
"105243249",0.353292072400525
"105243257",0.416143293197367
"105243269",0.33244643466987
"105243280",0.290708626012112
"105243282",0.224262121812657
"105243288",0.161650324306932
"105243290",0.188762249228041
"105243294",0.0408167120019295
"105243295",0.246700950463268
"105243299",0.0524799222521252
"105243311",0.332363217418849
"105243312",0.319847827905285
"105243314",0.185488001693214
"105243315",0.0366681756450883
"105243316",0.0178593517279819
"105243330",0.140200685431652
"105243331",0.347702682468258
"105243332",0.150059712365206
"105243337",0.163017013623891
"105243346",0.435856348383448
"105243352",0.260477520942627
"105243355",0.229867671390046
"105243356",0.0909872486247969
"105243361",0.0884518978819218
"105243367",0.120485583101512
"105243368",0.254132161425257
"105243369",0.0527408666389441
"105243374",0.0733114395842099
"105243376",0.446647387511028
"105243388",0.259900038446751
"105243390",0.0829221255522704
"105243391",0.0348784355017453
"105243396",0.398174370935399
"105243398",0.0537717922675503
"105243402",0.31809763406109
"105243403",0.122040661290279
"105243409",0.370176177285319
"105243412",0.038364692794545
"105243425",0.503622087396378
"105243426",0.372754845063678
"105243429",0.101036356550964
"105243433",0.551587502831692
"105243437",0.407396524206807
"105243451",0.0470353676115672
"105243456",0.365669685898597
"105243462",0.385568879915383
"105243467",0.110834675747262
"105243468",0.370960822717993
"105243471",0.329529166229257
"105243472",0.355616554190047
"105243483",0.301574581747574
"105243485",0.397720839087841
"105243502",0.131450128057071
"105243506",0.209261844604765
"105243523",0.362217201736969
"105243528",0.354098041163526
"105243532",0.241348458999186
"105243537",0.175762976858102
"105243544",0.384997822615764
"105243545",0.537896343890362
"105243553",0.102258525557051
"105243554",0.0266488038154536
"105243555",0.302110054826216
"105243561",0.166716611522073
"105243562",0.480711111111111
"105243563",0.091580376462004
"105243569",0.180592459352406
"105243573",0.328682373226299
"105243578",0.185723338265248
"105243582",0.355000060702449
"105243583",0.249571881232744
"105243585",0.0160024669818676
"105243599",0.378067046039292
"105243601",0.460120299281138
"105243604",0.161112753425426
"105243645",0.320260611190215
"105243648",0.440814860252824
"105243666",0.48006720385098
"105243668",0.031423474606978
"105243672",0.0787432319866722
"105243676",0.357974906655933
"105243682",0.118224834200592
"105243684",0.0664974858897388
"105243688",0.0267657694816775
"105243692",0.20456288116233
"105243695",0.439909326716713
"105243701",0.103981149587235
"105243704",0.0829630162204912
"105243714",0.26124659984559
"105243722",0.269890191645692
"105243723",0.466466711221956
"105243726",0.295169477840901
"105243729",0.347492405566309
"105243735",0.21036776516256
"105243739",0.0539982137602535
"105243761",0.57519998370813
"105243791",0.322692429227477
"105243808",0.308551271620848
"105243834",0.410735982071799
"105243852",0.0662948997301074
"105243866",0.0714104209639558
"105243877",0.202855459663341
"105243880",0.344757924123792
"105243882",0.25944303491081
"105243891",0.544710065607567
"105243905",0.270109871265522
"105243907",0.36358206749626
"105243908",0.100846163167894
"105243915",0.0527440017411598
"105243926",0.0780966443799535
"105243934",0.400793291993589
"105243938",0.460694425880922
"105243942",0.073435638298591
"105243954",0.305966436154038
"105243955",0.328723926733832
"105243960",0.353719564684573
"105243961",0.110743132853725
"105243962",0.0220417249342812
"105243964",0.088714957848321
"105243973",0.0520279652044807
"105243975",0.0951915415737285
"105243976",0.347142543207682
"105243979",0.438415744605292
"105243992",0.421537873939521
"105243993",0.53664142779881
"105243995",0.346663899384267
"105244002",0.464374622690985
"105244007",0.0342914655916819
"105244011",0.169957559666436
"105244012",0.345244204704364
"105244013",0.296015555200001
"105244022",0.159239419670759
"105244024",0.187215262964239
"105244026",0.403213721215639
"105244028",0.578672537735789
"105244030",0.464808637743082
"105244034",0.813151460594531
"105244055",0.409439863335983
"105244056",0.334098997778423
"105244060",0.514183771251851
"105244068",0.0480828003191886
"105244069",0.425383130676325
"105244072",0.375645701779605
"105244073",0.0576150453842331
"105244074",0.0308197530864198
"105244084",0.384957593638259
"105244087",0.185054397901442
"105244092",0.0488071343410607
"105244095",0.32662098883241
"105244102",0.0520600277777778
"105244104",0.647765348595213
"105244110",0.376421038241652
"105244113",0.0409336188895551
"105244115",0.437278564958613
"105244117",0.0422799332297435
"105244118",0.121440028967615
"105244124",0.216183581449194
"105244127",0.248080621301775
"105244130",0.367657686200378
"105244137",0.398036096022423
"105244138",0.346949732302201
"105244140",0.0251090151268519
"105244151",0.40859616761897
"105244159",0.59331448792109
"105244162",0.128693509666062
"105244170",0.483931947069943
"105244172",0.21724628858532
"105244184",0.376168721599971
"105244188",0.365022745860619
"105244208",0.00849759679147789
"105244210",0.0955329535410631
"105244212",0.01865956
"105244213",0.410962152780392
"105244214",0.150404750164366
"105244222",0.172010605254618
"105244225",0.14131845556317
"105244227",0.28982634041596
"105244229",0.0710744768067179
"105244236",0.353327299397647
"105244238",0.381484907565606
"105244239",0.273175977002511
"105244240",0.10709213354831
"105244241",0.365874605121318
"105244242",0.412705515728004
"105244244",0.0423766147943677
"105244245",0.252404410306434
"105244251",0.0464425026405565
"105244256",0.387020351574536
"105244261",0.323245166196073
"105244262",0.623268698060942
"105244267",0.0501185532692774
"105244272",0.329337517598198
"105244278",0.191839377336554
"105244283",0.373236414016584
"105244292",0.350836942649424
"105244299",0.231972655577944
"105244301",0.20014250786608
"105244306",0.0284536114128806
"105244309",0.326736052776017
"105244314",0.290808914229325
"105244317",0.0573582374126121
"105244318",0.285868892767166
"105244320",0.131132449219661
"105244329",0.360443223748168
"105244333",0.0388707851400623
"105244336",0.331076847805692
"105244343",0.0781383931821256
"105244353",0.407880799378575
"105244354",0.0424742324708285
"105244357",0.392840761017016
"105244362",0.440309118664175
"105244365",0.359515492667984
"105244367",0.193438627451181
"105244375",0.407362800277363
"105244391",0.299035034008762
"105244402",0.452861765926015
"105244413",0.0126138630052571
"105244415",0.295502164654967
"105244418",0.0901858543645583
"105244436",0.393809974575009
"105244447",0.447264069059628
"105244449",0.481757323834762
"105244450",0.239077028028268
"105244451",0.420638959738724
"105244453",0.300527799714838
"105244455",0.395395678401157
"105244457",0.303254903308339
"105244467",0.32445758043329
"105244477",0.0516528925619835
"105244479",0.0607118238669867
"105244482",0.244916617827268
"105244487",0.247618899203218
"105244494",0.214381685119159
"105244502",0.567092225157852
"105244509",0.223083373922832
"105244522",0.279106788777494
"105244527",0.149231483150719
"105244528",0.324653758268873
"105244530",0.432825484764543
"105244533",0.0800653425833066
"105244537",0.426883618411724
"105244538",0.444243542901324
"105244546",0.272957259547222
"105244552",0.429727980536996
"105244557",0.139961936090516
"105244562",0.458915079579406
"105244573",0.425694537744595
"105244574",0.100610310197046
"105244589",0.0265317013483298
"105244591",0.162201628640711
"105244595",0.0349235396480888
"105244600",0.0587789957099046
"105244601",0.296910049391498
"105244605",0.141599744239558
"105244623",0.249170767335483
"105244625",0.18150624978117
"105244627",0.0474968011197583
"105244629",0.350898374799767
"105244630",0.45687585733882
"105244634",0.0760689763824977
"105244642",0.133009860575174
"105244644",0.103422245076452
"105244648",0.338602528464219
"105244649",0.446513464871749
"105244658",0.344865965115755
"105244660",0.411618140616688
"105244662",0.103564414630847
"105244664",0.526640515885501
"105244666",0.219188491652504
"105244667",0.131445581832976
"105244669",0.136061962441839
"105244678",0.0359181371018983
"105244699",0.505151144046799
"105244701",0.141622430379304
"105244703",0.324510988826575
"105244710",0.78476488657845
"105244712",0.350366434683457
"105244719",0.336505754688259
"105244720",0.311898665767503
"105244729",0.416455111111111
"105244732",0.0767932705063826
"105244746",0.0320769608929618
"105244749",0.376898117002818
"105244756",0.0262368796039126
"105244768",0.326181745138742
"105244773",0.334656766610139
"105244777",0.723991997537704
"105244779",0.60266620498615
"105244786",0.386374157168901
"105244788",0.0912651800808528
"105244789",0.135206279182542
"105244797",0.380503175019121
"105244798",0.385849539133678
"105244799",0.0256593993821156
"105244801",0.0611033960358541
"105244807",0.215088958489368
"105244808",0.257158265495092
"105244811",0.0762582535707917
"105244833",0.646050187931343
"105244835",0.389201527147754
"105244840",0.454698900934772
"105244852",0.384579764553891
"105244860",0.380770806933224
"105244870",0.406491246049334
"105244871",0.0465444430579757
"105244874",0.34281156434168
"105244875",0.0311418685121107
"105244876",0.293200999267306
"105244879",0.0466907401328249
"105244887",0.520123244549745
"105244891",0.414394291544169
"105244903",0.470354222633255
"105244904",0.678614024263396
"105244912",0.53681011665523
"105244921",0.098484577572249
"105244922",0.216780649270796
"105244925",0.342805957661544
"105244926",0.0286176804148834
"105244927",0.298554000143678
"105244929",0.374193609102159
"105244932",0.106851809487465
"105244940",0.0339335180055402
"105244946",0.0329646211533237
"105244947",0.0407637059145457
"105244955",0.475061856862065
"105244956",0.0370052275264043
"105244957",0.0437791475663957
"105244975",0.15834967580626
"105244978",0.070778854922118
"105244981",0.10297809026417
"105244984",0.315082164101358
"105244993",0.379906991587286
"105244999",0.591490152089039
"105245003",1.12635773910016
"105245005",0.324914126547603
"105245008",0.184588136294241
"105245009",0.268685295850518
"105245011",0.370637674210184
"105245013",0.222650926074657
"105245014",0.0594071222129399
"105245017",0.344191137808744
"105245022",0.143500388339314
"105245023",0.373023095039038
"105245025",0.380538881542397
"105245032",0.110377851639918
"105245043",0.39552947722123
"105245048",0.169864198991815
"105245059",0.423083752033534
"105245069",0.0705229472955627
"105245071",0.0954019061204361
"105245074",0.0812152733287517
"105245076",0.0194538227599181
"105245087",0.396050820527341
"105245090",0.42028648371961
"105245093",0.245193505459837
"105245094",0.330997463394869
"105245096",0.264733058698569
"105245123",0.365603028664143
"105245126",0.242285530469089
"105245155",0.061038062283737
"105245160",0.334658950947413
"105245177",0.352359893453923
"105245183",0.0627986853572263
"105245202",0.074400691033288
"105245211",0.031899831128733
"105245219",0.21376696545217
"105245221",0.369822195782933
"105245225",0.201167122002625
"105245229",0.199786885990303
"105245231",0.275384814398577
"105245236",1.54125834799342
"105245239",0.0630767144378492
"105245249",0.13517633482093
"105245255",0.0317132670294614
"105245261",0.366414728015463
"105245265",0.312268923332252
"105245272",0.133213301538872
"105245273",0.591204310501739
"105245277",0.454026517332572
"105245278",0.149830688638485
"105245284",0.341193706897953
"105245290",0.176593842042816
"105245291",0.40170601071216
"105245292",0.397167831276615
"105245305",0.0315640654168157
"105245307",0.156282415882215
"105245319",0.438476265945472
"105245323",0.379685872937918
"105245324",0.182436286777119
"105245328",0.17099391464241
"105245348",0.0947381922765638
"105245356",0.440420773933625
"105245357",0.0290731321787378
"105245359",0.204188742969996
"105245369",0.0961898760764545
"105245375",0.082049793665571
"105245376",0.0845293599891969
"105245381",0.307462828438667
"105245391",0.11783326456625
"105245400",0.421970164123591
"105245401",0.365255404958678
"105245406",0.283762498937135
"105245412",0.454840454299622
"105245414",0.392958407251778
"105245415",0.0393058700120087
"105245417",0.468906224822502
"105245433",0.0598005377471825
"105245436",0.416007520508809
"105245437",0.245803934956259
"105245440",0.39229590226386
"105245453",0.123711912753226
"105245459",0.315466662545344
"105245463",0.032429838177606
"105245478",0.0588743463333648
"105245481",0.294975521890685
"105245487",0.181926099286223
"105245508",0.443510848606722
"105245512",0.347170331089341
"105245518",0.345978605270503
"105245552",0.0499395929609381
"105245559",0.474052019869046
"105245563",0.356780056186388
"105245571",0.0694733202480834
"105245576",0.0794859317574496
"105245580",0.312651200433619
"105245586",0.0333847097268222
"105245590",0.427753195121403
"105245592",0.03319736512242
"105245593",0.0594471134617285
"105245595",0.311925837136814
"105245598",0.103823486594143
"105245602",0.348153801470792
"105245608",0.354902643381245
"105245616",0.343398588629947
"105245626",0.127600752748234
"105245628",0.474740607688682
"105245634",0.452908703854822
"105245637",0.408142059692036
"105245641",0.122791031376371
"105245643",0.31175071968972
"105245644",0.492399017222518
"105245648",0.285966903051213
"105245650",0.0257246220024868
"105245677",0.204200848613299
"105245679",0.507188627792522
"105245681",0.0365292548544538
"105245691",0.359152004660793
"105245694",0.468034361193343
"105245695",0.108719941713936
"105245696",0.031385263867337
"105245701",0.516484767555029
"105245702",0.252321968962896
"105245706",0.286220915005667
"105245713",0.455525585912101
"105245717",0.317864783580235
"105245730",0.041518852998693
"105245746",0.366307053171684
"105245766",0.127638249689532
"105245772",0.449657824439809
"105245779",0.47722772761082
"105245780",0.292648044256796
"105245781",0.21085762961015
"105245782",0.03923224414118
"105245786",0.399840767930561
"105245789",0.392314187219234
"105245790",0.141662245241287
"105245791",0.256978474596165
"105245801",0.31595747989369
"105245804",0.241041242349212
"105245807",0.241041242349212
"105245820",0.356139438085328
"105245822",0.18430985188365
"105245825",0.451380728762093
"105245827",0.293541458492493
"105245842",0.30593051126028
"105245846",0.462266019558834
"105245857",0.342198369258614
"105245858",0.37027361129879
"105245861",0.376708865018753
"105245865",0.0507646743714942
"105245866",0.0540920980006166
"105245869",0.409344784262906
"105245870",0.268353885447485
"105245874",0.0778429635939057
"105245875",0.478432110995287
"105245883",0.0382322649105833
"105245892",0.584398427374279
"105245903",0.0315311380906629
"105245904",0.0320809406055582
"105245905",0.0774627730751182
"105245907",0.101319748255155
"105245911",0.440696510833388
"105245912",0.0589196490775543
"105245913",0.156471934363467
"105245916",0.41596814591905
"105245917",0.489288780654996
"105245921",0.444996867902676
"105245925",0.366173910169848
"105245926",0.139943322193834
"105245927",0.0816560753846277
"105245930",0.464009584752306
"105245938",0.515356763545253
"105245941",0.109390213551566
"105245948",0.450511875196035
"105245959",0.323717053782096
"105245967",0.0344336693273093
"105245974",0.044133877471384
"105245975",0.0386210182142587
"105245978",0.0459183673469388
"105245981",0.119296983335771
"105245984",0.418120352960028
"105245991",0.137978542925707
"105245994",0.107782128871485
"105246001",0.160360526336278
"105246003",0.573128686980609
"105246008",0.263621516938374
"105246012",0.219806203174291
"105246016",0.211510788964742
"105246018",0.037907812141182
"105246020",0.223156902911845
"105246027",0.0228025530886248
"105246033",0.14698732602135
"105246034",0.197088218142331
"105246035",0.047611196598717
"105246041",0.142781793684902
"105246046",0.380408196923379
"105246049",0.116458663529771
"105246056",0.0276116927821005
"105246058",0.415681849327908
"105246059",0.490441739891929
"105246062",0.0725622913856208
"105246064",0.285057059178064
"105246066",0.423531460696498
"105246068",0.358680917139424
"105246070",0.388363789119933
"105246071",0.24293660934231
"105246073",0.385079036454294
"105246084",0.196574878356857
"105246086",0.0673063547246804
"105246087",0.293122887933725
"105246095",0.316185319063747
"105246097",0.186833031952122
"105246099",0.088501587052014
"105246105",0.0763504155124654
"105246108",0.36839778194292
"105246110",0.467791985427151
"105246114",0.0228797401313467
"105246117",0.119674535757317
"105246118",0.318367174525185
"105246120",0.0344897959183673
"105246122",0.385103868014687
"105246124",0.480569104210778
"105246126",0.0604225835648076
"105246151",0.412473989298454
"105246158",0.416150220969302
"105246162",0.276579728429904
"105246164",0.121555880204529
"105246167",0.365905673205715
"105246170",0.290658933086544
"105246173",0.140098385509911
"105246176",0.43380817889739
"105246178",0.198867786705625
"105246180",0.118404041675888
"105246186",0.255084162110237
"105246190",0.269076191032648
"105246192",0.118284566337671
"105246193",0.0539951329594834
"105246216",0.156837508406554
"105246223",0.423207672141406
"105246224",0.255379729273608
"105246237",0.457534184654247
"105246241",0.038901862617458
"105246245",0.19140625
"105246249",0.273617566483755
"105246251",0.474279102883588
"105246253",0.419614488097647
"105246254",0.125240528251958
"105246256",0.325487800576184
"105246260",0.369882611457673
"105246264",0.0351699015870959
"105246271",0.356355607137781
"105246278",0.0087240697725336
"105246284",0.301164214008186
"105246286",0.35862262706848
"105246291",0.415763542942994
"105246294",0.17956439977332
"105246299",0.517777799504696
"105246300",0.527797554912283
"105246303",0.0209849783213288
"105246304",0.015165206356801
"105246305",0.443809192302995
"105246306",0.0479576047112553
"105246307",0.0596318634880202
"105246311",0.312513059205089
"105246318",0.05705227551971
"105246320",0.271782675918114
"105246321",0.4573140625
"105246334",0.157100260623911
"105246337",0.449943925661566
"105246339",0.398839984269336
"105246363",0.0857231068332341
"105246366",0.0270515927977839
"105246367",0.410924983938568
"105246370",0.31640625
"105246371",0.0481760308254977
"105246377",0.465464813321801
"105246380",0.122054577671686
"105246396",0.16279878075754
"105246397",0.408853974732125
"105246401",0.252457916779374
"105246402",0.104081999081353
"105246404",0.119870756929929
"105246406",0.558016370003193
"105246410",0.356007502613048
"105246412",0.1349476400669
"105246422",0.477425799072743
"105246423",0.358064769056292
"105246439",0.362059771450731
"105246440",0.275680972990667
"105246442",0.35276113201345
"105246445",0.34982383708413
"105246449",0.44704943889557
"105246452",0.124314251428171
"105246454",0.36657949834517
"105246458",0.412907399373776
"105246471",0.0571909061539405
"105246482",0.415685595567867
"105246491",0.282858571740346
"105246493",0.322039598943767
"105246496",0.0939382695226851
"105246500",0.358422783933518
"105246501",0.407537281432325
"105246506",0.178361618370283
"105246514",0.396550958384356
"105246519",0.0351433663537499
"105246529",0.350688589351121
"105246536",0.0726417907606799
"105246538",0.437459458824708
"105246555",0.0930656711111111
"105246558",0.367911851652782
"105246560",0.367135604495641
"105246561",0.369350260145682
"105246562",0.17676634890565
"105246565",0.339172024146763
"105246569",0.404633801102404
"105246571",0.352755324684426
"105246572",0.275942969280933
"105246574",0.150029757804513
"105246577",0.0451025405191734
"105246585",0.503962442108776
"105246588",0.451203958779716
"105246591",0.175117899696221
"105246608",0.19695214357435
"105246610",0.299535862558107
"105246614",0.170579748918087
"105246617",0.100699067358473
"105246618",1.16191046905164
"105246627",0.126324575410074
"105246642",0.0919344830810292
"105246644",0.153078874860978
"105246650",0.344235508775752
"105246651",0.498155199780226
"105246657",0.090502253981144
"105246658",0.191435930679456
"105246665",0.452479435571116
"105246666",0.0484190083454231
"105246671",0.294415733274347
"105246679",0.177797703606198
"105246693",0.418068160246343
"105246694",0.487244824758551
"105246696",0.413005921031632
"105246700",0.174856923794716
"105246702",0.0159608477571231
"105246707",0.350761155213028
"105246710",0.370498728183546
"105246714",0.41292793081399
"105246717",0.148860077779583
"105246735",0.415195371427984
"105246738",0.451844985643621
"105246745",0.536632554796007
"105246756",0.209531838920849
"105246760",0.507968798091721
"105246763",0.18095498767638
"105246765",0.354521107569184
"105246768",0.486699144107027
"105246769",0.144983452166368
"105246773",0.285578271389725
"105246774",0.321500690827931
"105246782",0.107348514443656
"105246802",0.0794453217955652
"105246804",0.0249366067433851
"105246807",0.553722501346386
"105246824",0.205693075311585
"105246830",0.382995282810095
"105246832",0.139895429246079
"105246837",0.36905625
"105246839",0.100659666779568
"105246846",0.0372478470052717
"105246847",0.166564061009087
"105246860",0.130205319592334
"105246862",0.346832152117566
"105246865",0.16313498498615
"105246878",0.0807543523870582
"105246880",0.264467499153774
"105246887",0.191770578119119
"105246891",0.276745805350284
"105246894",0.183920093689473
"105246895",0.222904616054919
"105246904",0.798716362147741
"105246907",0.327508314790003
"105246908",0.361245230262267
"105246914",0.406015910652732
"105246915",0.0655620917684287
"105246918",0.522909765625
"105246931",0.226171859019817
"105246933",0.0262272766033856
"105246940",0.44822854354453
"105246941",0.361123333659082
"105246945",0.101651581730012
"105246952",0.0467136118851744
"105246954",0.331552476856184
"105246957",0.261471392145062
"105246959",0.0857537173907631
"105246961",0.0138505087879381
"105246964",0.482235762710532
"105246968",0.295840631061309
"105246972",0.324427771403211
"105246973",0.0584792281154567
"105246978",0.0722494694688552
"105247002",0.210635287809597
"105247005",0.326813678082456
"105247021",0.478462509060646
"105247023",0.378454316493626
"105247041",0.329316625885253
"105247049",0.0616017749870747
"105247050",0.158401663480946
"105247057",0.427755391518082
"105247062",0.150385826600565
"105247065",0.487864926286347
"105247071",0.13923513913118
"105247072",0.31183726665879
"105247078",0.532206901353679
"105247090",0.345624877487128
"105247093",0.307289497410063
"105247097",0.0287818912037628
"105247098",0.3819107685577
"105247100",0.0566976366853982
"105247101",0.411201404975696
"105247102",0.361360830406304
"105247111",0.429816258426231
"105247116",0.0388258841534369
"105247123",0.192365485247044
"105247124",0.20263597447997
"105247129",0.256945085127025
"105247134",0.0836463881345398
"105247150",0.153795487575332
"105247151",0.0449973427327481
"105247153",0.101316174722236
"105247154",0.394603998586248
"105247155",0.512051472716856
"105247159",0.323575599274217
"105247163",0.316318475189409
"105247167",0.403895843131348
"105247182",0.446285231890394
"105247184",0.388816602029652
"105247188",0.0289723856948846
"105247198",0.465372529686844
"105247199",0.3074037136
"105247200",0.057650522620187
"105247205",0.23826206214518
"105247207",0.521167478704086
"105247209",0.469525047951409
"105247213",0.176853664621962
"105247219",0.495741628777933
"105247220",0.0613978647024343
"105247222",0.318678459937565
"105247224",0.369079564079649
"105247231",0.385699675641013
"105247234",0.133649356222383
"105247240",0.00404290153362959
"105247244",0.261412938274839
"105247247",0.494317981691318
"105247248",0.310034766542107
"105463124",0.290646423343464
"105704528",0.102585032336917
"105734727",1.30280758624203
"105827746",0.310131198600739
"105886298",0.0410300007728643
"105940408",0.022181982797646
"105943584",0.0836298734461005
"105980075",0.00498960259666516
"106014251",0.0782368562609343
"106557447",0.444517522825452
"107303348",1.62372620414233
"108167334",0.0377071195991673
"108167335",0.236533391128796
"108167341",0.388570363102588
"108167345",0.361609414196532
"108167350",0.0815716078937487
"108167361",0.346748090046044
"108167377",0.0296710089361188
"108167379",0.799613332416292
"108167387",0.111317733309379
"108167408",0.222699154147204
"108167409",0.0244066927732289
"108167412",0.511898105640585
"108167428",0.197651336850594
"108167429",1.1474883816573
"108167435",0.509476453121407
"108167437",0.303639358690371
"108167440",0.0383566315574869
"108167443",0.144706791020605
"108167448",0.461446106494306
"108167450",0.142424900943819
"108167455",0.227908865141755
"108167456",0.109524639318915
"108167458",0.431478692940547
"108167463",0.132411342212858
"108167466",0.376185779559838
"108167511",0.197107903440202
"108167513",0.137988494595716
"108167517",0.360281208796584
"108167518",0.020513104368937
"108167519",0.328274430839002
"108167523",0.299386340797329
"108167529",0.303308282872936
"108167532",0.117638794174311
"108167533",0.392500516678827
"108167537",0.0236429715598966
"108167546",0.35654220766337
"108167548",0.111621125020811
"108167550",0.0531334909953128
"108167554",0.411494760599744
"108167560",0.103462615116232
"108167562",0.0497234074082373
"108167563",0.174881034445878
"108167575",0.45298752362949
"108167587",0.310124130246864
"108167589",0.665397654069123
"108167592",0.531178984797222
"108167597",0.0693310948546314
"108167615",0.137886652733337
"108167623",0.0996464142368706
"108167626",0.0615013840515503
"108167627",0.614444341848971
"108167628",0.111556
"108167630",0.0994430549666202
"108167633",0.232249379025659
"108167636",0.155414125732363
"108167637",0.166983482063257
"108167638",0.157622900025498
"108167640",0.308717029591375
"108167645",0.0361102433141288
"108167650",0.0639285253099174
"108167653",0.176464870827805
"108167657",0.28382507730223
"108167659",0.0310343901849714
"108167660",0.0578255276661236
"108167663",0.395744267108311
"108167667",0.0864993651441463
"108167668",0.11898265118154
"108167669",0.0375922839531513
"108167672",0.276617550051902
"108167677",0.483098985300005
"108167679",0.139599067772003
"108167680",0.23322224540887
"108167681",0.346877019099935
"108167687",0.106056856449213
"108167690",0.364375788361173
"108167691",0.270216096128647
"108167693",0.0455231436444493
"108167700",0.026795712694695
"108167704",0.145826173653493
"108167719",0.181630332010664
"108167721",0.267354919066974
"108167725",0.37912384799899
"108167726",0.227605132004116
"108167727",0.0584357513780764
"108167732",0.0831373707634725
"108167733",0.0251595640937923
"108167736",0.158356074751875
"108167737",0.37912726727444
"108167740",0.1900790408969
"108167745",0.0686309154930485
"108167746",0.0704119288529475
"108167747",0.562893150433571
"108167748",0.0520160049245922
"108167749",0.0477307993608898
"108167751",0.0375410994283879
"108167755",1.9212370510397
"108167759",0.368899254893832
"108167760",0.0767263990830743
"108167761",0.221835795610635
"108167764",0.174276669677136
"108167777",0.0600129224885095
"108167784",0.112348089677442
"108167786",0.3268105135024
"108167790",0.0448113350894488
"108167793",0.117474202229912
"108167796",0.0327517616722563
"108167801",0.432526059373758
"108167802",0.0985185526596674
"108167804",0.354578669023655
"108167812",0.0831513675429019
"108167825",0.113655041478086
"108167827",0.311650991474361
"108167831",0.0598435186223596
"108167844",0.129520891196715
"108167845",0.119941696725865
"108167847",0.0820512142880611
"108167848",0.00595605507545578
"108167853",0.0836006471101978
"108167860",0.284905109788877
"108167863",0.513795666823914
"108167866",0.284863665628352
"108167878",0.122101736942643
"108167879",0.286388753770488
"108167881",0.388432290544262
"108167882",0.107990426383094
"108167883",0.203518469359199
"108167886",0.0798183922956297
"108167888",0.0557273459480178
"108167889",0.0535591836734694
"108167895",0.0461717095826788
"108167896",0.415308641975309
"108167898",0.430377859442609
"108167900",0.42883058250912
"108167902",0.402798186867983
"108167905",0.174611581822095
"108167909",0.342648164735117
"108167912",0.177876271400434
"108167917",0.0577398906588745
"108167922",0.0917642520864933
"108167924",0.0132144731027674
"108167925",0.14821262239798
"108167926",0.544572869792423
"108167930",0.256142313306368
"108167933",0.488956379571231
"108167934",0.169495591051454
"108167935",0.3249
"108167939",0.343421204763557
"108167940",0.0822797203673687
"108167941",0.320725281617894
"108167961",0.468271550926341
"108167979",0.363301910204779
"108167980",0.478857251547547
"108167989",0.756198600634991
"108167995",0.0526159750075119
"108167996",0.168256341319734
"108167997",0.0483906486982781
"108168003",0.810599777839506
"108168009",0.299284372311327
"108168018",0.398554729083647
"108168022",0.0671555966025224
"108168026",0.0211972607222068
"108168027",0.107525555825475
"108168028",0.296818931453934
"108168034",0.478987406551054
"108168049",0.255524695085135
"108168064",0.352701915600814
"108168066",0.413766613498508
"108168068",0.278357335988754
"108168069",0.0327274583530505
"108168071",0.182020532915958
"108168076",0.356548912972082
"108168079",0.485124097431331
"108168080",0.126921736007715
"108168081",0.298463673754944
"108168084",0.370438128703604
"108168085",0.155692045289592
"108168092",0.0436476448676409
"108168101",0.0170588443771312
"108168102",0.0634194932293961
"108168104",0.0435794865218653
"108168105",0.433503910148867
"108168106",0.364456167274504
"108168107",0.357864758665806
"108168109",0.0372914027680364
"108168114",0.108629267922262
"108168142",0.39538944
"108168162",0.0437203694110731
"108168163",0.33935322533349
"108168166",0.267194100212374
"108168201",0.0488406257416145
"108168203",0.254761066489362
"108168204",0.291685157333269
"108168205",0.0872313587136272
"108168237",0.48769647545483
"108168240",0.15550200060047
"108168244",0.409417813857474
"108168246",0.413357683779358
"108168248",0.374403088464897
"108168251",0.082747079117639
"108168252",0.100656516809163
"108168254",0.0695991327427662
"108168256",0.145124716553288
"108168260",0.0378166501599778
"108168265",0.0774648741779708
"108168276",0.303687802668336
"108168283",0.0299761325280577
"108168286",0.254200249615308
"108168287",0.0251671770626725
"108168290",0.459583149851334
"108168291",0.395491144156707
"108168292",0.123938187486904
"108168293",0.097459293722309
"108168294",0.0273186875744303
"108168296",0.0610873779982029
"108168297",0.253521542650791
"108168305",0.479158294893205
"108168307",0.301730315543551
"108168311",0.264771362722215
"108168326",0.101002064177144
"108168328",0.331527182556544
"108168332",0.439307751157283
"108168334",0.0377201489875614
"108168335",0.157961724106032
"108168336",0.455618513380766
"108168338",0.0201316677721503
"108168347",0.0418763413761706
"108168349",0.568606973476672
"108168353",0.0605508026447327
"108168354",0.207526386797183
"108168355",0.118687715871447
"108168358",0.0471446040950381
"108168359",0.350794541980647
"108168373",0.447452520087655
"108168375",0.335204058126856
"108168376",0.0460026572127705
"108168379",0.0389171846462722
"108168380",0.110264342972065
"108168382",0.10892447603521
"108168383",0.427613417916186
"108168390",0.0957242937921274
"108168391",0.412521647171928
"108168393",0.0551749234643908
"108168395",0.027319377379761
"108168397",0.404802398409958
"108168398",0.374984219164247
"108168407",0.168296112818222
"108168411",0.0796112382763422
"108168413",0.0854709469445628
"108168416",0.352249569821566
"108168420",0.360515482303778
"108168421",0.057282998701731
"108168423",0.377017077532032
"108168424",0.2047258139114
"108168428",0.51521316027208
"108168478",0.0411567496866761
"108168479",0.102580502339751
"108168481",0.0164865900438862
"108168482",0.395326901778078
"108168484",0.050826900125591
"108168487",0.249922027290922
"108168645",0.117289225420616
"108168693",0.366408278668571
"108168696",0.396521143083272
"108168707",0.460772166890692
"108168719",0.470028317977135
"108168727",0.347036540266408
"108168731",0.0319812343689735
"108168734",0.0561228293448583
"108168740",0.0639828692798578
"108168741",0.282594788127885
"108168742",0.36479652100937
"108168746",0.133710455980981
"108168747",0.0905440471210695
"108168748",0.374700365078574
"108168752",0.0593864959491704
"108168755",0.369923725276069
"108168756",0.11339943750279
"108168760",0.284737502689149
"108168762",0.0728353536074353
"108168763",0.0399093027941826
"108168771",0.390206211501556
"108168774",0.268176020408163
"108168775",0.267970920664715
"108168783",0.11553791515155
"108168786",0.382348307132103
"108168787",0.193139079176696
"108168790",0.393438396093994
"108168793",0.150078344557928
"108168795",0.0301655582776073
"108168797",0.0548681708635517
"108168798",0.25492730196398
"108168801",0.355998275921562
"108168806",0.167672370284931
"108168807",0.14382905427908
"108168812",0.0427142460441237
"108168813",0.133031843718404
"108168816",0.256493236212279
"108168817",0.424395324724291
"108168820",1.10466935472467
"108168823",0.15128862561635
"108168834",0.393228882449683
"108168861",0.444974965966245
"108168868",0.0434818703019181
"108168869",0.311268342484133
"108168871",0.293767502433703
"108168872",0.0350050055018628
"108168873",0.428754669761224
"108168876",0.0376236835474931
"108168877",0.03515625
"108168878",0.408533402247907
"108168879",0.264774562360184
"108168883",0.0425889706261712
"108168886",0.0992299763657101
"108168888",0.302189845858757
"108168899",0.0714507554414077
"108168900",0.132339426524731
"108168903",0.0205928121738249
"108168904",0.278803900181548
"108168905",0.415731869834711
"108168906",0.0422610448105477
"108168907",0.0347987917216097
"108168908",0.399684446567153
"108168909",0.0278199131949733
"108168911",0.0546979033027514
"108168925",0.0597101768671433
"108168926",0.323613351671487
"108168928",0.349902326917552
"108168930",0.046099220309961
"108168931",0.55272721284523
"108168932",0.46278950930544
"108168933",0.0339924729989256
"108168938",0.425720399106388
"108168941",0.102614039307578
"108168971",0.350960739022468
"108168973",0.48641640143717
"108168974",0.0221306577185577
"108168977",0.278821780433669
"108168980",0.472090296329857
"108168981",0.563003468312238
"108168983",0.355113108146981
"108168985",0.0532522970954749
"108168987",0.331631247564538
"108168988",0.0710453638819162
"108168990",0.028913278060117
"108168994",0.447768158558817
"108168998",0.430272649159306
"108169008",0.0363160526333275
"108169012",0.0605162373183451
"108169013",0.244280219149094
"108169017",0.314464299641173
"108169018",0.0291865745437323
"108169023",0.0478392065352978
"108169029",0.460459183673469
"108169031",0.383793798681656
"108169033",0.0915974935511893
"108169034",0.865315821466565
"108169039",0.584738774092972
"108169043",0.608830530916493
"108169045",0.351530768247825
"108169046",0.0576349779861381
"108169047",0.477395605174882
"108169050",0.407362463530053
"108169054",0.242095363565658
"108169056",0.445749713769581
"108169065",0.566023035844495
"108169068",0.282108039394906
"108169069",0.0289231338794021
"108169080",0.334340060605162
"108169082",0.257941576515671
"108169083",0.0878587738965345
"108169085",0.462270230829236
"108169096",0.0664391766134317
"108169121",0.291644826923522
"108169124",0.498881082761532
"108169128",0.127413536160099
"108169134",0.0387073573658457
"108169137",0.366333978286526
"108169145",0.0817562992512852
"108169150",0.483086281967929
"108169152",0.0356618290277194
"108169153",0.0364430007198391
"108169155",0.0308582279628038
"108169157",0.406100294371977
"108169158",0.318375889672333
"108169159",0.128935553229607
"108169162",0.336943103459286
"108169171",0.263572861971769
"108169172",0.15318470337891
"108169173",0.173511271716365
"108169181",0.0941625721695838
"108169205",0.0393319532894708
"109729085",1.78042033078032
"110599566",0.0565437051037199
"111365222",0.0317413132514203
"111828493",0.0288262998519218
"112694759",0.608194561089729
"113002583",0.0444411979547115
