"","GSE95740_enriched environment"
"11302",0.0672
"11303",-0.0944
"11304",0.149
"11305",0.016
"11306",-0.0707
"11307",0.0134
"11308",0.0323
"11350",-0.0068
"11352",-0.0258
"11363",0.0141
"11364",-0.0463
"11370",0.0345
"11409",0.0109
"11416",-0.0586
"11418",-0.0895
"11419",0.063
"11421",-0.0393
"11423",0.1028
"11426",-0.0797
"11428",0.0079
"11429",0.0326
"11430",-0.0096
"11431",-0.0459
"11432",-0.0134
"11433",0.2717
"11434",0.4261
"11435",0.0173
"11438",-0.1425
"11440",-0.5064
"11441",0.0861
"11443",0.0745
"11444",-0.0276
"11459",0.4036
"11472",-0.2111
"11474",0.8718
"11475",-0.0614
"11477",0.1475
"11479",-0.0083
"11480",-0.0938
"11481",-0.1334
"11482",0.0863
"11484",-0.1241
"11486",-0.0313
"11487",-0.0411
"11488",-0.0585
"11489",-0.1468
"11490",0.0465
"11491",-0.0244
"11492",0.0961
"11496",-0.0057
"11498",-0.4812
"11499",-0.7225
"11501",0.2296
"11502",-0.0334
"11504",-0.163
"11512",0.0616
"11513",0.0571
"11514",-0.0577
"11515",0.1117
"11516",0.4051
"11517",-0.1463
"11518",0.0174
"11519",7.311e-05
"11520",0.0515
"11522",-0.5211
"11532",-0.044
"11534",-0.0948
"11535",0.7946
"11536",0.0159
"11538",-0.021
"11539",0.0795
"11540",0.2919
"11541",0.1623
"11542",0.3861
"11544",-0.0551
"11545",0.063
"11546",-0.0737
"11548",-0.3815
"11549",-0.08
"11550",-0.0354
"11551",-0.0125
"11552",-0.2038
"11553",0.2696
"11554",-0.1964
"11555",-0.037
"11556",-0.8326
"11564",2.462e-07
"11565",0.1606
"11566",-0.0139
"11567",0.5703
"11568",-0.2668
"11569",-0.1069
"11593",0.2565
"11595",0.3024
"11596",0.6171
"11600",-0.1801
"11601",0.3855
"11603",0.0524
"11605",0.2003
"11606",-0.1999
"11607",0.1914
"11609",-0.7236
"11610",0.0405
"11615",-0.2177
"11622",0.0959
"11624",-0.2692
"11629",-0.1996
"11630",0.2402
"11632",0.0498
"11636",0.0671
"11637",0.1151
"11639",-0.0337
"11640",0.0677
"11642",0.1438
"11647",-0.1872
"11651",0.0096
"11652",0.1399
"11655",0.0233
"11656",0.4129
"11658",-0.2497
"11666",0.1483
"11668",0.1734
"11669",-0.0533
"11670",-0.202
"11671",-0.0497
"11674",0.1185
"11676",0.0212
"11677",0.0301
"11682",0.0801
"11684",0.098
"11686",0.4415
"11687",-0.0069
"11688",-0.025
"11689",0.0314
"11690",0.0729
"11692",0.0196
"11694",0.0675
"11695",0.0069
"11702",0.0094
"11705",-0.3813
"11717",-0.0514
"11722",-0.2798
"11727",0.2376
"11732",-0.0649
"11733",0.0413
"11735",-0.0191
"11736",-0.022
"11737",0.0229
"11739",-0.0043
"11740",0.0445
"11744",0.1604
"11745",0.0361
"11746",0.1316
"11747",-0.0116
"11749",0.0686
"11750",-0.0451
"11754",-0.4945
"11757",-0.0056
"11758",-0.0076
"11761",0.1492
"11764",-0.0345
"11765",-0.011
"11766",0.0764
"11767",-0.0203
"11769",0.1513
"11771",0.0603
"11772",0.0132
"11773",0.0437
"11774",-0.0476
"11775",0.0927
"11776",0.0281
"11777",6e-04
"11778",-0.048
"11781",0.0853
"11782",0.0324
"11783",-0.0107
"11784",0.0172
"11785",0.0192
"11787",-2e-04
"11789",-0.083
"11790",0.0197
"11792",0.0628
"11793",0.0121
"11796",0.0722
"11797",-0.0158
"11798",-0.1049
"11799",0.0468
"11800",0.0357
"11803",0.111
"11804",0.021
"11806",0.8064
"11807",0.7155
"11810",0.0988
"11811",-1.0507
"11812",-0.426
"11814",0.3035
"11815",0.0292
"11818",0.0112
"11819",0.0769
"11821",0.09
"11826",0.5706
"11829",-0.0479
"11834",-0.0231
"11835",-0.0905
"11836",-0.0174
"11837",0.0725
"11838",0.443
"11839",1.458
"11840",-0.0074
"11841",0.0736
"11842",0.0144
"11843",-0.0142
"11844",0.078
"11845",0.0119
"11847",0.3519
"11848",-0.0219
"11852",0.1107
"11853",0.0338
"11854",0.5099
"11855",-0.0824
"11856",0.0686
"11857",0.0387
"11858",0.0375
"11861",-0.1333
"11863",-0.0702
"11864",-0.0113
"11865",0.0657
"11867",0.1511
"11876",-0.3439
"11877",-0.0247
"11878",-0.1433
"11881",-0.1097
"11883",0.0347
"11886",-0.0044
"11889",-0.5629
"11891",-0.0591
"11898",0.0569
"11899",-0.1098
"11906",-0.0966
"11907",-0.0316
"11908",-0.092
"11909",-0.0696
"11910",0.7444
"11911",0.0923
"11920",0.0098
"11922",-0.1303
"11923",0.0891
"11924",-0.267
"11927",0.0678
"11928",-0.0013
"11932",0.099
"11933",-0.0092
"11936",0.0047
"11937",-0.0937
"11938",-0.0056
"11941",0.094
"11944",-0.0632
"11949",-0.0065
"11950",0.0636
"11951",0.1079
"11957",-0.0474
"11958",0.0921
"11964",0.0382
"11966",0.0222
"11972",0.0313
"11973",0.029
"11974",0.0246
"11975",-0.0494
"11977",0.1692
"11979",0.0678
"11980",-0.0759
"11981",0.0108
"11982",-0.0279
"11983",0.0386
"11984",0.0258
"11987",-0.0271
"11988",-0.1719
"11989",-0.1916
"11990",-0.0145
"11991",-0.1678
"11992",0.0628
"11993",0.0208
"11994",-0.0815
"11998",0.3422
"12005",5e-04
"12006",-0.0584
"12009",-0.0685
"12010",-0.0088
"12012",0.1087
"12013",0.0362
"12014",-0.0745
"12015",0.0753
"12017",0.0275
"12018",-0.1017
"12021",-0.2751
"12023",0.329
"12028",0.0324
"12029",-0.2149
"12032",-0.0267
"12033",-0.1158
"12034",0.0515
"12035",0.0786
"12036",-0.0779
"12038",-0.4292
"12039",-0.0129
"12040",0.0476
"12041",0.0992
"12042",0.0355
"12043",-0.0658
"12044",-0.8135
"12045",-0.2181
"12048",-0.0371
"12050",-0.0626
"12051",-0.3472
"12053",-0.0764
"12054",0.0349
"12055",0.0173
"12062",-0.3629
"12064",0.1988
"12068",0.1123
"12069",-0.0186
"12070",0.0192
"12075",-0.0358
"12091",-0.0312
"12111",0.2109
"12121",-0.0442
"12122",-0.0272
"12123",-0.3033
"12125",0.1711
"12140",-0.0522
"12142",-0.0487
"12144",-0.1691
"12151",-0.0464
"12153",0.0928
"12156",-0.3488
"12159",0.291
"12160",-0.0482
"12161",0.2779
"12162",-0.265
"12164",0.5402
"12166",-0.0839
"12167",-0.1396
"12168",-0.0907
"12169",-0.1566
"12175",0.0233
"12176",-0.03
"12177",-0.0447
"12180",-0.3044
"12181",0.0476
"12182",0.9318
"12183",0.0663
"12189",-0.0929
"12190",-0.0376
"12192",-0.0804
"12193",-0.1409
"12209",-0.6265
"12211",-0.0046
"12212",0.0188
"12215",0.0923
"12217",0.049
"12223",-0.591
"12224",-0.2989
"12226",-0.09
"12227",0.1249
"12228",0.1267
"12229",-0.2572
"12234",-0.0358
"12235",-0.163
"12236",0.14
"12237",-0.0203
"12238",0.0591
"12257",-0.1125
"12258",-0.1637
"12259",0.1294
"12260",0.0645
"12261",-0.0072
"12262",0.1288
"12263",0.158
"12265",0.2541
"12266",-0.1254
"12267",0.248
"12268",-0.1524
"12269",-0.5584
"12273",-0.2288
"12282",0.0605
"12283",0.0103
"12286",-0.0365
"12287",-0.0747
"12288",-0.067
"12289",-0.1536
"12290",-0.0405
"12291",0.0539
"12292",-0.4314
"12293",-0.0992
"12294",0.0149
"12295",0.141
"12296",-0.0119
"12297",0.0928
"12298",-0.0944
"12300",0.0034
"12301",0.0133
"12304",0.0476
"12305",0.1501
"12306",0.0303
"12307",-0.2181
"12308",0.0959
"12310",0.1135
"12316",-0.1935
"12317",0.1158
"12319",-0.0876
"12321",0.0283
"12323",-0.0419
"12325",0.0013
"12326",-0.1103
"12328",-0.0134
"12330",-0.0063
"12331",0.0361
"12332",0.1753
"12333",0.0779
"12334",-0.0095
"12335",-0.1458
"12336",0.0934
"12337",-0.1143
"12338",0.5073
"12339",-0.0122
"12340",-0.0063
"12343",-0.0027
"12345",0.0385
"12348",6e-04
"12349",-0.0558
"12350",-0.3534
"12351",-0.2116
"12352",-0.6924
"12354",0.3102
"12355",-0.0429
"12359",0.1155
"12361",-0.0228
"12362",-0.3195
"12363",0.2259
"12364",0.0079
"12366",0.0083
"12367",0.0868
"12368",-0.1185
"12369",-0.0887
"12370",0.0356
"12371",-0.1349
"12372",0.0166
"12373",0.169
"12374",-0.2346
"12380",-0.0091
"12385",-0.0453
"12386",-0.0328
"12387",-0.036
"12388",-0.1303
"12389",-0.18
"12390",-0.196
"12391",1.3129
"12393",0.0607
"12394",0.0246
"12395",-0.0809
"12396",0.0267
"12398",0.0812
"12400",-0.164
"12402",-0.0729
"12404",0.149
"12405",0.1531
"12406",0.1707
"12408",-0.0315
"12409",0.0108
"12411",-0.1096
"12412",0.0067
"12416",-0.05
"12417",-0.0604
"12418",-0.0026
"12419",-0.0698
"12421",-0.089
"12424",-0.0149
"12426",0.1253
"12427",0.1415
"12428",0.0906
"12442",-0.3389
"12443",0.1656
"12444",-0.1018
"12445",0.1118
"12447",-2e-04
"12448",-0.031
"12449",-0.0294
"12450",-0.0501
"12452",0.0337
"12453",-0.0533
"12454",0.1127
"12455",-0.0446
"12457",-0.027
"12460",-0.0677
"12461",-0.0187
"12462",0.0446
"12464",0.0251
"12465",0.0053
"12466",0.0106
"12467",0.218
"12468",0.0305
"12469",0.0397
"12475",0.2888
"12476",0.1085
"12479",0.1091
"12483",-0.6464
"12484",0.1852
"12488",-0.0726
"12489",-0.0371
"12490",0.1368
"12491",0.1465
"12492",-0.076
"12493",0.2003
"12494",-0.027
"12495",0.0174
"12496",-0.0127
"12497",0.0194
"12499",-0.0931
"12503",0.7591
"12504",0.2729
"12505",-0.0876
"12506",0.2961
"12508",-0.0717
"12509",0.0777
"12511",0.9463
"12512",-0.0467
"12514",0.0174
"12517",-0.209
"12519",0.119
"12520",0.0601
"12521",0.0644
"12522",-0.1721
"12523",-0.0286
"12524",0.0316
"12527",0.0012
"12530",0.0176
"12531",0.0665
"12532",-1.1829
"12534",0.2796
"12537",-0.0113
"12539",0.0363
"12540",-0.0343
"12544",2e-04
"12545",-0.0561
"12549",-0.0574
"12552",-0.0678
"12554",0.1546
"12555",0.2917
"12558",0.0188
"12560",0.2795
"12561",0.041
"12562",-0.1017
"12563",0.1196
"12564",-0.0616
"12565",-0.0048
"12566",0.1122
"12567",0.0468
"12568",0.075
"12569",-0.0493
"12570",0.0537
"12571",-0.1048
"12572",0.0249
"12575",0.447
"12576",-0.1083
"12577",-0.0768
"12579",0.1181
"12580",-0.1853
"12581",0.0161
"12583",-0.0476
"12585",0.118
"12587",0.4283
"12589",-0.0943
"12593",0.0324
"12606",0.0817
"12607",-0.0051
"12608",0.0812
"12609",0.0422
"12611",-0.003
"12614",-0.0653
"12615",0.0707
"12616",0.0328
"12617",-0.0502
"12626",-0.0888
"12628",0.0535
"12631",0.0616
"12632",-0.0408
"12633",-0.0585
"12638",0.3785
"12642",1.4683
"12648",-0.0507
"12649",-0.0756
"12651",-0.0388
"12652",0.1148
"12653",0.0527
"12654",-0.1
"12659",0.0278
"12660",0.0411
"12661",-0.0288
"12662",-0.0178
"12663",-0.0479
"12667",0.111
"12669",-0.0159
"12671",-0.1288
"12672",-0.148
"12675",-0.0527
"12677",-0.7989
"12683",-0.0312
"12684",0.2527
"12695",-0.149
"12696",-0.1279
"12700",0.3327
"12702",0.3398
"12703",-0.6372
"12704",-0.0947
"12705",-0.2501
"12709",0.0547
"12716",0.0184
"12721",0.0033
"12723",-0.1061
"12724",-0.0119
"12725",-0.0428
"12727",-0.0132
"12728",-0.0176
"12729",0.0064
"12737",-0.2874
"12738",0.5875
"12739",-0.3949
"12741",-0.0372
"12745",0.093
"12747",-0.1221
"12748",-0.0711
"12750",-0.0522
"12751",0.0538
"12752",0.0508
"12753",-0.03
"12757",0.0095
"12759",0.0753
"12763",0.1786
"12764",-0.0498
"12767",-0.0258
"12768",0.018
"12769",0.2703
"12772",0.5954
"12774",-0.1815
"12777",-0.2769
"12778",0.1113
"12785",-0.0703
"12793",0.0075
"12794",0.1245
"12795",-0.0026
"12797",0.4254
"12798",0.1404
"12799",0.0979
"12801",-0.0092
"12802",0.1026
"12803",-0.0109
"12804",0.0086
"12805",-0.0013
"12807",-0.0192
"12808",0.2037
"12810",-0.3543
"12812",-0.0368
"12813",-0.3122
"12814",0.251
"12815",0.041
"12816",-0.4604
"12817",-0.1905
"12818",-0.4459
"12819",0.1983
"12821",0.351
"12822",0.0782
"12823",-0.0423
"12824",0.2293
"12825",-0.2392
"12826",0.0916
"12827",0.0576
"12828",0.0242
"12829",-0.1393
"12830",-0.1479
"12831",-0.4333
"12832",-0.0999
"12833",0.69
"12834",0.4667
"12835",-0.2185
"12836",0.0442
"12837",-0.4337
"12839",-0.4633
"12840",-0.1039
"12841",0.046
"12842",-0.1079
"12843",-0.1168
"12845",-0.6227
"12846",0.1791
"12847",-0.0051
"12848",-0.0417
"12850",-0.0063
"12854",0.4671
"12856",0.0077
"12857",-0.0042
"12858",0.0775
"12859",0.0912
"12861",0.017
"12862",0.168
"12864",-0.0036
"12865",0.0086
"12866",0.0629
"12867",0.0322
"12868",0.0134
"12869",-0.8081
"12870",0.0396
"12873",-0.7485
"12874",-0.0349
"12877",0.0399
"12879",-0.1545
"12889",-0.0069
"12891",-0.0587
"12892",-0.0125
"12894",0.0076
"12895",-0.1957
"12896",0.0263
"12902",-0.0393
"12903",-0.1785
"12904",0.4449
"12905",-0.1048
"12908",0.0163
"12909",0.0416
"12912",-0.055
"12913",0.0284
"12914",0.0012
"12915",0.0473
"12916",-0.0527
"12918",0.0484
"12919",0.4054
"12921",0.0201
"12922",-0.2112
"12925",-0.0482
"12927",0.0288
"12928",-0.0382
"12929",-0.009
"12931",0.0071
"12933",-0.0717
"12934",-0.0264
"12936",-0.7877
"12937",-0.0201
"12939",0.7135
"12941",-0.0125
"12942",-0.1192
"12943",-0.0616
"12946",0.0416
"12950",-0.2163
"12952",-0.0151
"12953",-0.063
"12955",0.1663
"12959",0.0895
"12960",0.1174
"12962",-0.2847
"12964",-0.3828
"12971",-0.1808
"12972",-0.0177
"12974",-0.0129
"12977",-0.1092
"12978",-0.0292
"12982",0.0381
"12983",0.1032
"12984",-0.2247
"12986",0.2094
"12988",-0.0905
"12995",-0.0332
"13000",-0.0402
"13001",-0.0156
"13002",0.0078
"13003",0.0534
"13004",0.1108
"13006",-0.0449
"13007",0.0741
"13008",-0.0863
"13010",-0.0032
"13011",0.2564
"13014",0.0187
"13016",0.0084
"13017",-0.0804
"13018",-0.0538
"13019",0.179
"13024",0.5295
"13025",0.2197
"13026",-0.0204
"13030",0.1126
"13032",-0.0565
"13033",0.1358
"13036",0.0602
"13038",0.0785
"13039",-0.0049
"13040",-0.0434
"13041",-0.0033
"13043",0.0172
"13046",0.0027
"13047",-0.0997
"13048",-0.0864
"13051",-0.0721
"13052",-0.0802
"13056",-0.0323
"13057",0.063
"13058",0.1248
"13063",0.0306
"13070",0.0395
"13075",0.356
"13076",0.5669
"13078",-0.2146
"13082",0.2218
"13106",-0.8814
"13110",-0.1509
"13113",0.167
"13115",0.498
"13116",0.0495
"13120",-0.3638
"13121",0.0832
"13123",-0.0567
"13131",-0.0744
"13132",-0.0549
"13134",-0.1377
"13135",0.1593
"13136",0.0388
"13138",-0.0079
"13139",0.0667
"13142",0.4317
"13143",0.4057
"13144",0.0359
"13162",-0.2778
"13163",0.0072
"13164",-0.2035
"13166",0.2962
"13167",0.0202
"13168",-0.6692
"13169",0.0765
"13170",-0.2247
"13171",-0.0606
"13175",-0.005
"13176",-0.1979
"13177",-0.0844
"13178",-0.0043
"13179",-0.2808
"13180",-0.2054
"13185",0.1004
"13190",0.7248
"13191",0.0399
"13193",-0.0467
"13194",7e-04
"13195",0.1329
"13196",0.0747
"13197",0.1938
"13198",0.0918
"13200",0.1041
"13202",-0.0381
"13204",-0.0336
"13205",-0.1064
"13206",0.0926
"13207",-0.0549
"13209",-0.0956
"13211",-0.0504
"13244",0.0395
"13340",0.0534
"13345",-0.3659
"13346",-0.0282
"13347",-0.0247
"13349",0.8284
"13350",-0.0095
"13353",-0.0721
"13356",-0.0051
"13358",-0.0085
"13360",0.0641
"13361",-0.1311
"13363",-0.0163
"13367",-0.2523
"13368",-0.1196
"13371",-0.08
"13382",-0.0388
"13383",-0.0696
"13384",0.0475
"13385",0.0817
"13386",0.0927
"13388",-0.1905
"13389",-0.1148
"13390",-0.133
"13392",-0.1738
"13395",0.2759
"13396",-0.2821
"13400",0.0787
"13401",0.0204
"13404",-0.4857
"13405",-0.0648
"13406",0.0768
"13411",-0.044
"13417",0.1372
"13418",0.1372
"13419",-0.1596
"13423",-0.1084
"13424",0.0386
"13426",-0.0455
"13427",-0.0296
"13429",-0.0543
"13430",0.008
"13433",-0.0022
"13434",-0.0859
"13435",0.0216
"13436",-0.0343
"13437",0.0607
"13445",0.0603
"13446",-0.2324
"13447",0.0295
"13448",-0.277
"13449",-0.3398
"13476",-0.0265
"13478",0.1603
"13480",-0.015
"13481",0.0163
"13482",0.2181
"13483",-0.0643
"13486",-0.0788
"13487",-0.0314
"13488",0.7545
"13489",0.1517
"13490",-0.2603
"13491",1.5221
"13492",-0.1286
"13494",0.0199
"13495",0.0067
"13496",-0.0944
"13497",-0.0054
"13498",-0.0221
"13505",-0.4596
"13506",0.2302
"13508",-0.041
"13511",-0.212
"13516",-0.2176
"13518",0.0279
"13521",-0.1041
"13524",-1.3799
"13527",0.037
"13528",0.0704
"13537",0.0714
"13542",0.0116
"13543",-0.0712
"13544",0.0283
"13548",-0.0019
"13549",0.0334
"13555",0.0038
"13557",0.0476
"13559",-0.0028
"13560",-0.0076
"13587",0.1701
"13589",-0.0599
"13590",0.7511
"13591",-0.3432
"13592",0.8939
"13593",-0.0621
"13595",0.119
"13599",0.0886
"13601",0.1243
"13603",-0.4171
"13605",-0.1954
"13607",-0.0143
"13608",-0.5428
"13609",-0.0128
"13610",0.1137
"13611",0.094
"13612",-0.139
"13614",-0.6444
"13616",0.0208
"13617",-0.2061
"13618",-0.0997
"13619",0.0617
"13626",-0.0691
"13631",-0.023
"13636",0.2342
"13637",0.08
"13638",0.1163
"13639",0.5284
"13640",0.0292
"13641",-0.1469
"13642",-0.12
"13643",-0.0356
"13644",-0.0292
"13645",0.0772
"13649",-0.0852
"13650",0.0497
"13653",0.2491
"13654",1.2833
"13655",0.1438
"13656",0.3559
"13660",0.0413
"13663",-0.0447
"13664",0.0034
"13665",0.0426
"13666",0.0186
"13667",0.0251
"13669",-0.0952
"13680",-0.0565
"13681",0.032
"13682",-0.0245
"13684",-0.0717
"13685",0.3674
"13688",-0.0795
"13690",0.0047
"13709",-0.0515
"13711",-0.0494
"13712",0.0221
"13713",0.1158
"13714",0.0065
"13716",0.0337
"13717",-0.0057
"13722",-0.0035
"13723",0.011
"13726",0.0302
"13728",0.0053
"13730",-0.2064
"13731",-0.0884
"13732",0.0785
"13733",0.0605
"13796",0.1356
"13797",-0.1702
"13799",0.3457
"13800",-0.0483
"13803",-0.0636
"13804",0.1116
"13805",0.25
"13806",0.0091
"13807",0.1215
"13808",-0.0877
"13809",0.0201
"13813",-0.3839
"13819",0.0276
"13821",0.0811
"13822",-0.0698
"13823",-0.044
"13824",-0.0903
"13829",0.0812
"13830",0.005
"13831",-0.0691
"13835",0.251
"13836",0.0735
"13837",-0.105
"13838",0.0405
"13839",-0.0749
"13840",-0.0438
"13841",4e-04
"13842",0.0245
"13844",0.112
"13845",-0.1323
"13846",-0.0102
"13848",0.2057
"13849",0.0219
"13850",0.0423
"13852",-0.0586
"13853",6e-04
"13854",0.0517
"13855",-0.0148
"13857",-0.0073
"13858",-0.0461
"13859",-0.0076
"13860",-0.0914
"13861",0.3873
"13864",0.0162
"13865",-0.054
"13866",0.0051
"13867",-0.0076
"13869",-0.1375
"13870",0.1098
"13871",0.1113
"13872",-0.0059
"13875",0.0954
"13876",-0.0696
"13877",-0.0243
"13885",0.0378
"13929",0.0121
"13972",0.0814
"13982",0.0906
"13983",0.2091
"13990",-0.0473
"13992",-0.0069
"13996",0.0633
"13998",-0.0662
"13999",0.7481
"14000",0.056
"14004",0.0902
"14007",-0.108
"14009",-0.0557
"14011",-0.0897
"14012",0.2536
"14013",0.0889
"14017",-0.1206
"14020",-0.0855
"14025",-0.1278
"14026",-0.0426
"14027",0.3888
"14030",-0.0679
"14038",-0.4606
"14042",-0.024
"14043",7e-04
"14048",-0.0053
"14049",-0.0124
"14050",0.0287
"14051",0.0065
"14055",0.0043
"14056",0.0924
"14057",-0.0038
"14062",-0.1296
"14064",0.5225
"14065",0.5346
"14066",-0.0497
"14067",0.1811
"14069",-0.0279
"14070",0.0133
"14071",-0.4297
"14073",-4e-04
"14077",0.161
"14081",0.0238
"14082",0.0781
"14083",0.0349
"14084",0.0526
"14085",0.0812
"14086",0.0199
"14087",-0.0183
"14088",-0.0491
"14089",-0.5852
"14102",0.3885
"14104",-0.0063
"14105",0.0024
"14106",0.1356
"14107",-0.0494
"14109",0.0476
"14113",-0.0027
"14114",-0.0774
"14115",0.1277
"14118",-0.2063
"14119",0.2299
"14121",-0.6771
"14123",0.0214
"14127",-0.044
"14128",-0.1155
"14129",0.035
"14130",-0.1974
"14131",0.1781
"14132",-0.0296
"14133",0.4076
"14137",0.0496
"14148",-0.0324
"14149",0.1173
"14151",0.0232
"14154",0.0544
"14155",0.0135
"14156",0.112
"14158",0.0988
"14159",-0.168
"14160",0.1868
"14161",0.0082
"14163",0.071
"14164",0.0862
"14165",-0.1402
"14166",0.0555
"14167",-0.0807
"14168",-0.0773
"14169",-0.1247
"14172",0.0128
"14173",-2e-04
"14176",-0.0172
"14178",0.4864
"14180",-0.112
"14181",0.2898
"14182",0.0622
"14183",-0.0656
"14184",0.0437
"14187",-0.0749
"14190",0.2674
"14191",0.6592
"14194",0.0173
"14198",-0.0594
"14199",-0.1133
"14200",0.0871
"14201",0.5328
"14202",-0.3674
"14204",0.2483
"14205",0.1293
"14208",0.0318
"14211",-0.0613
"14218",0.03
"14219",0.4088
"14221",-0.0953
"14225",0.0685
"14226",0.0351
"14227",0.0247
"14228",0.1357
"14229",0.0959
"14230",-0.0619
"14231",-0.0843
"14232",0.0916
"14234",-0.0585
"14235",-0.2375
"14236",-0.0565
"14238",-0.1509
"14239",0.1626
"14245",0.0349
"14247",0.1307
"14248",0.0581
"14251",-0.1036
"14252",0.0201
"14254",0.0329
"14255",-0.0381
"14256",0.2117
"14257",0.0787
"14260",0.008
"14261",-0.1799
"14263",-0.0799
"14264",-0.2467
"14265",-0.1652
"14266",-0.0369
"14268",0.2382
"14269",-0.0747
"14270",-0.0498
"14272",0.0264
"14275",-0.8747
"14276",0.1239
"14281",0.7675
"14282",0.8176
"14284",0.4063
"14287",0.0365
"14296",0.0506
"14297",-0.0167
"14299",0.0633
"14300",0.0741
"14302",0.2317
"14312",-0.0287
"14313",0.576
"14314",0.0992
"14319",-0.0189
"14325",0.0645
"14339",0.0228
"14344",0.7855
"14345",0.195
"14347",0.1368
"14348",-0.0598
"14349",0.005
"14356",0.0792
"14357",0.085
"14359",-0.0062
"14360",-0.0308
"14362",-0.0196
"14365",-0.0533
"14366",-0.0154
"14367",0.0859
"14368",-0.0596
"14369",0.0529
"14370",-0.0784
"14371",0.01
"14373",0.0665
"14375",-0.012
"14376",-0.0159
"14381",0.0135
"14385",0.1337
"14387",0.1214
"14388",-0.0368
"14389",-0.0375
"14390",-0.0703
"14391",-0.0139
"14394",-0.0332
"14395",-0.0969
"14396",-0.0647
"14397",-0.0269
"14400",-0.0508
"14401",-0.0366
"14402",-0.0304
"14403",0.0813
"14405",-0.1224
"14406",0.0829
"14407",-0.1202
"14408",0.076
"14409",-0.1384
"14411",0.058
"14412",-0.0424
"14415",8e-04
"14417",-0.0221
"14419",-0.4875
"14420",-0.0889
"14421",0.0924
"14422",0.3372
"14423",-0.061
"14425",-0.1603
"14426",-0.0839
"14427",0.8333
"14428",-0.0443
"14430",0.0495
"14431",0.0964
"14432",-0.1169
"14447",0.083
"14450",5e-04
"14451",-0.1286
"14453",-0.108
"14455",-0.1364
"14456",0.0555
"14457",-0.0148
"14461",-0.2351
"14466",0.0422
"14467",-0.0156
"14469",-0.2397
"14470",0.0467
"14472",1.106
"14479",0.0124
"14489",-0.0302
"14528",-0.2854
"14533",0.0917
"14534",0.0123
"14536",0.2234
"14537",-0.067
"14538",-0.0908
"14539",-0.3796
"14544",-0.2301
"14545",0.0221
"14547",0.06
"14548",0.0027
"14555",0.2232
"14559",-3.8594
"14560",-0.2446
"14561",-0.04
"14563",-0.5492
"14566",0.2214
"14567",-0.0215
"14569",-9e-04
"14570",-0.0146
"14571",-0.0334
"14573",-0.3641
"14579",0.1447
"14580",0.1669
"14583",-0.0767
"14584",0.0932
"14585",-0.1913
"14586",-0.159
"14588",-0.0317
"14590",-0.0535
"14593",0.0123
"14594",-0.0537
"14595",0.1125
"14598",-0.156
"14600",0.0017
"14601",0.0806
"14605",0.2206
"14608",0.5466
"14609",-0.1864
"14611",-0.3655
"14612",0.2094
"14613",0.2539
"14615",-0.1688
"14617",-0.0735
"14618",0.0539
"14619",-0.2623
"14620",-0.4848
"14623",0.1216
"14628",0.0112
"14629",-0.0245
"14630",-0.1126
"14632",-0.1095
"14633",-0.1967
"14634",-0.1431
"14635",0.026
"14651",0.1382
"14652",-0.1049
"14654",-0.0272
"14657",0.1526
"14658",0.016
"14660",-0.0049
"14661",-0.0312
"14663",-0.2953
"14664",0.1475
"14667",0.0229
"14670",0.0629
"14672",0.083
"14673",0.0829
"14674",-0.0591
"14675",-0.0565
"14676",-0.0309
"14677",-0.094
"14678",0.0018
"14679",-0.014
"14680",-0.0575
"14681",-0.0489
"14682",-0.1014
"14683",-0.0138
"14687",0.0449
"14688",-0.031
"14693",0.0239
"14694",0.0722
"14696",-0.1368
"14697",0.0402
"14700",-0.0439
"14701",-0.0981
"14702",-0.117
"14704",-0.1165
"14705",0.0203
"14706",-0.0858
"14707",-0.0358
"14708",-0.0125
"14709",0.9457
"14710",0.0269
"14712",0.0089
"14718",-0.0123
"14719",0.0416
"14723",-0.041
"14724",0.157
"14725",-0.031
"14726",-0.022
"14728",1.4969
"14729",0.0695
"14731",0.0285
"14732",-0.0189
"14733",0.1794
"14734",-0.9569
"14735",-0.0176
"14738",-0.0927
"14739",0.0602
"14744",0.0461
"14745",0.0743
"14747",0.1581
"14748",0.1771
"14751",0.0052
"14755",0.058
"14756",0.0164
"14758",-0.1156
"14760",0.1109
"14761",0.0508
"14763",-0.0248
"14764",-0.36
"14765",0.0758
"14766",0.0058
"14768",-0.0234
"14772",-0.1449
"14773",-0.0087
"14775",0.1041
"14777",-0.1173
"14778",0.1424
"14782",-0.0714
"14783",-0.0255
"14784",0.0363
"14786",-0.4054
"14787",0.1198
"14788",0.0518
"14789",-0.0796
"14790",0.0519
"14791",0.0308
"14792",0.0727
"14793",0.0178
"14794",0.1345
"14797",0.0087
"14799",-0.1033
"14800",-0.0759
"14802",0.0535
"14803",-0.1427
"14804",-0.0644
"14805",-0.0899
"14806",-0.0328
"14807",-0.2902
"14809",0.0502
"14810",0.0163
"14811",-0.0054
"14812",-0.0625
"14813",0.1036
"14814",-0.0404
"14815",-0.1469
"14816",-0.0944
"14823",0.2806
"14824",-0.0234
"14825",-0.533
"14827",0.0494
"14828",0.1402
"14829",-0.09
"14840",-1.6417
"14841",-0.3518
"14842",0.6637
"14843",1.2484
"14852",-0.0397
"14853",-0.1034
"14854",0.1134
"14859",0.0541
"14860",-0.2435
"14862",-0.0106
"14863",0.1645
"14865",0.1004
"14866",-0.0177
"14867",-0.0066
"14869",0.0388
"14870",0.0544
"14871",-0.1847
"14872",-0.0495
"14873",0.1031
"14874",-0.0748
"14884",0.0634
"14885",0.1473
"14886",-0.0248
"14894",-0.0447
"14897",-0.0034
"14904",0.0068
"14910",-0.2272
"14911",-0.1883
"14912",0.0424
"14913",0.4521
"14917",0.1694
"14919",-0.0965
"14923",0.0341
"14924",-0.0178
"14933",-0.0708
"14934",0.0413
"14936",0.0091
"14950",0.0576
"14955",0.7051
"14957",0.0237
"14958",-0.0111
"14960",0.5244
"14961",0.5302
"14962",0.5279
"14964",0.0283
"14969",0.4736
"14972",0.0381
"14976",0.0056
"14977",0.0531
"14979",-0.0583
"14991",0.2684
"14998",-0.1178
"14999",-0.2633
"15000",0.1881
"15001",-0.5628
"15002",-0.7722
"15013",0.7003
"15015",0.0159
"15018",-0.1116
"15024",0.2714
"15039",0.0388
"15040",-0.0595
"15042",0.0433
"15064",0.0221
"15078",0.0188
"15081",-0.017
"15107",-0.0523
"15108",0.2377
"15114",-0.1624
"15115",0.0285
"15116",-0.1301
"15117",0.8866
"15118",0.0154
"15122",0.2502
"15129",-0.4543
"15139",0.2116
"15159",0.0337
"15160",0.0581
"15161",0.0134
"15162",0.1174
"15163",0.1475
"15165",0.0358
"15166",0.1267
"15168",0.3001
"15170",0.0655
"15182",0.0244
"15183",-0.0029
"15184",0.0469
"15185",0.0288
"15186",0.22
"15191",-0.002
"15193",-0.0529
"15194",0.004
"15199",0.0531
"15200",-0.1486
"15201",0.0621
"15203",-0.0134
"15204",-0.0042
"15205",-0.0851
"15208",-0.3863
"15211",0.157
"15212",0.0052
"15213",-0.1057
"15214",-0.1461
"15216",-0.2345
"15220",-0.2439
"15223",0.1283
"15227",0.0932
"15228",-0.1814
"15229",-0.524
"15234",0.0546
"15239",0.0717
"15242",-0.004
"15245",-0.0658
"15247",-0.023
"15248",-0.0062
"15251",-0.0559
"15254",0.1387
"15257",-0.0213
"15258",-0.083
"15259",-0.027
"15260",-0.0251
"15267",-0.0605
"15270",-0.1191
"15273",-0.0255
"15275",-0.0254
"15277",-7e-04
"15278",-0.0305
"15284",0.104
"15288",0.0567
"15289",-0.0456
"15312",-0.0075
"15331",-0.0172
"15353",0.099
"15354",-0.0132
"15356",-0.028
"15357",0.0628
"15360",0.1221
"15361",0.0508
"15365",-0.0905
"15366",0.0852
"15368",0.4579
"15369",0.001
"15370",0.2681
"15374",0.0713
"15379",-0.9117
"15381",-0.0026
"15382",-0.0698
"15384",-0.0699
"15387",-0.0626
"15388",0.055
"15439",0.5283
"15441",-0.0193
"15442",0.9684
"15446",-0.0591
"15450",0.1318
"15451",0.5615
"15452",-0.0441
"15458",-0.6557
"15460",0.2979
"15461",0.1254
"15463",0.0257
"15464",0.6304
"15465",0.0378
"15466",0.1339
"15467",0.0559
"15468",0.0398
"15469",-0.0443
"15473",0.0897
"15476",0.0328
"15478",-0.1499
"15482",0.0187
"15483",-0.1741
"15485",-0.0413
"15488",-0.0067
"15490",-0.0706
"15494",-0.8017
"15499",0.1175
"15500",-0.0632
"15502",0.0528
"15504",0.0383
"15505",0.2094
"15507",0.1758
"15510",0.0137
"15511",0.2473
"15512",-0.2087
"15516",0.0313
"15519",0.0527
"15525",0.0673
"15526",-0.009
"15528",0.1422
"15529",-0.084
"15530",0.0399
"15531",-0.0835
"15547",0.0465
"15550",-0.2539
"15551",-0.0734
"15552",-1.1204
"15557",0.3239
"15558",0.0336
"15559",0.1625
"15560",-0.0015
"15561",-0.0337
"15562",0.2097
"15563",0.1071
"15564",0.3043
"15565",0.0299
"15566",0.0171
"15567",1.1338
"15568",-0.0537
"15569",-0.1539
"15571",0.0352
"15572",-0.056
"15574",-0.0158
"15586",0.1112
"15587",-0.0119
"15891",-0.8174
"15893",6e-04
"15894",0.2316
"15896",0.1101
"15898",0.0271
"15900",0.118
"15901",0.0248
"15902",-0.0274
"15903",-0.1037
"15904",-0.2196
"15925",-0.0033
"15926",0.0179
"15929",0.0095
"15930",0.2023
"15931",-0.1166
"15932",-0.012
"15936",0.3024
"15937",0.2894
"15939",0.1887
"15944",-0.1424
"15945",0.1001
"15950",0.0771
"15951",-0.2062
"15953",0.0126
"15957",0.0127
"15958",-0.1241
"15959",-0.3282
"15975",-0.0379
"15976",0.009
"15979",0.1061
"15980",0.0346
"15982",0.076
"15983",0.1567
"15985",-0.1472
"16000",-0.1108
"16001",-0.0389
"16002",0.0544
"16004",0.0287
"16007",0.2145
"16008",0.1267
"16009",0.3232
"16010",0.1574
"16011",-0.377
"16012",1.4841
"16019",0.0617
"16068",0.1394
"16145",-0.2279
"16147",0.5111
"16149",-0.0501
"16150",0.0357
"16151",-0.0328
"16154",0.0871
"16155",-0.0203
"16156",0.427
"16157",0.0518
"16158",0.1902
"16159",0.6211
"16161",0.1373
"16162",-0.0664
"16164",-0.1747
"16165",0.065
"16168",0.0055
"16169",0.308
"16170",-0.1423
"16172",0.0663
"16173",-0.0308
"16174",0.4331
"16175",-0.3112
"16176",0.1172
"16177",-0.0143
"16178",0.4946
"16179",-0.1015
"16180",-0.0635
"16185",0.4424
"16186",0.3257
"16188",0.2521
"16190",0.0835
"16194",-0.1343
"16195",-0.0519
"16197",-0.75
"16201",-0.0085
"16202",0.0382
"16205",0.3027
"16206",-0.0798
"16210",-0.0356
"16211",0.0319
"16319",0.0436
"16322",-0.0802
"16323",0.1455
"16324",-0.0311
"16328",-0.0983
"16329",-0.0442
"16330",-0.0467
"16331",0.0549
"16332",-0.0494
"16337",-0.0629
"16341",-0.0562
"16348",-0.0529
"16351",0.0205
"16353",0.2228
"16362",-0.0351
"16363",0.0543
"16364",-0.8019
"16367",0.0086
"16369",-1.1239
"16371",0.0183
"16372",-0.0651
"16373",0.068
"16391",0.0762
"16396",0.0236
"16398",0.0846
"16399",0.361
"16400",-0.1066
"16401",-0.1741
"16402",-0.2367
"16403",0.011
"16404",4e-04
"16407",-0.1231
"16408",-0.134
"16409",-0.1416
"16410",0.0481
"16411",0.1023
"16412",-0.0326
"16413",0.048
"16414",0.1388
"16416",-0.3518
"16418",0.0761
"16419",0.0207
"16421",0.0807
"16423",0.0271
"16425",-0.2841
"16426",-0.0327
"16428",0.0726
"16430",-0.0595
"16431",-0.022
"16432",-0.0971
"16434",0.0367
"16438",-0.1186
"16439",0.0409
"16440",-0.1122
"16443",-0.0383
"16449",-0.215
"16450",-0.0212
"16451",0.004
"16452",-0.0351
"16453",0.3827
"16456",-0.0058
"16467",0.0658
"16468",-0.0632
"16469",0.036
"16470",-0.0908
"16475",-0.0123
"16476",-0.0521
"16477",0.2951
"16478",0.0757
"16480",0.0737
"16485",0.0468
"16490",-0.0351
"16491",-0.0735
"16492",-0.0541
"16493",0.1926
"16494",-0.0533
"16497",0.0129
"16498",0.0831
"16499",0.0734
"16500",0.0818
"16502",-0.0165
"16504",0.0503
"16506",0.0363
"16508",-0.1089
"16510",0.0576
"16511",-0.0157
"16512",0.2054
"16513",0.034
"16514",-0.0047
"16515",0.1517
"16517",-0.099
"16518",0.2188
"16519",0.0105
"16520",0.0765
"16521",0.0328
"16522",0.0854
"16523",0.1198
"16524",0.021
"16525",0.1819
"16526",-0.1417
"16527",-0.1038
"16528",0.1645
"16529",0.4378
"16530",0.3405
"16531",-0.0224
"16532",0.0819
"16533",0.39
"16534",2.2264
"16535",0.0739
"16536",0.0215
"16538",-0.021
"16539",0.1252
"16541",1.3869
"16542",0.147
"16543",-0.0227
"16548",0.1798
"16549",0.0353
"16551",0.0183
"16553",-0.0648
"16554",-0.0616
"16558",-0.0599
"16559",0.4135
"16560",-0.0117
"16561",-0.0343
"16562",0.0216
"16563",-0.0753
"16564",0.0021
"16565",0.0679
"16568",-0.0744
"16569",-0.0092
"16570",-0.0048
"16571",0.1081
"16573",0.014
"16576",0.0332
"16578",0.1448
"16579",-0.039
"16580",-0.1377
"16581",-0.1284
"16582",0.0568
"16588",0.2311
"16589",-0.0553
"16590",-0.3405
"16591",-0.3014
"16592",-0.0934
"16593",0.0322
"16594",0.1112
"16596",0.5589
"16597",-0.0669
"16598",0.3114
"16599",-0.0573
"16600",-0.152
"16601",0.1049
"16619",0.117
"16621",0.6104
"16625",0.604
"16633",0.0883
"16643",-0.5635
"16646",-0.0104
"16647",0.017
"16648",-0.0282
"16649",-0.0022
"16650",2e-04
"16651",-0.0619
"16653",-0.0676
"16656",-0.0451
"16658",0.1128
"16661",0.0879
"16668",-1.3174
"16678",-0.4465
"16681",0.0397
"16691",0.6888
"16706",0.129
"16709",-0.0961
"16716",0.0422
"16728",-0.1099
"16763",-0.502
"16764",0.1193
"16765",-0.0253
"16768",0.2139
"16772",0.0091
"16773",-0.0959
"16774",-0.1107
"16775",0.0617
"16776",0.0607
"16777",-0.0846
"16779",-0.0586
"16780",-0.4119
"16782",0.0137
"16783",0.0206
"16784",-0.0213
"16785",0.0319
"16790",0.228
"16792",0.0862
"16795",0.0918
"16796",-0.0258
"16797",0.5899
"16798",-0.0857
"16800",0.0319
"16801",-0.0338
"16803",0.0846
"16816",0.1873
"16818",-0.1698
"16819",1.5661
"16822",-0.0173
"16825",-0.0139
"16826",-0.0766
"16828",0.1963
"16832",0.0121
"16834",0.0466
"16835",0.1534
"16840",-0.2374
"16842",-0.0922
"16847",-0.0208
"16848",0.0348
"16852",0.1609
"16854",0.3592
"16855",-0.5186
"16859",-0.061
"16865",-0.0313
"16866",-0.6457
"16867",-0.3718
"16869",-0.3063
"16870",-0.0889
"16873",-0.1691
"16874",0.0656
"16876",-0.3189
"16878",-0.3886
"16880",-0.0896
"16881",-0.1637
"16882",-0.0828
"16885",-0.0389
"16886",-0.0202
"16889",0.0865
"16890",0.0783
"16891",0.0344
"16897",0.0197
"16898",0.0087
"16904",0.1134
"16905",0.0722
"16906",0.008
"16907",0.1001
"16909",-0.2081
"16911",-0.015
"16912",-0.0687
"16913",-0.0315
"16918",-0.0595
"16922",-0.0319
"16923",-0.0749
"16924",-0.0433
"16939",-0.2305
"16948",0.0749
"16949",0.1478
"16950",0.046
"16952",0.0622
"16956",-0.2165
"16969",0.0678
"16970",0.2977
"16971",0.0207
"16973",0.1205
"16974",-0.0249
"16975",0.0717
"16976",0.0777
"16977",0.1561
"16978",0.0404
"16979",-0.0801
"16980",-0.0959
"16981",-0.2155
"16985",0.1992
"16987",-0.0525
"16988",0.061
"16993",-0.0409
"16994",0.1001
"16997",-0.0393
"16998",0.0348
"17000",0.0048
"17001",0.1173
"17005",0.0435
"17022",-0.3402
"17025",0.0672
"17035",-0.0738
"17060",0.5779
"17064",0.0613
"17067",0.2616
"17069",0.0756
"17075",-0.4642
"17076",0.0911
"17079",-0.3869
"17082",-0.2943
"17083",0.0708
"17084",-0.1018
"17085",0.0015
"17087",-0.221
"17089",-0.092
"17095",0.0248
"17096",-0.025
"17101",0.002
"17105",0.4104
"17112",0.1192
"17113",0.0488
"17116",-0.2356
"17117",0.0662
"17118",-0.0601
"17119",-0.1201
"17120",-0.0668
"17121",-0.2205
"17122",0.1019
"17125",-0.0073
"17126",-0.082
"17127",0.0753
"17128",-0.0594
"17129",-0.0396
"17130",0.0129
"17131",0.1137
"17132",-0.0545
"17133",0.7174
"17134",-0.0483
"17135",0.277
"17136",0.1054
"17147",0.0635
"17149",0.0561
"17150",-0.2221
"17151",0.0348
"17152",0.5356
"17153",0.0885
"17155",0.0089
"17156",-0.005
"17158",-0.1031
"17159",0.0211
"17160",0.1217
"17161",-0.0123
"17164",0.0562
"17165",-0.0991
"17168",0.0261
"17169",0.0097
"17171",0.0814
"17172",-0.3386
"17173",-0.3465
"17174",-0.1327
"17175",-0.9545
"17178",0.4275
"17179",0.0123
"17180",0.3679
"17181",-0.3488
"17183",-0.0245
"17184",-0.1107
"17187",-0.0344
"17188",0.0332
"17189",0.8843
"17190",0.043
"17191",0.0077
"17192",-0.0209
"17193",-0.085
"17196",0.0464
"17202",-0.1257
"17203",-0.0147
"17207",-0.0164
"17210",0.009
"17215",0.0492
"17216",0.1812
"17217",-0.0829
"17218",0.2648
"17219",-0.1008
"17220",-0.013
"17221",-0.0326
"17222",-0.0061
"17227",0.5828
"17228",-0.8187
"17229",-0.4043
"17237",0.0108
"17240",-0.7325
"17242",-0.0154
"17245",0.185
"17246",2e-04
"17248",-0.0386
"17250",-0.0697
"17252",-0.0759
"17254",-0.0675
"17256",0.108
"17257",-0.0767
"17258",-0.0991
"17259",0.5057
"17260",-0.0497
"17261",-0.0019
"17263",0.0444
"17268",-0.082
"17274",-0.0249
"17279",0.1125
"17281",-0.1526
"17283",0.0999
"17285",0.5765
"17289",-0.078
"17292",0.0548
"17293",-0.4572
"17294",-0.0201
"17295",0.0228
"17299",0.0577
"17300",-0.1546
"17304",-0.091
"17305",0.0117
"17306",-0.219
"17308",0.0186
"17309",0.024
"17311",-0.306
"17312",0.0584
"17313",0.0496
"17314",0.5628
"17318",0.0939
"17319",0.0585
"17330",-0.0181
"17342",0.0915
"17344",-0.0494
"17345",-0.0144
"17346",-0.0166
"17347",0.0489
"17349",-0.1745
"17350",-0.0457
"17354",0.0228
"17355",-0.0328
"17356",-0.048
"17357",-0.1435
"17380",-0.3938
"17385",-0.0506
"17387",0.008
"17388",-0.0037
"17389",-0.0543
"17390",0.0275
"17391",0.0533
"17395",-0.3001
"17420",-0.0133
"17423",0.0641
"17425",0.0417
"17427",0.0139
"17428",-0.0787
"17433",0.1024
"17434",-0.0457
"17436",-0.0624
"17441",0.045
"17444",0.8434
"17448",-0.0546
"17449",0.0172
"17450",0.1379
"17454",-0.0913
"17463",-0.0546
"17470",-0.1024
"17472",-0.2041
"17475",-0.0114
"17476",-0.0798
"17523",0.2217
"17524",0.0661
"17527",0.0967
"17532",0.0559
"17533",-0.1039
"17534",0.1378
"17535",0.0029
"17536",0.0786
"17537",0.0538
"17540",0.0929
"17681",-0.4458
"17684",-0.077
"17685",0.0026
"17686",-0.0828
"17687",0.0499
"17688",-0.0273
"17690",0.0494
"17691",0.3491
"17692",0.0376
"17698",-0.0795
"17700",-0.1681
"17701",0.017
"17702",-0.5125
"17713",0.0667
"17714",0.0258
"17748",0.0875
"17749",0.1281
"17750",0.0775
"17751",0.0763
"17755",-0.0321
"17758",0.0483
"17760",0.0522
"17761",-0.0804
"17762",-0.0022
"17763",-0.2215
"17764",0.029
"17765",0.0357
"17766",0.2483
"17768",0.0386
"17769",0.1017
"17771",0.1333
"17772",0.0216
"17775",-0.0529
"17776",0.0496
"17777",-0.0882
"17826",0.1058
"17827",0.0841
"17828",0.0342
"17829",0.2644
"17846",-0.0216
"17847",-0.0662
"17850",-0.0024
"17855",0.0717
"17858",0.1357
"17859",-0.0168
"17863",0.4459
"17864",-0.1288
"17865",0.3543
"17868",-0.5475
"17869",-0.1575
"17872",0.0678
"17873",0.3497
"17874",0.022
"17876",-0.048
"17879",0.6783
"17880",-0.1878
"17883",-0.2158
"17884",-0.3026
"17885",-0.4882
"17886",0.0663
"17888",-0.6565
"17896",-0.0762
"17901",-0.41
"17904",0.1303
"17906",-0.4571
"17907",0.8413
"17909",-0.105
"17910",1.4059
"17912",-0.1214
"17913",-0.1178
"17916",-0.0424
"17918",-0.0949
"17919",-0.2176
"17920",-0.0871
"17921",0.0068
"17925",0.0023
"17926",-0.3346
"17927",-1.2602
"17929",-0.3436
"17930",0.3217
"17931",0.0067
"17932",0.051
"17933",-0.051
"17936",-0.0126
"17937",0.0441
"17938",-0.0194
"17939",-0.0252
"17940",-0.4144
"17948",0.0325
"17951",0.2271
"17952",-0.3353
"17954",-0.0939
"17955",0.046
"17957",0.0081
"17960",0.2303
"17961",-0.3888
"17965",0.1151
"17966",0.0161
"17967",-0.0141
"17968",0.1215
"17969",-0.027
"17970",0.0294
"17972",-0.1566
"17973",0.016
"17974",-0.0256
"17975",-0.0344
"17977",-0.0685
"17978",0.016
"17979",0.0155
"17984",-0.0459
"17986",0.0127
"17988",0.1305
"17991",0.0336
"17992",0.0223
"17993",0.0667
"17995",0.0374
"17996",0.0811
"17997",-0.0746
"17999",-0.0309
"18000",-0.0209
"18002",0.0748
"18003",0.1143
"18004",-0.0236
"18005",-0.0301
"18007",-0.0113
"18008",-0.2391
"18010",0.1228
"18011",-0.0282
"18012",-0.1169
"18013",0.1083
"18015",-0.0574
"18016",-0.0605
"18018",0.0077
"18019",-0.0547
"18020",-0.0819
"18021",-0.0244
"18023",0.0062
"18024",-0.0257
"18025",-0.0914
"18027",-0.1281
"18028",-0.0393
"18029",0.0561
"18030",0.2254
"18032",0.0356
"18033",0.0024
"18034",0.3738
"18035",0.3638
"18036",0.0421
"18037",0.5029
"18038",0.0396
"18039",0.1201
"18040",0.3219
"18041",0.0102
"18044",0.0264
"18045",-0.0695
"18046",-0.0414
"18049",0.253
"18053",-0.0366
"18071",0.7472
"18072",-0.1151
"18073",0.1936
"18074",-0.3347
"18080",-0.0584
"18081",0.0913
"18082",0.0215
"18087",-0.0068
"18088",-0.1717
"18095",-1.0222
"18099",0.026
"18100",0.0445
"18101",-0.0556
"18102",0.0596
"18103",0.0425
"18104",-0.0145
"18105",-0.0334
"18106",0.806
"18107",-0.0259
"18108",0.063
"18109",-0.2371
"18111",-0.0678
"18113",0.0969
"18114",0.0568
"18115",-0.0849
"18117",-0.0941
"18119",-0.141
"18120",0.0039
"18121",0.0122
"18124",-0.1075
"18125",-0.3204
"18126",0.3895
"18127",0.1468
"18128",-0.0605
"18129",-0.1056
"18130",0.065
"18131",-0.0857
"18132",0.1189
"18133",0.1129
"18139",0.0042
"18140",-0.0419
"18141",0.0258
"18142",0.1206
"18143",0.3396
"18145",-0.0049
"18146",0.0597
"18148",-0.0525
"18150",-0.0471
"18155",0.2621
"18159",-0.0744
"18160",-0.7405
"18162",-0.3212
"18163",-0.0519
"18164",0.0067
"18166",0.0292
"18167",-0.2259
"18168",0.0123
"18173",-0.0306
"18174",0.0342
"18175",0.0783
"18176",-0.0189
"18181",-0.0276
"18183",0.0025
"18185",-0.0144
"18186",-0.0662
"18187",0.0297
"18188",0.1065
"18189",-0.1256
"18190",0.0844
"18191",0.1225
"18193",-0.0296
"18194",0.0246
"18195",-0.0267
"18196",0.0718
"18197",-0.0455
"18198",-0.1617
"18201",-0.0173
"18203",0.0091
"18205",-0.1702
"18207",-0.0349
"18208",-0.0466
"18209",0.0454
"18212",-0.0539
"18213",-0.0027
"18214",-0.0716
"18216",-0.1248
"18217",0.0927
"18218",-0.0334
"18220",0.0555
"18221",0.018
"18222",0.0108
"18223",0.1208
"18226",0.0416
"18227",0.1876
"18230",0.1361
"18231",-0.0905
"18232",-0.3763
"18242",-0.0431
"18245",0.0827
"18247",0.0175
"18260",-0.0064
"18263",0.0746
"18286",0.0473
"18292",-0.0393
"18293",0.0179
"18294",-0.0183
"18295",-0.7999
"18301",0.1245
"18302",1.5928
"18377",-0.012
"18378",0.2211
"18383",-0.7298
"18386",0.5503
"18387",0.1563
"18389",0.0829
"18390",0.0016
"18391",-0.015
"18392",-0.2827
"18393",-0.0384
"18399",-0.1275
"18400",0.6314
"18408",0.0879
"18412",0.0335
"18414",0.0605
"18415",0.0341
"18416",-0.0246
"18417",0.0712
"18423",-0.093
"18424",0.1246
"18426",-0.2554
"18430",0.0197
"18431",0.0416
"18432",0.0425
"18436",0.6022
"18438",0.221
"18439",-0.0897
"18440",0.257
"18441",0.2008
"18442",0.1296
"18451",0.144
"18452",0.2063
"18453",0.0533
"18457",-0.0025
"18458",-0.0931
"18472",-0.0576
"18475",0.0109
"18476",-0.0213
"18477",-0.0358
"18479",0.066
"18481",-0.0357
"18483",0.0558
"18484",0.0331
"18488",-0.0919
"18491",0.522
"18507",1.2963
"18508",-0.1357
"18514",-0.0861
"18515",-0.0629
"18516",0.1891
"18518",-0.0523
"18519",0.0052
"18521",-0.0436
"18526",-0.1136
"18530",0.1492
"18536",-0.0702
"18537",0.0304
"18538",-0.0218
"18541",-0.0327
"18542",-0.017
"18546",0.0528
"18548",0.1203
"18549",-0.0537
"18550",-0.0388
"18551",-0.3521
"18552",0.07
"18553",0.0405
"18554",-0.0058
"18555",0.0264
"18557",0.2868
"18559",0.1731
"18563",0.0295
"18567",-0.0605
"18569",-0.1233
"18570",0.0849
"18571",-0.009
"18572",0.0125
"18573",-0.1792
"18574",-0.0262
"18575",-0.0642
"18576",-0.0521
"18577",0.0379
"18578",0.0096
"18582",0.1093
"18583",0.0334
"18584",0.0156
"18585",0.0373
"18587",-0.0159
"18590",-0.054
"18591",-0.0114
"18595",-0.1002
"18596",-0.0618
"18597",-0.0081
"18600",-0.0427
"18604",-0.0248
"18605",0.009
"18606",-0.1102
"18607",0.0427
"18610",0.026
"18611",-0.0133
"18612",0.1827
"18613",0.0745
"18616",0.0233
"18618",-0.2451
"18619",1.3736
"18624",0.0471
"18626",0.0543
"18627",-0.1524
"18628",-0.21
"18631",0.1331
"18632",-0.0121
"18633",0.0014
"18634",0.0131
"18636",0.4241
"18637",-0.0894
"18639",0.0316
"18640",-0.0108
"18641",0.0676
"18642",0.0235
"18643",0.1319
"18645",-0.0184
"18647",-0.1102
"18648",0.0788
"18654",0.2271
"18655",0.0742
"18667",0.0936
"18669",0.0628
"18670",-0.0686
"18671",-0.021
"18673",0.0905
"18674",0.025
"18675",-0.0478
"18676",-0.0613
"18679",-0.0746
"18682",0.015
"18685",0.0524
"18689",0.049
"18693",0.0419
"18700",0.0104
"18701",0.1071
"18704",0.0256
"18705",-0.26
"18706",-0.0372
"18707",-0.0125
"18708",0.1456
"18709",0.1135
"18710",0.0287
"18711",0.0405
"18712",0.4512
"18715",0.0801
"18717",0.1035
"18718",-0.0358
"18719",-0.0402
"18720",0.1081
"18733",0.0015
"18738",0.0018
"18739",1e-04
"18744",-0.0245
"18747",0.0366
"18749",-0.0538
"18750",-0.0135
"18751",0.0116
"18752",0.001
"18753",-0.0312
"18754",-0.0169
"18755",0.0452
"18759",0.0174
"18760",0.0543
"18761",0.1024
"18762",0.0216
"18763",0.0062
"18764",-0.1015
"18766",0.0022
"18767",-0.0611
"18768",-0.1716
"18769",0.0749
"18771",0.0463
"18777",-0.0571
"18779",0.5062
"18781",0.0597
"18782",0.3548
"18783",0.3155
"18784",0.2957
"18786",0.0505
"18787",0.6818
"18789",0.0066
"18791",0.1696
"18792",-0.1739
"18793",-0.0599
"18795",-0.0709
"18796",0.6214
"18797",-0.0411
"18798",-0.1254
"18799",-0.0874
"18802",-0.1193
"18803",0.0044
"18805",0.0438
"18806",-0.0643
"18807",0.0775
"18810",-0.0298
"18813",-0.0368
"18816",0.2157
"18817",0.0792
"18821",-0.1315
"18822",0.0366
"18823",0.0993
"18824",0.0516
"18826",0.0625
"18828",-0.2135
"18830",0.0083
"18844",0.0211
"18845",0.0746
"18846",-0.0407
"18854",-0.0151
"18857",0.3151
"18858",-0.0803
"18861",0.0522
"18933",-0.1744
"18938",0.1659
"18947",-0.6281
"18949",-0.0584
"18950",0.006
"18951",0.064
"18952",-0.0302
"18968",0.0013
"18969",-0.0688
"18970",0.0066
"18971",0.0474
"18972",-0.1201
"18973",-0.0295
"18974",0.4381
"18975",0.084
"18976",0.1827
"18983",-0.0593
"18984",0.0452
"18986",-0.0892
"18987",-0.2405
"18988",0.5952
"18991",0.0418
"18992",-0.1734
"18993",-0.0294
"18994",-0.0068
"19009",0.0558
"19011",-0.8251
"19012",0.0319
"19013",-0.1602
"19014",-0.0256
"19015",0.0742
"19016",0.1447
"19017",-0.0399
"19018",0.1027
"19023",0.0667
"19024",0.1089
"19025",0.0875
"19027",-0.1335
"19035",-0.013
"19038",-0.0243
"19039",-0.0353
"19041",0.5217
"19042",-0.0361
"19043",-0.0879
"19044",-0.0414
"19045",0.041
"19046",-0.057
"19047",-0.0365
"19049",0.0319
"19051",0.5422
"19052",0.0299
"19053",-0.0132
"19054",0.1305
"19055",-0.0267
"19056",-0.0841
"19057",-0.0365
"19058",-0.0648
"19059",0.2554
"19060",-0.0392
"19062",-0.0767
"19063",-0.0389
"19069",0.0401
"19070",-0.0182
"19072",-0.0538
"19073",-0.1558
"19075",-0.0126
"19076",0.0113
"19079",-0.081
"19082",0.0542
"19084",-0.0271
"19085",0.155
"19087",-0.0247
"19088",-0.0339
"19089",0.0291
"19090",0.034
"19091",-0.2017
"19092",-0.3261
"19094",0.1315
"19099",0.1214
"19106",-0.0327
"19108",-0.0532
"19109",-0.1341
"19116",0.4495
"19122",-0.0281
"19124",0.3283
"19125",0.0456
"19126",-0.0423
"19128",-0.016
"19130",-0.0535
"19132",-0.5473
"19134",-0.0353
"19139",-0.0967
"19141",-0.0238
"19142",-0.0162
"19143",0.4441
"19144",0.0284
"19152",0.018
"19153",0.085
"19155",0.0023
"19157",0.0184
"19158",0.052
"19159",-0.0146
"19164",-0.0832
"19165",0.013
"19166",0.0107
"19167",0.0061
"19170",-0.0043
"19171",0.0611
"19172",0.0169
"19173",0.0451
"19175",0.0383
"19177",-0.0097
"19179",0.0443
"19181",-0.065
"19182",0.073
"19183",-0.0436
"19184",0.0188
"19185",0.0659
"19186",-0.0977
"19188",-0.0145
"19192",0.0185
"19193",0.5119
"19197",0.2666
"19200",-0.0748
"19201",-0.0267
"19204",-0.1425
"19205",3e-04
"19206",-0.0854
"19207",-0.5388
"19208",-0.3597
"19210",-0.0199
"19211",-0.0734
"19212",-0.3701
"19214",0.2126
"19215",-0.0018
"19216",0.0545
"19217",-0.1512
"19218",-0.0528
"19219",-0.1109
"19220",-0.0628
"19221",0.3119
"19223",-0.0102
"19224",-0.0507
"19225",0.2867
"19227",0.2954
"19228",0.0499
"19229",-0.0631
"19230",-0.0279
"19231",9e-04
"19240",0.2918
"19241",-0.0321
"19242",-0.0747
"19243",-0.0209
"19244",-0.0346
"19245",0.021
"19246",0.0398
"19247",0.0145
"19248",-0.0638
"19249",-0.1052
"19250",-0.1887
"19252",0.1134
"19253",0.0099
"19255",0.0193
"19256",0.1265
"19258",-0.0544
"19259",0.2125
"19260",-0.2295
"19261",-0.0043
"19262",0.0447
"19263",-8e-04
"19264",0.0289
"19265",0.4629
"19266",-0.0488
"19267",0.0276
"19268",0.0628
"19270",0.0067
"19271",-0.0054
"19272",-0.0703
"19273",0.17
"19274",-0.0405
"19275",0.2178
"19276",-0.0012
"19277",0.1157
"19279",0.0211
"19280",-0.05
"19281",-0.0684
"19283",-0.0996
"19285",-0.0607
"19286",0.021
"19288",-0.0143
"19289",-0.0212
"19290",-0.075
"19291",-0.1258
"19293",0.2492
"19294",0.0346
"19296",0.0546
"19298",0.0435
"19299",-0.0529
"19300",1e-04
"19301",-0.0225
"19302",0.0212
"19303",0.0172
"19305",0.0279
"19309",-0.0247
"19317",-0.0667
"19324",-0.0506
"19325",-0.0355
"19326",0.0223
"19328",-0.0251
"19330",-0.1064
"19332",0.3882
"19334",-0.0205
"19335",-0.1875
"19336",-0.017
"19337",-0.1302
"19338",-0.0359
"19339",-0.0233
"19340",0.0259
"19341",0.0212
"19342",0.0291
"19344",-0.0104
"19345",0.0459
"19346",-0.0053
"19347",-0.0087
"19348",-0.1504
"19349",-0.0165
"19352",-0.0204
"19353",-0.0859
"19354",-0.1013
"19355",0.1368
"19356",-0.1018
"19357",-0.0683
"19358",0.0723
"19359",-0.0262
"19360",-0.0862
"19361",-0.143
"19362",-0.1326
"19363",-0.9112
"19364",-0.0499
"19365",0.0896
"19366",0.2794
"19367",0.0818
"19373",-0.521
"19376",0.0407
"19377",0.0329
"19378",0.0377
"19383",0.0643
"19384",-0.0096
"19385",-0.0032
"19386",-0.0209
"19387",0.0645
"19395",0.0287
"19400",0.1446
"19401",0.3675
"19411",0.0577
"19414",-0.0204
"19415",-0.0319
"19416",-0.0501
"19417",-0.0332
"19418",-0.1113
"19419",0.1743
"19428",0.1059
"19645",-0.0613
"19646",-0.0233
"19647",-0.0583
"19649",0.4421
"19650",-0.0495
"19651",-0.0075
"19652",-0.3264
"19653",0.0705
"19654",-0.0416
"19655",-0.0533
"19656",-0.019
"19659",0.0783
"19661",0.5814
"19662",0.1841
"19663",-0.1837
"19664",-0.0026
"19668",0.444
"19671",0.118
"19672",-0.2548
"19679",0.0741
"19682",0.1523
"19684",-0.0531
"19687",-0.0234
"19691",0.0157
"19696",-0.0568
"19697",0.0477
"19698",0.1182
"19699",0.0016
"19700",0.1496
"19703",0.024
"19704",0.0811
"19707",0.0095
"19708",0.0211
"19711",0.0674
"19712",-0.1677
"19713",0.0964
"19714",0.0088
"19716",-0.1353
"19718",0.0547
"19719",-0.0031
"19720",0.0101
"19724",-0.0421
"19725",-0.1388
"19726",-0.0746
"19727",-0.1172
"19729",0.008
"19730",0.07
"19731",-0.0228
"19732",0.0652
"19733",-0.3559
"19734",-0.246
"19735",0.1646
"19736",0.4527
"19737",0.1337
"19739",-0.0588
"19744",0.0175
"19752",-0.2765
"19762",-0.0258
"19763",-0.0228
"19765",-0.0168
"19766",0.1117
"19769",0.1213
"19771",-0.137
"19773",-0.259
"19775",0.0027
"19777",-0.0678
"19819",0.0439
"19820",-0.0539
"19821",-0.0542
"19822",0.0517
"19823",0.0691
"19826",-0.0112
"19842",-0.0928
"19844",0.5412
"19845",-0.1006
"19847",0.7913
"19848",0.0441
"19850",-0.1184
"19858",0.1098
"19859",0.1098
"19860",0.1098
"19861",0.1232
"19872",0.4798
"19876",-0.1048
"19877",-0.0469
"19878",0.0221
"19879",0.0605
"19881",0.2573
"19882",0.2971
"19883",-0.2558
"19885",-0.2679
"19888",-1.323
"19889",0.003
"19891",-0.0021
"19893",0.0114
"19894",-0.1029
"19895",-0.0174
"19896",0.0448
"19899",-8e-04
"19921",0.0674
"19933",-0.0176
"19934",-0.1191
"19935",-0.0611
"19941",0.0056
"19942",0.015
"19943",-0.0196
"19944",-0.0274
"19946",-0.0461
"19951",0.0187
"19981",0.0454
"19982",-0.0109
"19988",0.0272
"19989",-0.0327
"20005",0.0485
"20014",0.0304
"20016",0.0835
"20017",0.0497
"20018",0.0858
"20019",-0.025
"20020",0.0162
"20021",-0.0161
"20022",0.0116
"20024",-0.0693
"20042",-0.0154
"20044",0.0834
"20054",0.0757
"20055",-0.0988
"20068",0.0581
"20084",0.0539
"20085",0.0397
"20088",0.0365
"20090",0.0232
"20091",-0.0204
"20102",-0.043
"20103",0.0702
"20104",0.0302
"20111",-0.0614
"20112",-0.1048
"20115",0.0224
"20116",0.0109
"20128",0.1709
"20130",-0.0848
"20133",-0.0088
"20135",0.1403
"20147",-0.9467
"20148",0.0087
"20163",0.1674
"20166",0.1651
"20167",0.1042
"20168",-0.0473
"20170",-0.0432
"20174",0.0109
"20181",-0.0111
"20182",0.1293
"20183",0.0689
"20184",0.0215
"20185",-0.0242
"20186",0.3919
"20187",0.0538
"20190",-0.2583
"20191",-0.0146
"20192",-0.0397
"20193",0.1096
"20194",-0.1941
"20195",-0.1649
"20196",-0.0859
"20197",-0.2109
"20198",-0.0206
"20200",0.0894
"20201",1.3492
"20202",1.1896
"20203",0.0761
"20204",0.0341
"20215",-0.0114
"20218",-0.0351
"20220",0.0865
"20222",0.0343
"20224",5e-04
"20226",0.0244
"20227",0.0812
"20229",-0.0245
"20230",-0.0681
"20238",-0.0049
"20239",-0.0266
"20249",-0.0416
"20254",0.1533
"20255",-0.056
"20256",-0.0997
"20257",-0.0675
"20259",-0.0014
"20262",0.0859
"20265",-0.0667
"20266",0.1727
"20269",-0.0252
"20271",-0.5755
"20272",0.5762
"20273",-0.0751
"20274",-0.0042
"20276",0.0926
"20278",0.316
"20280",0.0331
"20284",0.0507
"20286",-0.0454
"20288",-0.2977
"20289",0.4105
"20293",-0.5765
"20295",-0.1196
"20300",-0.0658
"20301",0.0176
"20302",0.4013
"20305",-0.3937
"20308",-0.1411
"20311",-0.6241
"20312",0.0215
"20315",0.0486
"20316",0.0963
"20317",0.1839
"20318",0.0088
"20319",0.219
"20320",-0.0248
"20321",0.1961
"20322",-0.092
"20324",0.2069
"20333",0.0369
"20334",-0.0085
"20335",0.0516
"20336",0.0586
"20338",0.0214
"20339",0.8575
"20340",-0.028
"20341",0.0653
"20343",0.1317
"20345",0.0094
"20346",0.1477
"20347",-0.0607
"20348",0.1753
"20349",0.0615
"20350",0.2353
"20351",0.1093
"20352",-0.0097
"20353",-0.0731
"20354",-0.0505
"20355",-0.0519
"20356",-0.0365
"20357",-0.2676
"20358",-0.1287
"20359",0.0496
"20360",0.0032
"20361",0.2116
"20362",-0.0515
"20363",-0.0145
"20364",2e-04
"20365",0.0295
"20370",0.0597
"20371",-0.5358
"20375",-0.0259
"20377",-0.312
"20378",-0.4148
"20379",-0.0112
"20382",-0.0461
"20383",-0.07
"20384",-0.0275
"20389",0.0745
"20391",-0.3393
"20392",0.0259
"20393",0.367
"20394",0.0029
"20397",-0.0059
"20399",0.0363
"20401",0.0412
"20402",-0.0138
"20403",0.0461
"20404",-0.0187
"20405",0.0658
"20408",-0.0595
"20409",0.0357
"20410",0.0607
"20411",-0.0896
"20416",0.111
"20418",-0.0288
"20419",-0.602
"20420",-0.1266
"20422",-0.0039
"20423",0.0331
"20425",-0.2439
"20429",-0.3476
"20430",-0.0541
"20431",-0.2782
"20437",-0.069
"20438",-0.0355
"20439",-8e-04
"20440",-0.0563
"20441",0.1141
"20442",-0.1457
"20443",-0.0547
"20444",0.0679
"20446",0.212
"20447",0.0088
"20448",0.1313
"20449",0.0014
"20450",0.0099
"20451",-0.0315
"20452",-0.1341
"20454",0.065
"20460",-0.4869
"20462",-0.0842
"20463",9e-04
"20465",-0.7883
"20466",-0.0341
"20467",0.087
"20469",0.0121
"20474",0.2839
"20475",-0.0433
"20479",0.0343
"20480",0.0409
"20481",0.0211
"20482",0.0956
"20491",-0.0388
"20492",-0.0287
"20493",0.9773
"20496",-0.0175
"20498",-0.0479
"20499",-0.1744
"20501",-0.026
"20502",-0.2431
"20503",0.0013
"20509",-0.0202
"20510",-0.0359
"20512",-0.1198
"20513",0.148
"20514",-0.0719
"20515",0.0706
"20516",-0.0803
"20519",-0.2087
"20520",0.1036
"20521",0.1471
"20522",0.079
"20523",0.0284
"20524",-0.0297
"20525",0.2513
"20527",-0.0599
"20528",0.0813
"20529",0.0138
"20530",-0.0077
"20532",0.307
"20533",0.6432
"20534",-0.0671
"20535",-0.0207
"20536",0.0381
"20537",-0.5223
"20539",0.0926
"20540",0.3153
"20541",0.0113
"20544",0.0839
"20556",0.0872
"20557",-0.0809
"20562",-0.062
"20563",-0.0717
"20564",-0.1335
"20583",-1.0756
"20585",0.0394
"20586",0.0416
"20587",0.0396
"20588",0.041
"20589",-0.0186
"20591",0.0032
"20592",0.0363
"20595",0.1368
"20597",0.1131
"20598",0.0539
"20602",0.0152
"20603",-0.0825
"20604",0.1641
"20605",-0.1281
"20606",0.1506
"20607",-0.1262
"20608",-0.0425
"20609",0.0756
"20610",0.001
"20612",0.252
"20613",0.811
"20615",-0.0167
"20616",-0.0327
"20617",-0.1136
"20618",0.2076
"20619",-0.084
"20620",0.1259
"20621",-0.0345
"20623",0.048
"20624",-0.0365
"20630",0.0982
"20637",-0.1209
"20638",-0.0453
"20639",-0.0663
"20641",0.0062
"20643",-0.0281
"20646",0.0326
"20648",0.164
"20649",-0.2206
"20650",0.2239
"20652",-0.079
"20655",-0.0023
"20656",-0.023
"20657",0.1724
"20658",-0.0151
"20660",0.0523
"20661",0.042
"20662",-0.0044
"20663",0.0171
"20664",-0.1638
"20665",0.0432
"20666",0.08
"20667",0.1475
"20668",-0.0248
"20670",0.5143
"20671",-0.1125
"20672",-0.0707
"20674",-0.2552
"20675",0.183
"20677",0.0176
"20678",-0.1603
"20679",-0.112
"20680",-0.0134
"20681",-0.0087
"20682",-0.1471
"20683",-0.0778
"20684",0.0978
"20686",-0.1112
"20687",-0.0094
"20688",-0.0873
"20689",-0.002
"20692",0.0632
"20698",0.6179
"20708",0.5705
"20713",-0.012
"20715",1.8311
"20716",0.2348
"20719",-0.058
"20720",-0.0622
"20723",-0.0712
"20725",0.3366
"20729",-0.05
"20732",0.2514
"20733",-0.1794
"20737",-0.5354
"20739",0.0037
"20741",0.0092
"20744",0.0187
"20745",-0.1281
"20747",-0.0541
"20750",0.2986
"20751",-0.0175
"20768",0.0777
"20773",0.0084
"20775",-0.0135
"20776",0.1076
"20778",0.0635
"20779",0.0381
"20787",-0.0709
"20788",0.1032
"20807",0.0515
"20810",0.0771
"20811",-0.1478
"20813",0.014
"20815",0.0065
"20817",-0.0404
"20818",0.0494
"20821",-0.1224
"20822",-0.057
"20823",-0.0745
"20826",0.0559
"20832",0.0066
"20833",-0.0285
"20840",0.3125
"20841",-0.016
"20842",0.0323
"20843",-0.0706
"20844",-0.0366
"20845",-0.1005
"20846",-0.023
"20847",0.0426
"20848",0.1353
"20849",1.1779
"20850",0.2914
"20851",-0.0128
"20852",-0.004
"20853",0.0187
"20855",-0.3555
"20856",-0.1265
"20866",0.1054
"20867",0.1393
"20868",0.0098
"20869",0.0243
"20872",0.0953
"20873",-0.0214
"20874",-0.0248
"20877",0.3244
"20878",-0.1933
"20887",0.1695
"20892",0.1553
"20893",-0.1239
"20897",0.1779
"20901",-0.0077
"20907",-0.0833
"20908",0.0417
"20909",-0.0709
"20910",-0.0333
"20911",0.0346
"20912",-0.0234
"20913",-0.067
"20916",0.0388
"20917",-0.0405
"20918",-0.0401
"20922",6e-04
"20924",0.0428
"20926",0.016
"20927",-0.0297
"20928",0.0738
"20930",-0.0072
"20931",-0.01
"20932",0.0306
"20933",0.1124
"20935",0.044
"20937",-0.1429
"20947",-0.0369
"20955",-0.0429
"20962",0.4935
"20963",0.0297
"20964",-0.028
"20965",-0.0495
"20969",-0.2164
"20970",-0.0106
"20971",0.024
"20972",0.0311
"20973",-0.0429
"20974",-0.0201
"20975",0.0864
"20977",-0.0221
"20979",-0.1203
"20980",0.1934
"20981",0.0355
"20983",-0.1672
"21331",-0.382
"21333",0.0225
"21334",0.9115
"21335",0.0147
"21336",0.096
"21338",1.0756
"21339",0.0353
"21340",-0.0412
"21341",0.2559
"21343",0.1052
"21345",0.0168
"21346",0.0097
"21349",0.0608
"21350",1.3749
"21351",0.0599
"21353",-0.0926
"21354",-0.1452
"21355",-0.1191
"21356",-0.003
"21357",0.1328
"21366",-0.0805
"21367",0.0745
"21371",0.0919
"21372",-0.0036
"21374",-0.0184
"21375",-0.1067
"21376",0.0249
"21378",0.1346
"21379",0.0609
"21380",-0.3853
"21384",-0.3307
"21385",-0.1178
"21386",-0.2584
"21387",0.2126
"21389",-0.162
"21390",0.1946
"21391",0.1134
"21393",-0.301
"21399",-0.0322
"21400",0.0133
"21401",0.2802
"21402",0.0179
"21405",0.1333
"21406",0.0568
"21407",0.1789
"21408",0.0656
"21411",0.091
"21413",-0.0451
"21414",-0.0177
"21415",-0.1367
"21416",-0.173
"21417",-0.0375
"21419",-0.1551
"21420",-0.5828
"21422",-0.0342
"21423",-0.0384
"21425",0.0151
"21427",0.0203
"21428",0.0837
"21429",0.051
"21452",0.1073
"21453",0.054
"21454",0.0045
"21462",-0.6689
"21463",-0.4682
"21645",-0.185
"21646",-0.2143
"21648",-0.0386
"21652",0.0425
"21664",-0.0242
"21665",-0.0072
"21667",-0.1054
"21672",0.008
"21673",0.3739
"21676",-0.0945
"21677",0.0909
"21678",-0.0783
"21679",-0.01
"21681",0.006
"21682",0.0994
"21683",0.021
"21684",0.7023
"21685",-0.148
"21687",-0.0529
"21689",-0.0361
"21743",-0.6651
"21745",0.0478
"21748",-0.2057
"21749",0.095
"21750",-0.0199
"21752",0.6511
"21753",0.0112
"21754",0.0966
"21761",-0.1034
"21762",0.0295
"21763",-0.0228
"21766",0.049
"21767",0.1025
"21769",0.0285
"21770",0.0423
"21771",0.0903
"21778",-0.0572
"21780",0.0181
"21781",0.0372
"21787",0.0084
"21788",-0.1498
"21802",-0.0909
"21803",-0.223
"21804",0.1319
"21807",0.0435
"21808",-0.2748
"21809",0.3139
"21810",-0.0524
"21812",-0.2152
"21813",0.1193
"21814",-0.088
"21815",-0.25
"21817",0.1899
"21818",-0.6082
"21819",0.7628
"21821",0.0662
"21822",0.2794
"21824",0.0297
"21825",0.1958
"21826",-0.0309
"21827",-0.0069
"21828",-0.372
"21830",0.103
"21832",0.2389
"21833",-0.0721
"21834",0.0806
"21835",0.111
"21838",0.1079
"21841",0.0097
"21843",-0.0605
"21844",-0.0385
"21846",0.0537
"21847",0.1521
"21848",0.03
"21849",0.019
"21853",-0.177
"21854",-0.0193
"21855",0.0294
"21856",0.0528
"21858",0.0121
"21859",-0.0682
"21871",0.1262
"21872",-0.0837
"21873",-0.1059
"21877",-0.0945
"21881",-0.0183
"21885",-0.0052
"21886",-0.1441
"21887",-0.0362
"21888",0.034
"21892",0.033
"21894",-2e-04
"21897",-0.3635
"21898",0.0363
"21899",0.1205
"21907",-0.1649
"21912",-0.0395
"21915",0.033
"21916",0.1194
"21917",0.0666
"21922",-0.1906
"21923",-0.2196
"21924",-0.3626
"21927",-0.0069
"21928",0.2696
"21929",-6e-04
"21930",0.1499
"21933",-0.0805
"21934",-0.11
"21935",-0.2654
"21936",0.8441
"21937",-0.108
"21938",0.0573
"21939",-0.4736
"21941",0.9255
"21942",0.9529
"21944",-0.1064
"21945",-0.0578
"21946",0.1591
"21950",0.0204
"21951",0.0132
"21952",-0.0025
"21953",-0.4619
"21955",-0.1988
"21956",0.2705
"21960",0.0117
"21961",0.0174
"21968",0.003
"21969",-0.0023
"21973",0.0379
"21974",-0.0396
"21975",-0.0568
"21976",0.0416
"21981",-0.0251
"21982",0.0098
"21983",-0.0158
"21985",-0.0906
"21987",-0.1748
"21990",0.3437
"21991",0.0724
"22003",0.054
"22004",-0.1189
"22017",-0.0445
"22018",-0.0996
"22019",-0.0461
"22021",0.1293
"22022",0.1022
"22025",-0.1732
"22026",-0.0347
"22027",0.0612
"22029",-0.3734
"22030",0.1226
"22031",-0.1646
"22032",-0.066
"22033",0.3795
"22034",-0.0415
"22035",-0.1686
"22036",0.115
"22038",-0.0509
"22040",-0.0102
"22041",0.0839
"22042",0.0975
"22045",-0.4832
"22051",0.092
"22057",-0.0232
"22059",-0.0118
"22061",-0.3005
"22062",-0.2098
"22063",-0.0912
"22065",0.0284
"22066",0.1764
"22067",-0.147
"22068",0.0927
"22070",0.1044
"22083",-0.0408
"22084",0.003
"22088",0.0024
"22092",0.4459
"22094",0.2029
"22095",-0.3947
"22097",0.2852
"22099",-0.0912
"22110",0.0047
"22114",0.543
"22115",0.4536
"22116",0.5795
"22117",0.1071
"22121",0.0831
"22122",0.0827
"22123",0.0259
"22130",-5e-04
"22134",0.0075
"22137",-0.0608
"22138",0.0662
"22139",-0.2902
"22141",-0.1573
"22143",0.0412
"22144",0.0268
"22145",0.0489
"22146",-0.3339
"22151",0.0464
"22152",0.0891
"22153",0.0407
"22154",-0.0129
"22156",0.1682
"22158",-0.0414
"22160",0.1087
"22163",0.1157
"22166",0.0082
"22169",-0.0014
"22171",-0.1203
"22174",0.1381
"22177",0.0071
"22178",0.2353
"22183",0.0281
"22184",0.0024
"22185",0.0584
"22186",0.0524
"22190",0.0824
"22192",0.0801
"22193",0.0571
"22194",-0.058
"22195",0.0347
"22196",0.0409
"22200",0.0248
"22201",0.0012
"22202",0.142
"22209",-0.0039
"22210",-0.0482
"22213",0.1322
"22214",-0.0068
"22215",-0.099
"22217",-0.0488
"22218",-0.0025
"22221",0.0466
"22222",-0.0693
"22223",0.0649
"22224",-0.001
"22225",0.0053
"22228",0.1254
"22229",-0.0375
"22230",-0.0385
"22232",0.041
"22234",-0.0759
"22235",-0.0818
"22239",0.0564
"22240",-0.0161
"22241",0.0619
"22245",0.0153
"22247",0.0542
"22248",0.0065
"22249",0.0202
"22253",-0.0202
"22256",0.2103
"22258",-7e-04
"22259",0.1839
"22260",0.0185
"22268",-0.3816
"22271",-0.0386
"22272",0.0935
"22273",0.0388
"22275",-0.0094
"22276",0.0048
"22278",0.1293
"22282",0.0211
"22283",-0.1457
"22284",-0.0222
"22288",-0.0388
"22289",0.0218
"22290",-0.0374
"22293",-0.5129
"22294",-0.0169
"22295",0.1183
"22317",0.0539
"22318",-0.0748
"22319",0.0056
"22320",-7e-04
"22321",0.0449
"22323",0.0546
"22324",-0.0715
"22325",0.0431
"22326",0.9002
"22327",-0.0747
"22329",-0.0721
"22330",-0.0366
"22333",-0.0244
"22334",-0.0334
"22335",0.0025
"22337",0.7904
"22339",0.1985
"22340",-0.0496
"22341",0.0336
"22342",0.0952
"22343",-0.0507
"22344",-0.0267
"22346",0.0041
"22348",-0.0029
"22349",0.1013
"22350",0.0463
"22351",-0.5825
"22352",-0.0275
"22353",0.0716
"22354",-0.1128
"22355",-0.0864
"22359",-0.0173
"22360",-0.0445
"22361",-0.4993
"22365",0.0034
"22367",-0.187
"22368",0.0837
"22370",0.0364
"22371",0.4676
"22375",-5.974e-05
"22376",-0.2768
"22377",0.0903
"22378",0.0547
"22379",-0.0407
"22380",-0.0061
"22381",-0.0193
"22384",-0.0093
"22385",0.0167
"22388",0.0101
"22390",0.0474
"22393",0.238
"22401",-0.0772
"22402",0.4456
"22404",-0.0815
"22408",0.1934
"22409",0.2766
"22410",-0.0982
"22411",0.9327
"22412",-0.2808
"22413",0.3235
"22414",0.0526
"22415",0.1511
"22417",0.1917
"22418",-0.1536
"22419",0.04
"22420",0.0173
"22421",-0.0575
"22422",0.0719
"22423",-0.1339
"22427",-0.0988
"22428",-0.0622
"22433",0.2008
"22436",0.2746
"22437",-0.4741
"22439",-0.0828
"22441",-0.4167
"22445",0.4261
"22589",-0.0691
"22590",-0.0731
"22591",0.0276
"22592",-0.006
"22594",0.0352
"22596",0.0031
"22599",-0.5564
"22601",-0.1046
"22608",0.105
"22612",-0.0381
"22619",0.0962
"22625",0.0365
"22626",1.3832
"22627",-0.0414
"22630",0.0268
"22631",-0.0822
"22632",-3e-04
"22634",0.0824
"22635",-0.41
"22637",0.06
"22640",-0.0389
"22642",0.0577
"22643",0.0078
"22644",-0.0588
"22646",0.0289
"22648",-0.1393
"22652",0.3687
"22654",-0.0124
"22658",0.0835
"22661",-0.0234
"22666",-0.0457
"22668",0.0155
"22670",-0.032
"22671",0.0535
"22673",0.0656
"22678",-0.0324
"22680",0.0225
"22682",-0.0677
"22685",-0.0888
"22687",0.0301
"22688",-0.0481
"22689",-0.0069
"22690",-0.0538
"22691",0.0317
"22693",-0.0025
"22694",0.0365
"22695",-0.2524
"22696",-0.1138
"22697",0.1058
"22698",-0.0781
"22700",0.0747
"22701",0.0465
"22704",-0.0369
"22709",0.0117
"22710",-0.0091
"22712",-0.049
"22715",-0.0246
"22717",0.0197
"22718",0.0533
"22719",0.065
"22720",-0.0482
"22722",-0.0768
"22724",0.0478
"22746",0.0899
"22750",-0.0565
"22751",0.026
"22754",-0.2503
"22755",0.0266
"22756",-0.019
"22757",-0.0453
"22758",0.0476
"22759",0.0218
"22761",0.1757
"22762",-0.0538
"22763",0.0393
"22764",0.0038
"22770",-0.0795
"22771",-0.1733
"22772",-0.1137
"22773",-0.2131
"22774",0.2317
"22775",0.0029
"22776",0.0725
"22778",-0.1449
"22779",0.0412
"22781",-0.075
"22782",-0.0518
"22784",0.0666
"22785",-0.0424
"22791",0.0025
"22793",-0.1168
"23789",0.0141
"23790",0.0906
"23792",0.0096
"23794",-0.2365
"23796",-0.446
"23797",-0.0656
"23801",-0.3179
"23802",0.0067
"23805",-0.0223
"23806",-0.0281
"23807",0.0757
"23808",-0.0379
"23821",-0.0148
"23825",-0.037
"23827",-0.001
"23828",0.0076
"23829",0.1464
"23830",0.0142
"23831",0.0948
"23832",-0.2059
"23833",0.4078
"23834",-0.1626
"23836",-0.048
"23837",0.0282
"23845",-0.0359
"23849",0.0299
"23850",0.5318
"23853",0.1914
"23854",-0.0192
"23856",0.0071
"23857",0.0036
"23859",-0.0327
"23863",-0.0592
"23871",-0.1086
"23872",-0.01
"23873",-0.1508
"23874",0.0414
"23876",-0.013
"23877",0.0358
"23879",0.034
"23880",0.2142
"23881",3e-04
"23882",0.1673
"23885",-0.0813
"23887",0.1485
"23888",-0.0145
"23890",-0.1234
"23892",0.6986
"23893",-0.1381
"23894",0.0311
"23897",0.0772
"23900",0.589
"23908",-0.0495
"23912",-0.007
"23917",-0.0377
"23918",-0.0045
"23921",-0.0112
"23922",-0.0426
"23923",-0.2388
"23924",-0.0707
"23928",0.1019
"23934",-0.1091
"23936",0.1934
"23937",-0.3553
"23938",-0.0916
"23939",-9e-04
"23942",-0.008
"23943",0.0851
"23945",0.0045
"23947",-0.1652
"23948",0.1166
"23950",-0.1003
"23954",0.1917
"23955",0.0458
"23956",-0.0142
"23959",0.0799
"23961",0.26
"23962",-0.0916
"23963",-0.1799
"23964",-0.1292
"23965",-0.1026
"23966",0.016
"23967",-0.4021
"23969",-0.0323
"23970",0.2045
"23971",-0.024
"23972",-0.1735
"23980",0.0237
"23983",-0.0316
"23984",-0.0107
"23985",0.0984
"23986",0.0021
"23988",0.1469
"23989",0.0502
"23991",0.1317
"23992",-0.0876
"23993",-0.3268
"23994",-0.041
"23996",0.0648
"23997",0.056
"23999",0.1058
"24000",0.013
"24001",-0.0061
"24004",0.1633
"24010",-0.0225
"24012",-0.0583
"24014",-0.1247
"24015",-0.0302
"24017",-0.0252
"24018",0.0367
"24030",0.1219
"24044",0.074
"24045",0.0694
"24047",0.4794
"24050",-0.0301
"24051",-0.0164
"24052",-0.0055
"24053",1.3456
"24055",-0.0992
"24056",0.0275
"24057",-0.1244
"24058",0.0061
"24059",-0.0502
"24060",0.0176
"24061",-0.0384
"24063",0.0044
"24064",-0.0606
"24066",-0.0916
"24067",-0.036
"24068",0.1161
"24069",-0.0746
"24070",0.0083
"24071",-0.0733
"24074",0.0436
"24075",0.0991
"24082",0.3057
"24083",0.0472
"24086",-0.0066
"24087",0.1263
"24088",-0.0719
"24099",-0.303
"24100",0.0388
"24105",0.024
"24109",0.0662
"24110",-0.2235
"24115",0.1693
"24116",0.0267
"24117",-0.1631
"24127",-0.1008
"24128",0.0025
"24131",-0.0272
"24132",0.0273
"24135",-0.0428
"24136",0.0044
"26356",-0.0167
"26357",-0.0999
"26358",-0.2915
"26360",0.0219
"26362",-0.0727
"26363",-0.1001
"26364",-0.0227
"26365",-0.0678
"26367",0.0163
"26370",0.0769
"26371",0.0493
"26372",-0.058
"26373",0.0312
"26374",0.0957
"26377",-0.3461
"26378",0.0608
"26379",0.1285
"26380",0.0664
"26381",-0.1248
"26382",0.0155
"26383",-0.0559
"26384",8e-04
"26385",0.0126
"26386",0.1827
"26390",-0.0267
"26394",0.1595
"26395",-0.0504
"26396",0.0995
"26397",0.0146
"26398",-0.0757
"26399",-0.1633
"26400",0.0516
"26401",-0.0902
"26403",0.0394
"26404",-0.0213
"26405",0.018
"26406",0.0244
"26407",0.0338
"26408",-0.1627
"26409",-0.0681
"26410",0.3766
"26411",-0.0448
"26412",-0.0336
"26413",-0.0213
"26414",-0.0439
"26416",-0.0062
"26417",-0.1103
"26419",-0.0726
"26420",-0.0293
"26422",-0.047
"26425",0.0072
"26426",0.0544
"26427",0.5323
"26428",0.0089
"26429",-0.02
"26430",-0.0061
"26431",0.0267
"26432",0.0375
"26433",0.0687
"26436",-0.074
"26440",0.0013
"26441",0.0158
"26442",-0.0288
"26443",0.0166
"26444",0.0488
"26445",0.0113
"26446",0.0663
"26447",-0.0216
"26448",0.0197
"26450",-0.0716
"26451",0.019
"26456",5e-04
"26457",-0.0276
"26458",-0.3114
"26459",0.2903
"26462",0.0072
"26465",-0.0149
"26466",-0.1077
"26549",-0.1638
"26554",-0.0258
"26556",0.016
"26557",0.0059
"26558",3e-04
"26559",0.0955
"26561",0.5178
"26563",-0.4953
"26564",-0.1575
"26568",0.1677
"26569",0.0952
"26570",-0.2522
"26572",0.052
"26611",-0.0753
"26754",-0.0228
"26757",-0.0483
"26874",0.0719
"26875",-0.1502
"26877",-0.12
"26878",-0.1297
"26879",-0.0022
"26885",-0.0466
"26886",-0.141
"26888",-0.6476
"26889",0.1027
"26891",0.0513
"26893",-0.0137
"26894",0.0084
"26895",0.1576
"26896",-0.0146
"26897",0.0374
"26900",-0.0136
"26901",-0.0483
"26903",0.0658
"26905",-0.0356
"26908",0.0421
"26909",0.223
"26912",-0.0346
"26913",0.0403
"26914",0.004
"26919",0.0316
"26920",-0.0028
"26921",-0.076
"26922",0.0128
"26926",-0.0251
"26927",0.4338
"26931",0.0333
"26932",-0.0428
"26934",-0.0675
"26936",0.0301
"26938",-0.0829
"26939",0.0034
"26940",0.0681
"26941",-0.018
"26942",-0.0276
"26943",-4e-04
"26945",1.3389
"26946",0.055
"26949",-0.0626
"26950",-0.0763
"26951",0.0081
"26961",0.0314
"26965",-0.0017
"26968",0.1349
"26971",0.261
"26987",0.0114
"26992",-0.0777
"27008",-0.0264
"27015",-0.0724
"27027",0.0993
"27028",-1.2742
"27029",0.0739
"27041",0.0292
"27045",0.0081
"27047",-1.0739
"27049",0.0769
"27050",0.0273
"27052",-1.7977
"27053",-0.0055
"27054",-0.0122
"27055",-0.0665
"27056",-0.0024
"27057",-0.0306
"27058",-0.0032
"27059",-0.0892
"27060",-0.0137
"27061",0.0519
"27062",-0.0159
"27078",0.0577
"27081",-0.0268
"27096",0.0352
"27103",-0.006
"27176",0.0117
"27204",0.2139
"27205",0.0295
"27207",0.0797
"27214",0.3995
"27215",0.0469
"27218",0.1196
"27219",-0.1002
"27220",0.038
"27221",-0.0021
"27223",-0.0346
"27224",-0.0759
"27225",0.0193
"27226",0.0231
"27260",-0.2667
"27261",0.3857
"27267",-0.0754
"27273",-0.1324
"27274",0.0021
"27275",-0.0352
"27276",0.034
"27277",-0.031
"27278",-1.2191
"27279",0.3543
"27280",0.1012
"27281",-0.0729
"27354",-0.0494
"27355",-0.0971
"27356",-0.347
"27357",-0.0139
"27359",-0.0713
"27360",-0.0923
"27361",0.1611
"27362",-0.0539
"27364",-0.0321
"27366",0.0532
"27367",-0.0183
"27368",-0.0046
"27369",0.0407
"27370",0.0046
"27373",-0.0134
"27374",-0.0034
"27375",-0.1039
"27376",0.0794
"27377",-0.0233
"27384",-0.0464
"27385",0.0861
"27386",-0.1819
"27387",-0.16
"27388",-0.0204
"27389",-0.181
"27390",-0.0766
"27392",-0.0366
"27393",0.0297
"27395",0.0146
"27397",0.0278
"27398",0.0951
"27399",0.013
"27401",-0.0212
"27402",-0.0433
"27403",0.0464
"27404",-0.0443
"27405",0.1099
"27406",-0.0214
"27407",0.0521
"27410",0.0036
"27411",1.3532
"27412",-0.7407
"27414",0.146
"27416",-0.0196
"27418",0.0198
"27419",-0.1159
"27421",0.2091
"27425",0.0263
"27426",0.1677
"27428",-0.1578
"27493",-0.2979
"27494",-0.0745
"27528",0.0209
"27632",-0.034
"27643",0.0717
"27660",0.137
"27681",0.0296
"27756",0.0067
"27762",1.0655
"27784",-0.0075
"27801",0.033
"27878",0.007
"27883",0.0783
"27886",0.0466
"27965",0.1341
"27966",-0.0284
"27967",0.071
"27973",0.0667
"27979",-0.0789
"27981",0.0706
"27984",0.1081
"27993",0.0248
"27998",0.0125
"27999",0.0278
"28000",0.0292
"28006",0.0223
"28010",0.2036
"28015",-0.0099
"28018",0.066
"28019",0.0712
"28028",-0.0899
"28030",-0.0152
"28035",0.0924
"28036",0.0074
"28040",0.0221
"28042",0.0073
"28064",-0.0125
"28071",-0.0497
"28075",-0.0408
"28077",0.0802
"28080",0.0378
"28081",-0.0505
"28084",-0.0734
"28088",-0.0157
"28105",-0.0696
"28106",0.1576
"28109",-0.0036
"28113",-0.0206
"28114",-0.0073
"28126",0.059
"28135",0.0012
"28146",-0.001
"28169",-0.0141
"28185",-0.0118
"28193",-0.0501
"28199",0.0133
"28200",-0.0701
"28240",-0.0106
"28250",0.0186
"28253",0.1938
"28295",0.0281
"29805",0.0564
"29806",-0.0142
"29807",0.0516
"29808",-0.0284
"29809",-0.0357
"29810",0.2135
"29811",0.0298
"29812",-0.0028
"29813",-0.0175
"29815",-0.0096
"29816",0.0617
"29817",0.2301
"29819",-0.0038
"29820",-0.1039
"29856",-0.0807
"29857",0.1693
"29858",0.0108
"29859",0.1192
"29861",-0.0546
"29862",0.3052
"29863",-0.0908
"29864",-0.031
"29867",0.0502
"29869",0.0091
"29870",0.2258
"29871",-0.0366
"29873",-0.0587
"29875",0.0322
"29876",-0.0185
"29877",-0.0728
"30044",0.2184
"30045",0.1184
"30046",0.0111
"30049",0.0837
"30050",0.0449
"30052",0.0428
"30054",0.0816
"30055",0.144
"30056",0.0353
"30057",0.1175
"30058",0.0785
"30059",0.0311
"30060",0.3017
"30785",0.0339
"30791",0.0372
"30794",0.0066
"30795",-0.0681
"30805",-0.2671
"30806",-0.0638
"30838",-0.0158
"30839",0.0756
"30840",0.0344
"30841",-0.0076
"30843",-0.0012
"30853",0.0743
"30877",-0.0764
"30878",0.2725
"30925",0.0495
"30926",0.0539
"30928",-0.0807
"30930",-0.0249
"30931",0.0111
"30932",-0.0781
"30933",0.0961
"30934",-0.0201
"30935",-0.0244
"30937",0.0436
"30938",0.0598
"30939",0.0963
"30940",-0.0217
"30941",0.0659
"30944",-0.1106
"30945",0.0066
"30946",-0.023
"30947",0.088
"30948",0.0446
"30949",0.0659
"30951",0.1897
"30953",0.08
"30954",0.0204
"30955",-0.2125
"30956",0.0346
"30957",0.0246
"30959",-0.0355
"30960",-0.0057
"30963",0.1824
"50490",1.4634
"50492",0.1325
"50493",0.0155
"50496",-6e-04
"50497",0.0454
"50498",-0.3935
"50500",0.134
"50501",-0.6818
"50505",-0.1205
"50518",0.0646
"50523",-0.003
"50524",-0.0287
"50525",-0.1414
"50527",-0.0451
"50529",0.0908
"50530",-0.1002
"50540",-0.1967
"50706",-0.4367
"50708",-0.1242
"50709",-0.0379
"50720",0.0616
"50721",0.0207
"50722",-0.3401
"50723",-0.0779
"50724",-0.0089
"50753",0.0431
"50754",0.0524
"50755",0.0746
"50758",-0.0703
"50759",0.1021
"50760",0.3805
"50762",-0.0137
"50764",0.4419
"50765",0.1419
"50766",0.027
"50767",0.0526
"50768",-0.1374
"50769",-0.0771
"50770",-0.0681
"50771",0.0109
"50772",-0.0158
"50773",-0.0617
"50776",-0.048
"50778",-0.0371
"50779",0.1202
"50780",-0.0169
"50781",-0.1099
"50782",-0.1074
"50783",-0.0044
"50784",0.1191
"50785",0.0819
"50786",0.0764
"50787",-0.0442
"50788",0.2042
"50789",-0.0214
"50790",-0.1506
"50791",0.0544
"50793",-0.0391
"50794",0.0562
"50795",0.1722
"50797",0.0014
"50798",0.0172
"50799",0.0824
"50817",0.1031
"50849",0.0393
"50850",-0.0143
"50868",0.048
"50873",-0.1804
"50874",0.0278
"50875",-0.0548
"50876",-0.0793
"50877",-0.2117
"50878",0.5116
"50880",0.0822
"50883",-0.0569
"50884",-0.0171
"50887",-0.023
"50905",0.1326
"50907",0.0156
"50908",0.2064
"50909",0.0797
"50911",-0.0102
"50912",-0.0143
"50913",0.087
"50914",0.0716
"50915",-0.2119
"50917",0.0461
"50918",0.0709
"50926",-0.0581
"50927",0.0791
"50928",-0.1658
"50931",-0.3125
"50932",0.0297
"50933",-0.0137
"50934",-0.0142
"50935",-0.0238
"50994",-0.15
"50995",0.0358
"50996",-0.0279
"50997",-0.0443
"51786",0.0576
"51788",0.0075
"51789",0.028
"51791",-0.0317
"51792",0.0166
"51793",0.1552
"51795",0.335
"51796",-0.0857
"51797",0.0033
"51798",0.0604
"51799",0.0294
"51800",0.2242
"51801",0.1045
"51810",-0.0497
"51812",0.0511
"51813",-0.069
"51869",-0.1095
"51875",0.1041
"51885",0.0269
"51886",0.0317
"51897",-0.034
"51902",-0.0705
"51938",0.0187
"51944",0.0243
"51960",-3.039e-05
"52004",0.1362
"52009",-0.1283
"52013",0.1068
"52014",-0.071
"52020",-0.2025
"52023",0.0234
"52028",0.0049
"52033",-0.0583
"52036",0.0271
"52040",0.0077
"52055",0.0133
"52064",-0.0181
"52065",8e-04
"52076",0.0133
"52118",0.0438
"52120",0.0163
"52123",0.0108
"52132",-0.0035
"52150",0.2722
"52163",0.0225
"52174",0.0647
"52184",-0.043
"52187",0.1178
"52202",-0.0389
"52206",-0.0653
"52231",0.0168
"52245",-0.003
"52250",0.0022
"52276",-0.3785
"52323",-0.0365
"52331",-0.1775
"52335",-0.0596
"52348",-0.0083
"52357",-0.0864
"52377",-0.1599
"52389",0.0172
"52392",-0.0409
"52397",-0.0318
"52398",0.0063
"52428",0.1186
"52430",-0.1198
"52432",-0.0355
"52440",0.0273
"52443",0.0261
"52463",-0.1178
"52466",-0.0082
"52468",-0.0298
"52469",0.1215
"52477",0.0518
"52480",0.0681
"52502",0.0072
"52504",0.0725
"52513",0.0011
"52521",0.0325
"52530",0.0987
"52535",0.0345
"52538",-0.0764
"52551",0.0637
"52552",0.1665
"52563",0.0101
"52570",-0.3846
"52575",0.0011
"52585",0.0217
"52588",0.0158
"52589",0.0189
"52592",0.0078
"52609",0.0342
"52614",0.622
"52615",-0.0607
"52626",-0.0098
"52633",-0.003
"52635",-0.066
"52637",9e-04
"52639",-0.0757
"52653",0.0183
"52662",0.0814
"52665",-0.0353
"52666",0.038
"52668",0.0173
"52679",0.2595
"52683",0.0421
"52685",1.2126
"52686",0.0556
"52690",0.0175
"52696",-0.0297
"52700",-0.0195
"52705",-0.0336
"52708",0.046
"52710",0.1185
"52712",0.0321
"52713",-0.0299
"52715",0.0271
"52717",0.0461
"52808",0.0294
"52815",0.0032
"52822",-0.0233
"52829",0.0928
"52830",-0.0891
"52837",-0.0434
"52838",0.0542
"52840",0.0585
"52846",0.0108
"52850",0.0608
"52855",-0.1078
"52856",-0.043
"52857",0.0546
"52858",0.0757
"52864",0.0497
"52874",0.0187
"52882",-0.0615
"52892",0.0352
"52897",-0.0145
"52898",0.0057
"52906",-0.0181
"52915",0.0462
"53310",-3e-04
"53311",0.0994
"53312",7e-04
"53313",-0.0565
"53314",0.745
"53317",0.018
"53318",-0.1016
"53319",0.0265
"53320",-0.0636
"53321",-0.0922
"53322",-0.0574
"53323",-0.1207
"53324",0.6246
"53325",0.1903
"53328",-0.1071
"53330",-0.06
"53331",0.005
"53332",0.0411
"53333",0.0303
"53334",0.0282
"53356",0.0202
"53357",0.0412
"53374",0.1613
"53375",5e-04
"53376",0.0356
"53378",-0.012
"53379",-0.0479
"53380",0.0402
"53381",-0.0473
"53382",-0.0426
"53404",-0.2755
"53412",0.0124
"53413",0.051
"53414",0.1085
"53415",0.0978
"53416",0.0714
"53417",0.8287
"53418",0.1106
"53419",-0.8303
"53420",0.0985
"53421",0.0393
"53422",0.304
"53424",-0.056
"53598",0.079
"53599",-0.104
"53600",0.0218
"53601",0.0729
"53602",-0.3349
"53603",-0.7391
"53604",0.0336
"53605",-0.1352
"53607",0.0255
"53608",0.2888
"53609",-0.0169
"53610",0.0124
"53611",-0.0055
"53612",0.0484
"53614",0.0985
"53618",-0.0754
"53619",-0.0539
"53620",0.2487
"53621",-0.0189
"53623",-0.0889
"53625",0.0177
"53626",-0.111
"53627",0.0528
"53761",-0.0187
"53791",0.4614
"53817",-0.0152
"53857",0.0177
"53858",0.0485
"53859",-0.0177
"53860",0.1138
"53861",-0.058
"53867",0.3229
"53869",-0.0562
"53870",-0.0759
"53871",-0.2687
"53872",-0.027
"53881",0.1434
"53883",-0.017
"53885",0.0364
"53886",-0.0114
"53890",-0.067
"53892",-0.0891
"53893",0.0511
"53895",0.0508
"53896",0.058
"53897",0.0086
"53901",-0.0033
"53902",-0.1094
"53945",-0.1548
"53951",-0.0704
"53970",0.0571
"53972",0.0599
"53975",0.046
"53978",0.1165
"54003",0.0361
"54004",-0.0312
"54006",-0.0551
"54120",-0.0132
"54122",-0.1022
"54123",-0.0173
"54124",0.0401
"54125",0.0494
"54126",0.0091
"54127",0.053
"54128",-0.0014
"54130",0.0598
"54131",-0.0567
"54132",0.1307
"54135",0.0448
"54137",-0.3426
"54138",0.0052
"54139",-0.0704
"54140",-1.5587
"54141",-0.2496
"54151",0.0622
"54152",0.0969
"54153",-0.1661
"54156",-0.1594
"54159",0.625
"54160",0.0033
"54161",0.0316
"54169",0.034
"54170",0.0579
"54188",0.067
"54189",0.0156
"54194",0.0125
"54195",-0.054
"54196",-0.0396
"54197",-0.0706
"54198",0.0997
"54199",0.1794
"54200",0.2765
"54201",-0.0201
"54204",0.4143
"54208",-0.0264
"54214",-0.0029
"54215",-0.3112
"54216",0.2056
"54217",0.0039
"54218",-0.0456
"54219",0.0663
"54324",0.0474
"54325",0.1245
"54326",-0.0525
"54338",0.02
"54342",-0.0035
"54343",-0.1057
"54351",-0.0213
"54352",0.7017
"54353",0.0109
"54354",0.0754
"54357",0.0025
"54364",-0.0907
"54366",-0.0448
"54367",-0.1015
"54368",0.0999
"54369",0.0737
"54371",-0.0328
"54373",-0.1291
"54375",-0.02
"54376",-0.0799
"54377",0.0082
"54378",0.0807
"54380",0.0798
"54381",-0.0034
"54383",0.0768
"54384",-0.0393
"54387",0.048
"54391",-0.0111
"54392",-0.6312
"54393",0.0504
"54394",0.0573
"54396",-0.1734
"54397",0.129
"54399",0.0445
"54401",-0.0713
"54402",-0.124
"54403",-0.0212
"54405",0.054
"54409",0.0852
"54411",0.0074
"54418",-0.0781
"54427",0.2914
"54445",0.0032
"54446",-0.1286
"54447",-0.1257
"54451",0.0306
"54473",4e-04
"54484",0.0545
"54485",0.2069
"54486",-0.0224
"54519",-0.6857
"54524",0.0517
"54525",-0.0617
"54526",-0.2999
"54561",-0.0608
"54562",-0.0593
"54563",0.0108
"54598",-0.1345
"54601",0.0441
"54604",-0.0368
"54607",-0.0593
"54608",0.0911
"54609",-0.1243
"54610",0.1116
"54611",-0.1042
"54612",0.3697
"54613",0.0655
"54614",0.0101
"54616",0.0539
"54624",-0.0131
"54630",0.3323
"54631",0.097
"54632",-0.004
"54633",-0.0086
"54634",0.0287
"54635",-0.0332
"54636",-0.0515
"54637",0.1064
"54638",-0.0289
"54644",0.0479
"54645",-0.0146
"54646",-0.0365
"54648",-0.0338
"54650",-0.0633
"54651",0.0063
"54667",0.0152
"54670",0.3442
"54673",0.0055
"54678",-0.0203
"54683",0.0599
"54709",0.0497
"54710",-0.3474
"54711",-0.0043
"54712",-0.0914
"54713",0.0418
"54720",0.074
"54721",0.0538
"54722",-0.0496
"54723",-0.0174
"54725",-0.0601
"55927",-0.0647
"55932",-0.0869
"55934",-0.0319
"55935",-0.0027
"55936",0.0161
"55942",0.2489
"55943",0.082
"55944",0.0041
"55946",-0.0579
"55947",-0.1463
"55948",0.2195
"55949",0.0211
"55950",0.0474
"55951",-0.0561
"55960",-0.0911
"55961",0.6754
"55963",-0.0125
"55978",0.0556
"55979",0.1117
"55980",-0.0177
"55981",0.0809
"55982",-0.0386
"55983",-0.1619
"55984",0.0855
"55987",-0.1611
"55988",0.0119
"55989",-0.0356
"55990",0.2233
"55991",0.172
"55992",0.0198
"55994",0.0077
"56009",-0.2117
"56012",0.2111
"56013",-0.084
"56016",-0.0388
"56017",0.0559
"56018",0.0139
"56030",-0.0061
"56031",0.0186
"56032",0.029
"56036",-0.0013
"56040",0.0505
"56041",-0.0443
"56043",-0.0277
"56044",-0.012
"56045",-0.0195
"56046",0.0244
"56047",0.4162
"56048",-0.0917
"56050",0.137
"56055",0.0072
"56068",-0.0634
"56070",-0.0564
"56072",-1.2116
"56075",0.0818
"56077",-0.0477
"56078",-0.1626
"56079",-0.0274
"56085",0.0227
"56086",-0.0367
"56087",0.65
"56088",0.0257
"56089",0.0712
"56095",0.0073
"56149",0.1287
"56150",-0.1433
"56173",0.4352
"56174",0.0657
"56175",0.225
"56176",-0.0508
"56187",0.0325
"56188",0.1068
"56190",0.2948
"56191",-0.0247
"56193",-0.072
"56194",-0.0898
"56195",-0.0196
"56196",0.0782
"56198",0.1315
"56199",0.1196
"56200",-0.0171
"56205",0.0698
"56207",-0.0701
"56208",0.0205
"56209",0.0867
"56210",-0.0302
"56212",0.0891
"56213",0.0491
"56214",0.1326
"56215",0.0236
"56216",0.0743
"56217",-0.1116
"56218",-0.0077
"56219",-0.0206
"56220",-0.0651
"56221",-0.0305
"56222",-0.5454
"56224",0.0511
"56226",0.1487
"56228",-0.0011
"56229",0.0466
"56233",0.0488
"56248",-0.0481
"56249",0.0147
"56258",-0.0875
"56264",-0.3107
"56273",0.0712
"56274",0.1216
"56275",0.0175
"56277",0.2111
"56278",-0.0303
"56279",0.13
"56280",-0.0417
"56282",-0.0311
"56284",0.0256
"56289",0.05
"56291",-0.1437
"56292",-0.0384
"56293",0.1671
"56294",0.0417
"56295",0.0497
"56296",0.7314
"56297",-0.0646
"56298",-0.046
"56299",0.0759
"56305",-0.0472
"56306",0.0166
"56307",-0.0583
"56309",0.0488
"56310",0.0879
"56312",0.0697
"56314",0.0266
"56315",1.077
"56316",0.1654
"56317",-0.0194
"56320",0.0843
"56321",0.0075
"56322",0.021
"56323",0.0528
"56324",0.0101
"56325",0.1684
"56327",0.0919
"56330",0.1248
"56332",-0.0662
"56334",0.0458
"56335",0.1598
"56336",0.0829
"56338",0.1662
"56347",-0.0089
"56348",0.0264
"56349",0.3666
"56350",-0.0489
"56351",-0.0228
"56353",-0.1172
"56354",-0.0588
"56356",0.1512
"56357",-0.0545
"56358",-0.0304
"56360",0.0226
"56361",-0.0679
"56363",0.0582
"56364",0.0044
"56367",-0.0159
"56368",0.1816
"56369",0.1439
"56370",0.0825
"56371",0.011
"56372",0.0261
"56374",0.0372
"56375",0.0167
"56376",-0.0465
"56378",0.0685
"56380",0.4513
"56381",-0.0389
"56382",-0.0909
"56384",0.006
"56386",-0.0849
"56389",0.0453
"56390",0.1264
"56392",-0.0388
"56395",0.0595
"56397",-0.0096
"56398",0.0108
"56399",-0.0107
"56401",0.0779
"56403",-0.0947
"56404",-0.0018
"56405",0.2816
"56406",-0.072
"56407",0.0543
"56409",0.0068
"56410",-0.1708
"56412",0.0747
"56417",-0.0032
"56418",0.038
"56419",-0.072
"56420",-0.0121
"56421",0.1714
"56422",0.0661
"56424",0.082
"56426",0.0026
"56427",0.0538
"56428",0.1033
"56430",-0.0028
"56431",0.0067
"56433",0.0069
"56434",0.0172
"56436",0.0285
"56437",-0.1531
"56438",-0.0191
"56440",0.0521
"56441",-0.0071
"56442",-0.0461
"56443",0.0012
"56444",-0.041
"56445",-0.0164
"56447",-0.0571
"56448",-0.0201
"56449",-0.0101
"56451",0.0234
"56452",0.051
"56453",-0.0426
"56454",0.0715
"56455",0.1025
"56456",0.0379
"56457",0.034
"56458",-0.2206
"56459",-0.0371
"56461",0.1672
"56462",0.0796
"56463",0.0296
"56464",-0.0398
"56468",-0.036
"56469",-0.017
"56470",0.0093
"56471",0.0287
"56473",-0.0532
"56480",0.0487
"56484",0.0644
"56485",0.026
"56486",0.0755
"56488",0.0589
"56489",-0.8689
"56490",-0.0373
"56491",0.0459
"56494",0.0451
"56495",0.0859
"56496",0.0111
"56501",-0.0571
"56503",-0.1092
"56504",0.2688
"56505",-0.0634
"56506",0.0508
"56508",-0.0441
"56513",0.139
"56515",0.057
"56516",0.0493
"56517",-0.4722
"56520",0.1287
"56522",-0.0541
"56524",0.007
"56525",0.0291
"56526",-0.0583
"56527",-0.1021
"56529",-0.0927
"56530",0.083
"56531",-0.0915
"56532",0.0746
"56533",-0.089
"56534",-0.2123
"56535",-0.1058
"56541",0.0337
"56542",-0.0662
"56543",-0.015
"56544",-0.2758
"56546",-0.7148
"56550",-0.0149
"56551",-0.0071
"56612",0.097
"56613",-0.0414
"56615",-0.0258
"56620",0.7188
"56622",-0.206
"56626",0.0176
"56631",-0.0139
"56632",0.1714
"56637",-0.0908
"56642",0.3795
"56644",-0.4258
"56690",0.0539
"56692",0.0483
"56693",0.1366
"56695",0.0623
"56697",-0.0202
"56698",0.063
"56699",0.0389
"56700",0.0798
"56702",-0.0631
"56703",0.064
"56705",0.0211
"56706",-0.0404
"56707",0.0151
"56708",-0.0149
"56709",0.0113
"56710",0.1837
"56711",-0.0527
"56715",0.0581
"56716",-0.0038
"56717",0.0187
"56720",-0.3478
"56722",0.1738
"56724",0.0088
"56726",-0.1247
"56736",-0.0291
"56737",-0.1317
"56738",-0.0898
"56739",-0.0258
"56741",-0.0671
"56742",-0.0026
"56743",-0.2346
"56744",-0.3167
"56745",0.294
"56747",0.0788
"56748",0.0463
"56749",-0.007
"56752",-0.0088
"56758",0.0084
"56771",0.0424
"56772",-0.0293
"56773",-0.1505
"56784",0.0086
"56786",-0.0052
"56788",-0.1129
"56790",0.0335
"56791",-0.1162
"56792",-0.1194
"56794",0.0317
"56795",0.0049
"56802",0.2477
"56805",-0.1241
"56807",0.0148
"56808",0.1565
"56809",0.0542
"56811",0.0548
"56812",0.0347
"56838",0.1922
"56839",-0.0509
"56844",0.0579
"56846",0.4941
"56847",-0.2564
"56856",0.2923
"56857",0.1473
"56869",0.0975
"56873",0.0367
"56874",-0.0263
"56876",0.0233
"56878",0.0193
"57028",0.0054
"57080",-0.0792
"57138",-0.0051
"57170",0.0665
"57230",0.0605
"57247",0.0852
"57249",-1.2321
"57257",-0.0255
"57258",-0.0451
"57259",0.1052
"57261",-0.0554
"57265",0.2137
"57266",0.0551
"57267",0.0343
"57274",0.2192
"57275",0.0176
"57276",0.4386
"57278",-0.0757
"57279",0.0791
"57294",0.0873
"57295",0.0133
"57296",0.05
"57312",-0.0045
"57314",-0.0572
"57315",0.0635
"57316",-0.0529
"57317",-0.0062
"57319",-0.0027
"57320",0.0421
"57321",0.0082
"57330",0.0883
"57339",-0.1301
"57340",0.0363
"57342",-0.0933
"57344",0.0454
"57349",0.8242
"57354",-0.0249
"57355",1.2825
"57357",0.0333
"57370",0.0712
"57373",0.0726
"57376",0.0156
"57377",-0.0074
"57423",0.0904
"57429",0.3959
"57431",-0.0699
"57432",0.1239
"57434",-0.1483
"57435",0.1351
"57436",0.0469
"57437",-0.0278
"57438",-0.106
"57439",0.0602
"57440",0.0585
"57441",0.114
"57442",-1.1496
"57443",-0.0343
"57444",0.3296
"57738",-0.2566
"57740",0.074
"57741",0.006
"57742",0.222
"57743",-0.0659
"57745",-0.0567
"57746",0.072
"57748",-0.071
"57749",-0.1758
"57750",0.0114
"57751",0.0591
"57752",-0.0457
"57753",0.0342
"57754",0.0457
"57756",0.4613
"57764",-0.0809
"57765",-0.4947
"57773",0.0755
"57775",0.0228
"57776",0.0307
"57778",0.034
"57780",0.1177
"57781",-0.3391
"57782",0.0045
"57783",0.1121
"57784",-0.0396
"57785",0.0724
"57808",0.0055
"57810",-0.055
"57813",0.0594
"57814",0.0649
"57815",0.005
"57816",0.2777
"57837",0.0698
"57869",0.0157
"57874",0.0038
"57875",0.4098
"57895",0.0657
"57896",-0.1417
"57905",-0.0146
"57908",-0.036
"57912",0.019
"57913",0.53
"57914",0.0016
"57915",-0.0651
"57916",-0.3378
"58172",0.019
"58175",0.0971
"58178",0.1903
"58180",-0.1102
"58182",-0.1442
"58184",-0.0894
"58185",0.1242
"58186",-0.121
"58187",-0.0548
"58188",-0.1912
"58193",-0.0556
"58194",-0.0746
"58198",-0.0151
"58200",0.1258
"58202",-0.0425
"58203",0.6132
"58206",-0.1197
"58207",-0.1937
"58208",-0.0041
"58212",0.0145
"58220",0.1551
"58222",-0.0425
"58223",0.6192
"58226",0.1643
"58227",0.0699
"58229",0.0152
"58230",-0.065
"58231",-0.0485
"58233",0.063
"58234",-0.0146
"58235",0.0086
"58237",0.0394
"58238",-0.017
"58239",0.1055
"58240",0.1003
"58242",-0.0706
"58243",-0.1021
"58244",0.1087
"58245",0.0926
"58246",0.0488
"58248",0.0504
"58249",-0.0893
"58250",0.0376
"58251",-0.8169
"58520",0.1035
"58521",-0.1687
"58523",-0.0102
"58799",0.0105
"58800",0.0212
"58801",0.1103
"58802",-0.0563
"58804",-0.0545
"58805",-0.1548
"58807",0.0847
"58809",-0.1269
"58810",-0.0431
"58859",-0.0238
"58861",-0.1219
"58867",0.406
"58869",0.0986
"58875",0.0246
"58887",0.0398
"58894",-0.1478
"58909",-0.1248
"58911",-0.0318
"58988",0.0262
"58991",-0.213
"58992",0.5942
"58994",-0.0615
"58996",0.0918
"58998",-0.1165
"59001",-0.1032
"59002",0.0675
"59003",0.0328
"59004",0.033
"59005",0.1121
"59007",-0.0249
"59008",0.0058
"59009",-0.0479
"59010",0.0155
"59012",-0.0293
"59013",-0.0366
"59014",-0.0445
"59015",-0.0236
"59016",0.0285
"59020",1.2367
"59021",-0.0665
"59022",0.0587
"59024",0.0043
"59025",-0.0385
"59026",-0.033
"59027",-0.0993
"59028",0.009
"59029",-0.0247
"59030",-0.0056
"59031",-0.0235
"59032",-0.0124
"59033",-0.0249
"59035",-0.0202
"59036",-0.0508
"59038",-0.0381
"59040",0.029
"59041",-0.0123
"59042",0.0804
"59043",0.0583
"59044",-0.0309
"59045",0.1759
"59046",0.0528
"59047",0.0831
"59048",-0.0051
"59049",0.0035
"59050",-0.0498
"59052",-0.0419
"59053",0.0366
"59054",-0.062
"59056",-0.1293
"59057",-0.0307
"59058",-0.1224
"59069",0.0546
"59079",-0.0743
"59083",0.2335
"59090",0.0602
"59091",0.1773
"59092",0.0653
"59093",-0.0737
"59095",-0.0748
"59125",0.0059
"59126",-0.0202
"59287",-0.0044
"59288",0.0422
"59289",0.1269
"59308",0.1527
"60315",0.06
"60321",-4e-04
"60322",0.0076
"60344",0.0858
"60345",0.3448
"60363",-0.0631
"60364",-0.2229
"60365",-0.0694
"60367",0.1808
"60406",0.0832
"60409",0.0802
"60411",-0.0752
"60425",0.4287
"60440",-0.2094
"60441",0.0528
"60455",-0.1289
"60504",0.2032
"60507",0.0075
"60510",0.1179
"60525",0.0937
"60527",-0.047
"60530",0.0805
"60532",-0.0607
"60533",-0.1485
"60534",0.1778
"60594",-0.009
"60595",0.0486
"60596",-0.1061
"60597",0.0112
"60599",-0.0441
"60611",-0.0244
"60613",0.2085
"63828",0.0923
"63830",0.0198
"63856",0.0844
"63857",0.6938
"63872",-0.4363
"63873",0.0506
"63913",-0.2271
"63953",-0.2395
"63955",0.0895
"63958",-0.0368
"63959",0.0613
"63985",-0.0638
"63986",-0.2179
"63993",0.3072
"64008",0.0203
"64009",0.1009
"64010",0.0665
"64011",0.195
"64050",0.0743
"64051",-0.0265
"64058",-0.0944
"64074",-0.0751
"64075",-0.0808
"64082",-0.1483
"64085",-0.0714
"64095",-0.287
"64099",0.1358
"64103",-1.3365
"64113",0.295
"64136",0.184
"64138",0.1185
"64143",-0.0315
"64144",0.082
"64176",0.0696
"64177",0.6491
"64209",0.0644
"64213",0.0571
"64214",-0.0336
"64242",-0.0014
"64290",0.3516
"64291",-0.066
"64292",0.1271
"64293",-0.1863
"64294",-0.006
"64295",-0.0168
"64296",0.0127
"64297",0.0503
"64337",0.1407
"64339",-0.0047
"64340",0.0446
"64378",-0.5393
"64379",-0.5602
"64380",-0.5402
"64383",0.0262
"64384",0.0143
"64385",-0.0327
"64406",-0.3426
"64424",0.0867
"64436",-0.0412
"64450",-0.0291
"64451",0.0253
"64453",0.0861
"64540",-0.0232
"64580",0.1517
"64602",-0.1263
"64652",-0.0645
"64654",0.0667
"64655",0.0151
"64656",0.0773
"64657",-0.0199
"64658",0.015
"64659",-0.0475
"64660",0.0948
"64685",0.1337
"64704",-0.0155
"64706",0.5116
"64707",0.0913
"64817",-0.656
"64833",-0.8252
"64898",0.0718
"64899",0.3233
"64929",-0.0106
"64930",0.0528
"64933",-0.029
"64934",0.0353
"64945",-0.0228
"65019",0.0696
"65020",-0.0239
"65079",0.0061
"65086",-0.3031
"65098",-0.0416
"65099",-0.1138
"65100",-0.3606
"65102",0.038
"65103",-0.0398
"65105",-0.0561
"65106",0.0886
"65107",0.0719
"65111",-0.0014
"65112",0.3362
"65113",-0.0283
"65114",0.0126
"65115",-0.1722
"65116",0.2305
"65221",-0.1837
"65246",-0.0154
"65247",0.0664
"65254",0.1396
"65255",-0.0186
"65256",-0.1229
"65257",-0.0524
"65945",0.0558
"65960",-0.0419
"65961",-0.0501
"65962",-0.0978
"65963",0.0251
"65964",-0.1975
"65967",0.0418
"65969",-0.7422
"65970",-0.0734
"65971",-0.2154
"65972",-0.0387
"65973",-0.0286
"66011",-0.1689
"66039",0.7645
"66042",0.247
"66043",0.0973
"66044",-0.0317
"66046",0.0449
"66047",-2e-04
"66048",0.0197
"66049",0.0358
"66050",-0.1318
"66052",0.0365
"66053",0.0149
"66054",-0.0113
"66055",0.0375
"66056",0.1757
"66058",0.0874
"66059",0.0346
"66060",-0.0113
"66061",-0.0618
"66066",0.1486
"66067",-0.0852
"66069",0.0145
"66070",-2.85e-05
"66071",0.0403
"66072",0.0454
"66073",0.0209
"66074",-0.0844
"66075",0.0837
"66077",0.0426
"66078",2e-04
"66079",0.1286
"66082",-0.0255
"66083",0.0187
"66084",0.1104
"66085",-0.0189
"66086",-0.0429
"66087",0.0209
"66089",0.0777
"66090",0.0657
"66091",0.0404
"66092",0.0126
"66094",0.0769
"66096",0.0476
"66098",0.0043
"66101",0.0978
"66102",0.4119
"66104",-7e-04
"66105",-0.0619
"66108",-0.0101
"66109",0.0854
"66111",0.0348
"66112",-0.1666
"66114",0.0387
"66116",-0.0175
"66117",0.1195
"66118",-0.1407
"66119",0.0537
"66120",0.2035
"66121",0.0079
"66123",-0.703
"66124",0.0925
"66125",0.0796
"66126",0.1024
"66128",0.0841
"66129",-0.0136
"66131",-0.1
"66132",-0.1168
"66136",0.0503
"66138",-0.073
"66139",-0.0338
"66140",0.0025
"66141",0.1263
"66142",0.0516
"66143",0.0568
"66144",0.0982
"66146",-0.0682
"66147",0.047
"66148",0.1058
"66151",0.0248
"66152",0.0655
"66153",0.1061
"66154",0.0277
"66155",0.0589
"66156",0.1466
"66158",0.2223
"66161",-0.028
"66162",0.0251
"66163",0.174
"66164",-0.0473
"66165",0.0337
"66167",0.0965
"66168",0.0462
"66169",0.0311
"66170",0.1555
"66171",0.0902
"66172",0.0192
"66174",-0.0474
"66175",-0.0865
"66176",-0.0051
"66177",0.0428
"66179",-0.1527
"66180",-0.0566
"66181",-0.0152
"66183",-0.133
"66184",0.1092
"66185",0.009
"66190",0.0214
"66191",-0.018
"66192",-0.0657
"66193",-0.0388
"66194",0.0703
"66196",0.2093
"66197",-0.0833
"66199",0.0305
"66200",0.0473
"66201",0.0186
"66202",-0.0302
"66204",-0.0707
"66205",-0.069
"66206",-0.0071
"66208",0.0584
"66209",0.0121
"66211",-1.0847
"66212",0.089
"66213",0.0024
"66214",0.0291
"66218",0.0069
"66220",0.1496
"66222",0.0019
"66223",-0.0379
"66225",0.0134
"66226",-0.0666
"66229",0.0656
"66230",0.036
"66231",-0.0534
"66233",-0.0061
"66234",-0.0118
"66235",-0.0758
"66236",0.0288
"66237",-0.005
"66240",0.073
"66241",0.1004
"66242",0.0663
"66244",-0.0305
"66245",0.158
"66246",0.0304
"66248",-0.0569
"66249",0.0846
"66251",0.1932
"66253",-0.0498
"66254",0.0984
"66255",0.171
"66256",0.0943
"66257",-0.0834
"66258",-0.007
"66259",-0.0744
"66262",0.0596
"66263",0.0477
"66264",0.1248
"66266",-0.0229
"66268",0.0367
"66270",0.0503
"66271",0.0035
"66272",0.0853
"66273",0.1132
"66274",0.0708
"66276",0.139
"66277",-0.0103
"66278",0.0928
"66279",0.0125
"66282",-0.0123
"66286",-0.0394
"66290",0.0097
"66291",-0.0487
"66292",0.0045
"66293",-0.0928
"66294",0.0121
"66296",-0.0455
"66297",-0.0314
"66300",-0.1124
"66302",0.0013
"66306",-0.056
"66307",-0.0769
"66308",-0.1786
"66309",0.0913
"66310",-0.0202
"66311",0.0082
"66313",-0.0117
"66314",0.0246
"66315",-0.1398
"66317",0.0705
"66320",0.0868
"66323",-0.0958
"66329",-0.1407
"66330",0.1907
"66333",-0.1486
"66335",-0.03
"66336",-0.0632
"66337",0.0521
"66340",0.0512
"66341",-0.1805
"66343",0.1023
"66349",0.0981
"66350",0.0403
"66352",-0.0303
"66353",-0.0703
"66354",-0.0216
"66355",0.0549
"66356",0.0559
"66357",-0.0103
"66358",-0.0638
"66359",-0.0404
"66361",-0.02
"66362",-0.0723
"66364",-0.0338
"66365",0.0242
"66366",0.003
"66367",-0.0241
"66368",0.0426
"66369",0.1007
"66373",-0.021
"66374",0.0375
"66375",-0.0433
"66377",0.1395
"66379",0.0603
"66381",-0.0669
"66383",-0.0585
"66384",0.0613
"66385",-0.04
"66387",0.1246
"66388",0.0017
"66390",0.0489
"66391",-0.2362
"66394",0.0576
"66395",-0.0071
"66396",-0.1282
"66397",-0.0245
"66398",-0.0401
"66399",0.0149
"66400",0.0851
"66401",-0.1277
"66402",-0.5618
"66403",0.0114
"66404",0.106
"66405",0.0998
"66406",0.1312
"66407",-0.0074
"66408",-0.0396
"66409",-0.0484
"66410",-0.033
"66411",0.0658
"66412",0.0991
"66413",0.035
"66414",0.0573
"66416",0.1358
"66419",0.0087
"66420",-0.022
"66421",0.022
"66422",0.079
"66423",0.0713
"66425",0.0383
"66427",-0.0124
"66431",0.1609
"66432",0.026
"66433",-0.029
"66435",-0.0909
"66437",0.0589
"66439",0.0219
"66440",-0.0683
"66441",-0.0016
"66442",0.0095
"66443",0.0931
"66445",0.1315
"66446",-0.0424
"66447",0.0601
"66448",0.0391
"66449",0.0587
"66454",0.0456
"66455",0.0449
"66456",0.0381
"66457",-0.0693
"66459",0.0312
"66460",0.0096
"66461",0.0535
"66462",0.0776
"66464",0.0518
"66467",-0.0465
"66469",0.0526
"66471",-0.059
"66475",0.0236
"66477",0.0638
"66480",-0.0023
"66481",0.0372
"66482",-0.0448
"66483",0.0328
"66487",-0.0059
"66488",0.0622
"66489",-0.013
"66491",0.1147
"66492",0.0053
"66493",0.0185
"66494",0.0685
"66495",0.0559
"66496",0.0113
"66497",-0.025
"66498",0.0046
"66500",-0.0431
"66503",-0.9783
"66505",-0.0525
"66506",0.0435
"66508",0.0993
"66510",-0.0068
"66511",0.0028
"66513",-0.0126
"66514",-0.0019
"66515",0.0225
"66520",-0.1845
"66521",0.0888
"66522",0.099
"66523",0.1052
"66525",0.0174
"66526",-0.0212
"66528",0.1118
"66530",0.0686
"66531",6e-04
"66532",0.4447
"66536",0.0074
"66537",0.0413
"66538",0.1727
"66540",0.0513
"66541",0.0949
"66548",0.2093
"66549",0.0352
"66552",-0.0254
"66556",0.0803
"66559",0.0838
"66566",0.0787
"66568",-0.1135
"66569",0.0478
"66570",0.352
"66573",0.0332
"66576",0.0573
"66578",0.0532
"66580",-0.0689
"66583",0.0231
"66585",-0.0318
"66586",-0.034
"66587",0.1548
"66588",-0.0286
"66589",0.1088
"66590",0.0759
"66591",0.037
"66592",0.0143
"66593",0.0756
"66594",0.1314
"66595",0.0795
"66596",0.0094
"66597",0.0634
"66599",-0.067
"66602",-0.0557
"66603",-0.0937
"66606",-0.0571
"66609",-0.0487
"66610",0.1081
"66611",0.2383
"66612",0.0732
"66614",0.1364
"66615",0.0393
"66616",-0.001
"66617",0.0545
"66618",0.0057
"66620",-0.2597
"66622",-0.0142
"66624",0.0277
"66625",-0.0976
"66626",0.014
"66627",0.0819
"66628",-0.0491
"66629",0.0156
"66631",-0.064
"66632",-0.082
"66634",-0.1122
"66637",-0.059
"66641",-0.051
"66642",-0.008
"66643",0.0062
"66645",-0.0887
"66646",-0.0278
"66647",-0.0932
"66648",0.0054
"66653",0.1029
"66656",0.0306
"66658",0.0787
"66659",0.0374
"66660",-0.077
"66661",-0.0209
"66662",0.1541
"66663",0.0756
"66664",0.0961
"66665",0.0017
"66667",0.1454
"66671",-0.0481
"66673",0.3694
"66674",-0.0193
"66676",-0.0541
"66679",-0.0132
"66680",-0.0307
"66681",-0.0522
"66682",0.0104
"66684",-0.0598
"66686",-0.0661
"66687",-0.1052
"66689",-0.0478
"66690",-0.0711
"66691",-0.0128
"66694",0.0465
"66695",-0.1848
"66696",-0.0971
"66700",0.0213
"66701",-0.0972
"66704",-0.0275
"66705",0.3104
"66706",0.0626
"66707",-0.0903
"66711",-0.0125
"66713",-0.0937
"66714",0.0219
"66715",-0.0528
"66717",0.0712
"66720",0.4496
"66722",0.1282
"66724",-0.0729
"66725",0.0099
"66729",-0.5829
"66730",0.2474
"66733",0.2652
"66734",0.1279
"66736",0.0075
"66737",-0.5982
"66743",0.0146
"66748",-0.1896
"66752",-0.1384
"66753",-0.1334
"66756",-0.0484
"66757",-0.1109
"66758",0.9418
"66765",-0.2217
"66766",-0.3069
"66768",0.084
"66769",0.3074
"66771",0.0013
"66774",0.117
"66775",-0.1549
"66776",0.1192
"66779",0.4541
"66783",-0.7262
"66784",0.9719
"66787",0.074
"66789",-0.0457
"66790",-0.3023
"66793",-0.4525
"66795",-0.0752
"66797",-0.0985
"66799",-0.0486
"66801",0.0429
"66808",-0.0527
"66810",-0.0634
"66812",0.0498
"66815",0.1447
"66816",-0.0314
"66817",0.0447
"66818",0.0111
"66821",0.0363
"66822",0.0088
"66824",0.1824
"66826",0.1815
"66827",0.0433
"66830",0.0313
"66832",-0.0259
"66834",-0.0098
"66836",0.0075
"66838",0.0561
"66839",-0.0291
"66840",0.0559
"66841",-0.0246
"66844",0.0844
"66845",0.0585
"66847",-0.0425
"66848",-0.0547
"66849",-0.089
"66853",0.0197
"66854",0.0633
"66855",0.0451
"66857",0.5142
"66859",0.2572
"66860",0.1204
"66861",-0.076
"66863",0.0754
"66864",0.1358
"66865",0.012
"66866",-0.0178
"66867",-0.0459
"66868",-0.0014
"66869",0.0261
"66870",-0.0402
"66871",0.1627
"66873",-0.1047
"66874",-0.0304
"66875",0.0373
"66877",0.0672
"66878",-0.0067
"66880",-0.0508
"66881",-0.0322
"66882",0.0051
"66884",-0.0064
"66885",-0.073
"66887",-0.0024
"66889",-0.0556
"66890",0.1056
"66892",-0.0528
"66894",0.0303
"66895",-0.0528
"66897",-0.0062
"66898",-0.0712
"66899",0.0607
"66901",0.0806
"66902",0.069
"66904",-0.0084
"66905",0.0338
"66910",0.0653
"66911",-0.0682
"66912",0.0228
"66913",0.0478
"66914",0.0808
"66915",0.1434
"66916",0.1066
"66917",0.0684
"66921",-0.0067
"66922",0.0123
"66923",-0.047
"66925",0.0466
"66926",-0.0291
"66928",-0.0112
"66929",-0.1977
"66930",0.2511
"66931",-0.3224
"66932",-3e-04
"66934",-0.0739
"66935",-0.0775
"66938",0.056
"66939",0.0773
"66940",0.0584
"66942",0.0251
"66943",0.1042
"66945",-0.0353
"66948",-0.0368
"66949",-0.1716
"66950",-0.0299
"66952",-0.1923
"66953",-0.3565
"66958",0.01
"66959",0.122
"66960",-0.0536
"66961",-0.2523
"66962",-0.0045
"66964",-0.0137
"66965",0.0913
"66966",-0.083
"66967",-0.0443
"66968",-0.5317
"66970",-0.0704
"66971",0.0935
"66972",-0.0174
"66973",0.098
"66975",-0.029
"66977",-0.1635
"66978",0.0355
"66979",-0.0247
"66980",0.0315
"66983",0.1184
"66985",-0.2702
"66988",-0.0228
"66989",0.0639
"66990",0.1125
"66991",-0.1345
"66993",-0.0818
"66994",-0.0019
"66995",-0.0529
"66997",-0.031
"66998",0.0175
"66999",0.0945
"67003",-0.0278
"67005",-0.0196
"67006",-0.1235
"67008",-0.0354
"67009",-0.1012
"67010",0.0209
"67011",-0.0209
"67013",0.0539
"67014",-0.0698
"67015",0.0438
"67016",-0.0051
"67017",0.1563
"67019",-0.1147
"67020",0.011
"67023",-0.0313
"67025",0.0423
"67026",-0.0645
"67027",-0.0604
"67028",-0.0879
"67030",-0.1245
"67031",-0.1199
"67035",-0.0791
"67036",0.0343
"67037",-0.4346
"67039",-0.0577
"67040",-0.0328
"67041",-0.0234
"67042",6e-04
"67043",-0.1032
"67044",0.0357
"67045",-0.0594
"67046",-0.0584
"67048",-0.1304
"67049",-0.0474
"67050",-0.0668
"67052",0.0686
"67053",0.0426
"67054",-0.0572
"67057",-0.0014
"67059",-0.0808
"67062",-0.0603
"67063",0.0304
"67064",-0.0361
"67065",-0.0225
"67067",0.1229
"67068",0.0595
"67070",-0.0857
"67071",-0.0954
"67072",-1e-04
"67073",0.2199
"67074",0.0347
"67075",0.0045
"67077",0.1433
"67078",0.046
"67080",-0.129
"67087",-0.0476
"67088",0.073
"67089",0.0301
"67091",0.0063
"67092",-0.0679
"67095",-0.0266
"67096",0.0089
"67097",0.0197
"67099",0.0714
"67101",0.1087
"67102",-0.2032
"67103",0.0431
"67105",-0.0814
"67106",0.0056
"67109",-0.0145
"67111",-0.0157
"67112",0.1562
"67115",-0.0351
"67116",-0.031
"67117",-0.0643
"67118",0.0544
"67119",6e-04
"67120",-0.0509
"67121",-0.0486
"67122",-0.0232
"67123",0.0319
"67125",0.0652
"67126",0.0896
"67128",-0.0222
"67130",0.0073
"67131",-0.0048
"67134",0.0456
"67136",0.0888
"67138",0.0176
"67139",-0.056
"67141",-0.2234
"67143",-0.0709
"67144",-0.0355
"67145",0.01
"67148",-0.0971
"67149",0.0974
"67150",-0.0408
"67151",0.0346
"67153",-0.0954
"67154",-0.0413
"67155",-0.1254
"67157",0.1173
"67158",0.0191
"67160",-0.0119
"67161",0.0224
"67163",-0.0319
"67164",-0.0151
"67166",0.0108
"67168",-0.3174
"67169",0.0901
"67170",0.0484
"67171",0.0108
"67177",0.1802
"67178",0.0409
"67179",0.0343
"67180",-0.0747
"67181",0.059
"67184",0.1024
"67186",0.0407
"67187",-0.02
"67188",-0.2596
"67194",-0.5824
"67196",0.1937
"67197",-0.0189
"67198",-0.0541
"67199",0.0485
"67200",-0.1258
"67201",-0.0542
"67203",-0.0778
"67204",-0.0299
"67205",0.0359
"67207",0.0147
"67210",0.0372
"67211",0.0269
"67212",0.05
"67213",-0.0901
"67216",-0.0205
"67217",0.1442
"67219",0.0803
"67220",0.199
"67222",-0.0282
"67223",-0.0269
"67224",0.0352
"67225",0.0231
"67226",0.0591
"67228",0.0918
"67229",0.0192
"67230",-0.0184
"67231",0.0145
"67235",-0.0032
"67236",0.0908
"67238",0.0875
"67239",0.0175
"67241",-0.0189
"67242",0.1567
"67245",-0.1158
"67246",-0.0689
"67247",-0.013
"67248",-0.0434
"67249",-0.0762
"67252",0.012
"67254",0.0951
"67255",-0.0804
"67260",0.1302
"67263",0.0145
"67264",0.0723
"67266",-0.0986
"67267",0.1074
"67268",0.0259
"67269",0.0336
"67270",0.0437
"67272",0.0571
"67273",0.0693
"67276",-0.0713
"67277",-0.1082
"67278",0.0653
"67279",-0.0357
"67281",0.004
"67282",0.0422
"67283",0.0593
"67285",-0.0357
"67286",0.0433
"67287",0.0789
"67288",-0.0849
"67289",1.0276
"67290",0.0619
"67291",0.0452
"67292",-0.0472
"67293",-0.0146
"67295",0.0084
"67296",0.0562
"67298",-0.0023
"67299",-0.1111
"67300",0.0052
"67302",-0.0725
"67303",0.2101
"67304",0.3627
"67305",-0.2242
"67306",0.0124
"67307",-0.1354
"67308",0.0387
"67311",-0.2139
"67313",0.1021
"67317",1.2672
"67325",-0.085
"67326",0.0543
"67329",-0.0648
"67330",0.2449
"67331",-0.0293
"67332",-0.2409
"67333",0.007
"67337",0.0388
"67338",0.0504
"67341",-0.3915
"67343",-0.0372
"67344",-0.8352
"67345",-0.0364
"67349",-0.4777
"67350",0.5159
"67356",-0.3491
"67367",0.0281
"67369",-0.0226
"67370",-0.1159
"67371",-0.0182
"67374",0.0031
"67375",0.2625
"67378",0.0603
"67379",0.0153
"67381",-0.0426
"67382",-0.001
"67383",0.0451
"67384",1e-04
"67387",0.0405
"67388",0.0466
"67389",-0.1061
"67390",0.0013
"67391",-0.0599
"67392",0.04
"67393",0.0732
"67397",0.0426
"67398",0.022
"67399",0.0688
"67405",0.1857
"67412",0.0171
"67414",-0.0059
"67416",-0.0208
"67417",0.0105
"67418",0.0084
"67419",0.0747
"67420",-0.0411
"67422",0.0056
"67425",-0.1708
"67426",0.0691
"67427",-0.0039
"67429",-0.1051
"67430",0.6152
"67432",-0.1455
"67433",-0.019
"67434",0.0307
"67437",-0.0573
"67439",0.0256
"67440",-0.0671
"67441",0.1696
"67442",-0.1356
"67443",0.0569
"67444",0.0246
"67445",0.0942
"67446",-0.0306
"67448",-0.1731
"67451",0.0174
"67452",-0.0304
"67453",0.0399
"67454",0.0824
"67455",-0.0831
"67456",-0.0392
"67457",0.133
"67458",0.0526
"67459",-0.095
"67460",-0.0508
"67463",0.0155
"67464",0.6666
"67465",0.0111
"67466",0.0239
"67467",-0.049
"67468",-0.0011
"67469",0.072
"67471",0.0239
"67472",0.1519
"67473",0.62
"67474",-0.0107
"67475",-3e-04
"67477",-0.0454
"67480",0.1064
"67483",-0.4076
"67484",0.1125
"67486",0.3194
"67487",0.0172
"67488",0.0035
"67489",0.0486
"67490",-0.0917
"67492",0.0056
"67493",0.0418
"67495",-0.043
"67498",-0.0435
"67500",0.011
"67501",-0.0874
"67503",-0.96
"67509",0.01
"67510",-0.0176
"67511",-0.0391
"67512",-0.3176
"67513",0.0982
"67515",0.0551
"67516",-0.2229
"67525",-0.0472
"67526",4e-04
"67528",-0.1177
"67529",-0.0364
"67530",-0.0065
"67531",-0.0179
"67532",0.0035
"67533",0.0322
"67534",-0.0706
"67538",0.1088
"67542",0.0573
"67544",-0.036
"67547",0.2573
"67548",-0.2404
"67549",-0.0162
"67553",-0.1637
"67554",0.1748
"67556",-0.0163
"67557",-0.0258
"67561",3e-04
"67563",-0.0047
"67564",-0.0098
"67568",-0.0442
"67569",-0.2585
"67573",-0.0735
"67574",0.003
"67576",0.1062
"67579",-0.0517
"67580",0.3414
"67581",0.0048
"67582",0.0434
"67586",0.0503
"67588",0.0475
"67590",-0.0354
"67592",-0.1615
"67602",-0.0098
"67603",0.0263
"67604",-0.0254
"67605",0.0991
"67606",0.2461
"67607",-0.0432
"67608",0.0649
"67609",0.0189
"67610",-0.0305
"67615",-0.0326
"67618",-0.0791
"67619",-0.0442
"67620",-1.125
"67621",0.0135
"67622",0.0373
"67623",-0.0058
"67628",-0.0112
"67629",-0.0675
"67630",-0.0056
"67636",-0.0306
"67644",-0.0379
"67647",-0.1727
"67655",-0.0051
"67657",0.093
"67661",0.0523
"67664",-0.1093
"67665",-0.0338
"67666",0.2412
"67667",-0.0615
"67669",0.0024
"67671",0.0123
"67672",-0.0776
"67673",0.0884
"67674",0.0231
"67675",0.1071
"67676",-0.0444
"67678",0.0608
"67680",0.0445
"67681",-0.0063
"67683",0.033
"67684",-0.0309
"67685",-0.2453
"67689",0.1067
"67693",0.0519
"67694",-0.0222
"67695",0.0871
"67698",-0.0484
"67701",-0.5507
"67702",-0.0906
"67703",-0.0472
"67704",-0.0209
"67705",0.0814
"67706",0.0262
"67707",0.0281
"67708",-0.0408
"67710",-0.0455
"67711",0.074
"67712",0.0678
"67713",0.0069
"67723",-0.2123
"67724",0.0096
"67725",0.1914
"67726",0.0302
"67727",-0.0978
"67728",0.0194
"67729",-0.0322
"67731",0.1804
"67732",-0.0598
"67733",-0.253
"67735",0.7962
"67736",0.0982
"67738",0.0411
"67739",0.0496
"67742",-0.1202
"67746",-0.1211
"67747",0.0089
"67752",0.2857
"67753",0.3156
"67755",-0.0797
"67759",0.0266
"67760",0.017
"67763",0.071
"67765",-0.0997
"67767",0.0413
"67768",-0.015
"67769",-0.0192
"67770",-0.0803
"67771",0.0289
"67772",-0.0543
"67773",-0.0335
"67774",0.0121
"67775",0.0319
"67776",-0.0755
"67778",0.0031
"67781",0.0465
"67784",0.0085
"67785",-0.0096
"67788",0.0021
"67789",0.0108
"67790",-0.1104
"67791",0.0232
"67792",0.0687
"67795",-0.1943
"67797",-0.0296
"67800",0.0119
"67801",0.0431
"67803",0.0797
"67804",-0.0309
"67808",-0.0163
"67809",0.0233
"67811",0.0263
"67812",0.0051
"67815",0.0356
"67819",-0.0171
"67824",-0.0615
"67826",-0.0197
"67830",0.0078
"67832",-0.0938
"67834",-0.0071
"67836",-0.01
"67838",0.0808
"67839",0.0706
"67840",0.0377
"67841",-0.0423
"67842",0.0249
"67843",0.0111
"67844",0.2536
"67845",-0.0443
"67846",0.0481
"67847",-0.0713
"67848",-0.0544
"67849",0.4758
"67850",0.6816
"67851",-0.0089
"67855",-0.0443
"67856",-0.0142
"67857",-0.0539
"67860",-0.0403
"67861",0.1187
"67862",0.1031
"67863",0.0182
"67864",-0.0045
"67865",0.1228
"67866",-0.0578
"67867",0.0214
"67869",-0.1143
"67870",-0.0836
"67871",0.0447
"67872",-0.0688
"67873",0.0621
"67874",0.3372
"67876",-0.0763
"67877",-0.0834
"67878",-0.0107
"67880",-0.0667
"67881",-0.0199
"67883",0.0405
"67884",0.0047
"67885",0.0049
"67886",-0.0028
"67887",0.0711
"67888",-0.025
"67889",-0.0507
"67890",-0.0024
"67891",-0.0184
"67892",0.0062
"67893",0.1292
"67894",-0.042
"67895",0.031
"67896",0.1375
"67897",-0.0345
"67898",0.0936
"67899",-0.2879
"67900",-0.0728
"67902",0.0195
"67903",0.0884
"67905",-0.0436
"67911",-0.1488
"67912",0.0571
"67914",0.1146
"67916",-0.0912
"67917",-0.1084
"67920",0.0248
"67921",0.1047
"67922",0.0572
"67923",-0.0672
"67933",-0.0074
"67934",-0.011
"67935",0.2975
"67936",0.0924
"67937",0.0753
"67938",-0.013
"67939",-0.1682
"67941",0.0302
"67942",0.0027
"67943",-0.0295
"67945",0.1332
"67946",-0.0888
"67948",0.0087
"67949",0.0164
"67951",0.0929
"67952",-0.0703
"67955",-0.0397
"67956",0.0709
"67958",-0.0993
"67959",0.0527
"67963",0.0696
"67966",-0.2549
"67967",0.0511
"67968",0.2521
"67971",0.1548
"67972",0.0037
"67973",-0.0899
"67974",-0.0134
"67976",0.0831
"67978",0.0801
"67979",-0.0311
"67980",-1e-04
"67983",0.0513
"67988",-0.1128
"67991",-0.0039
"67993",-0.0068
"67994",0.0335
"67996",-0.0276
"67997",0.0529
"67998",0.0121
"68001",0.0274
"68002",0.0153
"68010",0.2042
"68011",0.0792
"68014",-0.1607
"68015",0.0347
"68016",0.0415
"68017",0.0933
"68018",-0.0328
"68020",-0.0925
"68021",0.0305
"68023",-0.0257
"68024",0.1948
"68026",-0.3174
"68027",-0.0134
"68028",0.0721
"68031",-0.0497
"68032",0.0464
"68033",0.0531
"68034",-0.0337
"68035",0.0376
"68036",-0.0812
"68038",-0.0012
"68039",0.3535
"68040",0.0195
"68041",-0.0715
"68043",0.0892
"68044",0.0452
"68045",-0.0139
"68046",-0.016
"68047",0.0365
"68048",0.0488
"68050",-7e-04
"68051",0.0583
"68052",-0.0349
"68053",0.0143
"68055",-0.0855
"68058",-0.0343
"68059",-0.0412
"68066",0.0833
"68067",-0.0526
"68070",0.2213
"68073",0.0259
"68074",-0.0221
"68075",0.0512
"68077",-0.0584
"68079",0.0457
"68080",0.0151
"68082",0.0498
"68083",0.023
"68087",-0.0744
"68089",0.0301
"68090",0.1306
"68092",-0.0596
"68094",0.0485
"68095",-0.0095
"68097",-0.1124
"68098",-0.057
"68099",-0.0681
"68106",-0.0133
"68107",-0.3193
"68108",0.0487
"68112",0.0081
"68114",0.0211
"68115",-0.0428
"68117",0.0477
"68118",0.0826
"68119",0.0092
"68121",0.0023
"68126",-0.0179
"68127",-0.0215
"68128",-0.0941
"68133",0.0071
"68134",-0.0576
"68135",0.0201
"68137",0.034
"68140",-0.0253
"68142",0.0361
"68144",0.1304
"68145",-0.0495
"68146",-0.0083
"68147",-0.0872
"68149",0.0015
"68151",0.1009
"68152",-0.0476
"68153",-0.0418
"68161",0.099
"68162",0.2371
"68165",0.0934
"68166",0.0301
"68169",-0.1741
"68170",-0.0147
"68173",0.5131
"68176",0.2036
"68177",-0.073
"68178",-0.0505
"68180",0.0514
"68183",-0.054
"68184",-0.0873
"68185",0.1377
"68187",0.0021
"68188",0.0643
"68190",0.0806
"68192",0.0178
"68193",0.0297
"68194",0.0267
"68195",-0.1151
"68196",-0.0171
"68197",0.0263
"68198",0.0551
"68201",0.0249
"68202",0.0575
"68203",0.0131
"68204",-0.3163
"68205",0.1301
"68209",0.0381
"68212",0.0163
"68214",0.0756
"68215",-0.1519
"68219",-0.0377
"68222",-0.1123
"68226",-0.1566
"68229",0.0147
"68232",0.3343
"68235",-0.0367
"68238",-1.2326
"68240",0.3057
"68241",0.1811
"68250",-0.0876
"68251",0.0609
"68255",0.2685
"68259",-0.073
"68260",-0.0679
"68262",0.0197
"68263",0.0675
"68267",-0.015
"68268",-0.0715
"68270",0.0713
"68271",0.1163
"68272",0.1576
"68273",0.0775
"68275",0.0027
"68276",0.0945
"68277",0.0442
"68278",0.0216
"68281",0.0228
"68283",0.2002
"68285",-0.0258
"68291",-0.0077
"68292",-0.0127
"68294",-0.0711
"68295",0.0526
"68298",0.0141
"68299",-0.0193
"68303",0.0097
"68304",2e-04
"68306",-0.034
"68310",0.1276
"68312",-0.0845
"68316",0.0185
"68318",-0.1678
"68323",0.0835
"68327",-0.0472
"68328",-0.04
"68332",0.0046
"68337",0.0289
"68338",0.555
"68339",-0.0268
"68342",0.0359
"68344",-0.4517
"68346",-0.0627
"68347",0.0188
"68349",0.0384
"68350",0.1125
"68352",0.1707
"68355",0.0184
"68364",-0.1037
"68365",-0.0424
"68366",0.0121
"68371",0.404
"68375",0.0168
"68379",0.0457
"68385",-0.0886
"68386",0.6335
"68393",0.1533
"68394",0.2783
"68396",0.0143
"68400",0.1825
"68401",-0.1144
"68404",0.0495
"68420",0.0647
"68421",-0.0581
"68423",-0.0086
"68427",0.1207
"68428",0.2723
"68431",0.1411
"68436",0.0063
"68440",0.1379
"68441",-0.0921
"68449",0.0308
"68458",0.3077
"68463",-0.0069
"68465",0.1016
"68472",0.015
"68473",-0.1746
"68475",0.0451
"68477",-0.0428
"68479",0.0685
"68480",0.1379
"68481",-0.2291
"68487",0.1574
"68488",-0.5564
"68490",0.0056
"68493",-0.0406
"68497",-0.0139
"68498",0.127
"68499",0.0801
"68501",-0.1033
"68505",-0.0043
"68507",0.0325
"68509",-0.59
"68510",0.0549
"68511",-0.626
"68512",0.0181
"68514",0.0149
"68515",0.1178
"68519",0.0323
"68520",-0.0901
"68521",0.1561
"68523",0.1499
"68524",-0.0851
"68525",-0.1332
"68526",-0.0167
"68527",0.5451
"68531",0.1144
"68533",-0.0138
"68537",0.0595
"68539",0.1029
"68544",0.0167
"68545",0.1139
"68549",0.0274
"68550",0.0375
"68552",0.0203
"68553",-0.2903
"68554",0.0868
"68556",-0.0209
"68558",0.0472
"68559",0.0679
"68563",0.1213
"68564",-0.0309
"68565",0.0692
"68566",0.0824
"68567",0.0178
"68572",-0.0034
"68576",-0.0342
"68581",-0.054
"68585",-0.0549
"68588",-0.0207
"68591",0.076
"68592",-0.0461
"68597",0.0263
"68598",0.0357
"68603",0.0272
"68606",0.0644
"68607",-0.0987
"68611",0.0819
"68612",-0.0368
"68614",-0.0444
"68617",0.0254
"68618",0.0516
"68625",0.0521
"68626",0.0714
"68628",-0.0437
"68631",0.017
"68632",0.1182
"68634",0.1212
"68636",-0.016
"68642",0.0847
"68644",0.1102
"68646",-0.1015
"68652",-0.0178
"68653",-0.0114
"68655",-0.3972
"68659",-0.1219
"68662",1.0079
"68666",0.077
"68667",-0.0068
"68671",0.058
"68675",-0.1064
"68682",-0.1168
"68691",0.0681
"68693",-0.1073
"68695",-0.0239
"68703",0.0023
"68705",0.0011
"68708",-0.0028
"68709",0.1487
"68713",0.444
"68718",0.0244
"68721",-0.0446
"68724",-0.0289
"68725",0.0696
"68728",0.115
"68729",-0.0348
"68730",0.0518
"68731",-0.0582
"68732",-0.0554
"68734",-0.0914
"68735",-0.0316
"68736",-0.155
"68737",0.1901
"68738",-0.0199
"68742",0.0137
"68743",-0.043
"68744",0.0039
"68750",-0.3162
"68755",0.0048
"68758",-0.0612
"68760",-0.4891
"68763",-0.2291
"68764",0.8094
"68767",0.0507
"68770",-0.0712
"68774",-0.1629
"68775",-0.68
"68776",-0.1064
"68777",0.0364
"68778",0.0362
"68789",0.0273
"68790",0.4809
"68792",-0.5839
"68794",0.0276
"68795",-0.0357
"68796",0.0994
"68797",-0.1051
"68799",-0.0604
"68800",-0.4328
"68801",0.007
"68802",-0.4956
"68808",0.0068
"68810",-0.2572
"68813",0.0133
"68815",0.0143
"68816",0.1765
"68817",-0.0298
"68818",0.0414
"68828",0.1475
"68832",0.0396
"68833",-0.0037
"68836",0.0183
"68837",0.0402
"68839",-0.0189
"68841",0.1042
"68842",0.0024
"68845",0.1351
"68846",0.0055
"68852",-0.0047
"68854",-0.0249
"68857",0.0328
"68859",0.3207
"68861",-0.1138
"68865",-0.1071
"68867",0.0867
"68870",-0.4831
"68874",-0.0041
"68875",0.0263
"68876",-0.0625
"68877",0.0407
"68879",0.0199
"68888",-0.0275
"68889",-0.0108
"68895",-0.0374
"68897",0.1052
"68904",-0.1175
"68910",-0.0773
"68911",0.041
"68915",0.0073
"68916",0.0443
"68917",0.1614
"68918",0.0258
"68920",-0.0013
"68922",-0.0156
"68925",-0.0033
"68926",0.0716
"68927",0.0074
"68929",0.0558
"68936",-0.0679
"68938",0.0799
"68939",0.1969
"68941",0.1288
"68942",-0.0401
"68943",0.0305
"68944",0.0212
"68947",-0.0316
"68948",-0.0132
"68949",-0.1758
"68952",0.1167
"68953",-0.0322
"68954",0.1558
"68955",-0.0966
"68957",0.1264
"68961",0.0775
"68964",-0.0395
"68966",0.0811
"68968",-0.0509
"68969",-0.0581
"68970",0.0019
"68971",-0.2675
"68972",-0.0183
"68975",0.0177
"68977",0.0075
"68979",-0.0653
"68980",0.0478
"68981",-0.0524
"68982",-0.1415
"68988",0.0887
"68991",0.0465
"68992",-0.0876
"68994",0.0781
"68995",-0.0143
"68999",-0.0451
"69002",0.1274
"69004",0.0207
"69008",-0.1012
"69009",0.1577
"69010",-0.0367
"69017",0.0222
"69019",0.0523
"69020",0.09
"69024",0.0108
"69028",0.0804
"69029",0.0064
"69031",-0.2849
"69032",0.6816
"69034",0.3371
"69035",0.0057
"69038",0.152
"69042",0.2354
"69046",-0.0288
"69047",0.3999
"69048",-0.0186
"69049",0.1332
"69051",0.0446
"69053",-0.0262
"69060",0.3855
"69064",0.1865
"69065",-0.1549
"69066",-0.0529
"69068",0.3306
"69069",-0.1944
"69071",0.1618
"69072",0.0614
"69076",-0.0169
"69077",0.0111
"69080",0.0394
"69082",0.0672
"69085",0.1469
"69086",-0.3617
"69089",0.0355
"69090",0.0659
"69091",-0.0121
"69094",0.1993
"69097",-0.2034
"69101",0.0298
"69104",-0.0211
"69106",0.0194
"69109",0.0641
"69113",0.0021
"69116",0.0167
"69120",-0.3807
"69125",0.0255
"69126",-0.0292
"69129",-0.0755
"69131",-0.0117
"69136",0.2989
"69137",-0.0169
"69142",-0.0984
"69146",-0.1834
"69149",-0.044
"69150",-0.0257
"69151",-0.0384
"69155",-0.0566
"69156",0.0455
"69159",0.0112
"69161",0.0753
"69162",0.0192
"69163",-0.0257
"69165",-0.237
"69168",0.1664
"69170",0.0648
"69171",0.0283
"69178",-0.0075
"69179",0.0994
"69181",-0.0101
"69183",0.1101
"69185",0.1225
"69186",0.1419
"69187",-0.5987
"69188",-0.0351
"69189",-0.7021
"69190",-0.0268
"69192",0.0444
"69195",0.1783
"69202",0.0493
"69207",-0.0231
"69215",0.0399
"69216",0.0432
"69217",-0.5166
"69219",-0.0219
"69221",0.0119
"69225",0.0371
"69226",-0.0199
"69227",-0.0276
"69228",-0.0676
"69232",0.0345
"69234",-0.0583
"69237",-0.0397
"69239",0.1164
"69241",-0.0675
"69248",-0.5553
"69253",0.6212
"69256",-0.0345
"69257",0.0437
"69259",0.0681
"69260",-0.0977
"69263",0.1761
"69269",-0.0527
"69270",0.0106
"69274",-0.1436
"69276",-0.0516
"69277",0.0186
"69282",0.2715
"69288",-0.0866
"69291",-0.1135
"69296",-0.8953
"69297",-0.5162
"69303",0.4465
"69305",0.0445
"69306",-0.2018
"69309",0.0445
"69310",-0.1253
"69312",-0.277
"69315",0.1516
"69327",-0.0336
"69329",-0.1411
"69338",0.5477
"69349",-0.0719
"69352",-0.1448
"69354",1.1909
"69358",0.1078
"69367",-0.0803
"69368",-0.0335
"69372",0.1161
"69379",-0.5623
"69386",0.0788
"69387",0.2977
"69398",0.32
"69399",-0.1054
"69408",0.0164
"69430",-0.0557
"69431",0.4986
"69432",-0.4037
"69434",0.1813
"69440",-0.0454
"69441",-0.1747
"69454",0.3297
"69456",-0.0414
"69459",0.1004
"69470",0.0583
"69478",-0.0519
"69479",-0.0635
"69480",0.0432
"69482",0.0066
"69487",0.0534
"69499",-0.039
"69504",-0.0325
"69513",-0.0309
"69519",0.0399
"69524",0.1196
"69527",-0.0349
"69528",0.0785
"69534",0.1362
"69535",0.074
"69536",0.0308
"69537",-0.2247
"69538",-0.0723
"69539",0.1825
"69540",0.3194
"69544",-0.1654
"69546",-0.0273
"69547",-0.0759
"69548",-0.0091
"69549",-0.1669
"69550",-0.0518
"69551",-0.1125
"69553",-0.2539
"69554",-0.0215
"69556",0.1243
"69562",-0.01
"69568",-0.0253
"69572",0.2908
"69573",0.1603
"69574",-0.113
"69577",0.0543
"69578",-0.0703
"69579",-0.0485
"69581",-0.0175
"69582",0.0083
"69583",-0.0123
"69585",1.1921
"69587",0.028
"69590",-0.1696
"69591",-0.0338
"69596",0.1233
"69597",-0.0263
"69601",0.0209
"69602",-0.6195
"69605",-0.0256
"69606",0.0212
"69608",0.0672
"69612",0.0136
"69617",-0.0811
"69623",0.0147
"69627",0.1101
"69632",0.0162
"69634",-0.095
"69635",-0.0063
"69638",0.0875
"69639",-0.1532
"69640",0.2947
"69641",0.0746
"69642",-0.0042
"69654",0.0198
"69655",0.2877
"69656",0.0268
"69657",0.548
"69659",0.057
"69660",0.0364
"69662",-0.0048
"69663",0.126
"69666",0.0247
"69668",0.0793
"69671",0.7102
"69672",0.0781
"69674",0.0067
"69675",0.0012
"69681",0.4124
"69683",0.0834
"69684",0.0125
"69692",-0.1716
"69693",0.5993
"69694",0.0606
"69697",-0.0651
"69698",0.129
"69700",-0.2301
"69702",0.0364
"69707",0.1587
"69709",-0.0159
"69710",0.015
"69713",-0.0076
"69714",-0.0445
"69716",-0.0309
"69718",-0.0694
"69719",0.0595
"69721",0.0293
"69723",-0.0075
"69724",-0.1078
"69726",-0.0969
"69727",0.0339
"69731",-0.0645
"69732",-0.4763
"69736",0.0757
"69737",0.0871
"69739",-0.1911
"69740",0.0948
"69742",0.0731
"69743",-0.1467
"69745",0.1288
"69747",0.1548
"69748",0.1351
"69749",-0.1019
"69752",0.0903
"69754",0.0287
"69757",0.0532
"69769",-0.0281
"69770",0.0033
"69772",0.0159
"69773",0.0186
"69774",0.011
"69780",-0.0149
"69784",-0.0256
"69786",0.0145
"69787",-0.1056
"69788",0.0924
"69790",-0.1176
"69792",0.0567
"69798",0.0516
"69802",-0.0838
"69804",0.0914
"69806",0.0777
"69807",-0.0172
"69812",0.0561
"69815",0.152
"69821",-0.0072
"69823",-0.0256
"69833",0.1734
"69834",-0.0274
"69837",-0.022
"69847",0.2817
"69852",-0.0856
"69860",-0.0073
"69863",0.0239
"69870",-0.0616
"69871",0.1218
"69875",0.0723
"69876",0.0453
"69878",-0.0174
"69881",-0.1192
"69882",0.0418
"69885",-0.2776
"69890",0.0548
"69893",0.0261
"69894",0.1072
"69895",-0.0428
"69900",-0.0573
"69902",-0.0634
"69903",-0.0909
"69906",0.0214
"69908",0.0313
"69909",0.1156
"69912",-0.0688
"69917",0.0074
"69918",0.1543
"69920",0.0367
"69922",0.0446
"69923",-0.0618
"69926",-0.2247
"69928",0.2589
"69930",0.1015
"69934",-0.1269
"69938",0.0542
"69940",7e-04
"69941",-0.0176
"69942",-0.0364
"69944",-0.0019
"69952",0.0826
"69953",0.0701
"69955",0.0039
"69956",-0.0062
"69957",-0.0293
"69961",0.1252
"69962",-0.0663
"69964",-0.1833
"69976",-0.0429
"69981",-0.1003
"69983",0.6227
"69993",0.0595
"69994",0.9134
"70004",0.1189
"70005",-0.2127
"70008",-0.1871
"70012",0.0422
"70020",0.0328
"70021",0.0222
"70024",-0.0028
"70025",0.0184
"70028",-0.0209
"70031",-0.0241
"70036",0.0057
"70040",0.3064
"70044",0.0118
"70045",-0.4174
"70047",-0.0107
"70052",-0.0464
"70054",-0.1988
"70059",-0.05
"70060",0.0442
"70078",-0.0349
"70081",-0.0826
"70082",-0.006
"70083",0.2153
"70086",0.5542
"70088",-0.0058
"70093",0.015
"70097",-0.109
"70099",-0.0161
"70101",0.0937
"70103",0.0764
"70110",-0.0488
"70113",0.623
"70118",0.0387
"70120",-0.1081
"70122",0.0351
"70123",-0.0105
"70127",0.1252
"70129",0.0766
"70134",0.0254
"70144",0.0645
"70152",0.0144
"70153",0.0102
"70155",-0.1592
"70160",-0.0187
"70162",-0.0745
"70178",0.008
"70186",-0.0495
"70192",0.0827
"70207",0.0102
"70208",-0.0394
"70209",0.0063
"70218",0.1581
"70223",-0.0273
"70225",-0.0598
"70226",0.3153
"70227",-0.1138
"70230",-0.136
"70231",-0.0101
"70233",-0.0209
"70235",-0.0558
"70237",-0.064
"70238",0.0215
"70239",0.007
"70240",-0.0027
"70247",0.0238
"70248",-0.0084
"70252",-0.0079
"70257",0.0794
"70258",0.1749
"70261",-0.1813
"70266",0.0138
"70274",1.3954
"70281",0.3442
"70285",0.031
"70291",0.3031
"70292",-0.0294
"70294",0.0624
"70296",0.0459
"70297",-0.0459
"70300",-0.0207
"70310",0.1389
"70312",0.0396
"70314",-0.1065
"70315",-0.0684
"70316",0.0306
"70317",-0.0169
"70319",0.6431
"70325",0.0295
"70333",0.0105
"70335",0.0298
"70337",-0.0721
"70345",-1.2502
"70348",0.0373
"70349",0.0178
"70350",-0.0853
"70351",0.014
"70354",0.0156
"70355",0.131
"70356",0.03
"70357",0.1051
"70358",-0.7292
"70359",0.1462
"70361",0.0287
"70362",0.3922
"70363",0.0857
"70369",0.0622
"70370",0.2785
"70373",0.0541
"70375",-0.0688
"70377",-0.0113
"70380",0.0736
"70381",0.0579
"70382",0.0141
"70383",0.0444
"70385",-0.264
"70387",0.0031
"70393",-0.6245
"70394",-0.0483
"70396",0.0303
"70397",0.0164
"70408",-0.038
"70415",-0.2285
"70417",-0.0577
"70419",0.12
"70420",0.0042
"70422",0.0029
"70423",0.1178
"70425",-0.1166
"70426",0.2663
"70427",0.1406
"70428",0.0046
"70430",0.0427
"70432",-0.0622
"70433",0.0086
"70435",0.3126
"70439",-0.0244
"70441",0.0132
"70445",-0.1058
"70448",-0.0297
"70450",0.2718
"70451",-0.0637
"70454",0.1848
"70456",-0.131
"70458",0.1168
"70461",0.0297
"70465",9e-04
"70466",-0.347
"70470",0.0148
"70472",-0.1072
"70478",0.0404
"70481",-0.0818
"70484",0.1821
"70489",0.0789
"70494",-0.0103
"70495",-0.0098
"70497",0.046
"70503",0.1113
"70508",0.0042
"70510",0.0428
"70511",0.0587
"70527",-0.1238
"70530",-0.0976
"70533",-0.0742
"70536",-0.1654
"70544",0.0283
"70546",0.0161
"70549",-0.0798
"70551",-0.1889
"70552",0.0965
"70556",0.0069
"70560",-0.0063
"70561",-0.0557
"70564",-0.0417
"70567",-0.1326
"70568",-0.1008
"70571",-0.238
"70572",-0.0459
"70573",0.0362
"70574",0.0566
"70575",0.0919
"70579",-0.0104
"70584",0.0128
"70591",-0.0883
"70592",-0.2925
"70598",-0.1854
"70599",-0.0936
"70601",0.0763
"70603",-0.1779
"70604",-0.0904
"70605",-0.0264
"70611",0.1088
"70612",0.0234
"70615",0.0305
"70616",-0.003
"70617",-0.1128
"70620",0.0077
"70625",-0.0223
"70626",-0.2218
"70638",-0.0563
"70640",-0.0752
"70645",0.0178
"70646",-0.1091
"70650",0.0367
"70652",-0.1114
"70661",0.0073
"70673",-0.0423
"70675",-0.1276
"70676",-0.1631
"70681",0.0911
"70683",0.0249
"70686",-0.1168
"70691",0.2139
"70693",-0.0209
"70699",0.0138
"70713",-0.11
"70717",0.0033
"70719",0.0841
"70726",0.1649
"70727",-0.0724
"70729",-0.0834
"70730",0.5365
"70737",0.1302
"70747",-0.0169
"70750",0.0052
"70753",0.3792
"70757",-0.0261
"70762",-0.0424
"70767",-0.0414
"70769",0.0053
"70771",0.056
"70772",-0.2683
"70779",0.0714
"70784",0.0291
"70785",-0.0665
"70790",0.0092
"70791",-0.0144
"70796",0.0018
"70797",0.0529
"70799",-0.0442
"70802",-0.0367
"70804",-0.0152
"70807",0.1597
"70808",-0.0463
"70821",0.2837
"70823",0.0562
"70827",0.0194
"70829",0.0159
"70832",0.2477
"70834",-0.0616
"70839",-0.2198
"70843",-0.0828
"70846",0.3788
"70852",-0.494
"70853",-0.0965
"70873",0.0617
"70882",0.7391
"70884",-0.1908
"70885",0.0224
"70887",-0.0629
"70891",0.1527
"70892",0.0023
"70897",-0.5776
"70898",0.0226
"70911",-0.124
"70918",-0.0072
"70920",-0.5268
"70924",0.1951
"70925",0.0117
"70930",-0.0706
"70934",-0.2673
"70945",-0.2093
"70951",0.2089
"70957",-0.1768
"70966",-0.1494
"70967",0.0441
"70974",-0.1424
"70976",-0.6471
"70979",-0.0048
"70981",0.0805
"70984",-0.1293
"70986",0.2053
"70987",-0.2249
"70989",0.2052
"70997",0.0295
"70998",-0.1207
"70999",0.0124
"71004",0.1562
"71007",-0.0571
"71020",-0.0023
"71040",0.0469
"71041",0.1081
"71045",0.2066
"71054",0.073
"71059",-0.1339
"71063",-0.0149
"71069",0.0153
"71071",-0.0415
"71085",0.2075
"71086",0.0329
"71091",-0.3481
"71093",-0.1251
"71096",0.0064
"71099",0.8013
"71101",-0.215
"71111",0.1373
"71116",0.0351
"71130",0.669
"71131",0.0024
"71132",-0.213
"71137",-0.1414
"71141",0.2043
"71145",0.399
"71146",0.0861
"71147",-0.1212
"71148",-0.0795
"71149",0.3082
"71151",0.0013
"71153",-0.7405
"71163",0.0325
"71169",0.0151
"71175",-0.0539
"71176",-0.258
"71177",-0.0609
"71186",0.2027
"71198",2e-04
"71200",-0.632
"71206",0.0833
"71207",-0.0432
"71213",-0.2934
"71228",-0.117
"71233",-0.4201
"71235",0.5076
"71238",-0.0453
"71240",0.0783
"71242",-0.2654
"71254",-0.0026
"71263",0.022
"71264",-0.141
"71265",0.1028
"71268",0.1995
"71274",-0.3424
"71275",0.0041
"71276",0.0557
"71279",0.0331
"71281",-0.3424
"71296",0.8557
"71302",-0.0258
"71304",0.7992
"71306",-0.1117
"71310",-0.038
"71313",0.503
"71323",0.1698
"71330",0.0156
"71336",0.0382
"71339",0.0243
"71340",-0.0206
"71354",-0.0025
"71361",0.072
"71365",-0.0244
"71367",-0.2436
"71371",-0.2081
"71373",-0.4454
"71375",-0.0545
"71382",-0.0846
"71389",0.0268
"71393",0.1313
"71398",-0.3872
"71406",-0.2699
"71409",0.0114
"71435",0.0156
"71436",-0.0154
"71445",0.027
"71446",0.1066
"71448",0.0617
"71449",-0.0361
"71452",0.0505
"71458",0.1163
"71461",-0.096
"71472",0.0334
"71474",-0.013
"71481",0.0245
"71484",-0.6037
"71489",0.2486
"71492",0.0645
"71508",0.0096
"71514",-0.0872
"71517",0.0345
"71519",-0.0432
"71520",-0.0622
"71521",-0.0355
"71522",0.518
"71523",-0.1947
"71529",0.0525
"71532",-0.0806
"71538",-8e-04
"71544",0.1041
"71562",-0.3209
"71564",-0.0759
"71566",0.0841
"71567",-0.1502
"71583",0.6796
"71584",0.1049
"71586",0.0622
"71591",-0.0086
"71592",-0.1047
"71599",-0.0046
"71602",0.0802
"71607",0.0224
"71609",0.0644
"71617",-0.0512
"71624",-0.307
"71640",-0.0261
"71643",0.1631
"71648",-0.0516
"71653",0.034
"71660",0.1241
"71665",0.0125
"71667",0.0186
"71670",0.1344
"71673",0.0142
"71675",0.0395
"71678",-0.0162
"71679",0.0403
"71682",-0.0886
"71683",-0.3824
"71684",-0.103
"71685",0.1417
"71687",0.1416
"71691",-0.0306
"71693",0.0749
"71699",-0.0452
"71701",-0.0707
"71702",-0.0011
"71703",-0.0548
"71704",-0.0464
"71706",0.0094
"71707",0.0215
"71709",-0.129
"71710",-0.0702
"71711",0.0599
"71712",0.0222
"71713",-0.0395
"71715",-0.0478
"71718",0.1045
"71720",0.1214
"71721",-0.1227
"71722",0.0723
"71723",0.0233
"71724",-0.4531
"71726",-0.0106
"71728",0.0197
"71729",0.089
"71732",-0.013
"71733",-0.2587
"71735",0.2166
"71738",0.0102
"71740",0.003
"71742",0.0954
"71743",0.0344
"71745",-0.016
"71746",-0.1813
"71750",0.0129
"71751",0.0817
"71752",-0.043
"71753",1.6692
"71755",-0.01
"71760",-0.1455
"71764",0.0092
"71765",-0.0404
"71766",-0.0901
"71767",0.0734
"71768",-0.7129
"71769",-0.1271
"71770",0.0628
"71772",0.1073
"71774",0.0532
"71776",0.0231
"71777",-0.0297
"71778",-0.0964
"71779",-0.0194
"71780",-0.0445
"71781",-0.0055
"71782",-0.0463
"71785",0.0449
"71787",0.0873
"71790",-0.0307
"71793",0.1131
"71795",0.0684
"71799",-0.007
"71801",-0.0605
"71803",-0.0629
"71804",-0.0635
"71805",0.0082
"71807",0.0252
"71810",0.0689
"71816",-0.0241
"71817",-0.0082
"71818",-1.617
"71819",0.4105
"71820",0.0323
"71827",0.2727
"71828",-0.8784
"71831",0.2968
"71833",-0.1089
"71834",-0.0081
"71835",-0.0638
"71836",-0.0559
"71837",0.0167
"71838",0.0163
"71839",0.5956
"71840",0.5626
"71843",0.1152
"71844",0.0112
"71846",0.1765
"71853",0.0245
"71856",0.0954
"71860",0.6986
"71862",-0.104
"71864",0.7581
"71865",-0.1491
"71868",0.0877
"71870",0.7074
"71872",0.1357
"71876",0.2835
"71877",-0.1534
"71878",0.5566
"71881",-0.0179
"71883",0.0753
"71885",-0.0254
"71887",0.3452
"71889",-0.1885
"71890",0.0477
"71891",-0.0418
"71893",0.2867
"71897",0.0402
"71898",-0.327
"71900",-0.0091
"71901",-0.0416
"71902",-0.0348
"71904",0.0115
"71908",-1.1805
"71909",0.0418
"71910",0.0556
"71911",-0.0114
"71912",0.4924
"71913",0.164
"71914",-0.0573
"71916",0.0616
"71918",-0.0569
"71919",0.0704
"71920",0.1817
"71923",0.0323
"71924",0.032
"71927",-0.0147
"71929",-0.0073
"71932",-0.8645
"71934",0.0032
"71941",0.023
"71943",-0.0237
"71946",0.0958
"71947",0.12
"71949",-0.0385
"71951",0.337
"71952",2e-04
"71954",0.1016
"71955",-0.0169
"71956",-0.0498
"71957",0.0843
"71960",-0.042
"71962",0.0511
"71963",-0.1344
"71966",0.0569
"71967",-0.1419
"71968",-0.0515
"71970",0.1514
"71971",0.0526
"71972",0.0258
"71973",0.3244
"71974",0.0127
"71978",-0.12
"71981",0.3943
"71982",-0.0587
"71983",0.1521
"71984",0.0517
"71985",0.0691
"71986",0.0667
"71988",-0.1102
"71989",0.0312
"71990",0.0032
"71991",-0.098
"71994",-0.0777
"71997",0.0757
"71998",-0.1502
"71999",0.0151
"72003",-0.1028
"72007",0.0285
"72008",0.0841
"72012",-0.2085
"72014",0.1338
"72016",0.1899
"72017",-0.0124
"72018",-0.0654
"72020",-0.0912
"72022",0.0042
"72023",0.055
"72026",-0.1039
"72027",-0.882
"72029",0.0916
"72033",-0.0509
"72039",-0.0731
"72041",0.0482
"72042",0.1549
"72043",0.0742
"72046",0.0837
"72047",4e-04
"72049",0.3177
"72050",0.0157
"72053",0.061
"72054",1.3292
"72055",0.0983
"72056",-0.0125
"72057",-0.0073
"72058",0.1537
"72061",0.018
"72065",-0.1532
"72068",-0.0334
"72074",-0.5886
"72075",-0.0135
"72080",-0.0352
"72083",0.0026
"72084",0.1142
"72085",0.0586
"72091",-0.1244
"72093",0.1534
"72096",0.0174
"72097",0.031
"72098",-0.0056
"72102",-0.183
"72103",-0.1054
"72106",0.0387
"72107",-0.1334
"72108",-0.0226
"72113",0.0083
"72114",0.128
"72117",-0.028
"72119",-0.05
"72121",-0.1801
"72123",0.026
"72124",-0.0335
"72125",-0.1735
"72128",-0.0114
"72129",-0.0366
"72133",-0.0303
"72135",-0.0745
"72136",0.1387
"72137",-0.0891
"72139",-0.0173
"72140",-0.0054
"72141",0.059
"72144",0.0705
"72145",-0.0188
"72147",-0.0095
"72148",0.1654
"72149",0.1928
"72151",0.0155
"72154",-0.0351
"72155",-0.0249
"72157",0.0139
"72160",0.0735
"72162",-0.0253
"72167",0.0384
"72168",-0.0176
"72169",0.4034
"72170",0.0625
"72171",0.0351
"72175",-0.1398
"72179",-0.001
"72180",0.0423
"72181",0.0293
"72183",0.0081
"72184",0.4289
"72185",0.0167
"72190",-0.1112
"72193",-0.0872
"72194",0.0194
"72195",-0.0133
"72198",-0.0073
"72199",0.0772
"72201",0.0157
"72203",-0.1026
"72205",-0.0856
"72225",0.051
"72230",-0.0823
"72238",0.021
"72243",-0.3899
"72244",-0.0336
"72246",0.5083
"72254",0.079
"72258",-0.3077
"72265",-0.0324
"72269",-0.1035
"72278",-0.0723
"72284",0.0469
"72285",0.7865
"72287",0.4619
"72290",-0.0925
"72293",-0.0216
"72296",0.0141
"72297",0.4961
"72301",0.0131
"72306",-0.0123
"72307",0.0103
"72308",0.0076
"72309",0.1458
"72313",0.0514
"72315",-0.0385
"72318",-0.1633
"72320",-0.0084
"72322",0.0128
"72323",0.1479
"72324",-0.3861
"72325",-0.0174
"72326",0.0056
"72330",0.7677
"72333",-0.1146
"72338",0.0028
"72341",0.0821
"72344",-0.0247
"72345",-0.0776
"72349",0.0298
"72350",0.1444
"72351",-0.0718
"72354",0.0755
"72355",0.1852
"72357",0.0073
"72368",-0.0066
"72371",0.0387
"72386",0.0502
"72388",0.0194
"72392",0.0182
"72393",-0.0133
"72397",-0.0181
"72399",-0.0237
"72400",0.0154
"72401",0.8258
"72404",-0.0355
"72413",-0.0625
"72415",-0.1084
"72416",0.0215
"72421",-0.011
"72425",-0.1171
"72429",-0.0121
"72433",-0.567
"72440",-0.1948
"72446",-0.1963
"72454",-0.0052
"72459",-0.0666
"72461",-0.0015
"72462",-0.0851
"72465",-0.0437
"72469",0.066
"72472",0.0386
"72475",0.0511
"72477",-0.0601
"72479",8e-04
"72480",-0.0219
"72481",0.0045
"72482",0.0674
"72484",0.0661
"72486",-0.0305
"72500",0.0075
"72502",-0.05
"72503",-0.0057
"72504",0.1828
"72507",0.1129
"72508",-0.0815
"72511",0.0465
"72512",0.1215
"72514",-0.1351
"72515",-0.051
"72518",-0.5513
"72519",-0.0604
"72522",0.1238
"72535",0.0039
"72536",0.1696
"72542",0.0362
"72543",0.0094
"72544",0.124
"72549",0.2471
"72552",0.0198
"72554",0.0311
"72555",-0.0952
"72556",-0.2046
"72560",-0.3217
"72562",0.059
"72565",-0.1288
"72567",-0.0501
"72568",-0.0545
"72569",0.0483
"72572",0.0437
"72575",0.4108
"72578",-0.2345
"72580",-0.1751
"72584",-0.1237
"72585",0.0058
"72587",0.0449
"72588",-0.8725
"72590",0.0674
"72599",-0.1887
"72605",0.0362
"72607",-0.0842
"72608",0.1236
"72609",-0.2514
"72611",-0.0235
"72612",-0.1017
"72614",0.6552
"72615",0.0635
"72621",0.0422
"72630",-0.0444
"72632",0.0638
"72634",-0.0944
"72635",0.0435
"72640",-0.0751
"72648",-0.7198
"72649",-0.1019
"72650",0.1675
"72654",0.0376
"72655",-0.1234
"72656",-0.0098
"72657",-0.0647
"72658",0.087
"72661",0.0667
"72662",-0.1332
"72665",-0.453
"72667",0.0752
"72668",-0.0176
"72669",-0.146
"72672",-0.0493
"72674",0.0454
"72677",-0.2253
"72685",-0.073
"72690",-0.0896
"72691",0.1461
"72692",-0.0324
"72693",-0.0115
"72699",0.0396
"72701",-0.011
"72709",0.0329
"72713",7e-04
"72716",-1.7231
"72720",-0.0857
"72722",0.0484
"72723",0.0244
"72726",0.0241
"72727",0.0187
"72729",0.0598
"72735",-0.0927
"72736",-0.0648
"72739",-0.0663
"72745",-0.052
"72747",-0.0208
"72748",-0.0976
"72749",0.021
"72750",-0.0508
"72754",0.0138
"72759",-0.0185
"72772",0.0397
"72774",0.0583
"72775",0.0349
"72776",0.0219
"72780",-0.0466
"72787",0.097
"72792",-0.1467
"72795",0.0144
"72805",-0.0033
"72807",0.0582
"72813",-0.5146
"72821",0.0039
"72823",0.05
"72825",0.142
"72826",-0.1454
"72828",0.2488
"72831",0.0588
"72832",-0.0843
"72834",-0.0259
"72836",-0.0588
"72843",-0.0192
"72844",0.0635
"72852",0.0225
"72865",0.1527
"72873",0.0986
"72881",0.0848
"72886",0.0967
"72895",-0.0669
"72898",0.0694
"72899",-0.1253
"72900",0.0475
"72902",0.003
"72925",-0.2081
"72927",-0.0523
"72930",-0.0309
"72931",0.0274
"72935",0.0645
"72938",-0.0299
"72946",0.0072
"72947",0.0948
"72948",-0.0417
"72949",0.0038
"72958",0.0158
"72960",0.0896
"72962",-0.2101
"72972",0.0035
"72973",-0.3558
"72978",0.1266
"72981",-0.0089
"72982",0.1872
"72993",-0.0582
"72997",-0.1916
"72999",-0.1135
"73010",-0.0197
"73016",-0.3499
"73024",-0.0196
"73032",0.145
"73040",-0.0464
"73046",-0.014
"73047",-0.0875
"73061",-0.1309
"73062",0.0394
"73067",0.1647
"73068",0.0921
"73072",-0.1746
"73075",-0.0144
"73078",0.0136
"73086",-0.1847
"73093",-0.294
"73094",-0.1152
"73095",-0.0175
"73100",-0.1819
"73102",0.0606
"73103",0.2119
"73106",0.1143
"73112",-0.0807
"73121",0.336
"73122",0.0332
"73124",-0.0724
"73130",-0.1107
"73132",-0.0919
"73137",-0.0757
"73139",0.1399
"73144",-0.146
"73149",0.0224
"73158",0.0018
"73162",0.1547
"73166",-0.0471
"73172",-0.0358
"73173",-0.0105
"73174",-0.0369
"73178",-0.0163
"73181",-0.0424
"73182",0.0343
"73183",0.0215
"73187",0.2384
"73192",-0.0284
"73204",-0.14
"73205",0.0338
"73208",0.4018
"73212",0.0239
"73216",0.2169
"73218",0.0921
"73225",-0.0173
"73229",-0.0104
"73230",-0.0927
"73233",-0.134
"73242",0.0441
"73246",0.3075
"73247",0.1011
"73251",-0.0093
"73254",-0.1495
"73261",0.1802
"73274",-0.0316
"73284",-0.0927
"73287",0.0678
"73288",-0.0492
"73293",-0.1537
"73296",-0.0943
"73297",-0.3507
"73301",-0.1247
"73314",0.1942
"73316",0.3215
"73324",0.4369
"73327",-0.0093
"73331",0.3154
"73332",0.2145
"73338",-0.0517
"73340",0.0527
"73341",-0.1149
"73365",-0.0233
"73368",0.1471
"73373",0.0685
"73379",-0.0394
"73385",-0.005
"73389",0.0705
"73390",-0.0561
"73405",0.0697
"73407",-0.1006
"73419",-0.0282
"73420",0.0678
"73422",-0.0058
"73430",-0.0834
"73431",0.0235
"73442",-0.0406
"73447",-0.0062
"73451",-0.0718
"73453",0.0364
"73457",-0.1256
"73467",-0.0673
"73469",-0.0717
"73472",0.9338
"73473",-0.0131
"73474",-0.0384
"73490",0.0971
"73504",-0.4818
"73516",-0.1812
"73526",-0.3196
"73545",0.0536
"73569",0.4139
"73571",-0.1479
"73579",0.2844
"73582",0.007
"73598",0.0579
"73600",-0.3077
"73603",-0.1907
"73608",1.7575
"73610",0.1212
"73611",0.1311
"73634",0.2643
"73635",0.4161
"73647",-0.6822
"73649",-0.3105
"73652",0.2272
"73656",0.0083
"73658",0.0277
"73660",-0.2102
"73666",-0.0043
"73667",0.4159
"73668",0.0792
"73673",0.1756
"73674",-0.0103
"73677",-0.2272
"73680",0.0387
"73681",-0.0895
"73683",-0.0591
"73689",0.0548
"73690",0.1416
"73692",-0.0623
"73694",0.0227
"73699",-0.0325
"73703",0.2769
"73707",0.5606
"73710",0.184
"73711",0.0786
"73712",1.3356
"73713",0.0473
"73720",-0.2256
"73721",0.4308
"73723",0.2714
"73724",-0.0988
"73728",0.1144
"73729",-0.0168
"73736",0.0685
"73737",0.2667
"73738",-0.1086
"73739",0.0745
"73744",0.0243
"73747",0.0483
"73748",0.6313
"73750",0.1406
"73754",0.0209
"73761",1.343
"73774",-0.2259
"73804",-0.3847
"73813",0.1993
"73822",0.284
"73824",-0.1243
"73825",-0.026
"73826",0.0484
"73827",-0.1368
"73828",0.0361
"73830",0.0683
"73833",0.0467
"73834",-0.0732
"73836",0.0842
"73844",-0.0276
"73845",0.014
"73847",0.1347
"73852",-0.0086
"73862",-0.0104
"73873",-0.1907
"73884",-0.1535
"73893",-0.049
"73902",-0.5268
"73904",0.9865
"73906",-0.4001
"73910",0.0642
"73914",-0.0223
"73915",0.5093
"73916",4e-04
"73919",0.0023
"73940",0.0368
"73941",0.8426
"73942",-0.0481
"73945",0.0258
"73951",-0.1119
"73989",0.0831
"73990",1.6306
"73991",0.0232
"73998",-0.0019
"74002",0.0647
"74004",0.0546
"74006",-0.0443
"74007",-0.0059
"74008",0.0032
"74011",0.0206
"74012",-0.1621
"74013",-0.1236
"74015",0.0838
"74016",-0.015
"74018",0.0425
"74019",-0.0814
"74020",-0.087
"74022",0.0201
"74023",1.4366
"74025",-0.0146
"74026",0.0174
"74030",0.2272
"74032",-0.0707
"74034",-0.1442
"74035",0.0614
"74038",-0.0622
"74039",0.2561
"74041",-0.119
"74043",-0.0058
"74044",0.1063
"74048",0.0311
"74051",-0.0633
"74052",-0.2963
"74053",0.0435
"74055",0.0036
"74071",0.2142
"74076",0.3991
"74080",0.0978
"74081",0.0099
"74090",0.2983
"74091",-0.0872
"74094",0.1065
"74096",-0.0309
"74097",0.0244
"74098",0.0441
"74100",0.0528
"74102",0.0038
"74103",-0.0012
"74104",0.0265
"74105",0.0015
"74106",-0.1301
"74107",0.1311
"74108",-0.0828
"74111",0.1235
"74112",-0.0702
"74114",-0.0367
"74116",-0.3208
"74117",-0.007
"74120",0.028
"74121",0.0798
"74122",0.108
"74123",-0.013
"74125",-0.0039
"74126",0.002
"74127",0.469
"74129",-0.1484
"74131",-0.097
"74132",-0.059
"74133",0.035
"74134",-0.179
"74136",0.0628
"74137",-0.0617
"74140",-0.0112
"74142",0.0083
"74143",0.0141
"74144",0.2257
"74145",-0.0426
"74147",-0.0868
"74148",0.0347
"74149",-0.0637
"74150",0.0325
"74153",-0.0686
"74154",-0.1428
"74155",0.136
"74156",0.1269
"74157",-0.0197
"74158",0.0342
"74159",-0.0881
"74164",-0.0159
"74165",0.3852
"74166",0.0423
"74167",0.0512
"74168",0.0632
"74169",0.0587
"74173",0.0626
"74178",0.0696
"74182",0.0153
"74183",-0.0091
"74185",0.0492
"74186",0.0398
"74187",0.0346
"74189",-0.0118
"74190",-0.1634
"74191",-0.1499
"74192",0.0439
"74194",-0.0895
"74195",0.0125
"74196",-0.0129
"74197",0.1175
"74198",0.0157
"74199",0.1659
"74200",-0.0157
"74201",-0.0168
"74202",-0.1608
"74203",-0.061
"74204",-0.0077
"74205",0.0302
"74206",-0.005
"74211",-0.0558
"74213",-0.0441
"74220",-0.2028
"74227",0.0839
"74229",0.0221
"74230",0.2234
"74237",-0.0747
"74238",0.004
"74239",-0.0375
"74241",0.0406
"74243",0.0394
"74244",0.0054
"74245",-0.0612
"74246",0.0487
"74249",0.0015
"74251",0.1204
"74252",-0.0794
"74253",0.2257
"74254",0.0339
"74255",-0.034
"74256",-0.0266
"74257",0.0413
"74264",-7e-04
"74268",-0.0083
"74270",0.0328
"74277",-0.1108
"74284",-0.2369
"74287",0.0072
"74293",-0.0791
"74302",-0.0213
"74303",0.1384
"74309",0.0586
"74310",0.3854
"74315",0.0317
"74316",0.0365
"74318",0.0479
"74319",-6e-04
"74320",0.0054
"74322",0.129
"74325",0.0865
"74326",-0.0665
"74330",-0.0099
"74333",-0.2455
"74334",-0.0072
"74335",0.0542
"74337",-0.2401
"74338",0.1046
"74340",-0.0702
"74341",-0.0401
"74342",-0.0375
"74343",0.0767
"74347",0.0233
"74349",0.0072
"74351",-0.004
"74352",-0.0678
"74354",0.007
"74355",-0.018
"74356",-0.0304
"74359",0.1435
"74360",-0.0858
"74362",0.5327
"74363",0.0678
"74364",0.7044
"74365",-0.0748
"74369",1.0905
"74370",0.0219
"74374",0.0565
"74375",-0.0151
"74376",-0.0814
"74377",0.152
"74383",0.0557
"74385",-0.0922
"74386",-0.0525
"74387",0.2362
"74388",-0.0135
"74392",-0.015
"74393",0.0423
"74396",0.0429
"74400",0.8175
"74403",0.0458
"74405",0.1783
"74407",-0.2533
"74410",0.0259
"74411",-0.0167
"74412",-0.0164
"74413",0.2331
"74414",-0.1176
"74419",0.293
"74424",0.6189
"74426",0.0277
"74427",-0.0133
"74430",-0.0744
"74435",-0.3216
"74438",0.0233
"74440",0.0574
"74442",-0.0173
"74443",0.0571
"74446",0.5852
"74450",-0.0661
"74451",-0.0245
"74453",0.4766
"74455",-0.0222
"74456",0.0496
"74463",0.2176
"74464",-0.0091
"74466",-0.3418
"74467",-0.1077
"74469",-0.5863
"74470",-0.182
"74471",-0.0452
"74476",-0.1711
"74477",0.0126
"74478",-0.0112
"74479",0.0537
"74480",-0.0847
"74482",-0.2404
"74485",0.1738
"74486",-0.0889
"74487",-0.0434
"74488",0.1009
"74490",-0.0057
"74492",-0.668
"74493",-0.0263
"74498",0.1473
"74504",0.0457
"74511",-0.8029
"74513",-0.1008
"74516",0.1571
"74519",-0.1639
"74521",0.0559
"74522",0.0286
"74525",-0.0177
"74528",-0.0042
"74530",0.2351
"74533",0.0103
"74549",0.0135
"74551",-0.0737
"74552",-0.0067
"74558",-0.0241
"74559",0.0031
"74563",0.1267
"74568",-0.1303
"74569",0.0101
"74570",-0.0369
"74577",-0.0357
"74580",0.1892
"74585",-0.0673
"74589",-0.044
"74596",-0.0111
"74597",0.7748
"74600",-0.187
"74610",0.0567
"74616",-0.0135
"74617",-0.0249
"74626",0.0202
"74629",0.0305
"74633",-0.0365
"74637",0.0224
"74645",0.1158
"74646",0.3792
"74648",-0.0771
"74653",0.0685
"74661",-0.1669
"74665",0.0216
"74666",-0.143
"74670",-0.1109
"74682",-0.0418
"74684",-0.0848
"74685",0.5977
"74687",0.769
"74693",-0.8776
"74694",-0.0114
"74706",-1.4786
"74711",-0.0218
"74717",0.3199
"74718",0.0448
"74720",-0.6585
"74724",0.4813
"74729",0.0316
"74732",1.2934
"74734",-0.3028
"74735",0.1871
"74737",0.0847
"74741",-0.0218
"74743",-0.4067
"74744",0.1234
"74747",0.1738
"74748",0.8648
"74753",0.2341
"74754",0.0015
"74760",-0.0549
"74761",-0.1334
"74762",-0.1725
"74763",-0.0296
"74764",0.1402
"74766",0.0219
"74769",-0.0421
"74770",0.1946
"74772",0.054
"74775",0.0891
"74776",0.0204
"74777",0.0226
"74778",0.0711
"74781",0.0656
"74782",-0.2493
"74838",-0.0665
"74840",0.133
"74841",-0.0316
"74843",0.072
"74844",-0.542
"74855",0.0102
"74868",-0.1507
"74890",1.1992
"74892",-0.6214
"74895",-0.0714
"74901",0.0571
"74918",-0.1114
"74919",0.0357
"74925",0.2046
"74931",0.0204
"74934",0.8728
"74953",-1.1901
"74972",-0.3948
"74978",0.0635
"74992",0.0541
"74996",-0.0012
"74998",-0.0822
"75007",-0.0099
"75013",-0.6395
"75015",-0.2215
"75016",-0.0608
"75019",-0.6236
"75029",-0.1463
"75033",-0.4822
"75040",0.1687
"75044",0.5149
"75050",0.0177
"75051",-0.0241
"75060",0.0713
"75062",-0.0224
"75079",0.0307
"75083",0.2835
"75087",0.8048
"75089",0.0246
"75099",0.0768
"75104",0.0163
"75106",0.033
"75116",-0.3822
"75129",0.5327
"75135",-0.127
"75137",-0.0554
"75141",-0.0053
"75146",0.0955
"75170",0.2394
"75172",0.1213
"75180",-0.2896
"75196",-0.0039
"75202",0.0579
"75209",0.1835
"75210",-0.1144
"75212",-0.0169
"75216",-0.1536
"75219",0.0812
"75221",0.0525
"75234",0.1176
"75255",0.3951
"75258",-0.757
"75259",-0.0173
"75273",-0.0147
"75276",-0.8168
"75284",0.0915
"75288",0.0201
"75291",0.137
"75292",-0.0292
"75296",-0.0778
"75302",-0.0494
"75304",-0.0187
"75305",-0.0868
"75311",0.4239
"75316",0.0113
"75317",0.1115
"75320",-0.0235
"75339",-0.0473
"75355",0.2857
"75359",0.3162
"75368",0.3681
"75370",-0.9047
"75373",-0.0457
"75379",-0.5013
"75387",0.0192
"75388",-0.2214
"75394",-0.1659
"75398",-0.0388
"75404",-0.25
"75406",0.0797
"75409",-0.0991
"75410",0.0163
"75415",0.1062
"75416",-0.0732
"75420",0.0165
"75422",-0.0057
"75423",-0.0258
"75424",-0.5703
"75425",0.0586
"75426",0.0972
"75429",0.1329
"75430",0.0202
"75452",0.0096
"75454",0.0197
"75458",-0.3312
"75465",0.5085
"75472",0.1275
"75475",-0.0107
"75479",0.1567
"75480",-0.2076
"75482",-0.3458
"75495",0.5455
"75504",0.172
"75507",0.2925
"75516",-0.0306
"75530",0.0154
"75533",-0.0509
"75538",0.0708
"75539",0.9478
"75540",0.0455
"75541",0.0208
"75547",-0.0561
"75549",-0.0756
"75552",0.098
"75553",-0.0306
"75555",0.1491
"75556",0.7612
"75560",0.0022
"75561",0.6258
"75563",0.5243
"75564",-0.0537
"75565",-0.0456
"75568",0.0091
"75570",-0.0297
"75571",-0.1134
"75572",0.0534
"75576",-0.4335
"75578",0.1514
"75579",-0.1658
"75580",0.0066
"75590",-0.4313
"75593",0.1602
"75597",-0.02
"75599",0.0366
"75600",0.6824
"75602",-0.0511
"75605",0.037
"75607",0.0122
"75608",0.0697
"75612",-0.0364
"75613",0.05
"75614",0.1144
"75616",-0.1079
"75617",0.0469
"75619",0.0469
"75620",-0.0555
"75623",0.0518
"75624",-0.0447
"75625",-0.0734
"75627",-0.0778
"75646",0.1016
"75647",-0.976
"75657",-0.2432
"75659",-0.0068
"75660",0.0274
"75662",1.1837
"75665",0.0964
"75668",0.1857
"75669",-0.0379
"75671",0.1188
"75677",-0.0351
"75678",0.0854
"75686",-0.0208
"75687",-0.0529
"75689",0.0999
"75690",0.4077
"75691",0.0119
"75692",-0.0514
"75693",-0.1584
"75695",0.1208
"75697",-0.0292
"75698",8e-04
"75705",-0.0736
"75710",0.0378
"75712",0.0092
"75717",-0.0042
"75718",-0.7596
"75723",-0.0736
"75725",-0.0653
"75729",-0.0137
"75731",0.181
"75732",-0.0184
"75734",-0.0115
"75735",-0.0014
"75736",0.0794
"75739",0.3448
"75740",-0.0966
"75744",-0.0408
"75745",0.1467
"75746",0.0459
"75747",-0.0635
"75751",-0.0059
"75758",0.0146
"75763",-0.0363
"75764",0.0349
"75767",-0.2043
"75769",-0.1165
"75770",0.0357
"75778",-0.1582
"75782",-0.1053
"75784",0.5227
"75785",0.0112
"75786",-0.0024
"75787",0.5177
"75788",-0.003
"75796",0.001
"75799",1.1566
"75801",-0.2716
"75805",-0.0147
"75809",0.0676
"75812",0.0847
"75814",1.1125
"75826",0.0271
"75836",0.3052
"75841",0.0049
"75847",0.0258
"75853",-0.4295
"75860",-0.0715
"75869",0.0616
"75870",-0.1975
"75871",0.0686
"75881",-0.421
"75894",0.0056
"75900",-0.1742
"75901",-0.0292
"75905",-0.0375
"75906",-0.1362
"75909",0.0728
"75913",0.3702
"75914",0.0108
"75939",-0.2804
"75951",0.4383
"75956",-0.0279
"75957",0.6579
"75958",0.0662
"75964",0.0429
"75965",0.0073
"75973",0.2556
"75974",-0.0344
"75985",-0.1149
"75990",0.0859
"75991",0.0011
"75995",0.3045
"76000",-0.0851
"76001",1.3238
"76007",-0.0433
"76014",0.0575
"76022",-0.0409
"76025",0.0627
"76041",-0.0982
"76044",-0.1333
"76051",-0.034
"76055",0.0524
"76071",0.0161
"76073",-0.1377
"76074",0.3003
"76080",-0.02
"76082",0.09
"76088",0.0864
"76089",-0.0635
"76100",0.3493
"76108",-0.1027
"76113",-0.226
"76117",-0.1524
"76123",0.1242
"76130",-0.005
"76131",0.3772
"76132",-0.0804
"76133",-0.018
"76137",-0.0429
"76138",0.1824
"76142",-0.2344
"76156",-0.0877
"76157",-0.1088
"76161",-0.0817
"76166",-0.5991
"76167",-0.0415
"76178",0.005
"76179",0.0187
"76183",-0.0531
"76184",-0.36
"76187",-0.0728
"76192",0.0136
"76199",0.0233
"76205",0.0563
"76206",-0.2115
"76217",-0.0222
"76219",-0.0073
"76220",-0.0507
"76222",-0.0119
"76223",-0.1258
"76229",-0.0257
"76233",-0.0023
"76238",-0.1241
"76246",-0.0268
"76251",-0.0676
"76252",0.0125
"76257",0.1551
"76260",0.0148
"76261",-0.2334
"76263",0.0807
"76265",0.2334
"76267",0.0253
"76273",0.0643
"76281",-0.1649
"76282",-0.0285
"76293",0.0963
"76294",-0.3527
"76295",-0.0061
"76299",0.0162
"76302",-0.0571
"76303",-0.0079
"76306",0.051
"76308",0.1327
"76311",0.0387
"76332",0.0371
"76338",-0.068
"76355",-0.1026
"76357",-0.0708
"76365",-0.25
"76366",0.1201
"76367",-0.1715
"76371",-9e-04
"76373",0.041
"76375",0.0517
"76376",-0.0594
"76377",0.0653
"76380",-0.1687
"76398",0.0253
"76400",0.7204
"76406",1.1307
"76408",-0.0843
"76411",0.2462
"76415",-0.0486
"76416",-0.007
"76421",-0.3396
"76425",-0.0154
"76429",0.0045
"76432",-0.5922
"76438",-0.2316
"76441",-0.0037
"76448",-0.0308
"76453",0.0222
"76454",0.0081
"76455",-0.1126
"76457",0.1962
"76459",0.1503
"76464",-0.0155
"76467",0.0015
"76469",-0.2377
"76477",0.2056
"76478",-0.0223
"76479",-0.0474
"76482",0.1111
"76483",0.0273
"76484",0.0527
"76485",0.0828
"76487",0.1012
"76491",-0.0365
"76497",0.0696
"76498",0.0709
"76499",-0.0556
"76500",0.1053
"76501",0.1337
"76505",0.0416
"76508",0.1849
"76509",-0.1479
"76510",0.0087
"76516",0.0736
"76522",-0.0512
"76524",-0.0314
"76527",-0.0226
"76539",-0.0534
"76547",0.0231
"76551",-0.0655
"76559",-0.0301
"76561",0.0548
"76563",0.0619
"76566",0.1217
"76568",0.0229
"76571",-0.6091
"76574",0.2031
"76577",0.0074
"76580",-0.0074
"76582",0.0085
"76594",-0.0598
"76602",0.135
"76608",0.0119
"76612",-0.1459
"76614",0.0424
"76626",-0.04
"76628",0.1343
"76630",0.0674
"76633",0.1626
"76642",0.1296
"76650",0.2153
"76652",-0.2458
"76654",-0.0575
"76668",-0.1094
"76670",0.0609
"76681",-0.2535
"76683",-0.1312
"76686",-0.0021
"76687",-0.0965
"76688",0.0231
"76703",0.4046
"76707",-0.0292
"76709",0.0221
"76710",0.0588
"76719",0.0487
"76737",0.2004
"76740",0.0662
"76742",-0.0083
"76757",-1.3021
"76763",-0.0222
"76773",0.1513
"76775",0.1694
"76779",-0.0186
"76781",-0.0462
"76784",-0.0452
"76786",0.1824
"76787",0.0117
"76788",-0.0562
"76789",-0.091
"76792",0.1095
"76793",0.0894
"76794",-0.0723
"76795",-0.1228
"76798",0.0744
"76799",0.1076
"76800",-0.0401
"76804",0.0098
"76808",0.0532
"76809",-0.0645
"76813",0.1454
"76816",0.0727
"76820",-0.0405
"76824",0.0774
"76826",-0.1325
"76829",0.0863
"76832",0.0345
"76843",-0.1305
"76846",0.0181
"76850",-0.0481
"76854",0.0213
"76857",-0.0323
"76863",-0.0928
"76866",0.0554
"76867",0.0045
"76872",-0.0032
"76873",-0.3806
"76877",0.0092
"76884",-0.0334
"76886",0.0725
"76889",0.17
"76890",-0.0296
"76892",-0.0936
"76893",0.0151
"76894",0.0342
"76895",-0.0469
"76897",-0.1104
"76898",-0.0179
"76899",-0.1035
"76900",0.0484
"76901",-0.0134
"76905",1.5524
"76915",-0.1629
"76916",0.0974
"76917",0.1113
"76927",0.3592
"76932",-0.0302
"76933",0.3161
"76936",2.3e-05
"76937",-0.4138
"76938",0.0124
"76947",-0.0789
"76952",-0.041
"76954",-0.0333
"76959",0.0263
"76960",0.0271
"76965",0.0127
"76967",-0.0729
"76969",0.1618
"76972",0.2141
"76974",-0.2351
"76976",-0.1054
"76980",0.0073
"76982",-0.0362
"76983",-0.063
"76987",0.0216
"77006",-0.0102
"77011",0.3741
"77015",-0.0321
"77018",-0.2591
"77022",0.2431
"77031",0.059
"77032",0.0152
"77034",0.0932
"77035",-0.0965
"77036",0.2182
"77038",0.0545
"77040",0.0601
"77041",-0.0018
"77044",0.0188
"77045",-0.0743
"77048",-0.0075
"77053",0.012
"77056",0.0629
"77057",-0.0861
"77059",-0.4899
"77065",0.0476
"77087",0.0147
"77090",-0.0368
"77097",-0.0445
"77106",-0.0676
"77110",-0.1032
"77113",0.0221
"77116",0.0598
"77117",-0.1385
"77124",0.0386
"77125",-0.0551
"77127",0.6043
"77128",0.0053
"77132",0.8458
"77134",-0.1277
"77189",-0.4333
"77209",0.2786
"77219",-0.002
"77220",-0.0564
"77252",0.0517
"77254",0.0271
"77264",-0.0073
"77286",0.0207
"77288",-0.3537
"77300",-0.0324
"77305",-0.0025
"77318",0.3254
"77323",-0.0913
"77352",-0.4309
"77361",0.4458
"77371",0.0144
"77382",-0.2345
"77383",-0.2872
"77402",0.0058
"77407",0.0039
"77411",0.4342
"77422",-0.0584
"77428",0.0818
"77446",-0.0422
"77453",-0.0746
"77462",-0.1532
"77480",-0.0076
"77485",-0.0518
"77505",0.0778
"77519",-0.0042
"77521",-0.0049
"77531",0.0039
"77532",-0.1647
"77533",0.1173
"77552",0.2414
"77558",-0.3204
"77559",0.0377
"77560",0.7721
"77569",0.0901
"77573",0.0011
"77574",-0.0245
"77577",-0.4612
"77578",-0.0396
"77579",0.0245
"77582",-0.0317
"77583",-0.2601
"77590",0.0022
"77591",0.1129
"77592",0.34
"77593",0.0598
"77595",0.3175
"77604",-0.1221
"77605",-0.0048
"77609",0.0967
"77610",0.3652
"77613",0.0154
"77618",0.4815
"77619",-0.0875
"77622",-0.099
"77626",-0.0214
"77627",0.0302
"77629",0.094
"77630",-0.0223
"77633",0.4958
"77634",-0.0497
"77644",0.0053
"77647",-0.0453
"77652",-0.0203
"77675",0.1034
"77683",3e-04
"77697",-0.0531
"77700",0.1256
"77721",0.0498
"77733",-0.1082
"77739",-0.3802
"77741",0.461
"77744",-0.1602
"77766",0.0128
"77767",0.1652
"77771",-0.0385
"77772",-0.1041
"77781",-0.0464
"77782",0.116
"77794",0.0073
"77798",0.2714
"77799",0.6118
"77803",0.5763
"77805",0.0052
"77809",-0.0568
"77810",-0.1129
"77827",-0.0154
"77832",0.0641
"77853",-0.1625
"77854",0.7773
"77855",-0.0652
"77857",-0.115
"77862",0.034
"77864",-0.0434
"77866",-0.2185
"77877",-0.0125
"77889",0.0706
"77891",0.0205
"77920",0.2094
"77929",0.0136
"77938",0.1786
"77940",0.007
"77945",-0.3099
"77951",-0.0928
"77963",0.0503
"77974",0.0629
"77975",0.1114
"77976",3e-04
"77980",0.1583
"77981",-0.2397
"77987",0.0424
"77994",0.0047
"77996",-0.0712
"77998",0.4099
"78004",-0.0573
"78038",-0.0742
"78068",-0.7912
"78070",0.0202
"78071",0.8788
"78088",-0.0807
"78100",-0.0456
"78103",0.3082
"78108",-0.0401
"78115",0.9784
"78119",-0.2224
"78134",-0.4499
"78151",0.1149
"78167",0.0178
"78174",-0.2562
"78177",0.0771
"78185",0.1371
"78232",-0.0521
"78244",-0.0137
"78245",0.2597
"78246",0.0795
"78248",-0.0648
"78249",0.4808
"78250",0.1627
"78251",0.0347
"78252",0.4148
"78255",-0.015
"78257",0.3312
"78266",-0.0037
"78267",0.1217
"78283",0.0044
"78284",0.0715
"78286",0.0126
"78287",-0.0302
"78294",-0.0213
"78303",-0.0425
"78304",0.0204
"78308",0.1785
"78309",0.0173
"78312",0.3105
"78317",-0.0109
"78321",0.1938
"78323",0.0219
"78329",-0.289
"78330",0.0178
"78334",-0.0912
"78339",0.0594
"78353",0.0452
"78369",0.2829
"78372",0.0981
"78373",-2e-04
"78376",0.9008
"78388",0.1193
"78394",-0.1093
"78403",-0.2134
"78405",-0.4576
"78408",-0.0177
"78412",0.1597
"78416",0.3762
"78428",0.0573
"78438",-0.1813
"78439",-0.3193
"78444",-0.0639
"78445",0.1523
"78449",0.2749
"78451",1.4183
"78455",0.0398
"78456",-0.0665
"78465",-0.1698
"78473",0.1902
"78482",-0.1971
"78500",0.0992
"78506",-0.0992
"78514",0.1487
"78521",-0.032
"78523",0.0369
"78536",1.2203
"78541",0.006
"78550",1.3866
"78552",-0.0208
"78558",0.1252
"78560",0.0763
"78568",-0.2353
"78569",-0.1428
"78575",-0.1161
"78581",0.1159
"78586",-0.0391
"78593",-0.1659
"78600",-0.0416
"78603",-0.0298
"78610",-0.001
"78611",0.3308
"78616",-0.0597
"78617",0.0163
"78618",0.0444
"78619",0.037
"78623",0.1301
"78625",-0.1929
"78635",0.0131
"78651",0.0522
"78653",0.1784
"78655",-0.0589
"78656",0.0073
"78658",0.0114
"78668",-0.5011
"78670",0.0517
"78672",0.2733
"78688",0.0414
"78689",-0.039
"78697",0.0713
"78703",-1.1047
"78709",0.5964
"78733",-0.3575
"78739",-0.2755
"78748",0.1537
"78749",-0.23
"78751",-0.0903
"78752",-0.0528
"78754",0.4574
"78755",-0.1419
"78757",-0.0283
"78767",0.007
"78771",-0.0786
"78772",0.2167
"78774",0.4971
"78777",-0.0679
"78779",0.0352
"78781",-0.1328
"78783",0.0437
"78784",0.056
"78785",-0.0124
"78787",-0.049
"78795",0.0332
"78796",-0.0075
"78797",0.0568
"78798",-0.0432
"78800",0.0271
"78801",1.0846
"78802",-0.0225
"78805",-0.2153
"78806",-0.1357
"78808",0.0211
"78816",0.1657
"78825",-0.017
"78829",0.0696
"78830",-0.0198
"78832",-1e-04
"78833",0.0491
"78834",-0.0055
"78849",-0.4934
"78878",-0.0267
"78885",-0.0166
"78887",-0.0106
"78889",-0.1244
"78890",0.0821
"78891",0.0813
"78892",0.0699
"78893",-0.022
"78894",0.0182
"78895",0.0742
"78896",0.1462
"78899",-0.019
"78903",0.0217
"78906",0.8767
"78908",-0.0499
"78912",-0.0283
"78913",-0.0594
"78914",-0.0804
"78919",1.0775
"78920",0.0128
"78921",-0.0711
"78923",0.331
"78925",-0.1039
"78926",0.0729
"78928",0.0607
"78929",0.0042
"78933",0.0209
"78934",0.017
"78935",-0.0902
"78937",-0.0433
"78938",-0.0072
"78943",0.0846
"78977",-0.0377
"79043",0.0723
"79044",-0.0504
"79059",0.1413
"79196",-0.0011
"79201",1.4971
"79202",0.2492
"79221",0.0146
"79233",-0.0306
"79235",0.4862
"79263",0.0566
"79264",-0.0488
"79362",0.1075
"79456",0.08
"79459",0.1059
"79464",-0.0072
"79554",0.042
"79555",-0.0058
"79560",0.0197
"79565",-0.0285
"79566",-0.0027
"80280",-0.0321
"80281",-0.0465
"80283",-0.0026
"80284",0.0498
"80285",-0.0898
"80286",-0.0448
"80287",0.1887
"80288",-0.0116
"80289",0.0212
"80290",-0.0653
"80291",0.0918
"80292",-0.0623
"80294",-0.0078
"80297",-0.0559
"80334",-0.0738
"80385",0.0924
"80509",-0.0056
"80515",0.0109
"80517",-0.0221
"80707",-0.0206
"80708",-0.0025
"80718",-0.0148
"80719",-0.1343
"80720",0.3303
"80721",0.1554
"80732",0.0586
"80733",0.1849
"80743",0.0546
"80744",-0.0537
"80748",0.0402
"80749",0.0669
"80750",0.0014
"80751",0.0187
"80752",0.0089
"80795",-0.0533
"80797",-0.629
"80837",0.2089
"80838",-0.0747
"80859",-0.0348
"80860",0.1644
"80861",0.0512
"80876",0.106
"80877",-0.0112
"80879",-0.0889
"80880",0.1194
"80883",0.0161
"80884",-0.0562
"80886",0.0373
"80888",0.1162
"80889",0.0037
"80890",0.0643
"80891",0.1018
"80892",-0.0873
"80893",-0.0443
"80898",-0.1206
"80901",-0.7055
"80902",0.0666
"80903",0.3267
"80904",0.075
"80905",0.1253
"80906",0.0733
"80907",0.0363
"80909",-0.0303
"80910",-0.1285
"80911",-0.0054
"80912",-0.0063
"80913",-0.0136
"80914",0.0413
"80915",0.035
"80976",0.0904
"80979",-0.3463
"80981",0.5166
"80982",0.0352
"80985",-0.0652
"80986",-0.3782
"80987",0.0581
"81000",-0.0368
"81003",-0.0339
"81004",-0.0536
"81006",0.0293
"81018",0.018
"81489",0.1366
"81500",0.0359
"81535",-0.0518
"81600",-0.0105
"81601",0.0856
"81630",0.0173
"81701",0.1273
"81702",-0.0486
"81703",0.0789
"81840",-0.0728
"81845",0.1533
"81877",-0.0376
"81879",-0.0244
"81896",-0.0206
"81897",0.2289
"81898",-0.0138
"81904",-0.0209
"81905",-0.0206
"81906",-0.0117
"81907",0.0344
"81909",-0.0238
"81910",-0.0084
"81913",0.2367
"83379",-0.1344
"83382",-0.0129
"83383",0.1167
"83395",0.4285
"83396",0.1756
"83397",-0.0419
"83398",0.0678
"83409",0.0244
"83410",-0.0024
"83429",0.0824
"83431",0.0296
"83433",0.0374
"83435",-0.0428
"83436",0.2734
"83453",-0.1458
"83485",0.066
"83486",0.069
"83490",0.0784
"83493",-0.0775
"83554",0.0923
"83558",-0.1158
"83560",-0.0072
"83561",0.5671
"83602",-0.1392
"83603",-0.0306
"83669",-0.1753
"83671",-0.2321
"83673",-0.1973
"83674",-0.0538
"83675",-0.0023
"83679",0.0618
"83691",0.158
"83701",0.0026
"83703",0.0202
"83704",-0.1156
"83762",-0.5955
"83766",-0.0635
"83767",-0.1375
"83768",0.2812
"83771",0.3205
"83796",-0.0202
"83797",-0.0229
"83814",0.0287
"83815",0.1036
"83885",1.2443
"83921",-0.0035
"83922",0.2029
"83924",-0.0751
"83925",-0.2087
"83945",0.0264
"83946",-0.0245
"83961",0.0956
"83962",-0.0056
"83964",0.0123
"83965",0.0055
"83997",-0.0083
"84004",-0.0589
"84035",0.2203
"84036",0.1803
"84092",-0.0467
"84094",-0.0857
"84095",0.0627
"84111",0.25
"84113",0.0378
"84505",-0.0753
"84585",-0.0545
"84652",-0.0337
"84653",1.0682
"84682",-0.3698
"84704",0.0538
"85030",0.263
"85031",-0.2015
"85305",0.0718
"85308",0.0187
"89867",-0.3038
"93671",0.152
"93673",-0.722
"93674",0.1606
"93679",-0.03
"93681",-0.0431
"93683",0.0714
"93684",0.0059
"93685",-0.0687
"93686",-3e-04
"93687",-0.0213
"93688",-0.0936
"93689",0.419
"93690",0.0364
"93691",-0.0304
"93692",0.0058
"93694",0.0201
"93695",0.5679
"93696",0.003
"93697",-0.0348
"93699",-0.0038
"93700",0.1279
"93701",0.0539
"93702",0.0419
"93703",-0.1558
"93704",-0.0782
"93705",-0.0388
"93706",-0.0635
"93707",-0.2201
"93708",-0.0254
"93709",-0.0551
"93710",-0.0491
"93711",-0.0887
"93712",-0.0104
"93713",0.06
"93714",-0.085
"93715",-0.1167
"93716",0.0536
"93717",-0.2394
"93722",-0.1902
"93723",0.0379
"93724",-0.1168
"93728",0.1879
"93730",-0.0841
"93732",0.9866
"93734",-0.036
"93735",-0.3751
"93736",-0.0213
"93737",-0.0368
"93739",0.039
"93742",0.0557
"93747",0.0025
"93757",-0.0346
"93759",-0.0665
"93760",0.0343
"93761",-0.0751
"93762",-0.063
"93765",0.0256
"93790",-0.0119
"93834",-0.0504
"93835",-0.0169
"93836",0.0069
"93837",0.4905
"93838",-0.3569
"93840",-0.0988
"93841",0.0772
"93842",0.3548
"93843",-0.1949
"93871",0.0259
"93872",-0.8807
"93873",0.0469
"93874",0.1753
"93875",0.0207
"93876",-0.1911
"93877",-0.0185
"93878",-0.0366
"93879",-0.2001
"93880",-0.0058
"93881",0.0867
"93882",0.0574
"93883",0.036
"93884",-0.0508
"93885",0.0176
"93886",0.0377
"93887",-0.0559
"93888",-0.0707
"93889",-0.0642
"93890",0.0161
"93891",-0.0823
"93892",-0.0112
"93893",-0.1705
"93895",-0.8149
"93896",0.092
"93897",-0.1766
"93898",0.3242
"93960",-0.0416
"93961",-0.1047
"94040",-0.1031
"94043",0.0836
"94044",0.0454
"94045",0.5156
"94047",-0.011
"94061",0.0068
"94062",0.0133
"94063",-0.0681
"94064",-0.0231
"94065",0.0083
"94066",0.0522
"94067",0.0125
"94088",-0.5528
"94089",-0.1123
"94090",0.0183
"94091",0.0815
"94092",0.1116
"94093",-0.0471
"94094",-0.0415
"94109",0.0419
"94112",0.0924
"94176",-0.2212
"94178",0.1187
"94180",0.0627
"94181",0.1342
"94184",0.045
"94185",-0.1429
"94186",0.0154
"94187",-0.1672
"94190",0.0532
"94191",-0.0754
"94192",-0.039
"94212",-0.0628
"94213",-0.0665
"94214",-0.076
"94216",-0.2148
"94217",-0.0682
"94218",-0.0705
"94219",0.0761
"94220",-0.055
"94221",-0.1018
"94223",0.0115
"94226",0.0504
"94227",0.0498
"94229",-0.0706
"94230",0.0632
"94232",0.0867
"94242",0.1366
"94245",-0.0458
"94246",0.008
"94249",0.1088
"94253",-0.0323
"94254",-0.0411
"94275",0.0464
"94279",-0.0317
"94280",0.1611
"94281",0.0178
"94282",0.0463
"94284",-0.0846
"94315",0.0438
"94332",0.1104
"94346",-0.1444
"94352",0.4556
"94353",-0.0911
"96875",-0.0439
"96935",0.0665
"96957",0.0061
"96979",0.047
"97031",0.0931
"97064",0.0055
"97086",-0.3095
"97112",-0.0394
"97114",1.2521
"97122",0.1087
"97130",-0.1521
"97159",0.013
"97165",-0.1414
"97209",0.1018
"97212",0.0384
"97243",-0.3124
"97287",0.0421
"97387",-0.0184
"97423",-0.1064
"97440",0.1769
"97484",-0.0354
"97487",-0.0916
"97541",0.0047
"97761",0.073
"97775",0.1179
"97820",0.0023
"97827",-0.0598
"97863",-0.0677
"97884",0.0985
"97895",-0.2747
"97908",-0.2755
"97961",-0.0451
"97998",-0.0097
"98053",0.0383
"98170",0.0727
"98193",0.009
"98221",-0.0342
"98238",0.02
"98258",-0.0216
"98267",-0.0485
"98303",-0.1215
"98314",0.0497
"98363",0.0254
"98365",-0.2226
"98366",-0.0452
"98376",-0.1375
"98386",0.0271
"98388",-0.0578
"98396",0.0158
"98402",-0.1851
"98403",0.0419
"98404",-0.0252
"98415",-0.0775
"98417",-8e-04
"98432",-0.0412
"98452",-0.1268
"98488",-0.034
"98496",-0.0633
"98558",0.2439
"98682",0.0419
"98685",0.071
"98710",-0.0667
"98711",-0.1498
"98732",0.0134
"98733",0.0135
"98736",0.1321
"98741",-0.0466
"98758",0.0082
"98766",0.0035
"98828",-0.0567
"98845",-0.0801
"98870",-0.4528
"98878",-0.0152
"98910",-0.0365
"98932",-0.062
"98952",0.0532
"98956",-0.002
"98970",0.1254
"98985",0.0253
"98999",0.079
"99003",-0.1623
"99010",0.0714
"99011",0.0603
"99031",-0.0048
"99045",0.0835
"99100",-0.0572
"99138",-0.051
"99151",-0.1166
"99152",-0.0976
"99167",-0.0665
"99237",-0.0318
"99296",0.0785
"99311",0.0823
"99326",-0.0824
"99334",-0.0251
"99349",0.0737
"99371",0.0165
"99375",-0.0135
"99377",-0.2438
"99382",-0.049
"99412",0.0451
"99439",0.9382
"99470",-0.0627
"99480",-0.0156
"99512",-0.0249
"99526",-0.0275
"99542",0.2061
"99543",0.1303
"99571",0.1657
"99586",-0.0778
"99633",0.1496
"99650",-0.0239
"99681",-0.035
"99683",-0.0091
"99696",0.0985
"99712",0.015
"99730",-0.0675
"99738",0.143
"99870",-0.1021
"99887",-0.0872
"99889",-0.0142
"99890",-0.037
"99899",0.4914
"99929",0.1413
"99982",-5e-04
"100017",0.2508
"100019",0.0175
"100061",-0.2654
"100072",-0.053
"100087",-0.0311
"100088",0.1563
"100090",0.0027
"100102",-0.214
"100121",-0.0146
"100129",0.0128
"100155",0.2954
"100163",0.02
"100169",0.0297
"100177",0.0407
"100182",0.124
"100198",-0.0408
"100201",-0.0076
"100206",0.0812
"100210",0.0581
"100213",0.0043
"100226",-0.0358
"100273",0.0084
"100317",0.014
"100336",0.0512
"100340",-0.0661
"100342",-0.7261
"100382",-0.1387
"100383",0.0229
"100434",0.0326
"100465",-0.0762
"100470",0.0283
"100494",0.0352
"100515",0.0015
"100532",0.0051
"100561",0.0149
"100604",0.0091
"100608",0.0216
"100609",0.1524
"100637",-0.1567
"100678",-0.0374
"100683",0.0018
"100702",-0.1817
"100705",-0.1486
"100710",-0.0948
"100715",-0.1681
"100732",-0.0681
"100737",0.0099
"100740",-0.3522
"100756",0.0381
"100763",-0.0107
"100764",0.0116
"100855",-0.0055
"100900",0.0085
"100910",-0.0608
"100929",0.0863
"100952",-0.2395
"100972",0.0205
"100978",-0.1217
"100986",-0.0082
"101023",0.0825
"101095",0.102
"101100",0.1721
"101113",0.1229
"101118",-0.026
"101122",-0.0271
"101142",-0.0796
"101148",-0.0616
"101185",0.0014
"101187",-0.03
"101197",-0.0563
"101202",0.5689
"101206",0.0859
"101214",0.0249
"101240",-0.0896
"101314",0.0271
"101351",-0.0526
"101358",0.0391
"101359",-0.2732
"101401",-0.2579
"101437",0.0259
"101471",0.0642
"101476",-0.0017
"101488",0.0476
"101489",0.036
"101490",0.0377
"101497",-0.0182
"101502",0.0357
"101513",0.0916
"101533",0.0823
"101540",0.1118
"101543",0.0618
"101544",0.0696
"101565",-0.0809
"101568",0.071
"101592",-0.0894
"101602",0.0044
"101604",0.0097
"101612",0.0194
"101613",-0.3823
"101631",0.1224
"101685",0.0136
"101694",0.0306
"101700",0.0455
"101706",-0.0144
"101739",-0.0656
"101744",0.2565
"101772",0.0512
"101809",-0.0253
"101831",0.0244
"101835",-0.1349
"101861",0.035
"101867",0.0938
"101869",0.1206
"101883",0.0273
"101943",0.048
"101966",0.0621
"101985",0.1125
"101994",-0.0205
"102015",-0.0785
"102032",0.0181
"102058",0.0231
"102060",0.0181
"102075",-0.5403
"102093",-0.0039
"102098",0.0758
"102103",-0.068
"102115",0.0732
"102122",-0.0266
"102124",-0.1426
"102132",-1.2916
"102141",0.0545
"102162",-0.0138
"102182",0.0014
"102193",0.0403
"102209",0.0351
"102247",0.03
"102278",0.1965
"102294",-0.1607
"102323",0.0283
"102334",-0.0319
"102339",0.0861
"102371",-0.0726
"102414",0.0226
"102423",-7.714e-05
"102436",0.5734
"102442",-0.0606
"102448",-0.165
"102462",-0.0412
"102502",-0.1719
"102545",-0.2032
"102566",-0.0181
"102580",-0.0308
"102595",-0.1394
"102607",0.0606
"102614",0.0049
"102626",0.0743
"102632",0.0471
"102644",0.0093
"102657",-0.0472
"102680",-0.0415
"102688",-0.8186
"102693",0.0108
"102747",0.005
"102774",0.015
"102791",0.0882
"102857",0.0898
"102866",-0.0705
"102871",-0.521
"102920",0.1052
"102941",-0.0799
"102954",-0.0104
"102991",-4e-04
"103012",-0.1507
"103080",0.0453
"103098",-0.1807
"103135",-0.0878
"103136",0.0229
"103140",0.1159
"103142",0.2692
"103149",0.7158
"103161",0.0954
"103172",0.1109
"103199",0.0405
"103213",0.4093
"103220",0.1015
"103236",0.0311
"103266",-0.003
"103268",-0.2323
"103284",0.0096
"103406",0.0502
"103425",0.0927
"103466",0.0913
"103468",-0.0105
"103511",0.0143
"103534",-0.0472
"103537",-0.0655
"103551",-0.2801
"103554",0.0161
"103573",-0.0452
"103583",0.001
"103655",-0.4603
"103677",-0.027
"103694",0.065
"103710",0.0052
"103711",-0.0613
"103712",0.1549
"103724",0.0559
"103729",0.1748
"103733",0.0634
"103737",0.0617
"103742",0.1085
"103743",0.1405
"103765",0.0291
"103768",0.0085
"103784",0.0519
"103806",0.0209
"103836",0.0312
"103841",-0.0676
"103844",0.4165
"103850",0.0491
"103963",0.0613
"103967",-0.1725
"103968",0.0033
"103978",-0.1869
"103988",-0.157
"104001",-0.0695
"104009",-0.007
"104010",0.1974
"104015",-0.071
"104027",0.0399
"104069",-0.0658
"104079",0.1041
"104080",0.7905
"104082",-0.0075
"104086",-0.0826
"104099",-0.0461
"104103",-0.1377
"104110",0.1389
"104111",0.0165
"104112",0.0612
"104130",0.0157
"104156",0.0372
"104174",-0.0759
"104175",0.1394
"104184",0.0398
"104215",0.0094
"104248",-0.0215
"104252",0.2164
"104263",0.0074
"104271",-0.3502
"104303",2e-04
"104307",0.1992
"104318",0.0218
"104346",-0.1627
"104348",-0.0535
"104349",0.0147
"104362",-0.0744
"104366",-0.0486
"104368",-0.1865
"104382",-0.142
"104383",0.1315
"104394",0.0155
"104401",-0.03
"104416",0.0782
"104418",0.0831
"104444",0.0194
"104445",0.0337
"104457",0.117
"104458",0.0578
"104479",0.0563
"104570",-0.073
"104582",0.1086
"104601",-0.0895
"104625",-0.1211
"104662",-0.0712
"104681",-0.1097
"104692",0.7168
"104709",-0.0214
"104718",-0.0401
"104721",0.0424
"104725",-0.0689
"104732",-0.2383
"104759",-0.0926
"104771",0.0295
"104776",-0.1047
"104799",0.0176
"104806",-0.0158
"104816",0.1638
"104831",-0.0538
"104836",-0.1414
"104859",-0.0197
"104871",0.0326
"104884",0.099
"104885",0.0274
"104886",-0.0399
"104910",-0.1348
"104923",-0.0439
"105000",-0.0612
"105005",0.1045
"105014",0.0337
"105083",0.0475
"105120",0.1702
"105148",-0.036
"105171",0.0429
"105193",0.1127
"105203",-0.0463
"105239",-0.0047
"105243",-0.1808
"105245",-0.0027
"105246",-0.0713
"105278",0.1571
"105298",0.1186
"105348",0.0285
"105349",0.225
"105351",-0.0514
"105352",-0.0718
"105364",-0.2025
"105372",-0.0255
"105377",-0.0302
"105387",0.2101
"105428",0.0381
"105439",-0.0468
"105440",-0.0023
"105445",-0.0821
"105446",-0.0695
"105450",0.1103
"105501",0.0186
"105504",-0.0241
"105513",0.0326
"105522",-0.0713
"105559",-0.037
"105638",-2e-04
"105651",-0.0646
"105653",0.0098
"105663",0.0361
"105670",-0.086
"105675",0.0843
"105689",0.0398
"105722",0.0096
"105727",-0.0708
"105732",-0.1064
"105734",0.0172
"105782",0.0295
"105785",-0.1512
"105787",-0.022
"105827",0.1949
"105833",-0.0123
"105835",0.1112
"105837",-0.3044
"105841",-0.0232
"105844",-0.0405
"105847",-0.0783
"105853",-0.0802
"105855",0.0145
"105859",0.1752
"105975",-0.2367
"105988",-0.0335
"106014",0.0329
"106021",-0.0714
"106025",0.041
"106026",-0.3094
"106039",0.0228
"106042",-0.0664
"106052",0.1879
"106064",-0.1253
"106068",-0.0171
"106073",0.0475
"106143",-0.0393
"106200",0.0405
"106205",-0.0381
"106248",0.1132
"106264",0.0583
"106298",-0.0321
"106326",0.0595
"106338",-0.1037
"106344",0.0965
"106347",0.8614
"106369",-0.0541
"106389",-0.0986
"106393",0.084
"106489",0.047
"106504",0.0048
"106512",-0.0273
"106522",0.02
"106529",0.1241
"106564",0.1185
"106565",-0.0199
"106572",0.0512
"106581",0.0643
"106582",0.2506
"106583",-0.0501
"106585",0.0046
"106618",0.038
"106628",0.363
"106633",0.0011
"106639",-0.0529
"106648",0.1079
"106672",0.0447
"106707",-0.0203
"106757",-0.5534
"106759",0.0482
"106763",0.0305
"106766",-0.3278
"106794",0.0365
"106795",0.0978
"106821",-0.0606
"106840",0.0905
"106861",0.0609
"106869",-0.0671
"106877",0.0231
"106878",0.0637
"106894",0.0315
"106931",0.0041
"106947",0.0294
"106952",-0.0592
"106957",-0.0173
"107003",-0.4492
"107022",0.0419
"107029",-0.0925
"107035",-0.0171
"107045",-0.0453
"107047",0.0696
"107065",-0.0469
"107071",0.0614
"107094",0.0912
"107173",0.0774
"107182",0.0044
"107197",0.0536
"107227",0.1132
"107239",0.1039
"107242",0.0567
"107250",-0.2233
"107260",-0.001
"107271",-0.0273
"107272",-0.0275
"107305",0.0523
"107321",-0.0946
"107328",0.0757
"107338",0.0147
"107350",-0.0057
"107351",0.0146
"107358",-0.0543
"107368",-0.0115
"107371",-0.0054
"107372",0.0126
"107373",0.0422
"107375",-0.1236
"107376",-0.1631
"107392",-0.0068
"107435",-0.0408
"107448",0.1138
"107449",0.1319
"107476",0.0136
"107477",0.5234
"107503",0.0304
"107508",-0.0467
"107513",-0.0144
"107515",-0.0313
"107522",0.0175
"107526",0.4227
"107527",-0.0994
"107528",0.0317
"107566",-0.0056
"107568",-0.1275
"107569",-0.1016
"107581",0.1275
"107585",-0.1013
"107586",-0.2794
"107589",0.1289
"107607",0.1929
"107650",0.0572
"107652",-0.031
"107656",0.21
"107684",-0.1013
"107686",0.0382
"107701",-0.0071
"107702",0.1131
"107723",0.0411
"107732",0.1216
"107733",0.0118
"107734",0.0538
"107746",6e-04
"107747",-0.0439
"107766",0.438
"107767",-0.0723
"107769",0.3084
"107770",0.3769
"107771",-0.1605
"107815",-0.0124
"107817",0.0246
"107823",0.038
"107829",-0.0076
"107831",0.0962
"107869",0.1473
"107885",-0.1761
"107895",-0.0306
"107932",0.0356
"107934",-0.0061
"107939",0.0011
"107951",0.0859
"107971",0.0666
"107975",-0.0238
"107976",0.0143
"107986",0.0508
"107993",0.3266
"107995",-0.1137
"107999",-0.0202
"108000",0.2432
"108011",-0.0252
"108012",-0.0808
"108013",-0.0538
"108014",-0.1023
"108015",1.4758
"108017",-0.8347
"108030",0.0799
"108037",0.029
"108043",0.6836
"108052",-0.0578
"108058",-0.1021
"108062",-0.0051
"108067",-0.0132
"108068",0.1804
"108069",-0.061
"108071",-0.043
"108073",0.0498
"108075",0.0101
"108077",-0.0153
"108079",-0.0291
"108083",-0.0358
"108086",0.0647
"108089",-0.0514
"108096",0.5235
"108097",0.0918
"108098",-6e-04
"108099",0.0339
"108100",0.0293
"108101",0.081
"108105",-0.1532
"108112",-0.0105
"108115",-0.4183
"108116",0.0078
"108121",-0.0846
"108123",-0.0019
"108124",0.1568
"108138",-0.021
"108143",-0.0374
"108147",0.0776
"108148",0.0715
"108150",-0.0462
"108151",-0.09
"108153",-0.6052
"108154",0.1575
"108155",0.0215
"108156",0.0588
"108159",-0.052
"108160",-0.1028
"108645",0.0353
"108652",0.0222
"108653",-0.0727
"108654",-0.0901
"108655",-0.0549
"108657",0.0753
"108660",0.1007
"108664",0.0042
"108670",-0.5146
"108671",0.1082
"108672",-0.0773
"108673",0.0623
"108679",0.0187
"108682",0.0779
"108686",-0.0516
"108687",0.1577
"108689",0.0711
"108705",0.0172
"108707",0.0554
"108723",0.6416
"108735",-0.1073
"108737",0.0288
"108755",-0.0218
"108760",-0.0952
"108767",-0.0272
"108797",0.1421
"108800",-0.1198
"108802",-0.1751
"108811",0.0535
"108816",-0.0509
"108829",0.023
"108832",0.0025
"108837",-0.0849
"108841",0.0524
"108853",0.0554
"108857",-0.0128
"108871",-0.2197
"108888",-0.0043
"108897",-0.2338
"108899",0.0421
"108900",0.1807
"108902",0.0578
"108903",-0.0314
"108907",0.086
"108909",-0.0547
"108911",0.0716
"108912",-0.1921
"108927",0.2406
"108934",-0.0219
"108937",-0.0107
"108943",0.0203
"108946",-0.03
"108954",-0.0115
"108958",0.1279
"108960",-0.0353
"108961",-2e-04
"108989",-0.0281
"108995",0.361
"109006",0.0167
"109019",-0.146
"109032",-0.0181
"109042",0.1843
"109050",0.1331
"109054",-0.0087
"109065",-0.0149
"109075",0.0215
"109077",0.0286
"109079",-0.0546
"109082",0.0145
"109093",0.004
"109095",0.0648
"109108",-0.0577
"109113",0.0067
"109115",0.021
"109129",-0.0277
"109135",0.2696
"109136",0.0293
"109145",0.0036
"109151",-0.0305
"109154",0.0842
"109161",-0.0405
"109168",-0.0558
"109169",-0.1112
"109181",-0.0455
"109198",-0.576
"109202",0.1345
"109205",-0.0602
"109212",0.0163
"109222",-4.345e-05
"109225",-0.2277
"109229",0.0322
"109232",-0.0596
"109241",-0.0763
"109242",-0.0334
"109245",0.1466
"109246",-0.0515
"109263",0.0427
"109264",-0.1114
"109267",-0.2131
"109270",0.2867
"109272",0.4767
"109275",0.1082
"109280",-0.2115
"109284",-0.0532
"109294",-0.0695
"109299",0.1077
"109305",0.0674
"109323",-0.3575
"109331",-0.047
"109333",-0.0496
"109334",0.0172
"109342",0.5989
"109344",-0.0861
"109346",-0.0132
"109349",0.0926
"109359",0.0551
"109361",-0.2604
"109552",0.0239
"109593",-0.1465
"109594",-0.1587
"109620",-0.1574
"109624",0.0322
"109648",0.6397
"109652",-0.0159
"109658",-0.0126
"109660",0.226
"109672",-0.0302
"109674",0.0767
"109685",-0.4133
"109689",-0.046
"109700",-0.0396
"109711",0.0069
"109731",-0.0741
"109754",0.0564
"109778",0.008
"109785",0.035
"109801",0.0283
"109815",0.0671
"109857",-0.052
"109880",-0.1076
"109889",0.011
"109900",-0.1047
"109901",-0.3011
"109904",-0.0534
"109905",-0.0712
"109910",-0.0528
"109929",-0.0861
"109934",0.0555
"109979",0.2441
"110006",-0.0019
"110012",0.0154
"110033",0.1242
"110052",-0.1298
"110058",-0.047
"110074",0.0591
"110075",-0.0712
"110078",-0.0093
"110082",0.0482
"110083",0.8678
"110084",0.1926
"110094",0.1273
"110095",-0.0856
"110109",0.0638
"110119",0.0012
"110147",0.0687
"110153",0.03
"110157",0.0786
"110168",0.6665
"110172",-0.0391
"110173",-0.0767
"110175",0.0037
"110196",-0.0042
"110197",0.0812
"110198",0.0215
"110208",-0.0199
"110213",0.028
"110253",-0.0643
"110257",0.3055
"110265",-0.0185
"110279",-0.0071
"110304",-0.1798
"110312",-0.3917
"110323",0.0177
"110326",0.0925
"110332",0.0912
"110333",0.1338
"110350",-0.0799
"110351",0.0466
"110355",0.0037
"110379",0.0942
"110380",-0.0225
"110382",0.3563
"110385",0.199
"110391",-0.0113
"110417",-0.044
"110446",0.0589
"110454",0.2317
"110460",0.0157
"110521",-0.0585
"110524",-0.0358
"110532",0.0292
"110542",0.3697
"110557",0.1023
"110593",-0.0062
"110595",0.0191
"110596",-0.0526
"110606",-0.0301
"110611",0.0112
"110616",-0.0754
"110637",-0.067
"110639",-0.0634
"110648",-0.0136
"110651",-0.0302
"110695",-0.022
"110749",-0.3125
"110750",-0.0391
"110784",-0.0661
"110789",-0.2898
"110796",0.0027
"110809",-0.067
"110816",0.0968
"110821",0.0035
"110826",0.06
"110829",-0.0961
"110834",0.6517
"110835",0.3281
"110842",-0.0222
"110854",0.0457
"110862",-0.1215
"110876",-0.0611
"110877",0.0216
"110886",0.0172
"110891",0.0646
"110893",-0.1071
"110895",-0.0547
"110902",0.1443
"110911",-0.0396
"110920",-2e-04
"110948",-0.0267
"110954",0.0078
"110956",0.1391
"110959",0.0517
"110960",0.0204
"110962",-0.0012
"111173",0.0063
"111175",0.113
"111241",-0.409
"111970",0.0184
"111975",0.1598
"112403",0.0393
"112405",-0.0303
"112406",0.031
"112407",0.3738
"112415",-0.0044
"112418",0.7029
"112419",-0.1962
"112422",-0.578
"113868",0.0661
"114128",-0.0069
"114142",0.1755
"114143",0.1296
"114229",0.0698
"114249",-0.2628
"114255",-0.2231
"114301",-0.1955
"114332",0.3213
"114479",-0.0487
"114565",-0.0169
"114570",0.041
"114584",-0.1255
"114585",0.016
"114601",0.0091
"114602",0.4204
"114604",0.0997
"114606",-0.1703
"114615",-0.1293
"114641",0.0939
"114642",-0.1036
"114643",-0.4824
"114644",0.1173
"114654",-0.3684
"114663",-0.0432
"114664",-0.1438
"114668",0.2589
"114674",0.024
"114679",0.1775
"114713",0.0514
"114714",-0.0841
"114715",-0.0881
"114716",-0.0566
"114741",-0.0384
"114774",-0.1103
"114863",0.1014
"114873",-0.0842
"114874",0.009
"114875",0.1093
"114886",-0.0918
"114893",-0.085
"114896",-0.02
"116701",0.0035
"116731",-0.1484
"116733",8e-04
"116748",-0.0981
"116837",-0.0765
"116838",0.0144
"116847",-0.2073
"116848",0.0643
"116870",-0.0087
"116871",-0.0944
"116873",-0.0287
"116891",0.0418
"116903",-1.2829
"116904",0.6274
"116905",0.0646
"116914",0.1203
"116939",0.0815
"116940",-0.0792
"116972",-0.0138
"117109",0.0687
"117146",0.0281
"117148",0.1339
"117149",0.037
"117150",0.0742
"117160",0.0686
"117167",0.2108
"117171",0.0178
"117197",0.0057
"117198",0.0589
"117229",-0.6611
"117589",0.0658
"117590",-0.6604
"117591",-0.2122
"117592",0.0697
"117599",0.0033
"117600",0.0377
"117606",-0.0602
"118445",-0.0227
"118446",-0.0171
"118449",-0.1231
"118451",0.0086
"118452",0.1198
"118453",-0.1379
"118454",0.137
"121021",0.0172
"121022",0.0516
"140476",0.248
"140481",0.008
"140482",0.0174
"140483",0.0597
"140484",0.0047
"140488",-0.1937
"140492",-0.0521
"140493",-0.0639
"140494",-0.1076
"140497",0.1305
"140498",0.3265
"140499",0.0421
"140500",0.0669
"140546",0.0658
"140557",-0.3045
"140559",-0.0433
"140570",0.0031
"140571",0.0286
"140577",-0.0023
"140579",0.1104
"140580",-0.0411
"140629",0.0215
"140630",-0.0516
"140703",0.1721
"140709",-0.1694
"140721",-0.0383
"140723",-0.3478
"140740",-0.0516
"140741",0.005
"140742",0.091
"140743",0.0419
"140780",-0.1298
"140781",0.4872
"140792",-0.1863
"140795",0.1557
"140810",0.0074
"140858",0.0371
"140859",-0.2113
"140887",0.2856
"140904",0.0021
"140917",0.2047
"140919",-0.2146
"142682",-0.0393
"142688",-0.0242
"142980",-0.0982
"170439",0.0092
"170441",-0.2855
"170442",-0.4547
"170459",-0.0991
"170460",-0.0049
"170461",0.0777
"170472",-0.0072
"170483",0.3712
"170571",-0.0914
"170574",0.7215
"170625",-0.0492
"170638",0.0381
"170639",0.1163
"170643",-0.1399
"170644",0.0119
"170658",-0.0187
"170676",-0.0192
"170677",-0.4468
"170706",-0.4239
"170707",-0.0125
"170711",-0.0297
"170716",-0.005
"170718",0.0619
"170719",-0.0964
"170720",1.2112
"170721",-0.1254
"170728",0.1731
"170729",0.1479
"170731",0.018
"170732",-0.2959
"170735",0.4384
"170736",-0.0855
"170737",0.0656
"170738",-0.0222
"170740",-0.0896
"170742",0.1544
"170743",0.1667
"170744",0.6939
"170745",0.5523
"170748",-0.0114
"170749",0.092
"170750",0.0336
"170752",-0.1893
"170753",-0.1765
"170755",-0.048
"170756",-0.0539
"170757",0.0967
"170758",0.0019
"170759",0.0687
"170760",-0.0523
"170761",-0.0946
"170762",0.0086
"170763",0.0244
"170765",-0.2404
"170767",-0.0157
"170768",0.064
"170770",-0.1178
"170771",-0.0935
"170772",0.1084
"170776",0.9964
"170786",-0.5679
"170787",0.1079
"170788",0.4383
"170789",0.3051
"170790",0.0259
"170791",-0.0753
"170799",0.0768
"170822",0.0416
"170823",-0.1293
"170826",-0.0139
"170829",-0.6683
"170833",-0.0874
"170835",0.1405
"170930",-0.1003
"170935",-0.271
"170936",-0.0606
"170938",0.0081
"170942",0.2347
"170952",0.1107
"171095",0.1193
"171167",0.029
"171171",-0.0875
"171180",0.2756
"171207",-0.0281
"171210",-0.0147
"171211",-0.4603
"171212",0.0583
"171281",-0.1652
"171282",-0.0531
"171285",0.0137
"171286",0.4559
"171395",0.1013
"171429",0.0971
"171463",-0.1091
"171469",0.0536
"171486",0.0453
"171504",0.0448
"171508",0.0771
"171531",0.3068
"171543",0.042
"171567",-0.1137
"171580",-0.0605
"191578",-0.0481
"192119",0.0096
"192120",0.3205
"192136",-0.0662
"192156",0.0382
"192157",-0.0063
"192159",0.0043
"192160",0.0359
"192161",-0.0683
"192163",-0.0498
"192164",-0.2584
"192166",0.1706
"192167",-0.0728
"192169",0.0019
"192170",0.0619
"192173",0.0533
"192174",0.0191
"192176",0.0182
"192185",0.0357
"192187",0.1954
"192188",0.2956
"192190",0.0283
"192191",0.0295
"192192",0.2446
"192193",-0.0549
"192195",-0.0043
"192196",-0.1422
"192197",-0.0305
"192198",0.0329
"192199",-0.0133
"192212",0.5727
"192216",-0.0629
"192231",-0.1017
"192232",-0.0231
"192236",0.0275
"192285",0.1163
"192287",0.008
"192289",0.2192
"192292",-0.0201
"192650",0.0876
"192651",-0.0057
"192652",0.0712
"192653",0.5598
"192654",0.0612
"192656",0.0492
"192657",0.0833
"192662",0.1026
"192663",0.0092
"192678",-0.0943
"192734",-0.0351
"192775",-0.2731
"192786",-0.0378
"192897",0.0842
"192950",0.0783
"192970",0.0535
"192976",-0.0189
"192986",-0.0211
"193003",0.4629
"193043",-0.0557
"193116",-0.0063
"193217",-0.7781
"193280",0.0838
"193286",-0.3764
"193385",-0.0472
"193452",0.0956
"193670",0.0546
"193736",-0.0758
"193740",-0.031
"193742",0.103
"193796",0.0518
"193813",0.02
"193838",0.0886
"194126",0.0905
"194237",0.0832
"194268",0.0312
"194309",-0.0265
"194388",-0.0406
"194401",0.0795
"194590",-0.0356
"194655",-0.173
"194744",-0.903
"194908",-0.7425
"194952",-0.0668
"194974",-0.323
"195018",0.001
"195040",-0.0174
"195046",0.0303
"195208",-0.0059
"195209",0.0756
"195434",-0.0626
"195522",-0.0706
"195531",-0.0216
"195646",0.0953
"195727",0.0303
"195733",-0.1039
"207165",0.0053
"207175",-0.1239
"207181",-0.0317
"207182",0.0754
"207212",0.0116
"207214",-0.0479
"207215",-0.3311
"207227",0.0665
"207259",-0.087
"207278",-0.142
"207304",-0.0273
"207318",-0.3451
"207352",0.0264
"207375",-0.0133
"207393",-0.0354
"207425",-0.0374
"207474",-0.1119
"207495",-0.2077
"207521",0.0688
"207565",0.043
"207592",-0.0293
"207596",0.0735
"207607",0.3137
"207615",-0.0572
"207618",-0.1841
"207667",0.1019
"207683",-0.0416
"207686",0.0538
"207704",0.0329
"207728",0.0503
"207740",0.0411
"207742",-0.0708
"207777",-0.0411
"207781",0.1104
"207785",0.0486
"207792",0.2262
"207798",0.029
"207806",-0.0413
"207818",-0.153
"207819",0.2733
"207839",0.0946
"207911",0.3317
"207921",8e-04
"207932",0.0883
"207952",-0.0197
"207958",-0.0154
"207965",0.0642
"208043",-0.1273
"208076",-0.0586
"208080",0.0225
"208084",0.1413
"208092",0.0583
"208104",-0.0661
"208111",-0.0094
"208117",-0.0215
"208144",0.0309
"208146",-0.0512
"208151",-0.0106
"208154",-0.4298
"208158",0.0133
"208164",0.2187
"208166",0.3123
"208171",-0.2262
"208177",-0.138
"208188",0.4457
"208194",-0.0095
"208198",0.0343
"208211",-0.032
"208213",-0.0802
"208228",0.07
"208263",-0.0974
"208266",0.0676
"208285",-0.0666
"208292",-0.0874
"208366",0.1395
"208372",-0.0633
"208426",-0.0055
"208431",0.013
"208439",-0.0244
"208440",0.0195
"208449",0.0293
"208501",0.0666
"208518",-0.0801
"208583",-0.0731
"208595",-0.0334
"208606",-0.0884
"208613",1.6787
"208618",0.0534
"208624",0.1662
"208628",0.0648
"208638",0.0187
"208643",0.0411
"208647",0.0628
"208650",-0.0673
"208659",0.0135
"208666",0.0081
"208677",0.1909
"208691",0.0507
"208715",-0.0137
"208718",0.0124
"208727",-0.02
"208748",-0.0701
"208768",0.0389
"208777",-0.0771
"208795",-0.0176
"208820",-0.1476
"208836",9e-04
"208846",-0.0556
"208869",0.0634
"208884",-0.0127
"208890",0.6421
"208898",-0.267
"208908",-0.1807
"208922",-0.0475
"208936",-0.1978
"208943",-1.4591
"208967",0.0051
"208968",0.0012
"208982",0.0675
"208990",-0.3291
"208994",0.1518
"209003",0.0786
"209011",-0.0044
"209012",0.0946
"209018",-0.017
"209027",0.4824
"209032",-0.0997
"209039",-0.1601
"209047",-0.3939
"209086",-0.0873
"209131",0.0265
"209176",-0.1102
"209195",-0.7888
"209200",-0.1597
"209212",-0.1117
"209224",-0.1694
"209225",-0.0084
"209239",0.0103
"209268",-0.3419
"209318",0.081
"209334",-0.2884
"209354",-0.0042
"209357",0.1133
"209361",-0.0794
"209378",-0.1381
"209387",-0.0969
"209416",-0.1071
"209446",-0.0034
"209456",-0.0436
"209462",-0.0852
"209478",-0.0057
"209497",0.0216
"209540",-0.5045
"209550",-0.1986
"209558",0.1419
"209584",-0.0798
"209586",-0.0406
"209601",-0.2203
"209630",-0.0344
"209645",-0.234
"209683",0.0217
"209692",-0.2112
"209707",-0.3427
"209737",0.0961
"209743",-0.0417
"209760",-0.0372
"209773",0.0046
"209776",0.1792
"209815",0.0799
"209837",0.6036
"209966",0.0554
"210004",0.1064
"210009",0.0322
"210027",0.1246
"210029",0.1842
"210035",-0.1693
"210044",0.0468
"210094",0.2475
"210104",-0.0191
"210105",0.1465
"210106",0.003
"210108",0.0787
"210126",-0.0907
"210135",0.0746
"210146",0.0108
"210148",0.0615
"210162",-0.1011
"210172",0.001
"210274",0.0186
"210293",0.0113
"210297",-0.1076
"210356",-0.2375
"210376",-0.0391
"210417",0.0681
"210503",-0.3508
"210510",0.224
"210529",-0.0939
"210530",0.0755
"210544",0.0894
"210573",0.1182
"210582",-0.0254
"210583",0.0414
"210622",-0.2268
"210673",0.0364
"210710",0.1243
"210711",-0.0293
"210719",-0.2349
"210741",-0.0181
"210762",0.2673
"210766",-0.077
"210789",0.0842
"210801",0.2871
"210808",0.0463
"210853",0.0295
"210925",-0.0828
"210933",-0.0388
"210973",-0.0624
"210982",-0.0173
"210992",0.0519
"210998",-0.0069
"211006",-0.0666
"211007",0.0053
"211039",-0.106
"211064",-0.0677
"211134",0.0196
"211135",0.009
"211147",0.2021
"211151",0.0064
"211187",-0.0328
"211228",-0.5497
"211232",-0.0115
"211253",-0.0747
"211255",-0.0451
"211286",-0.0079
"211323",0.3053
"211329",-0.0055
"211347",-0.0246
"211378",0.0026
"211383",0.0391
"211389",0.0655
"211401",-0.0289
"211446",-0.0049
"211468",0.4415
"211480",0.1735
"211482",0.6205
"211484",0.007
"211488",-0.0799
"211499",0.0356
"211535",-0.0815
"211548",0.0411
"211550",-0.0787
"211556",-0.0461
"211577",0.0293
"211586",0.0789
"211612",-0.2069
"211623",-0.6164
"211651",-0.0837
"211652",0.0565
"211660",0.0249
"211673",-0.0074
"211712",-0.1888
"211739",-0.0784
"211770",0.1781
"211798",-0.0554
"211896",-0.1419
"211914",0.0224
"211922",0.0019
"211924",0.0833
"211936",0.0954
"211945",-0.0169
"211948",-0.0092
"211949",0.0379
"211961",-0.0208
"211978",0.0224
"211986",-0.0037
"212032",-0.2557
"212073",0.0694
"212090",0.0804
"212111",0.098
"212114",0.0333
"212123",-0.0047
"212124",0.719
"212127",0.0559
"212139",-0.1024
"212153",0.0395
"212163",0.0197
"212167",-0.1171
"212168",-0.013
"212190",0.4933
"212198",0.0554
"212276",-0.0628
"212281",-0.0517
"212285",-0.0453
"212307",-0.0618
"212326",0.1086
"212377",-0.062
"212390",-0.0736
"212391",0.0213
"212392",-0.5119
"212398",-0.14
"212439",0.2597
"212442",-0.0244
"212448",-0.0166
"212483",9e-04
"212503",0.0408
"212508",-0.1496
"212514",0.0594
"212516",-0.0278
"212517",-0.1189
"212518",0.0455
"212528",0.0399
"212531",0.0617
"212539",-0.3457
"212541",-0.0071
"212547",-0.026
"212555",0.1174
"212569",-0.0349
"212627",0.0301
"212632",0.0271
"212647",-0.0343
"212670",0.2361
"212679",0.0668
"212706",0.0889
"212712",0.0726
"212728",0.0346
"212772",-0.0752
"212862",-0.0997
"212880",-0.0712
"212892",-0.1209
"212898",-0.1041
"212919",0.0491
"212933",-0.0644
"212937",0.2527
"212943",0.07
"212974",0.0202
"212980",0.2856
"212986",-0.0159
"212996",-0.0395
"212998",1.0453
"212999",0.0385
"213006",0.0374
"213011",-0.023
"213012",-0.1435
"213019",-0.0033
"213027",-0.0356
"213053",0.1166
"213054",-0.0332
"213056",-0.0222
"213068",-0.1293
"213081",0.0023
"213084",0.0201
"213109",-0.0182
"213119",0.0192
"213121",0.003
"213208",0.3665
"213211",-0.1109
"213233",-0.0467
"213234",0.4522
"213236",0.1338
"213248",0.5321
"213262",-0.0672
"213311",-0.218
"213326",0.0504
"213332",0.2029
"213350",-0.0096
"213389",-0.0332
"213391",0.0767
"213393",1.2653
"213402",-0.0511
"213409",0.232
"213417",-0.1788
"213435",0.7995
"213436",-0.4246
"213438",0.1561
"213452",-0.0085
"213464",0.0073
"213469",0.0768
"213484",-0.1106
"213491",0.0421
"213498",0.008
"213499",0.0028
"213527",0.5228
"213539",0.093
"213541",0.0136
"213550",-0.0551
"213556",-0.2774
"213573",0.0547
"213575",-0.0264
"213582",-0.0742
"213649",0.0647
"213673",0.0074
"213742",-2.2473
"213753",0.0072
"213760",-0.0613
"213765",-0.0402
"213773",0.0017
"213781",-0.2052
"213783",-0.1445
"213788",-0.2355
"213811",0.1181
"213819",0.0026
"213827",0.005
"213895",-0.0546
"213945",0.579
"213948",0.1761
"213980",-0.0222
"213988",0.003
"213990",-0.0115
"213993",-0.0406
"214048",0.0597
"214058",-0.0775
"214063",0.0283
"214084",-0.0567
"214105",-0.3886
"214106",-0.3046
"214111",0.8922
"214112",0.1582
"214133",0.002
"214137",0.0347
"214150",0.0181
"214158",-0.4364
"214162",-0.1073
"214189",-0.3178
"214230",-0.0345
"214239",0.1092
"214240",-0.0346
"214253",0.0309
"214254",-0.0446
"214290",-0.0578
"214292",-0.0511
"214305",0.0125
"214321",-0.2817
"214345",-0.0879
"214359",0.0311
"214384",0.1103
"214424",-0.2333
"214425",-0.868
"214444",-0.1525
"214459",-0.0058
"214469",-0.0528
"214489",0.0263
"214498",-0.1097
"214505",0.0643
"214547",0.0652
"214552",0.0796
"214572",0.0375
"214575",0.0252
"214579",-0.0564
"214580",-0.0423
"214585",0.0048
"214597",0.0329
"214601",0.2437
"214616",0.1574
"214627",-0.0374
"214639",-0.0263
"214642",-0.2211
"214663",-0.0115
"214669",0.0107
"214685",0.0797
"214704",0.0521
"214742",-0.0439
"214763",0.0206
"214764",-0.0459
"214779",-0.0556
"214791",-0.1123
"214804",-0.1068
"214812",0.0027
"214854",0.1731
"214855",0.1497
"214895",0.0759
"214897",-0.003
"214899",-0.0253
"214901",-0.2078
"214917",0.0267
"214922",0.1301
"214931",0.0059
"214932",0.0414
"214944",0.0145
"214951",0.0437
"214952",0.0019
"214968",-0.0075
"214987",0.0746
"215001",-0.0295
"215008",-0.0152
"215015",-0.0179
"215051",-0.0654
"215085",0.0332
"215090",0.0176
"215113",0.0525
"215114",0.0603
"215160",-0.011
"215193",0.0077
"215194",-0.01
"215201",0.082
"215210",-0.0059
"215243",-0.3221
"215280",-0.0636
"215303",0.0466
"215335",0.0883
"215351",-0.0269
"215378",0.0115
"215384",-0.19
"215387",0.1955
"215418",0.2934
"215436",6e-04
"215445",0.0878
"215446",-0.0883
"215449",-0.08
"215458",-0.0087
"215474",-0.063
"215476",0.011
"215493",-0.4713
"215494",0.0548
"215512",-0.2379
"215615",0.0287
"215627",-0.1112
"215632",0.2551
"215653",-0.1109
"215654",-0.2528
"215690",-0.0454
"215693",-0.0661
"215705",-0.0489
"215707",-0.0149
"215708",-0.1829
"215714",0.7146
"215748",0.1397
"215751",-0.0387
"215772",0.4227
"215789",-0.0843
"215798",-0.103
"215814",0.0539
"215819",-0.0757
"215821",-0.0185
"215890",-0.057
"215900",-0.0639
"215928",-0.4763
"215929",-0.4191
"215951",0.0965
"215999",-0.019
"216001",0.0191
"216011",0.0481
"216019",0.2247
"216021",-0.2173
"216028",-0.1291
"216033",-0.351
"216049",-0.085
"216080",0.0049
"216119",0.082
"216131",0.0337
"216134",0.0073
"216136",-0.023
"216148",0.0446
"216150",0.1138
"216151",0.0612
"216152",-0.029
"216154",-0.0087
"216156",0.0201
"216157",0.0716
"216161",-0.0469
"216166",0.143
"216169",0.079
"216177",0.038
"216188",0.1833
"216190",-0.1775
"216197",0.057
"216198",0.0577
"216225",-0.2624
"216227",-0.0968
"216233",-0.0366
"216238",-0.0912
"216274",0.0227
"216292",-0.0679
"216343",0.1239
"216344",-0.0715
"216345",-0.0475
"216363",0.0444
"216393",-0.1847
"216395",0.0587
"216438",0.0146
"216439",0.0056
"216440",0.0588
"216441",0.1767
"216443",0.0089
"216445",-0.217
"216456",-0.0037
"216459",-0.0186
"216505",-0.0971
"216516",-0.0444
"216527",0.0301
"216543",0.062
"216549",-0.0388
"216551",0.0132
"216558",-0.0337
"216560",0.0304
"216565",-0.0605
"216578",-0.0058
"216613",-0.1504
"216616",-0.16
"216618",-0.025
"216622",0.0303
"216635",0.6202
"216705",-0.0196
"216724",-0.1099
"216725",0.0572
"216739",0.0747
"216742",0.0214
"216749",-0.0489
"216760",0.009
"216766",0.0455
"216767",0.0426
"216792",0.1485
"216795",-0.3371
"216799",-0.0151
"216805",0.0813
"216810",0.0562
"216820",0.0872
"216821",0.0568
"216825",-0.0097
"216829",0.0535
"216831",0.0838
"216835",-0.1297
"216846",-0.0874
"216848",-0.0099
"216850",0.0676
"216853",0.0632
"216856",-0.0072
"216858",-0.1615
"216860",0.0133
"216864",0.0844
"216867",-0.1354
"216869",-0.0524
"216873",-0.0301
"216874",0.0098
"216877",0.0505
"216881",-0.0098
"216892",0.0631
"216961",-0.1771
"216963",0.1981
"216964",0.1327
"216965",-0.0584
"216971",0.0389
"216974",-0.1082
"216976",-0.072
"216987",-0.0667
"216991",-0.035
"217011",0.1136
"217012",0.2175
"217026",-0.0985
"217030",-0.0232
"217031",-0.0601
"217038",0.2021
"217039",-0.1075
"217057",-0.0122
"217069",-0.0716
"217082",-0.2965
"217109",-0.0203
"217119",-0.0435
"217124",0.0553
"217125",-0.1746
"217127",0.0069
"217138",0.274
"217140",-0.1059
"217143",0.2765
"217149",0.0244
"217151",0.1483
"217154",0.2436
"217166",-0.1078
"217169",1.2289
"217194",-0.0079
"217198",-0.0289
"217201",0.0411
"217203",0.0414
"217207",0.026
"217216",-0.4765
"217217",-0.0623
"217218",-0.014
"217219",0.0686
"217232",-0.1105
"217258",-0.1904
"217262",-0.0464
"217265",-0.121
"217294",-0.1587
"217303",0.0614
"217305",0.5972
"217310",0.0811
"217316",0.1158
"217325",-0.067
"217331",-0.0402
"217333",0.1804
"217335",0.0548
"217337",-0.0663
"217340",0.0529
"217342",0.0185
"217344",-0.4675
"217351",0.0078
"217353",0.5488
"217356",0.3226
"217364",0.124
"217365",-0.0425
"217366",0.0188
"217370",0.0191
"217371",0.0717
"217378",-0.0817
"217379",0.0462
"217410",0.1411
"217430",-0.1075
"217431",-0.0567
"217449",0.0142
"217463",-0.0075
"217473",-0.0076
"217480",0.1387
"217517",-0.1042
"217536",-0.8113
"217558",-0.0755
"217578",0.3537
"217588",0.1041
"217593",0.3816
"217648",0.0808
"217653",-0.0908
"217664",0.0443
"217666",0.0112
"217682",-0.1649
"217684",-0.054
"217692",0.0726
"217695",0.0237
"217698",-0.0488
"217700",-0.2191
"217705",0.0245
"217707",0.0965
"217708",0.0631
"217715",-0.0556
"217716",0.0428
"217718",0.0255
"217721",0.0167
"217732",-0.023
"217733",0.0899
"217734",-0.0315
"217737",0.1298
"217738",0.0747
"217779",-0.0229
"217826",-0.0636
"217827",0.0458
"217830",0.1809
"217835",0.3925
"217837",0.1525
"217843",0.0159
"217864",-0.0178
"217866",0.0094
"217869",-0.0749
"217882",0.0399
"217887",0.1894
"217893",0.0695
"217935",0.0962
"217944",0.0157
"217946",0.0553
"217951",-0.1666
"217980",-0.0278
"217995",0.0195
"218030",-1.2381
"218035",-0.0042
"218038",-0.0721
"218100",-0.0435
"218121",-0.0231
"218138",-0.0134
"218194",-0.0435
"218203",0.0246
"218210",0.0155
"218214",0.0315
"218215",0.0096
"218232",0.0925
"218236",0.0037
"218271",0.0435
"218294",0.0893
"218311",-0.2949
"218314",0.0307
"218333",-0.0221
"218335",0.0042
"218341",-0.017
"218343",-0.0395
"218397",-0.1378
"218440",-0.0626
"218441",0.0187
"218442",-0.0135
"218454",-0.062
"218460",-0.0237
"218461",0.1029
"218476",-0.2101
"218490",-0.0386
"218503",-0.185
"218506",0.01
"218518",0.0829
"218543",-0.0068
"218544",0.0504
"218581",0.2317
"218613",-0.0434
"218624",1.3869
"218629",0.0643
"218630",-0.0023
"218639",-0.1173
"218693",-0.0022
"218695",1.0933
"218699",-0.0345
"218734",-0.1312
"218739",0.1755
"218756",-0.0049
"218763",0.2972
"218772",-0.1874
"218793",-0.0595
"218811",0.064
"218820",0.0801
"218832",-0.0518
"218850",-0.0406
"218865",-0.0209
"218877",0.1276
"218885",0.0239
"218914",-0.0226
"218952",-0.1229
"218963",0.0253
"218973",-0.0539
"218975",-0.0304
"218977",-0.3083
"218989",-0.0808
"219022",0.0105
"219024",0.0634
"219072",-0.1116
"219094",-0.0816
"219103",0.2912
"219105",-0.0976
"219114",-0.0803
"219132",-0.2017
"219134",-0.0264
"219135",-0.004
"219140",0.0708
"219144",-0.4594
"219148",0.0946
"219149",0.0744
"219150",0.0931
"219151",-0.1685
"219158",0.0186
"219170",1.1209
"219181",-0.0599
"219189",0.0608
"219228",0.0533
"219249",-0.0135
"219257",-0.1219
"223227",-0.14
"223254",-0.0911
"223255",-0.0568
"223267",0.0305
"223272",-0.2235
"223332",-0.3019
"223433",-0.0426
"223435",0.0928
"223453",0.146
"223455",-0.0415
"223473",0.0654
"223483",-0.0952
"223499",0.0513
"223527",-0.1159
"223593",-0.034
"223601",-0.0086
"223604",-0.1928
"223626",0.0361
"223642",0.0905
"223645",-1.0065
"223646",-0.1899
"223648",0.0529
"223649",-0.1863
"223650",2.113
"223658",0.054
"223664",0.0613
"223665",0.0071
"223666",0.1032
"223669",0.0279
"223690",0.037
"223691",0.0167
"223693",0.0039
"223696",0.0378
"223697",0.0877
"223701",0.0653
"223722",0.0662
"223723",0.0478
"223726",0.1309
"223732",0.0356
"223739",0.084
"223752",0.0249
"223753",-0.0011
"223754",0.0696
"223770",-0.0213
"223773",-0.0222
"223774",0.1638
"223775",0.149
"223776",-0.0361
"223827",-0.0981
"223828",-0.0212
"223838",-0.155
"223843",-0.0937
"223864",0.0653
"223870",-0.0137
"223881",0.0502
"223915",0.3683
"223918",0.0848
"223921",0.0958
"223922",-0.0451
"223970",-0.1874
"223978",-0.0256
"223989",-0.0107
"224008",-0.0183
"224014",-0.1041
"224019",-0.0283
"224020",0.0172
"224022",0.19
"224023",-0.0127
"224024",0.1976
"224045",0.0351
"224055",-0.4215
"224079",-0.1319
"224088",-0.0652
"224090",0.0025
"224092",0.0985
"224093",0.1837
"224105",-0.0985
"224109",0.0063
"224111",-0.0733
"224129",0.1017
"224132",0.0012
"224139",0.0162
"224143",0.0692
"224170",-0.0087
"224171",-0.0024
"224224",0.2269
"224250",-0.0841
"224273",0.0076
"224291",0.1167
"224344",-0.0712
"224405",-0.0773
"224419",0.2687
"224432",0.039
"224440",-0.1523
"224454",-0.0863
"224481",0.0214
"224523",-0.1763
"224530",-0.1583
"224585",-0.098
"224598",-0.1007
"224613",0.0709
"224617",-0.0068
"224619",0.0164
"224624",0.0973
"224630",0.0943
"224640",0.1338
"224647",0.0259
"224648",0.0692
"224650",0.0428
"224656",0.019
"224661",-0.0671
"224671",0.0379
"224674",0.3205
"224691",0.0114
"224694",-0.0786
"224697",-0.1883
"224703",0.0147
"224705",0.0163
"224727",0.0319
"224742",0.1231
"224792",0.0199
"224794",0.0246
"224796",-0.0788
"224805",0.1332
"224807",0.0373
"224813",0.0666
"224814",0.0533
"224823",-0.0071
"224824",0.0603
"224826",-0.0363
"224829",-0.0452
"224833",-0.4256
"224836",-0.0015
"224860",0.1036
"224893",-0.0023
"224897",0.0374
"224902",-0.0777
"224903",-0.0046
"224904",0.1215
"224907",-0.0129
"224938",-0.0609
"224997",0.0208
"225010",-0.0144
"225020",0.0456
"225027",0.0048
"225028",0.0088
"225030",-0.378
"225049",0.0172
"225055",-0.0485
"225115",0.1615
"225131",-0.0218
"225160",-0.0161
"225164",0.0036
"225182",0.0649
"225187",0.0022
"225207",-0.0619
"225215",-0.0158
"225266",-0.0833
"225280",-0.0654
"225283",-0.0183
"225288",-0.0459
"225289",0.0067
"225326",-0.0307
"225339",-0.0328
"225341",0.2733
"225348",-0.0189
"225358",-0.0523
"225362",0.0198
"225363",0.0214
"225372",0.0563
"225392",0.0959
"225432",-0.0259
"225467",-0.091
"225471",-0.3004
"225523",-0.0578
"225579",-0.4908
"225583",-0.1517
"225608",-0.1022
"225609",0.2705
"225631",-0.1178
"225638",1.0077
"225642",0.6463
"225651",0.1332
"225655",-0.0219
"225659",0.0331
"225724",0.2412
"225742",0.122
"225743",-0.139
"225745",0.0503
"225791",-0.0849
"225825",0.5433
"225845",-0.184
"225849",-0.0151
"225861",-0.0192
"225870",0.0718
"225872",1.1518
"225875",0.0269
"225876",0.0038
"225887",0.1402
"225888",0.0256
"225895",0.0299
"225896",0.0051
"225898",-0.0534
"225908",0.0653
"225912",0.1133
"225913",0.0162
"225929",-0.0439
"225994",-0.0173
"225995",0.0488
"225997",-0.337
"225998",-0.1977
"226016",-0.0189
"226025",-0.1223
"226026",-0.0015
"226040",1.1409
"226041",-0.2028
"226043",-0.1029
"226049",0.4136
"226075",0.0081
"226089",-0.0225
"226090",-0.0309
"226098",0.1607
"226101",-0.0601
"226115",0.1378
"226122",0.3225
"226123",-0.0206
"226139",0.0136
"226144",-0.0292
"226151",-0.0425
"226153",-0.0189
"226154",-0.0032
"226162",0.1327
"226169",-0.0011
"226178",0.0838
"226180",0.1123
"226182",0.1233
"226250",-0.187
"226251",-0.0039
"226252",0.0078
"226255",-0.0057
"226265",0.0216
"226278",-0.05
"226304",-0.0758
"226351",-0.0393
"226352",-0.0496
"226356",-0.328
"226359",0.1446
"226407",0.0323
"226409",-0.0624
"226412",0.0109
"226413",0.0384
"226414",-0.0081
"226418",-6e-04
"226419",0.1716
"226421",0.1917
"226422",0.0532
"226432",0.0114
"226438",0.6659
"226442",-0.0236
"226470",-0.1078
"226499",-0.0374
"226517",0.0242
"226518",-0.011
"226519",-0.0025
"226525",0.0075
"226527",-0.1573
"226539",0.0243
"226541",-0.0847
"226548",0.0688
"226551",0.018
"226562",-0.0354
"226591",0.0331
"226594",-0.095
"226610",0.0709
"226641",0.0531
"226646",0.0353
"226652",0.0831
"226654",0.7624
"226691",0.7508
"226744",-0.0141
"226747",-0.0023
"226751",0.0139
"226757",-0.0586
"226777",-0.1973
"226778",0.0199
"226781",-0.057
"226791",0.0302
"226823",0.0242
"226830",-0.0135
"226841",0.0998
"226844",-0.0668
"226849",0.0461
"226856",-0.0377
"226861",0.2071
"226866",2.403e-05
"226896",-0.7485
"226922",-0.1677
"226970",0.0592
"226971",0.0322
"226976",0.057
"226977",0.0468
"226982",-0.0116
"226999",0.0872
"227058",-0.2072
"227059",0.0098
"227094",0.1056
"227095",0.0745
"227099",0.075
"227102",0.0713
"227120",-0.023
"227154",-0.0684
"227157",0.1094
"227195",-0.0416
"227197",-0.0082
"227210",-0.0375
"227231",-0.6403
"227290",0.0576
"227292",0.0823
"227298",0.0809
"227325",-0.0462
"227326",0.4408
"227327",0.0854
"227331",0.0314
"227333",0.0585
"227334",0.0126
"227358",-0.34
"227377",0.07
"227394",-0.015
"227399",-0.0584
"227446",0.0272
"227449",-0.0165
"227485",-0.0814
"227522",-0.0578
"227525",-0.0159
"227526",-0.1295
"227541",-0.1115
"227545",0.0416
"227580",-0.1579
"227612",0.0795
"227613",0.1142
"227615",-0.056
"227618",0.1289
"227619",-0.0016
"227620",0.0631
"227622",0.0315
"227624",-0.0097
"227632",-0.061
"227634",-0.017
"227638",0.0792
"227644",-0.1835
"227648",-0.0125
"227656",0.0801
"227659",0.2145
"227671",-0.0893
"227674",0.096
"227682",0.0335
"227683",0.1191
"227693",0.0249
"227695",0.0653
"227696",0.1509
"227697",0.0301
"227699",0.0068
"227700",0.0916
"227707",0.0851
"227715",-0.0315
"227717",0.7003
"227720",-0.0234
"227721",0.0247
"227723",-0.0493
"227731",0.1665
"227733",-0.4715
"227736",0.2828
"227737",0.1394
"227738",0.1005
"227743",0.044
"227746",0.1714
"227753",0.0139
"227800",0.0081
"227801",-0.0334
"227835",-0.1266
"227867",-0.1093
"227929",0.7271
"227933",0.0045
"227937",-0.0429
"227960",-0.0339
"228003",-0.4925
"228005",-0.1254
"228012",-0.0853
"228019",-0.0203
"228025",-0.4868
"228026",0.0682
"228033",0.0415
"228061",-0.0245
"228071",-0.0489
"228094",-0.0499
"228136",0.0255
"228139",-0.0219
"228140",0.0494
"228151",0.3299
"228355",-0.0463
"228356",-0.0092
"228357",-0.0687
"228359",0.0432
"228361",0.055
"228366",-0.1603
"228368",0.0564
"228410",-0.0748
"228413",-0.3803
"228421",-0.2526
"228432",-0.0943
"228482",-0.072
"228491",-0.0572
"228536",0.0541
"228543",0.1215
"228545",0.0314
"228550",0.0708
"228564",-0.0329
"228576",0.5891
"228598",-0.2132
"228602",-0.0143
"228607",0.0401
"228608",0.0604
"228662",-0.0938
"228677",0.288
"228714",-0.0318
"228715",0.0254
"228730",-0.0237
"228765",-0.0728
"228767",0.2012
"228769",0.0394
"228775",-0.169
"228777",-0.0927
"228778",-0.3694
"228787",0.0036
"228788",0.0065
"228790",-0.0573
"228807",0.2301
"228812",0.0446
"228829",-0.0012
"228836",0.0635
"228839",-0.198
"228846",-0.1096
"228850",0.0143
"228852",0.0503
"228858",0.0125
"228859",0.0501
"228866",-0.0187
"228869",-0.0092
"228875",0.059
"228876",0.0583
"228880",0.0361
"228889",0.027
"228911",-0.165
"228913",-0.1321
"228942",-0.2138
"228960",-0.0551
"228961",0.0772
"228966",-0.0187
"228980",0.0041
"228983",0.018
"228994",-0.079
"228998",-0.0019
"229003",0.1653
"229004",0.0185
"229007",0.0331
"229011",0.1578
"229055",-0.043
"229096",-0.0145
"229211",0.0445
"229214",-0.7975
"229227",-0.0563
"229228",-0.3264
"229279",-0.1007
"229285",-0.0419
"229317",-0.041
"229320",-0.2307
"229323",-0.0818
"229357",0.2221
"229363",-0.1051
"229445",-0.0922
"229473",0.0265
"229474",-0.0105
"229487",0.0405
"229488",-0.2028
"229499",0.6429
"229503",-0.0203
"229504",0.0583
"229512",0.1195
"229517",0.0962
"229524",0.0906
"229534",0.0051
"229541",0.0497
"229542",-0.0735
"229543",0.0421
"229584",-0.0408
"229588",-0.8439
"229589",0.0592
"229593",-0.0112
"229595",0.2412
"229599",-0.4204
"229600",0.2233
"229603",-0.0069
"229613",-0.2222
"229615",0.0578
"229644",0.0095
"229658",0.0076
"229663",-0.001
"229672",-0.4407
"229675",-0.0181
"229681",0.0399
"229687",0.4252
"229694",-0.2581
"229699",0.2626
"229700",0.0454
"229706",-0.0015
"229707",0.0785
"229709",-0.1223
"229714",-0.0342
"229715",-0.0196
"229722",-0.0651
"229725",-0.0545
"229731",-0.1368
"229759",-0.0785
"229776",-0.1258
"229780",0.0603
"229782",-0.1238
"229791",-0.0888
"229801",-0.0911
"229841",-0.3373
"229877",-0.0054
"229898",0.1575
"229900",-0.1016
"229905",-0.1522
"229906",0.1145
"229937",-0.0409
"229949",-0.2402
"230027",-0.0049
"230073",-0.0881
"230075",-3e-04
"230082",0.0257
"230085",-0.0571
"230088",0.1293
"230098",-0.147
"230101",0.0105
"230103",0.0861
"230119",-0.0269
"230125",-0.0381
"230126",0.0075
"230145",0.3969
"230157",0.0076
"230161",0.3488
"230162",0.0819
"230163",0.0918
"230233",0.0086
"230234",-0.1795
"230235",-0.0334
"230249",-0.0234
"230257",-0.1105
"230259",0.0041
"230279",0.0915
"230316",-0.0962
"230376",0.0114
"230379",0.6467
"230393",0.0972
"230451",-0.0103
"230484",-0.0629
"230500",0.0518
"230514",0.0904
"230576",0.0377
"230577",0.0386
"230582",-0.0157
"230584",0.0925
"230587",0.4138
"230594",-0.0967
"230596",-0.0605
"230597",-0.0027
"230598",-0.0351
"230603",0.0761
"230648",-0.0508
"230649",0.0927
"230654",0.0189
"230657",-0.017
"230661",-0.1145
"230673",0.0282
"230674",0.0302
"230676",0.0882
"230678",0.0987
"230696",0.0562
"230700",-0.0238
"230709",-0.0529
"230718",0.029
"230721",0.0754
"230726",-0.3189
"230734",0.0859
"230735",0.0915
"230737",-0.1461
"230738",0.0745
"230751",0.0192
"230752",0.2069
"230753",0.0028
"230757",-0.0334
"230761",-0.0079
"230766",0.3821
"230767",0.0409
"230770",0.1616
"230775",0.0172
"230777",0.352
"230779",0.7511
"230784",0.0706
"230787",-0.0449
"230789",-0.0354
"230793",0.01
"230796",0.0619
"230801",-0.0468
"230806",0.1599
"230809",0.0267
"230810",0.0401
"230815",0.0526
"230822",0.2233
"230824",0.2049
"230837",0.0334
"230848",0.0676
"230857",-0.0543
"230861",0.0329
"230863",0.211
"230866",0.017
"230868",-0.2669
"230872",-0.0695
"230895",-0.0306
"230899",-0.1201
"230903",0.0748
"230904",-0.0018
"230908",-0.0088
"230909",0.4931
"230917",-0.0171
"230935",0.027
"230936",0.086
"230959",0.0321
"230967",0.0181
"230971",0.0906
"230972",-0.7087
"230979",-0.2657
"230991",-0.0325
"230996",0.0453
"231002",-0.1971
"231003",0.1354
"231004",0.1756
"231014",-0.1182
"231042",-0.1084
"231050",0.0454
"231051",-0.0466
"231070",0.0187
"231086",0.0326
"231093",0.0681
"231123",0.0297
"231125",-0.0873
"231128",-5e-04
"231130",-0.0748
"231134",0.1892
"231147",0.1051
"231148",-0.068
"231151",-0.0896
"231162",0.229
"231207",-0.0507
"231214",-0.1025
"231225",-0.0498
"231238",0.0396
"231279",-0.0699
"231287",-0.0947
"231290",-0.1009
"231293",0.1747
"231326",0.0251
"231327",0.0227
"231329",-0.0071
"231380",-0.0276
"231386",8e-04
"231413",-0.0471
"231430",-0.0943
"231440",-0.1879
"231452",-0.0086
"231464",-0.072
"231470",0.0608
"231474",-0.077
"231503",-0.0174
"231506",-0.0185
"231507",0.2999
"231510",-0.0125
"231532",-0.0945
"231549",-0.0232
"231571",-0.097
"231580",0.0094
"231583",-0.1251
"231600",0.0103
"231605",0.1469
"231630",0.0352
"231633",0.0263
"231637",-0.041
"231642",-0.0491
"231646",-0.024
"231655",0.262
"231659",0.0405
"231668",-0.0357
"231670",-0.0342
"231672",0.0198
"231691",0.4736
"231712",0.0183
"231713",0.0121
"231717",0.1067
"231724",-0.0277
"231727",-0.092
"231760",0.2365
"231769",-0.0385
"231798",0.187
"231801",0.0762
"231803",-0.049
"231805",0.1318
"231807",-0.0364
"231821",0.0302
"231830",0.2121
"231834",-0.0815
"231841",0.0158
"231842",0.1287
"231855",0.0827
"231858",0.0482
"231861",-0.0818
"231863",0.0615
"231866",0.014
"231868",0.0176
"231871",0.1919
"231872",0.1122
"231874",0.0084
"231876",0.0782
"231887",0.0509
"231889",-0.0034
"231912",0.0093
"231915",0.058
"231931",0.4242
"231946",0.2176
"231986",-0.0048
"231991",-0.2383
"231997",-0.0634
"231999",-0.0302
"232016",0.1558
"232023",0.1244
"232035",0.0437
"232078",-0.0895
"232086",0.1013
"232087",0.0745
"232089",0.0179
"232146",0.0648
"232156",-0.7859
"232157",-0.0852
"232164",0.036
"232174",0.0204
"232187",0.0809
"232196",-0.1542
"232201",0.1975
"232210",-0.0409
"232223",0.0194
"232227",0.0691
"232232",0.0543
"232236",0.0692
"232237",-0.0753
"232286",-0.006
"232288",-0.192
"232313",-0.0115
"232314",-0.054
"232333",-0.1018
"232334",0.0284
"232337",0.0571
"232339",0.0686
"232341",-0.0456
"232345",0.0423
"232370",0.0276
"232371",0.4062
"232400",-0.0857
"232406",-0.0967
"232413",-0.425
"232414",-0.7183
"232430",0.0513
"232440",0.0878
"232441",-0.1552
"232449",0.1782
"232491",0.1218
"232493",-0.2335
"232533",-0.0427
"232536",0.0085
"232539",-0.0468
"232560",-0.1072
"232566",-0.0819
"232599",-0.281
"232664",-0.0411
"232670",-0.0942
"232679",-0.0129
"232680",-0.0656
"232685",0.0995
"232748",-0.0474
"232784",0.0879
"232785",-0.0653
"232790",0.4532
"232791",-0.0853
"232798",-0.0575
"232801",0.5145
"232807",0.0829
"232811",0.0072
"232813",-0.0968
"232816",0.0339
"232821",-0.0369
"232853",0.1822
"232854",0.1701
"232855",0.0458
"232875",-0.105
"232878",0.1692
"232879",0.0836
"232889",0.4993
"232906",0.0178
"232910",0.0398
"232933",-0.0074
"232934",0.035
"232943",-0.1382
"232944",0.0102
"232946",0.0365
"232947",0.103
"232966",0.0039
"232969",0.0938
"232975",0.0567
"232976",0.139
"232984",-0.2091
"232987",0.0557
"232989",-0.0444
"233011",0.0175
"233016",0.0055
"233020",0.2058
"233033",0.0395
"233040",0.0222
"233045",0.6779
"233046",0.1148
"233056",0.0222
"233057",0.004
"233058",0.0271
"233060",0.0546
"233064",0.349
"233065",0.0402
"233066",0.1012
"233067",0.0406
"233071",-0.1154
"233073",-0.0116
"233103",0.0288
"233107",0.0334
"233115",0.0737
"233147",-0.1057
"233168",-0.057
"233186",-0.2049
"233189",0.074
"233199",-0.2463
"233204",0.0526
"233208",0.0179
"233210",-0.0618
"233246",-0.1618
"233271",-0.0393
"233274",-0.0426
"233276",-0.0761
"233280",0.0127
"233315",-0.0469
"233328",0.0906
"233332",-0.0957
"233335",-0.2692
"233405",-0.0381
"233406",-0.2093
"233410",0.0153
"233424",-0.0088
"233489",0.013
"233490",-0.0408
"233529",-0.3308
"233532",-0.0712
"233545",0.0198
"233552",0.1575
"233571",0.2284
"233575",0.0802
"233649",-0.2353
"233651",0.0312
"233724",-0.0071
"233726",0.0116
"233733",0.0343
"233744",-0.2426
"233752",-0.0451
"233765",-0.1787
"233781",0.0097
"233789",-0.0366
"233802",-0.0427
"233805",-0.0077
"233806",0.0253
"233812",-0.0723
"233813",-0.5231
"233824",-0.0319
"233826",-0.0028
"233833",-0.076
"233836",0.8419
"233863",0.0234
"233865",-0.0135
"233870",0.1153
"233871",0.0191
"233875",0.0196
"233876",-0.1106
"233877",0.008
"233878",0.0868
"233879",0.1182
"233887",0.0314
"233890",-0.046
"233893",-0.0708
"233895",-0.1037
"233899",-0.0603
"233900",0.0801
"233902",-0.0292
"233904",-0.0404
"233905",0.0203
"233908",-0.1295
"233912",0.1686
"233913",-0.0148
"233919",-0.2165
"233977",-0.0428
"233979",0.3153
"233987",-0.0554
"234023",0.038
"234069",-0.0034
"234076",0.0585
"234086",0.0075
"234094",0.0587
"234135",-0.0651
"234138",0.0643
"234155",-0.0617
"234199",0.4387
"234214",0.0266
"234258",-0.973
"234290",0.0025
"234309",0.0647
"234311",0.0036
"234344",0.0429
"234353",-0.0835
"234356",-0.1773
"234358",0.0945
"234362",-0.004
"234365",0.1226
"234366",0.093
"234371",-0.0479
"234373",-2e-04
"234374",0.0487
"234378",0.0471
"234384",0.2416
"234388",0.1504
"234395",0.0496
"234396",0.7339
"234404",-0.198
"234407",-0.02
"234413",-0.0089
"234463",0.0277
"234479",0.1283
"234515",-0.0118
"234542",0.3643
"234549",0.0155
"234577",0.0634
"234582",0.2147
"234594",-0.0548
"234595",-0.0247
"234663",-0.0204
"234664",-0.0263
"234678",-0.0028
"234683",-0.0979
"234684",-0.09
"234686",-0.0201
"234695",-0.0191
"234699",0.0852
"234700",0.2588
"234723",-0.0285
"234725",-0.0761
"234728",0.0194
"234729",0.1099
"234730",-0.0388
"234733",-0.0572
"234734",0.0409
"234736",0.0237
"234740",0.124
"234776",-0.0122
"234779",-0.0565
"234796",0.0725
"234797",0.0932
"234814",0.1007
"234825",0.105
"234839",-0.0567
"234847",-0.0421
"234852",0.0811
"234854",-0.0063
"234857",0.0402
"234865",0.0251
"234875",-0.0026
"234878",-0.0104
"234889",-0.0773
"234912",0.058
"234915",0.0788
"234959",0.0423
"234964",-0.3138
"234967",-0.0442
"235028",-0.002
"235036",0.0905
"235040",0.0919
"235041",-0.0556
"235043",0.0177
"235044",-0.0064
"235047",0.071
"235048",-0.0763
"235050",-0.0586
"235072",-0.036
"235086",-0.0541
"235106",-0.0545
"235130",-0.2126
"235132",-0.0338
"235134",-0.1117
"235169",0.0296
"235180",-0.0571
"235184",-0.0347
"235281",-0.1164
"235283",-0.0491
"235293",-0.0108
"235300",-0.0342
"235302",0.0501
"235312",0.0917
"235315",-0.0504
"235320",-0.029
"235323",-0.0433
"235330",0.0716
"235339",-0.0164
"235344",-0.011
"235345",0.1561
"235379",0.3948
"235380",-0.0295
"235386",-0.1565
"235402",0.1233
"235406",-0.0555
"235415",0.1145
"235431",0.0137
"235439",-0.041
"235441",0.0814
"235442",0.0111
"235459",-0.0796
"235461",-0.0826
"235469",-0.0194
"235472",-0.0834
"235493",-0.018
"235497",0.0229
"235504",-0.0231
"235505",-0.1613
"235527",-0.1593
"235533",0.0291
"235534",0.0396
"235542",-0.0831
"235559",-0.0226
"235567",-0.0224
"235574",0.0266
"235582",0.1316
"235584",0.082
"235587",-0.114
"235599",-0.1442
"235604",0.0267
"235606",-0.1041
"235610",-0.0063
"235611",0.0332
"235623",0.0082
"235626",-0.0774
"235627",-0.0595
"235631",-0.2214
"235633",0.0479
"235661",-0.0041
"235674",0.4452
"235682",-0.0753
"235907",-0.0203
"235956",0.0565
"236069",0.0618
"236082",0.1677
"236193",0.0186
"236266",-0.0615
"236285",-0.0385
"236312",-0.1055
"236366",0.7134
"236451",0.1829
"236511",0.0276
"236539",-0.0229
"236573",-0.0274
"236576",-0.0324
"236598",-0.331
"236604",0.1598
"236643",0.0645
"236690",-0.4097
"236727",-0.0235
"236732",0.0011
"236733",-0.0467
"236790",-0.0658
"236792",-0.0401
"236794",-0.0656
"236848",0.0598
"236899",-0.0027
"236900",0.0482
"236904",-0.0878
"236915",-0.0165
"236920",0.2246
"236930",-0.4245
"237010",-0.0336
"237038",-0.1792
"237052",-0.0285
"237073",0.0249
"237082",-0.0393
"237091",-0.231
"237107",-0.0604
"237175",-0.1334
"237178",1.1665
"237211",0.1182
"237213",-0.3885
"237221",-0.0138
"237222",-0.2183
"237253",0.0073
"237336",-0.0759
"237339",0.0421
"237353",0.0392
"237360",0.2078
"237362",-0.0205
"237387",-0.0771
"237397",0.1315
"237400",0.0219
"237403",0.3661
"237411",-0.1137
"237412",-0.0973
"237422",-0.0252
"237433",-0.3507
"237436",0.007
"237459",0.011
"237465",0.0286
"237500",-0.062
"237504",-0.1815
"237523",0.1864
"237542",-0.0158
"237553",-0.0278
"237558",-0.515
"237560",-0.6209
"237611",-0.1006
"237615",-0.0249
"237625",-0.1119
"237636",0.8116
"237711",-0.0194
"237716",0.0256
"237730",0.0199
"237749",0.255
"237758",0.0949
"237759",0.062
"237761",-0.0915
"237775",-0.0234
"237781",-0.0123
"237782",0.0313
"237806",0.1168
"237823",-0.0499
"237831",-0.1152
"237847",0.1546
"237858",0.413
"237859",0.0304
"237860",0.0421
"237868",0.0487
"237877",0.0278
"237886",-0.4349
"237891",0.1553
"237898",-0.0204
"237911",-0.2761
"237926",-0.0066
"237928",0.301
"237940",0.1877
"237943",-0.037
"237979",-0.1651
"237987",-0.2312
"237988",0.025
"238021",-0.4349
"238023",-0.1092
"238024",0.09
"238037",0.031
"238076",0.1567
"238123",-0.0273
"238130",-0.0129
"238161",-0.0156
"238205",-0.0362
"238247",-0.034
"238252",-0.0384
"238266",-0.1351
"238271",-0.1496
"238276",-0.0968
"238317",-0.0469
"238323",0.0211
"238328",0.1179
"238330",-0.0298
"238331",0.0553
"238333",0.294
"238377",0.0829
"238384",0.0241
"238386",-0.0743
"238393",0.8925
"238505",-0.0335
"238555",-0.2111
"238673",-0.0479
"238680",5e-04
"238690",-0.0156
"238692",-0.0106
"238693",0.0665
"238722",-0.0378
"238725",0.0845
"238799",-0.0241
"238803",-0.2106
"238831",-0.0116
"238871",-0.0016
"238988",-0.0021
"239017",0.0323
"239027",-0.1613
"239096",-0.1774
"239099",0.0081
"239102",-0.1651
"239114",-0.2235
"239122",-0.1287
"239126",0.9146
"239133",-0.0308
"239134",-0.4564
"239157",-0.0332
"239170",0.0399
"239188",0.0977
"239217",-0.1092
"239250",-0.1557
"239273",0.1566
"239283",1.2636
"239318",0.0726
"239319",-0.0124
"239336",-0.0035
"239337",-0.446
"239364",0.0506
"239368",-0.3222
"239393",0.0421
"239405",-0.007
"239408",-0.2785
"239410",-0.0441
"239420",-0.171
"239435",0.1386
"239510",0.0177
"239528",-0.0186
"239530",-0.049
"239546",0.0599
"239552",-0.388
"239554",0.1232
"239555",0.0022
"239556",0.0452
"239559",0.1147
"239570",0.0623
"239591",0.2511
"239606",-0.0023
"239618",-0.2339
"239647",-0.0922
"239650",0.1533
"239652",-0.0239
"239667",-0.0224
"239673",-0.2167
"239691",0.4185
"239706",0.0852
"239719",-0.0454
"239731",-0.0411
"239743",0.088
"239759",0.1535
"239789",-0.3709
"239796",-0.0447
"239827",0.2502
"239833",0.0547
"239839",-0.1865
"239845",0.3758
"239852",0.3245
"239857",-0.0652
"239985",-0.0287
"240023",0.0737
"240025",0.0055
"240028",-0.0609
"240034",0.0342
"240038",-0.1156
"240041",-0.0967
"240047",-0.2478
"240054",-0.6953
"240055",-0.004
"240057",-0.0015
"240058",7e-04
"240063",-0.0401
"240064",-0.0087
"240066",-0.0397
"240067",0.0371
"240068",-0.0174
"240069",0.0494
"240084",-0.2012
"240087",-0.0277
"240095",-0.7402
"240119",-0.1901
"240120",0.0573
"240121",-0.0222
"240168",0.0105
"240174",-0.0466
"240185",0.0713
"240186",0.0103
"240239",0.7984
"240255",-0.0116
"240261",-0.1531
"240263",-0.1081
"240283",-0.0298
"240322",0.3679
"240327",-0.233
"240332",-0.2122
"240334",-0.0631
"240354",0.065
"240396",0.0463
"240411",0.4431
"240427",-0.0342
"240442",0.0012
"240444",-0.0359
"240476",0.0768
"240479",-0.1108
"240505",-0.1815
"240514",0.0045
"240518",0.1252
"240590",-0.3857
"240613",-0.0034
"240614",-0.0199
"240638",-0.0589
"240641",0.1556
"240660",-0.0322
"240665",0.0204
"240667",0.2896
"240672",0.6222
"240690",0.0189
"240697",0.0395
"240725",0.1382
"240726",0.1098
"240752",0.0982
"240753",-0.0459
"240756",0.0442
"240776",-0.0375
"240816",0.0686
"240817",-0.2053
"240832",-0.0518
"240843",-0.0862
"240869",-0.1072
"240879",0.4509
"240880",-0.0057
"240888",0.1063
"240892",0.0748
"240913",0.0206
"240916",0.455
"240960",-0.0552
"241062",-0.0678
"241066",0.0286
"241070",-0.2723
"241075",-0.0537
"241112",0.0874
"241116",-0.2169
"241118",-0.1546
"241128",0.2098
"241134",-0.1426
"241158",0.0316
"241159",-0.0042
"241175",0.0815
"241201",0.2796
"241226",-0.081
"241230",-0.0223
"241263",-0.1168
"241274",0.026
"241289",-0.0951
"241296",0.032
"241303",0.0409
"241308",-0.0212
"241311",-0.1941
"241322",-0.0697
"241324",-0.1236
"241327",0.1113
"241391",0.7544
"241447",0.0262
"241489",-0.3719
"241490",0.0239
"241494",0.0614
"241514",-2e-04
"241520",-0.0926
"241525",0.0604
"241528",0.3816
"241547",-0.0512
"241556",-0.2798
"241568",-0.0711
"241576",-0.0194
"241589",-0.1739
"241612",0.1113
"241624",0.2495
"241627",-0.1106
"241636",-1.6051
"241638",0.0632
"241639",-0.0879
"241656",-0.0081
"241688",-0.095
"241694",-0.1445
"241727",0.117
"241732",-0.0175
"241764",-0.0021
"241770",0.1319
"241794",-0.0293
"241846",0.0178
"241877",0.008
"241915",-0.0656
"241919",0.041
"241944",-0.0746
"241950",-0.0529
"241989",-0.4279
"242022",0.0731
"242037",-0.0937
"242050",0.0406
"242083",-0.0348
"242109",-0.062
"242125",-0.1464
"242126",-0.0833
"242202",0.0047
"242248",-0.4843
"242253",0.2164
"242259",-0.3832
"242274",-0.0788
"242291",-0.001
"242297",0.0428
"242316",0.4061
"242362",0.0152
"242377",-0.0413
"242384",-0.0149
"242406",-0.0322
"242408",0.0101
"242409",-0.005
"242418",0.0239
"242425",-0.021
"242443",-0.0594
"242466",-0.1454
"242474",-0.0684
"242484",0.2766
"242505",0.3836
"242506",0.1715
"242509",-0.47
"242521",-0.0187
"242523",-0.0652
"242546",-0.0355
"242553",-0.0231
"242557",-4e-04
"242570",0.0362
"242584",-0.053
"242585",-0.2859
"242594",0.4318
"242608",0.6052
"242620",-0.2667
"242642",0.1201
"242653",0.4021
"242662",-0.0919
"242667",0.0885
"242669",-0.0434
"242681",0.2763
"242687",0.0763
"242691",-0.0044
"242702",-0.0339
"242705",0.1806
"242721",0.1266
"242735",-0.4444
"242736",0.0014
"242747",-0.0732
"242748",0.0902
"242773",0.0922
"242785",0.0958
"242800",-0.0801
"242819",0.0081
"242860",-0.0682
"242864",-0.0401
"242894",-0.0298
"242915",0.0451
"242939",0.3186
"242960",0.0282
"243025",0.217
"243043",0.169
"243078",-0.4201
"243197",-0.0102
"243219",-0.0436
"243270",0.3001
"243272",0.0147
"243274",0.2235
"243277",0.0832
"243300",-0.0342
"243308",0.0035
"243312",0.0892
"243328",0.0088
"243339",0.0415
"243362",-0.207
"243369",0.3244
"243371",0.0165
"243372",-0.0282
"243373",0.0142
"243374",0.3758
"243382",-0.0205
"243385",-0.2396
"243407",0.3034
"243499",-0.0645
"243510",0.0629
"243529",-0.0711
"243538",-0.1425
"243547",-0.0078
"243548",-0.0472
"243574",-0.0029
"243612",-0.4162
"243616",-0.0901
"243621",0.0623
"243634",-0.3327
"243653",-0.7492
"243659",0.5584
"243725",-0.0247
"243743",0.0406
"243753",0.2226
"243755",0.0237
"243764",-0.2096
"243771",-0.112
"243780",0.0496
"243813",0.0375
"243819",0.0291
"243833",0.0733
"243834",0.047
"243842",-0.0772
"243846",0.0926
"243853",0.048
"243864",-0.0107
"243866",-0.4817
"243867",0.0652
"243897",-0.1021
"243905",-0.003
"243906",0.0147
"243910",-0.0704
"243911",-0.0314
"243912",-0.2801
"243914",-0.0391
"243923",-0.2002
"243931",0.0549
"243937",0.0617
"243961",0.0368
"243963",0.3739
"243967",-0.3443
"243983",-0.0263
"244049",0.1263
"244058",-0.0937
"244059",-0.0159
"244071",-0.2379
"244091",0.2315
"244141",-0.1388
"244144",0.0795
"244152",0.2257
"244198",0.0343
"244209",-0.0038
"244216",0.0942
"244219",0.0427
"244233",-0.0636
"244234",0.594
"244238",-0.1253
"244281",-0.0989
"244310",-0.0354
"244329",0.0113
"244349",-0.0763
"244373",-0.0207
"244416",-0.1864
"244418",0.1724
"244421",-0.2708
"244431",0.3991
"244484",0.0662
"244548",-0.0094
"244551",-0.1363
"244556",-0.1333
"244562",0.0648
"244579",-0.1677
"244585",0.0832
"244608",-0.297
"244631",-0.0506
"244646",0.031
"244650",-0.0817
"244653",0.1459
"244654",-0.1022
"244666",0.1105
"244667",-0.03
"244668",0.0336
"244672",-0.0584
"244682",-0.0865
"244694",-0.1183
"244713",0.0162
"244721",0.0139
"244723",0.1634
"244745",-0.1271
"244757",-0.2603
"244810",0.1223
"244853",0.0781
"244864",0.0932
"244867",0.0672
"244871",-0.0394
"244879",-0.0772
"244882",-0.0741
"244885",0.3655
"244886",0.0195
"244891",-0.0674
"244895",0.0447
"244911",0.1922
"244954",-0.1538
"244958",-0.1392
"244962",0.0313
"245000",-0.0381
"245007",-0.0107
"245020",0.082
"245026",0.4161
"245038",-0.1156
"245049",-0.0285
"245050",-0.0083
"245174",-0.0504
"245240",0.2158
"245269",0.0329
"245297",0.9116
"245305",-0.0461
"245350",0.0131
"245368",-0.0122
"245386",0.0678
"245403",0.212
"245404",-0.0923
"245424",-0.1318
"245440",-0.4155
"245446",0.0163
"245450",-0.1131
"245468",0.0156
"245469",-0.0303
"245474",0.0058
"245522",-0.0469
"245525",-0.339
"245526",0.6473
"245527",8.46e-05
"245532",0.7508
"245537",-0.0126
"245555",-0.0845
"245578",-0.2406
"245595",0.0309
"245596",0.1748
"245607",-0.0268
"245622",-0.118
"245631",-0.0871
"245638",-0.2496
"245643",0.043
"245650",-0.7189
"245666",0.0286
"245670",-0.1089
"245671",0.0242
"245683",0.0028
"245684",-0.0368
"245688",-0.0175
"245695",-0.1269
"245827",-0.2985
"245828",0.0904
"245841",0.044
"245847",0.0424
"245857",0.1144
"245860",0.0865
"245865",0.3093
"245866",-0.0494
"245867",-0.0213
"245877",0.0766
"245880",0.0357
"245884",-0.4701
"245886",-0.0109
"245902",-0.2424
"245944",0.0317
"245945",-0.0367
"246049",-0.3228
"246102",-0.009
"246103",-0.0563
"246104",-0.0223
"246133",-1.1931
"246154",-0.048
"246177",0.2779
"246179",-0.0017
"246190",-0.2318
"246196",-0.0197
"246198",-0.0175
"246221",-0.009
"246228",0.1728
"246229",-0.0242
"246256",0.9122
"246257",-0.0375
"246277",-0.0079
"246293",-0.0286
"246313",-0.2039
"246316",0.0594
"246317",-0.1173
"246694",-0.1251
"246696",-0.0423
"246703",0.0048
"246707",0.2746
"246709",-0.094
"246710",0.0201
"246727",1.6094
"246728",0.6075
"246730",-0.1047
"246738",-0.0188
"246782",-0.0146
"246788",-0.352
"252837",0.3146
"252838",-0.3894
"252864",0.1611
"252870",-0.0147
"252875",-0.0667
"252876",0.0075
"252903",-0.6966
"252966",0.014
"252967",0.2001
"252972",-0.0519
"252973",0.2846
"257632",0.2628
"257633",-0.0498
"257635",0.0031
"257882",0.2188
"258064",0.4692
"258571",0.2637
"258962",0.2641
"258963",-0.7399
"259051",-0.4345
"259097",0.7493
"259108",0.2895
"259172",-0.3813
"259277",0.262
"259279",0.0409
"259300",-0.1475
"259302",-0.0719
"260297",-0.0723
"260299",0.0564
"260301",0.9923
"260302",0.0729
"260305",0.1591
"260315",-0.018
"260408",-0.1986
"260409",0.1428
"260423",0.0286
"263406",0.0068
"263764",-0.0732
"263803",-0.11
"263876",-0.0024
"264064",-0.046
"264134",0.011
"264895",0.0575
"266614",-0.651
"266632",0.1011
"266690",0.053
"266692",0.0205
"266781",0.0539
"267019",0.0075
"268281",-0.0226
"268291",-0.0569
"268294",-0.0307
"268297",-0.3696
"268301",-0.1256
"268319",0.2621
"268345",-0.1265
"268354",-0.0668
"268373",0.0192
"268379",0.5984
"268390",0.068
"268391",-0.0545
"268395",0.1408
"268396",-0.1125
"268417",-0.0925
"268420",-0.0115
"268445",0.0512
"268448",0.0069
"268449",0.0326
"268451",0.0204
"268465",-0.2054
"268469",-0.023
"268470",-0.0235
"268480",-0.0096
"268481",-0.075
"268482",-0.258
"268490",0.0196
"268491",-0.4426
"268510",-0.1038
"268512",-0.0118
"268515",-0.0922
"268527",0.3667
"268534",-0.199
"268564",-0.0272
"268566",0.0256
"268567",0.0658
"268595",0.0622
"268656",-0.0056
"268663",0.0096
"268670",0.0584
"268697",0.0966
"268706",0.0465
"268709",0.1979
"268721",0.0256
"268729",0.68
"268739",-0.1199
"268741",0.0335
"268747",-0.0215
"268749",-0.0567
"268752",0.0457
"268755",-0.053
"268759",-0.0125
"268780",-0.1377
"268783",0.0069
"268807",0.0178
"268816",-0.2847
"268822",-0.0458
"268857",0.344
"268859",8e-04
"268860",0.0139
"268878",-0.1639
"268880",-0.0397
"268882",0.0054
"268890",-0.1431
"268902",-0.0792
"268903",-0.0069
"268930",0.358
"268932",-0.0337
"268933",0.0214
"268934",0.0665
"268935",-0.1051
"268936",-0.015
"268958",0.0869
"268970",-0.5591
"268973",0.0487
"268977",-0.0261
"268980",-0.0043
"268996",0.129
"269003",-0.0924
"269019",-0.0257
"269023",-0.0765
"269033",-0.1081
"269037",0.0127
"269060",0.0162
"269061",-0.0291
"269109",-0.0752
"269113",-0.0497
"269116",0.1283
"269120",-1.1101
"269132",-0.1735
"269152",-0.1387
"269180",-0.0874
"269181",-0.0036
"269198",-0.0358
"269209",-0.1134
"269224",-0.2127
"269233",0.1122
"269252",0.0238
"269254",-0.0768
"269261",0.0239
"269275",0.5893
"269295",0.1293
"269328",-0.4986
"269336",0.0458
"269338",0.0292
"269344",-0.0511
"269356",0.2634
"269378",0.0746
"269389",0.26
"269397",-0.0066
"269400",-0.1101
"269401",-0.0022
"269423",-0.0729
"269424",-0.075
"269437",-0.1427
"269470",-0.0019
"269473",-0.0397
"269513",-0.1426
"269514",0.1393
"269523",-0.026
"269529",-0.0229
"269536",0.0104
"269582",0.0763
"269585",0.0594
"269587",0.0859
"269589",0.696
"269593",-0.0385
"269604",-0.2069
"269608",0.0585
"269610",-0.0715
"269614",0.0354
"269615",0.1438
"269623",-0.0062
"269629",-0.0886
"269630",0.0434
"269633",-0.1389
"269639",0.0339
"269642",0.0751
"269643",0.0376
"269682",-0.0409
"269683",0.4303
"269693",-0.3282
"269695",-0.0496
"269700",-0.0469
"269701",-0.1727
"269702",-0.0445
"269704",-0.114
"269713",0.006
"269717",0.0447
"269774",-0.049
"269784",0.0368
"269788",0.0805
"269799",0.225
"269800",0.01
"269823",0.148
"269831",0.0358
"269854",0.0925
"269855",-0.2399
"269870",-0.0762
"269878",0.0554
"269881",0.0308
"269902",-0.0303
"269941",0.0181
"269951",0.018
"269952",0.0041
"269954",0.2534
"269955",0.0989
"269959",0.5087
"269966",0.0167
"269994",0.2628
"269997",0.016
"269999",0.0722
"270028",0.0245
"270035",0.2229
"270049",-0.0149
"270058",0.0665
"270066",0.0288
"270076",-0.0189
"270084",-0.0312
"270086",-0.0513
"270091",0.8507
"270096",0.0184
"270097",-0.212
"270106",0.0399
"270109",-0.0299
"270110",-0.0086
"270118",-0.0578
"270120",0.0956
"270150",0.3063
"270151",0.0514
"270152",-0.0138
"270156",-0.0255
"270160",0.0777
"270162",-0.0968
"270163",-0.0349
"270166",-0.0326
"270190",0.0199
"270192",-0.0498
"270198",0.0889
"270201",-0.0165
"270210",0.1576
"270624",-0.0656
"270627",-0.0262
"270669",-0.1167
"270672",0.02
"270685",-0.2165
"270802",-0.1003
"270893",-0.1606
"270906",0.483
"271005",-0.0082
"271127",0.1171
"271144",-0.1193
"271221",0.0527
"271278",-0.1946
"271305",0.1514
"271377",0.0346
"271424",0.3416
"271457",-0.1074
"271508",0.085
"271564",-0.1339
"271639",-0.3632
"271697",0.1936
"271711",0.075
"271786",-0.147
"271813",0.1812
"271842",-0.0871
"271849",0.0974
"271944",-0.2667
"271970",0.077
"271981",-0.041
"272009",-0.0614
"272027",0.0768
"272031",-0.0696
"272158",0.7596
"272322",0.06
"272347",-0.0392
"272359",-0.0165
"272381",-0.0145
"272396",-0.0249
"272411",-0.0778
"272428",-1.3888
"272465",-0.206
"272538",0.1713
"272551",0.0277
"272589",-0.0038
"272636",-0.3544
"272667",-0.3539
"272790",-0.2
"276770",0.0486
"276829",-0.3574
"276846",0.0211
"276852",-0.1255
"276905",0.0071
"276919",-0.0107
"276950",-0.3478
"276952",0.1014
"277010",-0.0694
"277154",-0.0047
"277203",0.0131
"277250",-0.0456
"277328",-2.0619
"277333",-0.045
"277353",-0.213
"277360",0.1338
"277396",-0.0634
"277414",-0.0883
"277432",-0.0106
"277463",-0.0137
"277468",0.0274
"277692",0.1331
"277743",0.3114
"277744",-0.0884
"277773",-0.0524
"277854",0.0012
"277939",0.0161
"277973",-0.1351
"277978",-0.0149
"278097",-0.0535
"278240",-0.0534
"278279",0.0413
"278304",-0.1661
"278507",0.2103
"278672",0.5158
"278795",0.2309
"279028",-0.1713
"279029",-1.134
"279561",-0.0763
"279572",0.0658
"279610",0.4822
"279618",0.0127
"279653",-0.1829
"279706",-0.8646
"279766",0.0911
"280408",0.0279
"280411",-0.03
"280621",-0.0125
"280635",0.1967
"280645",-0.1129
"280667",0.4273
"280668",-0.2041
"282619",0.055
"282663",-0.3947
"286940",0.0261
"286942",-0.0974
"317677",-1.2129
"317717",0.0326
"317750",-1.1481
"317757",0.9682
"317758",0.4591
"319148",-0.2706
"319149",0.0014
"319150",0.0151
"319151",0.0102
"319152",0.1191
"319153",-0.0019
"319154",0.0979
"319155",0.0716
"319156",-0.0913
"319157",0.0246
"319158",0.1161
"319159",0.1128
"319160",0.1301
"319161",0.0871
"319162",-0.1107
"319164",-0.127
"319165",0.2185
"319166",0.0126
"319167",-0.3804
"319168",-0.051
"319169",-0.006
"319170",0.3206
"319171",-0.0581
"319172",0.0217
"319173",-0.1095
"319176",0.0386
"319178",0.0873
"319179",0.0728
"319180",0.0957
"319181",0.0171
"319182",-0.1103
"319183",0.0277
"319184",0.1962
"319185",-0.0916
"319186",-0.0822
"319187",-0.1443
"319188",-0.3005
"319189",-0.1097
"319190",-0.0482
"319191",0.1949
"319192",-0.3164
"319195",0.0192
"319196",-0.3396
"319197",0.1844
"319200",-0.2581
"319207",0.1299
"319211",0.0327
"319213",0.4952
"319215",0.2096
"319224",-0.0354
"319229",1.0782
"319236",0.0277
"319245",-0.0506
"319247",-0.1287
"319251",-0.2226
"319259",0.0815
"319262",0.0542
"319263",-0.0221
"319266",-0.0937
"319272",0.1562
"319277",-0.0121
"319278",0.0549
"319317",0.1072
"319322",-0.0024
"319336",0.0962
"319352",-0.0103
"319370",0.0823
"319371",-0.1271
"319387",0.1238
"319403",0.9557
"319405",0.5109
"319415",-0.4096
"319430",-0.1603
"319448",0.0295
"319454",0.3245
"319455",0.2373
"319463",-0.1072
"319466",0.466
"319468",0.0456
"319469",0.3626
"319475",0.0226
"319476",-0.0527
"319477",0.1441
"319478",-0.1299
"319480",-0.1731
"319481",-7e-04
"319486",0.1847
"319487",0.719
"319504",-0.013
"319506",-0.0608
"319508",0.0316
"319513",0.0901
"319518",-0.0765
"319520",0.1712
"319530",-0.1641
"319535",0.0091
"319545",0.205
"319551",0.3072
"319552",-0.3106
"319554",-0.0089
"319555",-0.0071
"319556",0.2316
"319562",-0.0889
"319564",-0.1341
"319565",-0.041
"319581",-0.469
"319582",-0.057
"319583",0.0156
"319586",-0.0058
"319587",-0.0592
"319594",0.0035
"319601",-0.0475
"319604",-0.0641
"319613",-0.0161
"319615",0.0395
"319616",0.2402
"319618",0.0041
"319622",-0.1075
"319625",-0.0469
"319626",0.2337
"319634",-0.0044
"319636",0.0221
"319638",-0.1208
"319642",-0.0694
"319646",-0.052
"319650",0.6265
"319651",0.0251
"319653",-0.0439
"319655",0.0978
"319660",-0.0885
"319670",0.0128
"319673",-0.0133
"319675",-0.1557
"319701",-0.2793
"319702",-0.1892
"319710",-0.0688
"319711",-0.2876
"319713",0.038
"319719",0.0132
"319720",0.6037
"319722",0.177
"319727",-0.0603
"319734",0.178
"319740",0.0677
"319742",0.0097
"319743",0.1868
"319748",0.0328
"319750",-0.069
"319752",-0.1528
"319757",-0.2165
"319758",-0.0281
"319760",0.0337
"319764",-1.8682
"319765",0.0946
"319767",-0.0271
"319772",0.0281
"319776",-2.012
"319781",-0.2658
"319783",-0.0056
"319786",-0.0049
"319798",0.2489
"319801",0.0212
"319804",-0.0291
"319807",-0.1439
"319812",-0.4557
"319817",-0.1159
"319818",0.2819
"319822",0.1808
"319830",-0.02
"319832",-0.0433
"319845",-0.1299
"319849",0.1504
"319859",-0.6439
"319865",-0.1137
"319870",0.034
"319876",-0.1591
"319880",-0.1439
"319885",0.0185
"319888",0.4094
"319893",-0.0516
"319899",-0.0941
"319901",-0.0217
"319903",0.1135
"319909",-0.0112
"319915",-0.5813
"319922",0.0688
"319924",-0.0255
"319931",-1.5268
"319934",-0.0484
"319939",-0.0271
"319940",-0.0814
"319942",0.014
"319944",-0.0151
"319945",0.0481
"319951",-0.0261
"319953",0.0565
"319954",-0.5801
"319955",0.0152
"319960",-0.7738
"319965",0.0568
"319974",-0.0895
"319981",-0.0707
"319982",-0.1639
"319984",-0.0592
"319991",-0.007
"319996",-0.0445
"319997",0.3722
"319998",0.1646
"320001",0.3455
"320007",-0.0899
"320011",0.0077
"320014",-0.1639
"320019",0.6375
"320020",0.2899
"320022",-0.1951
"320024",-0.0099
"320026",-0.1041
"320027",0.0795
"320038",-0.0763
"320046",-0.026
"320051",-0.2113
"320054",-0.1988
"320064",-0.023
"320069",-0.006
"320072",-0.1372
"320078",0.1859
"320080",0.061
"320091",-0.001
"320092",-0.1185
"320095",-0.0047
"320099",-0.1659
"320100",0.1267
"320106",-0.1421
"320110",-0.0663
"320111",0.0269
"320116",0.2687
"320118",0.7013
"320119",0.0676
"320127",0.0704
"320129",-0.0296
"320135",0.3758
"320145",-0.1744
"320148",0.3188
"320150",-0.0199
"320152",-0.0993
"320155",0.6045
"320158",-0.0947
"320159",0.1673
"320162",0.1224
"320163",-0.1524
"320165",0.1599
"320172",0.3092
"320174",-0.1191
"320181",-0.2014
"320183",0.131
"320184",-0.0984
"320187",0.1288
"320191",-0.0606
"320202",1.0015
"320203",-0.0991
"320204",-0.0485
"320207",-0.0865
"320208",0.351
"320209",-0.0961
"320210",-0.3912
"320213",0.0434
"320214",-0.2295
"320225",-0.4185
"320226",0.0722
"320229",-0.1356
"320234",-0.0162
"320237",-0.1779
"320244",3e-04
"320247",-0.0269
"320253",0.3211
"320256",-0.1368
"320265",-0.0604
"320267",-0.053
"320268",-0.1015
"320271",-0.0692
"320273",-0.6269
"320277",-0.1597
"320292",0.0484
"320295",-0.0533
"320297",-0.5676
"320299",-0.0909
"320301",-0.0231
"320302",-0.326
"320311",-0.2923
"320312",-0.2104
"320315",-0.1331
"320323",0.4144
"320332",0.0749
"320333",-0.2116
"320343",-0.0956
"320351",-0.0513
"320354",0.0076
"320355",-0.2857
"320360",0.0464
"320363",-0.8866
"320365",-0.0371
"320376",-0.0418
"320394",-0.1561
"320398",-0.1556
"320400",0.2912
"320404",-0.0636
"320405",0.0105
"320415",-0.3258
"320429",0.0615
"320435",0.0552
"320438",-0.0512
"320440",-0.2882
"320452",0.0835
"320456",-0.2824
"320460",-0.1987
"320463",0.1186
"320466",-0.1379
"320469",-0.0426
"320472",-0.0072
"320473",0.0476
"320478",0.0436
"320482",0.2628
"320484",0.0331
"320486",-0.1485
"320487",0.0196
"320492",-0.1327
"320495",-0.0219
"320500",-0.2814
"320506",-0.0752
"320507",-1.0612
"320508",-0.0476
"320522",0.0101
"320528",-0.0253
"320534",0.1086
"320538",-7e-04
"320541",0.0389
"320554",-0.0733
"320557",-0.0602
"320558",-0.1779
"320560",0.078
"320563",0.1157
"320571",-0.495
"320586",-0.0971
"320587",0.045
"320590",0.6666
"320593",0.0862
"320595",0.0183
"320604",-0.0462
"320606",0.1654
"320609",0.0069
"320614",0.149
"320615",0.0106
"320616",-0.0244
"320632",0.0018
"320633",-0.1198
"320634",-0.076
"320635",0.3926
"320642",-0.7132
"320655",-0.0177
"320661",-0.0445
"320662",0.5273
"320664",0.2405
"320678",0.1156
"320679",-0.1212
"320683",-0.0356
"320685",0.1687
"320692",-0.1123
"320696",0.1425
"320700",0.0675
"320701",0.2337
"320705",-0.0316
"320706",-0.0336
"320707",-0.0801
"320709",0.1248
"320712",-0.21
"320713",0.0108
"320714",-0.0127
"320717",-0.0264
"320719",-0.2684
"320720",-0.1024
"320722",-0.0119
"320727",-0.0095
"320733",-0.3503
"320736",0.2319
"320739",0.1905
"320742",0.054
"320747",-0.1882
"320749",-0.3027
"320752",0.3966
"320770",0.0459
"320772",-0.0842
"320775",-0.018
"320782",0.2278
"320790",-0.0676
"320795",0.0432
"320798",-0.1911
"320799",-0.0282
"320802",-0.0185
"320805",-0.2798
"320806",0.0074
"320808",0.0198
"320816",-0.0203
"320817",0.0353
"320825",-0.2274
"320827",-0.1191
"320840",-0.1102
"320842",0.4683
"320844",0.117
"320845",-0.1393
"320846",0.2533
"320858",-0.4549
"320865",0.1622
"320869",-0.0714
"320871",0.2613
"320873",-0.0238
"320878",0.0616
"320879",0.0277
"320893",-0.6231
"320896",0.88
"320910",0.0472
"320916",0.0128
"320919",0.3983
"320924",-0.2926
"320933",0.0258
"320936",-0.5732
"320938",-0.006
"320939",-0.1406
"320940",-0.0903
"320949",0.2535
"320950",-0.0646
"320951",0.0808
"320952",-0.4173
"320961",-0.344
"320965",-0.0838
"320973",-0.0406
"320974",-0.3265
"320975",0.2409
"320977",0.0266
"320981",-0.0983
"320982",-0.0676
"321000",0.0083
"321003",-0.0096
"321006",-0.0079
"321007",-0.0976
"321008",-0.0193
"321019",-0.0221
"321022",-0.0186
"326618",0.1222
"326619",0.1201
"326620",0.0223
"326622",-0.07
"327655",0.009
"327743",-0.4134
"327744",-0.0382
"327747",0.0428
"327762",0.1511
"327766",0.9274
"327768",-0.1197
"327799",0.5539
"327812",0.0168
"327814",-0.0438
"327826",-0.1052
"327900",-0.1073
"327942",-0.0666
"327951",0.0045
"327954",-0.0444
"327958",-0.0214
"327959",0.0723
"327978",0.1229
"327987",-0.059
"327992",-0.2079
"328019",0.3184
"328035",-0.0372
"328066",-1.4764
"328075",-0.3534
"328092",0.1301
"328099",0.022
"328108",-0.0423
"328110",-0.1226
"328133",-0.0104
"328162",2e-04
"328166",-0.082
"328186",-0.1829
"328190",0.42
"328232",0.0824
"328234",-0.1311
"328235",-0.1431
"328274",0.1598
"328309",0.055
"328314",0.1068
"328320",0.4863
"328329",0.0746
"328330",-0.0205
"328354",-0.3984
"328365",0.0455
"328370",-0.0379
"328381",-0.0401
"328417",-0.1498
"328424",-0.0585
"328440",-3.413e-05
"328448",0.3989
"328451",-0.0962
"328479",0.0454
"328561",-0.0498
"328563",1.0739
"328572",-0.0631
"328580",0.0508
"328594",0.1785
"328643",0.1626
"328734",-0.1924
"328778",-0.1491
"328789",-0.2478
"328795",0.129
"328801",-0.0712
"328833",-0.1855
"328906",0.035
"328918",0.0567
"328949",-0.0833
"328957",0.1702
"328967",0.2083
"328968",-0.2036
"328971",0.4075
"328977",0.032
"329002",-0.0149
"329003",-0.0622
"329015",0.0083
"329056",6e-04
"329064",0.2818
"329065",-0.4122
"329078",-0.0457
"329093",0.253
"329152",0.0734
"329154",0.0093
"329160",0.1852
"329165",-0.0263
"329178",-0.1083
"329217",-0.0325
"329251",-0.0231
"329252",-0.1732
"329260",0.0873
"329274",-0.1053
"329324",-0.1198
"329358",0.2091
"329366",0.4274
"329384",0.0423
"329387",0.0173
"329416",0.3571
"329421",-0.1586
"329427",0.0602
"329470",-0.0723
"329482",0.6476
"329483",0.6516
"329496",0.4624
"329502",-0.2706
"329504",-0.0934
"329506",-0.0728
"329509",-0.1843
"329513",-0.2
"329540",-0.097
"329559",-0.0205
"329562",0.3588
"329575",-0.0372
"329581",0.1791
"329584",0.1571
"329626",0.5363
"329628",-0.3303
"329641",-0.1186
"329650",-0.0309
"329659",-0.0993
"329679",-0.0355
"329702",0.9615
"329716",0.4055
"329727",-0.2391
"329735",-0.0355
"329739",-0.0361
"329763",-0.4421
"329777",-0.0024
"329782",-0.2531
"329790",-0.0741
"329795",-0.0041
"329828",0.0222
"329831",-0.0286
"329872",-0.1651
"329877",-0.0705
"329908",-0.0513
"329910",0.1191
"329934",-0.1343
"329941",0.5199
"329942",0.0949
"329972",1.3388
"329977",-0.0906
"330031",0.2058
"330050",0.0416
"330052",0.6764
"330064",-0.0645
"330096",-0.3649
"330119",-0.0824
"330133",0.4135
"330143",-0.0266
"330149",-0.2809
"330164",0.0371
"330166",-0.0018
"330171",-0.0155
"330173",0.0421
"330177",-0.0658
"330188",-0.3204
"330189",-0.0724
"330192",0.0173
"330216",0.2107
"330217",-0.069
"330222",-0.0078
"330230",-0.0968
"330256",-0.5386
"330260",-0.1334
"330267",-0.1225
"330286",0.0225
"330301",-0.0172
"330319",0.0165
"330323",-0.0594
"330324",-0.328
"330355",0.6929
"330361",-0.0851
"330369",0.0445
"330385",-0.2907
"330401",-0.0373
"330403",-0.3803
"330406",0.1833
"330409",-0.1287
"330427",0.0549
"330450",-0.0594
"330460",-0.0855
"330463",0.1221
"330474",0.0017
"330483",0.1306
"330485",0.0065
"330502",-0.0962
"330503",-0.0458
"330554",-0.0548
"330577",0.1338
"330599",-0.5004
"330602",0.6258
"330627",0.0885
"330657",-0.1656
"330660",0.2008
"330662",-0.034
"330671",0.0437
"330695",0.0618
"330721",-0.5192
"330723",0.1454
"330734",0.2582
"330788",0.0061
"330790",0.0273
"330812",-5e-04
"330814",0.0991
"330817",0.0177
"330830",0.196
"330836",0.0123
"330863",0.1805
"330902",-0.1853
"330908",-0.1483
"330914",-0.0038
"330921",-0.2977
"330938",-0.036
"330941",0.0048
"330953",-0.0179
"330959",0.0935
"330963",-0.2372
"330998",-0.1084
"331004",0.124
"331026",0.1561
"331046",0.0455
"331188",-0.015
"331374",-0.9657
"331392",-0.0042
"331401",-0.0417
"331424",-0.16
"331461",-0.1941
"331474",0.0651
"331480",-0.3164
"331487",-0.0998
"331493",0.7451
"331524",-0.4937
"331532",-0.0957
"331547",-0.1538
"331578",0.4545
"331623",0.0285
"332175",0.2477
"332359",0.0533
"332397",-0.0873
"332579",0.0707
"332934",0.1457
"332993",0.4519
"333050",0.0123
"333088",-0.3532
"333182",-0.0437
"333193",0.245
"333307",1.5459
"333315",-0.6119
"333329",-0.0798
"333433",-0.0467
"333605",-0.012
"333639",0.0804
"333654",0.3965
"333669",0.1553
"333670",0.128
"333789",-0.0954
"333883",0.4544
"338320",0.0038
"338337",-0.0257
"338346",0.0927
"338348",-0.0331
"338349",-0.1448
"338350",0.0326
"338351",-0.025
"338352",0.0493
"338354",-0.0306
"338355",0.002
"338359",0.0495
"338360",0.1395
"338362",-0.0325
"338363",0.0297
"338364",-0.1219
"338365",0.1239
"338366",0.0288
"338367",0.0459
"338368",-0.0677
"338369",0.2487
"338370",-0.0314
"338371",-0.016
"338372",0.0752
"338403",-0.1032
"338438",0.4588
"338467",-0.0281
"338521",0.0973
"338523",0.004
"338535",-0.5432
"347722",-0.0495
"352968",0.0605
"353025",-0.2715
"353047",-0.0936
"353123",-0.4458
"353155",0.5349
"353156",0.0684
"353169",-0.3709
"353170",-0.0368
"353172",-0.021
"353187",-0.2213
"353188",0.0013
"353190",-0.0158
"353204",-0.5863
"353208",-0.0702
"353211",-0.0514
"353234",0.0767
"353235",0.0888
"353236",-0.2788
"353237",-0.1953
"353242",-0.0507
"353258",0.0321
"353282",0.0114
"353287",0.3306
"353310",-0.0213
"353326",0.1267
"353328",-1.0482
"353342",-0.0261
"353371",0.5069
"353499",-0.3346
"353502",0.0171
"360013",0.1078
"360198",0.0626
"360213",0.0664
"360216",-0.0035
"373852",-0.0034
"373864",-0.271
"378425",1.119
"378430",0.3813
"378431",-0.1309
"378435",-0.1837
"378460",-0.1645
"378462",0.0638
"378466",0.0272
"378472",0.3824
"378702",0.116
"378775",-0.1595
"378776",0.0026
"378937",0.0339
"378954",0.0559
"380601",-0.0447
"380608",-0.0381
"380614",-0.0558
"380629",-0.0892
"380654",0.1098
"380660",0.075
"380664",-0.0101
"380669",0.2266
"380683",-0.3517
"380684",0.1763
"380686",0.0117
"380694",-0.036
"380698",-0.3905
"380702",-0.0494
"380705",-1.0714
"380711",-0.1798
"380712",0.1649
"380713",0.2916
"380714",0.1187
"380718",-0.059
"380728",0.3078
"380732",-0.7358
"380752",0.0374
"380753",-0.1225
"380755",-0.4389
"380768",-0.0993
"380773",-0.0554
"380785",-0.0522
"380787",-0.1056
"380836",-0.0033
"380840",-0.0217
"380842",0.4011
"380850",-0.0609
"380855",0.0961
"380863",-0.5614
"380912",-0.0906
"380916",0.0186
"380918",-0.156
"380921",-0.1188
"380924",0.5534
"380928",-0.021
"380930",-0.0912
"380934",0.1766
"380959",-5e-04
"380967",0.0637
"380969",0.0085
"380977",0.1759
"380993",0.0379
"381022",-0.0055
"381038",-0.0678
"381045",0.0515
"381059",0.1467
"381062",-0.0381
"381066",0.0159
"381067",-0.0818
"381072",0.3116
"381073",-0.1893
"381077",0.7944
"381085",0.0065
"381101",0.0953
"381104",0.0479
"381107",0.2357
"381110",-0.0537
"381112",-0.1331
"381113",-0.2678
"381126",-0.0233
"381148",-0.2698
"381157",0.0523
"381175",0.9523
"381196",-0.157
"381199",0.0911
"381201",-0.156
"381204",0.4617
"381217",-0.1329
"381218",-0.1887
"381229",0.6065
"381232",1.3623
"381236",-0.0258
"381259",-0.0214
"381260",-0.1714
"381269",0.0871
"381270",0.1726
"381280",0.0211
"381284",0.2235
"381290",-0.5032
"381293",-0.4156
"381305",-0.1214
"381306",0.0898
"381308",0.8686
"381310",-0.004
"381314",0.0697
"381318",0.1332
"381319",1.1295
"381334",-0.2879
"381338",-0.0834
"381350",-0.0183
"381352",0.816
"381353",-0.0441
"381356",-0.0332
"381373",-0.2658
"381379",0.0355
"381404",-0.1069
"381405",0.7583
"381406",0.0324
"381409",0.8618
"381410",-0.125
"381411",0.5783
"381413",0.1327
"381418",-0.2098
"381438",-0.5314
"381476",-0.0706
"381482",0.0908
"381489",0.0062
"381493",1.0588
"381510",-0.1493
"381511",0.0163
"381522",0.8631
"381538",0.1563
"381544",0.602
"381546",0.7495
"381549",0.0521
"381560",0.088
"381582",0.0347
"381598",-0.0114
"381605",0.0861
"381622",-1.2015
"381626",-0.0687
"381629",0.0301
"381633",0.0983
"381634",0.0667
"381644",-0.0761
"381650",0.0355
"381668",-0.0039
"381673",-0.5655
"381677",0.2527
"381678",-0.0546
"381693",-0.3015
"381694",-0.0919
"381695",0.0298
"381738",0.1465
"381741",0.6724
"381759",0.7465
"381760",-0.0161
"381785",0.1054
"381792",-0.4484
"381798",0.1848
"381801",-0.0276
"381802",0.0455
"381810",0.0065
"381812",-0.041
"381813",0.0464
"381820",-0.0772
"381822",-0.0221
"381823",0.4536
"381827",-0.5855
"381835",-0.0411
"381836",0.0433
"381845",0.114
"381853",0.1213
"381884",-0.0494
"381903",0.2536
"381914",0.1469
"381917",0.1849
"381921",-0.0049
"381922",0.3408
"381924",-0.413
"381925",0.5035
"381933",0.0871
"381979",-0.0161
"381983",0.0845
"381990",-0.0211
"381994",-0.139
"382010",0.131
"382014",-0.0204
"382018",0.0402
"382019",0.0526
"382030",-0.0104
"382034",0.0111
"382038",0.0356
"382051",-0.0426
"382056",0.0225
"382062",-0.0017
"382066",0.0803
"382073",-0.0584
"382077",0.1846
"382083",-0.0337
"382089",-0.2154
"382090",-2.98e-06
"382111",0.0631
"382114",-0.1176
"382117",0.0104
"382118",-0.0969
"382137",0.0906
"382207",0.024
"382221",0.6975
"382236",-0.0544
"382245",0.0024
"382252",-0.1875
"382253",0.0896
"382384",-0.209
"382406",-0.0483
"382421",0.5173
"382423",-0.0448
"382427",0.4206
"382522",0.0094
"382543",-0.3705
"382551",0.6616
"382562",-0.0699
"382571",-0.2425
"382620",-0.0034
"382639",0.0592
"382686",0.0758
"382793",-0.0403
"382864",0.1567
"382867",0.023
"382913",0.6506
"382985",-0.0497
"383103",0.0595
"383295",0.0575
"383348",-0.0624
"383563",0.3372
"383592",0.1077
"383619",-0.0899
"383766",0.3816
"383787",0.038
"384009",0.0866
"384059",0.1184
"384061",0.1121
"384071",0.2168
"384198",0.6963
"384214",0.0711
"384281",0.0014
"384309",-0.047
"384569",-0.0432
"384619",-0.0356
"384763",-0.0648
"384783",0.0409
"384864",-0.4292
"385354",-0.0108
"385658",-0.0517
"385668",0.125
"385674",-0.0216
"386454",0.2045
"386463",-0.0974
"386612",0.0885
"386649",0.0494
"386655",0.0188
"386750",-0.0701
"386753",-0.2232
"387285",0.0954
"387314",0.0112
"387524",0.0054
"387609",-0.044
"394432",0.151
"396184",0.0039
"399101",-0.1101
"399510",-0.0121
"399548",0.1561
"399558",-0.0049
"399566",0.0295
"399568",-0.042
"399591",-0.0592
"399599",-0.1618
"399603",0.0301
"399609",0.0942
"402727",-0.5799
"402728",0.1737
"402757",-0.2859
"402767",-0.118
"403174",0.3006
"403178",0.073
"403180",0.4215
"403185",-0.2766
"403187",0.0879
"403201",-0.5878
"403202",-0.736
"404634",-0.048
"404710",0.2975
"406217",-0.141
"406218",0.0076
"406220",-0.1214
"407243",0.1022
"407785",0.1251
"407786",0.035
"407788",-0.2352
"407789",0.0461
"407790",0.1606
"407800",-0.4622
"407803",0.1029
"407809",-0.1094
"407810",0.0491
"407812",-0.0164
"407819",0.0616
"407821",-0.0709
"407823",-5e-04
"407831",0.2182
"408022",-0.0495
"408028",-0.0671
"408059",-0.1694
"408061",-0.3343
"408062",-0.0468
"408064",-0.4232
"408065",0.183
"408066",-0.2971
"408067",-0.0072
"408068",-0.0392
"408191",-0.5424
"408192",0.0408
"414066",-0.2381
"414069",-0.0392
"414072",0.1218
"414077",0.0431
"414079",0.2503
"414081",0.0235
"414085",-0.048
"414089",-0.479
"414093",-0.1593
"414095",-0.0138
"414101",0.0066
"414108",7.766e-05
"414111",-0.2463
"414115",0.3844
"414116",-0.7433
"414118",0.0186
"414123",0.1567
"414126",-1.6224
"414758",-0.0839
"414801",0.1642
"414872",-0.0225
"415115",0.0546
"425051",-0.2254
"431706",-0.2444
"432396",0.1411
"432442",-0.0056
"432450",-0.1489
"432466",-1.1046
"432467",0.0566
"432478",0.4248
"432486",-0.011
"432508",-0.0537
"432516",-0.044
"432555",0.2181
"432572",-0.0421
"432582",2e-04
"432611",0.1466
"432615",-0.5146
"432628",0.2914
"432636",0.2955
"432731",-0.0243
"432754",0.532
"432763",-0.0059
"432769",0.182
"432770",-0.0344
"432779",-0.0361
"432839",-0.0935
"432842",0.0962
"432855",0.3462
"432870",-0.2585
"432879",-0.0941
"432939",0.0559
"432940",-0.0214
"432964",-0.4398
"432999",0.0085
"433003",0.1057
"433004",-0.1379
"433022",-0.1442
"433078",-0.5658
"433100",-0.0413
"433111",0.0671
"433182",-0.7164
"433198",-0.2539
"433202",-0.0429
"433215",-0.4041
"433224",-0.6485
"433256",0.0886
"433287",-1.1341
"433294",0.2124
"433323",-0.2363
"433365",1.008
"433367",2.2243
"433374",0.0693
"433375",-0.0321
"433406",-0.7065
"433408",-0.0102
"433415",0.3234
"433416",0.0551
"433424",-0.1737
"433466",-0.1062
"433470",0.1686
"433481",-0.1341
"433485",0.3205
"433503",1.1733
"433520",0.0171
"433586",0.1383
"433638",-0.3358
"433667",-0.0087
"433693",0.0518
"433698",0.0529
"433700",-0.0687
"433702",0.0549
"433752",-0.1896
"433759",-0.0973
"433771",-0.0638
"433791",-0.52
"433801",0.3046
"433809",0.254
"433813",-0.0514
"433864",-0.0518
"433868",-0.0213
"433873",0.0453
"433904",0.0908
"433926",-0.0311
"433931",0.0226
"433938",-0.1234
"433940",0.0115
"433956",0.1433
"433966",-0.535
"434003",-0.2067
"434008",-0.0736
"434064",0.3051
"434128",-0.0227
"434130",0.023
"434147",-0.1778
"434156",-0.0692
"434178",-0.1168
"434179",0.03
"434197",-0.4721
"434198",-0.0364
"434204",0.03
"434215",-0.1003
"434223",-0.5048
"434232",-0.1926
"434233",-0.0319
"434234",0.254
"434246",0.1107
"434249",-0.0033
"434280",-0.0779
"434325",0.7507
"434341",0.1196
"434350",0.1571
"434353",0.0034
"434377",0.0074
"434402",0.0526
"434436",-0.0633
"434437",0.063
"434438",-0.1842
"434484",0.2881
"434689",1.244
"434756",0.6262
"434778",0.0846
"434784",0.3301
"434797",-0.0763
"435145",0.4414
"435366",-0.0834
"435376",0.0046
"435391",0.1301
"435528",-0.2525
"435529",0.0957
"435653",0.068
"435684",0.0081
"435965",0.0333
"436008",-0.759
"436022",0.3618
"436062",0.0651
"436090",-0.0188
"436100",-0.1034
"436230",-0.1996
"436240",-0.373
"436583",0.0212
"442801",0.125
"442803",-0.1251
"442804",0.1518
"442805",0.0065
"442821",0.9862
"442825",0.0389
"442838",-0.0974
"442848",-0.0825
"445007",-0.0453
"445267",0.0404
"446101",0.1786
"448850",-0.043
"448987",0.0828
"449000",-0.1451
"449521",0.0522
"449630",0.0459
"449631",-0.2912
"474156",0.0323
"474160",0.5005
"474332",0.1807
"493800",0.0049
"494448",0.0384
"494468",-0.1046
"494504",-0.1154
"497097",-0.1483
"497652",0.0782
"503610",0.0522
"504193",0.0704
"541610",-0.5701
"544678",-0.0249
"544696",-0.0641
"544717",0.1172
"544752",-0.0461
"544763",0.0595
"544767",0.7745
"544817",0.0323
"544848",0.1375
"544864",-0.039
"544922",-0.0155
"544963",0.0152
"544971",-0.0085
"545007",-0.3499
"545030",-0.0292
"545056",-0.3986
"545085",0.0026
"545126",0.1026
"545136",0.144
"545140",-0.1602
"545182",-0.5507
"545192",-0.3837
"545205",-0.3167
"545207",-0.2478
"545253",-0.3823
"545260",0.2533
"545261",-0.2151
"545276",-0.1131
"545370",0.0345
"545389",-0.0363
"545391",0.16
"545428",0.128
"545474",0.2733
"545481",0.8504
"545486",0.1808
"545490",-0.6259
"545527",0.1178
"545539",-0.1869
"545554",0.0923
"545611",0.2677
"545622",0.0782
"545681",-0.0214
"545700",0.1505
"545725",-0.2906
"545809",0.0757
"545861",0.7412
"545893",0.2679
"545938",-0.2221
"545951",1.1654
"545975",0.339
"546049",-0.6858
"546071",0.039
"546100",-0.2643
"546134",-0.4088
"546143",0.0568
"546144",0.5172
"546166",-0.0941
"546325",0.5121
"546336",-0.1304
"546524",-0.4663
"546611",-0.0663
"546648",0.1009
"546723",-0.2795
"547109",0.1788
"547127",-0.1915
"547150",-0.0328
"547176",-0.0242
"547253",-0.0069
"552913",0.2582
"553095",-0.1021
"553127",0.1142
"554327",0.1465
"574402",0.1093
"574403",-0.077
"574404",-0.053
"574405",1.9636
"574418",0.2764
"574437",0.4102
"594844",-0.0277
"595136",0.0411
"595139",-0.1651
"606496",0.0168
"606735",0.5019
"613254",-0.0921
"613258",-0.0996
"613262",0.0501
"613264",-0.9325
"619287",-0.2098
"619289",-0.1841
"619292",-0.3117
"619293",-0.7732
"619295",-0.8644
"619301",0.4005
"619306",-0.8458
"619308",0.5235
"619309",-0.0514
"619310",0.0498
"619321",0.3903
"619325",0.6072
"619327",0.0591
"619331",-0.0889
"619371",0.5706
"619441",-0.0573
"619547",0.05
"619605",0.1019
"619719",0.0164
"620016",-0.6383
"620079",-1.779
"620246",0.077
"620292",-0.0869
"620419",0.1482
"620592",0.0631
"620631",-0.7908
"620678",-0.3541
"620695",-0.0727
"620760",-0.0912
"620913",-0.4981
"621080",0.1927
"621156",-0.3015
"621239",0.6336
"621304",0.6391
"621427",0.4509
"621603",0.6089
"621823",-0.4497
"621893",-0.1733
"621976",-0.0976
"621998",-0.0066
"622116",-0.0626
"622129",0.2907
"622175",-0.0201
"622208",0.1299
"622282",-0.0316
"622320",-0.0227
"622404",-0.0543
"622408",-0.5292
"622434",-0.1153
"622459",-0.138
"622480",0.7685
"622552",-0.2841
"622645",0.0088
"622665",-0.1454
"622675",0.0656
"622708",-0.4194
"623131",1.2231
"623169",-0.3399
"623223",-0.2878
"623230",-0.1071
"623273",1.2115
"623279",-0.1474
"623474",-0.0832
"623661",0.0257
"623734",-0.3228
"623781",0.3709
"624086",-0.1784
"624224",0.503
"624251",-0.7916
"624341",0.3201
"624549",-0.1632
"624582",-0.3968
"624685",-0.1404
"624713",-0.1525
"624784",-0.2422
"624866",-0.1005
"625018",0.4085
"625054",-0.0361
"625068",-0.2359
"625098",-0.0359
"625109",0.3173
"625121",-0.2593
"625131",0.2316
"625167",0.2544
"625175",-0.0512
"625222",-0.2217
"625237",-0.0944
"625249",0.0723
"625286",-0.4397
"625328",-0.7145
"625342",-0.013
"625349",0.1966
"625360",-0.6483
"625421",-0.2534
"625424",-0.4555
"625464",-0.3248
"625591",1.0388
"625638",0.0333
"625662",0.064
"626009",-0.5836
"626082",-0.0249
"626175",-0.403
"626275",-0.2143
"626359",0.5581
"626391",-0.1135
"626415",0.2793
"626578",-0.3579
"626596",-0.1546
"626693",0.0921
"626802",0.0233
"626832",0.1127
"626848",-0.0954
"626854",0.0606
"626870",-0.2468
"626877",-0.2668
"627049",-0.0262
"627110",-0.1857
"627191",0.2904
"627214",-0.0896
"627352",-0.1401
"627585",0.2384
"627626",0.0286
"627782",0.1978
"627828",0.2136
"627872",0.253
"627984",-0.1497
"628004",-0.0588
"628110",0.1406
"628147",-0.0519
"628308",0.0407
"628686",-0.1422
"628746",0.3261
"628779",-0.0451
"628870",-0.413
"629016",-0.0731
"629059",-0.0537
"629147",-0.6474
"629159",0.173
"629242",-0.0479
"629300",-0.1637
"629378",0.0761
"629499",-0.2392
"629557",0.2436
"629595",-0.5653
"629750",0.7444
"629777",-0.0364
"629945",0.3635
"630146",-0.3444
"630499",0.4931
"630579",-0.2101
"630836",-0.0773
"631145",0.5526
"631323",0.0283
"631624",-0.0209
"631990",-0.199
"632687",0.2637
"633285",-0.344
"633395",0.267
"633640",0.0168
"633947",0.6061
"633979",-0.2048
"634104",0.041
"634650",-0.1443
"634731",-0.0795
"635169",0.5618
"635253",0.0547
"635668",-0.2466
"635702",-0.3017
"636104",-0.0954
"636741",0.1662
"636791",0.013
"636808",-0.015
"636931",-0.122
"636952",-1.0131
"637079",-0.0906
"637515",-0.2031
"637776",0.1732
"638247",-0.0355
"638411",0.0961
"638695",0.6982
"640524",0.5353
"641340",0.0388
"641376",0.129
"641387",0.2779
"641454",-0.1013
"652925",0.1316
"654309",-0.3648
"654318",0.0616
"654359",-0.557
"654409",-0.0848
"654424",-0.1473
"654432",-0.4627
"654440",-0.0191
"654467",-0.4393
"654469",0.0844
"654470",0.0314
"654472",-0.6166
"654788",0.1069
"654795",-0.0241
"654796",-0.3694
"654798",0.6406
"654801",0.0644
"654803",-0.0984
"654804",-0.0559
"654805",0.2133
"654806",-0.1242
"654812",0.1307
"654818",0.0911
"654820",0.3063
"654821",0.2733
"654822",-1.9425
"654824",0.192
"664804",0.645
"664837",0.295
"664849",0.4268
"664862",-0.0564
"664883",-0.1462
"664903",-0.9785
"664968",-0.0941
"664987",0.0589
"664994",-0.0012
"665001",-0.1686
"665033",-0.1233
"665054",0.1166
"665055",-1.6298
"665095",-1.0553
"665113",-0.0233
"665119",0.0771
"665155",-0.0915
"665180",0.0904
"665205",-0.3184
"665211",-0.0717
"665268",0.0628
"665270",0.0473
"665306",-0.3688
"665433",0.4457
"665562",-0.5641
"665563",0.1108
"665574",-0.1799
"665577",-0.667
"665578",0.4018
"665596",0.1789
"665622",-0.6717
"665635",0.1302
"665700",0.4866
"665726",-0.3474
"665775",-0.034
"665828",0.0829
"665845",0.6453
"665858",-0.1142
"665931",-0.3248
"665934",0.2459
"666048",-0.4708
"666060",-0.0589
"666105",-0.5157
"666173",-0.0156
"666182",0.4062
"666190",0.741
"666244",0.2785
"666257",0.0485
"666279",-0.0363
"666311",-0.0544
"666329",-0.2466
"666389",-0.1328
"666427",-0.1386
"666468",0.0288
"666528",0.2244
"666529",-0.0442
"666532",-0.0955
"666584",0.088
"666680",0.5179
"666704",0.066
"666731",0.5113
"666737",0.3413
"666752",0.0933
"666794",-0.0152
"666808",-0.6945
"666892",-0.3844
"666899",-0.3229
"666938",-0.0327
"666945",-0.3037
"667034",0.5998
"667035",-0.8974
"667118",-0.0962
"667213",0.613
"667214",0.0356
"667250",-0.1397
"667370",-0.5352
"667373",0.0052
"667410",-0.1702
"667663",-0.6418
"667742",0.0656
"667772",0.0018
"667803",0.0308
"667823",-0.1233
"667962",-1.3031
"668039",-0.2004
"668139",0.1496
"668158",0.0303
"668166",-0.0849
"668171",0.0374
"668173",0.0514
"668212",-0.0209
"668215",-0.3819
"668218",-0.049
"668225",-0.0954
"668253",-0.091
"668257",0.7594
"668272",-0.1118
"668303",-0.1228
"668310",-0.1391
"668489",-0.0751
"668501",-0.0706
"668525",-0.1218
"668548",-0.3012
"668592",0.1463
"668661",-0.0133
"668829",-0.3148
"668880",-0.0608
"668894",-0.1753
"668917",0.2574
"668923",-0.0567
"668929",0.2786
"668940",0.0096
"670507",-1.3595
"670593",-0.2351
"671535",0.1872
"671650",-0.5682
"672098",-0.0669
"672511",-0.1033
"673094",0.18
"674895",-0.0946
"675812",0.0485
"675921",-0.1897
"677044",0.1827
"677884",-0.0759
"751525",1.0238
"751865",0.6813
"767815",-0.0857
"768252",-0.4428
"768271",0.3745
"790910",0.2541
"790912",-0.8487
"791288",0.5492
"791292",-0.5736
"791299",0.0145
"791303",-0.2961
"791312",-0.4083
"791318",0.0904
"791338",-0.4123
"791370",-0.1531
"791383",0.6862
"791403",-0.2442
"791411",0.2563
"791415",-0.0348
"791417",0.154
"100009600",-0.6902
"100034251",-0.0672
"100034361",-2e-04
"100034363",-0.2272
"100034726",-0.3568
"100034739",-0.1967
"100034748",0.1355
"100036521",0.038
"100036523",0.3229
"100036537",-0.5259
"100036568",0.6533
"100036569",0.7353
"100036768",0.1198
"100037258",-0.0372
"100037260",0.2965
"100037262",0.1045
"100037278",0.0715
"100037282",-0.0473
"100037283",-0.096
"100037396",0.4532
"100038347",0.0588
"100038353",-0.9594
"100038356",-0.0087
"100038363",-0.2026
"100038371",0.82
"100038378",0.7012
"100038388",-0.3768
"100038392",0.0616
"100038411",0.4554
"100038433",0.354
"100038453",-0.2956
"100038454",1.1694
"100038460",-0.7013
"100038464",-0.7888
"100038467",-1.2459
"100038489",0.7885
"100038492",-0.0597
"100038497",0.2447
"100038514",-0.2507
"100038522",-0.7121
"100038526",-0.2412
"100038532",0.3771
"100038538",-2e-04
"100038560",0.1327
"100038566",0.3489
"100038570",-0.0731
"100038577",-0.1883
"100038591",-0.1039
"100038595",0.0934
"100038599",0.1356
"100038614",-0.2181
"100038636",-0.5979
"100038638",0.1667
"100038653",-0.1496
"100038689",0.2404
"100038699",-0.3708
"100038700",-0.385
"100038709",-0.4017
"100038712",-0.064
"100038713",-0.0821
"100038725",-0.076
"100038732",-0.6704
"100038735",0.048
"100038739",-0.0737
"100038743",0.0235
"100038746",-0.0534
"100038755",-0.2306
"100038847",-0.2649
"100038882",-0.0584
"100038949",-1.22
"100039027",-0.1303
"100039045",-0.6849
"100039060",0.6269
"100039062",-0.2663
"100039123",-0.0627
"100039138",-0.2525
"100039139",-0.6745
"100039184",-0.6263
"100039210",-0.0853
"100039222",0.3738
"100039239",0.1736
"100039284",0.0984
"100039332",0.1548
"100039374",0.0967
"100039436",-0.1978
"100039440",-0.9298
"100039441",-0.0525
"100039495",0.0163
"100039596",-0.0909
"100039636",-0.2982
"100039674",-1.1469
"100039684",4.556e-05
"100039691",-0.1886
"100039707",0.0784
"100039731",-0.6331
"100039781",0.155
"100039786",-0.0621
"100039795",-0.0761
"100039796",-0.2248
"100039805",-0.7235
"100039815",-0.0422
"100039830",-0.0422
"100039837",0.2613
"100039861",-0.2169
"100039863",-0.5616
"100039864",-0.2008
"100039899",0.2878
"100039901",-0.6275
"100039957",0.0086
"100039964",0.2424
"100039968",0.1858
"100040048",0.6721
"100040293",0.6661
"100040294",-0.3046
"100040298",-0.416
"100040322",-0.2291
"100040328",1.5311
"100040339",-0.4432
"100040421",0.1046
"100040462",-0.2492
"100040500",0.8909
"100040507",0.0162
"100040525",-0.0892
"100040529",-0.4181
"100040531",0.5051
"100040563",0.0414
"100040591",-0.233
"100040599",-0.6095
"100040608",-0.096
"100040671",-0.1962
"100040724",0.1853
"100040769",-0.1322
"100040792",0.2301
"100040807",1.151
"100040822",-0.1745
"100040846",-0.1725
"100040852",-0.2021
"100040870",-0.3584
"100040935",1.151
"100040944",0.0256
"100040970",-0.7412
"100040972",0.5737
"100040999",-0.2919
"100041085",0.2938
"100041089",-0.2048
"100041151",-0.111
"100041194",0.1103
"100041230",-2.4798
"100041231",-0.1871
"100041239",0.2178
"100041241",0.0106
"100041244",-0.098
"100041273",-0.1785
"100041279",-0.1229
"100041286",0.0128
"100041289",-0.1218
"100041294",-0.5546
"100041306",-0.3906
"100041339",-0.5252
"100041420",-0.1505
"100041480",0.0315
"100041515",-0.0797
"100041530",-0.4185
"100041574",-0.0842
"100041576",-0.5705
"100041581",-0.2121
"100041585",-1.1952
"100041586",0.4007
"100041596",-0.3814
"100041621",-0.0384
"100041639",-0.3892
"100041677",-0.237
"100041694",-0.6052
"100041697",0.3245
"100041734",-0.0797
"100041735",0.5238
"100041781",-0.0788
"100041874",-0.0062
"100041879",-0.0854
"100041953",-0.0666
"100041965",-0.1083
"100041979",0.0203
"100042049",0.5253
"100042054",-0.7134
"100042056",0.1717
"100042074",0.1623
"100042100",0.2122
"100042132",-0.6698
"100042143",0.0744
"100042149",0.0023
"100042150",0.0559
"100042165",-0.0355
"100042166",-0.2994
"100042173",-0.8463
"100042178",-0.0403
"100042194",0.0205
"100042198",-0.2073
"100042235",-0.2474
"100042237",0.0644
"100042277",-0.0843
"100042304",1.36
"100042332",-0.2133
"100042416",-0.0921
"100042450",-0.0185
"100042458",-0.4198
"100042480",-0.0716
"100042484",0.2567
"100042498",0.0435
"100042503",-1.0691
"100042519",0.1577
"100042533",-1.6747
"100042555",0.1932
"100042584",-0.1042
"100042678",-0.4054
"100042679",0.1688
"100042773",0.0952
"100042784",-0.0768
"100042807",-0.0168
"100042827",0.6704
"100042856",0.1977
"100042875",0.0462
"100042880",-0.5903
"100042889",-0.1896
"100042940",0.564
"100042948",0.5702
"100042951",0.2583
"100042958",-0.0829
"100043040",0.15
"100043070",0.8845
"100043072",-0.067
"100043074",0.3841
"100043089",-0.1516
"100043102",0.0838
"100043133",-0.0063
"100043143",-0.1131
"100043150",0.1187
"100043189",-0.1722
"100043213",-0.0971
"100043272",-0.0317
"100043277",-0.2881
"100043305",-0.8568
"100043309",-0.4253
"100043314",-0.1043
"100043332",0.1738
"100043335",0.1074
"100043381",0.1461
"100043387",-0.0234
"100043403",0.0177
"100043407",0.0234
"100043424",0.0089
"100043434",0.0928
"100043450",-0.3477
"100043461",-1.0564
"100043468",0.0084
"100043489",-0.0588
"100043507",-0.3346
"100043580",-0.6571
"100043597",0.0195
"100043600",0.3452
"100043636",-0.2754
"100043682",-0.5396
"100043718",0.2462
"100043757",0.0099
"100043766",0.0209
"100043772",0.0582
"100043813",-0.3525
"100043831",0.0037
"100043902",0.6847
"100043911",0.062
"100043915",-0.0508
"100043920",0.1523
"100044193",-0.002
"100044509",0.4422
"100045066",-0.0087
"100045469",0.1678
"100045653",-0.0997
"100045778",-0.2192
"100045792",-0.0931
"100047123",-0.1798
"100047133",0.1347
"100048534",-0.1213
"100048658",-0.9621
"100048895",-0.0293
"100048985",0.1045
"100049077",0.189
"100049166",-0.0227
"100073351",-0.0353
"100093714",-0.2276
"100101457",-0.0121
"100101806",-0.0011
"100101807",0.0179
"100101919",0.2442
"100113364",-0.509
"100113398",0.1619
"100124623",0.378
"100125929",0.8292
"100125931",-0.0531
"100125933",-0.0575
"100126034",-0.2405
"100126227",0.0458
"100126229",0.1316
"100126243",0.1269
"100126795",-0.369
"100126824",-0.0449
"100127111",-0.0991
"100141474",0.0381
"100169864",-0.0607
"100169865",-0.0393
"100169868",0.1014
"100169871",-0.123
"100169874",0.2063
"100169878",0.2822
"100188919",0.5039
"100216343",0.115
"100216530",0.7052
"100217414",0.2944
"100217415",-0.0049
"100217417",0.4526
"100217418",0.1011
"100217419",0.1149
"100217420",0.3077
"100217450",-0.1129
"100217451",-0.1029
"100233175",-0.0299
"100233208",-0.0993
"100270707",-0.1955
"100271841",-0.4953
"100272219",-0.0521
"100294583",-0.1492
"100302498",-0.3291
"100302648",-0.0866
"100302688",0.0826
"100302730",0.0935
"100303731",-0.1254
"100303732",-2.7542
"100303747",-0.6915
"100306943",0.1748
"100306944",0.0745
"100306945",0.061
"100306952",0.102
"100306955",-0.8083
"100310809",-0.0442
"100310813",0.4912
"100310872",0.0751
"100313519",-0.069
"100313531",-0.1873
"100313943",-0.639
"100316903",-0.3388
"100379095",-0.0599
"100379145",0.4242
"100380944",-0.0367
"100384868",0.2282
"100415787",-0.2645
"100415915",0.2756
"100416706",-0.026
"100417675",0.3042
"100417829",-1.2778
"100500713",-0.0256
"100502590",3e-04
"100502619",1.003
"100502624",0.304
"100502630",-0.1013
"100502635",0.4226
"100502653",0.014
"100502661",0.4227
"100502670",0.0786
"100502695",-0.0785
"100502698",0.0571
"100502700",-0.0401
"100502734",0.2587
"100502736",0.447
"100502742",0.3667
"100502745",0.24
"100502766",-0.1214
"100502825",-0.3365
"100502829",0.0872
"100502834",-0.4671
"100502841",-0.0481
"100502846",-0.1082
"100502849",0.0362
"100502861",0.007
"100502868",0.0382
"100502874",0.2498
"100502876",-0.2436
"100502920",0.5275
"100502932",2.1116
"100502933",-0.8652
"100502940",-0.3367
"100502945",-0.5369
"100502946",0.0464
"100502973",0.7273
"100502982",0.1095
"100502985",-0.2544
"100503002",0.2326
"100503003",0.1368
"100503007",-0.1606
"100503019",-1.3447
"100503040",-0.3206
"100503041",-0.2371
"100503043",-0.1279
"100503044",0.386
"100503068",0.6516
"100503085",-0.0046
"100503099",-0.0466
"100503104",-0.3415
"100503120",0.0232
"100503142",-0.1705
"100503147",0.3519
"100503175",0.2607
"100503178",-0.0825
"100503185",-0.1959
"100503199",-0.1773
"100503240",0.0803
"100503265",-0.4928
"100503272",0.0416
"100503289",0.3098
"100503307",0.1962
"100503311",-0.0217
"100503323",-0.3763
"100503332",-0.3198
"100503338",0.0699
"100503353",-0.1881
"100503355",0.236
"100503380",0.0221
"100503384",-0.3334
"100503386",-0.2392
"100503390",0.1484
"100503392",-0.034
"100503393",-0.009
"100503427",0.8133
"100503468",-0.1167
"100503471",-0.0397
"100503496",-0.4192
"100503498",0.2766
"100503519",-0.2336
"100503536",0.5513
"100503538",-0.5269
"100503565",-0.4409
"100503572",-0.0399
"100503583",-0.0252
"100503584",-0.3638
"100503592",-0.0482
"100503594",-0.2168
"100503600",-0.0115
"100503605",0.2468
"100503609",0.1116
"100503619",-0.7943
"100503620",0.2056
"100503622",0.4507
"100503630",-1.0442
"100503632",-0.0813
"100503636",0.0688
"100503652",0.9368
"100503659",0.0246
"100503670",0.0058
"100503676",-0.5931
"100503690",-0.1096
"100503704",0.1526
"100503754",0.1047
"100503783",-0.1743
"100503790",-0.6225
"100503799",-0.1684
"100503802",0.0847
"100503823",0.1594
"100503827",-1.3126
"100503830",0.1483
"100503842",0.0373
"100503849",-0.1994
"100503859",-1.5441
"100503866",0.3943
"100503868",0.2793
"100503869",-0.0236
"100503884",0.0289
"100503890",0.0907
"100503915",-0.1619
"100503924",0.189
"100503949",-0.0144
"100503962",0.1107
"100503991",-1.0295
"100504007",0.0729
"100504029",-0.2631
"100504049",-0.0739
"100504056",-0.0509
"100504061",-0.6736
"100504101",0.0146
"100504104",0.2921
"100504112",0.307
"100504114",0.1291
"100504116",0.0125
"100504121",-0.1823
"100504141",0.0205
"100504156",-0.0562
"100504166",-0.1723
"100504178",-0.2854
"100504191",-0.2133
"100504221",-0.4024
"100504234",0.2618
"100504235",0.8792
"100504262",-0.2719
"100504263",-1.4017
"100504267",0.5311
"100504285",0.3596
"100504291",0.105
"100504309",0.1343
"100504312",-0.7438
"100504323",-0.564
"100504333",-1.5064
"100504347",-0.3226
"100504350",0.3713
"100504360",0.0933
"100504361",-0.9945
"100504375",-0.1211
"100504412",-0.2739
"100504421",0.1774
"100504425",0.9634
"100504446",-0.2879
"100504455",0.1098
"100504467",-0.0916
"100504477",-0.1487
"100504486",-0.0994
"100504491",-0.1605
"100504501",-0.3221
"100504512",-0.1509
"100504518",0.8211
"100504539",-0.1319
"100504549",-0.4071
"100504561",0.423
"100504568",1.2522
"100504586",-0.1743
"100504601",0.414
"100504616",0.242
"100504626",-0.0677
"100504632",-0.2668
"100504637",-0.4283
"100504641",0.3684
"100504661",0.3628
"100504663",-0.0013
"100504687",-0.2523
"100504703",0.0022
"100504710",1.0035
"100504714",-0.0056
"100504715",-0.1384
"100504720",0.0733
"100504727",0.0279
"100504734",-0.0798
"100504740",-0.1407
"100505025",-0.002
"100505034",0.2808
"100505386",-0.1174
"100505397",-0.0979
"100526796",0.3555
"100532730",-0.8032
"100534287",-0.0095
"100534296",-0.2552
"100568458",0.1143
"100568459",0.5001
"100616095",0.2856
"100689703",0.0504
"100859931",-0.5789
"100861531",-0.331
"100861615",0.2755
"100861618",0.699
"100861668",0.2154
"100861698",0.227
"100861749",0.1508
"100861870",-0.0583
"100861998",-0.0849
"100862066",-0.3261
"100862085",0.0115
"100862203",0.1094
"100862247",0.2923
"100862261",0.1397
"100862268",0.1461
"100862349",-0.7694
"100862375",-0.0117
"100862388",0.2548
"100873092",-0.5814
"101055656",-0.1649
"101055670",-1.1067
"101055671",-0.9758
"101055754",-0.2214
"101055840",0.0648
"101055907",0.1473
"101055983",-0.2795
"101056014",0.0049
"101056032",0.1696
"101056047",-0.0269
"101056072",0.0913
"101056084",0.1749
"101056205",0.7031
"101056408",0.4553
"101243624",-0.2076
"101488143",0.3776
"101669761",0.0823
"102216272",0.1208
"102238433",0.1684
"102443350",-0.1564
"102443351",-0.7557
"102631515",0.1351
"102631518",1.4283
"102631543",0.0246
"102631545",-0.045
"102631558",-0.2649
"102631562",-0.4479
"102631584",-0.1757
"102631586",-0.4863
"102631604",-0.0866
"102631606",-1.081
"102631611",-0.3542
"102631618",-0.1152
"102631622",0.0875
"102631635",-0.3303
"102631637",0.605
"102631647",-0.198
"102631656",1.0839
"102631665",-0.1024
"102631666",-0.5723
"102631674",-0.3565
"102631705",-0.0159
"102631706",0.3534
"102631709",0.8027
"102631725",0.2748
"102631731",-0.032
"102631739",-0.123
"102631761",0.0294
"102631780",0.8922
"102631782",-0.6544
"102631791",0.2838
"102631795",-0.4894
"102631796",0.0648
"102631805",0.4636
"102631806",0.1023
"102631812",-0.0221
"102631813",-0.1154
"102631824",-0.6764
"102631828",-0.1268
"102631829",0.4387
"102631845",-0.6326
"102631855",-0.0095
"102631859",0.3341
"102631865",-0.1834
"102631866",0.15
"102631869",0.2658
"102631874",-0.4054
"102631885",1.0908
"102631887",-0.1018
"102631889",-0.0069
"102631890",0.3299
"102631898",-0.5654
"102631903",-0.3433
"102631905",-0.248
"102631909",-0.028
"102631912",-0.0178
"102631932",0.2275
"102631933",0.5016
"102631936",-0.6599
"102631937",-0.2318
"102631948",-0.4083
"102631958",-0.2416
"102631959",-0.2847
"102631968",0.0229
"102631979",-0.0745
"102631989",0.0537
"102631992",0.208
"102632007",0.745
"102632008",-0.3337
"102632019",-0.0896
"102632031",0.0323
"102632040",-0.0543
"102632048",-1.6389
"102632053",-0.6868
"102632061",-0.0684
"102632075",0.3768
"102632081",-0.0145
"102632087",0.2224
"102632093",0.6625
"102632094",0.3731
"102632096",0.3513
"102632114",0.6159
"102632116",-0.2188
"102632130",0.3951
"102632132",-0.0458
"102632141",0.4273
"102632148",-0.136
"102632154",-1.5299
"102632163",0.2342
"102632165",0.1711
"102632174",-0.5264
"102632177",-0.0459
"102632200",0.1435
"102632231",-0.593
"102632232",-0.1516
"102632234",-0.0957
"102632238",-0.0659
"102632244",-0.2572
"102632262",-0.4211
"102632268",-0.2083
"102632284",0.19
"102632286",-0.4586
"102632297",0.1437
"102632313",-0.3212
"102632331",0.2184
"102632340",-0.2113
"102632341",-0.0843
"102632348",0.5601
"102632352",-0.2193
"102632353",0.2941
"102632357",-0.8237
"102632375",-0.0256
"102632377",0.1832
"102632389",-0.1418
"102632394",0.0598
"102632403",-0.8458
"102632414",-0.4564
"102632415",-0.2199
"102632417",-0.0227
"102632418",-0.0108
"102632420",-0.2199
"102632429",-0.2207
"102632435",0.0797
"102632436",-0.2899
"102632438",0.1502
"102632440",-0.4222
"102632444",0.1373
"102632457",-0.3404
"102632462",0.3011
"102632463",0.0303
"102632477",0.0141
"102632479",-0.1008
"102632484",-0.0575
"102632488",0.2476
"102632492",1.2508
"102632496",-0.6465
"102632513",-0.2736
"102632514",-0.921
"102632516",0.3804
"102632522",-0.4532
"102632532",-0.4228
"102632538",-0.1746
"102632545",-0.1715
"102632568",-0.1933
"102632589",1.4599
"102632590",-0.1119
"102632594",-0.2821
"102632597",-0.4491
"102632605",0.0625
"102632621",0.3419
"102632635",0.012
"102632638",-0.1191
"102632664",0.1861
"102632666",0.0525
"102632668",0.2017
"102632669",0.3376
"102632681",-0.3064
"102632686",0.0933
"102632693",-0.0837
"102632708",-0.3289
"102632722",0.1469
"102632727",-0.3835
"102632737",-0.5971
"102632785",-0.1176
"102632789",-0.5875
"102632805",-0.349
"102632812",-0.1166
"102632820",-0.3145
"102632821",0.165
"102632823",0.844
"102632827",-0.1859
"102632833",0.0237
"102632839",-0.0162
"102632843",-0.1048
"102632845",0.0628
"102632854",-0.1857
"102632865",-0.0681
"102632874",0.151
"102632875",-0.1577
"102632893",0.1557
"102632900",0.1337
"102632901",-0.8008
"102632914",0.0922
"102632922",0.1231
"102632924",-0.183
"102632926",-0.0857
"102632932",-0.1658
"102632934",-0.0935
"102632938",-0.1134
"102632948",-1.0573
"102632954",-0.0819
"102632962",0.0348
"102632964",0.4432
"102632966",-0.278
"102632986",-0.2076
"102632990",0.4244
"102632992",-0.9527
"102632993",0.3753
"102632994",-0.532
"102633000",-0.6187
"102633002",-0.6257
"102633004",-0.0957
"102633006",-0.723
"102633007",0.4748
"102633009",0.3358
"102633038",0.0793
"102633048",-0.0992
"102633052",-0.128
"102633060",-0.0991
"102633068",-0.6837
"102633070",-0.1976
"102633075",-0.3861
"102633078",0.3212
"102633093",0.1747
"102633097",0.3924
"102633145",0.1665
"102633149",0.0564
"102633151",-0.0415
"102633152",-0.5717
"102633156",-0.1921
"102633159",0.2611
"102633171",-0.3747
"102633177",-0.0196
"102633185",-0.4668
"102633190",-0.1585
"102633194",1.0022
"102633199",-0.1572
"102633203",-0.1279
"102633211",1.0742
"102633214",-1.0193
"102633226",-0.1018
"102633233",0.2714
"102633239",-0.1385
"102633240",-0.0546
"102633245",-0.0451
"102633260",0.1904
"102633266",0.7205
"102633270",-0.2456
"102633277",-0.0484
"102633283",-0.1073
"102633286",-0.0161
"102633291",-0.0607
"102633300",0.135
"102633302",0.1789
"102633317",-0.8071
"102633321",0.2865
"102633322",-0.1127
"102633331",1.3436
"102633345",0.3884
"102633348",-0.3089
"102633360",0.0658
"102633372",-0.1961
"102633373",0.1396
"102633388",-0.4631
"102633396",0.2709
"102633407",-1.1157
"102633417",0.6887
"102633419",0.1321
"102633422",-0.1078
"102633424",-0.1405
"102633428",0.4465
"102633432",-0.0842
"102633433",-0.7013
"102633437",0.0079
"102633439",-0.4172
"102633445",0.2116
"102633458",-0.4602
"102633464",-0.1008
"102633471",0.0111
"102633474",0.1442
"102633475",0.8096
"102633480",-0.118
"102633492",0.001
"102633496",0.7363
"102633498",0.1307
"102633503",0.2666
"102633513",0.4321
"102633516",-0.1414
"102633518",0.0603
"102633550",-1.296
"102633551",-0.1106
"102633555",-0.1327
"102633560",-0.0052
"102633572",-0.1911
"102633573",-0.2684
"102633579",0.1652
"102633591",-0.3139
"102633593",0.4371
"102633600",0.4887
"102633603",0.3599
"102633607",-0.343
"102633616",0.3937
"102633618",-0.0212
"102633622",-0.1481
"102633623",0.103
"102633624",0.6935
"102633625",4e-04
"102633634",0.2341
"102633636",-0.4977
"102633638",-0.0726
"102633661",-0.542
"102633665",-0.1702
"102633669",0.2096
"102633673",0.1144
"102633676",-0.0848
"102633689",0.1752
"102633699",0.9758
"102633721",0.7071
"102633730",0.3077
"102633750",-0.0743
"102633762",0.0972
"102633763",0.1617
"102633785",0.3992
"102633788",0.2592
"102633796",-1.5323
"102633812",0.0126
"102633818",-0.4567
"102633826",0.4794
"102633833",0.4694
"102633836",0.0558
"102633861",0.1595
"102633868",0.1492
"102633871",-0.1025
"102633874",0.9945
"102633880",0.1126
"102633882",0.1536
"102633888",-0.0264
"102633899",0.3011
"102633900",0.0038
"102633901",-0.3248
"102633905",0.5024
"102633908",0.0044
"102633913",0.185
"102633923",0.123
"102633925",-0.0088
"102633930",0.0871
"102633936",-1.1598
"102633939",-0.225
"102633943",0.9208
"102633946",0.3158
"102633951",0.3568
"102633974",-0.1041
"102633986",0.2545
"102633993",-0.7696
"102633994",-0.5489
"102634000",-0.1776
"102634002",-0.785
"102634008",-0.0768
"102634011",0.1122
"102634017",0.2445
"102634037",0.1242
"102634042",-0.3073
"102634044",0.4417
"102634049",-0.0708
"102634055",-0.1651
"102634056",-0.1329
"102634058",-0.0123
"102634060",0.4977
"102634064",0.3829
"102634072",-0.0796
"102634073",-0.2752
"102634076",0.043
"102634078",-0.0602
"102634096",0.3302
"102634115",-0.2126
"102634132",-0.3118
"102634140",-0.0485
"102634155",-0.2506
"102634160",-0.0746
"102634165",-0.391
"102634191",-0.2795
"102634195",1.2281
"102634197",-0.6619
"102634200",0.1104
"102634213",-0.103
"102634229",0.5181
"102634251",-0.0984
"102634280",0.5591
"102634286",0.0362
"102634288",0.5368
"102634293",-0.0576
"102634296",1.1327
"102634309",-0.0121
"102634310",-0.0367
"102634330",-0.8542
"102634331",0.7093
"102634333",-0.183
"102634341",-0.2759
"102634351",-0.0961
"102634363",1.2642
"102634392",-0.0742
"102634407",0.0224
"102634420",-0.2829
"102634428",0.0642
"102634429",0.5359
"102634431",0.4969
"102634445",-2e-04
"102634450",0.1032
"102634456",-0.3399
"102634461",-0.235
"102634481",-0.3255
"102634487",-0.2638
"102634496",0.0812
"102634502",-0.2475
"102634512",0.1698
"102634524",-1.1236
"102634533",0.3448
"102634534",-0.1852
"102634544",0.3748
"102634545",0.1744
"102634561",0.1429
"102634563",-0.6241
"102634584",-0.8305
"102634592",-0.109
"102634594",0.1374
"102634598",-0.0596
"102634628",0.9088
"102634630",0.5792
"102634634",0.2433
"102634642",0.1336
"102634646",0.2648
"102634650",-0.0263
"102634652",-1.1092
"102634653",-0.2325
"102634668",0.2079
"102634676",0.1005
"102634683",0.0657
"102634686",0.4966
"102634688",0.6333
"102634692",0.9326
"102634702",-0.2056
"102634715",-0.0531
"102634716",-0.3244
"102634719",-0.5405
"102634735",-0.0087
"102634737",0.2244
"102634738",-0.2007
"102634739",-0.0483
"102634746",-0.0941
"102634755",0.1377
"102634756",-0.0809
"102634757",-0.1156
"102634762",-0.0826
"102634765",-0.3494
"102634769",-0.6323
"102634772",0.1907
"102634775",0.0563
"102634778",0.5234
"102634780",-0.1909
"102634811",0.0672
"102634812",0.0052
"102634818",-0.2381
"102634820",0.2368
"102634821",-0.2307
"102634823",0.1531
"102634839",-0.3058
"102634841",-0.691
"102634848",1.2282
"102634849",-0.9537
"102634850",-0.1542
"102634858",0.6765
"102634871",-0.2319
"102634873",0.0818
"102634874",-0.1312
"102634887",0.3812
"102634888",-0.0254
"102634895",-0.2117
"102634904",0.0669
"102634906",0.4694
"102634911",0.2689
"102634912",-0.2117
"102634913",0.73
"102634922",0.2063
"102634926",-0.6342
"102634931",-0.2108
"102634933",-0.0918
"102634944",0.0316
"102634949",0.1873
"102634954",0.4603
"102634962",0.1087
"102634983",-0.0575
"102634986",-0.6065
"102634987",-0.2534
"102635017",-0.0828
"102635047",-0.0746
"102635054",0.165
"102635066",0.2539
"102635069",0.0695
"102635071",-0.0133
"102635085",-0.2108
"102635104",0.4401
"102635108",-0.1242
"102635113",0.1169
"102635128",-0.4999
"102635129",-0.1657
"102635131",-0.114
"102635133",-0.1477
"102635134",-0.2653
"102635136",0.0208
"102635137",-0.0345
"102635160",-0.0551
"102635170",-0.0063
"102635171",0.1
"102635173",0.2964
"102635174",-0.7495
"102635181",-0.1394
"102635182",-0.1363
"102635185",-0.203
"102635192",-0.1609
"102635198",0.0985
"102635200",0.1092
"102635206",0.5372
"102635210",0.1128
"102635226",-0.1114
"102635231",-0.0726
"102635242",0.3564
"102635243",0.1884
"102635257",0.0417
"102635259",1.033
"102635262",0.2814
"102635265",-0.1529
"102635268",-0.0474
"102635272",-0.2228
"102635276",-0.5847
"102635278",0.0188
"102635280",0.3123
"102635290",0.5964
"102635305",0.207
"102635315",-0.0853
"102635316",1.0711
"102635323",-0.0491
"102635336",0.0744
"102635337",0.1722
"102635346",-0.6651
"102635347",-0.3192
"102635354",-0.1643
"102635359",0.0991
"102635362",0.3164
"102635366",-0.2996
"102635380",-0.2244
"102635384",-0.2943
"102635387",0.1088
"102635392",-1.1059
"102635416",0.2464
"102635426",0.6995
"102635429",-0.4968
"102635432",-0.0897
"102635453",0.1555
"102635458",0.1418
"102635461",0.225
"102635479",-0.0269
"102635484",0.3712
"102635493",1.1086
"102635498",0.0157
"102635500",-0.2576
"102635502",0.0345
"102635503",-0.2352
"102635509",-0.2702
"102635522",-0.0176
"102635534",0.3649
"102635539",0.6966
"102635541",-0.1956
"102635549",-0.2838
"102635550",-0.1166
"102635552",0.0991
"102635553",-0.131
"102635561",0.2036
"102635566",-0.4142
"102635597",-0.1757
"102635605",-0.1401
"102635609",-0.0691
"102635624",-0.0233
"102635630",0.222
"102635632",-0.4459
"102635635",-0.3782
"102635639",-0.1293
"102635643",-0.927
"102635648",-0.0216
"102635654",-0.3955
"102635656",-0.0043
"102635661",-0.1886
"102635671",-0.7863
"102635680",0.0574
"102635685",0.2781
"102635688",-0.2804
"102635698",-0.1461
"102635699",0.0278
"102635707",0.2796
"102635712",-0.1151
"102635731",0.3643
"102635736",-0.5322
"102635744",0.0121
"102635756",-0.1538
"102635772",0.4067
"102635775",0.7806
"102635776",0.3503
"102635778",-0.2576
"102635780",1.046
"102635781",0.0908
"102635783",-0.1385
"102635786",-0.0619
"102635792",0.3561
"102635797",0.2734
"102635798",-0.3153
"102635799",0.0581
"102635802",0.3289
"102635803",-0.0213
"102635826",0.5264
"102635832",0.1273
"102635843",-0.4594
"102635846",0.4109
"102635853",-0.0237
"102635867",-0.0422
"102635868",-0.0323
"102635873",0.8766
"102635879",0.2835
"102635882",-0.4753
"102635884",0.8505
"102635898",0.6616
"102635912",-0.9544
"102635921",0.437
"102635935",-0.0637
"102635944",-0.3778
"102635948",0.3983
"102635952",0.2621
"102636000",-0.0424
"102636011",0.1314
"102636015",-0.6033
"102636019",-0.1516
"102636024",-0.3221
"102636025",-0.8664
"102636035",-0.2876
"102636037",0.1011
"102636041",0.6636
"102636042",-0.4062
"102636048",0.1895
"102636049",0.147
"102636055",-0.2265
"102636058",0.2436
"102636066",-0.2126
"102636078",0.1596
"102636082",0.8165
"102636088",0.1794
"102636095",2.0478
"102636107",0.3978
"102636111",-0.4987
"102636118",0.7466
"102636130",-0.1988
"102636131",-0.298
"102636146",-0.3747
"102636149",-0.3726
"102636154",-0.3141
"102636155",-0.1537
"102636164",-0.2981
"102636167",-0.2648
"102636175",-0.238
"102636178",0.2716
"102636179",0.1539
"102636180",-0.1254
"102636221",0.0587
"102636224",-0.2132
"102636238",0.0128
"102636239",0.1502
"102636256",0.1657
"102636258",-1.0191
"102636262",0.4233
"102636277",-0.3864
"102636280",0.1209
"102636299",0.7294
"102636304",-0.4236
"102636309",-0.127
"102636313",0.1301
"102636333",0.3071
"102636338",0.0523
"102636354",0.3829
"102636359",-0.7264
"102636362",0.3902
"102636367",0.1258
"102636372",0.3518
"102636382",-0.2422
"102636387",0.8805
"102636397",0.1612
"102636400",0.2839
"102636409",0.1308
"102636414",-3e-04
"102636425",0.4788
"102636431",-0.0511
"102636446",0.7777
"102636458",-0.3996
"102636467",-0.5738
"102636474",0.1509
"102636476",-0.1121
"102636479",-0.0661
"102636490",-0.1454
"102636498",0.2835
"102636516",-0.0235
"102636520",-0.5564
"102636542",-0.6126
"102636545",-0.0501
"102636546",-0.1331
"102636547",0.1645
"102636549",-0.0412
"102636561",0.3563
"102636562",0.3456
"102636563",0.6489
"102636564",0.1707
"102636570",0.2685
"102636578",-0.2242
"102636582",0.3057
"102636587",-0.0382
"102636598",0.5157
"102636604",0.0615
"102636611",-0.8253
"102636625",0.0657
"102636640",-0.1222
"102636641",-0.6748
"102636664",-0.2619
"102636677",-0.1736
"102636700",-0.0639
"102636702",0.2792
"102636714",-0.228
"102636716",-0.0302
"102636729",0.0323
"102636737",-0.1884
"102636745",-0.0614
"102636754",0.4455
"102636765",0.1381
"102636781",0.2712
"102636795",-0.1114
"102636797",-0.2737
"102636799",-0.6694
"102636803",0.0822
"102636808",-0.5061
"102636820",0.5094
"102636830",0.9588
"102636836",-0.0309
"102636848",0.0053
"102636849",-0.1932
"102636879",-0.141
"102636884",0.3776
"102636892",0.014
"102636896",0.2461
"102636903",-0.3346
"102636905",0.2431
"102636907",-0.3649
"102636909",-0.5525
"102636910",-0.5716
"102636915",-0.1622
"102636917",0.067
"102636923",0.672
"102636944",-0.1316
"102636945",-0.1171
"102636988",-0.3359
"102636991",0.1007
"102637008",-0.1989
"102637025",-0.0617
"102637028",0.0635
"102637037",-0.2259
"102637038",-0.1379
"102637062",-0.0373
"102637075",-0.1843
"102637087",-0.12
"102637100",-0.1092
"102637112",0.6864
"102637142",-0.2531
"102637145",-1.3547
"102637151",-0.0495
"102637178",0.339
"102637184",-0.7858
"102637188",-0.089
"102637190",-0.4578
"102637203",0.4571
"102637204",-0.4424
"102637206",0.4266
"102637216",0.0122
"102637221",0.526
"102637229",0.2519
"102637233",0.1348
"102637243",-0.2544
"102637245",0.2111
"102637250",0.8087
"102637251",0.1976
"102637256",-0.0397
"102637266",-0.3836
"102637283",-0.3037
"102637289",-0.251
"102637304",-0.4768
"102637308",0.0675
"102637311",0.567
"102637315",-0.2295
"102637336",0.0177
"102637343",-0.2037
"102637345",0.05
"102637351",0.5919
"102637354",0.2619
"102637366",-0.0964
"102637368",-0.0441
"102637370",-0.2328
"102637398",0.0785
"102637404",-0.0375
"102637406",-0.1734
"102637422",0.004
"102637427",-0.1227
"102637436",-0.3168
"102637438",0.0672
"102637439",-0.0549
"102637448",-0.2149
"102637452",-0.058
"102637464",-0.0135
"102637465",-0.4411
"102637485",-0.4819
"102637489",-0.1385
"102637491",-0.3173
"102637500",-0.2266
"102637505",0.1518
"102637508",-0.2429
"102637514",-0.115
"102637515",-0.1115
"102637517",-0.0384
"102637537",0.2086
"102637542",0.2445
"102637546",1.3835
"102637555",-0.707
"102637557",0.1413
"102637563",-0.0502
"102637567",0.1059
"102637571",-0.0935
"102637572",-0.0481
"102637576",-0.0543
"102637582",0.9013
"102637583",0.3313
"102637611",-0.6717
"102637619",-0.4305
"102637627",0.1037
"102637640",-0.4502
"102637642",0.3514
"102637643",-0.1403
"102637648",-0.052
"102637660",-0.9706
"102637664",-0.4106
"102637665",0.6389
"102637672",-0.061
"102637674",0.2544
"102637682",-0.0221
"102637683",0.179
"102637693",-0.0876
"102637696",0.4609
"102637707",0.2442
"102637710",-0.0061
"102637719",-0.8352
"102637720",0.0035
"102637721",0.3865
"102637730",0.0948
"102637735",-0.0099
"102637753",-0.7182
"102637759",-0.172
"102637763",-0.3793
"102637775",0.0255
"102637782",0.1766
"102637785",0.1792
"102637787",-0.0275
"102637790",-0.7184
"102637792",-0.1458
"102637797",-0.2017
"102637809",0.643
"102637814",0.2145
"102637822",0.5071
"102637825",0.021
"102637845",0.0735
"102637854",1.3451
"102637865",0.1517
"102637873",0.2159
"102637874",-0.071
"102637887",0.6693
"102637893",1.0887
"102637894",0.252
"102637903",-0.3672
"102637926",-0.1564
"102637931",-0.1525
"102637932",-0.212
"102637935",-0.183
"102637946",-0.3451
"102637953",-0.0767
"102637959",-0.1967
"102637966",0.3583
"102637972",-0.2876
"102637975",-0.3702
"102638005",-0.2143
"102638015",0.4953
"102638016",0.2281
"102638037",-0.3514
"102638038",0.2729
"102638074",0.1278
"102638076",-0.7321
"102638082",0.0707
"102638083",0.4496
"102638091",-0.1717
"102638093",0.3991
"102638094",-0.4612
"102638099",0.9793
"102638113",-0.3186
"102638115",-0.0337
"102638117",0.4951
"102638120",-0.0486
"102638121",-0.1111
"102638135",0.8804
"102638141",0.0754
"102638151",-0.4646
"102638167",-0.3095
"102638168",0.34
"102638172",-0.2744
"102638174",0.4676
"102638175",0.0237
"102638195",0.3008
"102638216",-0.2081
"102638221",0.3968
"102638224",0.0816
"102638241",0.9206
"102638242",-0.7663
"102638245",-0.0395
"102638251",0.0429
"102638253",-0.1136
"102638261",-0.6565
"102638268",0.6964
"102638270",0.0791
"102638275",0.4384
"102638296",-0.0316
"102638309",-0.1352
"102638313",0.0814
"102638318",0.1232
"102638326",-0.0555
"102638331",0.2677
"102638347",-0.1741
"102638354",6e-04
"102638362",0.4535
"102638376",0.6608
"102638384",0.2798
"102638392",-0.4837
"102638401",0.5145
"102638402",1.4365
"102638403",0.072
"102638405",-0.043
"102638414",-0.1939
"102638425",0.1365
"102638432",0.0504
"102638434",-0.3523
"102638468",-0.4924
"102638470",-0.1767
"102638484",0.4886
"102638508",0.8637
"102638522",-0.6326
"102638528",-0.4865
"102638533",0.3972
"102638542",-0.8092
"102638544",-0.2868
"102638546",-0.3111
"102638554",-0.1442
"102638556",0.4494
"102638565",-0.4546
"102638567",0.0881
"102638568",0.1056
"102638587",0.1659
"102638588",-0.561
"102638598",0.352
"102638603",-0.5551
"102638607",0.0418
"102638629",-0.3707
"102638631",0.4167
"102638638",0.6086
"102638644",-0.5653
"102638647",0.1603
"102638654",0.6835
"102638658",0.9187
"102638659",-0.1976
"102638670",-1.056
"102638682",0.2093
"102638686",-0.0769
"102638725",-0.2698
"102638735",-0.0704
"102638750",0.3696
"102638755",-0.025
"102638762",0.7426
"102638768",-0.5535
"102638769",0.2154
"102638784",0.0797
"102638803",-0.7945
"102638814",-0.2076
"102638818",0.5153
"102638835",-0.5484
"102638846",-0.1723
"102638847",-0.1036
"102638849",-0.0732
"102638851",-0.1926
"102638857",1.5134
"102638859",-0.7798
"102638881",0.1318
"102638882",-0.1703
"102638883",-0.0242
"102638884",0.5505
"102638888",-0.189
"102638889",-0.122
"102638892",-0.4189
"102638918",0.085
"102638919",-0.0503
"102638933",0.6978
"102638940",0.153
"102638943",-0.319
"102638948",-0.4066
"102638959",0.2096
"102638966",0.0084
"102638978",0.5368
"102639001",-0.0616
"102639006",0.1098
"102639009",-0.1942
"102639010",-0.0274
"102639013",-0.2083
"102639019",-0.1298
"102639045",0.6636
"102639048",-0.2033
"102639059",-0.0462
"102639063",0.0754
"102639066",0.027
"102639067",0.4992
"102639074",-0.0321
"102639078",-0.2733
"102639079",-0.4001
"102639087",-0.0822
"102639129",-0.3106
"102639132",-0.0893
"102639145",-0.0491
"102639151",-0.6234
"102639154",0.5663
"102639169",0.0666
"102639173",0.2649
"102639175",-0.1413
"102639181",-0.9523
"102639182",-0.49
"102639186",-0.539
"102639188",-0.4531
"102639192",0.0444
"102639193",-0.8083
"102639199",-0.2121
"102639205",0.211
"102639209",0.5574
"102639212",-0.1406
"102639218",-0.2903
"102639221",0.1487
"102639235",-0.1533
"102639243",-0.0649
"102639258",-0.5697
"102639259",-0.3767
"102639261",-0.1807
"102639268",-0.132
"102639275",-0.473
"102639276",0.4885
"102639283",-0.1391
"102639289",0.3813
"102639290",0.0267
"102639314",-0.3792
"102639317",0.2312
"102639318",0.2557
"102639339",0.2821
"102639351",0.4032
"102639352",-0.6996
"102639358",0.0853
"102639375",0.067
"102639389",0.6316
"102639395",0.3895
"102639399",0.6394
"102639404",0.504
"102639406",-0.0807
"102639417",-0.4689
"102639427",-0.9321
"102639448",-0.9271
"102639450",-0.4953
"102639461",0.4759
"102639468",0.6414
"102639507",0.0476
"102639511",0.1734
"102639518",0.0985
"102639519",0.0088
"102639531",0.2205
"102639532",1.6814
"102639537",-0.0458
"102639538",-0.1079
"102639542",-0.3297
"102639545",-0.0442
"102639549",-0.2815
"102639552",-0.1151
"102639566",0.3371
"102639568",-0.5159
"102639575",-0.1264
"102639582",0.0248
"102639598",0.1332
"102639619",-0.6437
"102639642",0.09
"102639650",-0.0543
"102639653",-0.0675
"102639664",0.3178
"102639679",-0.1754
"102639687",0.3808
"102639693",-0.2812
"102639700",-3e-04
"102639705",-0.0264
"102639711",0.2363
"102639717",-0.2006
"102639724",-0.123
"102639738",0.1087
"102639746",-0.1915
"102639767",0.011
"102639769",-0.5084
"102639776",0.1666
"102639781",-0.0149
"102639801",-0.3475
"102639824",-0.6959
"102639837",-0.3746
"102639841",-0.0049
"102639848",-0.7275
"102639849",-0.77
"102639872",0.5704
"102639908",-0.0979
"102639918",0.1239
"102639919",0.2742
"102639928",0.3269
"102639929",-0.0012
"102639931",0.197
"102639939",-0.3477
"102639946",-0.8741
"102639953",-0.3505
"102639955",0.1023
"102639968",-0.8087
"102639977",-0.1054
"102639983",0.3328
"102639984",0.4442
"102639999",-0.4365
"102640005",0.2314
"102640012",-0.3545
"102640021",-0.6258
"102640025",-0.4241
"102640042",0.8056
"102640043",0.1263
"102640063",-0.0598
"102640071",0.0383
"102640081",0.0313
"102640100",-0.3988
"102640117",0.1844
"102640133",-0.0903
"102640140",0.1763
"102640142",-0.1754
"102640149",0.6205
"102640152",0.5089
"102640163",0.4636
"102640165",-0.1952
"102640166",-0.4403
"102640169",0.1562
"102640173",-0.0128
"102640184",0.15
"102640187",-0.2934
"102640188",0.4106
"102640192",-0.1046
"102640201",-0.8401
"102640216",-0.1392
"102640217",-0.4189
"102640229",0.0465
"102640239",-0.0752
"102640242",-0.3155
"102640245",0.0831
"102640250",-0.4681
"102640253",-0.5135
"102640259",0.4032
"102640263",0.0364
"102640268",-0.1469
"102640278",-0.0934
"102640282",-0.0987
"102640287",0.8687
"102640299",-0.2976
"102640300",-0.1819
"102640310",1.0285
"102640312",-0.8507
"102640314",0.8228
"102640319",0.4035
"102640321",-0.6681
"102640331",0.2087
"102640338",-0.1389
"102640339",-0.4466
"102640343",1.1253
"102640344",-0.0244
"102640359",0.5889
"102640373",0.1478
"102640374",0.0432
"102640375",0.0346
"102640377",0.4969
"102640379",-0.2815
"102640387",0.0957
"102640389",-0.2908
"102640395",0.101
"102640405",-0.2215
"102640412",0.0229
"102640413",0.3233
"102640419",-0.0619
"102640430",-0.4119
"102640439",0.3833
"102640447",-0.028
"102640449",0.237
"102640451",-0.1554
"102640470",-0.2401
"102640479",1.3777
"102640483",-0.7936
"102640484",0.3447
"102640493",-0.9833
"102640507",0.3503
"102640515",-0.0496
"102640518",0.0367
"102640519",0.4731
"102640522",-0.2068
"102640525",-0.8463
"102640534",0.1706
"102640547",-0.2684
"102640551",0.1682
"102640553",0.424
"102640554",-0.394
"102640555",0.0045
"102640562",-0.1098
"102640569",0.7274
"102640570",-0.636
"102640578",-1.0652
"102640592",0.3954
"102640604",0.0167
"102640635",-0.1416
"102640646",0.1067
"102640663",0.1842
"102640667",0.0699
"102640670",-0.3754
"102640673",0.0507
"102640681",0.5995
"102640710",-0.061
"102640715",0.3441
"102640722",0.2887
"102640742",0.7563
"102640746",-0.0765
"102640747",-0.0961
"102640748",0.7091
"102640761",-0.6997
"102640764",0.288
"102640765",0.2057
"102640772",-0.0343
"102640773",-0.0808
"102640779",-0.0241
"102640806",-0.3051
"102640808",-0.2129
"102640810",-0.2421
"102640811",1.436
"102640820",0.2154
"102640822",0.2379
"102640827",0.245
"102640829",-0.4909
"102640832",0.9661
"102640835",-0.3893
"102640839",-0.0836
"102640849",-0.7037
"102640855",-0.3443
"102640858",0.461
"102640859",0.0787
"102640879",-0.1626
"102640883",-0.1112
"102640889",-0.4888
"102640899",0.4322
"102640920",-0.0141
"102640923",0.1006
"102640929",-0.1983
"102640952",0.0599
"102640956",-0.0208
"102640961",-0.0851
"102640964",-0.1802
"102640966",0.0082
"102640968",-0.1166
"102640970",-0.0021
"102640972",-0.8522
"102640985",-0.5017
"102640987",-0.2343
"102641068",-0.2602
"102641081",0.7757
"102641120",0.4622
"102641244",0.2112
"102641247",0.1437
"102641351",0.5776
"102641372",-0.1879
"102641455",0.6199
"102641467",-0.013
"102641476",-0.0073
"102641509",0.2914
"102641516",0.0016
"102641529",-0.0407
"102641557",0.3251
"102641609",0.0397
"102641610",-5e-04
"102641617",-0.1781
"102641621",0.2895
"102641704",0.3027
"102641855",-0.3638
"102641859",-0.9092
"102641931",0.1457
"102642011",0.1956
"102642146",-0.7444
"102642244",0.3446
"102642321",-0.275
"102642556",-0.6858
"102642612",0.2213
"102642625",-0.2671
"102642633",0.1492
"102642652",0.1328
"102642726",-0.1031
"102642737",-0.019
"102642778",-0.097
"102642791",-0.5159
"102642800",0.755
"102642832",0.277
"102642842",-0.5356
"102642990",0.1798
"102643016",0.6803
"102643051",0.7873
"102643083",0.1131
"102643091",0.5454
"102643147",-0.3196
"102643210",0.0968
"102643244",-0.0333
"102800312",0.022
"102902673",-0.0526
"103164605",0.241
"103611158",0.1541
"104940697",0.1344
"105180375",-0.1844
"105242394",-1.323
"105242405",0.0126
"105242418",-0.1923
"105242443",0.0867
"105242444",-0.3317
"105242447",0.0058
"105242472",-0.8904
"105242506",0.2994
"105242545",-0.4372
"105242552",-0.3174
"105242554",0.05
"105242563",0.8462
"105242574",-0.7993
"105242579",0.8681
"105242595",0.0261
"105242599",0.0687
"105242622",0.101
"105242624",-0.044
"105242628",0.0345
"105242636",0.2991
"105242638",1.3185
"105242648",-1.0556
"105242667",-0.0371
"105242679",0.0636
"105242685",0.1049
"105242688",-0.2976
"105242706",0.2366
"105242709",-0.7927
"105242720",0.0092
"105242721",-0.0868
"105242725",-0.1399
"105242735",1.0952
"105242736",-1.4757
"105242738",0.0589
"105242742",-0.333
"105242750",-0.1464
"105242751",-0.2152
"105242752",-0.0192
"105242753",0.6938
"105242756",0.0237
"105242758",-0.2037
"105242774",0.2733
"105242794",-0.3442
"105242797",-0.0187
"105242798",-0.4871
"105242804",0.2505
"105242821",0.1401
"105242836",0.5467
"105242847",0.1102
"105242851",-0.9036
"105242854",-0.0229
"105242858",-0.1928
"105242860",-0.1412
"105242865",-0.9347
"105242881",0.1455
"105242884",0.2663
"105242887",0.1806
"105242888",0.5908
"105242891",0.1997
"105242894",-0.1314
"105242900",-0.0462
"105242908",-0.425
"105242910",-0.1211
"105242928",0.4368
"105242930",0.1796
"105242931",0.4742
"105242934",0.0887
"105242936",-1.3312
"105242937",1.2106
"105242946",-0.0091
"105242959",1.1163
"105242978",-0.016
"105242981",0.3487
"105242994",0.3205
"105243004",0.2254
"105243005",0.5036
"105243011",-0.7892
"105243016",-0.083
"105243028",0.3481
"105243040",0.2033
"105243044",0.1576
"105243045",0.4436
"105243046",0.1606
"105243058",0.0331
"105243068",-0.038
"105243074",-0.6394
"105243086",-0.295
"105243124",0.3986
"105243128",-1.0212
"105243132",-0.1668
"105243140",-0.0725
"105243152",0.1153
"105243158",0.3751
"105243183",0.2712
"105243194",0.1073
"105243196",0.6397
"105243207",0.1255
"105243215",-0.4236
"105243219",-0.1451
"105243225",-0.0932
"105243235",-0.1698
"105243237",0.8921
"105243238",0.183
"105243241",0.0261
"105243269",0.2783
"105243280",-0.4207
"105243282",-0.0465
"105243288",-0.0912
"105243290",-0.2414
"105243294",0.0806
"105243295",-0.2903
"105243299",-0.0703
"105243311",-0.1177
"105243314",-0.0504
"105243315",0.0054
"105243316",-0.1317
"105243330",0.4463
"105243332",-0.5512
"105243337",0.7276
"105243352",0.8327
"105243355",0.2004
"105243356",0.2539
"105243361",-0.3463
"105243368",0.243
"105243369",-0.0751
"105243374",0.0075
"105243388",0.1545
"105243390",0.0953
"105243391",-0.0766
"105243398",-0.6795
"105243412",0.4036
"105243426",1.264
"105243451",0.1324
"105243467",0.865
"105243468",-0.7443
"105243471",-0.5443
"105243472",-0.3657
"105243502",0.5818
"105243523",0.0197
"105243528",0.6489
"105243532",-0.0582
"105243537",0.1668
"105243553",-0.0613
"105243554",-0.1447
"105243561",-0.8472
"105243563",-0.7254
"105243569",-0.2396
"105243573",0.3271
"105243578",-0.42
"105243582",-0.2656
"105243583",0.4284
"105243585",-0.0057
"105243601",0.0322
"105243604",0.6152
"105243645",0.2556
"105243666",0.3253
"105243668",0.2211
"105243672",-0.1521
"105243682",0.4416
"105243684",-0.048
"105243688",0.1027
"105243692",-0.2549
"105243695",-0.7865
"105243701",-0.3233
"105243704",0.108
"105243714",-0.4059
"105243729",0.2402
"105243737",-1.1613
"105243739",0.1477
"105243852",-0.2293
"105243866",-0.383
"105243877",0.1612
"105243880",0.4025
"105243905",-0.0664
"105243907",0.031
"105243908",-0.0698
"105243915",-0.3043
"105243920",0.2593
"105243926",-0.2293
"105243934",0.0967
"105243938",-0.4429
"105243942",-0.578
"105243954",0.1946
"105243955",0.1059
"105243961",0.5331
"105243962",-0.2455
"105243964",-0.2357
"105243973",-0.5439
"105243975",-0.2543
"105244006",-0.2811
"105244007",-0.0142
"105244011",-0.0522
"105244012",0.6713
"105244024",0.202
"105244026",-0.2369
"105244028",-0.2445
"105244034",-0.654
"105244055",-0.1292
"105244060",-0.6703
"105244068",0.0084
"105244069",0.5432
"105244073",-0.1298
"105244074",-0.0735
"105244084",0.3376
"105244087",0.3846
"105244092",-0.0799
"105244102",0.1095
"105244104",-0.5542
"105244110",-0.9003
"105244113",-0.1257
"105244117",0.1139
"105244118",0.1774
"105244127",-0.1913
"105244130",-0.6183
"105244138",0.7018
"105244140",-0.4295
"105244149",0.0476
"105244151",0.4449
"105244162",0.2259
"105244170",-0.6569
"105244172",-0.5
"105244184",0.6422
"105244208",-0.0174
"105244210",0.0786
"105244212",-0.2746
"105244214",0.2714
"105244222",0.2994
"105244225",0.0408
"105244227",0.9814
"105244229",-0.0691
"105244240",-0.1083
"105244241",0.5146
"105244244",0.0355
"105244245",-0.2335
"105244251",-0.0169
"105244262",-0.4394
"105244267",0.0258
"105244272",0.0662
"105244278",-0.0306
"105244297",-0.0739
"105244301",-0.7501
"105244306",-0.0897
"105244317",0.5088
"105244318",0.3936
"105244320",-0.4388
"105244333",-0.1569
"105244336",0.2964
"105244343",0.0099
"105244354",-0.0836
"105244367",0.0676
"105244391",-0.8372
"105244402",0.569
"105244413",-0.0234
"105244418",0.2641
"105244449",0.7079
"105244450",0.1431
"105244453",1.1548
"105244477",0.1817
"105244479",-0.2221
"105244487",0.6294
"105244494",-0.3698
"105244527",1.2244
"105244528",-0.4249
"105244530",0.3858
"105244533",-0.192
"105244546",-1.3137
"105244552",-0.4293
"105244557",0.0116
"105244574",0.312
"105244589",-0.0117
"105244595",-0.2913
"105244600",0.5313
"105244605",0.1271
"105244625",0.4038
"105244627",-0.7767
"105244630",0.169
"105244634",-0.5079
"105244642",-0.3496
"105244644",-0.0841
"105244658",-0.5348
"105244662",0.2641
"105244664",-0.3553
"105244666",-0.2532
"105244667",-0.6726
"105244669",0.8205
"105244678",0.123
"105244701",-0.7594
"105244703",1.312
"105244710",-0.3161
"105244720",-1.793
"105244729",-0.3036
"105244732",0.064
"105244746",0.1053
"105244755",0.4202
"105244756",0.0205
"105244768",-0.3064
"105244777",-0.4783
"105244779",-0.797
"105244788",-0.6294
"105244789",0.0492
"105244797",-0.0668
"105244799",-0.1034
"105244801",-0.0289
"105244807",-0.0072
"105244811",-0.2743
"105244831",0.4741
"105244833",0.1206
"105244870",0.6642
"105244871",0.1713
"105244875",0.0839
"105244879",-0.0702
"105244903",0.0683
"105244921",-0.0992
"105244922",-0.4178
"105244926",6e-04
"105244927",0.6712
"105244932",-0.3337
"105244940",0.2171
"105244946",-0.1096
"105244947",0.0279
"105244956",-0.0827
"105244957",-0.0051
"105244975",-0.0776
"105244978",-0.2634
"105244981",1.2764
"105244999",-0.322
"105245005",-0.0373
"105245008",-0.1982
"105245009",-0.0337
"105245011",-0.2591
"105245013",-0.1045
"105245014",-0.2105
"105245022",-0.3857
"105245032",-0.0944
"105245048",-0.2306
"105245059",-0.0908
"105245069",0.2548
"105245071",-0.2343
"105245074",0.0236
"105245076",-0.1364
"105245094",0.3392
"105245096",0.3384
"105245097",-0.4042
"105245126",-0.0966
"105245155",0.3913
"105245160",0.2496
"105245183",-0.195
"105245202",-0.1204
"105245211",0.1173
"105245225",-0.015
"105245229",-0.2328
"105245231",-0.6428
"105245239",0.0536
"105245249",-0.5143
"105245255",-0.0499
"105245265",-0.7001
"105245272",0.3415
"105245273",-0.1294
"105245277",-0.5673
"105245278",-0.1851
"105245284",-0.2049
"105245292",0.3354
"105245305",-0.0222
"105245307",0.345
"105245324",0.8075
"105245342",0.2334
"105245348",0.4895
"105245356",0.149
"105245357",0.2152
"105245359",-0.5163
"105245369",-0.2732
"105245375",0.1003
"105245376",0.1302
"105245381",0.1782
"105245391",0.2205
"105245415",0.0229
"105245433",-0.6161
"105245437",0.1053
"105245453",0.2169
"105245463",0.0697
"105245478",-0.0736
"105245487",-0.8941
"105245518",0.4395
"105245552",-0.0097
"105245559",-0.3347
"105245571",-0.0977
"105245576",-0.0674
"105245580",0.3309
"105245586",0.0171
"105245592",-0.0125
"105245593",0.1397
"105245595",0.1665
"105245598",0.2547
"105245602",0.2579
"105245626",-0.4016
"105245634",-0.392
"105245641",0.1587
"105245643",1.4191
"105245644",0.7049
"105245650",0.2322
"105245677",-0.1424
"105245679",0.0943
"105245681",0.4043
"105245695",-0.3458
"105245696",-0.2475
"105245702",-0.5434
"105245706",-0.2962
"105245713",-0.0227
"105245730",-0.2104
"105245766",-0.0715
"105245772",-0.6877
"105245780",0.1449
"105245781",-0.3183
"105245782",-0.1523
"105245790",-0.8834
"105245801",0.2217
"105245822",-1.0222
"105245842",0.5699
"105245858",-0.1499
"105245865",0.132
"105245866",0.0195
"105245869",-0.1684
"105245870",0.0066
"105245874",0.2979
"105245875",0.2521
"105245883",0.0928
"105245903",-0.2262
"105245904",-0.184
"105245905",-0.0445
"105245907",0.2233
"105245911",-0.1815
"105245912",-0.1446
"105245913",-0.0174
"105245921",0.2102
"105245926",0.3762
"105245927",-0.4434
"105245938",0.1557
"105245941",0.0607
"105245959",-0.55
"105245967",0.1946
"105245974",-0.6054
"105245975",0.0946
"105245978",0.1309
"105245981",0.2332
"105245991",-0.1628
"105245994",-0.2496
"105246001",0.025
"105246008",-1.256
"105246012",-0.7164
"105246016",0.3384
"105246018",-0.3255
"105246020",-0.6721
"105246027",0.0413
"105246033",0.1506
"105246034",-0.2576
"105246035",0.0883
"105246041",0.7124
"105246049",0.3855
"105246056",-0.1475
"105246059",0.2791
"105246062",-0.0784
"105246064",0.202
"105246071",-0.1321
"105246073",-0.2838
"105246084",-1.605
"105246086",-0.0944
"105246099",0.3813
"105246105",0.1612
"105246114",-0.1292
"105246117",-0.0022
"105246120",-0.2698
"105246126",0.2972
"105246158",-0.7994
"105246164",-0.1976
"105246167",0.0456
"105246170",0.2186
"105246173",-0.4421
"105246176",0.8231
"105246178",0.638
"105246180",0.2453
"105246190",-1.099
"105246192",0.7454
"105246193",0.0701
"105246216",-0.2135
"105246223",-0.3527
"105246241",0.0209
"105246245",0.8493
"105246249",-0.0094
"105246251",-0.1634
"105246254",0.0716
"105246260",0.2955
"105246264",-0.0949
"105246273",1.0778
"105246278",-0.0696
"105246286",-0.5209
"105246294",-0.4969
"105246299",-0.127
"105246300",-0.4395
"105246303",0.0669
"105246304",-0.0738
"105246306",-0.1581
"105246307",-0.0731
"105246318",-0.7728
"105246320",0.1685
"105246334",-0.2095
"105246337",0.2884
"105246339",0.8837
"105246363",-0.0274
"105246366",-0.0267
"105246367",-0.1156
"105246371",0.6568
"105246380",-0.0363
"105246401",0.0436
"105246402",-0.0514
"105246404",-0.4525
"105246406",0.1995
"105246412",0.6164
"105246422",0.3994
"105246423",-1.6089
"105246439",0.0577
"105246440",0.0418
"105246445",1.1446
"105246452",0.5218
"105246471",0.0078
"105246496",-0.302
"105246501",0.7558
"105246506",-0.7353
"105246519",0.0843
"105246529",0.7904
"105246536",0.2553
"105246555",-0.5735
"105246558",0.6641
"105246562",0.35
"105246565",-0.1597
"105246572",0.2898
"105246574",-0.5769
"105246577",0.2237
"105246585",-1.2787
"105246588",0.1277
"105246591",-0.3081
"105246608",-0.4222
"105246617",-0.5189
"105246618",0.238
"105246627",0.654
"105246642",0.0314
"105246644",0.1502
"105246657",-0.1826
"105246658",0.4171
"105246666",-0.0703
"105246679",0.5262
"105246693",0.3213
"105246700",0.0373
"105246702",-0.1961
"105246710",0.6821
"105246714",0.138
"105246717",-0.4339
"105246760",0.0975
"105246763",0.2141
"105246765",0.2115
"105246769",0.1047
"105246782",0.1584
"105246802",0.1164
"105246804",0.1097
"105246807",0.174
"105246824",-0.1642
"105246830",1.0528
"105246832",0.3234
"105246839",0.6306
"105246846",0.1621
"105246847",0.0749
"105246848",0.0442
"105246860",-0.0765
"105246865",-0.1006
"105246887",-0.3706
"105246891",-0.7885
"105246894",0.1742
"105246895",0.4308
"105246904",0.1486
"105246908",-0.7806
"105246914",-0.55
"105246915",-0.5681
"105246918",0.2162
"105246933",-0.061
"105246945",0.0409
"105246952",-0.2817
"105246959",-0.2462
"105246961",-0.0316
"105246964",0.9353
"105246968",-0.4965
"105246973",0.0789
"105246975",-0.8353
"105246978",0.0364
"105247005",1.0642
"105247021",0.2436
"105247049",0.3269
"105247050",0.2003
"105247062",-0.3996
"105247071",-0.8517
"105247078",-0.7453
"105247090",0.9244
"105247097",-0.1756
"105247100",0.0847
"105247102",0.6106
"105247109",-0.3416
"105247116",0.2325
"105247123",0.1308
"105247124",0.1489
"105247134",-0.0394
"105247150",0.2474
"105247151",0.2725
"105247153",3e-04
"105247167",0.0327
"105247188",0.1611
"105247199",0.2967
"105247200",0.0736
"105247205",-0.1347
"105247213",0.1062
"105247219",0.8538
"105247220",0.0509
"105247224",-0.4989
"105247231",0.5572
"105247234",0.1728
"105247240",-0.0013
"105247244",-0.2801
"105247248",-0.6837
"105500046",-0.7493
"105704528",0.3016
"105734727",-1.1604
"105886298",-0.2273
"105940408",-0.0671
"105943584",-0.2983
"105980075",-0.0878
"106014251",-0.2717
"107303348",-0.2194
"108167334",-0.0993
"108167345",0.5196
"108167350",-0.1594
"108167377",-0.3429
"108167409",-0.0407
"108167415",-0.1789
"108167435",0.3612
"108167437",0.0743
"108167440",-0.2186
"108167443",-0.1691
"108167450",-0.1347
"108167455",-0.0514
"108167456",-0.848
"108167458",-0.4524
"108167463",-0.2319
"108167511",0.3841
"108167513",-0.2001
"108167518",0.0072
"108167523",1.1843
"108167529",0.8844
"108167532",0.2233
"108167537",-0.066
"108167548",-0.2937
"108167550",0.0632
"108167556",0.1395
"108167558",1.3685
"108167560",0.3383
"108167561",0.4366
"108167562",-0.1161
"108167597",0.2399
"108167615",0.3263
"108167623",-0.1634
"108167626",-0.0764
"108167628",-0.237
"108167630",-0.2722
"108167633",0.2024
"108167636",0.331
"108167637",-0.1863
"108167638",-0.2725
"108167645",-0.105
"108167650",-0.2957
"108167653",-0.3046
"108167657",0.2208
"108167659",-0.0594
"108167660",-0.0261
"108167667",-0.0667
"108167668",0.1747
"108167669",-0.4273
"108167679",0.2412
"108167687",0.2773
"108167693",0.2564
"108167700",0.294
"108167704",-0.09
"108167719",-0.3671
"108167721",0.2325
"108167725",0.0758
"108167726",0.7829
"108167727",0.0552
"108167732",0.0103
"108167733",-0.0515
"108167736",-0.5912
"108167737",-0.2463
"108167740",-0.9372
"108167745",-0.779
"108167746",-0.2851
"108167748",0.2265
"108167749",0.2582
"108167751",0.0774
"108167755",0.5047
"108167760",-0.181
"108167761",0.1085
"108167764",-0.2341
"108167777",0.1657
"108167790",-0.0229
"108167793",-0.1779
"108167796",0.0556
"108167802",0.1676
"108167804",0.8568
"108167812",0.0307
"108167825",-0.033
"108167831",-0.5181
"108167844",0.5639
"108167845",-0.2868
"108167847",0.4633
"108167848",0.0256
"108167853",-0.6862
"108167866",0.0235
"108167878",-0.1093
"108167879",-0.1459
"108167882",-0.1295
"108167883",-0.5026
"108167886",-0.0364
"108167888",-0.796
"108167889",0.062
"108167895",-0.0943
"108167905",-0.3605
"108167912",0.2506
"108167917",0.1125
"108167918",1.0104
"108167922",-0.4372
"108167924",-0.0014
"108167925",1.2067
"108167930",-0.5486
"108167934",-0.1382
"108167935",-0.3668
"108167940",0.0048
"108167961",0.1572
"108167980",-0.2301
"108167995",-0.22
"108167996",-0.2203
"108167997",-0.1756
"108168003",-0.492
"108168022",-0.4765
"108168026",-0.2078
"108168027",0.26
"108168028",-0.0952
"108168049",-0.1607
"108168068",0.1872
"108168069",-0.0218
"108168071",0.1848
"108168076",0.1089
"108168080",0.2557
"108168085",0.0136
"108168092",-0.3988
"108168101",0.0694
"108168102",-0.3521
"108168104",-0.2821
"108168105",0.4564
"108168109",-0.2315
"108168114",-0.8944
"108168162",-0.1265
"108168166",-0.5469
"108168201",0.0943
"108168205",-0.4071
"108168240",-0.0497
"108168251",0.0764
"108168252",0.3515
"108168254",-0.0655
"108168256",0.3617
"108168260",0.0074
"108168265",0.2914
"108168283",-0.0827
"108168287",-0.3104
"108168292",-0.5228
"108168293",-0.1745
"108168294",0.0154
"108168296",-0.2521
"108168297",1.5018
"108168307",-0.2176
"108168326",0.1563
"108168332",1.1316
"108168334",0.3451
"108168335",0.1272
"108168338",0.0044
"108168347",0.1125
"108168353",0.0569
"108168354",0.0894
"108168355",-0.2819
"108168358",-0.3223
"108168373",-0.5313
"108168376",-0.0474
"108168379",0.2738
"108168380",0.4901
"108168382",0.2753
"108168390",-0.3655
"108168391",-0.4469
"108168393",0.0275
"108168395",-0.0211
"108168397",0.4793
"108168398",-0.1453
"108168407",-0.1896
"108168411",-0.3634
"108168413",-0.0495
"108168421",0.1798
"108168423",-0.7865
"108168424",-0.9319
"108168478",0.21
"108168479",0.3172
"108168481",-0.1057
"108168484",0.0163
"108168645",0.0813
"108168707",-0.7597
"108168727",-0.1183
"108168731",0.043
"108168734",0.3469
"108168740",0.0902
"108168741",0.0107
"108168746",-0.7291
"108168747",-0.1532
"108168748",0.2309
"108168752",-0.6683
"108168756",0.3711
"108168760",0.6629
"108168762",0.5768
"108168763",-0.7835
"108168771",-0.19
"108168774",-0.5592
"108168775",0.8155
"108168787",0.1259
"108168793",0.2572
"108168795",-0.4103
"108168797",0.0309
"108168801",-0.0556
"108168806",-0.1777
"108168807",1.1229
"108168812",0.3943
"108168813",-0.1628
"108168816",0.3576
"108168817",0.261
"108168823",-0.2675
"108168834",-0.5625
"108168861",0.3718
"108168868",-3e-04
"108168872",-0.0094
"108168876",-0.0121
"108168877",-0.2341
"108168883",0.3143
"108168886",-0.0034
"108168899",-0.2116
"108168900",-0.0913
"108168903",0.3512
"108168904",-0.4138
"108168906",-0.0154
"108168907",0.0455
"108168909",-0.0662
"108168911",-0.0759
"108168925",-0.1547
"108168930",-0.1908
"108168933",0.1236
"108168941",-0.6551
"108168971",-0.0392
"108168973",0.2195
"108168974",-0.0148
"108168985",0.1229
"108168987",0.6401
"108168988",-0.2695
"108168990",-0.1383
"108168994",-0.3869
"108168998",0.489
"108169008",-0.1855
"108169012",-0.3596
"108169013",-0.0122
"108169018",0.1252
"108169023",-0.0599
"108169029",-0.1316
"108169031",-0.2227
"108169033",0.1465
"108169034",0.3466
"108169043",0.1083
"108169046",0.0765
"108169047",0.1438
"108169056",-0.3197
"108169069",0.2238
"108169080",0.6483
"108169082",-0.0079
"108169083",0.1635
"108169085",0.1481
"108169096",-0.3313
"108169124",-0.6689
"108169128",0.0694
"108169134",0.1311
"108169145",0.2341
"108169150",0.6459
"108169152",-0.0246
"108169153",0.0549
"108169155",-0.182
"108169157",-0.1727
"108169158",-0.2231
"108169159",-0.086
"108169171",-0.2194
"108169172",0.1485
"108169173",0.4964
"108169181",-0.2663
"108169205",-0.0569
"109729085",0.3748
"110599566",0.108
"111365222",-0.0419
"111828493",0.1118
"112694759",-0.8892
"113002583",-0.0412
