"","GSE95740_enriched environment"
"11302",0.00192859994860415
"11303",0.00196530287346769
"11304",0.139243174679155
"11305",0.00260308204914619
"11306",0.00180457776209375
"11307",0.00331601762460782
"11308",0.00148281920103406
"11350",0.00202798122889347
"11352",0.00179593297428344
"11363",0.00691172625934496
"11364",0.00327702456460634
"11370",0.0032272427059231
"11409",0.0105342582839471
"11416",0.00144757473269593
"11418",0.00221191530699791
"11419",0.00370940348081675
"11421",0.0939742893927925
"11423",0.00451148545404927
"11426",0.00215665584881872
"11428",0.00161962168689269
"11429",0.0017423409037627
"11430",0.00156330998319985
"11431",0.00198857248291059
"11432",0.0019455126440986
"11433",0.183076173352347
"11434",0.12883933021565
"11435",0.0339438439143448
"11438",0.0201327362142647
"11440",0.421716829030217
"11441",0.00380014384979878
"11443",0.0364160576164002
"11444",0.00304582154954732
"11459",0.0110468858506944
"11472",0.00965666225598174
"11474",0.0487592976148781
"11475",0.014297359795739
"11477",0.00288734941158125
"11479",0.00158925920081648
"11480",0.00551480558170451
"11481",0.00769427052015316
"11482",0.00665853531015904
"11484",0.011030687937222
"11486",0.145345757899
"11487",0.00204165680411582
"11488",0.00265328853609018
"11489",0.00858031409444748
"11490",0.00294610602311058
"11491",0.00311614773877516
"11492",0.00996264400898294
"11496",0.00264648959324375
"11498",0.0736686577949074
"11499",0.248862031202167
"11501",0.0344289314584204
"11502",0.00144153021463793
"11504",0.002630676365716
"11512",0.00222881246661386
"11513",0.0111315756122689
"11514",0.00463523986042586
"11515",0.00272241390349584
"11516",0.0335181017233619
"11517",0.00196878399384203
"11518",0.0013840881702017
"11519",0.00148062939058172
"11520",0.00930104925023496
"11522",0.0991992990352693
"11532",0.002225468233171
"11534",0.00293487907863795
"11535",0.056710411518442
"11536",0.0714102111432809
"11538",0.0564331197149935
"11539",0.00150686502456665
"11540",0.023530776440387
"11541",0.013275829663944
"11542",0.0740241796486791
"11544",0.00191384540611637
"11545",0.00296236862606067
"11546",0.00471336289043171
"11548",0.0217333997157923
"11549",0.00767951087659325
"11550",0.00362946781707362
"11551",0.00586650867454825
"11552",0.114760571985344
"11553",0.00420873323205393
"11554",0.00564812669535768
"11555",0.022258714880333
"11556",0.277197522373768
"11564",0.0029511840484728
"11565",0.00855936754298285
"11566",0.00248211096979741
"11567",0.191624592090402
"11568",0.0323747553913596
"11569",0.00202782545095844
"11593",0.00780424829459905
"11595",0.0080596513703273
"11596",0.234292750362731
"11600",0.00856792522949669
"11601",0.0369012077096135
"11603",0.00234535210690137
"11605",0.00501581676509339
"11606",0.0216396678753703
"11607",0.0955789508068425
"11609",0.311351607772904
"11610",0.0114371926417903
"11615",0.0589416811246581
"11622",0.0097987111163086
"11624",0.0427886422936758
"11629",0.0280488016774918
"11630",0.0460113610086714
"11632",0.00509035229595816
"11636",0.00190837012396918
"11637",0.00327652053488445
"11639",0.00318221387646883
"11640",0.00160037820588451
"11642",0.257464929585251
"11647",0.00915018842779441
"11651",0.00321155714522678
"11652",0.00299885600566169
"11655",0.00255785203187136
"11656",0.0233103025957294
"11658",0.00265164147868123
"11666",0.00486307181446595
"11668",0.00860570870565179
"11669",0.00243560528120713
"11670",0.131851361598611
"11671",0.00180135366430846
"11674",0.00563783839055002
"11676",0.00782232135879765
"11677",0.00246222750970232
"11682",0.0136457287223575
"11684",0.0825446085968267
"11686",0.0439736159003944
"11687",0.0165100964389376
"11688",0.00869533641978358
"11689",0.0600843042582974
"11690",0.0146594542419916
"11692",0.00530499216941949
"11694",0.163175384932748
"11695",0.046494140625
"11702",0.00108479523691899
"11705",0.121300902769648
"11717",0.00492526459622957
"11722",0.0330664455074713
"11727",0.0210357998238282
"11732",0.00153166289696789
"11733",0.00744965600224491
"11735",0.00217549917183617
"11736",0.00156171909003791
"11737",0.00202332091391401
"11739",0.00221817270076022
"11740",0.00158429632521657
"11744",0.0066294313174779
"11745",0.0082436900072467
"11746",0.0122668394857687
"11747",0.00552925706771861
"11749",0.0042017541642385
"11750",0.00172176512291713
"11754",0.0775171439815934
"11757",0.00316759677785914
"11758",0.00626736111111111
"11761",0.0105020614279239
"11764",0.00145164786882787
"11765",0.00273594161274488
"11766",0.038932834164333
"11767",0.00633244109465224
"11769",0.00248765332366672
"11771",0.0019313593908945
"11772",0.00190917795885603
"11773",0.00191160112322294
"11774",0.00218505522559859
"11775",0.00392528164053019
"11776",0.00236350738137714
"11777",0.00623268698060942
"11778",0.00254915056030031
"11781",0.00321663949326618
"11782",0.0033462537822508
"11783",0.00504797983806253
"11784",0.00225382517572393
"11785",0.00153160709558202
"11787",0.00367309458218549
"11789",0.00449121827963001
"11790",0.00312330365675771
"11792",0.00398437701187505
"11793",0.0023444351730288
"11796",0.0297634636987934
"11797",0.00231477016976712
"11798",0.00192772892660647
"11799",0.0995885488446493
"11800",0.00147261896875908
"11803",0.00179504990796009
"11804",0.00312765402898222
"11806",0.263413541506797
"11807",0.115228650543559
"11810",0.0352409128230526
"11811",0.171183156491676
"11812",0.119311343257918
"11814",0.369039226577419
"11815",0.0106990187003197
"11818",0.105389624028565
"11819",0.0180301073868282
"11821",0.00551689607657354
"11826",0.859703214926939
"11829",0.0036541140073505
"11834",0.00247956338569485
"11835",0.00876241614655807
"11836",0.00170980677760268
"11837",0.00952647480070026
"11838",0.00746267419150566
"11839",0.268280499258701
"11840",0.00166047274350366
"11841",0.00202365250710748
"11842",0.00180118061760795
"11843",0.00240093236762604
"11844",0.00627580646898248
"11845",0.00164839878562563
"11847",0.0340194523233335
"11848",0.0014663850915406
"11852",0.00226737862345699
"11853",0.00755366141726296
"11854",0.0605372734384514
"11855",0.00324098698348799
"11856",0.0570928662306171
"11857",0.00841400719922926
"11858",0.00851861304076837
"11861",0.00248524939268396
"11863",0.00609347505279475
"11864",0.0041694693877551
"11865",0.00407345020077867
"11867",0.0134433277240591
"11876",0.182594804557348
"11877",0.00195520385024758
"11878",0.00892438871010584
"11881",0.00152232081585625
"11883",0.00436525395758277
"11886",0.00201994697639187
"11889",0.049012449971575
"11891",0.00678470783911423
"11898",0.00512388694558835
"11899",0.00223450353217937
"11906",0.022175144421487
"11907",0.00129978141944915
"11908",0.00590629035344312
"11909",0.00257566981845786
"11910",0.0285938865682659
"11911",0.00254641100518324
"11920",0.0020006328532495
"11922",0.00669384125238654
"11923",0.114252206520663
"11924",0.0689662918433016
"11927",0.00584004671996722
"11928",0.00463254844987802
"11932",0.00465196361064237
"11933",0.00240753777777778
"11936",0.0300785664683215
"11937",0.130478585003409
"11938",0.00440241683699827
"11941",0.00265005056570002
"11944",0.145299829317517
"11949",0.00376733979443254
"11950",0.00325944644462996
"11951",0.00355649107344082
"11957",0.00470680599546477
"11958",0.00640389319767661
"11964",0.00435280887480946
"11966",0.00430373220662945
"11972",0.0014449970143995
"11973",0.00261042501319801
"11974",0.00730107625604728
"11975",0.0031699954415955
"11977",0.00595174400246094
"11979",0.0191221007138736
"11980",0.00266194550755449
"11981",0.00123194840180994
"11982",0.00895681178417767
"11983",0.00598375106927281
"11984",0.00181137157325475
"11987",0.00638679537600224
"11988",0.00627295528593743
"11989",0.029155996186222
"11990",0.00222643942618117
"11991",0.0058185868024055
"11992",0.00267862122783687
"11993",0.00207063822646849
"11994",0.0112379855195496
"11998",0.153614437166315
"12005",0.00277008310249308
"12006",0.004497683110837
"12009",0.00930555151483709
"12010",0.00265454206407099
"12012",0.185179281944421
"12013",0.00333335877027642
"12014",0.00912972039360515
"12015",0.00529615947945799
"12017",0.00327006084496816
"12018",0.00712662792348077
"12021",0.0624772871810724
"12023",0.15369539149819
"12028",0.00596237189897137
"12029",0.0400223453279941
"12032",0.00338816882756355
"12033",0.00560248040874689
"12034",0.00137708482256834
"12035",0.00319431825033327
"12036",0.00716967155009452
"12038",0.0104573295125161
"12039",0.00363712185440104
"12040",0.00724309642372114
"12041",0.00208998853960082
"12042",0.00411062310588016
"12043",0.00934965375871677
"12044",0.629157082966236
"12045",0.0375976513099721
"12048",0.0014734795151277
"12050",0.00385221695835014
"12051",0.10523213511954
"12053",0.00510681420879258
"12054",0.00270604659369628
"12055",0.0136452686083139
"12062",0.122042207478817
"12064",0.00697364606248375
"12068",0.00362617212110759
"12069",0.00340613425127122
"12070",0.00166809951093245
"12075",0.105154510607015
"12091",0.00428549617702255
"12111",0.0106294729101018
"12121",0.00307558614566229
"12122",0.00893215454906769
"12123",0.00325762973484942
"12125",0.00664786317013145
"12140",0.0138783394582424
"12142",0.0479499718570467
"12144",0.00777221354501235
"12151",0.00243036848005702
"12153",0.00706830323853478
"12156",0.0419935711799744
"12159",0.0322150798811369
"12160",0.0438032365041803
"12161",0.0204039675080669
"12162",0.0256355872488439
"12164",0.170644742443492
"12166",0.00257588025373555
"12167",0.00719739045033272
"12168",0.00387574403693099
"12169",0.0392743914778358
"12175",0.00330001526946224
"12176",0.00297412501324725
"12177",0.00195871973335947
"12180",0.0892712104697105
"12181",0.00241056184754135
"12182",0.120795786059108
"12183",0.00317626716562531
"12189",0.0224661308579801
"12190",0.00920502903885331
"12192",0.00749481998900176
"12193",0.00595415916378848
"12209",0.143161550767217
"12211",0.00323309614794012
"12212",0.00278409502220919
"12215",0.00263614299964215
"12217",0.00548862777356295
"12223",0.151237411230815
"12224",0.060390749081803
"12226",0.00316881393844983
"12227",0.00433181361098782
"12228",0.0112488521579431
"12229",0.0612317262860424
"12234",0.00172165362141008
"12235",0.0759134760663259
"12236",0.0237416340417046
"12237",0.00160695857635223
"12238",0.00330127666263813
"12257",0.028151885050223
"12258",0.0089248408470452
"12259",0.00696416405733789
"12260",0.00659900449847407
"12261",0.00203261516094085
"12262",0.00682557896975948
"12263",0.0710631279065991
"12265",0.0493352440828402
"12266",0.0731658156409567
"12267",0.0291843219738304
"12268",0.0104953661571311
"12269",0.0634337308743327
"12273",0.0661340103641883
"12282",0.00529275496206713
"12283",0.00134453146772675
"12286",0.00179629510578247
"12287",0.00241997907705959
"12288",0.00268546647141868
"12289",0.00355652281107219
"12290",0.00439798968501492
"12291",0.00731742990843346
"12292",0.143984501976691
"12293",0.00405196294625352
"12294",0.00343574912361392
"12295",0.00247291708623084
"12296",0.00249790048298152
"12297",0.00182867470893193
"12298",0.0050545053431297
"12300",0.00262193351720134
"12301",0.00159328437257256
"12304",0.00359576843997773
"12305",0.00215617654465206
"12306",0.00792330098964238
"12307",0.00599131049566385
"12308",0.037947008344512
"12310",0.163263177491968
"12316",0.0376226218787158
"12317",0.00578650888126308
"12319",0.090247082931125
"12321",0.00190202982531149
"12323",0.0024094572938342
"12325",0.00176998565159561
"12326",0.00577294302358544
"12328",0.0024449558148718
"12330",0.00149936025029381
"12331",0.00291703420299322
"12332",0.025812776473829
"12333",0.00587415771353734
"12334",0.0021041999831664
"12335",0.00569922190469468
"12336",0.00162790584536521
"12337",0.00261984813748728
"12338",0.124767042281364
"12339",0.00202218122488152
"12340",0.00201922666010041
"12343",0.00117104483222253
"12345",0.00129151438930007
"12348",0.00425330812854442
"12349",0.00453720307173562
"12350",0.203864883196871
"12351",0.00520696795658926
"12352",0.261734983372419
"12354",0.00786625717031618
"12355",0.134674558984195
"12359",0.00169248348107133
"12361",0.00178800993228786
"12362",0.0467170411944259
"12363",0.104233834345674
"12364",0.0902282814555654
"12366",0.00726169946325194
"12367",0.00650025957071907
"12368",0.0223639116024239
"12369",0.0136070200046987
"12370",0.0156469683628414
"12371",0.00362942752419745
"12372",0.11714741205229
"12373",0.0153941396982523
"12374",0.0723143857763718
"12380",0.0071658193618172
"12385",0.00298670359537495
"12386",0.00139782057497455
"12387",0.00125525540132476
"12388",0.00246469158573851
"12389",0.00382770219507238
"12390",0.00582580478812456
"12391",0.277343977497201
"12393",0.011702990291272
"12394",0.0532544378698225
"12395",0.0124962555491811
"12396",0.00187810602166541
"12398",0.00808784374921379
"12400",0.00448812422572515
"12402",0.00618837653340454
"12404",0.058336852875382
"12405",0.0259227270242434
"12406",0.00490189510137373
"12408",0.0025837953676774
"12409",0.0573448508119429
"12411",0.00460321172978989
"12412",0.00364994662085194
"12416",0.0136411050364542
"12417",0.00238184379216358
"12418",0.00333827160493827
"12419",0.00116408447357163
"12421",0.0030660986496667
"12424",0.00323669323405588
"12426",0.0146533703057836
"12427",0.0787915211118855
"12428",0.0202800520735691
"12442",0.0517819926415359
"12443",0.00540542228229508
"12444",0.00447545788589526
"12445",0.00472239041566065
"12447",0.00756143667296787
"12448",0.00801342920652291
"12449",0.00808844095759071
"12450",0.00179018819731341
"12452",0.00229734175374387
"12453",0.00235726259654239
"12454",0.0142017235362023
"12455",0.00212680146523872
"12457",0.00304617347126384
"12460",0.00415401357274986
"12461",0.0021319311080628
"12462",0.00332209667595933
"12464",0.0019735609679693
"12465",0.00258215984019841
"12466",0.00263749924884322
"12467",0.137407560208836
"12468",0.00243254406899079
"12469",0.00275982896971679
"12475",0.0278742115805557
"12476",0.00499688442043872
"12479",0.051985905973583
"12483",0.210107364338926
"12484",0.00851929460005046
"12488",0.00202759650257184
"12489",0.0264543593542216
"12490",0.00650916647508802
"12491",0.0790071571654998
"12492",0.00138643214507641
"12493",0.037503245187226
"12494",0.0059104223203491
"12495",0.00394298790600852
"12496",0.0111820499292499
"12497",0.00144528109922468
"12499",0.00217059093633983
"12503",0.273881385740941
"12504",0.143263824900306
"12505",0.0188287919045735
"12506",0.0612627671423206
"12508",0.00772640353438899
"12509",0.0190876038781163
"12511",0.159386321334952
"12512",0.00660315309954045
"12514",0.00756143667296786
"12517",0.317525717140639
"12519",0.0614114867104693
"12520",0.00158246820053851
"12521",0.0137402433524794
"12522",0.00596451920204642
"12523",0.0142125357567876
"12524",0.0218249167654029
"12527",0.00407424173834314
"12530",0.0119650150006895
"12531",0.00711098471504509
"12532",0.214748695209587
"12534",0.0581678032180459
"12537",0.00623559096984462
"12539",0.0026331957114934
"12540",0.00133459521054232
"12544",0.0236686390532544
"12545",0.00958219281538161
"12549",0.00498842291202526
"12552",0.00282242173023802
"12554",0.00486852118079439
"12555",0.0235777746651298
"12558",0.00239941714475334
"12560",0.909351918881226
"12561",0.00703566769616496
"12562",0.00520461376934441
"12563",0.013678887649583
"12564",0.002564113219908
"12565",0.00331245794731122
"12566",0.0498952677528085
"12567",0.00497819279082569
"12568",0.00277904682093125
"12569",0.00175623976744963
"12570",0.00365368810792807
"12571",0.00775583645222795
"12572",0.00134322142110708
"12575",0.0193357563783377
"12576",0.00384256644356519
"12577",0.0290495938836988
"12579",0.0957316347882894
"12580",0.0177381886076462
"12581",0.0023389673622871
"12583",0.00382446712702082
"12585",0.0157985726913161
"12587",0.103656601674922
"12589",0.00228322717096024
"12593",0.00927085702174071
"12606",0.00666822011283214
"12607",0.00322543042941255
"12608",0.00848145528715785
"12609",0.00606214512329625
"12611",0.0027994736989446
"12614",0.0095302429192896
"12615",0.023943989395165
"12616",0.00942261190380745
"12617",0.00213790182807132
"12626",0.00475698143086059
"12628",0.00413486096985947
"12631",0.00149230606765789
"12632",0.00181949295121912
"12633",0.00344840810659708
"12638",0.124571346000514
"12642",0.158678810351025
"12648",0.00362656027172629
"12649",0.0659428904773157
"12651",0.004596380350474
"12652",0.00457689845179509
"12653",0.0132632268845665
"12654",0.0128576415683232
"12659",0.0829917581680045
"12660",0.00254375340640251
"12661",0.00524677238481189
"12662",0.00217696235972716
"12663",0.00599198085081579
"12667",0.00697583172398331
"12669",0.00231167011650887
"12671",0.00588898955926067
"12672",0.00849666923118363
"12675",0.00450694145807132
"12677",0.216619339256946
"12683",0.0062138048294357
"12684",0.038421108454023
"12695",0.00954750309829399
"12696",0.0106992379812775
"12700",0.0331574380223702
"12702",0.0278514968754843
"12703",0.0709091753759168
"12704",0.0207006604663179
"12705",0.0531530304649498
"12709",0.00300289067707166
"12716",0.00387722206475588
"12721",0.00446245635889787
"12723",0.0317977826424688
"12724",0.00269330671154687
"12725",0.00144635105393406
"12727",0.00112470255800119
"12728",0.00794933938567128
"12729",0.00132381796080969
"12737",0.217676779389442
"12738",0.44560668745731
"12739",0.317078350082527
"12741",0.00662313240411464
"12745",0.0097675726526035
"12747",0.00483539291957007
"12748",0.00780676666129919
"12750",0.0049545197473843
"12751",0.00271141351422363
"12752",0.00865332612222823
"12753",0.00226973483368858
"12757",0.00216439107824807
"12759",0.00379519704219755
"12763",0.360403474330909
"12764",0.00231112278582049
"12767",0.0102850213599146
"12768",0.124567474048443
"12769",0.0864336976442203
"12772",0.217014119418873
"12774",0.0158865017361111
"12777",0.142510109944338
"12778",0.00413520034712518
"12785",0.00192376483778793
"12793",0.00356568724897562
"12794",0.00449049310007608
"12795",0.0191263014938886
"12797",0.129878292237576
"12798",0.0125734999527126
"12799",0.00485872027320007
"12801",0.00413329485228012
"12802",0.156442511007847
"12803",0.0814190948713029
"12804",0.00306657782602188
"12805",0.00230116692310835
"12807",0.00390116869972472
"12808",0.00781658596462674
"12810",0.0146000763144341
"12812",0.00398572679871212
"12813",0.202370337765449
"12814",0.0297142682175086
"12815",0.00481274389388487
"12816",0.0110991029577064
"12817",0.0512120448544992
"12818",0.0784295468104535
"12819",0.0284045386827949
"12821",0.29604664869143
"12822",0.0138951286386199
"12823",0.00622339140102182
"12824",0.0693539211792605
"12825",0.0247322667835488
"12826",0.00526665167078802
"12827",0.00489948962320687
"12828",0.106084785951972
"12829",0.0593698358855895
"12830",0.0113085515986603
"12831",0.0353190855857819
"12832",0.0248129557511352
"12833",0.0406643956164007
"12834",0.0369590963463206
"12835",0.0229282136766544
"12836",0.0993913321299713
"12837",0.389860545697885
"12839",0.145211269526548
"12840",0.0219181738510451
"12841",0.0139119000657462
"12842",0.0163285056215654
"12843",0.0164995197480913
"12845",0.247964973946447
"12846",0.00210051851793702
"12847",0.00227606647409213
"12848",0.00241357816457186
"12850",0.00425330812854442
"12854",0.0334643216938516
"12856",0.00515931304299399
"12857",0.009858659021176
"12858",0.00310196564558522
"12859",0.00536169632596255
"12861",0.00597107438016529
"12862",0.0377212736810451
"12864",0.00710802998974381
"12865",0.0457661939060914
"12866",0.00641712810270701
"12867",0.00625925903567181
"12868",0.00817547866343946
"12869",0.189837877513899
"12870",0.00422542680000983
"12873",0.492009365291499
"12874",0.00264420520348827
"12877",0.00275625
"12879",0.00560593452527279
"12889",0.00181637068459358
"12891",0.00609961831293524
"12892",0.00361850302124739
"12894",0.00447579845268796
"12895",0.125010473712084
"12896",0.00993943995755739
"12902",0.211772400440961
"12903",0.123369305375316
"12904",0.0739353332717455
"12905",0.0147605879786167
"12908",0.00289012625225388
"12909",0.00440061180750649
"12912",0.00263230257295611
"12913",0.00371260268334232
"12914",0.0025
"12915",0.00261310678224251
"12916",0.00556097634621294
"12918",0.0368007120853585
"12919",0.0224379677333303
"12921",0.00775819756183553
"12922",0.0340173907266068
"12925",0.0311494710433029
"12927",0.00327309456600954
"12928",0.00124898059845877
"12929",0.00191061122811967
"12931",0.00525958301032615
"12933",0.00340689458353537
"12934",0.00241240886965928
"12936",0.202232903843997
"12937",0.0848582230623818
"12939",0.128967313218318
"12941",0.0188684941432194
"12942",0.0122291301473632
"12943",0.0131930688964229
"12946",0.0027693823035325
"12950",0.00747434507829927
"12952",0.00371322521156313
"12953",0.00137886635132397
"12955",0.0047059532084836
"12959",0.0724976685622269
"12960",0.027325924111318
"12962",0.0803935117884019
"12964",0.211079149524221
"12971",0.00366866605500983
"12972",0.00419437512727115
"12974",0.000939337302359418
"12977",0.00317561155549947
"12978",0.00252501493956314
"12982",0.0104953661571311
"12983",0.0387435738500812
"12984",0.121025134998875
"12986",0.0165563550545682
"12988",0.00408653002615514
"12995",0.00133957129756544
"13000",0.00323031437476904
"13001",0.00137893512279101
"13002",0.00158695214415911
"13003",0.00320670588327904
"13004",0.00282158119726628
"13006",0.00217978394707156
"13007",0.00699785700896526
"13008",0.0110979229211807
"13010",0.00785752104419088
"13011",0.203985009585821
"13014",0.00512158510342105
"13016",0.00161534763398274
"13017",0.00169771196087446
"13018",0.00254664649942435
"13019",0.0803960077351393
"13024",0.0179522974656143
"13025",0.0676640454724864
"13026",0.0040162282023644
"13030",0.00199225794129102
"13032",0.00447925925813673
"13033",0.0020463417459646
"13036",0.00969804491017619
"13038",0.0729204348683752
"13039",0.00220288163708695
"13040",0.00528836996600278
"13041",0.210069444444444
"13043",0.00324801796686196
"13046",0.00259522961908152
"13047",0.00366618262183503
"13048",0.00805462899850947
"13051",0.00228838324098115
"13052",0.00767921299635679
"13056",0.00254789088025821
"13057",0.0185709154197974
"13058",0.084156634357086
"13063",0.00233761325731988
"13070",0.00846983138616329
"13075",0.295134282768572
"13076",0.388429325444066
"13078",0.00712366273585231
"13082",0.31738927993985
"13106",0.262017464834638
"13110",0.00373720915502727
"13113",0.41319461112089
"13115",0.100935418145189
"13116",0.00239911910984804
"13120",0.255589542210622
"13121",0.00277710574665881
"13123",0.00184985468419573
"13131",0.00227776731645777
"13132",0.0113507459625994
"13134",0.0144831821822782
"13135",0.00217201101314653
"13136",0.0207891175852011
"13138",0.00185143653200811
"13139",0.00739946081229161
"13142",0.235226634650632
"13143",0.110420530149934
"13144",0.00398214463211347
"13162",0.443167305896332
"13163",0.00318892733564014
"13164",0.0166625274143736
"13166",0.0203924238167328
"13167",0.0125380406192693
"13168",0.150638708313774
"13169",0.00237091078961848
"13170",0.030625
"13171",0.00377738645293747
"13175",0.00196133656456995
"13176",0.00462017046521122
"13177",0.0100023700894626
"13178",0.00359665349774066
"13179",0.0250885014140677
"13180",0.013675840331155
"13185",0.00231276359852494
"13190",0.101680458969649
"13191",0.00179332743101016
"13193",0.00944991198702718
"13194",0.0025729888678849
"13195",0.0198916852939945
"13196",0.00418362202721243
"13197",0.00980175863536942
"13198",0.00284560157942564
"13200",0.00274118050182159
"13202",0.00608553326612295
"13204",0.00312453287754682
"13205",0.00284472962322407
"13206",0.0257109424486048
"13207",0.00660727794292751
"13209",0.00370072670314945
"13211",0.00508617021470436
"13244",0.00149233923757032
"13340",0.00762088754332209
"13345",0.0653070554470629
"13346",0.0209136094674556
"13347",0.00259471425799079
"13349",0.0391167839076421
"13350",0.00658162934159641
"13353",0.00717644479547993
"13356",0.0015041420289436
"13358",0.00382148760330579
"13360",0.0043623949264774
"13361",0.0115834918380514
"13363",0.197261840239366
"13367",0.00197631812638044
"13368",0.0104565312588306
"13371",0.0115372057579886
"13382",0.00375356961742907
"13383",0.00131447324079612
"13384",0.00304284647461573
"13385",0.00261587358786938
"13386",0.298046548215111
"13388",0.00678972008137707
"13389",0.0276732216313435
"13390",0.00851046882204493
"13392",0.0399080988241511
"13395",0.100361425175612
"13396",0.0611701348370993
"13400",0.0194642316785635
"13401",0.00124696883587687
"13404",0.117887809880875
"13405",0.00164066013939954
"13406",0.0138620570864603
"13411",0.27967825443787
"13417",0.0507210731144125
"13418",0.00736594726816591
"13419",0.194378681969415
"13423",0.0200367758772944
"13424",0.00361947764628329
"13426",0.00365311692176343
"13427",0.00329833371204541
"13429",0.00511010409569517
"13430",0.00171816693065586
"13433",0.0035354273192111
"13434",0.0108834002794978
"13435",0.00221646401020364
"13436",0.0992047530990681
"13437",0.00372535622646527
"13445",0.00422857565106155
"13446",0.0103162591952521
"13447",0.00386519668532458
"13448",0.0265842189660997
"13449",0.131316384544018
"13476",0.00162245244065711
"13478",0.00715262229591268
"13480",0.00582716624905308
"13481",0.00218384724034172
"13482",0.0184655079046205
"13483",0.00347545219844592
"13486",0.00475874114166855
"13487",0.314400510204081
"13488",0.0104793988940351
"13489",0.0288645981480737
"13490",0.0860030293700539
"13491",0.302905834608487
"13492",0.00530694876409679
"13494",0.00199441617861782
"13495",0.00258023946967428
"13496",0.00844073620212999
"13497",0.00273796646836128
"13498",0.0153116374840272
"13505",0.462512702930492
"13506",0.192188148109087
"13508",0.00217169983403097
"13511",0.0177800141872202
"13516",0.143512232214213
"13518",0.00205806067816776
"13521",0.0111061469465851
"13524",0.399931614887577
"13527",0.00248051999091648
"13528",0.00917924629782352
"13537",0.0468700180678074
"13542",0.00234587541023618
"13543",0.00703969644253037
"13544",0.00709405116213152
"13548",0.00134538841102548
"13549",0.00543621381128508
"13555",0.0140138391514058
"13557",0.00283300567140038
"13559",0.00698596569391847
"13560",0.00366724337708925
"13587",0.271586593047145
"13589",0.00134105422093976
"13590",0.0513367603265926
"13591",0.0184642227115374
"13592",0.260410453947038
"13593",0.0500431082809425
"13595",0.00438674901438089
"13599",0.0426931196396748
"13601",0.0410366174193296
"13603",0.0935360460464743
"13605",0.0347836562850932
"13607",0.00601381745803944
"13608",0.197046542045054
"13609",0.00346339014400846
"13610",0.00826710659198935
"13611",0.0855922131621954
"13612",0.00423157312740066
"13614",0.0465134921656487
"13616",0.0104062011953758
"13617",0.0152710199515463
"13618",0.00339222204790317
"13619",0.00463884443691983
"13626",0.00373012809433664
"13631",0.00290679209062422
"13636",0.00818547502591746
"13637",0.0124249337435555
"13638",0.0028070542753727
"13639",0.0753310310926814
"13640",0.0211675677232328
"13641",0.00724288661420921
"13642",0.00792234674170713
"13643",0.00195718551669746
"13644",0.0074412921722169
"13645",0.0514648489530897
"13649",0.00701011258454966
"13650",0.0100322710560762
"13653",0.00943353166310799
"13654",0.0659350018498555
"13655",0.00730305182631232
"13656",0.010218173320331
"13660",0.00271719490427308
"13663",0.00156203167544977
"13664",0.00202261974748747
"13665",0.00161269476464446
"13666",0.00223882321094593
"13667",0.00285080125022393
"13669",0.00325748034665793
"13680",0.00442354173645752
"13681",0.0027109084095238
"13682",0.00213446439380909
"13684",0.00164186398825153
"13685",0.0230506653048803
"13688",0.00578542749469117
"13690",0.00108479523691899
"13709",0.0080864907081656
"13711",0.0536882807852469
"13712",0.00257163954565683
"13713",0.00483481652853334
"13714",0.0052744920570519
"13716",0.00465943810792571
"13717",0.0158326389193456
"13722",0.00420096021947874
"13723",0.00947607486882293
"13726",0.00338202832628571
"13728",0.00191541750851164
"13730",0.0545025227382663
"13731",0.00423870235704214
"13732",0.109709092203885
"13733",0.0107431431509113
"13796",0.0054684319126299
"13797",0.00470614802283733
"13799",0.212516204987709
"13800",0.00382465436314781
"13803",0.00580151314138191
"13804",0.00852211978081524
"13805",0.00763028497954595
"13806",0.0025
"13807",0.00516012121164837
"13808",0.0126094783109084
"13809",0.0140456039738341
"13813",0.0196665403974062
"13819",0.00621489710248045
"13821",0.00334519764884006
"13822",0.00346020761245675
"13823",0.00557294927268982
"13824",0.0131284315943087
"13829",0.00243598526408914
"13830",0.00543851863454025
"13831",0.0023938788983682
"13835",0.205419439622055
"13836",0.0264773488235157
"13837",0.00345517303476786
"13838",0.00544010345765049
"13839",0.0030091500096475
"13840",0.00432253943716771
"13841",0.00403124212648022
"13842",0.0278915044870356
"13844",0.00393827100528125
"13845",0.00408369336164495
"13846",0.00973104018496833
"13848",0.00242550413190237
"13849",0.0052796086742294
"13850",0.00338727843709308
"13852",0.00313917051124309
"13853",0.00194636678200692
"13854",0.0037719266902582
"13855",0.00128479448889797
"13857",0.00786766844472922
"13858",0.00176309730105104
"13859",0.00183742539038132
"13860",0.00299005811653533
"13861",0.146813004826857
"13864",0.00613661617200857
"13865",0.0025849771112067
"13866",0.0134961939798984
"13867",0.0127905328798186
"13869",0.0060306548941776
"13870",0.00343183555889569
"13871",0.0028432862344923
"13872",0.00222784
"13875",0.00467277454976419
"13876",0.0178872634483851
"13877",0.00372213340288998
"13885",0.00255581160854412
"13929",0.00188629023488894
"13972",0.0136233816636647
"13982",0.0334595225403469
"13983",0.321285225848924
"13990",0.00310975192427967
"13992",0.00191440929757142
"13996",0.0317407368885255
"13998",0.0127359651375317
"13999",0.152657390698075
"14000",0.00214263844771748
"14004",0.00571652606114601
"14007",0.00424510107183852
"14009",0.00761483857876931
"14011",0.00787974657976453
"14012",0.100213224167911
"14013",0.0141291636549357
"14017",0.0107365136165468
"14020",0.00213386194632303
"14025",0.00615034779987029
"14026",0.00205382526029878
"14027",0.0275317485952101
"14030",0.00260754739563709
"14038",0.129103962561521
"14042",0.00326530612244898
"14043",0.00217777777777778
"14048",0.00543367874946079
"14049",0.0752603962722218
"14050",0.00319431985097078
"14051",0.01031494140625
"14055",0.00204015429701292
"14056",0.00923710130963664
"14057",0.00225061993357242
"14062",0.00636537569365865
"14064",0.141239295955508
"14065",0.303435807639109
"14066",0.00340837609505099
"14067",0.778900867883376
"14069",0.00749820542430012
"14070",0.00810853305181824
"14071",0.338372070883089
"14073",0.00189035916824197
"14077",0.00312555465301144
"14081",0.00340945971584064
"14082",0.0272633856138453
"14083",0.00142445632731698
"14084",0.00152782982424474
"14085",0.00475947590788903
"14086",0.00291629308741846
"14087",0.0418076839049967
"14088",0.00460941859312593
"14089",0.16194231909201
"14102",0.0757351023815387
"14104",0.00185943356846805
"14105",0.00342653182629387
"14106",0.137564699854919
"14107",0.00905981192526015
"14109",0.00986277322416563
"14113",0.00460215651119921
"14114",0.00654394420923703
"14115",0.0114232943245079
"14118",0.0067258908107045
"14119",0.0236955879226229
"14121",0.215788804182868
"14123",0.00389713921592922
"14127",0.0150803609534247
"14128",0.0317501597712356
"14129",0.0145059063313959
"14130",0.0231926440362713
"14131",0.00983256470839402
"14132",0.00723477341788876
"14133",0.392741944024606
"14137",0.00210140050088663
"14148",0.00851585702776828
"14149",0.00715122562973936
"14151",0.00146130777434795
"14154",0.00181559961773117
"14155",0.00166748462620347
"14156",0.00681704952564199
"14158",0.00337329404794978
"14159",0.0200586972746013
"14160",0.0917202043600626
"14161",0.265970491673589
"14163",0.00394504898152781
"14164",0.00735376202917135
"14165",0.0113514215850781
"14166",0.00729502109747811
"14167",0.00267710204083294
"14168",0.00311006782840635
"14169",0.00296654958084376
"14172",0.0524319878648622
"14173",0.00756143667296787
"14176",0.0149866389736705
"14178",0.296610795606737
"14180",0.00836191387143387
"14181",0.148078316084603
"14182",0.0019017744348268
"14183",0.00373216537575017
"14184",0.00554981819796573
"14187",0.0870924283437067
"14190",0.0144822051962172
"14191",0.168038305518645
"14194",0.00212941998367698
"14198",0.0201649505251868
"14199",0.00473230384474873
"14200",0.00382512781455843
"14201",0.0558456598807517
"14202",0.0495984786152309
"14204",0.147508273773529
"14205",0.274033175433133
"14208",0.00206788881177556
"14211",0.00651083510185472
"14218",0.0021041999831664
"14219",0.0361026493630389
"14221",0.00381464343181781
"14225",0.00238615842701629
"14226",0.00351299415193873
"14227",0.00262167775000069
"14228",0.00281642531509583
"14229",0.0015663706580535
"14230",0.00898301097991814
"14231",0.0203185404962963
"14232",0.00298740941530363
"14234",0.256535672120088
"14235",0.0310833311782224
"14236",0.00303250952809791
"14238",0.0137538371432916
"14239",0.108427366907367
"14245",0.00339126945728357
"14247",0.00664043607684696
"14248",0.0029997512478132
"14251",0.00174987801023915
"14252",0.00160574677777523
"14254",0.0032032523246078
"14255",0.00781802334953244
"14256",0.0650870900136463
"14257",0.0123736143540311
"14260",0.00761099265182444
"14261",0.00842461734693878
"14263",0.0117692301665323
"14264",0.0265268113078525
"14265",0.00501794328094509
"14266",0.0031116664352816
"14268",0.00579192047324123
"14269",0.00281872695614223
"14270",0.00435883540756361
"14272",0.00330237107741562
"14275",1.14623625258244
"14276",0.137774850380229
"14281",0.0108495163976582
"14282",0.0196188080458011
"14284",0.00480038530312067
"14287",0.00836415887136686
"14296",0.00280381110507014
"14297",0.0115933606612235
"14299",0.00719609570470191
"14300",0.00394876669369938
"14302",0.0788185384459883
"14312",0.00225558192104907
"14313",0.0112024220661883
"14314",0.00197389341103955
"14319",0.00614510329660424
"14325",0.00607698824331196
"14339",0.00297378357841515
"14344",0.185131843007349
"14345",0.163808197466226
"14347",0.267903179881494
"14348",0.00365824931261026
"14349",0.0118147448015123
"14356",0.0050436488414171
"14357",0.00193163431502242
"14359",0.00171072465032281
"14360",0.00129556250040886
"14362",0.00784421186151176
"14365",0.00238367914842454
"14366",0.00708947427106149
"14367",0.0199280664430024
"14368",0.00660585671712747
"14369",0.00581524417672934
"14370",0.00733837840481197
"14371",0.0161454641740223
"14373",0.0135302838026172
"14375",0.00343994289694791
"14376",0.0033871377460133
"14381",0.00281821950690359
"14385",0.00357375692163763
"14387",0.00267508250123485
"14388",0.00416233090530697
"14389",0.00916080570532048
"14390",0.00275562279554191
"14391",0.0047870694369117
"14394",0.00427623772551515
"14395",0.00227763613640047
"14396",0.00925051061787066
"14397",0.00295201600202281
"14400",0.00349981025018943
"14401",0.00501359335931303
"14402",0.00328008681781037
"14403",0.00735469075468675
"14405",0.00458367720769097
"14406",0.00357133755615687
"14407",0.00645401000808339
"14408",0.22008840115836
"14409",0.263336032056932
"14411",0.0603993105429474
"14412",0.0145257994215407
"14415",0.00603261381845603
"14417",0.00577558185075937
"14419",0.1858235839245
"14420",0.006919773881142
"14421",0.00108481169149747
"14422",0.283681167008441
"14423",0.00221538732662704
"14425",0.0135498999393278
"14426",0.00731750465378996
"14427",0.167726619323219
"14428",0.107681207133059
"14430",0.00425106748160395
"14431",0.00662344505084583
"14432",0.00239239684179199
"14447",0.0893958300459268
"14450",0.00540657439446367
"14451",0.00751259096801858
"14453",0.00968187149912027
"14455",0.00834212026600359
"14456",0.00276798276470297
"14457",0.00222300684205863
"14461",0.0279121702453814
"14466",0.00266796906016429
"14467",0.00174168897454197
"14469",0.0106895477551449
"14470",0.00472340123700444
"14472",0.336504655154005
"14479",0.0035032837589214
"14489",0.0024342721302398
"14528",0.0139706799923591
"14533",0.00669992589828047
"14534",0.00292055713937133
"14536",0.0112056429733739
"14537",0.0127655702134799
"14538",0.00215031439477752
"14539",0.351907228042278
"14544",0.00237908204660285
"14545",0.0031446453818538
"14547",0.00257193265185739
"14548",0.00433670434265318
"14555",0.00206032138603184
"14559",83.7194630431884
"14560",0.00375940843420603
"14561",0.0027657144611396
"14563",0.111584686717149
"14566",0.0395841204187751
"14567",0.00313646680559626
"14569",0.00142998375820917
"14570",0.00553742306681173
"14571",0.00115307058533433
"14573",0.594048057337422
"14579",0.0207467806164508
"14580",0.0143738069079153
"14583",0.00422571619273508
"14584",0.0123604104459288
"14585",0.00322137494924472
"14586",0.00294321428645272
"14588",0.00312133125776768
"14590",0.00391905886832395
"14593",0.00165990791894242
"14594",0.0116697363719835
"14595",0.00588251769610056
"14598",0.0283625887990221
"14600",0.00835356688634524
"14601",0.2466226976735
"14605",0.010756625197911
"14608",0.00756649147112786
"14609",0.00225522753045309
"14611",0.111293734465227
"14612",0.0307364542008722
"14613",0.0746954200321885
"14615",0.0153352001627133
"14617",0.0171407516122412
"14618",0.0152060326057629
"14619",0.010475316427188
"14620",0.239319404407579
"14623",0.00615544979308277
"14628",0.00173224234103493
"14629",0.00201643137098924
"14630",0.0051000994620683
"14632",0.0482307138688689
"14633",0.0109819680176343
"14634",0.0106752909590898
"14635",0.0106449987402368
"14651",0.00255778454025186
"14652",0.106593206151984
"14654",0.376990456002324
"14657",0.173364874397205
"14658",0.00262144
"14660",0.00680486118196556
"14661",0.00417440687713635
"14663",0.140292244264308
"14664",0.00913328581974681
"14667",0.00323054972324315
"14670",0.00299369657607451
"14672",0.00266364331872651
"14673",0.00539546611298292
"14674",0.00594498336020466
"14675",0.102705161784961
"14676",0.0219215904971314
"14677",0.00353546798002553
"14678",0.00341541575307809
"14679",0.00202905608311014
"14680",0.00136224911599663
"14681",0.00184254356743546
"14682",0.00308540540102587
"14683",0.00122304943395751
"14687",0.00199679476411315
"14688",0.0012007859562672
"14693",0.00156367643239233
"14694",0.00897062197194572
"14696",0.00383687267518539
"14697",0.0015820039909566
"14700",0.00518437789765259
"14701",0.00463779437531393
"14702",0.00311148552181282
"14704",0.0019738776273446
"14705",0.00171003898576832
"14706",0.00698509079866549
"14707",0.00986725810882223
"14708",0.0062039197655494
"14709",0.202125796993918
"14710",0.0243461356258849
"14712",0.00132069472444066
"14718",0.00377092872922269
"14719",0.00356324539227398
"14723",0.0124061228829055
"14724",0.00418224305047545
"14725",0.0458338420683129
"14726",0.00493088157132933
"14728",0.308990497870695
"14729",0.0585191968771024
"14731",0.00266377117718583
"14732",0.00288623665637713
"14733",0.00190112531165068
"14734",0.0111318262452284
"14735",0.00941349226705436
"14738",0.00280276816608997
"14739",0.018899185690846
"14744",0.214231423686715
"14745",0.0111544824360278
"14747",0.0120174619966595
"14748",0.0262781163434903
"14751",0.00139149336467624
"14755",0.00282570536103086
"14756",0.00238662955038884
"14758",0.00276303390723384
"14760",0.00498767137193282
"14761",0.00236452676951267
"14763",0.00256055410284207
"14764",0.324672689345054
"14765",0.155536257432154
"14766",0.00411641475448352
"14768",0.00187015088431708
"14772",0.016639690847435
"14773",0.00693116000091573
"14775",0.00843001900486474
"14777",0.266315934740713
"14778",0.0920309294389723
"14782",0.00367559010284876
"14783",0.00488887388539878
"14784",0.00170893402132683
"14786",0.109663660534714
"14787",0.0106732632882055
"14788",0.00126850384433383
"14789",0.00859096725991293
"14790",0.0055129031663873
"14791",0.00405964577553596
"14792",0.0042581452661034
"14793",0.0457713110207101
"14794",0.0256320061885491
"14797",0.00218782518210198
"14799",0.00271338496341181
"14800",0.0040476473196187
"14802",0.00403627017978208
"14803",0.001428183380539
"14804",0.00540459957048435
"14805",0.00687163797004651
"14806",0.00164177629683945
"14807",0.00517540761405526
"14809",0.00427364160938651
"14810",0.00420382532440449
"14811",0.00345268133385274
"14812",0.00519902887397892
"14813",0.00649090298642582
"14814",0.012164349592687
"14815",0.00150845252427103
"14816",0.00613312214937653
"14823",0.0182639674911958
"14824",0.00230494552168903
"14825",0.5030329671108
"14827",0.00406198601714461
"14828",0.00878514571825759
"14829",0.0297265160523187
"14840",0.350980670816176
"14841",0.10663956148851
"14842",0.344181926409862
"14843",0.26835486723067
"14852",0.00213497344114659
"14853",0.00905694261815457
"14854",0.00596399619151958
"14859",0.0891411317242421
"14860",0.00178786177501256
"14862",0.00660779479844932
"14863",0.0683742277428469
"14865",0.0120032061388375
"14866",0.00703690393297545
"14867",0.00876414667270258
"14869",0.0515441433008261
"14870",0.00222955117994718
"14871",0.0107343873296628
"14872",0.0439560262137756
"14873",0.00317094041440867
"14874",0.00320867983267385
"14884",0.00158576135929553
"14885",0.00390062080201117
"14886",0.00177285318559557
"14894",0.00333787333822365
"14897",0.00270272797837818
"14904",0.002649794474743
"14910",0.0286367262792474
"14911",0.00299942749391052
"14912",0.0176775744388661
"14913",0.327336898648536
"14917",0.170960147590088
"14919",0.0123428365144532
"14923",0.00939543922735054
"14924",0.00319517524906968
"14933",0.00145735717842086
"14934",0.341241054798549
"14936",0.0037100656082608
"14950",0.00186018947215268
"14955",0.465187861352264
"14957",0.00802263460183771
"14958",0.00217882453468542
"14960",0.0646579129927705
"14961",0.059336537096108
"14962",0.149567770934804
"14964",0.00486829602527145
"14969",0.0713036935852026
"14972",0.00402151880049858
"14976",0.00365724521735885
"14977",0.00117316081367692
"14979",0.00384009962935004
"14991",0.0252256874864723
"14998",0.00541725431202624
"14999",0.0522936875843861
"15000",0.288829469387755
"15001",0.195242284175367
"15002",0.100684171597633
"15013",0.347718561942588
"15015",0.0303286230653971
"15018",0.226679984624166
"15024",0.129699382102497
"15039",0.00686166764266821
"15040",0.00743593782818735
"15042",0.0118480324540124
"15064",0.00902745072524951
"15078",0.00238572222468597
"15081",0.00227266364672395
"15107",0.0049084430176277
"15108",0.00538695987097128
"15114",0.0026435211398157
"15115",0.00214125954461993
"15116",0.0172522456522221
"15117",0.146547476293174
"15118",0.0190079418829532
"15122",0.009764437007255
"15129",0.170012141389059
"15139",0.380577480471572
"15159",0.00500608983385428
"15160",0.058947700398624
"15161",0.00196877329941669
"15162",0.0178832355027759
"15163",0.0114027083657879
"15165",0.00649544552520545
"15166",0.0045744466139059
"15168",0.00805040353698042
"15170",0.0117795324017795
"15182",0.00192935225115671
"15183",0.00150714415000475
"15184",0.007082190416619
"15185",0.00201868667570416
"15186",0.0361183852013245
"15191",0.00103723411151823
"15193",0.00449414682988811
"15194",0.00281434471501242
"15199",0.00439574463620424
"15200",0.0104940293037626
"15201",0.0138172615644472
"15203",0.00913510554516576
"15204",0.00239062938332875
"15205",0.0131502575000988
"15208",0.00964475294099474
"15211",0.0025641051647204
"15212",0.002731244160501
"15213",0.00248305727771638
"15214",0.0197007343451471
"15216",0.0100841089718154
"15220",0.00888236508044231
"15223",0.0360746898560761
"15227",0.0530091471511819
"15228",0.00804685829249636
"15229",0.0591190872319189
"15234",0.0264377141020652
"15239",0.00248645694750355
"15242",0.042077580539119
"15245",0.00824394839590366
"15247",0.00185443030586427
"15248",0.0234354519128182
"15251",0.00242866576868187
"15254",0.00919933151849789
"15257",0.00264319582877376
"15258",0.0112336719377412
"15259",0.00218889727048714
"15260",0.00215972814733473
"15267",0.00964604591836735
"15270",0.00387082488388618
"15273",0.00283406191569946
"15275",0.00307028163823482
"15277",0.00578922495274102
"15278",0.00342971258916331
"15284",0.103929288111281
"15288",0.00504341912783483
"15289",0.00155091350406007
"15312",0.00311403858418367
"15331",0.00373071087293388
"15353",0.0047252498394495
"15354",0.0104543100929332
"15356",0.0046097646103667
"15357",0.00201187584420656
"15360",0.00817293108882355
"15361",0.00344742163682955
"15365",0.0437242787369183
"15366",0.0529671201426887
"15368",0.00756703994529511
"15369",0.0015500031000062
"15370",0.0117776615673617
"15374",0.0024867290867859
"15379",0.0852891442713179
"15381",0.00367309458218549
"15382",0.00190361649938084
"15384",0.00178406568319036
"15387",0.00267347164062542
"15388",0.00183168813325433
"15439",0.178282103656193
"15441",0.00155456621743018
"15442",0.0795398677571249
"15446",0.0079101549562036
"15450",0.140040004888555
"15451",0.100103583037211
"15452",0.00180120228522938
"15458",0.190374157574657
"15460",0.00439434548412261
"15461",0.00441014721331074
"15463",0.0028288661270339
"15464",0.336335973607974
"15465",0.00925591892902273
"15466",0.01654790949484
"15467",0.0023407707901026
"15468",0.00161750924244316
"15469",0.00268582941243579
"15473",0.010917024553872
"15476",0.00567506497227772
"15478",0.0655912968123374
"15482",0.00775129361862102
"15483",0.00783967364199564
"15485",0.196366897529886
"15488",0.00176896016746209
"15490",0.00474603753532229
"15494",0.215221684789175
"15499",0.00414388052628995
"15500",0.00348286242104856
"15502",0.00303700960006116
"15504",0.0318521030912971
"15505",0.0111587254613917
"15507",0.0134403379813398
"15510",0.00262493363892527
"15511",0.0152511707431877
"15512",0.00359696598235969
"15516",0.00505578501862253
"15519",0.006894205646656
"15525",0.00301383892974619
"15526",0.00195210404280747
"15528",0.00529873697063064
"15529",0.00251675037191978
"15530",0.014645624568948
"15531",0.00431600411280883
"15547",0.00333584799215275
"15550",0.00754721360591151
"15551",0.0328459686023472
"15552",0.205041367675744
"15557",0.0566793425196462
"15558",0.00509770511155835
"15559",0.0278577220038769
"15560",0.0800996796012816
"15561",0.0073158932206447
"15562",0.00280801168576441
"15563",0.00940769991812395
"15564",0.0671614018666997
"15565",0.0264925683842885
"15566",0.0173557280253371
"15567",0.435285131113101
"15568",0.00380025329223435
"15569",0.00592248693816276
"15571",0.00163361136395672
"15572",0.00939010968133184
"15574",0.00773929692809064
"15586",0.00796861134871994
"15587",0.00657115651612233
"15891",0.495086732406904
"15893",0.00189035916824197
"15894",0.0399241150517947
"15896",0.0309431651207052
"15898",0.0034783041130244
"15900",0.0100818550474267
"15901",0.00373858680640656
"15902",0.00298867713497184
"15903",0.00897689160115958
"15904",0.00483885960141305
"15925",0.00169308648578056
"15926",0.00151028251582966
"15929",0.00163422363060208
"15930",0.385084967443261
"15931",0.00491423505758793
"15932",0.00510204081632653
"15936",0.0246212444305213
"15937",0.0156263498628533
"15939",0.00484168418972159
"15944",0.00741133518837713
"15945",0.164105321445481
"15950",0.0301538531775018
"15951",0.16156325403068
"15953",0.0488642659279778
"15957",0.0171068080408043
"15958",0.00508622009002063
"15959",0.019917942107548
"15975",0.00156413935600615
"15976",0.00368300846318969
"15979",0.0060675418701223
"15980",0.00342749820345224
"15982",0.00307113490706595
"15983",0.0130123038654018
"15985",0.11091009602588
"16000",0.0118766476889162
"16001",0.00208703579638571
"16002",0.0134597605527445
"16004",0.0045495104259729
"16007",0.0351255391475671
"16008",0.0165623435469173
"16009",0.011725768967327
"16010",0.00374251579660222
"16011",0.00260111039078166
"16012",0.0125366058520027
"16019",0.235286010244848
"16068",0.0252308753715487
"16145",0.0183497491243291
"16147",0.4381922144557
"16149",0.0294179454143407
"16150",0.00306824891168995
"16151",0.00197637970533748
"16154",0.0111246550384866
"16155",0.00549699305449212
"16156",0.216970798531055
"16157",0.0105006745776674
"16158",0.059598402172822
"16159",0.139070105603493
"16161",0.16908622816504
"16162",0.00319834996433579
"16164",0.00782995955814724
"16165",0.141822497982596
"16168",0.0377704803406211
"16169",0.012455071137935
"16170",0.0022939041203113
"16172",0.00755449934816365
"16173",0.00406637261079605
"16174",0.371890454741589
"16175",0.0935427947044654
"16176",0.203349291859227
"16177",0.00380579342669181
"16178",0.196241461335274
"16179",0.00273311115516443
"16180",0.00372159777595157
"16185",0.197808978720222
"16186",0.0676423607026379
"16188",0.0546089486952434
"16190",0.0097577842864972
"16194",0.0116605962120164
"16195",0.00177378843393482
"16197",0.186992417808173
"16201",0.00237817099065881
"16202",0.00281802224137244
"16205",0.0403940338306226
"16206",0.00758125045202386
"16210",0.00171158411271908
"16211",0.00208449030523861
"16319",0.00916212506973555
"16322",0.0108993382556734
"16323",0.00752406795456054
"16324",0.010045168518111
"16328",0.00354411394132902
"16329",0.00262071895623688
"16330",0.00198039418024962
"16331",0.00571049100302244
"16332",0.00249696632650042
"16337",0.00141118145393525
"16341",0.0016546570041733
"16348",0.00518996331003564
"16351",0.00312355435735275
"16353",0.0116387446561484
"16362",0.00620474401206773
"16363",0.00432678687842583
"16364",0.283901330007395
"16367",0.00208813063182609
"16369",0.214356602650924
"16371",0.0778205867043426
"16372",0.308010805790124
"16373",0.215742482606229
"16391",0.00837802126450775
"16396",0.00193141426436267
"16398",0.0678018124477252
"16399",0.0389358424729807
"16400",0.00874389042782395
"16401",0.0116544120908214
"16402",0.0605028098220074
"16403",0.00314331108596462
"16404",0.00444444444444444
"16407",0.161835298389508
"16408",0.122793062096252
"16409",0.00424939290057628
"16410",0.00229247076032373
"16411",0.12956960065688
"16412",0.00181646016530512
"16413",0.00372748921697553
"16414",0.00647291692615981
"16416",0.0121188013022658
"16418",0.0034415606982529
"16419",0.00370666089965398
"16421",0.0916276987476426
"16423",0.00369703288456912
"16425",0.0242734178562801
"16426",0.017287967394262
"16428",0.0541804355417226
"16430",0.00332797210446357
"16431",0.00760948380657824
"16432",0.00126145920392293
"16434",0.00611548661659247
"16438",0.00369269343081386
"16439",0.00574729802506526
"16440",0.0104096772314891
"16443",0.00209786347402153
"16449",0.002279979253486
"16450",0.00306229776853038
"16451",0.00398053518295535
"16452",0.00239115277548865
"16453",0.02009639163107
"16456",0.00590149554844086
"16467",0.00134916991230813
"16468",0.00230528377674261
"16469",0.00405409007011949
"16470",0.081172247350563
"16475",0.0218031990707447
"16476",0.00311491931724259
"16477",0.00470497399242775
"16478",0.0056962611666496
"16480",0.00397539473725331
"16485",0.00390520687296012
"16490",0.00225166094742727
"16491",0.0057617553594457
"16492",0.00235885976293766
"16493",0.0226019808797886
"16494",0.00336009031553369
"16497",0.00506271887565718
"16498",0.00281267456872464
"16499",0.00495153928476269
"16500",0.0016530798269013
"16502",0.00294398130731369
"16504",0.00415646452467081
"16506",0.0180352081359841
"16508",0.00186584522178409
"16510",0.00157322957473581
"16511",0.00672143105481665
"16512",0.00503249947661679
"16513",0.00680695069747986
"16514",0.00178322189205574
"16515",0.0190431463754351
"16517",0.0108965069096372
"16518",0.00681406462391352
"16519",0.00198622308825352
"16520",0.00642887643562724
"16521",0.0789961590114907
"16522",0.00392345939248902
"16523",0.0156315233273478
"16524",0.00260688078202167
"16525",0.00262918163393113
"16526",0.00393326721056834
"16527",0.01048104199054
"16528",0.00668992553791053
"16529",0.118349840417238
"16530",0.291374045057177
"16531",0.00310178651924609
"16532",0.0123389821429205
"16533",0.146337204309972
"16534",0.388667333490705
"16535",0.084449319908351
"16536",0.00174896739035639
"16538",0.00709568017886907
"16539",0.00258015197374028
"16541",0.245834741249799
"16542",0.00750097032023048
"16543",0.0196345831428136
"16548",0.00784257978402555
"16549",0.00371956682772879
"16551",0.0167970411447006
"16553",0.00495244191391764
"16554",0.00899781077679057
"16558",0.00705986530688163
"16559",0.00593790854501446
"16560",0.00343598017678644
"16561",0.00234903695355051
"16562",0.00714703145285136
"16563",0.00246322613798199
"16564",0.00381487889273356
"16565",0.00534320236647815
"16568",0.00821220074149792
"16569",0.00292871972318339
"16570",0.00136121862151801
"16571",0.0235244564272103
"16573",0.00231934849027572
"16576",0.0164568845868101
"16578",0.0291502978956784
"16579",0.0054331749663445
"16580",0.0418388429752066
"16581",0.0071217403221154
"16582",0.00454416154174269
"16588",0.0116228436094011
"16589",0.00236928411630562
"16590",0.0184528801834377
"16591",0.0488410648189099
"16592",0.00514049482374559
"16593",0.00227496923216234
"16594",0.0017182950301828
"16596",0.231941215966242
"16597",0.0014792899408284
"16598",0.0110399914273982
"16599",0.0029243230313625
"16600",0.0162387245448996
"16601",0.00183338747880562
"16619",0.254109816502232
"16621",0.401852501834036
"16625",0.175275741740004
"16633",0.127283175186205
"16643",0.420192679070809
"16646",0.00398246771609011
"16647",0.00329625671840421
"16648",0.00388555467216402
"16649",0.00516895211243539
"16650",0.00142399430402278
"16651",0.0114491849618533
"16653",0.00220561849669156
"16656",0.00469930151487501
"16658",0.00550937675543501
"16661",0.00852697709727592
"16668",0.869878116062338
"16678",0.0319107230127762
"16681",0.0328619086340985
"16691",0.714810369886622
"16706",0.0029769686154895
"16709",0.00211748043506325
"16716",0.00890076030118161
"16728",0.00476670619422341
"16763",0.0298453032109375
"16764",0.00351615576568387
"16765",0.00274035894253971
"16768",0.0260177070288845
"16772",0.0125904448846851
"16773",0.0051471795517769
"16774",0.0102672077667056
"16775",0.00775807634090262
"16776",0.00585467070911497
"16777",0.00484429742590267
"16779",0.00523389727175735
"16780",0.0366080178384781
"16782",0.0461104941971875
"16783",0.00150220050284565
"16784",0.00175528694641278
"16785",0.0122942387390604
"16790",0.0424894304231531
"16792",0.00513432406791279
"16795",0.00134738810594222
"16796",0.00345233187217949
"16797",0.499933575793539
"16798",0.00142933897420601
"16800",0.00260341514771575
"16801",0.00448504485810398
"16803",0.146539997133556
"16816",0.0058301597966765
"16818",0.0427957533942068
"16819",0.173181420744478
"16822",0.0218635400686683
"16825",0.00156023877524042
"16826",0.0343999202668715
"16828",0.00241813917276776
"16832",0.00178494448519085
"16834",0.0033344542563597
"16835",0.00436705012138695
"16840",0.0505015426069635
"16842",0.0161862155472126
"16847",0.0242752738851716
"16848",0.00942280422261515
"16852",0.00753901098440127
"16854",0.0691264245012184
"16855",0.0909938875549158
"16859",0.00961168781237985
"16865",0.00302809502473686
"16866",0.267261681242512
"16867",0.323193988534448
"16869",0.156769318883015
"16870",0.00407170767261418
"16873",0.325265364041985
"16874",0.0125403293911289
"16876",0.00618970729511211
"16878",0.102092912701498
"16880",0.00188669532731942
"16881",0.0175782024724181
"16882",0.00335546812819182
"16885",0.00309614005836754
"16886",0.00207170609190446
"16889",0.00345738564089071
"16890",0.00928702863905325
"16891",0.0288011207358772
"16897",0.0039893459822468
"16898",0.0108558930044103
"16904",0.027607100591716
"16905",0.00417276467608903
"16906",0.00707650699192062
"16907",0.00398096172509758
"16909",0.00507483091072682
"16911",0.00253537096026668
"16912",0.041093235443746
"16913",0.0155755146787355
"16918",0.00299622789697428
"16922",0.00276825587094483
"16923",0.00564948720421123
"16924",0.00894590364271848
"16939",0.0265018807791991
"16948",0.0800069424795319
"16949",0.0254153272427393
"16950",0.011034833203229
"16952",0.0998919707184877
"16956",0.0077234380633935
"16969",0.00316791609252363
"16970",0.0601835924614737
"16971",0.00291042955886299
"16973",0.00590961236642425
"16974",0.00210048354722856
"16975",0.00164744539155265
"16976",0.00159326714112377
"16977",0.107590616617805
"16978",0.0035008677525843
"16979",0.00324790510826692
"16980",0.00553947196243176
"16981",0.00255207579903046
"16985",0.0280540670356532
"16987",0.00477692799153458
"16988",0.0422123251594647
"16993",0.00309313848797614
"16994",0.204599857597008
"16997",0.103768476216071
"16998",0.00790931353932442
"17000",0.0102981732363708
"17001",0.0310017898148638
"17005",0.00634736142977901
"17022",0.00907181849963129
"17025",0.00300292917659125
"17035",0.00592704022039234
"17060",0.0152167981179746
"17064",0.00786982099811302
"17067",0.0092778624409352
"17069",0.00219372768432897
"17075",0.213640382499829
"17076",0.0269045048133823
"17079",0.0313713439081827
"17082",0.142653567313814
"17083",0.0109238601300288
"17084",0.0145724091132946
"17085",0.173611111111111
"17087",0.040349788825558
"17089",0.00574677930498951
"17095",0.0275551111182794
"17096",0.00511079843019169
"17101",0.0024507401235173
"17105",0.0126770919067215
"17112",0.00902696886234998
"17113",0.00212709171111722
"17116",0.0342472367424792
"17117",0.00467697732395328
"17118",0.00510568101418899
"17119",0.00419811154032354
"17120",0.00422411466012322
"17121",0.0484166863995349
"17122",0.00726765878367873
"17125",0.00291536098175834
"17126",0.00232746498436408
"17127",0.00484412912104006
"17128",0.0020348540000502
"17129",0.00380588464186384
"17130",0.0313129773577876
"17131",0.00398781201895459
"17132",0.00831709815612293
"17133",0.0614802763005274
"17134",0.00286100594916171
"17135",0.00960556734271551
"17136",0.00855413974052093
"17147",0.540156946587792
"17149",0.00558907672837458
"17150",0.0374229210345376
"17151",0.00295941442576219
"17152",0.100120070851194
"17153",0.0122593350753284
"17155",0.00784238013910547
"17156",0.00174774331383318
"17158",0.00411558455170624
"17159",0.00227269989253413
"17160",0.00282133823960414
"17161",0.00265080586846263
"17164",0.0028184403763741
"17165",0.00288787488144259
"17168",0.00345242224511189
"17169",0.00125234906957612
"17171",0.00341906961002004
"17172",0.018045380491474
"17173",0.467632481409854
"17174",0.00720815122909869
"17175",0.314804634523346
"17178",0.249416229037471
"17179",0.00219391996027771
"17180",0.137154879948753
"17181",0.00359843170525256
"17183",0.00934063155273897
"17184",0.00421250924556213
"17187",0.00257809125692733
"17188",0.00474440867064961
"17189",0.271925532817382
"17190",0.0016505825476239
"17191",0.00162863854717421
"17192",0.00369126892915089
"17193",0.00513998048557499
"17196",0.015625
"17202",0.0120393917290542
"17203",0.0503676941903152
"17207",0.00148276530657755
"17210",0.00123983336639556
"17215",0.0101272173526579
"17216",0.0116027551999104
"17217",0.00518209951426295
"17218",0.0075993210613788
"17219",0.00532299937402118
"17220",0.00414585459923692
"17221",0.0189687487561776
"17222",0.00185057720502665
"17227",0.632511119639213
"17228",0.500706077545346
"17229",0.469732587612791
"17237",0.00108285512802088
"17240",0.135436128888924
"17242",0.00950008011536613
"17245",0.0152456483318082
"17246",0.00123114804555248
"17248",0.00181557456538883
"17250",0.00429042850951588
"17252",0.00170434018284614
"17254",0.00128870422862345
"17256",0.00366897560905027
"17257",0.0028560504620878
"17258",0.00425797711633589
"17259",0.437896869604681
"17260",0.00630123054977305
"17261",0.00178271604938272
"17263",0.0223036592704675
"17268",0.115386014610986
"17274",0.00297260135196523
"17279",0.105535862013585
"17281",0.00704023139626134
"17283",0.00241015421974558
"17285",0.0443011049808448
"17289",0.00564343461100081
"17292",0.539614314772621
"17293",0.0790821021242818
"17294",0.00524645726807889
"17295",0.0678974693877551
"17299",0.00559490036903296
"17300",0.0114674027620677
"17304",0.00384893859092612
"17305",0.0158613553701388
"17306",0.00947714713056622
"17308",0.00257981883103693
"17309",0.00121123378965445
"17311",0.00211878535597478
"17312",0.0937830403759065
"17313",0.0212067475137137
"17314",0.0821657084553616
"17318",0.00844664803326396
"17319",0.00199389754612432
"17330",0.00212981543983247
"17342",0.00676216886907532
"17344",0.00215642285398919
"17345",0.0102547668642846
"17346",0.00346020761245675
"17347",0.00420271076874573
"17349",0.176719875065587
"17350",0.0054436475391676
"17354",0.00345129759268939
"17355",0.00341109244243147
"17356",0.0040829241903051
"17357",0.00469175955935544
"17380",0.0132400580472933
"17385",0.0404463895299021
"17387",0.00322372500416818
"17388",0.00389308657212163
"17389",0.00354728228109708
"17390",0.0173295987713801
"17391",0.00249859346432527
"17395",0.0330078370990778
"17420",0.00482353823395074
"17423",0.00430189951204739
"17425",0.00284426255424294
"17427",0.0268681581523674
"17428",0.0038262241662193
"17433",0.0243813129305019
"17434",0.0034637734580143
"17436",0.00292133461602883
"17441",0.00954917293552186
"17444",0.429714589796912
"17448",0.00223509775696174
"17449",0.00244848449535927
"17450",0.37165786793062
"17454",0.0116246492114915
"17463",0.00181898718615796
"17470",0.00444907769348559
"17472",0.0208553408197124
"17475",0.0042875792497792
"17476",0.002677121399071
"17523",0.193956779240852
"17524",0.00477665400066925
"17527",0.00250933318694892
"17532",0.00138234597047638
"17533",0.00741980423315
"17534",0.0108651449575553
"17535",0.00472249051009636
"17536",0.0263182815899702
"17537",0.00324872222227398
"17540",0.0199879610100884
"17681",0.032126152028977
"17684",0.00843890576670042
"17685",0.004225
"17686",0.00162123317921863
"17687",0.151740961546313
"17688",0.00481811765842158
"17690",0.00527604326417742
"17691",0.00576600632765381
"17692",0.00307369038778643
"17698",0.00341056686403049
"17700",0.192234445720673
"17701",0.0250081124932396
"17702",0.0669229294823055
"17713",0.0034377358334273
"17714",0.00192066375258467
"17748",0.0124023104931411
"17749",0.00777368273556342
"17750",0.0193247400912948
"17751",0.00768265843110098
"17755",0.00718487893310604
"17758",0.00221442499463881
"17760",0.00142399430402278
"17761",0.00289647005527143
"17762",0.00223840906463175
"17763",0.0328821736492563
"17764",0.00195428688280785
"17765",0.00535176195915077
"17766",0.0278974933143726
"17768",0.0118227335846062
"17769",0.00297904002281595
"17771",0.350990419753086
"17772",0.00668408364044169
"17775",0.00285580595961835
"17776",0.00447567135980027
"17777",0.00473326826988836
"17826",0.00485766758494031
"17827",0.00401894447102599
"17828",0.00371643455632131
"17829",0.170512372809394
"17846",0.0068594979110994
"17847",0.00220840615903255
"17850",0.00162154857889284
"17855",0.00569627700831025
"17858",0.0828316478286734
"17859",0.00286624087391099
"17863",0.219335947146105
"17864",0.0114668699539231
"17865",0.0948186058141991
"17868",0.0963539605091168
"17869",0.00975323441138554
"17872",0.00290006630575977
"17873",0.00879016217848784
"17874",0.0102689423265222
"17876",0.00422914001924516
"17879",0.270243799388458
"17880",0.0125722616464884
"17883",0.130751070050097
"17884",0.172535606630523
"17885",0.039826864777783
"17886",0.00293354842021982
"17888",0.715171647019641
"17896",0.019455730493079
"17901",0.166530930584251
"17904",0.00420574069215909
"17906",0.149981477747358
"17907",0.124034413400625
"17909",0.0035068092104084
"17910",0.410728076546386
"17912",0.00337109388846536
"17913",0.00463712265630922
"17916",0.0147682751202424
"17918",0.00227076296958534
"17919",0.00298242904203972
"17920",0.00657699856780722
"17921",0.00634018724393815
"17925",0.00258927872190461
"17926",0.0221130289216504
"17927",0.179978172276502
"17929",0.0431449805298073
"17930",0.234657890036708
"17931",0.00360430235993885
"17932",0.00364014441954594
"17933",0.00333443481214556
"17936",0.00557180880932594
"17937",0.00303497072605699
"17938",0.00334961922066974
"17939",0.00425992034383643
"17940",0.288739002427644
"17948",0.0274670194233759
"17951",0.0664480822922048
"17952",0.142285712991193
"17954",0.00520766543479598
"17955",0.00116708623766228
"17957",0.00266856583194502
"17960",0.0136622793569005
"17961",0.0501190584856329
"17965",0.00353021963790633
"17966",0.00170595700890933
"17967",0.00229539642608127
"17968",0.00128100184456195
"17969",0.00837122681879257
"17970",0.0125919235475788
"17972",0.0489649284504017
"17973",0.00346275328653837
"17974",0.00151365933426336
"17975",0.00342497749116926
"17977",0.00283197281953091
"17978",0.00175801765928739
"17979",0.00313567630893114
"17984",0.00190404172329563
"17986",0.01449113901305
"17988",0.00686356288469242
"17991",0.00643672876248963
"17992",0.00737336659149823
"17993",0.00422132848159852
"17995",0.00323066120970797
"17996",0.0197350664671239
"17997",0.0093039918109839
"17999",0.00215845531993419
"18000",0.00198331393728794
"18002",0.00500976767881098
"18003",0.00467941478318898
"18004",0.0025191774281413
"18005",0.0482012256595807
"18007",0.00133301666923304
"18008",0.0053346745303403
"18010",0.00381445862560931
"18011",0.00883011227735818
"18012",0.00758681107675605
"18013",0.0037920441585469
"18015",0.00285371728081996
"18016",0.00266111004738604
"18018",0.00869003160011491
"18019",0.00751715660245897
"18020",0.0141090984050091
"18021",0.0048104752267313
"18023",0.00144679890097482
"18024",0.00269125123522356
"18025",0.0141046486875489
"18027",0.00444583257419141
"18028",0.00271814633925882
"18029",0.00374190136613802
"18030",0.00860460664071895
"18032",0.00390899459854524
"18033",0.00457052172188058
"18034",0.0132147104623789
"18035",0.00809568232064392
"18036",0.00362233618315135
"18037",0.011567817224342
"18038",0.00936066887093498
"18039",0.00116300424555357
"18040",0.00988604081632653
"18041",0.00186958175745357
"18044",0.00855058106189099
"18045",0.00162440224418758
"18046",0.00339908211931806
"18049",0.00857966700335159
"18053",0.0591410690831227
"18071",0.0287518945007681
"18072",0.0199059654202629
"18073",0.0158927092193912
"18074",0.0158372136718779
"18080",0.00262155491621641
"18081",0.00843662579096308
"18082",0.00194983279524697
"18087",0.00418612693633267
"18088",0.0199277917849807
"18095",0.0851221761614146
"18099",0.00294383237504912
"18100",0.00474226822886956
"18101",0.0198433654331342
"18102",0.00239558677797901
"18103",0.00729193147227498
"18104",0.0103539550630963
"18105",0.00365053792716359
"18106",0.367973220374987
"18107",0.00131436696892215
"18108",0.00168009316072129
"18109",0.00989621764236284
"18111",0.00599581027359481
"18113",0.182380567330069
"18114",0.00162993472445475
"18115",0.00185128450817274
"18117",0.00201710393224477
"18119",0.064800072984419
"18120",0.00251934228768206
"18121",0.0332558020024086
"18124",0.0073045547350758
"18125",0.00603042081855832
"18126",0.125860471349551
"18127",0.0101154312278125
"18128",0.00506728219695593
"18129",0.00346638379616772
"18130",0.00301691853640163
"18131",0.00917501470883845
"18132",0.00749278282473833
"18133",0.103107474881607
"18139",0.0018748007227123
"18140",0.0221707231938591
"18141",0.00169914134957373
"18142",0.00571778340060611
"18143",0.00714464003913628
"18145",0.0023077662437524
"18146",0.00140448501743149
"18148",0.00156758665874982
"18150",0.0153710390946039
"18155",0.00767380684499128
"18159",0.039594507086169
"18160",0.0137187222943995
"18162",0.0293584990012137
"18163",0.00408428175853514
"18164",0.00352177593534179
"18166",0.00316908003127601
"18167",0.00610486678236484
"18168",0.00650534802472454
"18173",0.0173219562955255
"18174",0.0025846953216692
"18175",0.127249028388188
"18176",0.00217348235914318
"18181",0.00202786444837846
"18183",0.00279355827809537
"18185",0.0403354283013253
"18186",0.00394264401366781
"18187",0.00291918369551401
"18188",0.0563863938882115
"18189",0.00156255566013208
"18190",0.00153103318131241
"18191",0.0040668922326013
"18193",0.0011818901663382
"18194",0.00284506122645476
"18195",0.00544609731882324
"18196",0.00126304016313319
"18197",0.00220437565559612
"18198",0.197124296714064
"18201",0.00499832242478008
"18203",0.00577955610273247
"18205",0.00833554699235245
"18207",0.0418007247458602
"18208",0.00473100311814926
"18209",0.0066364162733932
"18212",0.00179557399825956
"18213",0.00315091999083683
"18214",0.00783107966923214
"18216",0.05419229659961
"18217",0.0046480765636619
"18218",0.00444089810950128
"18220",0.00211432344738542
"18221",0.00119500536443072
"18222",0.00259278302047218
"18223",0.00162129635621926
"18226",0.00326351273727206
"18227",0.0084179525636934
"18230",0.0097959754096146
"18231",0.00475008690972786
"18232",0.145533277307801
"18242",0.00159201147750451
"18245",0.00842483564321798
"18247",0.00209102474824233
"18260",0.00264678818457212
"18263",0.0012712464256702
"18286",0.00195523197043772
"18292",0.0129087436597766
"18293",0.00219228728959848
"18294",0.00797660823727891
"18295",0.00586908722804759
"18301",0.0156974143909488
"18302",0.304768899615124
"18377",0.00138453217955652
"18378",0.122777494531107
"18383",0.101740924067192
"18386",0.00790806704606986
"18387",0.12166567452022
"18389",0.0023060914203521
"18390",0.0431776016191601
"18391",0.00581532241827469
"18392",0.0820716822412554
"18393",0.00133365621966581
"18399",0.0283904908756695
"18400",0.152963163662813
"18408",0.00328513748986704
"18412",0.00192115274163176
"18414",0.0100764688430298
"18415",0.00495769516738451
"18416",0.24303516853346
"18417",0.00927259080076404
"18423",0.0347766032470467
"18424",0.272706321943665
"18426",0.133463706458235
"18430",0.0270859549318855
"18431",0.172365847148019
"18432",0.00538791496266865
"18436",0.0915378644664809
"18438",0.00677479201994666
"18439",0.00553853077170454
"18440",0.015722732365364
"18441",0.0150463118276239
"18442",0.0498947159040476
"18451",0.00307312646702663
"18452",0.0101124273215968
"18453",0.00202720536443999
"18457",0.00322830578512397
"18458",0.00371773278902327
"18472",0.00191397942707487
"18475",0.0018058357937295
"18476",0.00612326373236604
"18477",0.00459899279603325
"18479",0.00239864438927342
"18481",0.00411238711376533
"18483",0.00464421941721762
"18484",0.00216302757446055
"18488",0.00378990016674536
"18491",0.0119737838308566
"18507",0.42318201335512
"18508",0.0126232052787312
"18514",0.00408028929835163
"18515",0.00276730375507356
"18516",0.0292858950471939
"18518",0.00395620575729624
"18519",0.00414175080874424
"18521",0.00415986835194846
"18526",0.00310430804938314
"18530",0.00429538738152387
"18536",0.00183695897994675
"18537",0.00139201888287111
"18538",0.00230366183539472
"18541",0.00453645948786699
"18542",0.0387142061042524
"18546",0.00641359738595478
"18548",0.0114347377777778
"18549",0.00351233806657963
"18550",0.00472930461152437
"18551",0.0610180804557157
"18552",0.00402904914834781
"18553",0.0045486657316516
"18554",0.00436382127531509
"18555",0.00524006081225303
"18557",0.0117315429458003
"18559",0.0230560249307479
"18563",0.00158449329379259
"18567",0.00982384947498063
"18569",0.00269661152302457
"18570",0.00319290810379816
"18571",0.00267846425457182
"18572",0.00372893094354005
"18573",0.00338930428634455
"18574",0.00373330119458677
"18575",0.0149424090572394
"18576",0.00284371663930588
"18577",0.00233574132212446
"18578",0.00225860209783355
"18582",0.00395859145189267
"18583",0.0032475024759601
"18584",0.0141377900059488
"18585",0.00738308880025722
"18587",0.185669905479543
"18590",0.00329522619699402
"18591",0.00274973361691107
"18595",0.00235996420728944
"18596",0.00229721486786738
"18597",0.00132290788097015
"18600",0.00709316122606974
"18604",0.00258900155902481
"18605",0.0172625073259097
"18606",0.0578432943438552
"18607",0.00147291484345365
"18610",0.00942595909133754
"18611",0.00388795805603416
"18612",0.0116140574684486
"18613",0.00510106261744725
"18616",0.00441156490003627
"18618",0.0476945435328313
"18619",0.0138455734652129
"18624",0.00289354545058028
"18626",0.0023754796303804
"18627",0.00619348273604847
"18628",0.00304535525055113
"18631",0.00553708380836194
"18632",0.00265793625709347
"18633",0.00958482077363196
"18634",0.00349780126268159
"18636",0.0291519982997845
"18637",0.00436402142382465
"18639",0.0935779489808254
"18640",0.00193213380026567
"18641",0.0039019197462912
"18642",0.00147397787808093
"18643",0.00203152520438737
"18645",0.00171276085758648
"18647",0.00189080674060231
"18648",0.0018531602178361
"18654",0.0159925727130986
"18655",0.00284751371257238
"18667",0.0043867657088489
"18669",0.00897206126910678
"18670",0.00860774393320832
"18671",0.00334492274479961
"18673",0.00370752597874465
"18674",0.00132501087992934
"18675",0.0722756955717993
"18676",0.00269004461998199
"18679",0.0050028762789926
"18682",0.00488565822627589
"18685",0.00250095447169122
"18689",0.074352573648841
"18693",0.00346507052748115
"18700",0.010816
"18701",0.00509252652316774
"18704",0.00264998253791872
"18705",0.104680753433838
"18706",0.00152883137068641
"18707",0.00424739665166509
"18708",0.002186458916325
"18709",0.00203859182949391
"18710",0.00143283517077787
"18711",0.00221363253772751
"18712",0.0143762846519987
"18715",0.00407619043698244
"18717",0.00149190359804656
"18718",0.00168822615844549
"18719",0.00520697855760662
"18720",0.00319483549062326
"18733",0.206611570247934
"18738",0.00140625
"18739",0.00206611570247934
"18744",0.00413940852076124
"18747",0.00187163623560183
"18749",0.00359812712513156
"18750",0.00664579395085066
"18751",0.0031191982992766
"18752",0.00660982219578293
"18753",0.00879434677013467
"18754",0.00219889172346425
"18755",0.0201525845306937
"18759",0.00312421026649175
"18760",0.00352174146734749
"18761",0.0078725065605285
"18762",0.00170440198636478
"18763",0.00233523217760401
"18764",0.00193855078976443
"18766",0.0290847905774893
"18767",0.0023156887261438
"18768",0.0114581192751034
"18769",0.00369608729338843
"18771",0.00381914761401305
"18777",0.00544802754069399
"18779",0.091232185720466
"18781",0.142588638564932
"18782",0.065748120197844
"18783",0.018141642664499
"18784",0.133072847562786
"18786",0.00123638267681773
"18787",0.109872153660844
"18789",0.00226757369614512
"18791",0.00288257051577425
"18792",0.0256035334307132
"18793",0.195422720278863
"18795",0.00359188961113664
"18796",0.0269461049408531
"18797",0.00589066999348759
"18798",0.0143176752520249
"18799",0.00590468069522916
"18802",0.00380629717724134
"18803",0.00239012345679012
"18805",0.00907818886147812
"18806",0.00624750814939506
"18807",0.00103531865861189
"18810",0.00294530070082728
"18813",0.0021942832491984
"18816",0.0192118624349669
"18817",0.100442577991581
"18821",0.031715249304813
"18822",0.00363687099101802
"18823",0.00974322059689576
"18824",0.0204194681609572
"18826",0.00480010424382546
"18828",0.0453461435137981
"18830",0.00570375417804754
"18844",0.0050574292728382
"18845",0.0032909685598478
"18846",0.00801196253929041
"18854",0.00587518359143498
"18857",0.328702765700713
"18858",0.00508935706531814
"18861",0.00318049204832634
"18933",0.00694776388917344
"18938",0.0128273253268173
"18947",0.445058334219386
"18949",0.00375841333104765
"18950",0.00431877864939795
"18951",0.00228011059582925
"18952",0.00718829771236153
"18968",0.00558197912537984
"18969",0.0108074528829266
"18970",0.00310730916727538
"18971",0.00507447468494919
"18972",0.00393568782765724
"18973",0.0224695225229691
"18974",0.133086136212507
"18975",0.00238951655691146
"18976",0.0291057810202397
"18983",0.0023758212500651
"18984",0.00176725149695295
"18986",0.00670063261566679
"18987",0.0241997668732396
"18988",0.177486151529648
"18991",0.0255510750231237
"18992",0.00563133103129487
"18993",0.00458052257257104
"18994",0.00763938911320967
"19009",0.00596971268672656
"19011",0.0717043009758725
"19012",0.00230944099095832
"19013",0.00969743095261573
"19014",0.00330650831591685
"19015",0.0117988380449157
"19016",0.0186242820224709
"19017",0.0037657532627729
"19018",0.0273324141754177
"19023",0.17731330030099
"19024",0.0120488295392689
"19025",0.00162576066674022
"19027",0.00540359777966365
"19035",0.00357575393396408
"19038",0.0267408327883938
"19039",0.00994358262312873
"19041",0.0140087024985043
"19042",0.00115788520571421
"19043",0.00152769782829347
"19044",0.00992792816275463
"19045",0.00431163436437738
"19046",0.00340865567100163
"19047",0.00189985219870048
"19049",0.0034449448149029
"19051",0.360451918949777
"19052",0.00234611784428612
"19053",0.00168992430159446
"19054",0.00695332196919434
"19055",0.00775980218050344
"19056",0.00345923972222023
"19057",0.00333754004922799
"19058",0.00428083755914616
"19059",0.192507027128199
"19060",0.00209125893395877
"19062",0.00202843657129538
"19063",0.00145359502981373
"19069",0.00330711589635374
"19070",0.00216998111125909
"19072",0.00333006862108451
"19073",0.0154707045366713
"19075",0.0110066479432557
"19076",0.00728418415312018
"19079",0.00472080544294405
"19082",0.00229491299026497
"19084",0.00389905285735522
"19085",0.00299132571571436
"19087",0.00236783087767277
"19088",0.00400158348788033
"19089",0.00201480924409642
"19090",0.00329959893032483
"19091",0.00579365761204668
"19092",0.0386048980272878
"19094",0.0103335963187209
"19099",0.00339052471746963
"19106",0.00726671802505434
"19108",0.00328079316221054
"19109",0.120818408074515
"19116",0.426485090274888
"19122",0.00156902647432373
"19124",0.114787397985646
"19125",0.00466548749067064
"19126",0.00288669055912684
"19128",0.00391542139187419
"19130",0.00590866115074647
"19132",0.100897485085368
"19134",0.00441438064495536
"19139",0.0027940591681065
"19141",0.00216502361616353
"19142",0.0111672366450802
"19143",0.116844835785645
"19144",0.136745876736111
"19152",0.0611339210240309
"19153",0.0297990049895701
"19155",0.00163392131850346
"19157",0.00130985904158679
"19158",0.00176884058570184
"19159",0.00187136351165981
"19164",0.00307368167217085
"19165",0.00374256055363322
"19166",0.00461536911060721
"19167",0.00280384958526235
"19170",0.00447213562011276
"19171",0.00604432548531074
"19172",0.0040335148492689
"19173",0.00482461072592031
"19175",0.00416443512951669
"19177",0.00319900721638093
"19179",0.00154319316672314
"19181",0.00306437959071261
"19182",0.00185396428078453
"19183",0.0218438379775926
"19184",0.00132898915116345
"19185",0.00254031418972028
"19186",0.00638482947996445
"19188",0.00591715976331361
"19192",0.00136626610153084
"19193",0.118301239669196
"19197",0.170738543660102
"19200",0.0239337218168538
"19201",0.00468938675393122
"19204",0.0175618570225232
"19205",0.0033284023668639
"19206",0.00556197345775896
"19207",0.0609015498029538
"19208",0.401036779656814
"19210",0.00149021459865414
"19211",0.00217682864822802
"19212",0.0355610504428326
"19214",0.100928694511365
"19215",0.0158442955645753
"19216",0.0548529814518344
"19217",0.108370403773783
"19218",0.0611606491561957
"19219",0.0354633684042313
"19220",0.0566721520944544
"19221",0.00675222630935771
"19223",0.0905317565980108
"19224",0.00272183709862832
"19225",0.0100934295342656
"19227",0.0816326530612245
"19228",0.0167814133316943
"19229",0.00407231911649962
"19230",0.00169036579445433
"19231",0.00196559004101046
"19240",0.00470805015514208
"19241",0.0034882770282565
"19242",0.00456339468693998
"19243",0.00202888116825208
"19244",0.00167030456981691
"19245",0.0032742094751613
"19246",0.00368543074338473
"19247",0.00225866378846832
"19248",0.00218558134117785
"19249",0.00932688178725299
"19250",0.00770957702938807
"19252",0.00660527526117682
"19253",0.0445578989002596
"19255",0.00409226734066563
"19256",0.088928245218945
"19258",0.00281786099730585
"19259",0.00311682083875494
"19260",0.0941122313139372
"19261",0.00161498820857717
"19262",0.000944988443354474
"19263",0.0050121387735923
"19264",0.00846564032142695
"19265",0.301236205363421
"19266",0.00164882758516023
"19267",0.00241698161842582
"19268",0.00288595971932464
"19270",0.00259201688824013
"19271",0.00247245200085468
"19272",0.00394050752094995
"19273",0.0183226262097839
"19274",0.00474250380086995
"19275",0.00201657493472835
"19276",0.002304
"19277",0.00416813942956638
"19279",0.00275220499089914
"19280",0.00164335776221896
"19281",0.00797568630808298
"19283",0.00390037373155758
"19285",0.00475138278574438
"19286",0.00685168920551323
"19288",0.0706492447589171
"19289",0.0220710896913023
"19290",0.00323369302788361
"19291",0.00478821369485683
"19293",0.00808357798238235
"19294",0.0106484179962142
"19296",0.00661928084363258
"19298",0.00211668117591161
"19299",0.00132185968517141
"19300",0.00826446280991736
"19301",0.0191480235835569
"19302",0.00505763832912032
"19303",0.00277008310249308
"19305",0.00252073744612616
"19309",0.0106538973803835
"19317",0.00511956982490293
"19324",0.00241854793399513
"19325",0.00174634457619879
"19326",0.00147318558719757
"19328",0.00154631423566569
"19330",0.00485835939777331
"19332",0.117333299781187
"19334",0.00371360534214831
"19335",0.0050168259687377
"19336",0.0026046452270417
"19337",0.0045980561795916
"19338",0.00337342772540836
"19339",0.00243271965591238
"19340",0.00291392950480791
"19341",0.00235239424837931
"19342",0.00217688000275783
"19344",0.00125902699423252
"19345",0.00379079304802659
"19346",0.00234273680698901
"19347",0.00344621285384124
"19348",0.047291784651378
"19349",0.00202794867088728
"19352",0.00211770212425125
"19353",0.00118231151567228
"19354",0.0266008694770583
"19355",0.00440485814834547
"19356",0.00296704018221597
"19357",0.00146408053417445
"19358",0.00211691342425116
"19359",0.00313140877265235
"19360",0.00478990685214262
"19361",0.0566893424036281
"19362",0.0255475678581027
"19363",0.150103119469602
"19364",0.00322492662965217
"19365",0.0058999255726141
"19366",0.07932853960718
"19367",0.00942685415914554
"19373",0.221503302055002
"19376",0.00676596016518437
"19377",0.00193200473536697
"19378",0.0197737515201187
"19383",0.00304785144235597
"19384",0.00168598401388595
"19385",0.00241622837133466
"19386",0.00232441874232562
"19387",0.00381331376072115
"19395",0.00937577971191864
"19400",0.162870702496337
"19401",0.00930487047143541
"19411",0.00750140078541319
"19414",0.00128043711100331
"19415",0.00279215172715085
"19416",0.0106268099375095
"19417",0.00327318857250237
"19418",0.00363361362801829
"19419",0.00625079373306763
"19428",0.221330329321032
"19645",0.00175754878965992
"19646",0.00208723567858516
"19647",0.00288773735702954
"19649",0.0158509641709573
"19650",0.0153524195607463
"19651",0.00220829328961501
"19652",0.0130548242818852
"19653",0.0115461756076613
"19654",0.00207744990527193
"19655",0.00276953611466749
"19656",0.00272760710126842
"19659",0.0120768531855956
"19661",0.314092500905688
"19662",0.0261941775147929
"19663",0.0189402591371846
"19664",0.00312637299109724
"19668",0.19317512941938
"19671",0.00454869140903903
"19672",0.00853080269679369
"19679",0.00278986369593638
"19682",0.020698364343697
"19684",0.00147971862732643
"19687",0.00242073931136342
"19691",0.00413679258186776
"19696",0.0150304530384764
"19697",0.00419688585016106
"19698",0.0110291985338073
"19699",0.00538675195690598
"19700",0.280431169237998
"19703",0.0269112475465679
"19704",0.00237882052346529
"19707",0.00185622245874918
"19708",0.00297418138531612
"19711",0.0082023908840207
"19712",0.0074157621822421
"19713",0.0174003101923378
"19714",0.00235596989201906
"19716",0.00344670788823178
"19718",0.00318002975874163
"19719",0.00242896969727607
"19720",0.00191004173406549
"19724",0.00402001832631732
"19725",0.0204249774052854
"19726",0.00386405040920923
"19727",0.00490167278312343
"19729",0.00507481788143798
"19730",0.00223009756144339
"19731",0.00155118142260918
"19732",0.00301408026649239
"19733",0.088862816000601
"19734",0.0277401767292573
"19735",0.00175436019553723
"19736",0.00303576683872369
"19737",0.00356355211521906
"19739",0.00477302238447605
"19744",0.00222139709157647
"19752",0.0948486314979698
"19762",0.00277687668204537
"19763",0.00871722739044607
"19765",0.00182275832339042
"19766",0.0044143583299807
"19769",0.0035446144050402
"19771",0.00692421300742982
"19773",0.250096553055004
"19775",0.00210849645980841
"19777",0.00242468088029223
"19819",0.0101520540340167
"19820",0.00265784381195994
"19821",0.00332250544126939
"19822",0.00131186667925482
"19823",0.00613788750572035
"19826",0.00180802530312962
"19842",0.0719771801688653
"19844",0.280477984244086
"19845",0.261569583951157
"19847",1.97614966981416
"19848",0.0338204063575359
"19850",0.0952181647102486
"19858",0.0829657600838573
"19859",0.0829657600838573
"19860",0.0829657600838573
"19861",0.082127107138685
"19872",0.0781691347210922
"19876",0.00291552147875008
"19877",0.00286836877420526
"19878",0.00409629655908908
"19879",0.0099703141913561
"19881",0.0250371604663172
"19882",0.0825909093682103
"19883",0.00905343331036696
"19885",0.0209996736130403
"19888",0.348060536235613
"19889",0.00385787585355503
"19891",0.00623268698060942
"19893",0.00451812255250979
"19894",0.00202795512547343
"19895",0.0097518427233525
"19896",0.00680199808693804
"19899",0.0073996993872124
"19921",0.0111533721496755
"19933",0.00525013300755029
"19934",0.00434513585040137
"19935",0.00601520548094414
"19941",0.00746837372351776
"19942",0.00940160261807473
"19943",0.00569159316605833
"19944",0.00548993638412999
"19946",0.00856581651512447
"19951",0.0088570170121897
"19981",0.0109782806172649
"19982",0.00932105588946221
"19988",0.00450608038247111
"19989",0.00483032385788063
"20005",0.0176852804258812
"20014",0.0013995664760456
"20016",0.00404245377445629
"20017",0.00681358256675737
"20018",0.00455059977544702
"20019",0.00388098262009049
"20020",0.0111091874300755
"20021",0.00473795911145491
"20022",0.00418091271661142
"20024",0.00204727297641448
"20042",0.00973275151320155
"20044",0.027155601484064
"20054",0.0111065717392464
"20055",0.00591900297170156
"20068",0.0092193002458227
"20084",0.0111259148057797
"20085",0.0113770135658808
"20088",0.00732742424029089
"20090",0.00776969909738454
"20091",0.00519989339318909
"20102",0.0045085227416812
"20103",0.00978970093282498
"20104",0.00635950445177166
"20111",0.00372586509452072
"20112",0.00205504836106383
"20115",0.01376842235821
"20116",0.00596758987423408
"20128",0.00950538787681251
"20130",0.0130717925356099
"20133",0.00302122229197008
"20135",0.0249569553444846
"20147",0.19537407091137
"20148",0.0042469385178639
"20163",0.00578666965060358
"20166",0.00323511587412799
"20167",0.00424232614024872
"20168",0.00195779344937393
"20170",0.00740854805534546
"20174",0.00278890428760291
"20181",0.00622383058814972
"20182",0.0027791256821988
"20183",0.0539994141885801
"20184",0.00886880481127624
"20185",0.00122297771392295
"20186",0.233166659217589
"20187",0.00327922323453447
"20190",0.00857301941944944
"20191",0.00408614254035535
"20192",0.00505826233449097
"20193",0.0230881557743195
"20194",0.0166067934562548
"20195",0.0507618938936052
"20196",0.0200861989342744
"20197",0.10238834807841
"20198",0.0590123264506942
"20200",0.0269772930079674
"20201",0.445588615024692
"20202",0.15623716670892
"20203",0.0155330132824307
"20204",0.106278493322463
"20215",0.0281055363321799
"20218",0.00267223522419915
"20220",0.0017495692864278
"20222",0.00670771951334098
"20224",0.00192366882117575
"20226",0.00145442449827778
"20227",0.00390504761447422
"20229",0.00344695329813278
"20230",0.00348243168963953
"20238",0.0057534338486902
"20239",0.00448481769161573
"20249",0.0134575527497559
"20254",0.00342698981163453
"20255",0.00212678732789308
"20256",0.0155003743758739
"20257",0.00360448418480499
"20259",0.340277777777778
"20262",0.00459366078658795
"20265",0.00447570394231843
"20266",0.00195879003162511
"20269",0.00476667292174892
"20271",0.0878559399016592
"20272",0.0999675605536332
"20273",0.00254829174865182
"20274",0.0403836908495685
"20276",0.019022136752205
"20278",0.13324144384803
"20280",0.00399934206386069
"20284",0.0119085122497164
"20286",0.00633064806921315
"20288",0.139311631609975
"20289",0.100761571221385
"20293",0.278302591607198
"20295",0.131033482051252
"20300",0.0232212990377538
"20301",0.00619003874569384
"20302",0.320817913739256
"20305",0.034017141724097
"20308",0.0215534538041304
"20311",0.0664152300981384
"20312",0.00376271110559401
"20315",0.00279423893414139
"20316",0.00331171568476835
"20317",0.0051056097168176
"20318",0.00180902414313717
"20319",0.0969907919719507
"20320",0.00289401988509371
"20321",0.0361143632851827
"20322",0.00236721950723345
"20324",0.00575175541693277
"20333",0.00187310479531666
"20334",0.00183365163156926
"20335",0.0144134047002285
"20336",0.00228089927195026
"20338",0.00399677960591627
"20339",0.53015017282655
"20340",0.0029005237628184
"20341",0.00564270054742171
"20343",0.186698842147684
"20345",0.00416233090530697
"20346",0.0235923977404548
"20347",0.0503550281706021
"20348",0.00252369825173636
"20349",0.00960556181647911
"20350",0.0491364591517128
"20351",0.00471302386858523
"20352",0.00239516903391879
"20353",0.00355048121567994
"20354",0.0041681864073435
"20355",0.00435781346776799
"20356",0.00358976434439923
"20357",0.00406628452114151
"20358",0.00700509235000375
"20359",0.00178465049541396
"20360",0.00448171425570281
"20361",0.00235482558137777
"20362",0.00143185225454983
"20363",0.00631955265081563
"20364",0.00237953599048186
"20365",0.0131758240094475
"20370",0.00872045716943311
"20371",0.129605805346204
"20375",0.0198783903959291
"20377",0.0225433317184196
"20378",0.00453701188215709
"20379",0.0448254544544938
"20382",0.00314221319115354
"20383",0.00235485644086277
"20384",0.00590724135226733
"20389",0.0531994939086927
"20391",0.190150244712268
"20392",0.00330089502719803
"20393",0.00349992352874062
"20394",0.00248284739197695
"20397",0.00201610567845634
"20399",0.00194400339593135
"20401",0.0100340673801244
"20402",0.00306663506205411
"20403",0.00185762934186037
"20404",0.00853615311909263
"20405",0.00276344791041043
"20408",0.00232376643020687
"20409",0.003286841038326
"20410",0.00573119622779402
"20411",0.00410714038779913
"20416",0.00627009103372199
"20418",0.0117049314135951
"20419",0.0803841202399726
"20420",0.00889280609219438
"20422",0.00421095179692193
"20423",0.102871860164654
"20425",0.01055776378482
"20429",0.0696184287617322
"20430",0.00142608245418031
"20431",0.0797056550706275
"20437",0.00215838194959093
"20438",0.00945437970154243
"20439",0.00467528672656878
"20440",0.00460441658449933
"20441",0.00214623726565507
"20442",0.0103017904091662
"20443",0.00760126063318832
"20444",0.00325680397459201
"20446",0.0296396740490541
"20447",0.00446471554446295
"20448",0.00369301191350221
"20449",0.00585266804025202
"20450",0.0375343231681864
"20451",0.00517217113905048
"20452",0.00334449824430492
"20454",0.00267694836174213
"20460",0.126439372775156
"20462",0.00189662187162286
"20463",0.0036
"20465",0.0832510789078057
"20466",0.00255363375356513
"20467",0.00397851530250575
"20469",0.00559259932679482
"20474",0.0241570488999449
"20475",0.0359090060282788
"20479",0.00228085374797184
"20480",0.00136901338885126
"20481",0.00202749756860593
"20482",0.00229446664129555
"20491",0.00848971220730544
"20492",0.00336982128643395
"20493",0.364296339339243
"20496",0.00564110593306195
"20498",0.00381019834732703
"20499",0.00875764945639467
"20501",0.00295121811090957
"20502",0.00382654582592012
"20503",0.00651981019250801
"20509",0.00626529318697733
"20510",0.00199130048851222
"20512",0.00352813264087827
"20513",0.00733051376285887
"20514",0.0488228000977663
"20515",0.0022508428208229
"20516",0.00237765793224879
"20519",0.127577217410249
"20520",0.00566786530873339
"20521",0.0861396734031461
"20522",0.117262458032309
"20523",0.00293747450614766
"20524",0.00368285795355196
"20525",0.00494092872504688
"20527",0.00266785566842912
"20528",0.0710062661403147
"20529",0.00696967401293144
"20530",0.0114371141975309
"20532",0.404001045913009
"20533",0.110777884253317
"20534",0.0022775839776289
"20535",0.0130792710845212
"20536",0.00171057489061163
"20537",0.0590700339807644
"20539",0.00473435615073075
"20540",0.0221508810439563
"20541",0.00323415740308989
"20544",0.00725670797897888
"20556",0.0481236659942249
"20557",0.115155461747219
"20562",0.00423784048468548
"20563",0.0118054366381586
"20564",0.0027854358693919
"20583",0.105086958780735
"20585",0.00279316858000226
"20586",0.00238736800678555
"20587",0.00269012393807342
"20588",0.00202416062688724
"20589",0.00442539004218166
"20591",0.00192683665731473
"20592",0.00335180055401662
"20595",0.00464135489912859
"20597",0.00168372918433737
"20598",0.00380324817116914
"20602",0.00651608192371074
"20603",0.00224007877625996
"20604",0.00229037989573507
"20605",0.00690396394515406
"20606",0.00528185658615776
"20607",0.00217228908434201
"20608",0.0105333714410544
"20609",0.16257024
"20610",0.00305240987759836
"20612",0.0920707769450448
"20613",0.217967663015957
"20615",0.00350699160002012
"20616",0.00490509877698913
"20617",0.00174224036004688
"20618",0.0353411399654946
"20619",0.00551319048403633
"20620",0.00308260986264639
"20621",0.00174748919827046
"20623",0.00273220515317372
"20624",0.0031455068868952
"20630",0.00605678181765057
"20637",0.00719414344126267
"20638",0.00275661510249322
"20639",0.00484300286957139
"20641",0.00653420342722709
"20643",0.00458918055104806
"20646",0.00115268806605372
"20648",0.00193524470887288
"20649",0.0152579694733194
"20650",0.00430919034920347
"20652",0.00224882844631851
"20655",0.00317786428296809
"20656",0.00124554731550531
"20657",0.0168530447089563
"20658",0.0039192167960639
"20660",0.00280440811547187
"20661",0.0021028217615016
"20662",0.00321500690827931
"20663",0.0030368872596239
"20664",0.00386837143581627
"20665",0.00733820022287802
"20666",0.00309501103564872
"20667",0.00450000072806677
"20668",0.0112998813681484
"20670",0.249563085670156
"20671",0.0136957922706202
"20672",0.00974473861043746
"20674",0.00320588309050646
"20675",0.0545119428831907
"20677",0.00437786194810334
"20678",0.0114709008891966
"20679",0.0064905496582827
"20680",0.0682299206973466
"20681",0.00257341753861061
"20682",0.00443238354241987
"20683",0.00334840190902124
"20684",0.0155256235427644
"20686",0.0284560868130832
"20687",0.00187817736872792
"20688",0.00351828397517853
"20689",0.014172335600907
"20692",0.00842120017071619
"20698",0.0649197871406592
"20708",0.0438403400401091
"20713",0.00278472024004288
"20715",0.263759192758078
"20716",0.00417034827101488
"20719",0.00230222138905472
"20720",0.00674775893280468
"20723",0.00440229962285145
"20725",0.0340026003417032
"20729",0.00122238270151281
"20732",0.0287026025336773
"20733",0.0058407776948436
"20737",0.0292390230285302
"20739",0.194019274376417
"20741",0.00163105353262608
"20744",0.001295722825216
"20745",0.00917024218212826
"20747",0.00196770368446886
"20750",0.0574859726607469
"20751",0.00382387094357527
"20768",0.00297646016583249
"20773",0.0031110617291789
"20775",0.00170127894169528
"20776",0.0223584778276858
"20778",0.00346598451976862
"20779",0.00173307727838158
"20787",0.00322282808166567
"20788",0.00170499306244351
"20807",0.00339552133520412
"20810",0.00209890187371661
"20811",0.113608198364644
"20813",0.00302846010838179
"20815",0.00356263191224373
"20817",0.00210956197585367
"20818",0.00207106744594643
"20821",0.0230160640013529
"20822",0.00322637584597407
"20823",0.00193733119886051
"20826",0.00269997992993692
"20832",0.011442410996903
"20833",0.00277008310249308
"20840",0.0728757449342323
"20841",0.00363444522749072
"20842",0.00417650053218566
"20843",0.00123237270283832
"20844",0.00273614067925025
"20845",0.00624543626814022
"20846",0.00585433701238021
"20847",0.00684765894556104
"20848",0.00178681058459454
"20849",0.453251555806655
"20850",0.0167388886821567
"20851",0.00383105926543928
"20852",0.0090272566731174
"20853",0.0043662675273758
"20855",0.0165282210956956
"20856",0.0272866567025261
"20866",0.00126810872329301
"20867",0.00409698815865828
"20868",0.00569159316605833
"20869",0.00279423893414139
"20872",0.00285778315713118
"20873",0.0094105830221542
"20874",0.00219698877797536
"20877",0.127640940053174
"20878",0.0168122151791339
"20887",0.00986220752029586
"20892",0.0268195452884163
"20893",0.0019555474165902
"20897",0.00953356102568799
"20901",0.00184837582041356
"20907",0.00200482902463831
"20908",0.00431245582491165
"20909",0.00617297185833836
"20910",0.00585747306787351
"20911",0.00725915748877876
"20912",0.00459771234506253
"20913",0.00291525155903127
"20916",0.00143654106287034
"20917",0.00870022347679654
"20918",0.00523925113060251
"20922",0.00535395597858417
"20924",0.003351553263184
"20926",0.00356426821118289
"20927",0.00630960204135572
"20928",0.0149639439571665
"20930",0.00261492768595041
"20931",0.00435112537506701
"20932",0.00139426375328935
"20933",0.00293085443448648
"20935",0.0032763598166721
"20937",0.00413186820444375
"20947",0.00681760794545914
"20955",0.00615316750162262
"20962",0.313778004821165
"20963",0.0151118988750493
"20964",0.00830215700416664
"20965",0.00278546256486666
"20969",0.0496679291630296
"20970",0.00169587815275461
"20971",0.0102202390542304
"20972",0.00226896314077929
"20973",0.00703709051154216
"20974",0.00233680861386489
"20975",0.00449703277380347
"20977",0.00315905748694231
"20979",0.00452837072797134
"20980",0.0182885858875986
"20981",0.00155069092032168
"20983",0.00410070759466952
"21331",0.194936742409912
"21333",0.021882987290361
"21334",0.119706281465038
"21335",0.0155719890119076
"21336",0.0841683729119216
"21338",0.432990729398212
"21339",0.00777250970807414
"21340",0.00268774464981756
"21341",0.00853270964936581
"21343",0.00210486075199193
"21345",0.018595041322314
"21346",0.00851800785985166
"21349",0.0464187177693138
"21350",0.52331209696027
"21351",0.00353970631805432
"21353",0.00238682303642695
"21354",0.0103433045828474
"21355",0.00411028901879289
"21356",0.00462770142070434
"21357",0.00633040412606246
"21366",0.00211261845839076
"21367",0.00653472947485653
"21371",0.00645551416409492
"21372",0.00297520661157025
"21374",0.00487982339467128
"21375",0.00576570683863093
"21376",0.00256134741225461
"21378",0.0210329686462934
"21379",0.00367711878849257
"21380",0.0462297992317044
"21384",0.0940391362437153
"21385",0.0391315498762409
"21386",0.028216486751131
"21387",0.182616640993914
"21389",0.258384169529315
"21390",0.0260499653545661
"21391",0.0135330307331121
"21393",0.223844105024321
"21399",0.0018756413462743
"21400",0.00510204081632653
"21401",0.205702918730935
"21402",0.00176723680520915
"21405",0.142758884543991
"21406",0.00172697770593742
"21407",0.0468640765906124
"21408",0.00761788015264084
"21411",0.00270988111894535
"21413",0.00244440378736993
"21414",0.00722744977534902
"21415",0.07261181700844
"21416",0.0467640625
"21417",0.00510593030794542
"21419",0.186445085217831
"21420",0.0745219159021046
"21422",0.00540936524453694
"21423",0.00579578535218389
"21425",0.00658356531202277
"21427",0.00286888840929818
"21428",0.00341732433965894
"21429",0.00191082958368842
"21452",0.00539311352678017
"21453",0.00522992206286205
"21454",0.00144451355916727
"21462",0.202675701038164
"21463",0.117444925493909
"21645",0.0850924408475142
"21646",0.030310897693621
"21648",0.00806194292305004
"21652",0.00392238436843455
"21664",0.0160869603435166
"21665",0.00188352860772574
"21667",0.062204561982938
"21672",0.00274474435065138
"21673",0.527718833537064
"21676",0.00889641152017774
"21677",0.0240538347855676
"21678",0.0397964379893707
"21679",0.145679156226327
"21681",0.00361444331548869
"21682",0.0498273027431402
"21683",0.111464686420265
"21684",0.300664877871458
"21685",0.00206345314167387
"21687",0.00477427569937839
"21689",0.0482181759520723
"21743",0.109535438593002
"21745",0.0104141066377099
"21748",0.0437174625766033
"21749",0.0116145550644125
"21750",0.00430772289945071
"21752",0.0517120815843031
"21753",0.0514022521267354
"21754",0.00408179012345679
"21761",0.00230072352964434
"21762",0.00167453404226206
"21763",0.00102457511933716
"21766",0.00287157210116889
"21767",0.00222868181863847
"21769",0.00248776439522011
"21770",0.00239082677411181
"21771",0.00331779527214835
"21778",0.0119936675324011
"21780",0.00224389780823218
"21781",0.00179595200640637
"21787",0.00307827079359706
"21788",0.0254611177201983
"21802",0.0021074317508296
"21803",0.0223994414666006
"21804",0.0182674932309902
"21807",0.0013086043023673
"21808",0.00528114652404344
"21809",0.00897284249016273
"21810",0.0264984591237122
"21812",0.00165196871479516
"21813",0.00408749852094627
"21814",0.00495219744968866
"21815",0.0363642499277079
"21817",0.00505402187574923
"21818",0.187467361413158
"21819",0.327167529901338
"21821",0.00461668851297076
"21822",0.0399256585456756
"21824",0.00785063667329304
"21825",0.0269909774745653
"21826",0.0101373206093668
"21827",0.0128792633310249
"21828",0.00682134211403611
"21830",0.299526472053042
"21832",0.046205270236001
"21833",0.00293172315057938
"21834",0.00276286182531791
"21835",0.00700637547186056
"21838",0.00202699080867776
"21841",0.00631120287139943
"21843",0.00638901251481918
"21844",0.00347293090227624
"21846",0.00632721155153564
"21847",0.00567413615738985
"21848",0.00205489191679496
"21849",0.00232667241180735
"21853",0.0115859485745862
"21854",0.00222564379744819
"21855",0.00873883141534876
"21856",0.0043669104528345
"21858",0.00479716802932101
"21859",0.00426662582560935
"21871",0.00166629584953262
"21872",0.00151570399947274
"21873",0.00457424416502955
"21877",0.102965804895063
"21881",0.00132152613716596
"21885",0.00237953599048186
"21886",0.0194857042641351
"21887",0.00601388953137884
"21888",0.00170877948282074
"21892",0.012564704188327
"21894",0.00444444444444444
"21897",0.065408971204697
"21898",0.0112460355439552
"21899",0.0811125478113089
"21907",0.0127811194244761
"21912",0.00265287456408225
"21915",0.00564294052853678
"21916",0.0049732859900277
"21917",0.00210095731876854
"21922",0.258197280867286
"21923",0.00647763921298637
"21924",0.0653242544879883
"21927",0.0015962962975381
"21928",0.065889019489986
"21929",0.0236686390532544
"21930",0.01208274429533
"21933",0.0741622506733856
"21934",0.0235302166193687
"21935",0.168890707768835
"21936",0.289576543029386
"21937",0.00931842674789846
"21938",0.00976344370343389
"21939",0.0759847627448306
"21941",0.180732388487906
"21942",0.115504948571803
"21944",0.013513141711031
"21945",0.00334150826823857
"21946",0.0138316238593647
"21950",0.106196858189836
"21951",0.00244230605610323
"21952",0.0472589792060492
"21953",0.282784938368856
"21955",0.055337120511554
"21956",0.0481916870526181
"21960",0.00442425392224703
"21961",0.00824721823911158
"21968",0.00280937457079
"21969",0.00340771470535185
"21973",0.00876158878875782
"21974",0.00229786826619102
"21975",0.0061531793864905
"21976",0.00262790470778007
"21981",0.00178917309594393
"21982",0.00227419918186608
"21983",0.0149550939815392
"21985",0.0035230570883272
"21987",0.00388372161107605
"21990",0.194313957007928
"21991",0.00193683456806894
"22003",0.00220606577454708
"22004",0.0204327055795648
"22017",0.00981824605692247
"22018",0.468589648209161
"22019",0.00302559065047345
"22021",0.00168694145622296
"22022",0.003288432357582
"22025",0.00744066267195224
"22026",0.00145244283770918
"22027",0.00633359318588815
"22029",0.118132423417874
"22030",0.0041505281507833
"22031",0.00781364474190742
"22032",0.00624164306181193
"22033",0.0302215050753448
"22034",0.00319149630095896
"22035",0.0168589775620073
"22036",0.00941165144372669
"22038",0.0326252303830037
"22040",0.0135269896207268
"22041",0.0094822748849283
"22042",0.00194109326865098
"22045",0.0964721922916458
"22051",0.014576918042725
"22057",0.00581262178249343
"22059",0.0053252987257758
"22061",0.0199184728355487
"22062",0.0130975863565076
"22063",0.00249097843760267
"22065",0.0202246283797253
"22066",0.00251023540383321
"22067",0.00416745062303387
"22068",0.013267330040631
"22070",0.00305836302018388
"22083",0.0048113869491129
"22084",0.00131274942239025
"22088",0.0021301775147929
"22092",0.0912151279471084
"22094",0.116482417676472
"22095",0.200989877283074
"22097",0.555079494545498
"22099",0.00136353441581758
"22110",0.00356653303604152
"22114",0.359126454852268
"22115",0.165143717031327
"22116",0.63538661076308
"22117",0.00963319223744636
"22121",0.0151025998146645
"22122",0.00458904142310909
"22123",0.00198449255199216
"22130",0.00469131169074873
"22134",0.0023473649420107
"22137",0.080418801514814
"22138",0.0065064951745345
"22139",0.398169506677312
"22141",0.00142971641905754
"22143",0.00165382594711481
"22144",0.224994909546558
"22145",0.00367993269777197
"22146",0.0352829390865504
"22151",0.00247380677711785
"22152",0.00286817320910442
"22153",0.0071746717183475
"22154",0.0013430559142562
"22156",0.0271181635652222
"22158",0.00551851968597538
"22160",0.124231105357807
"22163",0.444188464928115
"22166",0.00270373621442349
"22169",0.00192608170124114
"22171",0.011319740483892
"22174",0.00465596016920396
"22177",0.0100282286380428
"22178",0.225141542784326
"22183",0.00158417530033946
"22184",0.00303004797575962
"22185",0.00148280346059588
"22186",0.00794700361356891
"22190",0.00580069701554525
"22192",0.0020470206809003
"22193",0.00174348231503732
"22194",0.0037685668010505
"22195",0.0019490090580062
"22196",0.00192416400588859
"22200",0.00136724627543543
"22201",0.0033284023668639
"22202",0.066561000033802
"22209",0.00254548314809825
"22210",0.00283033395221457
"22213",0.00234222548565794
"22214",0.00176410376928392
"22215",0.00366456477211896
"22217",0.00175674954240925
"22218",0.00206611570247934
"22221",0.002458674018882
"22222",0.00299261163308986
"22223",0.0032598504269322
"22224",0.00282933454051607
"22225",0.00292482299042066
"22228",0.0116682426115863
"22229",0.0178984877957451
"22230",0.00273482683569105
"22232",0.00269620825544644
"22234",0.00240870549342826
"22235",0.00317506670402207
"22239",0.00602017159464882
"22240",0.00238314490175607
"22241",0.00298906250619209
"22245",0.00213920231486017
"22247",0.00388025471908618
"22248",0.00416646532859852
"22249",0.00243924892844973
"22253",0.00332903619735366
"22256",0.0411820108857691
"22258",0.00141634871083362
"22259",0.0153173731725504
"22260",0.00278114919603864
"22268",0.0751084332636454
"22271",0.0115093895966538
"22272",0.00821964736840734
"22273",0.00204402607094535
"22275",0.00241449197979325
"22276",0.00330452866721646
"22278",0.00222476384231132
"22282",0.00354468366717792
"22283",0.178353203108591
"22284",0.00351212854487392
"22288",0.00612421468207082
"22289",0.00224008820830464
"22290",0.00236102307331387
"22293",0.436972286722115
"22294",0.0128993416869002
"22295",0.0103202567880004
"22317",0.00469417450134545
"22318",0.00431049356385508
"22319",0.00367309458218549
"22320",0.0145659928656361
"22321",0.00348481750675128
"22323",0.00332278243985117
"22324",0.0111015692664523
"22325",0.00735083661417128
"22326",0.363740067148722
"22327",0.00264599085457886
"22329",0.00399369936442576
"22330",0.00387047684826061
"22333",0.00164827893610483
"22334",0.00154330133676602
"22335",0.00186433043690957
"22337",0.363431216992515
"22339",0.0040265398243068
"22340",0.00741512345679012
"22341",0.0121440544572034
"22342",0.0055333696679292
"22343",0.00285359261158537
"22344",0.00289540288538723
"22346",0.00508431001890359
"22348",0.00786503193707975
"22349",0.076105062274244
"22350",0.00430937427058972
"22351",0.215635255990749
"22352",0.00608276126555538
"22353",0.00930394476652109
"22354",0.00368337837181721
"22355",0.0610081526616042
"22359",0.0018696275693636
"22360",0.00327581393906184
"22361",0.159987182824991
"22365",0.00295936
"22367",0.00462265512979698
"22368",0.0040736204044406
"22370",0.0035433156674772
"22371",0.0140514468434028
"22375",0.00211175597633136
"22376",0.0478040575109374
"22377",0.00603481968151898
"22378",0.00132592554396897
"22379",0.00756952074431343
"22380",0.00170799641600752
"22381",0.00379242179459977
"22384",0.00126383511488932
"22385",0.00216634725686638
"22388",0.00139517720843108
"22390",0.00502601683356376
"22393",0.0186834294802326
"22401",0.00686271521566184
"22402",0.0453394675589869
"22404",0.00457903247706489
"22408",0.311354984485343
"22409",0.0148422449704777
"22410",0.186484205608272
"22411",0.141511182416566
"22412",0.0187348907242218
"22413",0.0202380026903492
"22414",0.0777836129138183
"22415",0.0203773264945426
"22417",0.0265046695606313
"22418",0.0127407158565301
"22419",0.0296242753161651
"22420",0.212828444444444
"22421",0.00487893425452924
"22422",0.00343095308215911
"22423",0.0934145761607481
"22427",0.0046581850830115
"22428",0.0019972255124089
"22433",0.00284489779654867
"22436",0.0152451429144454
"22437",0.235430044152741
"22439",0.00662985727071475
"22441",0.0424324562507619
"22445",0.23291638166479
"22589",0.00420186103650616
"22590",0.00908093962839966
"22591",0.00272727028621194
"22592",0.00239118608807934
"22594",0.00408114597778005
"22596",0.0025
"22599",0.277880305301167
"22601",0.0081902656601563
"22608",0.00222000177298101
"22612",0.0084082941260801
"22619",0.00252671956715349
"22625",0.0148820428450914
"22626",0.153652802425782
"22627",0.00327252925005836
"22630",0.00156246464962888
"22631",0.00383131169255335
"22632",0.00127551020408163
"22634",0.031199750944584
"22635",0.202549399280172
"22637",0.0224326515718185
"22640",0.00624366410711964
"22642",0.00271091146730802
"22643",0.00425330812854442
"22644",0.00163136530626385
"22646",0.0125572054899229
"22648",0.00980059193090529
"22652",0.0413024629218553
"22654",0.00224167358077759
"22658",0.0206121908636991
"22661",0.000999656758223549
"22666",0.00265152469748066
"22668",0.00422363742643795
"22670",0.0042718612499466
"22671",0.0108043645065122
"22673",0.0432597794307759
"22678",0.00270901437073595
"22680",0.00267415680600507
"22682",0.00225044563050106
"22685",0.00218847703386317
"22687",0.00228199155012539
"22688",0.00327035491353506
"22689",0.00269555513658668
"22690",0.00484526948517932
"22691",0.00519054752066116
"22693",0.00449223382616133
"22694",0.00379369519608983
"22695",0.0332491855312377
"22696",0.00234982934177605
"22697",0.00445623006711938
"22698",0.00516990390585278
"22700",0.00435613995517964
"22701",0.00687282088508583
"22704",0.00225998447367546
"22709",0.00459504893463611
"22710",0.0074260000573921
"22712",0.0226894533920733
"22715",0.0322896485414007
"22717",0.00389882484723516
"22718",0.00168307083442027
"22719",0.00588785830387511
"22720",0.00318028959657601
"22722",0.00262809362054183
"22724",0.0112083138645759
"22746",0.00601558090093685
"22750",0.00358982692136848
"22751",0.00414175080874424
"22754",0.0198894539073029
"22755",0.00534905016862632
"22756",0.00630408129016778
"22757",0.00276429904330351
"22758",0.00464920428524753
"22759",0.00680328494274312
"22761",0.00558329397598584
"22762",0.00680878091008318
"22763",0.0016381235012054
"22764",0.00383027936635932
"22770",0.00106123661252595
"22771",0.0342730405618521
"22772",0.0110261636805016
"22773",0.0271877332817593
"22774",0.0467592694007054
"22775",0.00481330555619148
"22776",0.0251677048968393
"22778",0.0140718056501999
"22779",0.00798369960173218
"22781",0.00672009281828041
"22782",0.00276053835909532
"22784",0.0032078029142714
"22785",0.00128154811377127
"22791",0.00215130747863321
"22793",0.00252110876775198
"23789",0.00282464403532105
"23790",0.001940315120587
"23792",0.00207987993748625
"23794",0.0573920842373959
"23796",0.0978206775000049
"23797",0.00115913602475904
"23801",0.0213453456323677
"23802",0.00163495042520002
"23805",0.00169782979325459
"23806",0.00224317906492719
"23807",0.00156425622564418
"23808",0.00315168063999297
"23821",0.00146327506264379
"23825",0.0037315417135801
"23827",0.00161287721165788
"23828",0.0115228701841744
"23829",0.0104504613636439
"23830",0.00447801897628276
"23831",0.0220995708738346
"23832",0.367818133311354
"23833",0.0441729776486473
"23834",0.114037713143312
"23836",0.00429639701796481
"23837",0.00280979704901351
"23845",0.0225816981382333
"23849",0.00283457647462277
"23850",0.0174334136901421
"23853",0.0266976741121829
"23854",0.00160534669635815
"23856",0.00244800835265695
"23857",0.00342653182629387
"23859",0.0023426975508646
"23863",0.00572074705646308
"23871",0.00444826656547687
"23872",0.00329915300844814
"23873",0.00375534677633459
"23874",0.00223506409965259
"23876",0.0173481192688332
"23877",0.00311730306050454
"23879",0.0016544329981184
"23880",0.0147616297569405
"23881",0.00486749594375338
"23882",0.00635767197307466
"23885",0.00359416209140365
"23887",0.0417927776409886
"23888",0.0159256052676827
"23890",0.00648041279703
"23892",0.0948039543237999
"23893",0.00824166055847104
"23894",0.00438782789567221
"23897",0.0029047313768773
"23900",0.336411423041333
"23908",0.00157571435277867
"23912",0.00256183833336209
"23917",0.00401871144213208
"23918",0.00166748462620347
"23921",0.0153496749941264
"23922",0.00476704081284198
"23923",0.225030933869
"23924",0.00523982101276524
"23928",0.0143111026407567
"23934",0.00540846968603862
"23936",0.00187313887436499
"23937",0.215652258614908
"23938",0.00233801652951516
"23939",0.00479289940828402
"23942",0.00262648042184559
"23943",0.00773352756897858
"23945",0.00424100644842413
"23947",0.00358211053437902
"23948",0.00255137895874007
"23950",0.00302744440166905
"23954",0.0264372705553289
"23955",0.00403515690374557
"23956",0.22108679443884
"23959",0.00722346301122596
"23961",0.3683390567556
"23962",0.0229234615121918
"23963",0.00385944804682009
"23964",0.00317508092384564
"23965",0.00445775852278431
"23966",0.00453087000314506
"23967",0.0635944329249544
"23969",0.0015626244800045
"23970",0.00638575292618164
"23971",0.00187809077986546
"23972",0.0121057207597283
"23980",0.00199133390938989
"23983",0.00485533927592448
"23984",0.00186300706491202
"23985",0.0053206696776186
"23986",0.0049994898479747
"23988",0.00477572869027861
"23989",0.00295036335957882
"23991",0.00988259302470595
"23992",0.00420495941980397
"23993",0.279360888135334
"23994",0.00214286308867849
"23996",0.00280919074428168
"23997",0.00384421966655709
"23999",0.00347216629090905
"24000",0.00831089228493476
"24001",0.00323794971040321
"24004",0.00896177777777778
"24010",0.00319433662572426
"24012",0.00184549727610392
"24014",0.0143245448291682
"24015",0.00227689862361274
"24017",0.0031304323135701
"24018",0.00265464370283939
"24030",0.00272845853953176
"24044",0.00410344936733144
"24045",0.00543694705549913
"24047",0.339474762652824
"24050",0.00128158550010366
"24051",0.00146687926671744
"24052",0.00781888111165104
"24053",0.488822281828963
"24055",0.010223433888153
"24056",0.00556614769438938
"24057",0.00932699191390008
"24058",0.0410701868632797
"24059",0.0264101955989784
"24060",0.00398510525741598
"24061",0.00502881346828216
"24063",0.00452636796378906
"24064",0.00284169274494724
"24066",0.00775307080809854
"24067",0.00238340987830706
"24068",0.00316222373060689
"24069",0.00606129361125128
"24070",0.00526385764585065
"24071",0.00149068796880173
"24074",0.00540402227481945
"24075",0.00646297561035351
"24082",0.0786282341089127
"24083",0.00632260736263177
"24086",0.00161957168352171
"24087",0.0334952054750943
"24088",0.0312542754933062
"24099",0.066884661117717
"24100",0.00558247524617732
"24105",0.00324981240232226
"24109",0.00132858283208468
"24110",0.0427230893031686
"24115",0.113241413473001
"24116",0.00632209676978802
"24117",0.0608290279773498
"24127",0.0041506337430595
"24128",0.00289050757312984
"24131",0.00974753047585482
"24132",0.00349627467943075
"24135",0.00149943346013957
"24136",0.00218174277973864
"26356",0.00242393659331613
"26357",0.00326698775297213
"26358",0.455945591468436
"26360",0.0434192980089643
"26362",0.00618379367503403
"26363",0.00469683779757789
"26364",0.00493297608690325
"26365",0.0233601868798689
"26367",0.118254731257455
"26370",0.00325973258474854
"26371",0.003318556944323
"26372",0.00223042962271507
"26373",0.00202870459446446
"26374",0.00197576740261755
"26377",0.00807124351017503
"26378",0.00196066241752873
"26379",0.00299228699868755
"26380",0.0301036554253404
"26381",0.0110449037119114
"26382",0.0147326747730616
"26383",0.00164202666787177
"26384",0.0035116598079561
"26385",0.00195046223964812
"26386",0.0096431238810268
"26390",0.00337051064874564
"26394",0.00268576992120517
"26395",0.00348456661937283
"26396",0.00338653474720622
"26397",0.0121232388999224
"26398",0.00244223599951729
"26399",0.00221469242332384
"26400",0.00147752730775186
"26401",0.00370089275274466
"26403",0.00411770947171853
"26404",0.00126784566336925
"26405",0.00188216693879664
"26406",0.00182987160900842
"26407",0.0020261387936997
"26408",0.00387374217237283
"26409",0.00149529261934202
"26410",0.0217514847430448
"26411",0.0406873037261894
"26412",0.00397844319235531
"26413",0.00288730002922366
"26414",0.00324457877254107
"26416",0.00252846662706893
"26417",0.00275455155598454
"26419",0.00278459879696051
"26420",0.00162967616201535
"26422",0.00130649752328229
"26425",0.00537578656136319
"26426",0.00464720698990584
"26427",0.0560337763742632
"26428",0.00330124060130007
"26429",0.00493844475534698
"26430",0.00196813223140496
"26431",0.00327721881261235
"26432",0.00853961811981565
"26433",0.00249201336457397
"26436",0.0124915480739486
"26440",0.0028386186509003
"26441",0.00141789220475081
"26442",0.00258455124255174
"26443",0.00326081464275702
"26444",0.00771463120963282
"26445",0.00230432626473567
"26446",0.00748174218082805
"26447",0.0037272785082961
"26448",0.0107844447674087
"26450",0.00207479989201049
"26451",0.00667248768824363
"26456",0.00857338820301783
"26457",0.00298109519323055
"26458",0.0135293080007659
"26459",0.279200866312245
"26462",0.00423793936738291
"26465",0.00159656928536103
"26466",0.00218147614371926
"26549",0.119620167834642
"26554",0.00234658930907956
"26556",0.00363444522749072
"26557",0.00789528596312963
"26558",0.00286989795918367
"26559",0.00314099729440808
"26561",0.0718380950027456
"26563",0.0119832956314085
"26564",0.096200144232835
"26568",0.00920308810211625
"26569",0.002424295436397
"26570",0.00549309760861995
"26572",0.00267131061107702
"26611",0.00281436454275422
"26754",0.00164295111111111
"26757",0.00315646085684242
"26874",0.00210586562283023
"26875",0.00692215151415859
"26877",0.00555810267618938
"26878",0.00262538327296672
"26879",0.00275687652724694
"26885",0.00217852570523093
"26886",0.193062884740749
"26888",0.0576014231270498
"26889",0.00206611570247934
"26891",0.00165817942561308
"26893",0.00175850199502702
"26894",0.0014552042111828
"26895",0.00429562875375221
"26896",0.00308876996792844
"26897",0.00504024528261638
"26900",0.00327630967361607
"26901",0.00560062299725674
"26903",0.0156606802928566
"26905",0.00129623302018203
"26908",0.0134731480018174
"26909",0.10542634567681
"26912",0.00695784423765238
"26913",0.00285066582527538
"26914",0.00176541204717181
"26919",0.00255059706310968
"26920",0.00666389004581425
"26921",0.00208127433198778
"26922",0.00407153415128493
"26926",0.00361438560005737
"26927",0.191152793848052
"26931",0.00177723247069067
"26932",0.00286296569669033
"26934",0.00670884437058053
"26936",0.00146651969258461
"26938",0.00159737837686492
"26939",0.00225492337942012
"26940",0.00212729304997162
"26941",0.00688693376491452
"26942",0.00634470868237102
"26943",0.00150815345461401
"26945",0.414312327091533
"26946",0.0370081238031236
"26949",0.00374599529629416
"26950",0.00318442812029078
"26951",0.00783660306369256
"26961",0.00613155390824684
"26965",0.00166997965976331
"26968",0.00396851752657141
"26971",0.00651088238636768
"26987",0.00228855639039222
"26992",0.00268324
"27008",0.00434947334340614
"27015",0.00517633275859452
"27027",0.200616713145988
"27028",0.270838537407183
"27029",0.00888498607351104
"27041",0.00190110062676075
"27045",0.00358935699030146
"27047",0.188268333435364
"27049",0.00303707308000207
"27050",0.0113722229003906
"27052",0.277386624288871
"27053",0.003358868133613
"27054",0.00304193140162651
"27055",0.00516509324574459
"27056",0.0137061273051755
"27057",0.00177309715341935
"27058",0.00262144
"27059",0.00372199302158118
"27060",0.00992740495867768
"27061",0.00244551217814876
"27062",0.00514819201344993
"27078",0.00874259848832133
"27081",0.00226999308641975
"27096",0.00369469163306986
"27103",0.0027173892531784
"27176",0.00540793376950248
"27204",0.00482271875074026
"27205",0.00328500243227959
"27207",0.00790873026288038
"27214",0.0493854630818574
"27215",0.00159781886367687
"27218",0.184952574754385
"27219",0.0518361461816867
"27220",0.0341602446668383
"27221",0.0108077639447113
"27223",0.00265655555944875
"27224",0.0019805239760545
"27225",0.0020966187245743
"27226",0.00197949583453031
"27260",0.283947381290039
"27261",0.0292657913786305
"27267",0.0046350585225912
"27273",0.00943315162886552
"27274",0.00919497091386752
"27275",0.00415775733447165
"27276",0.0121621620199878
"27277",0.00203615067938784
"27278",0.198365252711122
"27279",0.0168985691001848
"27280",0.00756403622143959
"27281",0.010593039044576
"27354",0.00465561185555997
"27355",0.00297409271917583
"27356",0.305309038906244
"27357",0.00303284977684906
"27359",0.0369344163439673
"27360",0.00148833093665004
"27361",0.00409400739149678
"27362",0.00411050741090723
"27364",0.00127182846686133
"27366",0.00151744390567363
"27367",0.00662688700751004
"27368",0.00193028884090534
"27369",0.00471540461248207
"27370",0.00655871850823249
"27373",0.00128645873932202
"27374",0.00188072678050812
"27375",0.0871255972365703
"27376",0.00680800762150944
"27377",0.00296917946972289
"27384",0.206126661586008
"27385",0.179186136563378
"27386",0.00566010713507543
"27387",0.00820840104195391
"27388",0.00327998988638259
"27389",0.116014974682169
"27390",0.260433084583629
"27392",0.00225816224608149
"27393",0.00257399359823814
"27395",0.00248805666270083
"27397",0.00360830210159646
"27398",0.00506241938285168
"27399",0.00136009255067653
"27401",0.0160960318253331
"27402",0.00226757369614512
"27403",0.00660334129756687
"27404",0.00201943474802121
"27405",0.10188760165237
"27406",0.00170740175962001
"27407",0.00231514902940822
"27410",0.00266771508967516
"27411",0.415820629108155
"27412",0.297061093811675
"27414",0.0166552109350508
"27416",0.00390874242297058
"27418",0.00132231404958678
"27419",0.0053993100273125
"27421",0.0346881086119286
"27425",0.00914631404958678
"27426",0.00657159962734042
"27428",0.00919305549445518
"27493",0.0218180202797886
"27494",0.00989611843754424
"27528",0.00402573684596637
"27632",0.00431989188013167
"27643",0.00177634600358724
"27660",0.0290210416700039
"27681",0.00359465460877545
"27756",0.00837775090328167
"27762",0.292028498326638
"27784",0.00349851725064435
"27801",0.00277894027702641
"27878",0.00251434717284751
"27883",0.00214405691102686
"27886",0.00246338989316126
"27965",0.00305092647451801
"27966",0.00620620535894629
"27967",0.00681743176053068
"27973",0.00923703792905846
"27979",0.00422045202736727
"27981",0.00860450632612545
"27984",0.00226039878057494
"27993",0.00253565925429668
"27998",0.00899475224566583
"27999",0.00181021988629747
"28000",0.00205777878100983
"28006",0.00155066006655718
"28010",0.0107850423315206
"28015",0.00217455502161132
"28018",0.00134459383960998
"28019",0.00293966769062679
"28028",0.0025
"28030",0.00277584710253538
"28035",0.0019810217514785
"28036",0.00583197811197696
"28040",0.00325100030778701
"28042",0.00242305581485653
"28064",0.00659694383119255
"28071",0.00427759721606799
"28075",0.00226651544218863
"28077",0.00323664700571833
"28080",0.00337148803329865
"28081",0.00373152951418537
"28084",0.00267714693960716
"28088",0.00144790763278586
"28105",0.0174818229691152
"28106",0.00628210104221058
"28109",0.00203007200803257
"28113",0.00586012723087998
"28114",0.00202056892911743
"28126",0.00299103949526307
"28135",0.00311519740400216
"28146",0.0024507401235173
"28169",0.00180151950708266
"28185",0.00214806399638637
"28193",0.00343274575581997
"28199",0.00127619550169403
"28200",0.00851211451233928
"28240",0.00560383350888953
"28250",0.00343193006386013
"28253",0.773186682520809
"28295",0.00301683507137919
"29805",0.00537904934549285
"29806",0.00483576528551736
"29807",0.0259204976623402
"29808",0.00183765895336419
"29809",0.00417514792899408
"29810",0.00888660846489284
"29811",0.0105302650851111
"29812",0.00241305016928286
"29813",0.00663137009411241
"29815",0.00302657613648492
"29816",0.00159772042900423
"29817",0.00673262295320007
"29819",0.00204162136406888
"29820",0.0016545781634334
"29856",0.0107926634766626
"29857",0.0244284894829915
"29858",0.00192585809576158
"29859",0.00152820173570773
"29861",0.00238251506498267
"29862",0.0725107908671271
"29863",0.00256254842305182
"29864",0.00174125618062143
"29867",0.00254543067094265
"29869",0.00218673981677967
"29870",0.0952317500032547
"29871",0.00316471097312429
"29873",0.00458075969787611
"29875",0.0038344674556213
"29876",0.00665361023238742
"29877",0.00163013334761086
"30044",0.368863686137483
"30045",0.00585385673385339
"30046",0.00224824238027211
"30049",0.0813824381798336
"30050",0.00228547520598197
"30052",0.00855634995706738
"30054",0.0510652356821341
"30055",0.00713306559111119
"30056",0.00434378452815266
"30057",0.00686340343013528
"30058",0.00455126253784293
"30059",0.00511377908649879
"30060",0.181894894547075
"30785",0.00488960947456132
"30791",0.00494509382113414
"30794",0.00604327685449937
"30795",0.00338089821704515
"30805",0.00850884554185237
"30806",0.0143927801455133
"30838",0.00673678529262945
"30839",0.00213512793024534
"30840",0.0038514753969987
"30841",0.0021580454444916
"30843",0.0101687733917096
"30853",0.00160017228847539
"30877",0.00340337170853159
"30878",0.0057912576051023
"30925",0.20176563977062
"30926",0.00345568052055701
"30928",0.00325768944321067
"30930",0.0018571356169982
"30931",0.00437584615319049
"30932",0.00306805995674262
"30933",0.00364751624760719
"30934",0.00198275477915505
"30935",0.00779862222070274
"30937",0.0129658874033924
"30938",0.00692513018750549
"30939",0.0040505809111125
"30940",0.00192491361209759
"30941",0.00260647111080211
"30944",0.00382199023221532
"30945",0.00231408681756751
"30946",0.00314386841062416
"30947",0.00976337482750825
"30948",0.0025197349107539
"30949",0.00171889664805437
"30951",0.00489421914222269
"30953",0.00199833378928649
"30954",0.011662627885776
"30955",0.014770207463254
"30956",0.00748599252838966
"30957",0.00155169131301839
"30959",0.00212005901342606
"30960",0.00161355926142789
"30963",0.00811333882030178
"50490",0.555418133351503
"50492",0.0034406282090013
"50493",0.00164899400383912
"50496",0.00241870464928783
"50497",0.00214877778958825
"50498",0.0498404485065329
"50500",0.0102215242713156
"50501",0.643392719723183
"50505",0.00366295491943782
"50518",0.24845917162018
"50523",0.00367309458218549
"50524",0.00136153219704871
"50525",0.00885076597747065
"50527",0.00237979338370382
"50529",0.00444313946186484
"50530",0.388779797781098
"50540",0.0835511555502529
"50706",0.0559753864425127
"50708",0.00824996375514768
"50709",0.00314888142706909
"50720",0.00493470600911803
"50721",0.00598815617084462
"50722",0.0649398113752074
"50723",0.00498254846473652
"50724",0.00611639450088182
"50753",0.00339319240055398
"50754",0.00205682739258774
"50755",0.00166944166992116
"50758",0.00262965695345019
"50759",0.00678403920489398
"50760",0.0378611395809379
"50762",0.00455010362522215
"50764",0.339419534008984
"50765",0.018097748501568
"50766",0.00238384089415289
"50767",0.00362947251423878
"50768",0.00443712157436857
"50769",0.00542788066334463
"50770",0.00319760527075304
"50771",0.00264850675134042
"50772",0.00224451492394732
"50773",0.00543140126040685
"50776",0.0145963861653881
"50778",0.355768137219425
"50779",0.00296032141068006
"50780",0.00623074639154027
"50781",0.00443206850417819
"50782",0.0391786063986738
"50783",0.00532440066114975
"50784",0.0169500588772991
"50785",0.00304989930836739
"50786",0.0071742026833693
"50787",0.00574393488646905
"50788",0.0342674435741254
"50789",0.00189574754550657
"50790",0.00466056884339998
"50791",0.00134378564526558
"50793",0.00197328941528182
"50794",0.00243373158573728
"50795",0.0248213826822774
"50797",0.00285531146203601
"50798",0.00342264797075293
"50799",0.0260329094445635
"50817",0.00329317295304504
"50849",0.00312339835059232
"50850",0.00182323135012827
"50868",0.00172203115158838
"50873",0.00991955733924777
"50874",0.168124189660723
"50875",0.00353800933652087
"50876",0.00210527151686576
"50877",0.0167037476836012
"50878",0.108270965026999
"50880",0.00577577515011729
"50883",0.0244893232447557
"50884",0.00201968155186913
"50887",0.0195727588636108
"50905",0.0676530508121632
"50907",0.00305370753296796
"50908",0.0430994639154531
"50909",0.0326173585664463
"50911",0.00235918367346939
"50912",0.00341789856317555
"50913",0.00543962520529572
"50914",0.00490918327898789
"50915",0.0023218302521272
"50917",0.00429533581113676
"50918",0.00572305488019362
"50926",0.003838237179614
"50927",0.0044965915419139
"50928",0.111424509878749
"50931",0.0181170649215186
"50932",0.00132767296628366
"50933",0.00294853734858485
"50934",0.0032944073497764
"50935",0.00744672627483316
"50994",0.0431506982904902
"50995",0.0023691944093859
"50996",0.00313617985002936
"50997",0.00186865539461328
"51786",0.00249350227695097
"51788",0.00342252379642768
"51789",0.00475156007535586
"51791",0.00376684606438638
"51792",0.00251360953179416
"51793",0.0140038304514348
"51795",0.195941923599533
"51796",0.00550074793272294
"51797",0.00313904318274189
"51798",0.00500685557787559
"51799",0.00220851920774982
"51800",0.00488004155270679
"51801",0.0072416219270231
"51810",0.00240995262069188
"51812",0.00382813167848784
"51813",0.0033367669349595
"51869",0.00183860520557716
"51875",0.0093949158890172
"51885",0.00351378817452778
"51886",0.00448206920314136
"51897",0.00181713646455917
"51902",0.00377132932292489
"51938",0.011550072664817
"51944",0.0423362855715065
"51960",0.005772200625
"52004",0.00416588212952256
"52009",0.00928755607164593
"52013",0.00561947387844305
"52014",0.0022187956161722
"52020",0.0240305771436568
"52023",0.00406536539732272
"52028",0.0021944656690881
"52033",0.0429839652859418
"52036",0.00140884815187115
"52040",0.00346020761245675
"52055",0.0021931412418171
"52064",0.00137680856103354
"52065",0.00277008310249308
"52076",0.00444444444444444
"52118",0.0119126916762982
"52120",0.00252316589941619
"52123",0.00193213380026567
"52132",0.00556916907997327
"52150",0.0168026977244937
"52163",0.00642510472762061
"52174",0.00285490724646017
"52184",0.00625947363209427
"52187",0.00180113194965616
"52202",0.00525530427288282
"52206",0.00265837334862406
"52231",0.00840027750916771
"52245",0.00626562054009649
"52250",0.00148447587880052
"52276",0.0335995699772889
"52323",0.00351094725080115
"52331",0.0611490630211923
"52335",0.0021398882161182
"52348",0.00160463655878714
"52357",0.00294427041296195
"52377",0.00959967695717993
"52389",0.00653301486799706
"52392",0.00211566892883037
"52397",0.00162278130504071
"52398",0.00151608679243553
"52428",0.00923268290562324
"52430",0.0132948224258722
"52432",0.00178777082759752
"52440",0.00185884630165183
"52443",0.00201041546372819
"52463",0.00382625786486074
"52466",0.006724
"52468",0.00435243553134987
"52469",0.00365066185202922
"52477",0.00189004187410158
"52480",0.00328927462458901
"52502",0.00997227998561098
"52504",0.0183092516818561
"52513",0.00201582673885881
"52521",0.00320361520051644
"52530",0.00554131404914399
"52535",0.00584914699755336
"52538",0.00595306840810902
"52551",0.00160948624494927
"52552",0.00325423985378408
"52563",0.00155048656946677
"52570",0.0425494337072805
"52575",0.0035354273192111
"52585",0.00333786140967494
"52588",0.00224855848702026
"52589",0.00239868959468586
"52592",0.00177381057895498
"52609",0.00235930193273593
"52614",0.276446617301029
"52615",0.00197458568154876
"52626",0.00306899715309292
"52633",0.00730513551026372
"52635",0.00143859801608681
"52637",0.00286989795918367
"52639",0.0061537115090338
"52653",0.00517449492702029
"52662",0.00246655556056034
"52665",0.00284422957885092
"52666",0.00139915320806113
"52668",0.00778282058529911
"52679",0.286044195915505
"52683",0.00314591563271277
"52685",0.346094629506893
"52686",0.00406739034890014
"52690",0.00241915786606657
"52696",0.00232763927362265
"52700",0.00362673258147821
"52705",0.00375390832611121
"52708",0.00256821271899096
"52710",0.0044047066661721
"52712",0.00353495109522899
"52713",0.00341704816588934
"52715",0.00241198825918957
"52717",0.00384760471982212
"52808",0.003958248891133
"52815",0.0117667336972134
"52822",0.00317205566724272
"52829",0.00361010744062962
"52830",0.00323349986358002
"52837",0.00183371548719811
"52838",0.00467381254703024
"52840",0.00534860269210111
"52846",0.00353684333093986
"52850",0.00563565450338821
"52855",0.0155743927457846
"52856",0.00583545082771089
"52857",0.00186886781275213
"52858",0.00177913143580032
"52864",0.00329592971914138
"52874",0.00192060443485024
"52882",0.00243698905380998
"52892",0.00371005149858336
"52897",0.00374632873148151
"52898",0.00281146565711195
"52906",0.00442161482809945
"52915",0.0037814396480946
"53310",0.00778546712802768
"53311",0.149707845481071
"53312",0.00163720805907314
"53313",0.0082804430758804
"53314",0.206712454802216
"53317",0.0028478186368459
"53318",0.0323248710668674
"53319",0.00529143426614532
"53320",0.00722375055515831
"53321",0.00142562759245618
"53322",0.0053521364523514
"53323",0.0038269737414887
"53324",0.00659535743492205
"53325",0.00260277500045439
"53328",0.00276139137286129
"53330",0.00263164789346528
"53331",0.00144793570702121
"53332",0.00216749944414208
"53333",0.00248357968317175
"53334",0.00129313700754398
"53356",0.00240852970370433
"53357",0.00473560985609682
"53374",0.0187872586872141
"53375",0.00271267361111111
"53376",0.00255351257580161
"53378",0.00229848033737861
"53379",0.00760417019837803
"53380",0.0054991212002515
"53381",0.0114157181461746
"53382",0.0018892021006833
"53404",0.082649499903026
"53412",0.00802733135086371
"53413",0.00246076212612913
"53414",0.00199643326083573
"53415",0.0116654312973573
"53416",0.00279516369285252
"53417",0.119315805144518
"53418",0.00554325607541815
"53419",0.376372368063977
"53420",0.00157521159716034
"53421",0.00275972489483272
"53422",0.176991028414859
"53424",0.00185733536954779
"53598",0.00312232587372444
"53599",0.0026241522685316
"53600",0.00425500520907758
"53601",0.0475819422463892
"53602",0.00311601959273754
"53603",0.348329008346594
"53604",0.0207597186140181
"53605",0.00286656518451148
"53607",0.00565823478737567
"53608",0.0153145530072057
"53609",0.0054368103335374
"53610",0.00250808406909889
"53611",0.00156565395165882
"53612",0.00312431809419584
"53614",0.00878181712149717
"53618",0.00152641659683272
"53619",0.00154426766329527
"53620",0.0427955018195583
"53621",0.00202983005195185
"53623",0.00436422383772689
"53625",0.00325164486794558
"53626",0.0165779439665494
"53627",0.00264730405226754
"53761",0.00348207991965396
"53791",0.124681896094508
"53817",0.00229481157445588
"53857",0.0201471502737283
"53858",0.00440801472555201
"53859",0.0113418655267239
"53860",0.00207074491121254
"53861",0.00678173179665957
"53867",0.0489874734894
"53869",0.00257086692467911
"53870",0.0119747204295926
"53871",0.0347798683084017
"53872",0.0046511090789713
"53881",0.00675316623016231
"53883",0.00366264109881261
"53885",0.00381790151942948
"53886",0.0038806772373018
"53890",0.00313300656263326
"53892",0.00406259190017487
"53893",0.00267394272860966
"53895",0.00532885314083076
"53896",0.00595025828171505
"53897",0.0167749310494992
"53901",0.00295563293698721
"53902",0.00542727386094389
"53945",0.0052649873393997
"53951",0.00225809394729849
"53970",0.0046539455785226
"53972",0.00238011744055779
"53975",0.00571095923090328
"53978",0.310712895767038
"54003",0.00228260363907843
"54004",0.00296483100792193
"54006",0.00520953411612446
"54120",0.208618191831994
"54122",0.00283216399277367
"54123",0.0425175552370223
"54124",0.0364281100928571
"54125",0.0178354977975313
"54126",0.00137174211248285
"54127",0.00984705997953256
"54128",0.00848337950138504
"54130",0.0021977249916689
"54131",0.00808972407334639
"54132",0.0454156198292595
"54135",0.0094562643298773
"54137",0.0712718987113705
"54138",0.001650390625
"54139",0.0252886866018016
"54140",0.174018370500634
"54141",0.00894765288795477
"54151",0.00179087091511095
"54152",0.00199824713461113
"54153",0.025177455495497
"54156",0.0231828184683387
"54159",0.227207233424449
"54160",0.001936
"54161",0.00344736111300989
"54169",0.01
"54170",0.00174791494999909
"54188",0.00501717390138337
"54189",0.00113181385215328
"54194",0.00612646834292068
"54195",0.00565953319642283
"54196",0.00321408642817286
"54197",0.00559208039996104
"54198",0.00158318683798035
"54199",0.0485850641455612
"54200",0.00914669176210528
"54201",0.00394048301323228
"54204",0.244422864417496
"54208",0.0013732829628107
"54214",0.0025
"54215",0.103247590798325
"54216",0.00234116420308572
"54217",0.0122061809339614
"54218",0.0086851886032462
"54219",0.00620163265401714
"54324",0.0112747861024396
"54325",0.00853652575889523
"54326",0.00446596851784255
"54338",0.0020595573527253
"54342",0.00629881582262535
"54343",0.00230689744328408
"54351",0.00215908623667114
"54352",0.317253410856851
"54353",0.009206537641341
"54354",0.00596819571351787
"54357",0.0037180249851279
"54364",0.00551350320671942
"54366",0.00532377001347494
"54367",0.00614317019722425
"54368",0.128394209452686
"54369",0.0148642282413194
"54371",0.00459068530050909
"54373",0.136211217322257
"54375",0.00151993585870676
"54376",0.00478635377887175
"54377",0.00416233090530697
"54378",0.0172859519420866
"54380",0.00149235204028845
"54381",0.00473700601550591
"54383",0.00189335922766413
"54384",0.00411155266996961
"54387",0.00205597909954469
"54391",0.00153950130953198
"54392",0.0867864210913375
"54393",0.00150120504895086
"54394",0.0042062602148616
"54396",0.00798410302207661
"54397",0.00407061544479071
"54399",0.00339883042473374
"54401",0.00516081188257016
"54402",0.00470898237776047
"54403",0.00320284687364689
"54405",0.00587023826242236
"54409",0.00492134885164357
"54411",0.00192184587048808
"54418",0.00262450382680351
"54427",0.372731610771165
"54445",0.00483931947069943
"54446",0.00616613798560882
"54447",0.0104540395260005
"54451",0.00227393881216203
"54473",0.0011490950876185
"54484",0.00147429163965929
"54485",0.0133946602086093
"54486",0.00828462412662319
"54519",0.0636176575190658
"54524",0.0154749768647391
"54525",0.0018386924927658
"54526",0.00599532989317067
"54561",0.00759180821417942
"54562",0.0202129176689568
"54563",0.00450542145428855
"54598",0.00568401046170243
"54601",0.00712913973595559
"54604",0.00270165022822305
"54607",0.00292263993203864
"54608",0.00312134575032101
"54609",0.00568889401098124
"54610",0.00617924229235334
"54611",0.0077464977096026
"54612",0.273748428648442
"54613",0.00736749233812566
"54614",0.00495380543651131
"54616",0.00156634379367064
"54624",0.00356183290871259
"54630",0.0506859939703733
"54631",0.0270479236658092
"54632",0.00241474442948644
"54633",0.00151704605124974
"54634",0.107584
"54635",0.00668030558349521
"54636",0.00242827999834944
"54637",0.00194400162056916
"54638",0.00461747890550032
"54644",0.00193257713833203
"54645",0.00382720482619937
"54646",0.00335131728969053
"54648",0.00923610079770955
"54650",0.003409327575612
"54651",0.00366956360946746
"54667",0.0031763275609794
"54670",0.0364929159467954
"54673",0.00272815245907997
"54678",0.00458488892528308
"54683",0.00474913165784577
"54709",0.00355721417144217
"54710",0.047137373269211
"54711",0.0232508425129521
"54712",0.00316051716265888
"54713",0.0131726356821282
"54720",0.0025587871416236
"54721",0.00406330720334224
"54722",0.00583003712781189
"54723",0.00443085287917628
"54725",0.00162652156573396
"55927",0.00695339750796986
"55932",0.0100787125103782
"55934",0.00415980662321695
"55935",0.00673497103685295
"55936",0.00240497179045376
"55942",0.0133449355965523
"55943",0.00252302366976307
"55944",0.00181642541309901
"55946",0.00212002576983427
"55947",0.006804970810039
"55948",0.0399490237182541
"55949",0.00468705059753289
"55950",0.0046527750928216
"55951",0.00414372513412391
"55960",0.00296478329884766
"55961",0.411088648404189
"55963",0.00197460649725786
"55978",0.00346533846030108
"55979",0.00150519527791191
"55980",0.00157075733075239
"55981",0.0126285269706761
"55982",0.00247812389874373
"55983",0.00865258037620568
"55984",0.0034079574978925
"55987",0.0324652604321904
"55988",0.0019672183981944
"55989",0.00201739927282192
"55990",0.0401292870408772
"55991",0.00418301637774773
"55992",0.00305889329296838
"55994",0.00663923182441701
"56009",0.00926052986374685
"56012",0.010887840909787
"56013",0.00279243365722187
"56016",0.0157975665006466
"56017",0.0067578070934256
"56018",0.00696112778845031
"56030",0.00420223584695776
"56031",0.00704508725514473
"56032",0.00268176020408163
"56036",0.00483285195458835
"56040",0.0096228935098399
"56041",0.00492576254455673
"56043",0.00308518209104249
"56044",0.0017853600476096
"56045",0.00630908283937764
"56046",0.00290636766722598
"56047",0.261944577046369
"56048",0.00245428975124343
"56050",0.0403763578214829
"56055",0.00330189189998274
"56068",0.0305045951627469
"56070",0.0038846959386074
"56072",0.340057885295
"56075",0.00851814657227424
"56077",0.00332759738413105
"56078",0.0121588534336732
"56079",0.00437815027990922
"56085",0.00168989184351134
"56086",0.00116942076316294
"56087",0.263400336248453
"56088",0.00612808077572935
"56089",0.0296776273119128
"56095",0.00335131728969053
"56149",0.00350685439099744
"56150",0.0083938914526718
"56173",0.0870786155242814
"56174",0.00332373092552103
"56175",0.0513412619454003
"56176",0.00559906884107472
"56187",0.00381764229640446
"56188",0.00747476636259984
"56190",0.0270692294812644
"56191",0.00326002459298987
"56193",0.0043077623650812
"56194",0.00279756132127555
"56195",0.00326721092399661
"56196",0.00329654714389524
"56198",0.0199375734223214
"56199",0.00303852617120932
"56200",0.00250439174267587
"56205",0.00215872594281526
"56207",0.0036963868907161
"56208",0.00125184552264975
"56209",0.00320398718405126
"56210",0.0045850509762915
"56212",0.0116526976750822
"56213",0.00237175376158704
"56214",0.00365369741260893
"56215",0.0025680976301304
"56216",0.00149565859685257
"56217",0.00165542092394197
"56218",0.00255612238519113
"56219",0.00190077545421461
"56220",0.00262964163150946
"56221",0.145715623879035
"56222",0.0678710138612418
"56224",0.00207607598335854
"56226",0.0480169119533125
"56228",0.00324840935327123
"56229",0.00966937527854624
"56233",0.00515320386099056
"56248",0.00319095623798147
"56249",0.00230927532740916
"56258",0.00587473371198858
"56264",0.0124917751801256
"56273",0.00208443918639916
"56274",0.00787013757779231
"56275",0.003049520933953
"56277",0.0448138160294472
"56278",0.00798887931709609
"56279",0.00497387261504317
"56280",0.00294815063476563
"56282",0.00628469436083818
"56284",0.0016675673793429
"56289",0.00707115242474342
"56291",0.00719252948222039
"56292",0.00307661948005306
"56293",0.474820448506749
"56294",0.00229791229192717
"56295",0.00202113481766776
"56296",0.214612827591634
"56297",0.00256751384258653
"56298",0.00136207425009187
"56299",0.00889642555899339
"56305",0.00479680735333618
"56306",0.0132154449398025
"56307",0.0015969306666425
"56309",0.0138475063597504
"56310",0.00461005964978914
"56312",0.0291126295714236
"56314",0.00694444444444444
"56315",0.367495555471153
"56316",0.00430657553141166
"56317",0.00308465280321389
"56320",0.00230570639922369
"56321",0.0034332275390625
"56322",0.00332109923715631
"56323",0.00339484327320446
"56324",0.00284669880888496
"56325",0.00361458096071926
"56327",0.0041562013537805
"56330",0.005845601549306
"56332",0.00432258256248195
"56334",0.00170926041314618
"56335",0.00481089967599783
"56336",0.00149339084463129
"56338",0.011417679544181
"56347",0.0029630876562953
"56348",0.00181077410593029
"56349",0.00307067119403137
"56350",0.00334100397364318
"56351",0.00181212669158318
"56353",0.00331359690598693
"56354",0.00222413459302783
"56356",0.00978014786780474
"56357",0.00145842530889291
"56358",0.0149776605703232
"56360",0.00429368806166246
"56361",0.00656682083934425
"56363",0.00236168730246063
"56364",0.00213166793105992
"56367",0.00237443399273553
"56368",0.00519768355827191
"56369",0.00635082859837659
"56370",0.00249002992019952
"56371",0.00231746381356865
"56372",0.00285230745228914
"56374",0.0020219007395241
"56375",0.00380027419096156
"56376",0.00370247247935811
"56378",0.00242125358100812
"56380",0.0215846392675343
"56381",0.00461526364839609
"56382",0.00255991164380914
"56384",0.002337539389162
"56386",0.00267473458713792
"56389",0.00225806904896515
"56390",0.00552186164309752
"56392",0.0015105715778127
"56395",0.00216485431828342
"56397",0.00194457907437952
"56398",0.00142898289471701
"56399",0.00270056641367186
"56401",0.0106177213683827
"56403",0.00368984164039958
"56404",0.00303004797575962
"56405",0.00468210549139845
"56406",0.00475624256837099
"56407",0.00238746509287068
"56409",0.00276152686635978
"56410",1.58422199039995
"56412",0.00673694458243757
"56417",0.00396800793601587
"56418",0.00167856961225216
"56419",0.0132540693623494
"56420",0.00400074434994941
"56421",0.00711989351098764
"56422",0.00143158490030665
"56424",0.0016948694386416
"56426",0.0058477508650519
"56427",0.0139137567628773
"56428",0.00206520686060392
"56430",0.00181077410593029
"56431",0.00148953311813799
"56433",0.00482836045673187
"56434",0.0016715211254698
"56436",0.0019230768775463
"56437",0.0502763054983289
"56438",0.00279158034086496
"56440",0.00139845506112335
"56441",0.00775973006422058
"56442",0.00440613044692926
"56443",0.00126046006792479
"56444",0.00189156251604551
"56445",0.00286677562034153
"56447",0.00209201452963927
"56448",0.00627698629460182
"56449",0.00354642722054112
"56451",0.00214029710869923
"56452",0.00509490259989883
"56453",0.00120598655938626
"56454",0.00347219496024409
"56455",0.00190698614520589
"56456",0.00359734184234161
"56457",0.00119608609589128
"56458",0.00362532962177737
"56459",0.00199125912458496
"56461",0.00154256986285563
"56462",0.00229081178343144
"56463",0.00147392255917745
"56464",0.0028356978708958
"56468",0.0013106380444892
"56469",0.00245502775667974
"56470",0.00372877424684063
"56471",0.00191698361746904
"56473",0.00598446340905039
"56480",0.00350579170554596
"56484",0.0033461647248534
"56485",0.0115524729213282
"56486",0.00327844392964524
"56488",0.00606997634444724
"56489",0.111239097175619
"56490",0.0049047326480219
"56491",0.00149076016123569
"56494",0.00213877795244963
"56495",0.00309923476877366
"56496",0.00478295047602411
"56501",0.0841825405677837
"56503",0.0033542250904877
"56504",0.0544728120065238
"56505",0.0031906796300972
"56506",0.00655808210354682
"56508",0.0096812954629764
"56513",0.00478278325562261
"56515",0.00393727237984884
"56516",0.0113968801539385
"56517",0.0539323127353457
"56520",0.0286767486149585
"56522",0.22285649455272
"56524",0.00330837647163675
"56525",0.00291263598561227
"56526",0.00264355042536523
"56527",0.00701181318269792
"56529",0.00351081813744371
"56530",0.00433374929945374
"56531",0.00362754062377555
"56532",0.48427057807975
"56533",0.00424998555616574
"56534",0.0924835969430275
"56535",0.00327307981677614
"56541",0.00158528916867078
"56542",0.00408000946184138
"56543",0.00256455731637428
"56544",0.0304662763787861
"56546",0.200889220541125
"56550",0.00156452063802224
"56551",0.00529196620532115
"56612",0.00878340217974749
"56613",0.00603091652260216
"56615",0.0135062089116143
"56620",0.191283152213702
"56622",0.0853800110658417
"56626",0.00631931643014112
"56631",0.00553701699764775
"56632",0.00281432729361058
"56637",0.00339784886127879
"56642",0.298764663574292
"56644",0.072838746471875
"56690",0.00299680074157669
"56692",0.00285152457722444
"56693",0.014060360001929
"56695",0.00157022001714337
"56697",0.00149633558402193
"56698",0.001533285383107
"56699",0.00363054780122503
"56700",0.00315234883982039
"56702",0.016302463493563
"56703",0.00387591030901301
"56705",0.00128987958352196
"56706",0.00487198211489205
"56707",0.0055166970757223
"56708",0.148234948487337
"56709",0.00150479007359436
"56710",0.0021866884340996
"56711",0.0150625031320444
"56715",0.0034560074822197
"56716",0.00175918210214952
"56717",0.00236778597690283
"56720",0.00959307435659542
"56722",0.00654987782582828
"56724",0.00191487841239172
"56726",0.00435458909664415
"56736",0.00158211695360663
"56737",0.0029957675003277
"56738",0.00962765790808842
"56739",0.0344021156856675
"56741",0.00670747604973503
"56742",0.00887418609535812
"56743",0.0207402433109829
"56744",0.068652930877048
"56745",0.0344018128476984
"56747",0.00528048018367455
"56748",0.0021325861358115
"56749",0.00424012979989183
"56752",0.0030401819084051
"56758",0.00278052638485464
"56771",0.00432798622467005
"56772",0.00206419388346621
"56773",0.0479490836734876
"56784",0.00243725292991019
"56786",0.00168709398061838
"56788",0.0418624355153341
"56790",0.00457275159159056
"56791",0.009390775325121
"56792",0.0811658482821098
"56794",0.00683262818104707
"56795",0.00190724482954744
"56802",0.437003209898227
"56805",0.00654986946966829
"56807",0.00164864961491492
"56808",0.00826638343803309
"56809",0.00434448190355521
"56811",0.203762257463041
"56812",0.0015450206935177
"56838",0.172547140988314
"56839",0.00396346946042149
"56844",0.0032406327659765
"56846",0.00420676034245073
"56847",0.113907360638485
"56856",0.127438884910037
"56857",0.0160885402593229
"56869",0.00719559722779536
"56873",0.00169430662455285
"56874",0.0060832598089915
"56876",0.00463338132372399
"56878",0.0092474048850945
"57028",0.0022755934023399
"57080",0.00512697947155831
"57138",0.00282815454489111
"57170",0.00522591152582897
"57230",0.00186321328299295
"57247",0.00505953462128669
"57249",0.340397486086977
"57257",0.00215663909363648
"57258",0.00334406910147788
"57259",0.00383438614691426
"57261",0.00863446803477824
"57265",0.0110579889156105
"57266",0.00693185823145407
"57267",0.00492610383661961
"57274",0.0956656956937611
"57275",0.0346133044889129
"57276",0.0544684512998755
"57278",0.00808866976035829
"57279",0.00394668549123133
"57294",0.0151228670817237
"57295",0.00189035916824197
"57296",0.00198943055335613
"57312",0.00289050757312984
"57314",0.00249607107058557
"57315",0.00817992844264123
"57316",0.0034579001664887
"57317",0.00530791865794165
"57319",0.00337148803329865
"57320",0.00278189506946882
"57321",0.00180514913152031
"57330",0.00231048468708152
"57339",0.00359646072097338
"57340",0.00291099382706449
"57342",0.00154233989391356
"57344",0.0102834186534717
"57349",0.270025071737012
"57354",0.00369915915888682
"57355",0.348461817250793
"57357",0.00596390837495396
"57370",0.00239361847670395
"57373",0.0232333630239641
"57376",0.00195409592911938
"57377",0.00310504064450573
"57423",0.00605027505409678
"57429",0.285068147023879
"57431",0.00674042157153421
"57432",0.01555900218568
"57434",0.00522003786054744
"57435",0.0189813422617836
"57436",0.0021991701439795
"57437",0.00421105261276624
"57438",0.00416689472528499
"57439",0.0016288767828363
"57440",0.00248510958427379
"57441",0.0245822376763044
"57442",0.211503583414368
"57443",0.00213918723213112
"57444",0.113092453923476
"57738",0.00579870250284651
"57740",0.0042650778270388
"57741",0.0024507401235173
"57742",0.0391350073901035
"57743",0.0029559285128427
"57745",0.00537474398457799
"57746",0.0709533494045955
"57748",0.00228009621960816
"57749",0.48474682874228
"57750",0.00206776430859966
"57751",0.00370379595900772
"57752",0.00186578271232593
"57753",0.00600054637169436
"57754",0.00155235592378921
"57756",0.189103639374592
"57764",0.0115857325907675
"57765",0.291543421212328
"57773",0.00382978366030637
"57775",0.00372240393224028
"57776",0.0045485423661281
"57778",0.00377740448133492
"57780",0.00471994343791071
"57781",0.147949130293543
"57782",0.00360961923419031
"57783",0.00759852484828842
"57784",0.00471346046194894
"57785",0.0115352889602252
"57808",0.0121
"57810",0.00328370313656284
"57813",0.00401277729905978
"57814",0.0977315294344764
"57815",0.00254048517169615
"57816",0.00347152279643667
"57837",0.00385019753556032
"57869",0.00357990616634444
"57874",0.00168401214727876
"57875",0.0405243777362699
"57895",0.00626426196816761
"57896",0.0067181576786845
"57905",0.00419191646058771
"57908",0.0036362718113179
"57912",0.00254534450144951
"57913",0.0432462427390267
"57914",0.00929017273914937
"57915",0.00499189637384697
"57916",0.054437998072672
"58172",0.00253859918971571
"58175",0.00999382366580174
"58178",0.00686664629279715
"58180",0.00794667973449697
"58182",0.159028029309265
"58184",0.00214966547042132
"58185",0.0270470079763358
"58186",0.00596179885661078
"58187",0.00633141748134002
"58188",0.00292680326467481
"58193",0.00244516352829972
"58194",0.00286509518543014
"58198",0.00484210749856654
"58200",0.00543309007497529
"58202",0.00184627953744445
"58203",0.33465133499466
"58206",0.0199202220139844
"58207",0.0761134303156009
"58208",0.00312015086606924
"58212",0.00197470332254518
"58220",0.0128788536116151
"58222",0.0319414155975613
"58223",0.0294921752022555
"58226",0.00207586733515559
"58227",0.00901004151027902
"58229",0.00699035800169676
"58230",0.00171909863943454
"58231",0.00160476111490909
"58233",0.00408416680589261
"58234",0.00772620890558302
"58235",0.00643587101804411
"58237",0.00956783153476804
"58238",0.00693084788491627
"58239",0.001899271703509
"58240",0.00361931566735497
"58242",0.00188873040084024
"58243",0.00257562052050769
"58244",0.002316838807607
"58245",0.00346064726908887
"58246",0.00282711540634014
"58248",0.00563002568659324
"58249",0.00306350654535158
"58250",0.00278097208917145
"58251",0.224498213016716
"58520",0.00474012052749566
"58521",0.00291259436006637
"58523",0.00405392136234202
"58799",0.00245305268778925
"58800",0.0017721491835433
"58801",0.0281251819795159
"58802",0.00391842034981046
"58804",0.125731839522107
"58805",0.0443454500909475
"58807",0.0037008473704419
"58809",0.00482231974553347
"58810",0.00308721558103466
"58859",0.00536604723701712
"58861",0.0296526551267184
"58867",0.237268922940067
"58869",0.00378013727522735
"58875",0.00341109244243147
"58887",0.00186663018973722
"58894",0.00506525533111942
"58909",0.0113564137991236
"58911",0.0025567664009685
"58988",0.0213760064572704
"58991",0.183821384396369
"58992",0.550163572522559
"58994",0.00234906717795519
"58996",0.00383438713034873
"58998",0.00411502363422351
"59001",0.00787408257915123
"59002",0.00450116825877207
"59003",0.00206097149219957
"59004",0.00588967009194159
"59005",0.00632619669401714
"59007",0.00184116857203258
"59008",0.00195726938810895
"59009",0.0107681085907205
"59010",0.0144821042783843
"59012",0.0125831361439369
"59013",0.00648476728861005
"59014",0.00278852173622594
"59015",0.00327322681359045
"59016",0.00255347442281575
"59020",0.350068500888376
"59021",0.00294165343413202
"59022",0.00302371208090869
"59024",0.0044170096677329
"59025",0.00572793371742145
"59026",0.00271181754054883
"59027",0.00215797105615677
"59028",0.00390083029895289
"59029",0.00188637247163276
"59030",0.0025224717971405
"59031",0.00406466785352269
"59032",0.00498080853267959
"59033",0.00419814974274221
"59035",0.00180772630658664
"59036",0.00604832434528361
"59038",0.00407560721524628
"59040",0.00184363049558629
"59041",0.00153737985313953
"59042",0.00400589444348909
"59043",0.0031994295926166
"59044",0.00189142355964444
"59045",0.00318850933857526
"59046",0.00177965875778716
"59047",0.00466558840851589
"59048",0.00241870464928783
"59049",0.00203428897863747
"59050",0.00490177156456629
"59052",0.00444444444444444
"59053",0.0087621090913848
"59054",0.00333005479447498
"59056",0.0116352585716365
"59057",0.00193171890476012
"59058",0.00263580877902742
"59069",0.0013591743447613
"59079",0.00443250504232988
"59083",0.256549940947012
"59090",0.002371458363527
"59091",0.0743572878836893
"59092",0.0055075662145895
"59093",0.00430317315734632
"59095",0.00512550743534963
"59125",0.0026644744647514
"59126",0.00221401705461613
"59287",0.00299497537189674
"59288",0.0017819089850192
"59289",0.133202956045682
"59308",0.01036324
"60315",0.00224364922466432
"60321",0.00262984878369494
"60322",0.0077196030605767
"60344",0.065440778799351
"60345",0.00442764936602907
"60363",0.366007598481039
"60364",0.00613581748391136
"60365",0.00185855361837433
"60367",0.0188119682750608
"60406",0.00831526509616351
"60409",0.00255545703590083
"60411",0.065692450451631
"60425",0.0498804926420762
"60440",0.0117060906058711
"60441",0.00179713367158301
"60455",0.00666156951113185
"60504",0.053198034943781
"60507",0.00677775354521695
"60510",0.0400407435675147
"60525",0.00225152580815776
"60527",0.00484541354080097
"60530",0.018139497374479
"60532",0.00128973708418529
"60533",0.0273464045317235
"60534",0.00861677091759325
"60594",0.146672702580353
"60595",0.00262873914287029
"60596",0.00212672228962826
"60597",0.00107687047224427
"60599",0.00517723568821009
"60611",0.0031376457622388
"60613",0.00792300627456497
"63828",0.00482412774072859
"63830",0.0119799014875869
"63856",0.00344770113795395
"63857",0.292836218920507
"63872",0.0679134433730938
"63873",0.183881068658431
"63913",0.0145564872381584
"63953",0.0110613640302486
"63955",0.0111602565045685
"63958",0.00307712191305076
"63959",0.0066272140301124
"63985",0.00179303092852369
"63986",0.0577164866182296
"63993",0.0628370504982104
"64008",0.0285697250625866
"64009",0.0031251872411483
"64010",0.00408547543524575
"64011",0.00277922713996015
"64050",0.00302638472825335
"64051",0.00495406598484327
"64058",0.0436374441448834
"64074",0.00398143822904134
"64075",0.00623349903063697
"64082",0.58616928871214
"64085",0.0049994898479747
"64095",0.0212911555479031
"64099",0.00499065108752461
"64103",0.325104298317395
"64113",0.0092011224817519
"64136",0.010757922592273
"64138",0.0035470025508991
"64143",0.0044052000939776
"64144",0.00417348776504262
"64176",0.00650575255929585
"64177",0.127478064363092
"64209",0.00227766749046599
"64213",0.00364479911655814
"64214",0.447992889001762
"64242",0.111111111111111
"64290",0.420512302774562
"64291",0.00146067464974097
"64292",0.0164957371538699
"64293",0.0506739485105569
"64294",0.0028495079849546
"64295",0.00526188622513356
"64296",0.00361592666724059
"64297",0.00204536202606323
"64337",0.0190240377797506
"64339",0.00492091779906438
"64340",0.00193042112665396
"64378",0.0824474386416437
"64379",0.20239882407681
"64380",0.150580346709065
"64383",0.00187601114292243
"64384",0.00747482560324244
"64385",0.00784462378907163
"64406",0.275347653661371
"64424",0.00787981133755292
"64436",0.00497701257271533
"64450",0.00209744971158673
"64451",0.00346665270090909
"64453",0.00306069227925477
"64540",0.0161073311339772
"64580",0.00550442511324435
"64602",0.00439235701919245
"64652",0.0012181913054478
"64654",0.417726736674479
"64655",0.00394206456576519
"64656",0.00400931285631835
"64657",0.00583119184784626
"64658",0.00269393326229332
"64659",0.00443696850893926
"64660",0.011184407419952
"64685",0.017181555171088
"64704",0.00580712934199242
"64706",0.00960550197442786
"64707",0.0110790550277893
"64817",0.0453281401917672
"64833",0.13972614198965
"64898",0.00311479384181662
"64899",0.0181902683255095
"64929",0.0301961838215533
"64930",0.00133923125942848
"64933",0.00220414820692543
"64934",0.00268140751848945
"64945",0.00284977486153643
"65019",0.00700133159656711
"65020",0.00327704829861236
"65079",0.0040714010609058
"65086",0.245043594179306
"65098",0.00272507843914745
"65099",0.00373128836865836
"65100",0.025696823986126
"65102",0.00340935405868018
"65103",0.00861904557471884
"65105",0.00577534111876399
"65106",0.00199286419478538
"65107",0.00309502300955011
"65111",0.00237953599048186
"65112",0.00797973554083197
"65113",0.00253661646358437
"65114",0.00275166198581393
"65115",0.0105690674983292
"65116",0.0142812908733836
"65221",0.0269644171019899
"65246",0.00240537141466185
"65247",0.00267177771654873
"65254",0.00583137457898415
"65255",0.0618333380994595
"65256",0.0247882959093398
"65257",0.00280604323703683
"65945",0.00171300942422563
"65960",0.00211353769282069
"65961",0.00331312397359564
"65962",0.00353851671059267
"65963",0.00611416814666007
"65964",0.00370771543917898
"65967",0.00384849166456758
"65969",0.196670202816703
"65970",0.00310236658037452
"65971",0.0130563748752495
"65972",0.0322797774691382
"65973",0.00114719069833614
"66011",0.00706242120347287
"66039",0.140799909562006
"66042",0.148390766844294
"66043",0.00284187361788973
"66044",0.00382139993088023
"66046",0.00481895265555483
"66047",0.00694444444444445
"66048",0.00301122741133293
"66049",0.0027913819034888
"66050",0.00413274264978405
"66052",0.00294403435441144
"66053",0.00246513408115322
"66054",0.00334089913069642
"66055",0.00389974771232133
"66056",0.0111209373518189
"66058",0.0140709568389172
"66059",0.00342633859990697
"66060",0.00462269082673363
"66061",0.00735509750755858
"66066",0.00924963155867746
"66067",0.00536962361261478
"66069",0.00281692065622126
"66070",0.00225625
"66071",0.00827939745843721
"66072",0.00182134296977837
"66073",0.00268423654268416
"66074",0.00146244730641414
"66075",0.00433806948133762
"66077",0.00354982639737885
"66078",0.00197530864197531
"66079",0.00744619721162788
"66082",0.00375926135442906
"66083",0.00521697928410614
"66084",0.00393918581963433
"66085",0.00599007540039481
"66086",0.00462227591351237
"66087",0.00170942579205397
"66089",0.0016013187039053
"66090",0.00268044866958402
"66091",0.00523821193704851
"66092",0.00199496333331281
"66094",0.0105750336495657
"66096",0.00493331599304638
"66098",0.00488862449600106
"66101",0.00954955460092358
"66102",0.116053740210812
"66104",0.00323881287593364
"66105",0.00267240816769947
"66108",0.00147816393520538
"66109",0.0016420280616732
"66111",0.00324608906095005
"66112",0.329121891340148
"66114",0.00367251942546965
"66116",0.0108636234804673
"66117",0.0125667044482539
"66118",0.00355769844612129
"66119",0.00289758170209947
"66120",0.294487111111111
"66121",0.0100508258393672
"66123",0.110366755515944
"66124",0.00538771376716604
"66125",0.00679988429756731
"66126",0.00967605780667927
"66128",0.00407341726426267
"66129",0.00358311842888316
"66131",0.00477334542529925
"66132",0.00751102536856769
"66136",0.00625885547070312
"66138",0.00371740394282972
"66139",0.165835389751778
"66140",0.0112216317150244
"66141",0.017464796479654
"66142",0.0063644280447885
"66143",0.00594611415144352
"66144",0.00524294733754395
"66146",0.00173293345805488
"66147",0.00701891516613127
"66148",0.00396552846612107
"66151",0.00238892456290185
"66152",0.00647650198576246
"66153",0.0367182285528627
"66154",0.00345140674884088
"66155",0.00418200498039531
"66156",0.00504827708760943
"66158",0.00228919676993169
"66161",0.00437335120754698
"66162",0.0118270336918682
"66163",0.00344970357314533
"66164",0.00391348618766546
"66165",0.00286503784496802
"66167",0.00503992406242001
"66168",0.00199869735019124
"66169",0.00632008742435838
"66170",0.00793544562691499
"66171",0.00841816982665681
"66172",0.00753411443090295
"66174",0.0118953503959928
"66175",0.0839737492599794
"66176",0.0062520281233099
"66177",0.00396042677844694
"66179",0.0169061994785209
"66180",0.00898843744125429
"66181",0.00622191031282173
"66183",0.0419319414887155
"66184",0.0055266354073203
"66185",0.00261492768595041
"66190",0.00421042798969256
"66191",0.00268772961838221
"66192",0.00687624634742872
"66193",0.00203642570170952
"66194",0.00423940050581423
"66196",0.0220907152036903
"66197",0.0430446225161249
"66199",0.00448947101411226
"66200",0.00670839002267574
"66201",0.00231713668454149
"66202",0.00426373703433163
"66204",0.00832429582952861
"66205",0.00577466087057773
"66206",0.00357779340780386
"66208",0.00658632845559002
"66209",0.00343344921996377
"66211",0.268046269030779
"66212",0.013062901855125
"66213",0.00376763626611547
"66214",0.0139704334478715
"66218",0.0081995163990328
"66220",0.0106210943791103
"66222",0.0174093364197531
"66223",0.00212379315451407
"66225",0.00380618553903863
"66226",0.00189753719260554
"66229",0.00285000271267361
"66230",0.00729128034882925
"66231",0.00340150368707369
"66233",0.00336863718211372
"66234",0.00136916243818292
"66235",0.00221055119642634
"66236",0.00204411869807698
"66237",0.0017536033040692
"66240",0.0216961724841234
"66241",0.00379116380698354
"66242",0.00792405937161455
"66244",0.00421835865965888
"66245",0.00313895548484948
"66246",0.00525400298221066
"66248",0.0034637875693975
"66249",0.00409274837698163
"66251",0.00493749644705525
"66253",0.00177360288563396
"66254",0.00572404049477726
"66255",0.12670280317332
"66256",0.00348931315078069
"66257",0.00141488897146411
"66258",0.00258421236107881
"66259",0.00234466468339714
"66262",0.00310259411302297
"66263",0.0133329536123333
"66264",0.0083249948190069
"66266",0.00169271779833647
"66268",0.00930299540165182
"66270",0.00227532166440604
"66271",0.0049
"66272",0.011005509175397
"66273",0.00558963867030317
"66274",0.00362083577231798
"66276",0.00495631974196785
"66277",0.00637521783546662
"66278",0.00471271382256765
"66279",0.0058165051756659
"66282",0.00623268698060942
"66286",0.00276564801351376
"66290",0.00380264710149701
"66291",0.00615395768844989
"66292",0.00645727040816326
"66293",0.0211040660537192
"66294",0.00331363994781826
"66296",0.00218404540510395
"66297",0.0105434886290385
"66300",0.00960967605207719
"66302",0.00628346222486615
"66306",0.00680199808693804
"66307",0.00459536745222119
"66308",0.00554061023660794
"66309",0.00236045403322809
"66310",0.00308811815434915
"66311",0.0147577503429355
"66313",0.00181275147308404
"66314",0.00373355602888231
"66315",0.00419790126458918
"66317",0.00366269658433729
"66320",0.00530168687842842
"66323",0.0380686989020288
"66329",0.0217835676540249
"66330",0.184308038714404
"66333",0.00368360350211272
"66335",0.00200250909940135
"66336",0.0116913624785136
"66337",0.0145313486031134
"66340",0.00503578582580662
"66341",0.227056778533668
"66343",0.00417838972284992
"66349",0.00223383293988674
"66350",0.00557370952781079
"66352",0.00499083445366945
"66353",0.0344603782247009
"66354",0.00244871931129769
"66355",0.0029186788279043
"66356",0.00260660188048273
"66357",0.00317484163199249
"66358",0.00808377363622613
"66359",0.00601063815487668
"66361",0.00473662247555784
"66362",0.00602953667732549
"66364",0.0101738316020882
"66365",0.00369712886038231
"66366",0.00191805636954553
"66367",0.00630545882876599
"66368",0.00226049306441327
"66369",0.00445860153504519
"66373",0.0149762824587999
"66374",0.00533312348480036
"66375",0.00279995267130335
"66377",0.00577553629172169
"66379",0.00480834434975867
"66381",0.0063535695642836
"66383",0.00272819674744898
"66384",0.00385576587779001
"66385",0.00208979591836735
"66387",0.0155624875601623
"66388",0.0102395124716553
"66390",0.00193448060044111
"66391",0.0240493282619524
"66394",0.00207626175459275
"66395",0.00689579699736671
"66396",0.00390168351232402
"66397",0.0035935433918344
"66398",0.00508029918984897
"66399",0.00442462531887755
"66400",0.0107520246983257
"66401",0.00511118528106117
"66402",0.21632240727543
"66403",0.00270722871312271
"66404",0.00157035061533768
"66405",0.00515280890927843
"66406",0.00672652220934921
"66407",0.00365511128198556
"66408",0.00281253586491692
"66409",0.0017984198555084
"66410",0.0048144223648089
"66411",0.00416886838289851
"66412",0.00592451541144311
"66413",0.00146508780671882
"66414",0.00361133560043875
"66416",0.0112365626485235
"66419",0.00488314704601539
"66420",0.0027967825443787
"66421",0.00268590082422194
"66422",0.0149458381600176
"66423",0.00607074441525822
"66425",0.00465096798118522
"66427",0.000971658854721582
"66431",0.0110564496606219
"66432",0.00370411283648249
"66433",0.00387778315667134
"66435",0.00265781416748463
"66437",0.00511692279427664
"66439",0.0085171197463244
"66440",0.0027539310488548
"66441",0.01079440040479
"66442",0.0472589792060491
"66443",0.00431008314284798
"66445",0.0026250351661884
"66446",0.00397272824243701
"66447",0.0109171980574937
"66448",0.00417127364565731
"66449",0.00522593668858744
"66454",0.0110905706468113
"66455",0.00581312381739489
"66456",0.0104503579381318
"66457",0.012509606564305
"66459",0.00399700667953918
"66460",0.00447547014046547
"66461",0.00616276835279305
"66462",0.0107569223786558
"66464",0.00450920780893344
"66467",0.00314475863961079
"66469",0.00573623570157584
"66471",0.00331455927349888
"66475",0.0119155097594392
"66477",0.0115014718173336
"66480",0.0060377100073046
"66481",0.0158264398207243
"66482",0.00172071330589849
"66483",0.00675436042797623
"66487",0.016098970979304
"66488",0.00590400971172698
"66489",0.00886133892209415
"66491",0.00333488514106513
"66492",0.00143521283710769
"66493",0.00336327276658052
"66494",0.00257271670193318
"66495",0.00490948064057582
"66496",0.00461158526719674
"66497",0.00611497583019113
"66498",0.00302040198752728
"66500",0.0023917016331194
"66503",0.666074943163901
"66505",0.00154374538388625
"66506",0.00611229450286607
"66508",0.00481323597939254
"66510",0.00142557608041186
"66511",0.00154652190380003
"66513",0.00239248582230624
"66514",0.00850692807993213
"66515",0.00352813419579866
"66520",0.00377369145227782
"66521",0.00272051854295639
"66522",0.00339334527288152
"66523",0.0054531268412921
"66525",0.00439045017630828
"66526",0.00315884527280885
"66528",0.0556322882728907
"66530",0.00483760233437987
"66531",0.0096748185971513
"66532",0.147780693067058
"66536",0.00394614335828618
"66537",0.00275041975308642
"66538",0.00603919847370882
"66540",0.00292461356214151
"66541",0.00943116858897811
"66548",0.0164979402755708
"66549",0.00179511531135538
"66552",0.00208023786602341
"66556",0.00717336281876561
"66559",0.00725414306011303
"66566",0.00444595078045954
"66568",0.00732001105810485
"66569",0.00288648039483349
"66570",0.0276676266643572
"66573",0.0106704914598507
"66576",0.00857726863019743
"66578",0.00536083545873382
"66580",0.00350916938958995
"66583",0.00322132943754565
"66585",0.00393093398282399
"66586",0.00170628915599662
"66587",0.00336870758108121
"66588",0.00269615094753574
"66589",0.00227354020769947
"66590",0.00364945233983665
"66591",0.00670673265817258
"66592",0.00349173553719008
"66593",0.00418945862263089
"66594",0.00947798974961762
"66595",0.00928144977089823
"66596",0.00652153375609641
"66597",0.00470390608309253
"66599",0.0174223357371422
"66602",0.00239356001056179
"66603",0.0102878178421058
"66606",0.00231092352992926
"66609",0.00327182925065482
"66610",0.00811635961468328
"66611",0.110061734272932
"66612",0.00172118702645706
"66614",0.00486285186160981
"66615",0.00184155130376953
"66616",0.00301895906291511
"66617",0.00467602001860805
"66618",0.00516658212066808
"66620",0.201180911642669
"66622",0.00155069092032168
"66624",0.00207564166378116
"66625",0.00739057722971889
"66626",0.00138858887418669
"66627",0.00308893363590065
"66628",0.00962013781624256
"66629",0.00179020564192842
"66631",0.00203392037939607
"66632",0.00501257153537452
"66634",0.0145146479955966
"66637",0.00378816750155803
"66641",0.00289477828185304
"66642",0.00164575867417681
"66643",0.00577301999231065
"66645",0.00169556919687203
"66646",0.0026493615996352
"66647",0.00354064128323643
"66648",0.00138692033293698
"66653",0.00412886897437953
"66656",0.00252635027912992
"66658",0.00860900437399342
"66659",0.0095955827775081
"66660",0.00236841983742118
"66661",0.0027967825443787
"66662",0.0245502856098684
"66663",0.00314718002678552
"66664",0.00713370122980513
"66665",0.00353318010660668
"66667",0.0112836295623499
"66671",0.00328126908206228
"66673",0.00642474287192771
"66674",0.00269316065600937
"66676",0.00217247386885017
"66679",0.00237953599048186
"66680",0.00347084008589214
"66681",0.00732767444089385
"66682",0.00257370612730518
"66684",0.00303656650909757
"66686",0.00419379009303153
"66687",0.00715139421635426
"66689",0.00579343989614183
"66690",0.0039055633377293
"66691",0.00241437365762726
"66694",0.00193679962826346
"66695",0.0237833383936097
"66696",0.117061390243454
"66700",0.00175390673262975
"66701",0.0080820299556172
"66704",0.00401685437571019
"66705",0.0547804225688416
"66706",0.00348834059569498
"66707",0.0761638537849487
"66711",0.00182378895452713
"66713",0.0044488748063911
"66714",0.00472791169359907
"66715",0.0234087339909035
"66717",0.0421747293218877
"66720",0.105120537783224
"66722",0.117373075388193
"66724",0.00494480146855787
"66725",0.00365294046612728
"66729",0.134398326806693
"66730",0.0183407623995391
"66733",0.00990119081478604
"66734",0.00265288051427241
"66736",0.00200250909940135
"66737",0.124641002054426
"66743",0.00162214506539834
"66748",0.20613687409169
"66752",0.00504822688112449
"66753",0.00268238494680338
"66756",0.00339797866280714
"66757",0.0135845578337051
"66758",0.752900763807168
"66765",0.735546767730808
"66766",0.275221301775148
"66768",0.0103318467344336
"66769",0.158470391829625
"66771",0.00453703455126312
"66774",0.0606459303275771
"66775",0.00738830919753798
"66776",0.0114926730108681
"66779",0.0512897910537595
"66783",0.0894940190339622
"66784",0.47830516619467
"66787",0.00299047007743067
"66789",0.00474978929460822
"66790",0.0249533340548028
"66793",0.0071791549719333
"66795",0.0062844813326998
"66797",0.00405459968293446
"66799",0.00207931892683071
"66801",0.00445412958784472
"66808",0.0489483116093906
"66810",0.00253144498019057
"66812",0.00562161297614181
"66815",0.0233818775638448
"66816",0.00390936192977105
"66817",0.0132861587335869
"66818",0.00266048873011705
"66821",0.00430575096108149
"66822",0.00216562016465313
"66824",0.021749571987301
"66826",0.00429859919773392
"66827",0.00314098878029942
"66830",0.00168150495079278
"66832",0.00559364042250534
"66834",0.00287723315864418
"66836",0.0053124123451963
"66838",0.0134460274788215
"66839",0.00254527947006873
"66840",0.00450657378916251
"66841",0.00205546759951845
"66844",0.0144794934957979
"66845",0.00794039800019606
"66847",0.00304725796467192
"66848",0.00211184376349617
"66849",0.00184894183058602
"66853",0.00481505960170081
"66854",0.00154140126854383
"66855",0.00132050342666682
"66857",0.218593233288362
"66859",0.0135947206240444
"66860",0.00411851836539322
"66861",0.00187210790160964
"66863",0.00164135783838662
"66864",0.00692997818539921
"66865",0.00153085811294735
"66866",0.0018229561174694
"66867",0.00523974153483458
"66868",0.002464664755294
"66869",0.0014547485556782
"66870",0.0037099173553719
"66871",0.0113899088475207
"66873",0.00435799770692169
"66874",0.00319169352917775
"66875",0.0041458215685526
"66877",0.00394799840273502
"66878",0.00180046774459428
"66880",0.00351617021504455
"66881",0.00208550057555222
"66882",0.00124740064916629
"66884",0.00207199787943967
"66885",0.00168798517933175
"66887",0.00131037448045699
"66889",0.00350978916752693
"66890",0.0019596070562028
"66892",0.0037755325732927
"66894",0.00251575060350859
"66895",0.004853377036196
"66897",0.00725304914865354
"66898",0.062941227010257
"66899",0.00180456990238316
"66901",0.00911547675595242
"66902",0.00446945558003737
"66904",0.00224208122079035
"66905",0.00768350450233295
"66910",0.00618374655666559
"66911",0.0038481968880507
"66912",0.00296668370371605
"66913",0.00232043715344421
"66914",0.00466501701692546
"66915",0.010812018639238
"66916",0.00675305877152422
"66917",0.00580175693572949
"66921",0.00549303978385152
"66922",0.0026731377484897
"66923",0.00139828037845937
"66925",0.00271037085797911
"66926",0.00211605817302075
"66928",0.0051347356433913
"66929",0.0596605068356375
"66930",0.053727414180539
"66931",0.0580861526895917
"66932",0.0017853600476096
"66934",0.020527033977569
"66935",0.00534957777324606
"66938",0.0539935607169298
"66939",0.00331683997438491
"66940",0.00199774653703276
"66942",0.00344565705339962
"66943",0.0026656739889383
"66945",0.00190017616380129
"66948",0.00264309181160695
"66949",0.00946855353520965
"66950",0.00985445116391451
"66952",0.0424355586513886
"66953",0.0175767050063196
"66958",0.00147361673439164
"66959",0.00721187078971187
"66960",0.00227808574697751
"66961",0.00707186705296242
"66962",0.0036484843025089
"66964",0.00157781015015551
"66965",0.0065477543654648
"66966",0.00563789864706473
"66967",0.001928018551435
"66968",0.171289157155532
"66970",0.00170829561241849
"66971",0.005293578705105
"66972",0.00470760481246704
"66973",0.0036285276186396
"66975",0.00197955368196514
"66977",0.0306044064163052
"66978",0.00178351979871849
"66979",0.0053975725477137
"66980",0.00260392549411405
"66983",0.00357615960704081
"66985",0.0770685596814797
"66988",0.00410406015688177
"66989",0.0012399153537563
"66990",0.00838599739698641
"66991",0.0677591026017076
"66993",0.00614971113524035
"66994",0.0018312231150069
"66995",0.00334102189058756
"66997",0.00181326228716339
"66998",0.00194997010258084
"66999",0.00424802943450926
"67003",0.00230373481426086
"67005",0.00179903745689084
"67006",0.00386817971896349
"67008",0.00179649309684238
"67009",0.0123483904116704
"67010",0.00282243442836285
"67011",0.00482445429856437
"67013",0.00766620287512756
"67014",0.00979129046943064
"67015",0.00296191291614132
"67016",0.00762631356727341
"67017",0.00328726253796781
"67019",0.00470096343828543
"67020",0.0157320813543632
"67023",0.00734962209863448
"67025",0.0141500257490311
"67026",0.00440067055842391
"67027",0.00192568190430777
"67028",0.00283660797928744
"67030",0.0123368693228484
"67031",0.00219875535483583
"67035",0.00172609501881328
"67036",0.00184888141095256
"67037",0.027641924567203
"67039",0.00485613724941072
"67040",0.00372661052572802
"67041",0.00136352875344621
"67042",0.00522572216577152
"67043",0.00323051087552155
"67044",0.0025693369077065
"67045",0.00195594298788402
"67046",0.00475849005449125
"67048",0.00679254340743527
"67049",0.00462610785962086
"67050",0.00264770573032625
"67052",0.157967101208563
"67053",0.00271612611652037
"67054",0.00131444738429836
"67057",0.00190215545268388
"67059",0.00169911178373518
"67062",0.00787045942713002
"67063",0.0014917201027798
"67064",0.00400829777708499
"67065",0.00426071484569395
"67067",0.00692283482152443
"67068",0.00353600552041352
"67070",0.00252054584846366
"67071",0.0122286116561518
"67072",0.000816326530612245
"67073",0.0232036716880561
"67074",0.00234545205744954
"67075",0.00581729388106866
"67077",0.0273372476860696
"67078",0.00337935122812667
"67080",0.00389002468004547
"67087",0.00744402696311094
"67088",0.00792727542221369
"67089",0.00218930308171938
"67091",0.0103251821019771
"67092",0.00457465808637677
"67095",0.0029772412886259
"67096",0.00385733743886624
"67097",0.0121122936237945
"67099",0.00496109485313122
"67101",0.0148934798967851
"67102",0.00245365640468545
"67103",0.00908434092229038
"67105",0.00545119368987202
"67106",0.00815816857440166
"67109",0.00729223461121724
"67111",0.00406652276256285
"67112",0.0588471194217775
"67115",0.00597463294252988
"67116",0.00270448853070316
"67117",0.0024684205587923
"67118",0.00170618551054518
"67119",0.0311418685121107
"67120",0.0105693848595248
"67121",0.0384343450697842
"67122",0.00783505280698074
"67123",0.00175623976744963
"67125",0.00355905205059205
"67126",0.0121251574649435
"67128",0.00321053261070944
"67130",0.00547030340731434
"67131",0.00492459218220991
"67134",0.00212458282905365
"67136",0.00356474752107795
"67138",0.00678926622620601
"67139",0.00346894734615794
"67141",0.0505729195821068
"67143",0.00255083280861763
"67144",0.00266941937941491
"67145",0.00203271698644015
"67148",0.00270286417669835
"67149",0.00353150647297922
"67150",0.00153994155411893
"67151",0.00331108088359693
"67153",0.00727356156959628
"67154",0.00274553662976506
"67155",0.00191084212198656
"67157",0.00274563640986035
"67158",0.00671977748715209
"67160",0.00253824848845071
"67161",0.00722661299324161
"67163",0.00205848245738476
"67164",0.00928572679413347
"67166",0.00227760497652001
"67168",0.00918347321184473
"67169",0.0822313122026741
"67170",0.00997525263889241
"67171",0.00243865264441396
"67177",0.0245620699960041
"67178",0.00494365879217574
"67179",0.0027658374396906
"67180",0.00438942974714972
"67181",0.00436028532875468
"67184",0.00762345776667678
"67186",0.00804022963985815
"67187",0.00310190991572809
"67188",0.0223310803843291
"67194",0.243270833792349
"67196",0.0284444304613407
"67197",0.00410746681375862
"67198",0.0098140931814584
"67199",0.00450492497607396
"67200",0.0120291363163371
"67201",0.00248530495467764
"67203",0.00614095135255873
"67204",0.00188104774281425
"67205",0.00472261520042964
"67207",0.00466172456411074
"67210",0.00537084541913273
"67211",0.00252151332336195
"67212",0.00491217464014784
"67213",0.00347516575467151
"67216",0.00297731874682121
"67217",0.0146443308372888
"67219",0.00733492864287877
"67220",0.00248511703345245
"67222",0.00252051547907559
"67223",0.00605488363211685
"67224",0.00601137223699276
"67225",0.0132870486571767
"67226",0.00268477705330205
"67228",0.00326937503934088
"67229",0.00252096426883283
"67230",0.00299529931936919
"67231",0.00217098502521131
"67235",0.00451945484075983
"67236",0.00313263186090155
"67238",0.00217013219026657
"67239",0.00465117621222182
"67241",0.00165487500854748
"67242",0.00839250939120198
"67245",0.00282191531160187
"67246",0.00368767709116843
"67247",0.0033000277866245
"67248",0.0132735844914786
"67249",0.00249541314558292
"67252",0.00297791319010812
"67254",0.00117818468766069
"67255",0.00346274061454057
"67260",0.00476078060666109
"67263",0.00514249291424401
"67264",0.0109666764124178
"67266",0.00205889584532084
"67267",0.00887873834220877
"67268",0.00388372481869273
"67269",0.00135081576608374
"67270",0.00295721579918738
"67272",0.00848455254857049
"67273",0.0016
"67276",0.00433353140302517
"67277",0.089933493443985
"67278",0.00372651068606384
"67279",0.00521410182392309
"67281",0.0104656562947652
"67282",0.00643900200458609
"67283",0.00312317815014978
"67285",0.00365384017745446
"67286",0.00304797473443226
"67287",0.00148507575692008
"67288",0.00405836015147639
"67289",0.268319613285396
"67290",0.00896927234006853
"67291",0.00330950745206949
"67292",0.00453106385305087
"67293",0.0204081632653061
"67295",0.00334216081875361
"67296",0.0120720591593735
"67298",0.00595693887662718
"67299",0.00178422890598704
"67300",0.00316710706321096
"67302",0.00377048212868943
"67303",0.0581722788608837
"67304",0.0376194028997112
"67305",0.012649760664492
"67306",0.00449748318196935
"67307",0.0381852999188249
"67308",0.00613468435738435
"67311",0.00650687991556821
"67313",0.0230018766180557
"67317",0.315565229018924
"67325",0.223490196126954
"67326",0.00363687761261543
"67329",0.343894678651133
"67330",0.091345233950966
"67331",0.268929438483828
"67332",0.00433815365481373
"67333",0.0047282510103018
"67337",0.00355550945372185
"67338",0.0077963826081149
"67341",0.154847668632187
"67343",0.316725449223086
"67344",0.515020202883214
"67345",0.0026932163616878
"67349",0.149470223291515
"67350",0.253377513248248
"67356",0.0725139650484417
"67367",0.005485522322653
"67369",0.00595357919375837
"67370",0.00294528311444891
"67371",0.00281713594977259
"67374",0.0037238824477649
"67375",0.122860125415438
"67378",0.00341740271134494
"67379",0.00324225768836404
"67381",0.00235144955587035
"67382",0.00237953599048186
"67383",0.0048499739237689
"67384",0.0016
"67387",0.00290514400623051
"67388",0.00490905545035796
"67389",0.00840356980150925
"67390",0.00478157537347216
"67391",0.0040710598105551
"67392",0.00320006137717721
"67393",0.00185384417800728
"67397",0.00282214140966271
"67398",0.00207296280864874
"67399",0.00433206511324204
"67405",0.619155594656708
"67412",0.0034913643030477
"67414",0.00248733644923254
"67416",0.00157928035570019
"67417",0.00599596679458063
"67418",0.00186325759536256
"67419",0.00496813482595302
"67420",0.00541160763744648
"67422",0.00303203456674102
"67425",0.0167478662783978
"67426",0.00168292836083488
"67427",0.00936524453694068
"67429",0.00457466502360442
"67430",0.0845201539056253
"67432",0.0342064249183737
"67433",0.00169497692882858
"67434",0.00162360658408138
"67437",0.0016141666853978
"67439",0.00379610200981521
"67440",0.00204032677149164
"67441",0.0174905987642478
"67442",0.00476302301615932
"67443",0.00223900138744214
"67444",0.00270373621442349
"67445",0.00944074307641445
"67446",0.00760026298487837
"67448",0.00180646393075767
"67451",0.00422160262499017
"67452",0.00142966758248558
"67453",0.00171065028597498
"67454",0.00463137128687316
"67455",0.0024152728488578
"67456",0.00198926758138402
"67457",0.00476810290161771
"67458",0.00125025658014653
"67459",0.00299431672713146
"67460",0.00619348273604847
"67463",0.00240292195309496
"67464",0.330000941086891
"67465",0.00209001110058651
"67466",0.00362239685212122
"67467",0.00147697039600154
"67468",0.0027967825443787
"67469",0.00367804651230375
"67471",0.00356115405057037
"67472",0.00775330729895359
"67473",0.504839074271179
"67474",0.00209987665586068
"67475",0.00464876033057851
"67477",0.0280241426719225
"67480",0.00444333075793765
"67483",0.233395378605239
"67484",0.00425774983893216
"67486",0.0107700384689159
"67487",0.00222303978147122
"67488",0.00446142415943127
"67489",0.00213869943376294
"67490",0.00338681598839234
"67492",0.00763238017820245
"67493",0.00240585530356402
"67495",0.0017455703485431
"67498",0.00363299753601266
"67500",0.00263722046552826
"67501",0.00203383314109958
"67503",0.265960037166876
"67509",0.00438577255383536
"67510",0.0026390682289787
"67511",0.00277157520217111
"67512",0.0454652907152124
"67513",0.00471839067141943
"67515",0.0014231169950753
"67516",0.00663821702072577
"67525",0.00977915046878548
"67526",0.00181077410593029
"67528",0.00882229276724503
"67529",0.003136
"67530",0.00258681282618332
"67531",0.0168247216971224
"67532",0.00202384335287237
"67533",0.00294056888056567
"67534",0.00285889609062496
"67538",0.00986354492393575
"67542",0.00236321196529827
"67544",0.00205883057533703
"67547",0.00806548187945627
"67548",0.209118749210497
"67549",0.00203743195071222
"67553",0.00746161944615081
"67554",0.00808436021352642
"67556",0.00371302297143855
"67557",0.00439659994685559
"67561",0.00200490086879038
"67563",0.00211906477201108
"67564",0.00319414012976111
"67568",0.00238216429534643
"67569",0.010283651461815
"67573",0.134383492639971
"67574",0.00961168781237986
"67576",0.0189486019482966
"67579",0.00246838809452507
"67580",0.267327993698292
"67581",0.0043833531510107
"67582",0.00612820120395878
"67586",0.00973118986564551
"67588",0.00235264126512029
"67590",0.00565131015864445
"67592",0.220408413331531
"67602",0.00210893561553954
"67603",0.00462554758227217
"67604",0.00212040548137109
"67605",0.00329736010948535
"67606",0.0456450482876059
"67607",0.00281655790255299
"67608",0.00215144278311776
"67609",0.00201539147262767
"67610",0.00188659217346857
"67615",0.00171413246052299
"67618",0.0040307568001148
"67619",0.00730909240559843
"67620",0.291161927807343
"67621",0.017112290427258
"67622",0.00668508758762558
"67623",0.00178189669236751
"67628",0.00702786044677113
"67629",0.0404060281492891
"67630",0.00171056162712811
"67636",0.0042262429212259
"67644",0.148049163853745
"67647",0.0187387800878111
"67655",0.0021301775147929
"67657",0.00768162793599454
"67661",0.00623959213498737
"67664",0.0119680227468459
"67665",0.00149421503722014
"67666",0.0413604474916749
"67667",0.00385748625767015
"67669",0.0026411235779888
"67671",0.00952947845804989
"67672",0.04209983497773
"67673",0.0034404907167098
"67674",0.00410367080932777
"67675",0.00342026653276797
"67676",0.00702596519970323
"67678",0.0079874143945928
"67680",0.00339527097434324
"67681",0.0032801652892562
"67683",0.00356749452304416
"67684",0.00421762617098858
"67685",0.0198653832105
"67689",0.011353079126411
"67693",0.00306015805789476
"67694",0.00242945682385344
"67695",0.00877520409864323
"67698",0.00374212392945249
"67701",0.715816343353935
"67702",0.002870916405886
"67703",0.00292117164861199
"67704",0.0114521778958625
"67705",0.00595762654350304
"67706",0.0153455281145035
"67707",0.003799036406057
"67708",0.00230671298180802
"67710",0.00375416108476423
"67711",0.00847132496720378
"67712",0.00570677136272996
"67713",0.00689439455746849
"67723",0.00237064894416525
"67724",0.0104969537648824
"67725",0.00331200976772904
"67726",0.00259360896803347
"67727",0.00372973573189027
"67728",0.00667793258758709
"67729",0.00804494068171414
"67731",0.00377281207479415
"67732",0.0099037110280106
"67733",0.0237813019915273
"67735",0.269925167855784
"67736",0.00620438953462954
"67738",0.00362217491274463
"67739",0.00143642563846237
"67742",0.0242674697752591
"67746",0.0748965367550831
"67747",0.125728163045031
"67752",0.104807184071777
"67753",0.100748620956206
"67755",0.00274970822533043
"67759",0.00591715976331361
"67760",0.00327630967361607
"67763",0.00310583115023572
"67765",0.227560953274879
"67767",0.00236415305885804
"67768",0.00541719113102283
"67769",0.00308820665115471
"67770",0.0120801340846193
"67771",0.00167187038099292
"67772",0.00452743881372562
"67773",0.00406700599394601
"67774",0.00218765021324397
"67775",0.0271220257949892
"67776",0.00262574515148862
"67778",0.00311987663339015
"67781",0.00248554684254855
"67784",0.00526894980532233
"67785",0.00126139287830392
"67788",0.00160611269739526
"67789",0.00144309124397212
"67790",0.00367228815053258
"67791",0.0961994909777231
"67792",0.00291198033524043
"67795",0.0393171551116517
"67797",0.00717280562258366
"67800",0.00327946376216859
"67801",0.00914490975726982
"67803",0.00264395005202914
"67804",0.00204440535534382
"67808",0.00135079038447117
"67809",0.00284411892795749
"67811",0.00192456738691751
"67812",0.0016943289812334
"67815",0.00149410368043987
"67819",0.00134020886468345
"67824",0.00685498393625656
"67826",0.00402022116654887
"67830",0.0030776452877224
"67832",0.00478999213262177
"67834",0.00383168555399059
"67836",0.00467848514393827
"67838",0.00195825274641945
"67839",0.00209515119509822
"67840",0.00312035383608084
"67841",0.00239137959838284
"67842",0.00630042225358608
"67843",0.00231099013576153
"67844",0.0134536232297344
"67845",0.00205808334047767
"67846",0.0132162060512779
"67847",0.00847493186841216
"67848",0.00407774968559056
"67849",0.159704487323273
"67850",0.254648641585497
"67851",0.00393382668814106
"67855",0.063499413052116
"67856",0.0636150538380725
"67857",0.00208860004723561
"67860",0.00906815164682802
"67861",0.00652916804335203
"67862",0.0091453269953347
"67863",0.00182525513015495
"67864",0.0015365307336498
"67865",0.00533719387846672
"67866",0.0129000316280214
"67867",0.00268749812210805
"67869",0.00323789157430027
"67870",0.00171349101247858
"67871",0.00293709329410957
"67872",0.00322234203618382
"67873",0.00729047836012076
"67874",0.00661926680332734
"67876",0.00567322731440923
"67877",0.00461173812918313
"67878",0.00227566855341699
"67880",0.0146750386495121
"67881",0.00304885372154013
"67883",0.00173468309462938
"67884",0.00302886540265125
"67885",0.0061860876152001
"67886",0.00212084487534626
"67887",0.00167374631948789
"67888",0.00704269711185189
"67889",0.00337974041993698
"67890",0.0014840426765328
"67891",0.00511792264584024
"67892",0.0100974811460273
"67893",0.00382039076169265
"67894",0.00314605933596318
"67895",0.0012042834545401
"67896",0.0149861890452391
"67897",0.0018078741016677
"67898",0.00170937449034736
"67899",0.0112016411881382
"67900",0.00337298245407474
"67902",0.00543522929091877
"67903",0.0037545030929887
"67905",0.009094116953666
"67911",0.00646727852119398
"67912",0.00383706193147719
"67914",0.00234923971350708
"67916",0.00250741778212744
"67917",0.00791420867830763
"67920",0.00239363969954809
"67921",0.00211318955342044
"67922",0.00305311758705618
"67923",0.0026150603476378
"67933",0.00192184587048808
"67934",0.136255123643079
"67935",0.0985444520279345
"67936",0.00465494105050405
"67937",0.0021143374053657
"67938",0.00192887143900657
"67939",0.0132143132587458
"67941",0.00648561777777778
"67942",0.00433670434265318
"67943",0.00241012531239198
"67945",0.0142557948998274
"67946",0.0141389550243869
"67948",0.00329336679638822
"67949",0.00300043417942543
"67951",0.0154127430255785
"67952",0.00195486333610221
"67955",0.00169847004929345
"67956",0.00303814103852107
"67958",0.00366794384125845
"67959",0.00159346222922663
"67963",0.00494851244906132
"67966",0.0167965184643897
"67967",0.00319949641452415
"67968",0.35020834710926
"67971",0.00828878363138597
"67972",0.00334228515625
"67973",0.00671348133166065
"67974",0.00145911804131687
"67976",0.00424863874534021
"67978",0.00952104287429033
"67979",0.00179771375626194
"67980",0.00189035916824197
"67983",0.0324227488144652
"67988",0.00359617326628155
"67991",0.00887418609535812
"67993",0.00679375573921028
"67994",0.00507819193832448
"67996",0.00597697902690488
"67997",0.00931179232594457
"67998",0.00254395980262027
"68001",0.00288529669697786
"68002",0.00693688586601726
"68010",0.00633876228834815
"68011",0.00675689118847266
"68014",0.0173961030989481
"68015",0.00165175887374048
"68016",0.0523385429265701
"68017",0.0082983881457138
"68018",0.00204283571132178
"68020",0.00501645720423349
"68021",0.00323794971040321
"68023",0.00359384448097652
"68024",0.00555902739867784
"68026",0.0452378094437461
"68027",0.00185170747724347
"68028",0.0105787534009902
"68031",0.00126693782217292
"68032",0.0031154472343771
"68033",0.00380880061623571
"68034",0.0100836066831363
"68035",0.00264859987429942
"68036",0.00214559736076269
"68038",0.00281932806014567
"68039",0.013107161199863
"68040",0.00665692127238669
"68041",0.00420052503337907
"68043",0.00512170815749101
"68044",0.00998673886763157
"68045",0.00267207101477156
"68046",0.00821770498118114
"68047",0.00594217943843115
"68048",0.00326072270115517
"68050",0.00141634871083362
"68051",0.00229222105530299
"68052",0.00647846783472447
"68053",0.00234342518481304
"68055",0.00474743098895263
"68058",0.00367894268196107
"68059",0.00235604559211385
"68066",0.00285604425080806
"68067",0.00473387197846218
"68070",0.00330778937036488
"68073",0.00824130495703172
"68074",0.0674412214288575
"68075",0.0046802856962482
"68077",0.00261834011611345
"68079",0.00516481476402693
"68080",0.00520493652881114
"68082",0.00477606435381007
"68083",0.0024412727383904
"68087",0.00487846906657751
"68089",0.00277299158048247
"68090",0.00623846805243736
"68092",0.00321578560946441
"68094",0.00157341632828823
"68095",0.00178907153828038
"68097",0.00725847687592576
"68098",0.00239344419942684
"68099",0.00414229281039804
"68106",0.00306079578960191
"68107",0.0597464331884262
"68108",0.014359870516616
"68112",0.00199386372559865
"68114",0.00436137254757899
"68115",0.00389373088793895
"68117",0.00992910042164278
"68118",0.00304247089612348
"68119",0.0129965650619041
"68121",0.00646730891486136
"68126",0.00690581061427035
"68127",0.00188501863446436
"68128",0.00724932373124043
"68133",0.00452909862761394
"68134",0.00896621882685971
"68135",0.00466140141333885
"68137",0.00206005227008404
"68140",0.00487376589233416
"68142",0.0024162900605655
"68144",0.028442743977033
"68145",0.00598018670971506
"68146",0.00457580026688294
"68147",0.0276086592801904
"68149",0.00161720417741808
"68151",0.00398185466917449
"68152",0.0025571593266257
"68153",0.0059280639529544
"68161",0.0149345838257497
"68162",0.248321448303877
"68165",0.00714057873806398
"68166",0.00346562370650179
"68169",0.00582211068253484
"68170",0.0045096532122801
"68173",0.0839111714319609
"68176",0.013117123348186
"68177",0.00852789749880079
"68178",0.00945684151913308
"68180",0.0188576071361349
"68183",0.00301282483903394
"68184",0.00215013754220486
"68185",0.0140428618827412
"68187",0.0019140625
"68188",0.00125079579408861
"68190",0.00928628557954075
"68192",0.00194990928958473
"68193",0.00763053633217993
"68194",0.00996265175997904
"68195",0.0177798373575574
"68196",0.00182027412241386
"68197",0.00498492860681951
"68198",0.0110276016400271
"68201",0.00696774402359824
"68202",0.00607706488417615
"68203",0.00139372103537693
"68204",0.0452882384220791
"68205",0.00581971980668502
"68209",0.00971239310486395
"68212",0.00323687520749005
"68214",0.0749740165478155
"68215",0.0149555512066435
"68219",0.00270623918284521
"68222",0.455462754830806
"68226",0.00808698123165417
"68229",0.00321884336436982
"68232",0.158687165519661
"68235",0.00370054319453954
"68238",0.306505265788424
"68240",0.0108493635199792
"68241",0.0136936574133981
"68250",0.00428451094320596
"68251",0.00269044680179186
"68255",0.0295668190177737
"68259",0.00348318499795555
"68260",0.00371508852566809
"68262",0.0028486845616036
"68263",0.00207420908012049
"68267",0.0035515349023541
"68268",0.00189058908999421
"68270",0.421671626836009
"68271",0.0164815825547894
"68272",0.00879185157177935
"68273",0.00388241807359357
"68275",0.00139460408739519
"68276",0.00314680639665178
"68277",0.0063676884756944
"68278",0.00735277315191366
"68281",0.00377881845192165
"68283",0.00652349318082181
"68285",0.00884683233721631
"68291",0.00298224435390574
"68292",0.00173725085249589
"68294",0.0131001511728333
"68295",0.00272842831066349
"68298",0.00479603869060255
"68299",0.00208473147014341
"68303",0.0109256558412604
"68304",0.00591715976331361
"68306",0.108752814073141
"68310",0.00653035947988983
"68312",0.00216440362193413
"68316",0.00313139431175933
"68318",0.00810995314423968
"68323",0.0120014870844737
"68327",0.00404646871208434
"68328",0.0177540977567254
"68332",0.00622556187461201
"68337",0.00406107586589177
"68338",0.473327625281075
"68339",0.00481055686294682
"68342",0.00341974426890147
"68344",0.445561675241873
"68346",0.00585236200639244
"68347",0.00489167020975057
"68349",0.00289813092214459
"68350",0.00254664267742847
"68352",0.217285308156958
"68355",0.00434314989203701
"68364",0.00488764347702654
"68365",0.00216096036667474
"68366",0.00314972927946689
"68371",0.177285318559557
"68375",0.0027052880790576
"68379",0.0042683199119559
"68385",0.0107887065717989
"68386",0.469039883126369
"68393",0.335917753295621
"68394",0.0499354180313053
"68396",0.0329321162616919
"68400",0.0484053045455751
"68401",0.00283676874236743
"68404",0.0023615821317448
"68420",0.00263757825266831
"68421",0.00114049502986739
"68423",0.00294772217120702
"68427",0.00425024555078616
"68428",0.0087596834781379
"68431",0.0072652092261119
"68436",0.0109518658734451
"68440",0.0277912115958756
"68441",0.00423230342897453
"68449",0.00236677408846427
"68458",0.0340300745015498
"68463",0.0079267429760666
"68465",0.00338686930101238
"68472",0.00588693166580543
"68473",0.00612147067391382
"68475",0.00571460985364714
"68477",0.00146923846921624
"68479",0.00357969505873
"68480",0.0127346238223941
"68481",0.0062349785675949
"68487",0.0599221669419929
"68488",0.144856807795681
"68490",0.0089481373265157
"68493",0.00253170230040163
"68497",0.00132682262480827
"68498",0.0733579145339589
"68499",0.00690846106312458
"68501",0.00328690746606164
"68505",0.00188654218957249
"68507",0.00244850183445814
"68509",0.0997799498104273
"68510",0.00228856688625092
"68511",0.380904247414395
"68512",0.0116908541485564
"68514",0.00410348751154285
"68515",0.00911740929556383
"68519",0.00263110183848774
"68520",0.00973032995486657
"68521",0.00813602749104838
"68523",0.00637513871098373
"68524",0.00422842775998344
"68525",0.00431605255115771
"68526",0.00266492120331861
"68527",0.144899313574795
"68531",0.145998521201834
"68533",0.00507573490079476
"68537",0.00452930065717175
"68539",0.00307313198569892
"68544",0.00595000240014081
"68545",0.0184475090478498
"68549",0.0242093101172125
"68550",0.00951690595016247
"68552",0.00131125117079975
"68553",0.0575318057039795
"68554",0.0122233288411516
"68556",0.00369986827144214
"68558",0.00624033892964059
"68559",0.00413517571646827
"68563",0.0120437369574422
"68564",0.00371890556419643
"68565",0.0023106199191974
"68566",0.00340746280605317
"68567",0.00746630219624847
"68572",0.00259062712897558
"68576",0.00454488069688171
"68581",0.00170622773532984
"68585",0.00209725491257023
"68588",0.00981892201989908
"68591",0.0201799283780243
"68592",0.00420754936368441
"68597",0.00353571798987769
"68598",0.0017256222565505
"68603",0.00336781247278708
"68606",0.00160838060548385
"68607",0.0133635549690878
"68611",0.00534058780407779
"68612",0.109913156399643
"68614",0.00192984046658017
"68617",0.00391395083598243
"68618",0.00722164070677561
"68625",0.100676739248799
"68626",0.0028467830574136
"68628",0.005776
"68631",0.00534628280726096
"68632",0.0842182345048435
"68634",0.0038429726020324
"68636",0.00397113419780995
"68642",0.0141040601568563
"68644",0.00384624738787248
"68646",0.00501834989981859
"68652",0.00245019493913024
"68653",0.00162040361964953
"68655",0.0170054135481686
"68659",0.0198322923464454
"68662",0.470686966753476
"68666",0.00167305986324732
"68667",0.00514518684683722
"68671",0.00205675618697971
"68675",0.00240394076443943
"68682",0.00221025633700872
"68691",0.00490460824050245
"68693",0.00495712088646399
"68695",0.00810339018516745
"68703",0.00699504132231405
"68705",0.00305547839701018
"68708",0.012544
"68709",0.0545960967984195
"68713",0.0671895792512651
"68718",0.0028644448711517
"68721",0.00508086209547273
"68724",0.00188072678050812
"68725",0.00503464681897896
"68728",0.00404485307448166
"68729",0.00110538620293021
"68730",0.00229831725204773
"68731",0.00324997156836171
"68732",0.00354399771385381
"68734",0.00294233813804823
"68735",0.00799994295826604
"68736",0.00657460026102025
"68737",0.00709667744172079
"68738",0.00710418363061618
"68742",0.00946751113765496
"68743",0.012038888278661
"68744",0.00214029710869923
"68750",0.0219509590745487
"68755",0.0056074629880671
"68758",0.00529806690379603
"68760",0.10128861248493
"68763",0.00907218036354255
"68764",0.060572832627397
"68767",0.00315938712199055
"68770",0.00285341441797979
"68774",0.0681511187130177
"68775",0.104285716937319
"68776",0.00343547221624631
"68777",0.04233963419369
"68778",0.00440380044712131
"68789",0.00605628249617424
"68790",0.18426416445927
"68792",0.160406321152858
"68794",0.0345434139373533
"68795",0.00230059617949297
"68796",0.00264812435361854
"68797",0.043502750386635
"68799",0.00252376075689413
"68800",0.929969719211619
"68801",0.0020031920251699
"68802",0.173360331276773
"68808",0.02833055582786
"68810",0.0430644539570009
"68813",0.0160139272008626
"68815",0.00185075974461344
"68816",0.00509173262456304
"68817",0.00308411945895868
"68818",0.00477850512436935
"68828",0.0787241692906247
"68832",0.00188787103535164
"68833",0.00452561983471074
"68836",0.00780050424114131
"68837",0.00140993024891737
"68839",0.00205424149888722
"68841",0.0260904370475728
"68842",0.00504184027169917
"68845",0.00363759765625
"68846",0.00178994082840237
"68852",0.192942615075552
"68854",0.0336696807785608
"68857",0.00808865218126478
"68859",0.00946954105987731
"68861",0.00472754908552394
"68865",0.0089276240351535
"68867",0.00687291416300395
"68870",0.0661662695136863
"68874",0.0119537777777778
"68875",0.00689193465590246
"68876",0.00819992961862649
"68877",0.00287014980955622
"68879",0.00367421348997953
"68888",0.0200317912805222
"68889",0.00387479341245256
"68895",0.0066075238267141
"68897",0.0101733236873868
"68904",0.0015691876162074
"68910",0.00664037716134064
"68911",0.00152646058123042
"68915",0.00323737051884801
"68916",0.00380360771462017
"68917",0.00877784187877321
"68918",0.021127236659393
"68920",0.0109911550468262
"68922",0.0349040840474739
"68925",0.00428713151927438
"68926",0.00794061760755004
"68927",0.00387346583944074
"68929",0.0423027704181679
"68936",0.00816359740045303
"68938",0.0035148524775396
"68939",0.00785524434598259
"68941",0.00924445788579879
"68942",0.0021731508236758
"68943",0.0035863471532384
"68944",0.00244434311650702
"68947",0.0108621493863173
"68948",0.00214214478066129
"68949",0.00790643071043679
"68952",0.00626230695917322
"68953",0.00364970132599291
"68954",0.249679384451061
"68955",0.00705354637922397
"68957",0.0162783290068516
"68961",0.00223068976686106
"68964",0.00162956816313124
"68966",0.00334472056428277
"68968",0.00346180770844113
"68969",0.00203511042210806
"68970",0.00178271604938272
"68971",0.00771287496365632
"68972",0.018903667443571
"68975",0.00217417313549507
"68977",0.00328279099680709
"68979",0.00300811618329809
"68980",0.00843362576256297
"68981",0.00437625426863538
"68982",0.0136101492461141
"68988",0.00194546355067022
"68991",0.00473725348535661
"68992",0.00742227664148675
"68994",0.341223751362884
"68995",0.00218673981677967
"68999",0.00784778126296262
"69002",0.0140633150010187
"69004",0.0288832536581815
"69008",0.00290351182854953
"69009",0.00382337404155562
"69010",0.00607916221129689
"69017",0.00483704562157273
"69019",0.00381633815594781
"69020",0.00553240898845707
"69024",0.00275931505397508
"69028",0.0118013390865628
"69029",0.00606200531609451
"69031",0.433521966568372
"69032",0.333596544010089
"69034",0.0799501476366499
"69035",0.00170852437447447
"69038",0.00793553834159387
"69042",0.130312031897889
"69046",0.00220587390520104
"69047",0.224235051377264
"69048",0.00166597251145356
"69049",0.0343584864313507
"69051",0.00471241992817561
"69053",0.002308509080935
"69060",0.136819067808267
"69064",0.00793239473494562
"69065",0.0133986420347379
"69066",0.00979159484999781
"69068",0.0987208994425597
"69069",0.104037555242325
"69071",0.0066729770528137
"69072",0.00218080759737103
"69076",0.00588497219056505
"69077",0.00399119029208801
"69080",0.00265883902375343
"69082",0.00209749392198715
"69085",0.00561104965756625
"69086",0.246918470859823
"69089",0.00175335510290125
"69090",0.00575348790821743
"69091",0.00144509854375798
"69094",0.0132012760703873
"69097",0.0749620026555153
"69101",0.00801799706453402
"69104",0.00148415557828113
"69106",0.00269787763279804
"69109",0.00362461222508473
"69113",0.00871111111111111
"69116",0.00341913726274824
"69120",0.292595221119694
"69125",0.00230010170676567
"69126",0.00478105280168831
"69129",0.0247097715361031
"69131",0.00195520385024758
"69136",0.0128381441473858
"69137",0.0102778484495063
"69142",0.278974486633942
"69146",0.0233541352597197
"69149",0.00578693739968511
"69150",0.00203432978090753
"69151",0.00269349636692356
"69155",0.00236931506680729
"69156",0.00924556213017751
"69159",0.0180778193630393
"69161",0.0035304582713025
"69162",0.00183345919797301
"69163",0.00254735490694705
"69165",0.479383292328561
"69168",0.00937905784817756
"69170",0.00761858093043995
"69171",0.0038097299405748
"69178",0.00423855251736111
"69179",0.00355977685191724
"69181",0.00481855433922604
"69183",0.0500777067221892
"69185",0.00681862923344294
"69186",0.0192178250956214
"69187",0.219289103244615
"69188",0.00421718677929522
"69189",0.15764712400398
"69190",0.00306478083194309
"69192",0.00381548546408734
"69195",0.00781974130988177
"69202",0.00121372298530781
"69207",0.00435351192351212
"69215",0.00889743976661134
"69216",0.0116932147662676
"69217",0.096002226045484
"69219",0.0110643722645317
"69221",0.0191914414383891
"69225",0.00224046054835476
"69226",0.00359061136865844
"69227",0.00246770755099851
"69228",0.00262825348571302
"69232",0.00155425696586241
"69234",0.00781224429529115
"69237",0.00277965605484216
"69239",0.0768447516479076
"69241",0.00611483414945875
"69248",0.14646050324855
"69253",0.15333365630044
"69256",0.00267137987627825
"69257",0.0126526305676885
"69259",0.00473081649936227
"69260",0.00300521985004116
"69263",0.00944292324883178
"69269",0.00369899799852761
"69270",0.0562337031865432
"69274",0.00248975997743605
"69276",0.00143488683624547
"69277",0.0025713857595949
"69282",0.267436734693878
"69288",0.0117739222182567
"69291",0.00752737293986135
"69296",0.376656667563117
"69297",0.126788458762503
"69303",0.217725761051666
"69305",0.00372516767299023
"69306",0.0640939010486845
"69309",0.00798795793911048
"69310",0.00707559252925547
"69312",0.194988484144648
"69315",0.0167604090017728
"69327",0.131660827824919
"69329",0.679276369661106
"69338",0.375327550310547
"69349",0.082383894884881
"69352",0.00765585345549429
"69354",0.150458682927036
"69358",0.0186484730636341
"69367",0.00292125079671269
"69368",0.00149676677703507
"69372",0.00996734976617246
"69379",0.0728714862260823
"69386",0.00922348963804936
"69387",0.163473766230863
"69398",0.25507601265177
"69399",0.00347027141361221
"69408",0.00828281807980035
"69430",0.0138029043895869
"69431",0.0934079051681728
"69432",0.0974811062482318
"69434",0.013941065466686
"69440",0.00510686050351718
"69441",0.138634015635981
"69454",0.166913254377358
"69456",0.00316664347671277
"69459",0.0028329955747035
"69470",0.00129895717459088
"69478",0.00728185260715633
"69479",0.0353578076852691
"69480",0.00392667480179155
"69482",0.00447150340444009
"69487",0.00531601065573453
"69499",0.00179234395507078
"69504",0.00532434632401585
"69513",0.0998249840039143
"69519",0.00419550619834711
"69524",0.00591715976331361
"69527",0.00242029601447683
"69528",0.0175890601283687
"69534",0.00996047000683938
"69535",0.00452150843829815
"69536",0.0168605626633376
"69537",0.0352267622670963
"69538",0.00780259791049154
"69539",0.00325032849165247
"69540",0.0258936074724744
"69544",0.0107158389224036
"69546",0.00760740642448121
"69547",0.0760653193026636
"69548",0.0166139684934475
"69549",0.0107143812148974
"69550",0.0143578379854079
"69551",0.00926931436735487
"69553",0.193362317539934
"69554",0.00230417147003548
"69556",0.00317663646423358
"69562",0.00118660432880379
"69568",0.00296795027305013
"69572",0.0100490102291208
"69573",0.0151604394673638
"69574",0.00781187746138148
"69577",0.00383529325699957
"69578",0.329335443565181
"69579",0.0474288989942392
"69581",0.00335119579967411
"69582",0.00591715976331361
"69583",0.0266821161568864
"69585",0.372276108456455
"69587",0.00251254703173975
"69590",0.0175151747557341
"69591",0.1182296393729
"69596",0.0053267360046891
"69597",0.00348041770044165
"69601",0.00578020301968995
"69602",0.519023143307758
"69605",0.00411243328340047
"69606",0.00593006288816915
"69608",0.00300146045233691
"69612",0.00147261896875908
"69617",0.00242969361839828
"69623",0.00322381839201148
"69627",0.106800335255156
"69632",0.0023343336053046
"69634",0.00426598927641377
"69635",0.00216813093347624
"69638",0.0109312284419221
"69639",0.00579720166774622
"69640",0.133290121930377
"69641",0.00207015009879
"69642",0.00711278850341123
"69654",0.00204260257078029
"69655",0.0564778797804263
"69656",0.0127871245704926
"69657",0.0883543056141961
"69659",0.0189195245300458
"69660",0.00555913495402603
"69662",0.00501213877359229
"69663",0.00390663755363718
"69666",0.00723935434959903
"69668",0.00355716787691457
"69671",0.0673649380972424
"69672",0.00441650271946527
"69674",0.00916122448979592
"69675",0.00839111939863644
"69681",0.117772851667815
"69683",0.00209363858753063
"69684",0.00230252614748693
"69692",0.00893588871827389
"69693",0.215561224489796
"69694",0.00617783766597526
"69697",0.00629359731491239
"69698",0.028734927588535
"69700",0.031333820402347
"69702",0.00291145507799024
"69707",0.0217737395664953
"69709",0.00766588959614974
"69710",0.00584499995324
"69713",0.00479095955222445
"69714",0.00398646753057677
"69716",0.0554688661882808
"69718",0.00253200432948789
"69719",0.00380013744792033
"69721",0.00162251472640624
"69723",0.0142174344923807
"69724",0.00344402657077744
"69726",0.00231511063652084
"69727",0.00153236989903408
"69731",0.00529134419017149
"69732",0.165895644504677
"69736",0.010018519739403
"69737",0.00212222321812812
"69739",0.181712120475553
"69740",0.00626917957034498
"69742",0.00292162471510986
"69743",0.0884019688177416
"69745",0.00538429715684356
"69747",0.0150580038202638
"69748",0.00848569341327374
"69749",0.0191634956540288
"69752",0.00421668394657155
"69754",0.00308403134555109
"69757",0.0117254558650873
"69769",0.0213305721361854
"69770",0.0321656427221172
"69772",0.0174108572510804
"69773",0.00114993323134529
"69774",0.0525173611111111
"69780",0.00627472859488305
"69784",0.00662159316727889
"69786",0.00534137007349116
"69787",0.200558113034076
"69788",0.106603403713369
"69790",0.0113243031189105
"69792",0.00427886231978652
"69798",0.0568571243094017
"69802",0.00733443015638475
"69804",0.00258412201915118
"69806",0.00234335371746127
"69807",0.00405816186556927
"69812",0.123091707176272
"69815",0.164295111111111
"69821",0.00563673708601135
"69823",0.00291691146361872
"69833",0.00619090056733676
"69834",0.00477545483891999
"69837",0.00532793435984869
"69847",0.0209679451028076
"69852",0.114112785922036
"69860",0.00318748882225608
"69863",0.00537148298387803
"69870",0.00418597175905365
"69871",0.0139945039420564
"69875",0.00270160800586703
"69876",0.00799271993300431
"69878",0.00454136094429588
"69881",0.0461614674111081
"69882",0.00314466065331277
"69885",0.250812493822183
"69890",0.00501019677415028
"69893",0.00405636574495862
"69894",0.00476175509913607
"69895",0.010929287775383
"69900",0.0028332257196722
"69902",0.00286634460639369
"69903",0.0108965979150213
"69906",0.00345450788914828
"69908",0.00482938591786578
"69909",0.251084832746457
"69912",0.0112448895504325
"69917",0.00204345971611732
"69918",0.0500073303927746
"69920",0.00717389061527874
"69922",0.0205395318561204
"69923",0.00214488930438383
"69926",0.102221591720766
"69928",0.0350698429411822
"69930",0.002661894878121
"69934",0.00682382251760368
"69938",0.00146139840511151
"69940",0.0049
"69941",0.225049222252091
"69942",0.00697315035023902
"69944",0.0036381960191484
"69952",0.00384953462804156
"69953",0.00415200705153677
"69955",0.00927297668038408
"69956",0.00259538758305544
"69957",0.00232158844688413
"69961",0.00418732336352394
"69962",0.00752290712203249
"69964",0.227146667769987
"69976",0.00325705793664731
"69981",0.00310255248379325
"69983",0.131008315845074
"69993",0.00377740448133492
"69994",0.268026136555344
"70004",0.100477675872233
"70005",0.0102832653096015
"70008",0.0226680926128183
"70012",0.00355571145386777
"70020",0.0061544231398164
"70021",0.0067856024177254
"70024",0.119493979576284
"70025",0.00294081650220557
"70028",0.00215708641975309
"70031",0.043163644470868
"70036",0.0276160443352685
"70040",0.190070193249281
"70044",0.00452074252644053
"70045",0.254614913539278
"70047",0.00279753668208582
"70052",0.00210178898367008
"70054",0.0836642789133329
"70059",0.0170963831165421
"70060",0.0502888020384876
"70078",0.00533306396765055
"70081",0.00594037187478802
"70082",0.0033802055164954
"70083",0.0163301942951852
"70086",0.149924186270025
"70088",0.00155464287810426
"70093",0.00146947709930968
"70097",0.005552430006201
"70099",0.0052832880677099
"70101",0.0158398030599142
"70103",0.00242109377537004
"70110",0.0187905567478854
"70113",0.112068445287053
"70118",0.00851055729265074
"70120",0.00468276271334867
"70122",0.00206718636741926
"70123",0.0028728286691885
"70127",0.00397300372780349
"70129",0.333208209984616
"70134",0.149010079359947
"70144",0.00590870063678473
"70152",0.004096
"70153",0.00404886502187687
"70155",0.00472752755530197
"70160",0.00253103465097829
"70162",0.241180051701459
"70178",0.0019278943417506
"70186",0.00277362088387275
"70192",0.606403899830118
"70207",0.00414134880434675
"70208",0.00323614124948957
"70209",0.0022813478403068
"70218",0.0618722575874651
"70223",0.00309901994310334
"70225",0.00473655706035073
"70226",0.110619391924371
"70227",0.00850322790934312
"70230",0.00491647081944852
"70231",0.00267995936318848
"70233",0.00137955411797741
"70235",0.00889334743827842
"70237",0.00434073976294389
"70238",0.00149637290214832
"70239",0.0035250758790568
"70240",0.01
"70247",0.00227029832635438
"70248",0.00414957281041816
"70252",0.0266417935933338
"70257",0.00720366355761702
"70258",0.119759271024499
"70261",0.0719712811078926
"70266",0.00683668388522097
"70274",0.135720762024931
"70281",0.20484402238916
"70285",0.00480529216176343
"70291",0.0294905215514128
"70292",0.00343815935245692
"70294",0.00224763303419307
"70296",0.00189322742261306
"70297",0.00358031638134308
"70300",0.00507049813570532
"70310",0.0100854975641721
"70312",0.00284521077957788
"70314",0.00907922363766599
"70315",0.0046045918367347
"70316",0.00245407397745148
"70317",0.00344819509726322
"70319",0.16598461930384
"70325",0.0188088919320282
"70333",0.00310610978132987
"70335",0.024444813913978
"70337",0.0069637479638203
"70345",0.355674001088399
"70348",0.0327537990371778
"70349",0.00293966769062679
"70350",0.00333170651358516
"70351",0.00270662865786709
"70354",0.00146624703659761
"70355",0.00685519528250715
"70356",0.00169723179984794
"70357",0.00471254001239782
"70358",0.818102523601355
"70359",0.00391461294693137
"70361",0.00296918430863108
"70362",0.138279336380394
"70363",0.00377680538498257
"70369",0.00151618923633087
"70370",0.0793132315573122
"70373",0.00210949104767074
"70375",0.00163652051186391
"70377",0.0481440286549156
"70380",0.004596380350474
"70381",0.00179267869616221
"70382",0.00186040879584734
"70383",0.00306643551634664
"70385",0.0948734871115274
"70387",0.00292694218299328
"70393",0.200552392929196
"70394",0.0052265043716853
"70396",0.00310689345983851
"70397",0.00224535232688577
"70408",0.00255959745260495
"70415",0.0147021254862865
"70417",0.0034161846185469
"70419",0.128007782873199
"70420",0.00305401662049861
"70422",0.00776969909738454
"70423",0.00453484020781631
"70425",0.00351746734155103
"70426",0.0120572207909098
"70427",0.00255917383294895
"70428",0.00524769049538099
"70430",0.00534052530753003
"70432",0.00222040863177227
"70433",0.0207514400590333
"70435",0.0030731882325157
"70439",0.0203366602664849
"70441",0.0296180958678473
"70445",0.0169185445484713
"70448",0.0607489540469345
"70450",0.0294918285225188
"70451",0.0165335784412395
"70454",0.03574861859611
"70456",0.00561577948100727
"70458",0.259917491651712
"70461",0.00356964783189694
"70465",0.00252801098592428
"70466",0.0420788242696543
"70470",0.00911716961498439
"70472",0.0128466813313747
"70478",0.00191252365051288
"70481",0.0427773258257802
"70484",0.0535798620671692
"70489",0.0594112387383712
"70494",0.0881080317916435
"70495",0.00254393816142988
"70497",0.006982340387444
"70503",0.00555962197735507
"70508",0.00200490086879038
"70510",0.00152721671190469
"70511",0.0219395672906507
"70527",0.0155997882251627
"70530",0.00303232783571115
"70533",0.00197933758563783
"70536",0.00468486856838818
"70544",0.0073276914254052
"70546",0.0044115024126175
"70549",0.00273354340476721
"70551",0.00516159152956267
"70552",0.0175226412715617
"70556",0.00227070678550716
"70560",0.0071895791859056
"70561",0.00147338317473434
"70564",0.00514779091032674
"70567",0.00428824793721252
"70568",0.00290033780498717
"70571",0.00976636031260139
"70572",0.00137284965118264
"70573",0.00356015700617322
"70574",0.00637834486255397
"70575",0.00495234827586083
"70579",0.00443307031105267
"70584",0.00537441824153129
"70591",0.00161386064426176
"70592",0.0994543776926933
"70598",0.00409904165846675
"70599",0.00317244563295602
"70601",0.00328372465952175
"70603",0.0333606099448073
"70604",0.00303472749074319
"70605",0.0031165150300439
"70611",0.00244131130068363
"70612",0.00322736534210656
"70615",0.003631842480052
"70616",0.00629881582262535
"70617",0.0241737132261265
"70620",0.00317745970430171
"70625",0.00644384734318447
"70626",0.0414979706541145
"70638",0.00624727898971185
"70640",0.00233479656813673
"70645",0.0516792831057155
"70646",0.00305894341652288
"70650",0.00234234044032884
"70652",0.00393356789095711
"70661",0.00234649274410195
"70673",0.0042638198529976
"70675",0.00748168710386268
"70676",0.0121808220223846
"70681",0.0107904005699954
"70683",0.00357068626734483
"70686",0.00479523610637207
"70691",0.160449753818962
"70693",0.00190698459027575
"70699",0.00307897811684693
"70713",0.00258602176458751
"70717",0.00758140085351675
"70719",0.00697066679791675
"70726",0.00851800785985166
"70727",0.00131596123379289
"70729",0.00816625259683242
"70730",0.080723032086062
"70737",0.0473253308710372
"70747",0.00505067831630145
"70750",0.00180191586838817
"70753",0.120078114226837
"70757",0.0025456345568032
"70762",0.00224131833243203
"70767",0.00653568527401386
"70769",0.00378918174448046
"70771",0.00563656915479915
"70772",0.0725059934753471
"70779",0.0149169076662505
"70784",0.0124979171613946
"70785",0.0846975566078842
"70790",0.00126468625127361
"70791",0.00399943757909044
"70796",0.00348293469497447
"70797",0.00504737160650064
"70799",0.00562563636620703
"70802",0.00188991134848204
"70804",0.00186149506640157
"70807",0.00784807084535392
"70808",0.00259952878424951
"70821",0.0794179247378711
"70823",0.0028237727758565
"70827",0.00638419428469069
"70829",0.00396525830800902
"70832",0.0374365972685148
"70834",0.00124800949415487
"70839",0.00254659216111931
"70843",0.146401713811283
"70846",0.359468382541788
"70852",0.574414223938223
"70853",0.00415316293132574
"70873",0.00598711865733184
"70882",0.178149459272149
"70884",0.114934011029228
"70885",0.00420582666589327
"70887",0.0128074953245833
"70891",0.0532383452695155
"70892",0.00366343490304709
"70897",0.222830909301339
"70898",0.0507709175564036
"70911",0.00451945484075983
"70918",0.0101687733917096
"70920",0.053040462094372
"70924",0.238138141106571
"70925",0.00429149701109413
"70930",0.00264404186663088
"70934",0.136874395660971
"70945",0.391747216324031
"70951",0.0611895940752706
"70957",0.163383036770675
"70966",0.0411933924575709
"70967",0.0257914710346082
"70974",0.00558531481226383
"70976",0.300476710975202
"70979",0.260751471253961
"70981",0.0779114431143369
"70984",0.00734304403631655
"70986",0.18240202457679
"70987",0.173778487443751
"70989",0.236556922793258
"70997",0.0124674721109705
"70998",0.00487331578044189
"70999",0.00514939128943759
"71004",0.0646337933010525
"71007",0.0193013894068825
"71020",0.0269897959183673
"71040",0.149002353977205
"71041",0.00945702009144045
"71045",0.0253032364859026
"71054",0.0516207451269058
"71059",0.00497177223343901
"71063",0.00247998673825388
"71069",0.00336893048510066
"71071",0.0182258783450003
"71085",0.01666434599502
"71086",0.0174719751236497
"71091",0.00441193847450255
"71093",0.0275863344190649
"71096",0.00240145025081553
"71099",0.186515608283814
"71101",0.00628210809570466
"71111",0.0212081080215119
"71116",0.00246615944263968
"71130",0.247000360449962
"71131",0.00820220719117123
"71132",0.0432165907814742
"71137",0.00985450669563663
"71141",0.0360371765848582
"71145",0.13010035544959
"71146",0.00412854199153486
"71147",0.00957973496173559
"71148",0.00301770755124323
"71149",0.093950937669768
"71151",0.00643956713915562
"71153",0.37335034309658
"71163",0.00270313492762291
"71169",0.00142791690589488
"71175",0.00255372643239106
"71176",0.219966285979766
"71177",0.00246065129763809
"71186",0.0488510733576435
"71198",0.00694444444444445
"71200",0.28960234317576
"71206",0.0206625121623845
"71207",0.002629224524298
"71213",0.0264249350871516
"71228",0.00513899498564507
"71233",0.104348125059403
"71235",0.132478043344708
"71238",0.0102427423470305
"71240",0.00557469341659449
"71242",0.0212693645835775
"71254",0.0215774522008363
"71263",0.00429223980779279
"71264",0.177470756513175
"71265",0.17648926343509
"71268",0.00222794006074589
"71274",0.31189246282991
"71275",0.114814561846868
"71276",0.00920040061386813
"71279",0.0098921194584412
"71281",0.194489633789792
"71296",0.333070745305781
"71302",0.00270567767950052
"71304",0.302204983231785
"71306",0.00432540107571805
"71310",0.00347741185001778
"71313",0.116182258756156
"71323",0.00350963852375285
"71330",0.00355066674214654
"71336",0.0351332532712611
"71339",0.00470668824951593
"71340",0.00683342393894813
"71354",0.0122366669277156
"71361",0.00929763922286586
"71365",0.00383908943112918
"71367",0.0146690118940649
"71371",0.00454434088257297
"71373",0.00864014808069743
"71375",0.00255312555517211
"71382",0.00447118211689079
"71389",0.00365159278009174
"71393",0.00526051604228553
"71398",0.135907669783534
"71406",0.0546819041340463
"71409",0.00318183075725662
"71435",0.00178826503974914
"71436",0.00359346346026773
"71445",0.00837122681879257
"71446",0.00253555300245064
"71448",0.00546136755533446
"71449",0.00463241408061078
"71452",0.00286604554347253
"71458",0.00332730190486324
"71461",0.00503960351313079
"71472",0.00466334566249201
"71474",0.00104368816919556
"71481",0.00901065080692048
"71484",0.114448273915643
"71489",0.107110571485061
"71492",0.00804975128440479
"71508",0.00723027111163065
"71514",0.00678530213380291
"71517",0.00149827101224549
"71519",0.00827490762759244
"71520",0.0172706133115822
"71521",0.00278575539429674
"71522",0.248367116076833
"71523",0.012935258709559
"71529",0.00324866584292091
"71532",0.00199550392050712
"71538",0.0018499248468031
"71544",0.00593556664847351
"71562",0.0406919282037165
"71564",0.00775118784042995
"71566",0.00492644185217346
"71567",0.00589901917893246
"71583",0.419876320822286
"71584",0.0133940273890327
"71586",0.00748797925436229
"71591",0.00176852123074348
"71592",0.0051131973871468
"71599",0.0111312179109503
"71602",0.00511478794644099
"71607",0.0446564613741545
"71609",0.0107475343196746
"71617",0.00386556263729863
"71624",0.174130657096258
"71640",0.00280960279431766
"71643",0.011116893449617
"71648",0.00401147389770534
"71653",0.00264338723640473
"71660",0.0210526426587028
"71665",0.00513720699015234
"71667",0.00195006534037873
"71670",0.0243325238010257
"71673",0.00387208969176138
"71675",0.00178663393986135
"71678",0.00196990054419216
"71679",0.00462161434287473
"71682",0.230358398411135
"71683",0.0132946149652307
"71684",0.00611464158160078
"71685",0.00636366147913062
"71687",0.00368096780261838
"71691",0.00364272959630265
"71693",0.0856688749650491
"71699",0.0140374358648434
"71701",0.00439540152761371
"71702",0.00287923854848305
"71703",0.00162027833280879
"71704",0.00250539665250445
"71706",0.0045405377628756
"71707",0.00583337802750427
"71709",0.00729836410683742
"71710",0.00403744754637915
"71711",0.00361543509987622
"71712",0.0336060649659978
"71713",0.00563926759097283
"71715",0.00367030188539824
"71718",0.00341316722699723
"71720",0.00644068055707047
"71721",0.00689098796560079
"71722",0.00425177388448492
"71723",0.00317205566724272
"71724",0.0231338075265811
"71726",0.00380241905053908
"71728",0.00357238326538788
"71729",0.00189405850036764
"71732",0.00127271149904629
"71733",0.0577088079530256
"71735",0.00465843348974041
"71738",0.0335343546635122
"71740",0.00702225273867857
"71742",0.0148220370583172
"71743",0.00236475838562396
"71745",0.0032629750098176
"71746",0.0212468476219634
"71750",0.00346020761245675
"71751",0.00607513317002378
"71752",0.00349454242812979
"71753",0.139613210911655
"71755",0.00365977421388965
"71760",0.020496614617918
"71764",0.0022442808490509
"71765",0.00240327186345936
"71766",0.0172605496102625
"71767",0.00541568495171866
"71768",0.259484501750676
"71769",0.00749514128453671
"71770",0.00331945122464439
"71772",0.00423304408714117
"71774",0.0101175679672216
"71776",0.0232180401138951
"71777",0.00654908715633793
"71778",0.00370657495221397
"71779",0.0035413451767097
"71780",0.00910729052806372
"71781",0.015625
"71782",0.00148051955711781
"71785",0.0070276729984199
"71787",0.0071726504680294
"71790",0.117923867293265
"71793",0.00472651026167859
"71795",0.00175788834811925
"71799",0.00240292195309496
"71801",0.00626753376925448
"71803",0.0132713775845644
"71804",0.0763567441624419
"71805",0.00390030215160481
"71807",0.00319536852706916
"71810",0.00167518894427311
"71816",0.00437638723548574
"71817",0.00220313898156919
"71818",0.277495833947187
"71819",0.0598684085734034
"71820",0.00740314930279306
"71827",0.280494591905063
"71828",0.346940195196108
"71831",0.0490735918257267
"71833",0.00196847401688112
"71834",0.00195487547910986
"71835",0.00166277966871173
"71836",0.0411699566206962
"71837",0.00813991940344422
"71838",0.00953811458445893
"71839",0.668237808848152
"71840",0.074039999758969
"71843",0.00492219316035671
"71844",0.00225796330773624
"71846",0.032723278569726
"71853",0.00625416510204005
"71856",0.0484304546162043
"71860",0.44368199521621
"71862",0.0627713128368205
"71864",0.128296984159592
"71865",0.00565511282214396
"71868",0.554253706175181
"71870",0.118612164830966
"71872",0.130182626221437
"71876",0.0437945294922289
"71877",0.0490269595816288
"71878",0.0385406472214508
"71881",0.00149015646108002
"71883",0.00489194089773335
"71885",0.00411619963427864
"71887",0.184390064723811
"71889",0.0861821589196852
"71890",0.00752161983471074
"71891",0.0043127645355313
"71893",0.0649226052193557
"71897",0.00703163058955108
"71898",0.452899360229728
"71900",0.00305649101101533
"71901",0.00242023040521853
"71902",0.00295479359045191
"71904",0.00247625741917617
"71908",0.303563660907301
"71909",0.00830052850048913
"71910",0.00376029876187697
"71911",0.00173992464342992
"71912",0.0250548558226568
"71913",0.0528916144117142
"71914",0.0116138422649852
"71916",0.0114929146370259
"71918",0.00779191005079166
"71919",0.00238879616348972
"71920",0.221009457281571
"71923",0.00329731160493827
"71924",0.0265200810623571
"71927",0.00198550067207852
"71929",0.00373798080295391
"71932",0.158449304647868
"71934",0.115889542779538
"71941",0.00398162731140428
"71943",0.00388572862755863
"71946",0.00198690615155033
"71947",0.00260596199332197
"71949",0.00278834984637787
"71951",0.0159069492004016
"71952",0.00826446280991736
"71954",0.00297478071505123
"71955",0.00263704562991007
"71956",0.0205730770455945
"71957",0.00388088855013885
"71960",0.00457272961447197
"71962",0.0161580777703522
"71963",0.00486446528169198
"71966",0.00790926380655255
"71967",0.0715474260496162
"71968",0.00278429227694168
"71970",0.00944557392457284
"71971",0.00427696159872007
"71972",0.00386867205582456
"71973",0.0212150107036101
"71974",0.00250591599083272
"71978",0.00614585525506198
"71981",0.0744076112115021
"71982",0.00185638022121854
"71983",0.00788302670734996
"71984",0.00721397250410637
"71985",0.015738677326279
"71986",0.00472541118652613
"71988",0.172409563361158
"71989",0.00582773657533908
"71990",0.00164492442825222
"71991",0.00293575003151025
"71994",0.00223485716939133
"71997",0.00444209692332102
"71998",0.0377067610893992
"71999",0.00188059969364065
"72003",0.0070480447098765
"72007",0.00461337503328332
"72008",0.00450782633976669
"72012",0.0168694027608021
"72014",0.00472210579978588
"72016",0.00660795490648679
"72017",0.00257208693506635
"72018",0.0026979571563904
"72020",0.00423149322040452
"72022",0.00815816857440166
"72023",0.00323699435325864
"72026",0.00601562585677118
"72027",0.461445225347734
"72029",0.00268002534681206
"72033",0.00296608785969859
"72039",0.00587011976764186
"72041",0.00875950607974361
"72042",0.00250614429157451
"72043",0.0066999597501528
"72046",0.00189942562606921
"72047",0.00226757369614513
"72049",0.450378782402521
"72050",0.0109405188901381
"72053",0.00192090552508595
"72054",0.242230026311088
"72055",0.00131224635318744
"72056",0.00523884260639209
"72057",0.00219538561171707
"72058",0.0877365178076383
"72061",0.00719538855542359
"72065",0.007325883272355
"72068",0.00164340244174813
"72074",0.426293836395802
"72075",0.00303375785968008
"72080",0.0267547435773414
"72083",0.00439920866305706
"72084",0.00743073150044342
"72085",0.00530438667693079
"72091",0.0311183207862893
"72093",0.0269747213293655
"72096",0.005808803341616
"72097",0.00235059670912547
"72098",0.0025776564204276
"72102",0.00336927830828292
"72103",0.0102493501157743
"72106",0.00181336526808297
"72107",0.395203607288129
"72108",0.00146678226091752
"72113",0.00199127066712915
"72114",0.0100219109410812
"72117",0.00535302335550036
"72119",0.019130371569207
"72121",0.0499295143742034
"72123",0.00207553925104166
"72124",0.00258258852301112
"72125",0.00310149672649228
"72128",0.00271217794191273
"72129",0.00213717891521657
"72133",0.00464876033057851
"72135",0.00227600360102501
"72136",0.0287857400705141
"72137",0.00535747513450172
"72139",0.00512317163164175
"72140",0.0071863547979269
"72141",0.00509340426973013
"72144",0.00307865151390555
"72145",0.00310290260631001
"72147",0.0084904337976652
"72148",0.00370179475510427
"72149",0.00278587913598559
"72151",0.00910943301220607
"72154",0.00248581563145661
"72155",0.0377244262937444
"72157",0.00220221386265188
"72160",0.0192828352265891
"72162",0.00344097982315743
"72167",0.00964021715331819
"72168",0.00309814403409239
"72169",0.242016002379536
"72170",0.003435589100606
"72171",0.00632052010481102
"72175",0.00412759008704585
"72179",0.00214334705075446
"72180",0.00580263679801623
"72181",0.0037905639775838
"72183",0.00186226504905157
"72184",0.0377665597927589
"72185",0.00622876026029066
"72190",0.00302116798811208
"72193",0.00292329026518015
"72194",0.00155542764940853
"72195",0.00333515026653486
"72198",0.00297224473359395
"72199",0.00338703817865657
"72201",0.00143674308545896
"72203",0.00699320708075736
"72205",0.00473942661744925
"72225",0.0225264939629689
"72230",0.0131423117149525
"72238",0.00249405823145256
"72243",0.0826408826173105
"72244",0.00259252109012554
"72246",0.0806009352281775
"72254",0.00471827202287487
"72258",0.00239656465563944
"72265",0.00212775203532568
"72269",0.18474289053101
"72278",0.00273176817188358
"72284",0.00394400145853517
"72285",0.196846167869686
"72287",0.0387716211625807
"72290",0.00498967730893035
"72293",0.0335076127549555
"72296",0.00255222261348058
"72297",0.0721603651720959
"72301",0.00313140877265235
"72306",0.00259618532874718
"72307",0.00580391530408599
"72308",0.00232254318478734
"72309",0.00469960919317667
"72313",0.00262304011656085
"72315",0.00979036757290232
"72318",0.0031506151394382
"72320",0.00253610061591015
"72322",0.00256572115728682
"72323",0.00444925640180702
"72324",0.0158427460381036
"72325",0.00280732180980089
"72326",0.00751468910849332
"72330",0.0100059946177411
"72333",0.00819152228128041
"72338",0.00945216049382716
"72341",0.00485154146085668
"72344",0.00392211292784583
"72345",0.004325467370759
"72349",0.00131941441558161
"72350",0.0175921103527255
"72351",0.00383514948530747
"72354",0.0035859274850067
"72355",0.00843751861287523
"72357",0.00159300929290296
"72368",0.00476619807076207
"72371",0.00476728039272951
"72386",0.00260530579679092
"72388",0.081153870204696
"72392",0.00324286772733752
"72393",0.00279880560666156
"72397",0.0103399192021209
"72399",0.00158338787102734
"72400",0.00832331933244986
"72401",0.198587562376353
"72404",0.00345333757918254
"72413",0.0160783840619985
"72415",0.0456952800503021
"72416",0.00548130155802958
"72421",0.00362500220945383
"72425",0.00447496414498131
"72429",0.0109560769147879
"72433",0.158342444327835
"72440",0.00852501847995246
"72446",0.00922946079177995
"72454",0.00231395708054607
"72459",0.00208085944830175
"72461",0.00573921028466483
"72462",0.00745063669368072
"72465",0.00209433951690396
"72469",0.0161653761023564
"72472",0.0079066959360243
"72475",0.00170980041640081
"72477",0.00174675168919899
"72479",0.00232254318478734
"72480",0.0028656904123443
"72481",0.07621664345666
"72482",0.00333849174583571
"72484",0.200282004043953
"72486",0.00528358525664735
"72500",0.010189312905195
"72502",0.00499868194754407
"72503",0.00162040361964953
"72504",0.00729258232667819
"72507",0.003683567255931
"72508",0.00182131439992983
"72511",0.0677864665953559
"72512",0.0121869081767931
"72514",0.0123538058476476
"72515",0.00215467663949209
"72518",0.183949831271619
"72519",0.00314749556100078
"72522",0.00654553115174244
"72535",0.00874695926711868
"72536",0.0335017199643563
"72542",0.0014602999369418
"72543",0.00239941714475334
"72544",0.00636627580330644
"72549",0.0456672057895737
"72552",0.0013982938632041
"72554",0.00453537206641081
"72555",0.00503007796297827
"72556",0.0217286290891877
"72560",0.0283357881450374
"72562",0.0187652467629949
"72565",0.00791433777388946
"72567",0.0041181967639995
"72568",0.00643111483021034
"72569",0.00604159715351477
"72572",0.00292437229222909
"72575",0.197787564448813
"72578",0.0134460440713938
"72580",0.0051548961382584
"72584",0.00504652232935634
"72585",0.00380715255771842
"72587",0.00215640118365729
"72588",0.143505176617614
"72590",0.00284152066454489
"72599",0.0190939941036752
"72605",0.00648282854827067
"72607",0.00364366158972619
"72608",0.334211615552158
"72609",0.221142715343987
"72611",0.00353412654342458
"72612",0.00387855126713314
"72614",0.0509323678602932
"72615",0.00313449920975406
"72621",0.00262283202940899
"72630",0.0120127227515921
"72632",0.016145850046812
"72634",0.00378451475730194
"72635",0.00573321789636578
"72640",0.0120479660292393
"72648",0.110629012187594
"72649",0.0042848785532779
"72650",0.00650176368617461
"72654",0.00495970502777398
"72655",0.00877527905032509
"72656",0.00283363934710636
"72657",0.0108478998544246
"72658",0.0187652467629949
"72661",0.00694618001318355
"72662",0.00355342973081111
"72665",0.076849163403782
"72667",0.00228432235295285
"72668",0.00360327496003082
"72669",0.00647357074545639
"72672",0.00695384470657602
"72674",0.00244476505294967
"72677",0.0496124425752389
"72685",0.00290976259422267
"72690",0.0315423232532579
"72691",0.0125106845293922
"72692",0.00300040943515812
"72693",0.00467459185246034
"72699",0.0193606788188623
"72701",0.0191448123096396
"72709",0.0323213592522918
"72713",0.032215647600263
"72716",1.31066062760653
"72720",0.00383543821689423
"72722",0.00725329617098626
"72723",0.00348874528637614
"72726",0.00498610601868779
"72727",0.00396700563961656
"72729",0.00134627487574541
"72735",0.281239690735146
"72736",0.00326415464361725
"72739",0.00258348221728905
"72745",0.00327609754265424
"72747",0.0018591399002775
"72748",0.0094387240156558
"72749",0.0167624266216222
"72750",0.00349248549381025
"72754",0.00813533256439831
"72759",0.00217041950007613
"72772",0.00177728007756076
"72774",0.0195556978857012
"72775",0.00445805942998285
"72776",0.00606106254175898
"72780",0.00887335818295317
"72787",0.00233750055266895
"72792",0.00838143449453877
"72795",0.00190991546947714
"72805",0.00859266506754198
"72807",0.020159981659109
"72813",0.0834200419209611
"72821",0.00194636678200692
"72823",0.00615534176931951
"72825",0.00403196321441841
"72826",0.00376226076686737
"72828",0.00369430188544021
"72831",0.00230663540155757
"72832",0.00607128901964166
"72834",0.00595601281962038
"72836",0.00911452927048414
"72843",0.00268116169709157
"72844",0.00191018751880609
"72852",0.00534699827174454
"72865",0.00201872874922009
"72873",0.024518079181919
"72881",0.00669091491858144
"72886",0.00977231890753072
"72895",0.00180881766329377
"72898",0.00207643879425521
"72899",0.00266825889316371
"72900",0.00344909323357998
"72902",0.00522572216577152
"72925",0.00249651973592173
"72927",0.0070023424
"72930",0.00246240354322439
"72931",0.0036666035835292
"72935",0.00344636427891079
"72938",0.00749372428566495
"72946",0.00397496020439147
"72947",0.0241759909617114
"72948",0.00140549153895936
"72949",0.00297236156596522
"72958",0.0123110244918571
"72960",0.00501213877359229
"72962",0.0371670847254077
"72972",0.00192366882117575
"72973",0.0323923521130589
"72978",0.00376371190670502
"72981",0.00231439006574142
"72982",0.0105795918367347
"72993",0.00361115990030834
"72997",0.0265265626920274
"72999",0.0022894213895814
"73010",0.0028610734986036
"73016",0.0873489811829848
"73024",0.000991683242907462
"73032",0.00507999529600892
"73040",0.0180987913094933
"73046",0.00354308390022676
"73047",0.00965274257788094
"73061",0.0131362386568931
"73062",0.00511873080694399
"73067",0.00765857483108051
"73068",0.00513224680332506
"73072",0.0166456329981035
"73075",0.0207775342910478
"73078",0.00354867309441569
"73086",0.00281401332108851
"73093",0.240661215268973
"73094",0.00356352946447029
"73095",0.012205785761657
"73100",0.00983601939427379
"73102",0.00317722173330892
"73103",0.0260573917907384
"73106",0.0402531639251389
"73112",0.00612199281141105
"73121",0.0736252544848613
"73122",0.00177150492287563
"73124",0.00483049685925458
"73130",0.00769687078373874
"73132",0.00188732208843839
"73137",0.00686561707346622
"73139",0.00471686417862571
"73144",0.00560521075917208
"73149",0.0844087133962832
"73158",0.00337148803329865
"73162",0.00510298323901052
"73166",0.00780007263486032
"73172",0.007879698660118
"73173",0.015477246692572
"73174",0.00812375945925371
"73178",0.00361773396331749
"73181",0.0545730786452049
"73182",0.0161503698006246
"73183",0.0750131851190718
"73187",0.0601685212269061
"73192",0.00201803036673328
"73204",0.0160491824247598
"73205",0.00307226420202829
"73208",0.0683306606510707
"73212",0.00754221559795836
"73216",0.14753108233727
"73218",0.00461589732668334
"73225",0.00343679626144915
"73229",0.00712599089222466
"73230",0.0100021578464629
"73233",0.00278033882194297
"73242",0.00571601323999147
"73246",0.195308610997484
"73247",0.00902348263448745
"73251",0.00195006534037873
"73254",0.010131039840247
"73261",0.0244428781510777
"73274",0.00224855848702026
"73284",0.00803589756408305
"73287",0.0632909841285139
"73288",0.00145959835093075
"73293",0.0285338520417016
"73296",0.00548050901385585
"73297",0.13359234510983
"73301",0.270191953330561
"73314",0.0344695078035601
"73316",0.0577277742421341
"73324",0.19280483826166
"73327",0.0117761750645722
"73331",0.137071176846832
"73332",0.00395728000031211
"73338",0.0185005801309159
"73340",0.0166595194773356
"73341",0.00754144761216168
"73365",0.0494298482023192
"73368",0.00444847568636374
"73373",0.00312278373697222
"73379",0.00326341264256855
"73385",0.00312798722780255
"73389",0.00295050102003544
"73390",0.00369021715074329
"73405",0.360413555393825
"73407",0.0414707666082053
"73419",0.00465551152465075
"73420",0.00360957658632651
"73422",0.0163930431901135
"73430",0.00457812635053727
"73431",0.0104941893830158
"73442",0.00485636260809381
"73447",0.00514939128943759
"73451",0.00235260713711085
"73453",0.169934422571051
"73457",0.313280651751869
"73467",0.00239078653139176
"73469",0.00349740926297608
"73472",0.590392379765846
"73473",0.00308641975308642
"73474",0.10291392642006
"73490",0.0147984085465161
"73504",0.0510979725230546
"73516",0.0192028886166208
"73526",0.0858781251545936
"73545",0.024039798344034
"73569",0.201219382347825
"73571",0.0199660382904269
"73579",0.150663065978908
"73582",0.0127471383975026
"73598",0.0339150180642154
"73600",0.460362998070866
"73603",0.0632940629764482
"73608",0.466310100187643
"73610",0.00789891715053053
"73611",0.107743049225817
"73634",0.387831942817092
"73635",0.0473113664477975
"73647",0.553337423112001
"73649",0.0236346664759947
"73652",0.0135210988640013
"73656",0.0703181618675295
"73658",0.00267472047011553
"73660",0.250357185333674
"73666",0.00303911900065746
"73667",0.193529263919593
"73668",0.00401641724893386
"73673",0.0430425223609121
"73674",0.00391099491301548
"73677",0.115543035146322
"73680",0.0056998670567634
"73681",0.00481729650151002
"73683",0.00602172739500212
"73689",0.00573065104271175
"73690",0.127925022845623
"73692",0.00267568263207606
"73694",0.00241521495900593
"73699",0.00661809740272963
"73703",0.345330826398517
"73707",0.0114269711732399
"73710",0.00314233612434955
"73711",0.00814158693524343
"73712",0.455701765932217
"73713",0.0183789350323553
"73720",0.0228358275433811
"73721",0.0710055854552897
"73723",0.00222776251193448
"73724",0.00408567178389513
"73728",0.0107552938327988
"73729",0.011947329142907
"73736",0.00522995273765637
"73737",0.00466807326863043
"73738",0.00960509668323257
"73739",0.00520936557816041
"73744",0.00208166204122106
"73747",0.0091913210296467
"73748",0.119737848837179
"73750",0.0147801678850849
"73754",0.00977423116959603
"73761",0.290836351722594
"73774",0.0753229392082384
"73804",0.0657576145781993
"73813",0.181973827245379
"73822",0.00255675838459172
"73824",0.00981750036258469
"73825",0.00140112582532736
"73826",0.00127325432796461
"73827",0.00649689949741291
"73828",0.0037937696777367
"73830",0.00391484303131774
"73833",0.00695436862244898
"73834",0.00188744324577989
"73836",0.00604124844980638
"73844",0.00298227500728578
"73845",0.00501467431865032
"73847",0.0132794618062243
"73852",0.00485698299661929
"73862",0.143021487603306
"73873",0.0177914584919335
"73884",0.0116639392106611
"73893",0.0367511100335276
"73902",0.246990245639017
"73904",0.258684155175727
"73906",0.237088521736423
"73910",0.0085551172756417
"73914",0.0953971347672286
"73915",0.390893582856787
"73916",0.00206611570247934
"73919",0.00539966724167849
"73940",0.0201725505010143
"73941",0.281576633442179
"73942",0.0101940473647514
"73945",0.00316912739350317
"73951",0.424736498796339
"73989",0.211488005968304
"73990",0.242536169624311
"73991",0.0049425160697888
"73998",0.00224501091411123
"74002",0.00581439949663328
"74004",0.00290341556090145
"74006",0.00433546302671781
"74007",0.00794306368141949
"74008",0.0133456711282566
"74011",0.00442437602233415
"74012",0.00407477655961841
"74013",0.00716003067596327
"74015",0.00171185283329093
"74016",0.0807076446280992
"74018",0.00173475025589307
"74019",0.0045594701871916
"74020",0.00419899366614897
"74022",0.00137528764586539
"74023",0.219876720644349
"74025",0.0139530377771494
"74026",0.00225152449759941
"74030",0.00674848853946148
"74032",0.00461251050816615
"74034",0.00720944281806182
"74035",0.00372438393170708
"74038",0.00389762909677379
"74039",0.0217204868130123
"74041",0.044915310011902
"74043",0.00448559648832731
"74044",0.0159990590596124
"74048",0.00278231199681867
"74051",0.0112574732063659
"74052",0.208629399054955
"74053",0.00187869901912303
"74055",0.0113441406113231
"74071",0.221040320784139
"74076",0.174864880020994
"74080",0.0258659064640184
"74081",0.00186569721224747
"74090",0.0204257670473452
"74091",0.0141638261270682
"74094",0.0102545230992869
"74096",0.0163577323911232
"74097",0.00663721673016519
"74098",0.00341903953611565
"74100",0.00153308397292258
"74102",0.00139065315434613
"74103",0.00189035916824197
"74104",0.00401727361869429
"74105",0.00310940976492862
"74106",0.00168054527905383
"74107",0.0907043361335916
"74108",0.00220875457600774
"74111",0.00566805941372683
"74112",0.00192333234106374
"74114",0.00280375674135309
"74116",0.132291380649009
"74117",0.00205010970178853
"74120",0.00423225218004174
"74121",0.204880751336237
"74122",0.00234362058529991
"74123",0.00406093810073049
"74125",0.0013235478391624
"74126",0.00826446280991736
"74127",0.494269490833057
"74129",0.154047426402464
"74131",0.0244929065064967
"74132",0.00270884620613988
"74133",0.00384967342670368
"74134",0.0479553202073162
"74136",0.00143086436668092
"74137",0.048800970253366
"74140",0.00240882231171666
"74142",0.00143900250326695
"74143",0.00288522448979592
"74144",0.00842042766448134
"74145",0.0137646984134978
"74147",0.0106625401375098
"74148",0.00165447064393574
"74149",0.00906080950963744
"74150",0.00442989337765645
"74153",0.0186518483223241
"74154",0.00232426855405927
"74155",0.00246795838526863
"74156",0.0615987158820093
"74157",0.00194840250223299
"74158",0.00159925172455133
"74159",0.00253324507806416
"74164",0.00225136231865473
"74165",0.0467363344725969
"74166",0.00231370407873667
"74167",0.00175519928676817
"74168",0.00459736664527305
"74169",0.0471611200829322
"74173",0.010524567547798
"74178",0.00519115774854365
"74182",0.00232071534620485
"74183",0.0276763065282127
"74185",0.00583839340372301
"74186",0.00747950600999018
"74187",0.00268045965821564
"74189",0.00554949750025507
"74190",0.0192960275422883
"74191",0.00646088733373103
"74192",0.00258946141698995
"74194",0.00527403115976816
"74195",0.00326679934576202
"74196",0.00386494411380462
"74197",0.00285902508409468
"74198",0.00968897711303937
"74199",0.0414054860789847
"74200",0.00288892449240475
"74201",0.00395909607372806
"74202",0.089698520729139
"74203",0.00232162599921635
"74204",0.00186290946932373
"74205",0.00155397118406099
"74206",0.00304567538460789
"74211",0.00479527890404397
"74213",0.00491403005724507
"74220",0.45184063041725
"74227",0.0805047067944563
"74229",0.00671962089126434
"74230",0.0577778000055477
"74237",0.00275298746248061
"74238",0.00313851030608322
"74239",0.0030101317019579
"74241",0.00175442837077012
"74243",0.0107901320157041
"74244",0.00255649539199596
"74245",0.00437175839222978
"74246",0.00721344201708848
"74249",0.0158887084245463
"74251",0.0069540674522898
"74252",0.00186231253319621
"74253",0.0293870110752776
"74254",0.0025963566510806
"74255",0.00188264735917342
"74256",0.00235528610038673
"74257",0.00373366381168968
"74264",0.19140625
"74268",0.0104482637287971
"74270",0.00148172141199688
"74277",0.00575226046170748
"74284",0.00395661108481295
"74287",0.001194775897701
"74293",0.122717102305669
"74302",0.00119291997302579
"74303",0.0833095823443129
"74309",0.0023994683543506
"74310",0.133273062494459
"74315",0.00158000019653895
"74316",0.00348825944428734
"74318",0.00856080681670674
"74319",0.00498269896193771
"74320",0.00197856419748731
"74322",0.00232871593878254
"74325",0.00168732201230561
"74326",0.00301497199401395
"74330",0.0015131947151663
"74333",0.090804539497016
"74334",0.00490544898484458
"74335",0.0213657981983617
"74337",0.0336335203853357
"74338",0.240256164091177
"74340",0.0013573814271117
"74341",0.0861762013680923
"74342",0.0021486490822499
"74343",0.00680767003963728
"74347",0.00399794539084521
"74349",0.00204027335884725
"74351",0.00142399430402278
"74352",0.00222270187147326
"74354",0.020079004737006
"74355",0.00265550937464475
"74356",0.010072763113824
"74359",0.0169320790459317
"74360",0.00470617720567248
"74362",0.171640017728619
"74363",0.119904094253063
"74364",0.154563914150236
"74365",0.0035671147296265
"74369",0.0363449518011788
"74370",0.00150828718283585
"74374",0.00187675898570861
"74375",0.001632704910338
"74376",0.0266101742563283
"74377",0.584594083616386
"74383",0.00275029685793816
"74385",0.00386578869546894
"74386",0.00394749641434847
"74387",0.0583286704220876
"74388",0.00121123378965445
"74392",0.00244428231308627
"74393",0.007367825584521
"74396",0.0269960883461407
"74400",0.211118349938417
"74403",0.0653942832844039
"74405",0.0193582219675569
"74407",0.0651473670675043
"74410",0.00203954214360042
"74411",0.00325305044193616
"74412",0.0015737898915597
"74413",0.184827045191108
"74414",0.00762218441376779
"74419",0.077882407734059
"74424",0.302539105423009
"74426",0.0573182365205517
"74427",0.00350034352401819
"74430",0.00660000998700783
"74435",0.0856632956573468
"74438",0.00365690622728916
"74440",0.00264069010787143
"74442",0.0292234295177241
"74443",0.00302140076320994
"74446",0.223877104709562
"74450",0.00153905683655341
"74451",0.00258582171016706
"74453",0.250525375498723
"74455",0.00635412201167449
"74456",0.0870618569652564
"74463",0.383891739872666
"74464",0.00223936154534065
"74466",0.0171263289622532
"74467",0.00324925341872356
"74469",0.275458187005288
"74470",0.0250552169357896
"74471",0.103939552422563
"74476",0.0129420879427909
"74477",0.0042096175283001
"74478",0.0040175653182649
"74479",0.00255008853932452
"74480",0.009976429000534
"74482",0.0365529148402172
"74485",0.111667254027029
"74486",0.00589775171708594
"74487",0.00851950200472174
"74488",0.163809006171955
"74490",0.0305713425420603
"74492",0.0779103107587493
"74493",0.00158982822527647
"74498",0.00199530616682452
"74504",0.0038523239363786
"74511",0.36203524253439
"74513",0.00569512436530197
"74516",0.0762839538317894
"74519",0.00497077466218689
"74521",0.00421225564853681
"74522",0.00532847831802591
"74525",0.00143222678967661
"74528",0.00694444444444444
"74530",0.305860256440692
"74533",0.00124510580934753
"74549",0.00190136560302866
"74551",0.00391687202093056
"74552",0.00225473537121764
"74558",0.0590215677029136
"74559",0.013280634595984
"74563",0.0271810034757483
"74568",0.146438273162254
"74569",0.0019183336354726
"74570",0.00161256128644211
"74577",0.0140111492024851
"74580",0.0376327378949481
"74585",0.00331153749067113
"74589",0.0564447284821966
"74596",0.00326026901386984
"74597",0.215716313800319
"74600",0.004612252250458
"74610",0.00216528491729794
"74616",0.0028744587816017
"74617",0.00490039359800775
"74626",0.015509615779335
"74629",0.0875149699753801
"74633",0.0364426502512211
"74637",0.0111852095577188
"74645",0.00843844673135636
"74646",0.00324162009293996
"74648",0.00161302844607132
"74653",0.00228246428644463
"74661",0.0649673768522585
"74665",0.0144481202672233
"74666",0.0173545125318226
"74670",0.00345360976045913
"74682",0.00516362192241865
"74684",0.0156989643936981
"74685",0.434741295095877
"74687",0.13621470120475
"74693",0.349159086050867
"74694",0.00309244497323022
"74706",0.633028131253672
"74711",0.147304602261456
"74717",0.100002495762481
"74718",0.00257124180368954
"74720",0.0143753646840563
"74724",0.154494898877068
"74729",0.0127732034932389
"74732",0.180138601503133
"74734",0.0404583268181052
"74735",0.0372052396641513
"74737",0.00156404609148074
"74741",0.00167851980294169
"74743",0.297374405457547
"74744",0.159896322698332
"74747",0.00309076529250347
"74748",0.131423346028662
"74753",0.0117668359291471
"74754",0.0022820398393444
"74760",0.00395110265811581
"74761",0.0138628281460696
"74762",0.00362466866889232
"74763",0.00148546006944444
"74764",0.00378349397099942
"74766",0.00482742807725012
"74769",0.00232666960574856
"74770",0.00538685354054769
"74772",0.00217155356576245
"74775",0.0101704999120837
"74776",0.00357891658998461
"74777",0.00521015619349718
"74778",0.00207193984533437
"74781",0.0018373748384031
"74782",0.00781697545633322
"74838",0.00505956256982462
"74840",0.00353422065441627
"74841",0.0024694288365119
"74843",0.312003278923348
"74844",0.259828595242331
"74855",0.0565308817057069
"74868",0.00346372195422618
"74890",0.53822051878285
"74892",0.105206400004987
"74895",0.0031081473857986
"74901",0.00137281044742094
"74918",0.0490494804532645
"74919",0.00158717011524888
"74925",0.101913265060804
"74931",0.0258834300271672
"74934",0.491383997336058
"74953",0.375009710592414
"74972",0.181852776047536
"74978",0.0300356144285959
"74992",0.25421143739105
"74996",0.00214665851731489
"74998",0.00274262010305904
"75007",0.00354393616648147
"75013",0.197058093496106
"75015",0.193992164989689
"75016",0.0159977503163618
"75019",0.369417522580547
"75029",0.00547338084423213
"75033",0.0725847532161645
"75040",0.0380979089174027
"75044",0.203360081056235
"75050",0.0128900411070895
"75051",0.0273224120833733
"75060",0.0454074576382609
"75062",0.00217777777777778
"75079",0.00732102487046503
"75083",0.0335921499036124
"75087",0.186957624283322
"75089",0.00168268226159103
"75099",0.00231846778235277
"75104",0.00393941114781147
"75106",0.275249531772491
"75116",0.186591191315494
"75129",0.131284228618725
"75135",0.0421354086104043
"75137",0.00346904218148947
"75141",0.00222340775826041
"75146",0.0063716796773917
"75170",0.131014665083065
"75172",0.309889699773022
"75180",0.0174293921020025
"75196",0.0228501892915089
"75202",0.0134742387343096
"75209",0.00822692308463806
"75210",0.00524514862547621
"75212",0.00254649667910477
"75216",0.00754946493456545
"75219",0.00202151313022054
"75221",0.00391836889970737
"75234",0.00207171720649076
"75255",0.579981478222979
"75258",0.40657810104729
"75259",0.279896005760832
"75273",0.00409199053780447
"75276",0.271010158987814
"75284",0.0170911073145162
"75288",0.00468364771540449
"75291",0.0108161263193546
"75292",0.00563464423312032
"75296",0.00397685782069697
"75302",0.00217273153369618
"75304",0.0495592403628118
"75305",0.323118166819558
"75311",0.109111479490511
"75316",0.00551948374737026
"75317",0.0429521772778154
"75320",0.00393970809135072
"75339",0.00533468279895817
"75355",0.0647464069862496
"75359",0.234691038009279
"75368",0.325695835586804
"75370",0.431095788730863
"75373",0.0732104541593798
"75379",0.250649577500712
"75387",0.00825664216894536
"75388",0.0155406546749452
"75394",0.252428643910542
"75398",0.00375475529841904
"75404",0.0894695563300613
"75406",0.00378362185394022
"75409",0.00282714897619416
"75410",0.00430944924074119
"75415",0.00314404739470723
"75416",0.00610039002493602
"75420",0.0041187339080045
"75422",0.00483194527067222
"75423",0.00171444638982236
"75424",0.0607985232790851
"75425",0.00409443474227248
"75426",0.0151959947388928
"75429",0.0107148862319583
"75430",0.00596704554178899
"75452",0.0036
"75454",0.00657233822757371
"75458",0.0356469554100177
"75465",0.43554860631807
"75472",0.138498685748111
"75475",0.00343372894145536
"75479",0.383616210220438
"75480",0.389592159877407
"75482",0.234100539023312
"75495",0.108130720188691
"75504",0.165809372130395
"75507",0.207772307123369
"75516",0.0183164678613828
"75530",0.00767368027324463
"75533",0.0129548376541294
"75538",0.0191142368736335
"75539",0.259773193706939
"75540",0.00329628118500532
"75541",0.00492459218220991
"75547",0.00331543346968965
"75549",0.0457366924811293
"75552",0.0037272957083349
"75553",0.00122776693339482
"75555",0.12518901557378
"75556",0.226253209592189
"75560",0.0024223133092103
"75561",0.272189026934072
"75563",0.180990731847812
"75564",0.00655433412273364
"75565",0.0115174470190846
"75568",0.0327300609859728
"75570",0.0277777777777778
"75571",0.0871187003775634
"75572",0.00637133262281566
"75576",0.0481969924144197
"75578",0.00899657360331778
"75579",0.0550270170378207
"75580",0.00280126996049541
"75590",0.131316417013519
"75593",0.00497349062313989
"75597",0.00658303469670725
"75599",0.00318720595059317
"75600",0.678738858329081
"75602",0.0991299211238326
"75605",0.00301806263086217
"75607",0.00207538424727024
"75608",0.00197795638173157
"75612",0.00234234892644079
"75613",0.00376748209647298
"75614",0.0434375765559174
"75616",0.00277956573815824
"75617",0.00815031852089955
"75619",0.00371570580960361
"75620",0.00348379903101471
"75623",0.00988516841597253
"75624",0.00241710875909145
"75625",0.00357676701160657
"75627",0.0026973392204292
"75646",0.0142772004744775
"75647",0.223777788235308
"75657",0.279640662308723
"75659",0.00684343568887231
"75660",0.00895166890510058
"75662",0.313941511083708
"75665",0.00511719613492707
"75668",0.00582319195426789
"75669",0.00549448300598915
"75671",0.112368725445735
"75677",0.0158159236559238
"75678",0.0022637852519045
"75686",0.00389921699317412
"75687",0.0061455562235569
"75689",0.0322371569621078
"75690",0.0368410080585982
"75691",0.00856272478588653
"75692",0.0080607463625789
"75693",0.0762591691321931
"75695",0.00280099475868224
"75697",0.0279050526525248
"75698",0.00437128611433645
"75705",0.00114592619151882
"75710",0.0020361349978423
"75712",0.00436814638657683
"75717",0.00286989795918367
"75718",0.0223620123550859
"75723",0.0128567858590735
"75725",0.00165984561332617
"75729",0.0115638454391538
"75731",0.00711439854044968
"75732",0.0462049087256529
"75734",0.00183445515988196
"75735",0.0029218407596786
"75736",0.0312993492649045
"75739",0.0135718524457265
"75740",0.0141667482421595
"75744",0.00254219334792741
"75745",0.00277944872162502
"75746",0.018885671770232
"75747",0.00308048770233938
"75751",0.00232729324630331
"75758",0.00254336432596252
"75763",0.00326684872600486
"75764",0.00300550590342644
"75767",0.0156116244770566
"75769",0.00267522807456415
"75770",0.00175655260594514
"75778",0.00400019711334882
"75782",0.00507652634234059
"75784",0.243896370696595
"75785",0.00115678482797022
"75786",0.00138024901992734
"75787",0.333246142394686
"75788",0.00241870464928783
"75796",0.00482253086419753
"75799",0.111406303513975
"75801",0.0351870124762212
"75805",0.00251023540383321
"75809",0.0287908662763504
"75812",0.0147757840994621
"75814",0.24699368060385
"75826",0.00133969446042424
"75836",0.229773192714742
"75841",0.00191748505184237
"75847",0.00508232280262875
"75853",0.230756608074349
"75860",0.396844495332725
"75869",0.00230699512480573
"75870",0.154292089992146
"75871",0.00241374148862304
"75881",0.124470063303316
"75894",0.00694444444444445
"75900",0.106059873686386
"75901",0.00418634519112597
"75905",0.0388724138960483
"75906",0.00203826748410967
"75909",0.00269590621556432
"75913",0.30557106720343
"75914",0.00241210968398757
"75939",0.0295308121851867
"75951",0.0926827544166513
"75956",0.00661637582979881
"75957",0.139193225852051
"75958",0.148826891833885
"75964",0.00167728367917704
"75965",0.00207385637270106
"75973",0.0986233163038429
"75974",0.00359164248685792
"75985",0.00272026405621518
"75990",0.0187874110869051
"75991",0.0027967825443787
"75995",0.0207769195756451
"76000",0.0250297223221923
"76001",0.250719179007039
"76007",0.00241888780470485
"76014",0.00381039475689682
"76022",0.00178008436323566
"76025",0.00154278729720343
"76041",0.070287973074465
"76044",0.0106744676087586
"76051",0.00622305004818019
"76055",0.00296758197481007
"76071",0.00193821446936434
"76073",0.0042312354701064
"76074",0.241482741110757
"76080",0.00164509122668325
"76082",0.00997338657200962
"76088",0.00698751066338218
"76089",0.00257363495273336
"76100",0.0449299012211564
"76108",0.0014089925639513
"76113",0.107404474028456
"76117",0.00490695227122617
"76123",0.00213843400905081
"76130",0.00489021468042447
"76131",0.211961731419425
"76132",0.00315361046114903
"76133",0.0741552820761648
"76137",0.0028196770408738
"76138",0.0140192978480728
"76142",0.00346960490795577
"76156",0.00132709702117621
"76157",0.0555553886864767
"76161",0.0151530647073314
"76166",0.0578059144999692
"76167",0.00314084184044487
"76178",0.00214732173149717
"76179",0.00278259970040642
"76183",0.00373894789169491
"76184",0.00700463226060049
"76187",0.00954626820517048
"76192",0.00181077410593029
"76199",0.00362484893402507
"76205",0.00340660888292324
"76206",0.0188984306916539
"76217",0.00293612148503501
"76219",0.00608266673971802
"76220",0.00364038395528908
"76222",0.0150815635580179
"76223",0.00831606494991317
"76229",0.010704418098698
"76233",0.00322511812223746
"76238",0.00292044133451415
"76246",0.00278537834593264
"76251",0.00459545853942583
"76252",0.00132887782922342
"76257",0.00449026216422826
"76260",0.00387346583944074
"76261",0.0140097998050149
"76263",0.00737825227770255
"76265",0.00678987636413493
"76267",0.00612013512888148
"76273",0.00191227768775731
"76281",0.0079588329924625
"76282",0.0113088939630207
"76293",0.0143320544810603
"76294",0.0795378908992067
"76295",0.00410568639220394
"76299",0.00267197287383491
"76302",0.00189989511100752
"76303",0.00246865234761283
"76306",0.00645659217688908
"76308",0.00382939572943531
"76311",0.0220871647306165
"76332",0.00290868840935608
"76338",0.0031199758369207
"76355",0.0106072217167658
"76357",0.00563215724665191
"76365",0.0324508630070775
"76366",0.0031050640064995
"76367",0.00814829536586041
"76371",0.0743801652892562
"76373",0.0216418197719202
"76375",0.00590660910907322
"76376",0.00417138732322491
"76377",0.0247469052657506
"76380",0.02241488363225
"76398",0.27211818471676
"76400",0.307417461032262
"76406",0.225685873396548
"76408",0.0187585400442535
"76411",0.00939081985869793
"76415",0.440808922332706
"76416",0.0113864515169542
"76421",0.0712229210169793
"76425",0.00192937931519237
"76429",0.00376892138123058
"76432",0.402791620635842
"76438",0.00490732859038149
"76441",0.00444444444444444
"76448",0.00899781077679057
"76453",0.00575648404550804
"76454",0.00385846757499341
"76455",0.0116772705670846
"76457",0.00886599787011657
"76459",0.0106006194115742
"76464",0.0506086733049517
"76467",0.00397217710613657
"76469",0.00805000378348663
"76477",0.0168071711438736
"76478",0.0109610086182195
"76479",0.0043256127754092
"76482",0.00553224437507093
"76483",0.00371337890625
"76484",0.00394357659162433
"76485",0.00522298582746745
"76487",0.0217627009154349
"76491",0.0116683472531673
"76497",0.00373004093607814
"76498",0.00222226986900181
"76499",0.00185221666211176
"76500",0.00250570776069969
"76501",0.00637975198630238
"76505",0.00547136940039538
"76508",0.00610516645077513
"76509",0.37075013546516
"76510",0.00286284228155935
"76516",0.0392076223596996
"76522",0.00352306790748872
"76524",0.0100063724707639
"76527",0.00614934593670734
"76539",0.00428359741484965
"76547",0.00341829783872945
"76551",0.00250382116872028
"76559",0.0029223655391234
"76561",0.00421276795663513
"76563",0.00655238062795331
"76566",0.00289567332555132
"76568",0.0023699344746402
"76571",0.177312895986343
"76574",0.00515848849800758
"76577",0.00168263676186449
"76580",0.00236392740031876
"76582",0.00153150426150335
"76594",0.00150180734991331
"76602",0.0462849796034984
"76608",0.00234767079756814
"76612",0.0189166209542757
"76614",0.00193695008539448
"76626",0.00440763760954529
"76628",0.0907145771739737
"76630",0.00338943825236793
"76633",0.207794890222328
"76642",0.0788959704816516
"76650",0.00151266572862886
"76652",0.0731682555709806
"76654",0.00504173650504218
"76668",0.0879939511860004
"76670",0.456861964939684
"76681",0.0165636390349176
"76683",0.0191052273886817
"76686",0.00642445078958103
"76687",0.00227812863137337
"76688",0.00303221526279227
"76703",0.460386031373693
"76707",0.00263077275339662
"76709",0.0025447085032007
"76710",0.0304074163194488
"76719",0.00326722266305186
"76737",0.00506622380276169
"76740",0.00222575227952658
"76742",0.00143768804569381
"76757",0.343492965749503
"76763",0.00275699508345946
"76773",0.00585626315552108
"76775",0.0113709747606994
"76779",0.00226293653233561
"76781",0.00327583217838266
"76784",0.00200834787907085
"76786",0.10537354812209
"76787",0.0023726065081763
"76788",0.00161698818712527
"76789",0.00406663166904758
"76792",0.0039125003561639
"76793",0.00396200357883878
"76794",0.0578493711180434
"76795",0.0072612016431041
"76798",0.0558568478564474
"76799",0.00185229341356325
"76800",0.00639107169656779
"76804",0.00215106313450931
"76808",0.00777600648227665
"76809",0.00126498189413422
"76813",0.00370980601860504
"76816",0.00279268110833862
"76820",0.00213699096376905
"76824",0.00223500474462278
"76826",0.0124666530124344
"76829",0.00596064669754103
"76832",0.00784957775503857
"76843",0.0420627029362868
"76846",0.0070088339419166
"76850",0.0039668389743468
"76854",0.0169716353842269
"76857",0.00285598638880725
"76863",0.00256425132135538
"76866",0.00780451514834888
"76867",0.00530210198887737
"76872",0.0367169851912941
"76873",0.201963692440243
"76877",0.00438703564621958
"76884",0.0020013219675602
"76886",0.00223603394362699
"76889",0.00627068044372915
"76890",0.00248486635391807
"76892",0.00327569690704452
"76893",0.0028289359163694
"76894",0.00873152378392905
"76895",0.00191227824234817
"76897",0.00200360046287758
"76898",0.00113081908521638
"76899",0.00215258062994646
"76900",0.00433626729603406
"76901",0.00374729663934941
"76905",0.088633639315998
"76915",0.0673071501505827
"76916",0.00240185808208702
"76917",0.011064630105688
"76927",0.0935015302226667
"76932",0.00123143417606004
"76933",0.117898166329197
"76936",0.00587777777777778
"76937",0.108077803118878
"76938",0.00189567289483651
"76947",0.00844840234633193
"76952",0.00191178866094148
"76954",0.00327823189456019
"76959",0.00270474041057513
"76960",0.0164490032966991
"76965",0.00384170068557053
"76967",0.00637130126929812
"76969",0.00145169146584413
"76972",0.0198768034613039
"76974",0.112606897281226
"76976",0.00348076882555667
"76980",0.00230349509669795
"76982",0.00385814064024337
"76983",0.00217552109691166
"76987",0.0029218407596786
"77006",0.00415707045603111
"77011",0.186439757406711
"77015",0.00284515347278205
"77018",0.00315819377553966
"77022",0.281610818028644
"77031",0.00256391174239465
"77032",0.00330995088367551
"77034",0.00351501142772048
"77035",0.00848361084998096
"77036",0.081654035459944
"77038",0.00167310715519477
"77040",0.0024220067700132
"77041",0.004720004661733
"77044",0.00477373838795296
"77045",0.00328625005425254
"77048",0.00247682898959908
"77053",0.00159786879810528
"77056",0.0151991878420327
"77057",0.0169720694080968
"77059",0.290652339370241
"77065",0.00456900742661328
"77087",0.00276019172277145
"77090",0.0127348560355858
"77097",0.00276550201965091
"77106",0.00275847346898206
"77110",0.00203089948704258
"77113",0.00282634060792508
"77116",0.00210110433889879
"77117",0.0138915240220477
"77124",0.00705673124854214
"77125",0.00780211696743095
"77127",0.318128006778582
"77128",0.00555664354200914
"77132",0.474857305367006
"77134",0.0028644478232551
"77189",0.109387698461119
"77209",0.0265225033791196
"77219",0.00405695971439004
"77220",0.00855427815560021
"77252",0.0228388871082805
"77254",0.00423765659396411
"77264",0.0030171420547932
"77286",0.00389213528705826
"77288",0.0319109504132231
"77300",0.00704555827002067
"77305",0.00201451092509565
"77318",0.0238306061721265
"77323",0.0255127406844427
"77352",0.162418347684071
"77361",0.069427375358923
"77371",0.00384592272099033
"77382",0.0188367029903149
"77383",0.0337637685946895
"77402",0.034780450987893
"77407",0.00192021209443252
"77411",0.234730627134997
"77422",0.00641933135440841
"77428",1.07486173157211
"77446",0.00468097338507943
"77453",0.0959764516947937
"77462",0.0286310021958424
"77480",0.00164120003091457
"77485",0.416129427473872
"77505",0.0176264138196135
"77519",0.00156404609148074
"77521",0.0019312674696857
"77531",0.00120821298864709
"77532",0.0105157931349001
"77533",0.027761997191374
"77552",0.00225474596260401
"77558",0.0382050809343843
"77559",0.00195153984758522
"77560",0.0619611574119805
"77569",0.00205780219837491
"77573",0.00220980349185477
"77574",0.005468765445675
"77577",0.399037674064946
"77578",0.00655533734993498
"77579",0.00284661287923855
"77582",0.0017443553944671
"77583",0.0281626389745914
"77590",0.00283756133881303
"77591",0.00175523312546768
"77592",0.158727639243822
"77593",0.00398835800613373
"77595",0.0441411424658824
"77604",0.00424967553929744
"77605",0.00508688999821164
"77609",0.0254209243228585
"77610",0.212194564399474
"77613",0.00818695362199169
"77618",0.0761380448436384
"77619",0.273215414898461
"77622",0.00880740169689273
"77626",0.00857487219422247
"77627",0.0534721359070751
"77629",0.00275740857655988
"77630",0.00637938625298643
"77633",0.194710594956125
"77634",0.00397493219085178
"77644",0.00235562666881348
"77647",0.225949093215328
"77652",0.0040930960081264
"77675",0.171751278107317
"77683",0.0014792899408284
"77697",0.00412067146889696
"77700",0.184133934858811
"77721",0.0029551050170785
"77733",0.00194943905828748
"77739",0.0096846710515344
"77741",0.356034794882907
"77744",0.0206024470778476
"77766",0.0025779485640729
"77767",0.0070607861623179
"77771",0.00444906564968935
"77772",0.166786842923809
"77781",0.00400926755782689
"77782",0.0231196230360584
"77794",0.00796414416460925
"77798",0.209676535523921
"77799",0.0840725140944723
"77803",0.321616897386139
"77805",0.00298354635972036
"77809",0.00396536890182447
"77810",0.102349227037667
"77827",0.00251140249376041
"77832",0.00824340537200363
"77853",0.00325373972229182
"77854",0.33493508054395
"77855",0.189187276730184
"77857",0.059437964495333
"77862",0.00293863559454394
"77864",0.00264294888190336
"77866",0.0281415114150036
"77877",0.003840680934909
"77889",0.00406003597075421
"77891",0.00318578191406781
"77920",0.0220085580605343
"77929",0.00175650105294147
"77938",0.00323439436527357
"77940",0.0061860876152001
"77945",0.107907444774715
"77951",0.00550364949164014
"77963",0.00675512089367337
"77974",0.027704320774946
"77975",0.00163776888498813
"77976",0.00407424173834314
"77980",0.00158498584408325
"77981",0.143847365205896
"77987",0.00164186048686512
"77994",0.0285828890844159
"77996",0.0637925313218807
"77998",0.238802568171394
"78004",0.120744659920322
"78038",0.00295533109304302
"78068",0.320255123027302
"78070",0.00170223658635568
"78071",0.405646576708927
"78088",0.0338694289254468
"78100",0.00180841072227465
"78103",0.092784604016937
"78108",0.00585633850008741
"78115",0.424319531348349
"78119",0.0815697659969383
"78134",0.00875412503955028
"78151",0.0293133585216646
"78167",0.239131747373506
"78174",0.18849811932473
"78177",0.00743761542272871
"78185",0.0486153564274172
"78232",0.00196039659578356
"78244",0.00596394875751332
"78245",0.408554741046582
"78246",0.0017772273764839
"78248",0.00243679526023637
"78249",0.0320608949389705
"78250",0.0870014700461338
"78251",0.00407624099819816
"78252",0.152613184071615
"78255",0.00149998710011094
"78257",0.0231645014837054
"78266",0.00286712979155192
"78267",0.00749968571318604
"78283",0.00354500193180632
"78284",0.0778242369540791
"78286",0.00346667831251638
"78287",0.00160936541834325
"78294",0.00903390447107484
"78303",0.00726271703260239
"78304",0.00668527435632789
"78308",0.00413374473444848
"78309",0.00200663169347673
"78312",0.199941886142464
"78317",0.0131092878327802
"78321",0.0318396230913691
"78323",0.00433033598950629
"78329",0.0947048028695846
"78330",0.00293608927624065
"78334",0.00217596409659241
"78339",0.00154807351224748
"78353",0.0883117399579241
"78369",0.0310410983751372
"78372",0.0114770846913779
"78373",0.0090702947845805
"78376",0.327152911018571
"78388",0.00895625152648111
"78394",0.00197844491363761
"78403",0.0653467434450011
"78405",0.270522951004436
"78408",0.00268322180863487
"78412",0.0174398090916569
"78416",0.125744408877617
"78428",0.00650950414687982
"78438",0.016164287161491
"78439",0.0429554279411413
"78444",0.0118947336131817
"78445",0.072073272137536
"78449",0.214323154691212
"78451",0.228400059333435
"78455",0.0030294892870956
"78456",0.0126097502361272
"78465",0.00627111533937131
"78473",0.0953056412125417
"78482",0.107517657211432
"78500",0.140447968482329
"78506",0.006483386743127
"78514",0.0099424153327863
"78521",0.00139979040599239
"78523",0.00197174471190814
"78536",0.314322863934572
"78541",0.00194923224614905
"78550",0.356106299278984
"78552",0.447307203192688
"78558",0.0183358429101752
"78560",0.00427398445048709
"78568",0.0194311708238809
"78569",0.132096818295682
"78575",0.0683443933853961
"78581",0.00445109876130131
"78586",0.00292547954119029
"78593",0.00283027821459795
"78600",0.094814762867213
"78603",0.0521448598816811
"78610",0.00165245554894573
"78611",0.0161938964618827
"78616",0.136141843689886
"78617",0.0207706457592125
"78618",0.00236082411558554
"78619",0.0053681011665523
"78623",0.0108953130329856
"78625",0.0675313659412167
"78635",0.0870515786056326
"78651",0.00506593011959867
"78653",0.00660031378292755
"78655",0.00242247892520285
"78656",0.00229744918041551
"78658",0.00277777243426355
"78668",0.181689425080991
"78670",0.00450231420557119
"78672",0.147091517119892
"78688",0.00405795856576086
"78689",0.00304205834667909
"78697",0.00290222559871687
"78703",0.203774473667112
"78709",0.0688335193339437
"78733",0.454473785808018
"78739",0.0475436712080954
"78748",0.024708573280394
"78749",0.0324699844762784
"78751",0.00557488062270825
"78752",0.00342729171581336
"78754",0.0277595678174185
"78755",0.0254034115539997
"78757",0.00298940210315593
"78767",0.152929059642333
"78771",0.00177237843077796
"78772",0.2295433138577
"78774",0.254123956706773
"78777",0.00530999529583165
"78779",0.00237953599048186
"78781",0.0037736804770845
"78783",0.00320094597106117
"78784",0.00193851925600843
"78785",0.00154274520954837
"78787",0.00362718978931421
"78795",0.00370141908439779
"78796",0.00556916907997327
"78797",0.00244417452104883
"78798",0.00315255832175461
"78800",0.0818914618385854
"78801",0.300090805264253
"78802",0.00661699314420692
"78805",0.225588325999561
"78806",0.0252312567299202
"78808",0.00277700571157115
"78816",0.0124188532141855
"78825",0.00203660404661244
"78829",0.00937045541153008
"78830",0.00299332046082353
"78832",0.000918273645546373
"78833",0.0146471445932922
"78834",0.00354308390022676
"78849",0.235511784515596
"78878",0.0143226500951006
"78885",0.0047404738512703
"78887",0.00583220523382804
"78889",0.0144939881506466
"78890",0.0103988822591219
"78891",0.0013269988444972
"78892",0.0194816488506568
"78893",0.00223168495580134
"78894",0.00338756013548195
"78895",0.0185631868676522
"78896",0.182423568496489
"78899",0.0566893424036281
"78903",0.00227555634764919
"78906",0.2368282360068
"78908",0.00264096491349019
"78912",0.0123359904280514
"78913",0.00343770225678787
"78914",0.0163748744208171
"78919",0.139906693390477
"78920",0.00158806716407494
"78921",0.00591459988457942
"78923",0.00690440636976089
"78925",0.00661054635295659
"78926",0.0035058864265928
"78928",0.00194175381504014
"78929",0.0067291259765625
"78933",0.0118368962894293
"78934",0.0299082365627675
"78935",0.00309060614765872
"78937",0.00137221156563222
"78938",0.00203007200803257
"78943",0.00554605361039476
"78977",0.019381410515154
"79043",0.00257820599873279
"79044",0.00226073335706657
"79059",0.0106422489055346
"79196",0.00466802978280159
"79201",0.255172072181482
"79202",0.0765653356468896
"79221",0.00197771608677568
"79233",0.00362697417367092
"79235",0.326492238638298
"79263",0.00590752138875472
"79264",0.00325386564263758
"79362",0.00521507909031565
"79456",0.0334214545685457
"79459",0.18898935912058
"79464",0.0035058864265928
"79554",0.00353706592441218
"79555",0.00141477455289928
"79560",0.00249240314442644
"79565",0.027107881860697
"79566",0.00228365572871799
"80280",0.00394919235507555
"80281",0.00350618405899087
"80283",0.00251934228768206
"80284",0.00454611145463028
"80285",0.0108880470737195
"80286",0.00312505274491875
"80287",0.0111330581618933
"80288",0.00690470521588493
"80289",0.00497055479349868
"80290",0.00403575348468459
"80291",0.00556211314441577
"80292",0.00197291522462135
"80294",0.00280403681750117
"80297",0.00172298658278669
"80334",0.00240107157612602
"80385",0.00618924821681681
"80509",0.00352657129780298
"80515",0.0023385419906167
"80517",0.00252392603435828
"80707",0.00563593825701876
"80708",0.0102443901719418
"80718",0.00322038842259776
"80719",0.0539132430475447
"80720",0.0148059901253445
"80721",0.0130085534887636
"80732",0.0029218407596786
"80733",0.0152027781783865
"80743",0.00339479387276806
"80744",0.00346324188403077
"80748",0.0025659535355424
"80749",0.00413397709904098
"80750",0.00316123933484944
"80751",0.0019197045382081
"80752",0.00408204492877679
"80795",0.00276243999154375
"80797",0.510204081632653
"80837",0.015619391768657
"80838",0.0133053873836823
"80859",0.00630399045031649
"80860",0.0152219114432449
"80861",0.0450220512629391
"80876",0.0159354166890927
"80877",0.00146017331875488
"80879",0.0387521368761871
"80880",0.0042523790022016
"80883",0.00461482312307501
"80884",0.00179985516432534
"80886",0.00290287944634537
"80888",0.0085961142055173
"80889",0.00266296302780258
"80890",0.00191279800002965
"80891",0.00449730159474102
"80892",0.00261125546496025
"80893",0.0651190431948013
"80898",0.00312806846344789
"80901",0.146662971624806
"80902",0.00761104250121607
"80903",0.0554811362486868
"80904",0.00211453366920273
"80905",0.00519819510032792
"80906",0.00167164580280565
"80907",0.0037232766971095
"80909",0.00408800896566547
"80910",0.121863773095334
"80911",0.00352906577786492
"80912",0.0014792899408284
"80913",0.00188794414559708
"80914",0.00247954526701939
"80915",0.00533015734276384
"80976",0.00130046146827844
"80979",0.171754498420113
"80981",0.00644643623206486
"80982",0.00420848465613613
"80985",0.00135966656773274
"80986",0.0363488823994702
"80987",0.00254712760676112
"81000",0.00286516892561984
"81003",0.00238536755377476
"81004",0.00162219849815642
"81006",0.00793610661814292
"81018",0.00522152732575127
"81489",0.0027928493420239
"81500",0.00381406641520106
"81535",0.00262776717793206
"81600",0.0860225960488125
"81601",0.00245391803840878
"81630",0.00228894502799749
"81701",0.0432384539518306
"81702",0.00167496332409972
"81703",0.00206421254476571
"81840",0.00181544022760745
"81845",0.0035851109233035
"81877",0.00510010290320515
"81879",0.0105726578098282
"81896",0.00320986444078951
"81897",0.0306578053842357
"81898",0.00413907770551127
"81904",0.00853704107614288
"81905",0.00216040382384757
"81906",0.00434485221186273
"81907",0.00374000197530864
"81909",0.00333864567240639
"81910",0.00384876366103825
"81913",0.0412026287515548
"83379",0.0539748955850264
"83382",0.0668310569033859
"83383",0.0113978233956815
"83395",0.0828267446730676
"83396",0.00958726412791788
"83397",0.00499756200865664
"83398",0.0249423638793785
"83409",0.00268144620821455
"83410",0.0033284023668639
"83429",0.00445092401269296
"83431",0.00149517846073378
"83433",0.0109016451448882
"83435",0.00206304715998275
"83436",0.00662604821775872
"83453",0.00976949515713126
"83485",0.00256723558163056
"83486",0.00528981373978065
"83490",0.0124797359815955
"83493",0.00313341187404636
"83554",0.140777480335779
"83558",0.0939989817555065
"83560",0.0784871837575134
"83561",0.0583143113330172
"83602",0.00288832066024877
"83603",0.00427880424520844
"83669",0.00276808814398433
"83671",0.00882419497680127
"83673",0.0111081690819271
"83674",0.00254425942874008
"83675",0.0134935210692786
"83679",0.00221807835258811
"83691",0.00446778964558215
"83701",0.00390625
"83703",0.00558483886787252
"83704",0.00260459923112579
"83762",0.0378029989997041
"83766",0.00155907617534257
"83767",0.00892321387617775
"83768",0.00692718964194879
"83771",0.0478739657906299
"83796",0.00313624841079658
"83797",0.0017043337058161
"83814",0.00252192010556861
"83815",0.00882522925454105
"83885",0.24382800719283
"83921",0.00412423196700614
"83922",0.010762550703715
"83924",0.0105575695290065
"83925",0.00232858855054618
"83945",0.00150948545141782
"83946",0.00223530789192349
"83961",0.0633252914743708
"83962",0.00146516792197981
"83964",0.00443482443764439
"83965",0.0029362517896576
"83997",0.00169166304056357
"84004",0.00688198770085301
"84035",0.00255924881923504
"84036",0.0031619576854898
"84092",0.00219271467435152
"84094",0.0104088577097506
"84095",0.00271195268264147
"84111",0.231762609526838
"84113",0.00118754349948218
"84505",0.00319821466871436
"84585",0.0024547520661157
"84652",0.0050271769623039
"84653",0.381826338863877
"84682",0.0308096804730307
"84704",0.000992176230879345
"85030",0.0394223033586282
"85031",0.0740057410326462
"85305",0.00145332838655222
"85308",0.00482898456821194
"89867",0.0658595665006335
"93671",0.033368457544061
"93673",0.273607135406029
"93674",0.0261151844191079
"93679",0.0030145405357897
"93681",0.00443757778738632
"93683",0.00243747241326637
"93684",0.00597936338073652
"93685",0.00903393967810724
"93686",0.00130643054144288
"93687",0.00272011797310351
"93688",0.122069248315566
"93689",0.0250092229531534
"93690",0.00677280994067913
"93691",0.00375045208661103
"93692",0.00249140155408948
"93694",0.00790997728874618
"93695",0.00789672248185333
"93696",0.00778546712802768
"93697",0.00483255490933852
"93699",0.00557354649704147
"93700",0.00472790240866717
"93701",0.0043986257354845
"93702",0.00742063231745585
"93703",0.00304415694265615
"93704",0.00519270840904851
"93705",0.013398476882679
"93706",0.00274454621452699
"93707",0.0101730453899251
"93708",0.00350879406605034
"93709",0.0131881145419595
"93710",0.00514686743493898
"93711",0.00393002892226633
"93712",0.00601463286327331
"93713",0.00629381973650609
"93714",0.00353565215838107
"93715",0.00589693017208848
"93716",0.00571205164641395
"93717",0.00864761285860571
"93722",0.00485182193303164
"93723",0.00233217121745374
"93724",0.00560722332473114
"93728",0.018392488787763
"93730",0.00275008256787734
"93732",0.749509843841188
"93734",0.00177575967197444
"93735",0.051849996504087
"93736",0.0025117785467128
"93737",0.00791652481022414
"93739",0.00407691030990308
"93742",0.00232324667359427
"93747",0.00334897976680384
"93757",0.011120894910813
"93759",0.00567181273559073
"93760",0.00362744455689841
"93761",0.00205639604376209
"93762",0.00241946008135921
"93765",0.00153598713610774
"93790",0.00197162508353754
"93834",0.00386587559397568
"93835",0.0468243051604939
"93836",0.00211036859863724
"93837",0.0518689680114151
"93838",0.212294190936625
"93840",0.00392062167741939
"93841",0.17527209075809
"93842",0.0121191890843602
"93843",0.00459150768639954
"93871",0.00142961265917204
"93872",0.165508550108871
"93873",0.0144098301900031
"93874",0.0104019112056195
"93875",0.0108747596901192
"93876",0.0076688858113564
"93877",0.0254786600867577
"93878",0.00796494226701179
"93879",0.0241771205263153
"93880",0.00791335767247544
"93881",0.0105875453938672
"93882",0.0106426441729491
"93883",0.00852508133526191
"93884",0.00921135747126564
"93885",0.00794933938567128
"93886",0.0160694410965421
"93887",0.0058669974264752
"93888",0.00457026678781167
"93889",0.00635241652188689
"93890",0.0072030609604989
"93891",0.00615177332645893
"93892",0.0109564154074592
"93893",0.00691737061273052
"93895",0.482381334067937
"93896",0.0720267847052689
"93897",0.13015954033686
"93898",0.130454881069265
"93960",0.00838865631230682
"93961",0.00276119261534393
"94040",0.00629745839235665
"94043",0.0028167035985144
"94044",0.00188241876619065
"94045",0.0281697760687934
"94047",0.00283207282686977
"94061",0.0022361454732562
"94062",0.00233055885850178
"94063",0.00273278457413611
"94064",0.003465500472276
"94065",0.00656986236572266
"94066",0.00328974910368994
"94067",0.00459015430262704
"94088",0.315542313311064
"94089",0.0337482082966126
"94090",0.00222567947224899
"94091",0.00398840451960134
"94092",0.0262431534398362
"94093",0.00226071162201496
"94094",0.0152008533837201
"94109",0.00269642667597376
"94112",0.00389938929270767
"94176",0.00981367559910503
"94178",0.00362867906801676
"94180",0.00535645607473437
"94181",0.00565361091952141
"94184",0.00193421151566686
"94185",0.00409567898877895
"94186",0.00251467467907307
"94187",0.0211791285962972
"94190",0.00324644871781828
"94191",0.00152010877116285
"94192",0.00431805100041236
"94212",0.00294868250638462
"94213",0.00176007007341541
"94214",0.00112518096181579
"94216",0.0327853250059339
"94217",0.00242476247572626
"94218",0.00298120059493373
"94219",0.0024192257702208
"94220",0.00511265900454011
"94221",0.00307868626435575
"94223",0.00362897372623022
"94226",0.00766955942817072
"94227",0.0425582884705278
"94229",0.00670647194132864
"94230",0.00613319943677457
"94232",0.00247311386167013
"94242",0.0128827687006928
"94245",0.00310522443604561
"94246",0.00192156126853068
"94249",0.00168882968146585
"94253",0.00254232563153748
"94254",0.00398585656947482
"94275",0.00454708262059006
"94279",0.0191455720018039
"94280",0.0134461827457138
"94281",0.00667919701227991
"94282",0.0100476860708949
"94284",0.059406162481726
"94315",0.0025562986590545
"94332",0.00284719469271936
"94346",0.346811471941539
"94352",0.10494209147586
"94353",0.00341814399321143
"96875",0.250570450470597
"96935",0.00114938801861919
"96957",0.0025797264422307
"96979",0.00515517857641272
"97031",0.00807881286886408
"97064",0.00805015847502056
"97086",0.0481271788557452
"97112",0.0042201786227656
"97114",0.603320324766484
"97122",0.0175510020680453
"97130",0.0126937777777778
"97159",0.0052334797778651
"97165",0.00754194425570895
"97209",0.290116178158506
"97212",0.00169213030766658
"97243",0.347563539549864
"97287",0.00345537795624788
"97387",0.00118505969314669
"97423",0.00794365011093082
"97440",0.0285089864781415
"97484",0.00294247231353236
"97487",0.0039239005098247
"97541",0.00232373438527285
"97761",0.00385262927416558
"97775",0.0776867360796741
"97820",0.00255524695085135
"97827",0.00292978018111738
"97863",0.00316961977169877
"97884",0.00253254790314783
"97895",0.395143138415135
"97908",0.0506700504624642
"97961",0.00449881023200476
"97998",0.00902593048431518
"98053",0.0014837566181949
"98170",0.00394073016686955
"98193",0.00120563271604938
"98221",0.0018769727518965
"98238",0.00140537150556571
"98258",0.002126540848764
"98267",0.00851476691710163
"98303",0.0211830101876471
"98314",0.00407982887013289
"98363",0.00976789958969856
"98365",0.113066602166829
"98366",0.00369983491960423
"98376",0.00321845669980665
"98386",0.00342443573001247
"98388",0.00222013276524718
"98396",0.00253517705414945
"98402",0.00472467984280691
"98403",0.00301563635301777
"98404",0.00166327741764342
"98415",0.00221177883319353
"98417",0.00384592272099033
"98432",0.00233235443350769
"98452",0.0179131410793332
"98488",0.00491039297416216
"98496",0.00296804114151285
"98558",0.385353708654398
"98682",0.00173645645122883
"98685",0.00260158623992601
"98710",0.00218905309013567
"98711",0.00432962381447528
"98732",0.00278757371794275
"98733",0.00501148172397171
"98736",0.115736635766927
"98741",0.00395810347940947
"98758",0.00150601296506046
"98766",0.00148909194565361
"98828",0.00147149395997887
"98845",0.022199669662787
"98870",0.2816508996549
"98878",0.0118554034860141
"98910",0.00645505958205324
"98932",0.00635073783546236
"98952",0.00355787705575215
"98956",0.00378698224852071
"98970",0.0253246025406478
"98985",0.0071073720733542
"98999",0.00231448825031182
"99003",0.00477753483733756
"99010",0.00320094132775435
"99011",0.00499614162040072
"99031",0.00571393142786286
"99045",0.0060909716193701
"99100",0.00845146591025448
"99138",0.0012067826977946
"99151",0.023674886137108
"99152",0.00294299163860675
"99167",0.00241215916950488
"99237",0.00231376861412367
"99296",0.0236176964412848
"99311",0.00281236836531882
"99326",0.0078083045231404
"99334",0.00541481974823894
"99349",0.0096924892982173
"99371",0.00278071680904243
"99375",0.00173933060251271
"99377",0.187388144248773
"99382",0.0040781365528271
"99412",0.00134182497220839
"99439",0.304216124899383
"99470",0.00252369179231111
"99480",0.00249041228112186
"99512",0.0047313116205244
"99526",0.00405602022276709
"99542",0.0159992844445147
"99543",0.00361652327771772
"99571",0.26058414375302
"99586",0.00466892432699298
"99633",0.0209730959648164
"99650",0.00210032826247025
"99681",0.0159883599518861
"99683",0.00401022969352082
"99696",0.00202165313918918
"99712",0.00215530433328247
"99730",0.0048255091138497
"99738",0.00304370165561652
"99870",0.0138679826364361
"99887",0.00205154602192647
"99889",0.00393738226565068
"99890",0.00412627797067901
"99899",0.0802271584422121
"99929",0.00267597415110368
"99982",0.00199298469387755
"100017",0.0179529647612518
"100019",0.00401738343127441
"100061",0.161701469237833
"100072",0.0043890625
"100087",0.00544926414003788
"100088",0.00389098727113539
"100090",0.0068594979110994
"100102",0.146503689576225
"100121",0.00174606300309075
"100129",0.0169901402433207
"100155",0.0602060525100329
"100163",0.00847891632666212
"100169",0.019153734510292
"100177",0.00657065062844399
"100182",0.0179046173662981
"100198",0.00430268504254505
"100201",0.00154583621148088
"100206",0.00723399515162667
"100210",0.007803628408295
"100213",0.00167709750566893
"100226",0.00242758958863263
"100273",0.00205942383415334
"100317",0.00178464180964136
"100336",0.00226673034005901
"100340",0.018483023255932
"100342",0.295025802079763
"100382",0.0149045820598515
"100383",0.00203609891043219
"100434",0.00175761073430541
"100465",0.00548376951780296
"100470",0.223960022818537
"100494",0.00490892125441195
"100515",0.00234131113423517
"100532",0.00443284772545999
"100561",0.00388341125169476
"100604",0.0049531985245079
"100608",0.004057438284647
"100609",0.00858089390474032
"100637",0.00227309644794953
"100678",0.00717924123699996
"100683",0.00299332046082353
"100702",0.0107840693231749
"100705",0.014146031330832
"100710",0.00407918404009531
"100715",0.00346311545163301
"100732",0.00398633132090623
"100737",0.00185920218771625
"100740",0.15934782676556
"100756",0.00185715080204988
"100763",0.00157634043666379
"100764",0.00535620814218472
"100855",0.00205252287290778
"100900",0.0148720999405116
"100910",0.00290889566567668
"100929",0.00302496494816094
"100952",0.0262260821722029
"100972",0.00179249582127744
"100978",0.00773118773280288
"100986",0.00200344196334929
"101023",0.00744562674159978
"101095",0.00386304931728642
"101100",0.00719586932789285
"101113",0.00451124609623835
"101118",0.00420185800442451
"101122",0.00732684089359106
"101142",0.00437455565568435
"101148",0.00469611435076067
"101185",0.00485136506522116
"101187",0.00329158614624056
"101197",0.00341510063421928
"101202",0.192720932247865
"101206",0.00287372003028906
"101214",0.00558791033639489
"101240",0.00201994697639187
"101314",0.00301431253595455
"101351",0.0041077369203218
"101358",0.00314874311433208
"101359",0.0297137632838712
"101401",0.00749281582045406
"101437",0.00184977125277724
"101471",0.00193703777528671
"101476",0.00199089287067463
"101488",0.00438528444581939
"101489",0.00267154663688662
"101490",0.00209480966243908
"101497",0.0119772820710675
"101502",0.00545635780699189
"101513",0.00326571355996581
"101533",0.255245151849855
"101540",0.0177523628020732
"101543",0.0158163638017118
"101544",0.0380725758477097
"101565",0.00294323712705382
"101568",0.00414799561215956
"101592",0.00457380697473116
"101602",0.0372422283779625
"101604",0.00935279903062497
"101612",0.00332774259138272
"101613",0.394588750853281
"101631",0.00318246369243471
"101685",0.00510740432798394
"101694",0.00418170489371478
"101700",0.0201794309873208
"101706",0.00340435368502899
"101739",0.00492459218220991
"101744",0.34373093877551
"101772",0.0123456790123457
"101809",0.00563947947522507
"101831",0.017376680469126
"101835",0.00514444664216119
"101861",0.00373361962017415
"101867",0.00691124836927478
"101869",0.00339334527288152
"101883",0.0509885535900104
"101943",0.00495351777160499
"101966",0.00646563420549702
"101985",0.011319478860629
"101994",0.00323547581242201
"102015",0.079107860771192
"102032",0.00478720108670239
"102058",0.00216900526795005
"102060",0.00444772024639292
"102075",0.0518673553400781
"102093",0.00444444444444444
"102098",0.00221604597729593
"102103",0.00328736893891352
"102115",0.00399995592631202
"102122",0.00151367317131537
"102124",0.00997759731871245
"102132",0.382094971032191
"102141",0.0031548661748839
"102162",0.00241182355846557
"102182",0.00268861454046639
"102193",0.00185894100328652
"102209",0.00304387562864663
"102247",0.00166009487368421
"102278",0.0114833483500864
"102294",0.00861165136789788
"102323",0.00179589127952382
"102334",0.00298370355601426
"102339",0.00200677894709487
"102371",0.112035108057904
"102414",0.002194837036487
"102423",0.00303601
"102436",0.212492908798748
"102442",0.00206518617118867
"102448",0.0563473260353146
"102462",0.0039133706122245
"102502",0.00736161430498873
"102545",0.0231573953020508
"102566",0.00443463872333951
"102580",0.002773873841841
"102595",0.00963715532632414
"102607",0.0020442839227782
"102614",0.0130460060529991
"102626",0.0212244905805459
"102632",0.00156735325836076
"102644",0.0103305563020693
"102657",0.00901926650445935
"102680",0.0132889660493827
"102688",0.0491769131943894
"102693",0.00374843815077051
"102747",0.00211972908166553
"102774",0.00233528071527261
"102791",0.00536285033036731
"102857",0.0037903582075673
"102866",0.003507457340173
"102871",0.203651480704892
"102920",0.0344729412529877
"102941",0.0036672506915089
"102954",0.00306020823902218
"102991",0.111111111111111
"103012",0.0188821227976809
"103080",0.0068583832705567
"103098",0.00226530465965954
"103135",0.00841011986322367
"103136",0.00352327480401318
"103140",0.01198453107314
"103142",0.118899972007859
"103149",0.458686113532023
"103161",0.370645521116161
"103172",0.00271874796854783
"103199",0.00231468663270692
"103213",0.0323797446597313
"103220",0.0287994689531396
"103236",0.00557291278942605
"103266",0.00385787585355503
"103268",0.0125307914511514
"103284",0.00442598363596284
"103406",0.00267722513503943
"103425",0.00256544297922347
"103466",0.00489688866758077
"103468",0.00504013593966649
"103511",0.00961960029429419
"103534",0.0018577036711653
"103537",0.00283025382717738
"103551",0.00836133282475883
"103554",0.00169117371213641
"103573",0.00570549987131459
"103583",0.00145679156226327
"103655",0.133097452671402
"103677",0.00178201197512047
"103694",0.00184272373426949
"103710",0.00289170335657889
"103711",0.00261298976947496
"103712",0.00155883374620072
"103724",0.00306627406159562
"103729",0.078825116974721
"103733",0.00268779799583467
"103737",0.00858523719156441
"103742",0.00658266550454408
"103743",0.0150072647089307
"103765",0.00935279903062497
"103768",0.00256904508683017
"103784",0.00674160239254917
"103806",0.00511601900379523
"103836",0.0220734693877551
"103841",0.00647950234354782
"103844",0.0306352967133844
"103850",0.00236096934684575
"103963",0.00262348018289413
"103967",0.00357508658002157
"103968",0.140625
"103978",0.00486567947671426
"103988",0.0213812651177207
"104001",0.0026180516352683
"104009",0.00293088670089225
"104010",0.0133588606492965
"104015",0.00651251568313512
"104027",0.00170675580736097
"104069",0.00403474526959236
"104079",0.0343350741228577
"104080",0.159878626971937
"104082",0.00317040012985959
"104086",0.0325543117395655
"104099",0.0129886734679846
"104103",0.0987468234953956
"104110",0.018909312939607
"104111",0.00347009744696423
"104112",0.00179874741205303
"104130",0.0046798714644415
"104156",0.00237330765657204
"104174",0.00467139321944494
"104175",0.00633946300288509
"104184",0.00317172818519317
"104215",0.00551300385086688
"104248",0.00187214260311699
"104252",0.0129134943853827
"104263",0.00260451843043995
"104271",0.0147356994856256
"104303",0.00308641975308642
"104307",0.169881105265977
"104318",0.00172619899256144
"104346",0.00342864912331448
"104348",0.00267452445955287
"104349",0.00893663216881546
"104362",0.0488850128828138
"104366",0.513822538961548
"104368",0.0476135172519869
"104382",0.510717752963462
"104383",0.00428228418124137
"104394",0.00570013967418215
"104401",0.0024005678783373
"104416",0.00175777260853543
"104418",0.00220272929553887
"104444",0.002591346942013
"104445",0.00964757949129277
"104457",0.00775852882877234
"104458",0.00188893800589077
"104479",0.00337156530473592
"104570",0.00161145844019502
"104582",0.00722214012186108
"104601",0.280129506018749
"104625",0.00403854380583878
"104662",0.00376222866807796
"104681",0.0177023912539014
"104692",0.271684127133996
"104709",0.0254286037921913
"104718",0.00165031345856842
"104721",0.00200928370526865
"104725",0.00578210778309994
"104732",0.0438185811082759
"104759",0.00926941716727244
"104771",0.00180894708449904
"104776",0.0040460728833403
"104799",0.00185808927166392
"104806",0.00408854406788516
"104816",0.0291371665385796
"104831",0.00556484555075367
"104836",0.0103319457627468
"104859",0.00193883340071049
"104871",0.00335645918001345
"104884",0.00949100075722712
"104885",0.00136582784456444
"104886",0.00228007392892768
"104910",0.0269583600997566
"104923",0.00303093468621276
"105000",0.00206213164820793
"105005",0.00273115485269488
"105014",0.00278834303741888
"105083",0.0077835391970927
"105120",0.0586984258051443
"105148",0.00309692508077036
"105171",0.00210474007556232
"105193",0.0046176060707718
"105203",0.00371332878015238
"105239",0.00236234198028209
"105243",0.0369005649486897
"105245",0.00208714473446881
"105246",0.0023806759854648
"105278",0.00697771650946865
"105298",0.0023186786032963
"105348",0.00199111290746388
"105349",0.0678482478680841
"105351",0.00475624256837099
"105352",0.00390625
"105364",0.0610146644398419
"105372",0.0042598424634592
"105377",0.0034254251547383
"105387",0.0146623332221839
"105428",0.00308551985666928
"105439",0.00345065922347028
"105440",0.0113383058984911
"105445",0.00291626995296858
"105446",0.00682607540028974
"105450",0.0119737437799194
"105501",0.00645541099692586
"105504",0.00193831563538348
"105513",0.00176214007332291
"105522",0.00206243255304475
"105559",0.00328048768798704
"105638",0.00262984878369494
"105651",0.0141692020349223
"105653",0.0036236258594981
"105663",0.00222220274532013
"105670",0.00185474525426274
"105675",0.00384161172318078
"105689",0.00255101909350924
"105722",0.00224746227709191
"105727",0.00390625
"105732",0.0353511761903413
"105734",0.00394054025254409
"105782",0.00355024381332534
"105785",0.0852008765522279
"105787",0.00354692152128343
"105827",0.00956332864977245
"105833",0.0242413074827752
"105835",0.00217496037051887
"105837",0.0167485699869688
"105841",0.0138689479244505
"105844",0.0131706354690091
"105847",0.00522620465518019
"105853",0.00219786506415052
"105855",0.00508699425538623
"105859",0.00333388925597224
"105975",0.0642385552684209
"105988",0.0332560987788366
"106014",0.00133958117262788
"106021",0.00256060386122804
"106025",0.00245785746766112
"106026",0.0891221818362735
"106039",0.00163364427276542
"106042",0.00577182684100561
"106052",0.00656696098589902
"106064",0.00582383063038477
"106068",0.00328393523276959
"106073",0.00275906643292691
"106143",0.0013923980291053
"106200",0.00315179360835279
"106205",0.0038193001462222
"106248",0.00682236222396644
"106264",0.00477147020507177
"106298",0.00209628405317227
"106326",0.00562547271886863
"106338",0.00613731444711079
"106344",0.0122243324265447
"106347",0.281378669168886
"106369",0.00329621967983509
"106389",0.0877783058663092
"106393",0.00362377425168291
"106489",0.00767174889063525
"106504",0.00306509740065373
"106512",0.0401764055192222
"106522",0.0139720224223016
"106529",0.00182281730005366
"106564",0.00814902650202289
"106565",0.00563915984336063
"106572",0.00631289925215417
"106581",0.00334478807704792
"106582",0.0338141039585191
"106583",0.00183171715223908
"106585",0.0060173639054853
"106618",0.0094597655013227
"106628",0.00756868724109793
"106633",0.00449881023200476
"106639",0.0045112815166312
"106648",0.0115751766283203
"106672",0.00600154988000445
"106707",0.00234280004429881
"106757",0.0629485054311663
"106759",0.0158792942885215
"106763",0.00492742607205616
"106766",0.0872111354597841
"106794",0.00535467158067895
"106795",0.0248424336122581
"106821",0.00560278876798575
"106840",0.00298119294126747
"106861",0.00364438657498392
"106869",0.0135800609532974
"106877",0.00439610105438541
"106878",0.003784239880197
"106894",0.00151271916686151
"106931",0.00209856121843888
"106947",0.00246133862239986
"106952",0.00447867494688551
"106957",0.00396043351059501
"107003",0.0908149318537319
"107022",0.00456714360041623
"107029",0.00284141279590473
"107035",0.0025087950679668
"107045",0.00204635619180481
"107047",0.00314589997598506
"107065",0.00436836050352772
"107071",0.00279301969409457
"107094",0.00444769508938568
"107173",0.00398826876077961
"107182",0.00213166793105992
"107197",0.00588670695445941
"107227",0.00560740116531201
"107239",0.0235534081413133
"107242",0.00244194808467091
"107250",0.0316080837457909
"107260",0.0016391024275107
"107271",0.00236219880966783
"107272",0.00463113761989594
"107305",0.00500586878174135
"107321",0.0369101817982646
"107328",0.0104817275395054
"107338",0.00424200866540545
"107350",0.0568792563155407
"107351",0.00415131702460643
"107358",0.00132151743488549
"107368",0.00113201339002787
"107371",0.00180224279102884
"107372",0.0587130177514793
"107373",0.0236513910020485
"107375",0.0169952926909782
"107376",0.0392838276896448
"107392",0.00466121514169126
"107435",0.00393997633136095
"107448",0.00172812943850212
"107449",0.0062106114384071
"107476",0.00253341960693644
"107477",0.157415013638197
"107503",0.00757443069034474
"107508",0.00237086038014321
"107513",0.00178850744241107
"107515",0.00121597035548947
"107522",0.00329428560579519
"107526",0.0809799783826525
"107527",0.0986337034458146
"107528",0.00493168597318165
"107566",0.0021243374146895
"107568",0.00369044093153288
"107569",0.00196686771383473
"107581",0.0124539739237439
"107585",0.178749676004247
"107586",0.177700153952672
"107589",0.00458564121819752
"107607",0.0183684096571672
"107650",0.00248737320779969
"107652",0.00197361054736908
"107656",0.0343541153659492
"107684",0.00702163314750533
"107686",0.00677491091575277
"107701",0.00555048452503774
"107702",0.00490615787573057
"107723",0.00122559632468388
"107732",0.00258474335071899
"107733",0.00794306368141949
"107734",0.00400237749885174
"107746",0.00454488069688171
"107747",0.00644572879703364
"107766",0.191537417547976
"107767",0.00161174895921466
"107769",0.0107947640638312
"107770",0.139309759406342
"107771",0.0068580036256071
"107815",0.0946745562130177
"107817",0.00317179386547518
"107823",0.00415104705850021
"107829",0.00467108327726308
"107831",0.00214029710869923
"107869",0.013928576291343
"107885",0.036087703312701
"107895",0.0024132715398776
"107932",0.00295044227301015
"107934",0.00229256054553206
"107939",0.00727119764437233
"107951",0.00201799320687544
"107971",0.00572513497350714
"107975",0.00444195560538113
"107976",0.00224657775643028
"107986",0.020910822953644
"107993",0.0112515662840217
"107995",0.0334256464887841
"107999",0.00575819856047858
"108000",0.0152728852841911
"108011",0.00465883894080375
"108012",0.00361645221641529
"108013",0.00246824260152927
"108014",0.00294654375012226
"108015",0.376927956810431
"108017",0.178437835503778
"108030",0.00391236833252647
"108037",0.00484571050331087
"108043",0.509820461542644
"108052",0.00538435871867657
"108058",0.00412237965335441
"108062",0.002601
"108067",0.00381896225224088
"108068",0.00575553756294728
"108069",0.00466508424902694
"108071",0.00270023092158706
"108073",0.00482145506678541
"108075",0.00307288284065592
"108077",0.00204419420552286
"108079",0.00358815303147893
"108083",0.00128087136190443
"108086",0.00165415955042981
"108089",0.00458246797180175
"108096",0.49389817736038
"108097",0.00539861502658462
"108098",0.0073469387755102
"108099",0.00226439180683495
"108100",0.00560107912554295
"108101",0.0140030659052237
"108105",0.0248419109553083
"108112",0.0706617529242109
"108115",0.0797209412202631
"108116",0.00321330786911844
"108121",0.00248616876788852
"108123",0.00383027936635932
"108124",0.00209064915747997
"108138",0.00557709390156796
"108143",0.00342028351166159
"108147",0.00306750427304024
"108148",0.00153812312441158
"108150",0.0116846286729195
"108151",0.0135033702161498
"108153",0.134631243855128
"108154",0.00774462939201347
"108155",0.00468235738385221
"108156",0.00175972379038572
"108159",0.00272029730113108
"108160",0.00580886274377365
"108645",0.00200473133906896
"108652",0.00661757508384424
"108653",0.0034849775870871
"108654",0.00183976714840586
"108655",0.00643464641244247
"108657",0.00513511086374418
"108660",0.00172994973948975
"108664",0.00263628266210747
"108670",0.0513503659707828
"108671",0.00351156364617924
"108672",0.00444214549481553
"108673",0.00646709113896594
"108679",0.00124207757747525
"108682",0.00248466653245679
"108686",0.00216099342585829
"108687",0.00423286082529346
"108689",0.00625906869496311
"108705",0.00407323394866464
"108707",0.00216988487038378
"108723",0.198161799445137
"108735",0.00435095418844072
"108737",0.00342096701710022
"108755",0.00469072216334637
"108760",0.0012265326867441
"108767",0.00190555858579139
"108797",0.00319007876075338
"108800",0.00383588847954002
"108802",0.0491765449578051
"108811",0.0237710636248121
"108816",0.012856902601101
"108829",0.00200933173159081
"108832",0.0095367431640625
"108837",0.00346885452523548
"108841",0.00380752359206936
"108853",0.00894682785897538
"108857",0.00125511643418847
"108871",0.00815946240176841
"108888",0.00222792289868554
"108897",0.00737918684502153
"108899",0.00188179847489609
"108900",0.0652877649221453
"108902",0.00178414252940702
"108903",0.00167554204667199
"108907",0.0261812492201113
"108909",0.0020620013011719
"108911",0.00154073787229508
"108912",0.0541134187763119
"108927",0.00856336686390533
"108934",0.00170162077418512
"108937",0.00305146444440239
"108943",0.0100992549750024
"108946",0.00162897434218803
"108954",0.00122777426852505
"108958",0.0022167752819354
"108960",0.00245046519193534
"108961",0.111111111111111
"108989",0.00304414466613122
"108995",0.14491819051723
"109006",0.0019981091435148
"109019",0.0101762692046945
"109032",0.0382063171447364
"109042",0.0107083567547016
"109050",0.00244549817268633
"109054",0.006187685777724
"109065",0.00552811542583496
"109075",0.00286323540087525
"109077",0.00287276713966855
"109079",0.00161154933091831
"109082",0.00763911824410371
"109093",0.00391848570120077
"109095",0.00210640625278959
"109108",0.00157089875760423
"109113",0.00352177593534179
"109115",0.0103118721683272
"109129",0.00264010302350961
"109135",0.00402896458860111
"109136",0.00322055700416659
"109145",0.00504184027169917
"109151",0.00182679576429247
"109154",0.00134042970542756
"109161",0.00157686626773352
"109168",0.00366194952485651
"109169",0.0090765126385776
"109181",0.00220164859319042
"109198",0.430972646507396
"109202",0.0136242763747113
"109205",0.00196861736967115
"109212",0.0776360581488786
"109222",0.0209766944444444
"109225",0.0685152741082601
"109229",0.00273155107731006
"109232",0.00214821689005292
"109241",0.00266790571868867
"109242",0.0223725500066282
"109245",0.0866233264401111
"109246",0.00434489023625309
"109263",0.00151703961503642
"109264",0.00181673732436178
"109267",0.115072364039258
"109270",0.0221126772309361
"109272",0.362734167395284
"109275",0.00886468457180643
"109280",0.248353333108292
"109284",0.00184276674044336
"109294",0.00446669658674471
"109299",0.0038922333142487
"109305",0.00813230402009457
"109323",0.130612239767328
"109331",0.00118211216526667
"109333",0.00167782551532611
"109334",0.0187234699683364
"109342",0.31446051459552
"109344",0.113116607666016
"109346",0.00684898929845422
"109349",0.0083396161821287
"109359",0.00228016802379652
"109361",0.19140625
"109552",0.00257158522803218
"109593",0.00294908944997057
"109594",0.00459844279575844
"109620",0.00637211685475212
"109624",0.00285057903314498
"109648",0.00438728943623271
"109652",0.00988774644565612
"109658",0.00239806813226352
"109660",0.28013097203407
"109672",0.00428409118025106
"109674",0.00332223549641601
"109685",0.121809370013744
"109689",0.0036896039428126
"109700",0.00883501830403098
"109711",0.00764793476846564
"109731",0.00432994618781256
"109754",0.00250088676065633
"109778",0.00398682106461827
"109785",0.00440408647454352
"109801",0.0019626508924647
"109815",0.00436601461201694
"109857",0.00995400542699444
"109880",0.00298902962854036
"109889",0.006923448403716
"109900",0.0049119089608225
"109901",0.0350064030242966
"109904",0.0160656978848093
"109905",0.00253369353740566
"109910",0.00292363632931494
"109929",0.00573134068311146
"109934",0.00148154785000821
"109979",0.017053911861874
"110006",0.00542335196202151
"110012",0.00357673673296258
"110033",0.0354123966942149
"110052",0.00252679280367999
"110058",0.0019323145128524
"110074",0.00443543391570333
"110075",0.0157020923940078
"110078",0.00162084668578175
"110082",0.00802059689171317
"110083",0.446637705394201
"110084",0.00902204862126919
"110094",0.00368694852112043
"110095",0.00751708143847198
"110109",0.00373814764500344
"110119",0.0029218407596786
"110147",0.00235555759074015
"110153",0.095064163028702
"110157",0.00177522982342196
"110168",0.166174657950603
"110172",0.00274049236151009
"110173",0.00415359183928136
"110175",0.00371557528993158
"110196",0.00180711042633054
"110197",0.00557921460613175
"110198",0.00500183950831025
"110208",0.00377704765178484
"110213",0.00142284352410828
"110253",0.00991654468131933
"110257",0.00647489518294591
"110265",0.00358912739268168
"110279",0.00270552402420534
"110304",0.0206767103880565
"110312",0.25750464130173
"110323",0.00478042602539062
"110326",0.0506523759627281
"110332",0.0595903507283724
"110333",0.0203603104076057
"110350",0.00144679445739713
"110351",0.00286243427391876
"110355",0.00252039420511848
"110379",0.00363976593050392
"110380",0.00293239844126732
"110382",0.274706745775478
"110385",0.0947477912179868
"110391",0.00680323938409079
"110417",0.00580297879850523
"110446",0.00255522788159521
"110454",0.00938038766753599
"110460",0.00214993533360151
"110521",0.00887418609535812
"110524",0.00362263128688942
"110532",0.00526039264403829
"110542",0.0715827740235576
"110557",0.0697679999952001
"110593",0.00153011772432804
"110595",0.00656113740529955
"110596",0.00172271176060854
"110606",0.0036312989666343
"110611",0.0038716049382716
"110616",0.00311850528527064
"110637",0.00206191699256844
"110639",0.00242559884558787
"110648",0.273609467455621
"110651",0.00479119073151182
"110695",0.00381039475689681
"110749",0.0911279324052995
"110750",0.00298714045228387
"110784",0.00186329815496845
"110789",0.0169765364180614
"110796",0.00358405317574643
"110809",0.00368575294981753
"110816",0.00392803084410361
"110821",0.00215473267243138
"110826",0.00512153283608181
"110829",0.0022316021807866
"110834",0.0813364140494645
"110835",0.0520805923695613
"110842",0.00460622195122156
"110854",0.00241887818552205
"110862",0.00313265760748496
"110876",0.00338097759076812
"110877",0.2304
"110886",0.00142587065515874
"110891",0.00275345747398496
"110893",0.00490320418497243
"110895",0.0221906134155429
"110902",0.032608468408827
"110911",0.00143931478571395
"110920",0.0025
"110948",0.00530731133524044
"110954",0.0048588001063761
"110956",0.0243669612496529
"110959",0.00336308923719971
"110960",0.00507003645733396
"110962",0.017389204202391
"111173",0.00186198161005817
"111175",0.0166474226337466
"111241",0.212521831380434
"111970",0.00913638050261427
"111975",0.350029285573199
"112403",0.00538800967692106
"112405",0.00276912101754678
"112406",0.00316074794413245
"112407",0.0294985833394613
"112415",0.00276346798102685
"112418",0.0473128125825271
"112419",0.0547901756960539
"112422",0.0603870915526124
"113868",0.00279137941059314
"114128",0.00231203486748655
"114142",0.085101768731963
"114143",0.00608428167644706
"114229",0.0114678534134143
"114249",0.00391891508490737
"114255",0.00377629799832977
"114301",0.00711875373095363
"114332",0.122286771145722
"114479",0.0179592450557915
"114565",0.00414490702947846
"114570",0.211270083854491
"114584",0.00849548869202059
"114585",0.00393694732795079
"114601",0.00515857269314123
"114602",0.0910538855351645
"114604",0.00471603188281968
"114606",0.0710499079590275
"114615",0.0050795673679586
"114641",0.00922024141231619
"114642",0.0052840617413087
"114643",0.160718830993377
"114644",0.00425946325040334
"114654",0.100895787462508
"114663",0.021605699003244
"114664",0.00340427694653412
"114668",0.186068183869844
"114674",0.00613142648808177
"114679",0.00422955000974892
"114713",0.00498909172021256
"114714",0.0149639616528926
"114715",0.00227543824974815
"114716",0.00267522345797759
"114741",0.00172076641556325
"114774",0.0127066001818871
"114863",0.00182238013416857
"114873",0.0031011344867165
"114874",0.00233127337029601
"114875",0.0609842243866043
"114886",0.00337106157306022
"114893",0.00203099297529145
"114896",0.00351374171679312
"116701",0.00750539162827174
"116731",0.0575503501800892
"116733",0.00189035916824197
"116748",0.010016329860518
"116837",0.00450706904581792
"116838",0.00613142648808177
"116847",0.00973338315936623
"116848",0.00410324607892678
"116870",0.00293458993283282
"116871",0.00101455479621172
"116873",0.00383576272578746
"116891",0.00274238936881348
"116903",0.40612050036051
"116904",0.0722334702217007
"116905",0.00381564323390147
"116914",0.00895578143831035
"116939",0.00896834969511729
"116940",0.00485551231280899
"116972",0.0074763977613206
"117109",0.00658501768779374
"117146",0.00475741010259632
"117148",0.00530321704510485
"117149",0.0166900416653663
"117150",0.0017765813175529
"117160",0.0108230669713894
"117167",0.165416487783847
"117171",0.00667306790316259
"117197",0.00506389485053795
"117198",0.00161797000019341
"117229",0.0493677798782623
"117589",0.00302582767740715
"117590",0.314712231457611
"117591",0.0221158524202731
"117592",0.00609749975010504
"117599",0.0114795918367347
"117600",0.0113352433162627
"117606",0.00435620261171899
"118445",0.00218791845601717
"118446",0.00679789913973715
"118449",0.0175395043984443
"118451",0.0033358576279779
"118452",0.00502029407647806
"118453",0.0220104916807031
"118454",0.0155398116080381
"121021",0.0040164023005796
"121022",0.00443985426200396
"140476",0.0641577700318017
"140481",0.00131871510169869
"140482",0.00375636436138766
"140483",0.00322229215834049
"140484",0.00320656118449702
"140488",0.0151078244717701
"140492",0.0035380697786281
"140493",0.00462996848846538
"140494",0.179455638911278
"140497",0.0186378623589665
"140498",0.233346600536848
"140499",0.00233951819396761
"140500",0.00195538279580065
"140546",0.0011459050454726
"140557",0.157568945447015
"140559",0.00295828863359928
"140570",0.00230995733429481
"140571",0.00879867380935913
"140577",0.00225821323680076
"140579",0.00196154429376432
"140580",0.00478108034794013
"140629",0.00451416015625
"140630",0.00249130183320876
"140703",0.0123552493057944
"140709",0.0339778417426331
"140721",0.00420828215311286
"140723",0.00727992453740547
"140740",0.00171252197630732
"140741",0.0657462195923735
"140742",0.00288607257942442
"140743",0.0133380852587191
"140780",0.00470212361805081
"140781",0.0680310720990701
"140792",0.0103424203388653
"140795",0.0147618233546238
"140810",0.00198006269234288
"140858",0.0025547928932578
"140859",0.0160167398622315
"140887",0.00832636570973171
"140904",0.00291433442813621
"140917",0.00757333545612315
"140919",0.0667698132712028
"142682",0.00217283586994982
"142688",0.00225513161429286
"142980",0.00266564278456127
"170439",0.00293562300829216
"170441",0.038880790749764
"170442",0.0191721165751087
"170459",0.00552116856475101
"170460",0.00483074292037624
"170461",0.0200819344816198
"170472",0.00575615616682638
"170483",0.0961031067563597
"170571",0.00360488900028014
"170574",0.143173415128632
"170625",0.00251787989195742
"170638",0.0033866106478402
"170639",0.4938140396674
"170643",0.0121768213415844
"170644",0.00131226992301615
"170658",0.0511295763156702
"170676",0.0118603589444461
"170677",0.00549206617069304
"170706",0.0890521393072549
"170707",0.00169295138472047
"170711",0.00186028233420776
"170716",0.00968751937503875
"170718",0.00139686918669921
"170719",0.00322921930575093
"170720",0.0580816042159097
"170721",0.0541073680892132
"170728",0.0115495434858634
"170729",0.00621211104657441
"170731",0.00154257147331144
"170732",0.292093359187673
"170735",0.0545115684919991
"170736",0.00599782904064272
"170737",0.00286116823660721
"170738",0.00822400038446751
"170740",0.00426364649309531
"170742",0.0306726591809645
"170743",0.00925922951816603
"170744",0.154772963558191
"170745",0.154392638608911
"170748",0.0180724902100392
"170749",0.00261525070595393
"170750",0.00234333546828652
"170752",0.0132957742185343
"170753",0.00371751125063197
"170755",0.00612143638548311
"170756",0.00694874108436918
"170757",0.00332337746581267
"170758",0.0126396134589125
"170759",0.00223769452561717
"170760",0.00242660865921428
"170761",0.0185273226023498
"170762",0.00225756234547175
"170763",0.00398135871355891
"170765",0.275269920195188
"170767",0.00219377096849528
"170768",0.00545409349690429
"170770",0.0107910690567951
"170771",0.00701303113397559
"170772",0.00330631100176663
"170776",0.226225128830829
"170786",0.218649605994263
"170787",0.00890370067580318
"170788",0.178884184317701
"170789",0.00813884713998948
"170790",0.00607124135304484
"170791",0.00402428300409732
"170799",0.0206224207289341
"170822",0.00508108072557607
"170823",0.00582943746513724
"170826",0.00380971798503955
"170829",0.328564257668861
"170833",0.0116398022186291
"170835",0.0067674923173565
"170930",0.00289540986663965
"170935",0.0495939613853466
"170936",0.00419442071322627
"170938",0.00238096966177965
"170942",0.0249050504415517
"170952",0.0340970547460665
"171095",0.015813320973176
"171167",0.00447732048180866
"171171",0.00607527624543937
"171180",0.00314356920430507
"171207",0.0404594362907734
"171210",0.00322631023222148
"171211",0.0635309387888318
"171212",0.0056009564284549
"171281",0.00649717015455665
"171282",0.0161761841586289
"171285",0.0139484244946492
"171286",0.0284687563177973
"171395",0.148244023795459
"171429",0.00602550255270359
"171463",0.00610421498798605
"171469",0.00364501481650007
"171486",0.00143629141631853
"171504",0.0360051026842552
"171508",0.00511435257213929
"171531",0.0771297640030755
"171543",0.0103719703733251
"171567",0.00483894938604451
"171580",0.0062872636639876
"191578",0.00635868757431629
"192119",0.00256369171607114
"192120",0.0712147662127245
"192136",0.0204522747044343
"192156",0.00384685943723138
"192157",0.00287968447538809
"192159",0.00248264898243616
"192160",0.00263926564436737
"192161",0.011230408764018
"192163",0.0227459744860318
"192164",0.00710159224520459
"192166",0.0092054641230915
"192167",0.000973217537565715
"192169",0.00213709367100597
"192170",0.0025068800809276
"192173",0.00270611167504644
"192174",0.00352504457155601
"192176",0.00294277953362755
"192185",0.00323881287593364
"192187",0.00537312043125105
"192188",0.0607205847542156
"192190",0.0651193082908021
"192191",0.0021160286918172
"192192",0.0130630554811825
"192193",0.00278127050303549
"192195",0.00169968442311387
"192196",0.00357882802321859
"192197",0.001593723445081
"192198",0.00132509532542909
"192199",0.052947761640785
"192212",0.130194025903041
"192216",0.00316249111490839
"192231",0.0031403956322392
"192232",0.00457286347755979
"192236",0.00825900141055553
"192285",0.0072560998275529
"192287",0.00299013861628532
"192289",0.0122005355056741
"192292",0.00136821027218718
"192650",0.0054767752238527
"192651",0.00412025200876552
"192652",0.0026986001011975
"192653",0.2786406294701
"192654",0.00266771508967516
"192656",0.00415034906266089
"192657",0.00474092235283237
"192662",0.00147398069453773
"192663",0.00410456157230313
"192678",0.00499702734839477
"192734",0.00659240320523039
"192775",0.00635505612234758
"192786",0.00166273918371194
"192897",0.020780202267584
"192950",0.00437784513269572
"192970",0.0296882333569304
"192976",0.00497340721764313
"192986",0.00290025408573563
"193003",0.205190648125362
"193043",0.00293122043166146
"193116",0.00262343842950625
"193217",0.212282596030447
"193280",0.038787242768237
"193286",0.215565315204319
"193385",0.00219784764357238
"193452",0.018414239596309
"193670",0.0021548792304529
"193736",0.0132141893499932
"193740",0.0135513029627153
"193742",0.00315479041468511
"193796",0.00209099521409876
"193813",0.00290924663312887
"193838",0.00539456944412747
"194126",0.0105906895086168
"194237",0.00815361567219012
"194268",0.00508572734693877
"194309",0.0043890625
"194388",0.00342044686678717
"194401",0.0051968567101725
"194590",0.00411150744545674
"194655",0.00961822748751806
"194744",0.384902809455033
"194908",0.132786844947496
"194952",0.00303521479434584
"194974",0.272990191517289
"195018",0.00201089907297553
"195040",0.00400635119672473
"195046",0.11512836557573
"195208",0.00836728561985458
"195209",0.0409916088325723
"195434",0.00598314579422224
"195522",0.00936866875794935
"195531",0.00856457464595132
"195646",0.0675404548962961
"195727",0.0311418685121107
"195733",0.00294985830298595
"207165",0.0017920209454011
"207175",0.0111951217911366
"207181",0.00315460156379887
"207182",0.00184413454110355
"207212",0.00233028176563177
"207214",0.00288558248713614
"207215",0.289563976025088
"207227",0.00313970045060319
"207259",0.0288621682180511
"207278",0.00304837598683935
"207304",0.0028045807889471
"207318",0.258543855096661
"207352",0.00280689443445463
"207375",0.00184663888026182
"207393",0.00297154256436659
"207425",0.00284647365389977
"207474",0.0114357515413265
"207495",0.0693856398795462
"207521",0.00243655352452462
"207565",0.00137600548866189
"207592",0.00526766007445742
"207596",0.0129693065626456
"207607",0.0442426120926219
"207615",0.00179418490712248
"207618",0.0601575937935148
"207667",0.282850765556287
"207683",0.00219413285759978
"207686",0.0113586275401157
"207704",0.00484623378939924
"207728",0.00150891059629721
"207740",0.00359894913523146
"207742",0.0227305706549341
"207777",0.00237080504761785
"207781",0.00498269896193772
"207785",0.00439127593006828
"207792",0.00543133414814109
"207798",0.0191431516228658
"207806",0.00353025052507533
"207818",0.0595833457205469
"207819",0.0453830472326159
"207839",0.0134302061742157
"207911",0.00771620876625297
"207921",0.015625
"207932",0.00386075398385346
"207952",0.0034253442820078
"207958",0.00249190283932554
"207965",0.00812808215467656
"208043",0.0122004244286447
"208076",0.00224671245839273
"208080",0.0278602655654272
"208084",0.246498642668459
"208092",0.0021899815520138
"208104",0.00688529123492392
"208111",0.00763187352303036
"208117",0.00212774076370634
"208144",0.00621996721457568
"208146",0.00194647859557779
"208151",0.00153900858042484
"208154",0.40412056400892
"208158",0.00186225012959635
"208164",0.0702221101714971
"208166",0.380326489184879
"208171",0.037028825258933
"208177",0.00881659282770174
"208188",0.0224868803196366
"208194",0.00379558274075981
"208198",0.00219987038511559
"208211",0.00371236373739899
"208213",0.0210709526831965
"208228",0.00613222675257508
"208263",0.00372389750012523
"208266",0.00463815064440795
"208285",0.0170599767282834
"208292",0.00300979412420476
"208366",0.0110328283600097
"208372",0.06421293960709
"208426",0.124301446416831
"208431",0.00788505180805637
"208439",0.00279777473148322
"208440",0.00128632454504451
"208449",0.00270747332208891
"208501",0.0143689152815939
"208518",0.00466542467380017
"208583",0.0259024291310361
"208595",0.0137631549499846
"208606",0.00176863863060055
"208613",0.654816030090505
"208618",0.007568829912979
"208624",0.00940024250074947
"208628",0.0139114596868358
"208638",0.00507100185676193
"208643",0.0038451974378371
"208647",0.00886211550559892
"208650",0.00524241430766858
"208659",0.00472962750258281
"208666",0.00157810387488121
"208677",0.0928473913206867
"208691",0.00203643130760908
"208715",0.00246389939088427
"208718",0.00321768151147324
"208727",0.00522068896388119
"208748",0.00649377705412822
"208768",0.00335488646670978
"208777",0.00585739973274599
"208795",0.0115592052897097
"208820",0.0100886611179037
"208836",0.0591672753834916
"208846",0.00177634900840357
"208869",0.00215163487765257
"208884",0.00848162192548436
"208890",0.411386861127418
"208898",0.0220125600507603
"208908",0.0283131780700402
"208922",0.00283759026791241
"208936",0.0315779700881106
"208943",0.307068599875837
"208967",0.0028819944598338
"208968",0.00297520661157025
"208982",0.00563626689752816
"208990",0.16103569086309
"208994",0.288127514509382
"209003",0.00849475208473401
"209011",0.00552410518626735
"209012",0.0081217922885991
"209018",0.00294614648117973
"209027",0.044601179487084
"209032",0.00633527544521223
"209039",0.0104894706250413
"209047",0.0253517346425107
"209086",0.0141037837988685
"209131",0.00232910388851398
"209176",0.133417429396056
"209195",1.07694206031408
"209200",0.00891702311324512
"209212",0.00187587399103415
"209224",0.00311762796257569
"209225",0.00462620269140619
"209239",0.0085487785617359
"209268",0.00513976848012921
"209318",0.00152103380056334
"209334",0.102753132646725
"209354",0.00266880897591264
"209357",0.00589392774876147
"209361",0.0036446632227491
"209378",0.00530474950204442
"209387",0.0310852314982552
"209416",0.00581149832089927
"209446",0.00294991272749543
"209456",0.00486334456147417
"209462",0.00244886154019169
"209478",0.00309848785400391
"209497",0.00568802471832964
"209540",0.0433812779501062
"209550",0.029818602210439
"209558",0.227199369389934
"209584",0.00577380024756826
"209586",0.00139814557494848
"209601",0.00922557904867203
"209630",0.00181301613395299
"209645",0.0252740653577379
"209683",0.00485916029986887
"209692",0.0103508250913898
"209707",0.00237747122181667
"209737",0.0600081390888808
"209743",0.0246871111782474
"209760",0.00428932751438207
"209773",0.00178754865916955
"209776",0.0369299168397674
"209815",0.00990802360707087
"209837",0.00888956869135945
"209966",0.00244453245576883
"210004",0.0088035360463344
"210009",0.00230629139717319
"210027",0.00455736549872803
"210029",0.00815862577794482
"210035",0.0120403291116575
"210044",0.00193104542749455
"210094",0.00427129725202664
"210104",0.00622925346629329
"210105",0.00172402770249703
"210106",0.00174094370755241
"210108",0.00573302769477914
"210126",0.00857443857371157
"210135",0.00213660584315681
"210146",0.00220683350232083
"210148",0.00560993884933046
"210162",0.0104098064411577
"210172",0.00510204081632653
"210274",0.00368028615086492
"210293",0.00383801987149892
"210297",0.00607859811286225
"210356",0.0114554623807946
"210376",0.00133482281635225
"210417",0.0060187051858815
"210503",0.0129311452011776
"210510",0.0744950077759064
"210529",0.00568751713769619
"210530",0.0231515665774924
"210544",0.0116436733173104
"210573",0.00327131302615641
"210582",0.00304763509969035
"210583",0.0131518327821303
"210622",0.0149905150856603
"210673",0.00222372298684518
"210710",0.0175268382685208
"210711",0.00284625747097413
"210719",0.00672885742114426
"210741",0.0167386998065094
"210762",0.0782430254930466
"210766",0.00383495016143012
"210789",0.00717837592469568
"210801",0.00723891138415124
"210808",0.0144548951157169
"210853",0.0271301915620662
"210925",0.00671410359459226
"210933",0.0016465160650156
"210973",0.00254960438622892
"210982",0.00217794563162497
"210992",0.00177062596075625
"210998",0.0020825459813555
"211006",0.00392021729067041
"211007",0.00201055883371841
"211039",0.475005960825959
"211064",0.00670303293853266
"211134",0.00395909607372806
"211135",0.00860877882878095
"211147",0.036317109989439
"211151",0.00666389004581425
"211187",0.00296369552865825
"211228",0.0637638476125232
"211232",0.00562744644990041
"211253",0.0060610971549419
"211255",0.00535859168893892
"211286",0.00364229308641298
"211323",0.0141670318312567
"211329",0.00426678928690314
"211347",0.00216251371314425
"211378",0.00609618627636645
"211383",0.00439484920602889
"211389",0.00392871042329617
"211401",0.00326208033245325
"211446",0.00196994460197437
"211468",0.0902533080891219
"211480",0.0290414357606933
"211482",0.355562481527884
"211484",0.00516509324574459
"211488",0.00147672975488101
"211499",0.00203946822237162
"211535",0.0383636381383512
"211548",0.00146145659034593
"211550",0.00811009583185026
"211556",0.00149772638705781
"211577",0.131171111155251
"211586",0.00257119385280298
"211612",0.00552865410725684
"211623",0.217401406661616
"211651",0.0287541552947419
"211652",0.00306588595397905
"211660",0.0054886011118133
"211673",0.00338978644221609
"211712",0.00325171034180941
"211739",0.00372822468726041
"211770",0.00781615738120025
"211798",0.0066121508278578
"211896",0.0341917399062623
"211914",0.00317078269345149
"211922",0.0018312231150069
"211924",0.125647623358986
"211936",0.0153982015568677
"211945",0.0125594530321046
"211948",0.00514990958452691
"211949",0.0114752660367404
"211961",0.00557797124245364
"211978",0.00253382148718596
"211986",0.00351588182117028
"212032",0.0261278337464774
"212073",0.0199700463402297
"212090",0.00370150007537096
"212111",0.00460848740191945
"212114",0.0137483882166237
"212123",0.00561902072856492
"212124",0.0782875913973037
"212127",0.0195593905837184
"212139",0.00393309041186783
"212153",0.0150574780198459
"212163",0.00141503539922036
"212167",0.00701114338118795
"212168",0.00242298040640407
"212190",0.0326749671464332
"212198",0.00668061432501538
"212276",0.00359908297777867
"212281",0.00304960655604084
"212285",0.00455640087295213
"212307",0.0018580627624668
"212326",0.00647706475344706
"212377",0.0313975307197966
"212390",0.00317057476986634
"212391",0.00328908735492391
"212392",0.141737270142778
"212398",0.00748684835770634
"212439",0.0250728234173077
"212442",0.00743898628068304
"212448",0.0027648209543649
"212483",0.00457911696534569
"212503",0.00781925084677549
"212508",0.00460974070052019
"212514",0.00392936874049052
"212516",0.0391504666860855
"212517",0.0268885819485976
"212518",0.00331382011772853
"212528",0.00333032824697224
"212531",0.00259372239044281
"212539",0.0115348187250654
"212541",0.0867925827723352
"212547",0.00278698240098946
"212555",0.00461635272169479
"212569",0.00543953007133318
"212627",0.00307505801138125
"212632",0.00262636866847782
"212647",0.00371036970576755
"212670",0.0232321358539069
"212679",0.00436048988710007
"212706",0.00760824855089965
"212712",0.0338157444960782
"212728",0.00570219451325009
"212772",0.00288357649640397
"212862",0.00534192638364354
"212880",0.00445528404039661
"212892",0.0862783576570986
"212898",0.0047170986384383
"212919",0.00349361113657982
"212933",0.0142069809997524
"212937",0.0265966735462344
"212943",0.0108506944444444
"212974",0.0120130163581813
"212980",0.0636986940665663
"212986",0.00262223155732923
"212996",0.00319421474634598
"212998",0.335112559405538
"212999",0.000998157585274409
"213006",0.00271554692548994
"213011",0.00583878765135043
"213012",0.00464640518637942
"213019",0.018595041322314
"213027",0.00195136128528218
"213053",0.00300540467990563
"213054",0.00358874933075607
"213056",0.00374843815077051
"213068",0.0624034376351201
"213081",0.00513387874729477
"213084",0.00460181136024696
"213109",0.00150014032679636
"213119",0.0657111128144157
"213121",0.0054331749663445
"213208",0.00924265205162342
"213211",0.00350430630878679
"213233",0.00767678438799109
"213234",0.0686483113255877
"213236",0.0471639107947983
"213248",0.180856052103025
"213262",0.00549181024846044
"213311",0.0151710461229586
"213326",0.00388886959886112
"213332",0.028202423592183
"213350",0.0029119946310099
"213389",0.0526428150800766
"213391",0.0226089337280677
"213393",0.0891258382938308
"213402",0.00857276684169442
"213409",0.109251016124369
"213417",0.0152622268607304
"213435",0.0106189458757466
"213436",0.0118542835113811
"213438",0.113375431127218
"213452",0.00138620042750613
"213464",0.00421056790123457
"213469",0.00352415729149813
"213484",0.00724811521812846
"213491",0.00713523242272543
"213498",0.00254754251709142
"213499",0.00303800607601215
"213527",0.410982402944784
"213539",0.00768018027937848
"213541",0.00357367467697138
"213550",0.00244862768218514
"213556",0.00800891320059843
"213573",0.0374919257576944
"213575",0.00397179781921538
"213582",0.00542074655551355
"213649",0.00533382985558157
"213673",0.00122533114820421
"213742",2.41772052954636
"213753",0.00448588426176312
"213760",0.00618110157665801
"213765",0.232337870710626
"213773",0.00266996794190741
"213781",0.0873243353012381
"213783",0.00903037367878954
"213788",0.107730335441732
"213811",0.00834778955388208
"213819",0.0025
"213827",0.00175654435731204
"213895",0.00364552619930611
"213945",0.210526730921422
"213948",0.0267155899828148
"213980",0.069186451337571
"213988",0.00355718571276121
"213990",0.00117282792268718
"213993",0.00387992521665167
"214048",0.00710217807381041
"214058",0.00425641181801449
"214063",0.00451864974808312
"214084",0.0114233988705905
"214105",0.229087034148298
"214106",0.0689871944697558
"214111",0.280498695017511
"214112",0.0371935416866024
"214133",0.00264338723640473
"214137",0.00347787221889224
"214150",0.00250692041191516
"214158",0.346282099172727
"214162",0.00510884036353828
"214189",0.0336132264476501
"214230",0.00817375202721411
"214239",0.00395317150130876
"214240",0.00446679341908754
"214253",0.0494894317741838
"214254",0.00745928585014169
"214290",0.00187931646464866
"214292",0.0197512256726223
"214305",0.0254207231361933
"214321",0.070825878368624
"214345",0.00710928005796802
"214359",0.0162991970470313
"214384",0.13989477038213
"214424",0.0133404272618394
"214425",0.62289094801776
"214444",0.00426838473349837
"214459",0.00624401398777925
"214469",0.00129188618329988
"214489",0.00234591265359557
"214498",0.00708583626232787
"214505",0.0030166901770121
"214547",0.0140275086392438
"214552",0.00519861898760764
"214572",0.00286989795918367
"214575",0.0324
"214579",0.00166452666859568
"214580",0.00706361262241825
"214585",0.00274594305981961
"214597",0.00188189395507308
"214601",0.0184735550565516
"214616",0.010416649673313
"214627",0.00386866208087478
"214639",0.104134894049456
"214642",0.0116916501699949
"214663",0.00489914793722719
"214669",0.00262607162255398
"214685",0.00817655854042054
"214704",0.0144110620314723
"214742",0.00257451851196381
"214763",0.0361807468566932
"214764",0.00500808259046811
"214779",0.0129810534802472
"214791",0.00600651742878766
"214804",0.00787107095460377
"214812",0.00363221460459184
"214854",0.0397882505588673
"214855",0.00731005955632631
"214895",0.00229368950129715
"214897",0.00192366882117575
"214899",0.00151081921362484
"214901",0.0351351116485552
"214917",0.0049551503598877
"214922",0.0608981065830649
"214931",0.00374584631807304
"214932",0.00670215974513055
"214944",0.0143841234852201
"214951",0.00480693511187592
"214952",0.00150969592800298
"214968",0.00144207659029002
"214987",0.00122090506721366
"215001",0.0679127283397221
"215008",0.00143824128190724
"215015",0.0018995759228322
"215051",0.00498269896193772
"215085",0.00368384640836338
"215090",0.00254025237197377
"215113",0.00311602552851608
"215114",0.00375224695827852
"215160",0.00171654945187455
"215193",0.00498117671373398
"215194",0.00749611139221529
"215201",0.00389022194045948
"215210",0.00472856591737711
"215243",0.0864483454887125
"215280",0.0119130837553439
"215303",0.00797560586118664
"215335",0.00285486719579718
"215351",0.00124818458580267
"215378",0.004308513688205
"215384",0.0925936945592048
"215387",0.0426811235389446
"215418",0.00654733585865884
"215436",0.00407424173834314
"215445",0.00180133299024499
"215446",0.00660240366280137
"215449",0.00230335501544992
"215458",0.0699272918764609
"215474",0.00709188671185378
"215476",0.00142497181853255
"215493",0.214043610073254
"215494",0.00285443663035003
"215512",0.00854688861295856
"215615",0.00422765107273906
"215627",0.013837902258065
"215632",0.0482788012057086
"215653",0.00775787261981918
"215654",0.00569665747491668
"215690",0.00549772720901523
"215693",0.00688356289072366
"215705",0.0258744156855956
"215707",0.00406843011118409
"215708",0.00268094348332657
"215714",0.284943987132899
"215748",0.0103768257009073
"215751",0.00463242310782022
"215772",0.281074189795426
"215789",0.00619318454354654
"215798",0.0346414561937252
"215814",0.00570036633341326
"215819",0.00168326286063463
"215821",0.00260739476200485
"215890",0.00443717591902975
"215900",0.215657640109519
"215928",0.0687149616430647
"215929",0.0517673662320025
"215951",0.00393218396075073
"215999",0.00218897712373378
"216001",0.00203116324782118
"216011",0.00225996026097427
"216019",0.0225964370714024
"216021",0.023368224947044
"216028",0.00335062570356378
"216033",0.0285231678557509
"216049",0.00316327163266571
"216080",0.00455532029536537
"216119",0.00656418564497141
"216131",0.001594695717597
"216134",0.00127053260803223
"216136",0.00419049432702919
"216148",0.00285365058784706
"216150",0.00295289642208762
"216151",0.00414221988786
"216152",0.00282001645669057
"216154",0.00189225
"216156",0.00224623696512876
"216157",0.00237016106582794
"216161",0.00440054896578767
"216166",0.00581164411682057
"216169",0.00925682552942598
"216177",0.00546138821226676
"216188",0.0107221099675248
"216190",0.00369463484222168
"216197",0.00323088173218697
"216198",0.00367734216157302
"216225",0.407609237454195
"216227",0.012116516890354
"216233",0.0063278722706634
"216238",0.00263785237668598
"216274",0.00443142043842072
"216292",0.00883209731684247
"216343",0.0117667980836486
"216344",0.00344884871125653
"216345",0.00773461791467433
"216363",0.0027074624929385
"216393",0.174618097500051
"216395",0.00317534467868901
"216438",0.00384021146024599
"216439",0.00458527127815899
"216440",0.00141399469414179
"216441",0.0114393259957472
"216443",0.00404132653061224
"216445",0.0764542229994773
"216456",0.00319095623798147
"216459",0.0268082969648879
"216505",0.00317701417385071
"216516",0.00538052424138569
"216527",0.00366792303114461
"216543",0.00161308618094625
"216549",0.00124393910822876
"216551",0.0013266961975352
"216558",0.00268059534240747
"216560",0.00458819081027323
"216565",0.00164957255373742
"216578",0.00537654172014173
"216613",0.00300419043085789
"216616",0.00827010055369745
"216618",0.00199512175174627
"216622",0.0515909586436167
"216635",0.22791785986901
"216705",0.00154652190380003
"216724",0.00258538420117418
"216725",0.0351485685120675
"216739",0.00118577413000438
"216742",0.00207845858940395
"216749",0.447489618441466
"216760",0.00344667797687662
"216766",0.00324367961134945
"216767",0.0047825307809074
"216792",0.00667434255784995
"216795",0.010298418668638
"216799",0.0549771420855677
"216805",0.00252322328452614
"216810",0.00128250976836427
"216820",0.00530340095204885
"216821",0.00347170331089341
"216825",0.00197079107080207
"216829",0.00566198041228752
"216831",0.00244773151889924
"216835",0.0877263503212227
"216846",0.00688523387667819
"216848",0.00653127863390254
"216850",0.00788670928911923
"216853",0.00413695347696365
"216856",0.00231324372191276
"216858",0.0229999768697335
"216860",0.00112290000591
"216864",0.119549932273007
"216867",0.0166128909852542
"216869",0.00475248887494134
"216873",0.002192710291665
"216874",0.00214294209169802
"216877",0.00332941658255601
"216881",0.00171128376395474
"216892",0.0015393046970878
"216961",0.0427046806517539
"216963",0.00525784236069875
"216964",0.0102737703207151
"216965",0.00217927017299031
"216971",0.00370709253101001
"216974",0.0515618761760784
"216976",0.0319987654797269
"216987",0.00242776591625854
"216991",0.0147076550402954
"217011",0.0100636828392722
"217012",0.106460353506098
"217026",0.00497782250462767
"217030",0.00193947612236226
"217031",0.00448714820706378
"217038",0.00453101525352238
"217039",0.00191943762079699
"217057",0.00246552464704683
"217069",0.0094024854183858
"217082",0.00366372755317137
"217109",0.00353561560671126
"217119",0.00341572167741258
"217124",0.0071783236778958
"217125",0.00737007644850604
"217127",0.00203916079603081
"217138",0.1795683223072
"217140",0.0120082045640816
"217143",0.0527922603313657
"217149",0.00349212585331582
"217151",0.0382170029031374
"217154",0.00667417434274651
"217166",0.0107090807518658
"217169",0.286601523223038
"217194",0.00164128862590401
"217198",0.00644452160493827
"217201",0.00405909821702787
"217203",0.0973327147204685
"217207",0.00438800762708426
"217216",0.262801005011457
"217217",0.0248132195160153
"217218",0.0024507401235173
"217219",0.00353375644656969
"217232",0.00300788114744616
"217258",0.00544536688954319
"217262",0.00413354386319662
"217265",0.00386978532122103
"217294",0.084143471161697
"217303",0.0392295525494277
"217305",0.298811086616152
"217310",0.00359078468429477
"217316",0.0496491348433765
"217325",0.0668158674363664
"217331",0.00442241501394627
"217333",0.0195354062159876
"217335",0.00344318506726464
"217337",0.00411454726454293
"217340",0.00234846607042607
"217342",0.00373030987675972
"217344",0.0420688121411659
"217351",0.00259560632621447
"217353",0.0143261858696829
"217356",0.10407076
"217364",0.00566559135884713
"217365",0.00199759832554977
"217366",0.0123895747253236
"217370",0.00418350064774824
"217371",0.00597986618213166
"217378",0.00393328383069196
"217379",0.00224760642141673
"217410",0.00305434700830817
"217430",0.0630265598081626
"217431",0.00635955776317898
"217449",0.00377552019661765
"217463",0.00127187368361074
"217473",0.00210115519883127
"217480",0.00566987742870245
"217517",0.00529627737499869
"217536",0.0675733445057671
"217558",0.00536157430965163
"217578",0.0247316213400126
"217588",0.00469291717296381
"217593",0.112265301273144
"217648",0.011794427101399
"217653",0.0666162262720336
"217664",0.00265406499815986
"217666",0.0023899337757429
"217682",0.0125375517218197
"217684",0.00193087620771887
"217692",0.00380534569067862
"217695",0.00197124022662261
"217698",0.0102292786383527
"217700",0.0130207817625855
"217705",0.00745259269523
"217707",0.00469331019050558
"217708",0.00641381630760892
"217715",0.00285374403063687
"217716",0.00223661060407191
"217718",0.00271267361111111
"217721",0.0155550634969416
"217732",0.00165772513544695
"217733",0.00318324274402338
"217734",0.0023932290034223
"217737",0.00256339172581686
"217738",0.140202385663407
"217779",0.00216025908443919
"217826",0.00839111939863644
"217827",0.0030507903863074
"217830",0.00954205840251264
"217835",0.0459718950009543
"217837",0.00279685308247322
"217843",0.00178916171818123
"217864",0.00392000196965129
"217866",0.00171174494147987
"217869",0.00204151116987192
"217882",0.0053090756343772
"217887",0.00590659983722502
"217893",0.00880647676825813
"217935",0.00658820127050133
"217944",0.00170340645355324
"217946",0.0425457941631615
"217951",0.0159367426916351
"217980",0.00150583864168538
"217995",0.00671297930937081
"218030",0.464968208894892
"218035",0.00147388614647287
"218038",0.00301216064230192
"218100",0.00321401661478012
"218121",0.0537904630570475
"218138",0.00471731696161282
"218194",0.0029939480242079
"218203",0.00435897635365534
"218210",0.00320009057488412
"218214",0.00405613950520044
"218215",0.00394209871415549
"218232",0.00330911131531398
"218236",0.00136354038430126
"218271",0.00251675037191978
"218294",0.0119645653375763
"218311",0.0226726557169253
"218314",0.00739503644595093
"218333",0.00187336726191271
"218335",0.00143170197224251
"218341",0.00455089443184681
"218343",0.00414809087191634
"218397",0.00402957097212923
"218440",0.0120614342874731
"218441",0.00295334285828422
"218442",0.00193622947224918
"218454",0.00197814367374833
"218460",0.00195072188066134
"218461",0.00182092574577797
"218476",0.0120873397863754
"218490",0.00317351021633612
"218503",0.00828562138853428
"218506",0.0046977447536761
"218518",0.0342874251335681
"218543",0.00710020284100244
"218544",0.00266007668245745
"218581",0.0844517278298894
"218613",0.00462016680883212
"218624",0.170134168275337
"218629",0.00197244454199589
"218630",0.0142017235362023
"218639",0.0039054175989582
"218693",0.00154336734693878
"218695",0.150403427389298
"218699",0.00433652039498059
"218734",0.00444038219061343
"218739",0.682724073542085
"218756",0.0040495867768595
"218763",0.0102022083011401
"218772",0.00782939623006299
"218793",0.00207085903140069
"218811",0.00269772414564012
"218820",0.014832328943185
"218832",0.00496419145567934
"218850",0.00236360608719908
"218865",0.0269547783470706
"218877",0.00960017760531402
"218885",0.0039724564483968
"218914",0.00115428325961131
"218952",0.00165173431769827
"218963",0.00297435154429156
"218973",0.00820898746534426
"218975",0.00155992670896633
"218977",0.134067301019516
"218989",0.0039226175863449
"219022",0.00430126236686081
"219024",0.00312353286676839
"219072",0.0146764334839358
"219094",0.00280580130061845
"219103",0.0157967651722884
"219105",0.0018263478516397
"219114",0.0410151880658155
"219132",0.1342447003426
"219134",0.0174589003417832
"219135",0.00142938311398258
"219140",0.00413665854008924
"219144",0.0950753080902021
"219148",0.0231537072603569
"219149",0.00563181061384514
"219150",0.00426425397295882
"219151",0.00459074495630335
"219158",0.00223540993758479
"219170",0.463289035126249
"219181",0.00166858655896073
"219189",0.00342301563173188
"219228",0.00214066870418596
"219249",0.00247245200085467
"219257",0.00381417945026139
"223227",0.0088808040948264
"223254",0.00769823289907364
"223255",0.0016404117267473
"223267",0.0073441865976825
"223272",0.0246478530619515
"223332",0.00586147056661929
"223433",0.00302770016312036
"223435",0.00158793078198392
"223453",0.0111396862144382
"223455",0.00273528340895167
"223473",0.0211030153733935
"223483",0.0165236687976387
"223499",0.00239842789685636
"223527",0.00198008940278014
"223593",0.00150780898971372
"223601",0.001122393557376
"223604",0.00487443141414883
"223626",0.00294251228154153
"223642",0.00562842006707869
"223645",0.481893933137536
"223646",0.0118987757287651
"223648",0.00563032040641819
"223649",0.00322826640245369
"223650",0.779153935842601
"223658",0.00250928504307778
"223664",0.0033837990219924
"223665",0.00828566732412886
"223666",0.00153833766534865
"223669",0.0102482563442527
"223690",0.00581037154291382
"223691",0.0015549846740144
"223693",0.00299192122257651
"223696",0.00277162653921059
"223697",0.00152658598006288
"223701",0.00241530784819311
"223722",0.00564117907804842
"223723",0.00516513762235254
"223726",0.0150251259105921
"223732",0.00261927350129178
"223739",0.00351066907307376
"223752",0.00183294696222913
"223753",0.00189035916824197
"223754",0.00205295533565578
"223770",0.0015179625569236
"223773",0.00441522660108628
"223774",0.00716656007240014
"223775",0.00536835800564676
"223776",0.00275560113605509
"223827",0.00399277462717916
"223828",0.00353038468499266
"223838",0.00460665080075412
"223843",0.00951863949857072
"223864",0.00329551696654993
"223870",0.00504925233725315
"223881",0.00983863297331926
"223915",0.0302122114625947
"223918",0.00155003188519207
"223921",0.00671586559253484
"223922",0.00735439144861311
"223970",0.138309004805187
"223978",0.00279069973423286
"223989",0.0048972534915762
"224008",0.00925723213486053
"224014",0.00125749915230748
"224019",0.00273942952318247
"224020",0.00195806819205456
"224022",0.00262517028437929
"224023",0.00178377710627315
"224024",0.0334692475204416
"224045",0.00214821784195867
"224055",0.173851629171989
"224079",0.00868177413731032
"224088",0.00217199970774591
"224090",0.00676289819944598
"224092",0.00462802104093532
"224093",0.00632075234703682
"224105",0.00160312334709531
"224109",0.00481403675600147
"224111",0.00271947112760439
"224129",0.00892014290595215
"224132",0.00137174211248285
"224139",0.00248005837076873
"224143",0.0012550883222566
"224170",0.00498674418114353
"224171",0.018385521401896
"224224",0.0349672123188757
"224250",0.00307909294319982
"224273",0.00739133105382773
"224291",0.159398445375658
"224344",0.00654033388235202
"224405",0.0124528458623619
"224419",0.193461736922473
"224432",0.00461320588874367
"224440",0.0109219925727706
"224454",0.0041280050999613
"224481",0.00987043172470039
"224523",0.0143290392932896
"224530",0.0235016085528486
"224585",0.00413180979171463
"224598",0.0057447408872021
"224613",0.00229182975351527
"224617",0.00316872067014605
"224619",0.00236404105112986
"224624",0.00216882280918855
"224630",0.00410177437816062
"224640",0.00319425027100501
"224647",0.00330676067691162
"224648",0.0027255410333901
"224650",0.00314822794281219
"224656",0.00461447469957661
"224661",0.02256384643769
"224671",0.00141285920532102
"224674",0.0136681976660768
"224691",0.00712031168074092
"224694",0.00399790950301153
"224697",0.0152742084095502
"224703",0.00589246637443844
"224705",0.00242797497985902
"224727",0.0011811314617505
"224742",0.00266090656585777
"224792",0.00322719998005054
"224794",0.00303276185647964
"224796",0.00514954256037498
"224805",0.00306083402448154
"224807",0.00205009548123468
"224813",0.00279831756232016
"224814",0.0111661706876395
"224823",0.00501088956460628
"224824",0.00207926069084094
"224826",0.00200787182546191
"224829",0.00521182064718627
"224833",0.254826776168362
"224836",0.0113173381620643
"224860",0.00274464719241914
"224893",0.00669950988462659
"224897",0.00293795421130015
"224902",0.00452483627935841
"224903",0.00507049813570532
"224904",0.0104421240117392
"224907",0.00366448139583688
"224938",0.00555092447608053
"224997",0.00173333222222293
"225010",0.00248101163440829
"225020",0.00392128435036869
"225027",0.00319644395609884
"225028",0.00326106959208416
"225030",0.0101720294830726
"225049",0.00953977610031985
"225055",0.0022306281032437
"225115",0.00649131870353316
"225131",0.00208957682200093
"225160",0.0059855986326021
"225164",0.00201994697639187
"225182",0.0164119060692581
"225187",0.00956049382716049
"225207",0.00776184573762826
"225215",0.0025367936184662
"225266",0.0811587344510546
"225280",0.00284189456873867
"225283",0.00108447959729858
"225288",0.00756286937376953
"225289",0.00570561371889335
"225326",0.00223418144234832
"225339",0.00310955073489381
"225341",0.00838282871644656
"225348",0.00373390933439703
"225358",0.00148540089896598
"225362",0.00193428025769089
"225363",0.00181944672943564
"225372",0.00331186543558963
"225392",0.00513257817635579
"225432",0.00214212158076764
"225467",0.00409470399114867
"225471",0.0634894583061442
"225523",0.00206060238751803
"225579",0.362744196133129
"225583",0.0056148169121885
"225608",0.0236259415771843
"225609",0.178694143221169
"225631",0.00633701207892177
"225638",0.327709581349507
"225642",0.0404191718876907
"225651",0.005868932862258
"225655",0.00272536264722888
"225659",0.00778685090356426
"225724",0.00413375473481139
"225742",0.00748866923691105
"225743",0.0170665738594607
"225745",0.0115122646303393
"225791",0.00715639123626845
"225825",0.14978521044004
"225845",0.00757431755457001
"225849",0.001383935315758
"225861",0.00376041972584149
"225870",0.00168893665406744
"225872",0.0117226557473782
"225875",0.00318430204791006
"225876",0.00154743687014819
"225887",0.00595106891891763
"225888",0.00183632477708055
"225895",0.00666298045495425
"225896",0.00367746341270301
"225898",0.00708303293485126
"225908",0.00940329667683395
"225912",0.00384324013385668
"225913",0.00717133629670598
"225929",0.0078717203785987
"225994",0.00964007467522846
"225995",0.00271012764083926
"225997",0.256812708462887
"225998",0.00906287130236928
"226016",0.00273796646836128
"226025",0.00210521056254176
"226026",0.00384195068642852
"226040",0.0694191431639869
"226041",0.00565759288207118
"226043",0.00429786499686708
"226049",0.130664368335917
"226075",0.00540265018889925
"226089",0.00237284358904065
"226090",0.00271249072704643
"226098",0.00400501113788066
"226101",0.0306658061247222
"226115",0.0121840287512906
"226122",0.00704676735138673
"226123",0.00253680932084337
"226139",0.00399386409806387
"226144",0.00463936707332408
"226151",0.00284497994487992
"226153",0.00474757673694044
"226154",0.00531338048266665
"226162",0.00613062758600367
"226169",0.00705087116135423
"226178",0.00273903053848759
"226180",0.00451654781947547
"226182",0.00748365198105387
"226250",0.00357190456295522
"226251",0.00240050756294033
"226252",0.00295039610183037
"226255",0.00158439577416435
"226265",0.0219177979227512
"226278",0.331055231930674
"226304",0.24258345186722
"226351",0.00298597208491452
"226352",0.00822822845320971
"226356",0.459258247387474
"226359",0.00819117332200903
"226407",0.00249381953264805
"226409",0.0065998436788135
"226412",0.00455520516826577
"226413",0.00786478140050883
"226414",0.00274505505172134
"226418",0.00510204081632653
"226419",0.00524337811118487
"226421",0.0203595832613686
"226422",0.0115228701841744
"226432",0.00137263386744873
"226438",0.295202835857239
"226442",0.00287424595940757
"226470",0.0031435072700889
"226499",0.00153883802481125
"226517",0.00173491605961589
"226518",0.00193754972977586
"226519",0.00356001617671351
"226525",0.00147777388667143
"226527",0.0188501850969272
"226539",0.00363762572429558
"226541",0.00386280309647544
"226548",0.00266509123536238
"226551",0.00150296076312183
"226562",0.00550077213869183
"226591",0.00194360254762173
"226594",0.0139165573092542
"226610",0.00406228612996626
"226641",0.00160944272153173
"226646",0.00226085903244835
"226652",0.0130909136819319
"226654",0.390458535482906
"226691",0.369465560317055
"226744",0.00220752806933954
"226747",0.00209083471338964
"226751",0.00173819465261117
"226757",0.00128190861797147
"226777",0.010241489831821
"226778",0.00164331223459466
"226781",0.00457839222084236
"226791",0.00582775546174757
"226823",0.00131322125253197
"226830",0.00219574054045458
"226841",0.0199939119184194
"226844",0.00377445410410432
"226849",0.00305907864617838
"226856",0.00207360931551284
"226861",0.064746768961055
"226866",0.0636736832911171
"226896",0.395896532840773
"226922",0.0105668418919023
"226970",0.00211519957850515
"226971",0.00169031009733515
"226976",0.00173205714609355
"226977",0.0017101297979803
"226982",0.00415308641975309
"226999",0.012854859880854
"227058",0.016372872142704
"227059",0.00418433922600181
"227094",0.0117522426472367
"227095",0.00347116196290683
"227099",0.0183805365116859
"227102",0.00516081188257016
"227120",0.00197302041900837
"227154",0.0028058076913576
"227157",0.138653571589107
"227195",0.00396920990736408
"227197",0.00216578776825942
"227210",0.00665447086510582
"227231",0.132581295497259
"227290",0.0013288495714817
"227292",0.00709449756291452
"227298",0.00209948319584532
"227325",0.00311331653014073
"227326",0.0670755218509778
"227327",0.0352284023668639
"227331",0.00411989738782894
"227333",0.00133681640625
"227334",0.00361030779715965
"227358",0.137834062192541
"227377",0.00668101986068137
"227394",0.0193617673076989
"227399",0.00498551069873528
"227446",0.00211174331540789
"227449",0.0037290413494185
"227485",0.00832571865578262
"227522",0.00830359682264962
"227525",0.00658757202591878
"227526",0.0369493193109268
"227541",0.00416160847699922
"227545",0.0266764952385533
"227580",0.00757519705670577
"227612",0.0109913780397719
"227613",0.00284245288529355
"227615",0.0119862899164763
"227618",0.0719646223529297
"227619",0.00171816693065586
"227620",0.00905525453955013
"227622",0.0068391032803503
"227624",0.00153724850000229
"227632",0.00878276225827311
"227634",0.00143224840599177
"227638",0.00424491482397149
"227644",0.00480869029334569
"227648",0.00256525011229639
"227656",0.00360323813790694
"227659",0.00484509238130938
"227671",0.0280283088910849
"227674",0.00949882759153805
"227682",0.00303187438106267
"227683",0.00287403325830044
"227693",0.00148570867160617
"227695",0.00225834185353023
"227696",0.00918529586078378
"227697",0.00214242428806974
"227699",0.00323803854974528
"227700",0.00292356572983301
"227707",0.00123527006235252
"227715",0.00513926488493744
"227717",0.477159614366524
"227720",0.00327970657299773
"227721",0.00407986283518401
"227723",0.0029087501632551
"227731",0.00195194864834852
"227733",0.0542249462063537
"227736",0.169155870415887
"227737",0.00446449181831209
"227738",0.00234922191800034
"227743",0.00265640806511284
"227746",0.00325119997308554
"227753",0.00958192818885142
"227800",0.001252213704268
"227801",0.00269650271651692
"227835",0.00242529525038902
"227867",0.00354092381254629
"227929",0.306614498269174
"227933",0.00540657439446367
"227937",0.00213476841327797
"227960",0.0115159599173528
"228003",0.294263527957609
"228005",0.00510960521304272
"228012",0.00137508360318905
"228019",0.00542148853401682
"228025",0.250308419832919
"228026",0.00224619347560584
"228033",0.0022224642805244
"228061",0.00206305252172555
"228071",0.00328793584492888
"228094",0.0251105236773639
"228136",0.0033648444569925
"228139",0.0266704702991357
"228140",0.00168541193288583
"228151",0.143756103845118
"228355",0.00310876075693957
"228356",0.00189573077576914
"228357",0.00788439330344518
"228359",0.00190798479942666
"228361",0.00147186979955556
"228366",0.650835615192764
"228368",0.0130877312805237
"228410",0.0081080193186562
"228413",0.137043384161027
"228421",0.0254177453855984
"228432",0.00595109253147186
"228482",0.0236282316529334
"228491",0.00284550560632458
"228536",0.00195262493626287
"228543",0.0194856452281912
"228545",0.0034382729126509
"228550",0.00513826392459591
"228564",0.00233329706811559
"228576",0.0584629685823673
"228598",0.0114884427909493
"228602",0.00247915228001024
"228607",0.00712991588126121
"228608",0.00960794457891817
"228662",0.00454858497795903
"228677",0.643212040125376
"228714",0.00338837788796942
"228715",0.00722613792967497
"228730",0.00359817790715306
"228765",0.0466939631957644
"228767",0.146480562398771
"228769",0.00223880008299522
"228775",0.161448819011583
"228777",0.00683098712914707
"228778",0.060890589908385
"228787",0.0125775176871343
"228788",0.0233910034602076
"228790",0.00336761936474113
"228807",0.0127088037080224
"228812",0.00356379114667465
"228829",0.0017979997253056
"228836",0.0026796046331665
"228839",0.0194425709184686
"228846",0.00617177991633486
"228850",0.00209800383384064
"228852",0.00424193393518478
"228858",0.00200012160739373
"228859",0.00501302422443432
"228866",0.00327030085383759
"228869",0.00495478118236861
"228875",0.0021985463711609
"228876",0.00287183283049848
"228880",0.00287900512667525
"228889",0.00301895906291511
"228911",0.0567712338229353
"228913",0.0129105575516346
"228942",0.0294286413145987
"228960",0.00265623526733717
"228961",0.00710303007189032
"228966",0.00836992237315268
"228980",0.00360351476669332
"228983",0.00177285318559557
"228994",0.0037180249851279
"228998",0.00241037864978734
"229003",0.0188774032693269
"229004",0.00275595205118526
"229007",0.00490741020688111
"229011",0.00859799046396934
"229055",0.00759518962013207
"229096",0.00470909021272993
"229211",0.00171740697625327
"229214",0.178123665205903
"229227",0.00324978498057976
"229228",0.0253731270164087
"229279",0.0037629136659808
"229285",0.00199111737159487
"229317",0.00165738163221447
"229320",0.0398478562927419
"229323",0.114444259725617
"229357",0.0609941144408387
"229363",0.0030685515149037
"229445",0.00573864444105425
"229473",0.00504747392707487
"229474",0.0181213017751479
"229487",0.0044488372728835
"229488",0.00593515598091608
"229499",0.274445527888929
"229503",0.004940804820405
"229504",0.00312981247838515
"229512",0.00181964036390967
"229517",0.00149418732658759
"229524",0.00389871573158747
"229534",0.00629098147534521
"229541",0.00411890797354177
"229542",0.0037014246214511
"229543",0.00445713982796603
"229584",0.00602572923833949
"229588",0.291965231464803
"229589",0.00433538247895815
"229593",0.0016992480041896
"229595",0.0266393290615853
"229599",0.0346915586959389
"229600",0.0388297249687854
"229603",0.00346611492271314
"229613",0.033985823378367
"229615",0.00512227695240927
"229644",0.00480144878729502
"229658",0.0175921103527255
"229663",0.00178034146949385
"229672",0.0412445560534307
"229675",0.00378247987097473
"229681",0.0019892437567502
"229687",0.301011513007284
"229694",0.00839762540296556
"229699",0.0128661892019345
"229700",0.00309854117393514
"229706",0.00295368620037807
"229707",0.00187247861664972
"229709",0.00289249084716604
"229714",0.00486749594375338
"229715",0.00255576277736689
"229722",0.00379397252344977
"229725",0.00259724336227579
"229731",0.0241496472272672
"229759",0.00510204081632653
"229776",0.0118487096049183
"229780",0.0111678890226791
"229782",0.00384390064166769
"229791",0.00362493964766293
"229801",0.00294643974937555
"229841",0.019425225052391
"229877",0.002916
"229898",0.0410039068861339
"229900",0.0101835922560123
"229905",0.00691488155445486
"229906",0.00334749074478589
"229937",0.0151673205313136
"229949",0.00895206527219097
"230027",0.00465739713379008
"230073",0.00521046219665717
"230075",0.00623268698060942
"230082",0.00228872829469592
"230085",0.00181767602448244
"230088",0.00422938198260796
"230098",0.194403230931498
"230101",0.00265703050271017
"230103",0.00238263974741636
"230119",0.0039409679909701
"230125",0.00253246504132822
"230126",0.00994687924400181
"230145",0.0689427228060308
"230157",0.00195923528767279
"230161",0.199202593237982
"230162",0.00326143653501018
"230163",0.0554912554869886
"230233",0.00508513265623238
"230234",0.00437011903486619
"230235",0.00215372340794198
"230249",0.00127980386250864
"230257",0.00208683795509169
"230259",0.00326986183326233
"230279",0.00566765914984564
"230316",0.00144523163971373
"230376",0.00575296512762897
"230379",0.014966441110595
"230393",0.00194371920456454
"230451",0.0284179030914414
"230484",0.00221229787244012
"230500",0.0133096562021022
"230514",0.00275466523018789
"230576",0.0765052059755545
"230577",0.00462802766553906
"230582",0.0138304647280787
"230584",0.00211131370976564
"230587",0.13173315137285
"230594",0.00231843952263743
"230596",0.00370755484051229
"230597",0.00117401891313871
"230598",0.0023265344252824
"230603",0.0334643699149408
"230648",0.00265767767761252
"230649",0.00212805793530741
"230654",0.00222587985221369
"230657",0.006103515625
"230661",0.0103826977534179
"230673",0.00170473473115122
"230674",0.00246721346952909
"230676",0.00326361436359002
"230678",0.0140056156513638
"230696",0.00372918378417367
"230700",0.00280346102021651
"230709",0.00213526657896112
"230718",0.00270683676802274
"230721",0.00158432827579725
"230726",0.135917952487554
"230734",0.00352118772152225
"230735",0.00315810588772105
"230737",0.00450633005523725
"230738",0.0835764092644267
"230751",0.00247416038014443
"230752",0.0397230511259571
"230753",0.00218505522559859
"230757",0.00156605871386537
"230761",0.00755312054857851
"230766",0.170672879796679
"230767",0.00571547179352264
"230770",0.0178957063286698
"230775",0.00141219629891342
"230777",0.0282627837796402
"230779",0.020219287249529
"230784",0.00627424667304846
"230787",0.0416909914610407
"230789",0.00138971297452251
"230793",0.00205117097248477
"230796",0.0049988372476069
"230801",0.00533059450303129
"230806",0.148671888051415
"230809",0.00282663092429154
"230810",0.0539143123168291
"230815",0.00307536606505458
"230822",0.145602493074792
"230824",0.186943555963564
"230837",0.0108805357051593
"230848",0.00871076748770311
"230857",0.00281189918518066
"230861",0.00568879748215225
"230863",0.00197997692267763
"230866",0.00175153171145133
"230868",0.0116583033778656
"230872",0.00621478982694392
"230895",0.00233318735754123
"230899",0.23585103264059
"230903",0.00227974856659644
"230904",0.00623268698060942
"230908",0.0054685403573194
"230909",0.257622858783619
"230917",0.00133391882642514
"230935",0.00225800588531114
"230936",0.00480466749670827
"230959",0.00260772212317946
"230967",0.00342007667795
"230971",0.0141515015932844
"230972",0.25857484048507
"230979",0.0707945760555866
"230991",0.00357575393396408
"230996",0.00813984174255421
"231002",0.0372302975023773
"231003",0.00507950698673951
"231004",0.118878049508284
"231014",0.00607425262150953
"231042",0.00847494196293742
"231050",0.00207108929916161
"231051",0.00203109742638118
"231070",0.00201389216436479
"231086",0.00265065611445679
"231093",0.00845069206018594
"231123",0.00946366350817831
"231125",0.00281367784819052
"231128",0.00199298469387755
"231130",0.0052240391363727
"231134",0.00360853947514347
"231147",0.0210150011890606
"231148",0.00239118608807934
"231151",0.00234190129394906
"231162",0.141442204497091
"231207",0.00453582925551198
"231214",0.0036960053415962
"231225",0.00130094829365259
"231238",0.00347361026627091
"231279",0.00325014372676881
"231287",0.0151258053634677
"231290",0.0751772950141777
"231293",0.0957084393364414
"231326",0.00654310503209757
"231327",0.00352199581357598
"231329",0.00303396706993171
"231380",0.00685721137370263
"231386",0.00266389177939646
"231413",0.00142983069189675
"231430",0.00630921910304706
"231440",0.0089559936586335
"231452",0.00466600760465869
"231464",0.00315518231025614
"231470",0.00698651450596091
"231474",0.00264639033251339
"231503",0.0025975951396246
"231506",0.00343830761927964
"231507",0.313056951715304
"231510",0.0244752122882013
"231532",0.0052550265363761
"231549",0.0038254439356472
"231571",0.00348849803564266
"231580",0.00171627436382181
"231583",0.0231392040615679
"231600",0.0030273508839214
"231605",0.00254554143215098
"231630",0.00255119936369912
"231633",0.00363030405613748
"231637",0.00362152039699102
"231642",0.0162476452199718
"231646",0.0408809562169217
"231655",0.216563764910764
"231659",0.00335032006714162
"231668",0.0185383491561458
"231670",0.00156285824437187
"231672",0.00191044252445068
"231691",0.177822426813366
"231712",0.00148490216446139
"231713",0.00441520475772163
"231717",0.00706198189263055
"231724",0.0142309897983636
"231727",0.119084534824629
"231760",0.00323436388128234
"231769",0.00456858277245613
"231798",0.0087169525103274
"231801",0.0024869281269702
"231803",0.00303868965728377
"231805",0.202761444086016
"231807",0.00474724390882451
"231821",0.00189199313128742
"231830",0.0189712653735969
"231834",0.00648950718327309
"231841",0.00262303349978591
"231842",0.0154146860819159
"231855",0.00331021146141667
"231858",0.00981989725805055
"231861",0.0036682009294606
"231863",0.00444348103590786
"231866",0.00228307842840336
"231868",0.00358369198019344
"231871",0.00224645281429434
"231872",0.00368582558013089
"231874",0.00223200446400893
"231876",0.00199955436701491
"231887",0.00171638433706362
"231889",0.00342456622654868
"231912",0.0013927392696758
"231915",0.00160088312403452
"231931",0.0139528248825462
"231946",0.19269921445472
"231986",0.00371991494569473
"231991",0.0421292419956362
"231997",0.00344740152568847
"231999",0.00257274193404614
"232016",0.0381752987150552
"232023",0.00286159437210059
"232035",0.0026406836160992
"232078",0.0100313584755496
"232086",0.019647295689762
"232087",0.00311422519603305
"232089",0.0035959810218036
"232146",0.00547694659184038
"232156",0.846477548018274
"232157",0.0035055615894174
"232164",0.00148849925863893
"232174",0.00561673705583428
"232187",0.00296466983961835
"232196",0.00270087434923723
"232201",0.0116729820348673
"232210",0.0050437373049894
"232223",0.0148870693406115
"232227",0.00152719088135515
"232232",0.00243322806721961
"232236",0.00345903137124405
"232237",0.00661825140496127
"232286",0.00140099135705082
"232288",0.0017783087147595
"232313",0.0191972710117579
"232314",0.00290727164370768
"232333",0.00144945665802637
"232334",0.00361118090666
"232337",0.00361264265927978
"232339",0.00394713971729365
"232341",0.00530956042612532
"232345",0.0268599206702453
"232370",0.0029013486609371
"232371",0.149430658374883
"232400",0.105779230832934
"232406",0.0376894556270261
"232413",0.291405240202698
"232414",0.073305613527148
"232430",0.00184938211379634
"232440",0.00632600549939795
"232441",0.00713004744476716
"232449",0.0168279651099541
"232491",0.0058029919961743
"232493",0.125851389215507
"232533",0.00260507379087365
"232536",0.00445842067621129
"232539",0.00163643991504266
"232560",0.0128602749829623
"232566",0.00584338524305767
"232599",0.10808992907975
"232664",0.00384751906642593
"232670",0.003478865082308
"232679",0.00215013223035422
"232680",0.042077580539119
"232685",0.0278057161997264
"232748",0.0601302452650068
"232784",0.00477007999103376
"232785",0.013282298073148
"232790",0.110768666503375
"232791",0.0089370903318743
"232798",0.0109416851945869
"232801",0.188350874771263
"232807",0.002001728158459
"232811",0.00843398583923365
"232813",0.00591246043477455
"232816",0.00854162975137027
"232821",0.00676301877762016
"232853",0.00620719948260835
"232854",0.00941875399576275
"232855",0.00515819934570118
"232875",0.0060944431392601
"232878",0.00597788154761346
"232879",0.00410762676106469
"232889",0.500874700703845
"232906",0.00186566977421239
"232910",0.00375267030456439
"232933",0.0131219507519482
"232934",0.00320952143703558
"232943",0.0149707519829687
"232944",0.00255227640535272
"232946",0.00442180175120276
"232947",0.00168595600948404
"232966",0.0102614268848035
"232969",0.00339643818385342
"232975",0.0031304323135701
"232976",0.00234975589251822
"232984",0.105883093978332
"232987",0.010021578846451
"232989",0.0022089104486688
"233011",0.00724485798422383
"233016",0.0112736840536068
"233020",0.00620124610585697
"233033",0.0071572542217708
"233040",0.00968339746491625
"233045",0.601325558770836
"233046",0.0279560737785254
"233056",0.00241549291391207
"233057",0.00390625
"233058",0.00337759638263617
"233060",0.00236177832125076
"233064",0.0840229412478891
"233065",0.0047644126992513
"233066",0.199453294372702
"233067",0.00306206939649112
"233071",0.00943262396679054
"233073",0.00422317946786558
"233103",0.00341126116765038
"233107",0.0081796424159729
"233115",0.00241633916810971
"233147",0.00560933388772864
"233168",0.00425428159266633
"233186",0.0692556353823631
"233189",0.0043375048998914
"233199",0.224866589496574
"233204",0.00313323547172347
"233208",0.00331059488520788
"233210",0.0075127318935655
"233246",0.0753337203722768
"233271",0.00226702428099271
"233274",0.00527393874028784
"233276",0.00308416779609809
"233280",0.00152138331653074
"233315",0.00252253933003513
"233328",0.0188209814289451
"233332",0.00378856560054628
"233335",0.00284061627280388
"233405",0.00561394349161598
"233406",0.0231333467159456
"233410",0.00322303723310879
"233424",0.0594225028966935
"233489",0.00196320877064099
"233490",0.00661614889769007
"233529",0.0156853978593852
"233532",0.00184434993255428
"233545",0.00280276816608997
"233552",0.00562607158165209
"233571",0.0165072699795273
"233575",0.00358692847296989
"233649",0.0319013113799628
"233651",0.00275704524415926
"233724",0.00242094005087768
"233726",0.00322388279978504
"233733",0.00196384098177861
"233744",0.00223961597457467
"233752",0.0134763113913693
"233765",0.0143050629578275
"233781",0.0070898738908179
"233789",0.00519694168927917
"233802",0.00197510305733288
"233805",0.00305987002906593
"233806",0.00862001515023988
"233812",0.00263451834151015
"233813",0.0110752059028182
"233824",0.00199891078504505
"233826",0.0334913921995814
"233833",0.00249474514070639
"233836",0.137856239538369
"233863",0.0030443541313975
"233865",0.002401177861733
"233870",0.00279170491847701
"233871",0.00467319529680382
"233875",0.00236656048069466
"233876",0.00984098167307067
"233877",0.00142399430402278
"233878",0.00382103937439924
"233879",0.00879045686996568
"233887",0.00351663559168635
"233890",0.00564769070170982
"233893",0.00984090687024142
"233895",0.00563205822666523
"233899",0.014556002473018
"233900",0.00123563649679273
"233902",0.00322353696150867
"233904",0.00410835644120218
"233905",0.00187107401482793
"233908",0.0141333309803416
"233912",0.00354703998117513
"233913",0.00446050385121662
"233919",0.00470947110984369
"233977",0.00268814928162401
"233979",0.031674998155846
"233987",0.00313527556235984
"234023",0.00270599352266855
"234069",0.0028489115728407
"234076",0.00251114825819316
"234086",0.00686792222459632
"234094",0.0044013507001102
"234135",0.00312416401810598
"234138",0.00425618558212283
"234155",0.0731036477220268
"234199",0.218740697214506
"234214",0.00298213303771065
"234258",0.184327818363453
"234290",0.023523655387858
"234309",0.00523293066218426
"234311",0.0642729617139456
"234344",0.00531942321163547
"234353",0.00356796627907637
"234356",0.00544072711854521
"234358",0.00485959970121863
"234362",0.00282933454051607
"234365",0.0068417519162901
"234366",0.00378022547923897
"234371",0.00271137625959121
"234373",0.00137174211248285
"234374",0.00332551272977624
"234378",0.00252513487595872
"234384",0.0103013460541095
"234388",0.00297225949262242
"234395",0.0157278868944398
"234396",0.397459788342925
"234404",0.296702735327674
"234407",0.00263795933796717
"234413",0.00341491742504621
"234463",0.00143668798827057
"234479",0.0591348826074386
"234515",0.0023874250393289
"234542",0.103861369491863
"234549",0.0024507401235173
"234577",0.00633588017885846
"234582",0.0444978672226238
"234594",0.00330239206567272
"234595",0.00502617509467587
"234663",0.00167265912930407
"234664",0.00276786703609976
"234678",0.00219236921287234
"234683",0.0432774375073262
"234684",0.0370613972375533
"234686",0.0270994693599116
"234695",0.00600389221926443
"234699",0.00204859147539586
"234700",0.123174916759042
"234723",0.00476430936635947
"234725",0.00483523008414982
"234728",0.00430428293077797
"234729",0.00372198885218729
"234730",0.00509828586461095
"234733",0.00274879629264014
"234734",0.00320724138933308
"234736",0.00253517705414945
"234740",0.00531291199600796
"234776",0.00196527261357491
"234779",0.00615447003559211
"234796",0.00476031711622837
"234797",0.00156262489039149
"234814",0.00440585829008708
"234825",0.00340807716947621
"234839",0.0186308699100055
"234847",0.00448412046145701
"234852",0.00361210442184131
"234854",0.00386015895801968
"234857",0.00397018504142058
"234865",0.00214619629876268
"234875",0.00286202983962472
"234878",0.0219478737997256
"234889",0.00373757583751913
"234912",0.00602373728526312
"234915",0.00685138761386908
"234959",0.00284247296307468
"234964",0.0584192213768852
"234967",0.0017972525046486
"235028",0.00195786670843449
"235036",0.00594036330007905
"235040",0.00484051023121977
"235041",0.00702211162403481
"235043",0.00492556855736136
"235044",0.00132683349049529
"235047",0.0042781601874379
"235048",0.00517639882800161
"235050",0.00348605473037707
"235072",0.00203669415685176
"235086",0.00552700401884787
"235106",0.00697213486335261
"235130",0.0120740887264282
"235132",0.0036183896823001
"235134",0.0034825462409851
"235169",0.00200166976396673
"235180",0.00331789015763685
"235184",0.00613275266007364
"235281",0.00329175488113127
"235283",0.00344615602245144
"235293",0.00144309124397212
"235300",0.00711679938005159
"235302",0.210489373264099
"235312",0.012797509851122
"235315",0.00176047728495281
"235320",0.00463639806228331
"235323",0.0110239815948092
"235330",0.0308875879681947
"235339",0.00259081631906034
"235344",0.00383186777586044
"235345",0.361573364023352
"235379",0.0262404905161528
"235380",0.00453830982755674
"235386",0.0133103381094073
"235402",0.00336451297999129
"235406",0.00546433653153206
"235415",0.0324215163874781
"235431",0.00486089259237677
"235439",0.00242141479074482
"235441",0.00484366491005145
"235442",0.00350464
"235459",0.00449550370165866
"235461",0.00294569556287563
"235469",0.0025616855667777
"235472",0.00768917487049206
"235493",0.0037205452527967
"235497",0.00479805548876468
"235504",0.00285135262512961
"235505",0.010714368855969
"235527",0.0150388022764002
"235533",0.00711455576559546
"235534",0.00457130210719898
"235542",0.00183995961409599
"235559",0.00246822646504555
"235567",0.00270864139522671
"235574",0.00194593643171649
"235582",0.00872348045440419
"235584",0.00190203983419055
"235587",0.0194176611158243
"235599",0.0132379410083224
"235604",0.0012944868992511
"235606",0.00376258735917015
"235610",0.00505607671886226
"235611",0.00680030867419399
"235623",0.00174141626038369
"235626",0.0024088986858893
"235627",0.00576560753746859
"235631",0.396738707712729
"235633",0.0107448186470869
"235661",0.00435897635365534
"235674",0.166823533372612
"235682",0.00299208841057699
"235907",0.00348237222823148
"235956",0.00789191982120961
"236069",0.174362673484295
"236082",0.00901134616210074
"236193",0.0062752307955736
"236266",0.00287841657430962
"236285",0.0177716225704223
"236312",0.221428594164921
"236366",0.230601659615671
"236451",0.116918225455294
"236511",0.00155594562679214
"236539",0.00636659422841118
"236573",0.00984845970567698
"236576",0.00867323598305639
"236598",0.051731006566043
"236604",0.00638337164687688
"236643",0.00783039244791987
"236690",0.0152652135495408
"236727",0.00189386145404664
"236732",0.00239012345679012
"236733",0.0032011412078901
"236790",0.00730247933884297
"236792",0.00228327275693134
"236794",0.00270245081233504
"236848",0.00203199381662561
"236899",0.00257575329300695
"236900",0.00189001817899021
"236904",0.00564105078368254
"236915",0.00153677411554204
"236920",0.00334516557094313
"236930",0.101779508883034
"237010",0.00761652892561983
"237038",0.598169056507334
"237052",0.00506895621439054
"237073",0.00381758400088665
"237082",0.00308554732859694
"237091",0.0885679684342771
"237107",0.00265639570101891
"237175",0.0315691676347928
"237178",0.304336545939568
"237211",0.0283909289177198
"237213",0.00522659740245119
"237221",0.0109463311339891
"237222",0.00435672642341312
"237253",0.00194323379775491
"237336",0.00153922172651408
"237339",0.00276179047967078
"237353",0.00498150285104676
"237360",0.057604435289813
"237362",0.0121473580760782
"237387",0.0146589426797934
"237397",0.0071385344772525
"237400",0.00406239285196393
"237403",0.00358948172290855
"237411",0.00354367753076944
"237412",0.00800363514699996
"237422",0.00219971998462441
"237433",0.0688753144996228
"237436",0.016680056099454
"237459",0.0019069049026525
"237465",0.108565694748243
"237500",0.00726102610614668
"237504",0.0348173270513242
"237523",0.135972003314676
"237542",0.00396247678608276
"237553",0.00830242911904807
"237558",0.0447024376193305
"237560",0.407125565281871
"237611",0.350185467128028
"237615",0.00593548196867954
"237625",0.0422963334503314
"237636",0.316820877909294
"237711",0.00423241438346151
"237716",0.00543025597836913
"237730",0.00384562310679463
"237749",0.274735431152949
"237758",0.0100848352509728
"237759",0.0187652467629949
"237761",0.0042478565289825
"237775",0.00669889860153335
"237781",0.00454737274930748
"237782",0.00311844035010795
"237806",0.00505987024528182
"237823",0.00215068372465831
"237831",0.0209238913130181
"237847",0.00248583024880693
"237858",0.355270363748205
"237859",0.00711899426334594
"237860",0.00434208594503568
"237868",0.0029854521126087
"237877",0.00623740960743802
"237886",0.0391741970829439
"237891",0.0462154766810275
"237898",0.00222067581734941
"237911",0.0856345469194997
"237926",0.0075415512465374
"237928",0.00788748589687818
"237940",0.0238422458787111
"237943",0.00261316173787587
"237979",0.00383737761081517
"237987",0.202877147973016
"237988",0.00290298008323425
"238021",0.162848232641127
"238023",0.00456967295819584
"238024",0.00221615485837889
"238037",0.00423784048468548
"238076",0.00633740234497997
"238123",0.00192453446131382
"238130",0.0070995208538026
"238161",0.00196410123966942
"238205",0.00191743771652547
"238247",0.0024780862999985
"238252",0.00540326306433494
"238266",0.00181815409653602
"238271",0.00606342529430106
"238276",0.00511033344529785
"238317",0.00344808780526023
"238323",0.00325736187855713
"238328",0.00209054564092311
"238330",0.00307952657879314
"238331",0.018680930544414
"238333",0.0223492313499574
"238377",0.00408976184622545
"238384",0.00693005927079325
"238386",0.00355926156416847
"238393",0.597210846673393
"238505",0.0036578583525358
"238555",0.0433839369790512
"238673",0.0051557178884542
"238680",0.0318877551020408
"238690",0.00293606635876738
"238692",0.00337354100206418
"238693",0.0052751124577991
"238722",0.00833648393194707
"238725",0.0135730691906318
"238799",0.0020944614708665
"238803",0.0133971559819461
"238831",0.00510832992613498
"238871",0.00310796537532324
"238988",0.0030221211041364
"239017",0.00236986272586799
"239027",0.0188032335673966
"239096",0.0117725818066193
"239099",0.00265162797671611
"239102",0.00899696825583738
"239114",0.0100403903998292
"239122",0.00865864494030293
"239126",0.109342612316967
"239133",0.0279287026713682
"239134",0.214998931358052
"239157",0.00152810754214874
"239170",0.0053894778891457
"239188",0.00226779475570446
"239217",0.0027945428787673
"239250",0.105835614706426
"239273",0.00353308544355416
"239283",0.349565773349672
"239318",0.0130673949040194
"239319",0.0135309709281246
"239336",0.0120380106327571
"239337",0.0375173985436303
"239364",0.00357480496072393
"239368",0.0114567218517038
"239393",0.00286600657256783
"239405",0.0110803324099723
"239408",0.00299268678828511
"239410",0.0048690364124339
"239420",0.00155709323904508
"239435",0.0244603670178118
"239510",0.00374325717260479
"239528",0.00507472070040416
"239530",0.0996801599532363
"239546",0.0116149290138176
"239552",0.0216443417051333
"239554",0.00313942389202055
"239555",0.0018463134765625
"239556",0.00453765872055188
"239559",0.0238699170270233
"239570",0.00664950590718456
"239591",0.0595011141074896
"239606",0.00280851154197371
"239618",0.00762622423924339
"239647",0.0110098293944251
"239650",0.00414957281041816
"239652",0.00507470443606868
"239667",0.00198791026005112
"239673",0.053910739728972
"239691",0.0226621616375964
"239706",0.0054736355453204
"239719",0.00305865993518904
"239731",0.0087173316164372
"239743",0.0208457691689082
"239759",0.0626631853091521
"239789",0.0336207793737902
"239796",0.00318219004316881
"239827",0.0112234183523882
"239833",0.00348038915535915
"239839",0.0168275591889852
"239845",0.0300632143565313
"239852",0.0279066269799861
"239857",0.00514591945923783
"239985",0.00180889619669083
"240023",0.123167573696145
"240025",0.00276478910828468
"240028",0.00227361416087042
"240034",0.00632874098668169
"240038",0.00500569890003563
"240041",0.00631767562797597
"240047",0.0962335466143632
"240054",0.434267384146153
"240055",0.0073996993872124
"240057",0.00271267361111111
"240058",0.0061860876152001
"240063",0.00374576879842448
"240064",0.00343230282624222
"240066",0.00295595185554533
"240067",0.00527115781572528
"240068",0.00351225786812583
"240069",0.00797136246647744
"240084",0.0190877287061056
"240087",0.00793812793681197
"240095",0.135830636600129
"240119",0.00421322312588684
"240120",0.0072727718161059
"240121",0.00210733395316762
"240168",0.00665612553724442
"240174",0.00416579062468827
"240185",0.00574238256831658
"240186",0.00669303335286966
"240239",0.26247211903748
"240255",0.00423265910454221
"240261",0.0119966588544462
"240263",0.00291120436914461
"240283",0.00191093511120334
"240322",0.122486682249351
"240327",0.223547822408922
"240332",0.00786462390626689
"240334",0.00385491554085798
"240354",0.00986899372166154
"240396",0.0014343800837233
"240411",0.236055336738227
"240427",0.00368353135783846
"240442",0.00346020761245675
"240444",0.00529622791750425
"240476",0.00161055190671716
"240479",0.00800105481200004
"240505",0.011984960186073
"240514",0.0044052000939776
"240518",0.00285221515173285
"240590",0.0632933831934787
"240613",0.00429163835893095
"240614",0.00290367187166036
"240638",0.033857839450164
"240641",0.03358952054728
"240660",0.0191149323933063
"240665",0.003903857563982
"240667",0.214633801288962
"240672",0.0234028611420968
"240690",0.00317728740722016
"240697",0.0135767179192663
"240725",0.138836104435365
"240726",0.0119792501316362
"240752",0.00656041208839354
"240753",0.00517425564125161
"240756",0.00221524037162073
"240776",0.00453427754215298
"240816",0.0716392481072753
"240817",0.136833341449558
"240832",0.00154816695224609
"240843",0.00328968536492057
"240869",0.00361725581710175
"240879",0.0629879798556748
"240880",0.00300388313609468
"240888",0.0223840343970829
"240892",0.0977869375062919
"240913",0.00752327977839335
"240916",0.0931627480104066
"240960",0.101573959005595
"241062",0.00520018619509189
"241066",0.00295301277810897
"241070",0.117523889882098
"241075",0.00236597648865784
"241112",0.0784215330387395
"241116",0.253847442605835
"241118",0.0119372997540236
"241128",0.248340056758876
"241134",0.0084487308838508
"241158",0.0385232051232591
"241159",0.00535395597858418
"241175",0.00315095214209741
"241201",0.0188257036716048
"241226",0.00311498275894313
"241230",0.011064658241367
"241263",0.00375289581628416
"241274",0.00424833370736686
"241289",0.00342200171146058
"241296",0.00207376743131643
"241303",0.0122655774945889
"241308",0.00208664507687284
"241311",0.0141730310135396
"241322",0.00302582477407121
"241324",0.00816566845736355
"241327",0.0297670807016854
"241391",0.132091292221539
"241447",0.00174442381702162
"241489",0.0207929444732662
"241490",0.00422023102848377
"241494",0.00460909473778105
"241514",0.0064
"241520",0.00177551636898392
"241525",0.00480770542277349
"241528",0.0046702643972217
"241547",0.00623717427149434
"241556",0.00295635005450635
"241568",0.00265525918759777
"241576",0.0031897010184991
"241589",0.00429433099037202
"241612",0.121885965878947
"241624",0.0416595349398488
"241627",0.0111908269390737
"241636",0.289999196936179
"241638",0.00170717643248543
"241639",0.0371087916225225
"241656",0.00229447231857809
"241688",0.00287292129103538
"241694",0.00345345626390015
"241727",0.00580820317708247
"241732",0.00755017755552247
"241764",0.0111360824221611
"241770",0.00608058812257808
"241794",0.00589856210138293
"241846",0.00303129773774912
"241877",0.141065485243228
"241915",0.00319424122107519
"241919",0.00551682944759504
"241944",0.00324390168097708
"241950",0.00793119182849823
"241989",0.145626673324459
"242022",0.00820924042023563
"242037",0.117543851898086
"242050",0.0143265091002136
"242083",0.00345903812953736
"242109",0.00240292195309496
"242125",0.307287823261787
"242126",0.00885537979678476
"242202",0.00724965868515018
"242248",0.0339789227768118
"242253",0.48697983746388
"242259",0.005806373935641
"242274",0.00232083960793649
"242291",0.00197530864197531
"242297",0.00203059450935155
"242316",0.325407825756513
"242362",0.00190559077767965
"242377",0.00232566301350319
"242384",0.00425952051087385
"242406",0.00319686492394712
"242408",0.13294842888608
"242409",0.00345208029262594
"242418",0.00421106906423088
"242425",0.002304
"242443",0.00586842146055696
"242466",0.00593032955919611
"242474",0.00356302413851831
"242484",0.0976827348463085
"242505",0.104666465165997
"242506",0.0128892986933118
"242509",0.428019020242955
"242521",0.00220425888610577
"242523",0.311608650778758
"242546",0.0757316267051259
"242553",0.0113738384450703
"242557",0.00300243948207919
"242570",0.00357310195114205
"242584",0.00757385792208282
"242585",0.00862313836877031
"242594",0.062204330180604
"242608",0.235615713924149
"242620",0.0330961968326171
"242642",0.0104848939525748
"242653",0.0426385491354037
"242662",0.0195242940154166
"242667",0.00743162901307967
"242669",0.00375655948484501
"242681",0.0210253804792863
"242687",0.00592552028472023
"242691",0.00806330695543524
"242702",0.0492212555850991
"242705",0.0259459342845168
"242721",0.00661219989073894
"242735",0.0664390167885822
"242736",0.00340277777777778
"242747",0.0017392777517868
"242748",0.00266610337972786
"242773",0.00205799099268102
"242785",0.0038477906258274
"242800",0.0226950796641685
"242819",0.00220747358164523
"242860",0.0025521207133059
"242864",0.0029789873947563
"242894",0.00171637589869153
"242915",0.00929861665699551
"242939",0.356633959572732
"242960",0.00199033708912975
"243025",0.10195598560383
"243043",0.0154281010947756
"243078",0.205729139588199
"243197",0.0834931666252037
"243219",0.0042986262649104
"243270",0.0644064989339782
"243272",0.00299294913870129
"243274",0.0109998852716299
"243277",0.149195338680212
"243300",0.00311672315267723
"243308",0.00275349581581024
"243312",0.00438394967868608
"243328",0.00731365710243559
"243339",0.00383774608954898
"243362",0.0034712468367049
"243369",0.0757580552490337
"243371",0.00498483128199973
"243372",0.00780988444761154
"243373",0.00253020047233588
"243374",0.0296215076445324
"243382",0.00132442759121934
"243385",0.0137798681464145
"243407",0.187860326530612
"243499",0.00428270380821492
"243510",0.0161274102955832
"243529",0.00632505292554389
"243538",0.0457119156008057
"243547",0.00915954684030261
"243548",0.00192424095852738
"243574",0.00459101231548607
"243612",0.186750333489977
"243616",0.00778292630363064
"243621",0.00725151416594499
"243634",0.0561048329456099
"243653",0.0448389392849029
"243659",0.281319001117876
"243725",0.00158609933382216
"243743",0.00461717406908142
"243753",0.18998468988437
"243755",0.0537767931342175
"243764",0.0179005474111866
"243771",0.00611289286051491
"243780",0.00308020652918996
"243813",0.0113430666861008
"243819",0.00179055608691064
"243833",0.0064160957810757
"243834",0.00342923624311195
"243842",0.0121525200976167
"243846",0.00243022125104116
"243853",0.00246750769481672
"243864",0.0426685648693371
"243866",0.151787252489225
"243867",0.00311235482760312
"243897",0.0799016965719044
"243905",0.011645359971016
"243906",0.00464014752959224
"243910",0.0588100091024418
"243911",0.014040014239943
"243912",0.0330128344741336
"243914",0.00836138308885235
"243923",0.0735694883406887
"243931",0.0119888086791368
"243937",0.00255980403182466
"243961",0.0113055693603576
"243963",0.0750868439239734
"243967",0.0666734831100053
"243983",0.00271977865235045
"244049",0.0282605053410328
"244058",0.0104341336378528
"244059",0.00232712570105571
"244071",0.0770956666980518
"244091",0.141280291572986
"244141",0.00359885906089327
"244144",0.00528369613097176
"244152",0.0363686008629071
"244198",0.00870163736400201
"244209",0.0543490534081072
"244216",0.0131873150715741
"244219",0.00287037809602824
"244233",0.116543624770188
"244234",0.276371256277082
"244238",0.0231288018947124
"244281",0.00749079873427901
"244310",0.00379555492772163
"244329",0.00324721809612671
"244349",0.00274126578891547
"244373",0.00131008808797613
"244416",0.0947058199975692
"244418",0.0086570626477408
"244421",0.00670708788713389
"244431",0.0516846747914618
"244484",0.00248533672372876
"244548",0.00623967233952405
"244551",0.118288783918417
"244556",0.00973098370471002
"244562",0.143601108033241
"244579",0.00886422461430509
"244585",0.0064644832201207
"244608",0.0737827366614172
"244631",0.00458470154449949
"244646",0.0128284383919252
"244650",0.00389254021009275
"244653",0.148351056356482
"244654",0.00725094392838654
"244666",0.00482495637949388
"244667",0.00560536405936479
"244668",0.00229939890279551
"244672",0.00289178528670608
"244682",0.00709124015258489
"244694",0.0355646807187776
"244713",0.00246337045847751
"244721",0.00366190952632847
"244723",0.00340312488488772
"244745",0.00303026670204026
"244757",0.0383906282026203
"244810",0.0474578541685889
"244853",0.00556108919309262
"244864",0.0120508156897674
"244867",0.00362390410232213
"244871",0.00202063840359726
"244879",0.00245621828938605
"244882",0.0069460066612877
"244885",0.0854020828850755
"244886",0.0122061809339614
"244891",0.00299245672010694
"244895",0.00718620336996178
"244911",0.0214506525806171
"244954",0.0187598994915086
"244958",0.0181092909706558
"244962",0.00192712380180538
"245000",0.00439967998580086
"245007",0.0019136153674897
"245020",0.00371913112866515
"245026",0.0403094017964586
"245038",0.0045039878160014
"245049",0.00373238490090053
"245050",0.00953494809688581
"245174",0.00461001301811082
"245240",0.106392714009788
"245269",0.00367648007864823
"245297",0.247360921756733
"245305",0.00425531454789929
"245350",0.00983415289382886
"245368",0.0112936905874783
"245386",0.00409194326366364
"245403",0.0393661251532539
"245404",0.00695323051037023
"245424",0.183593862293929
"245440",0.0239917868828111
"245446",0.00695866757322198
"245450",0.00309279712228794
"245468",0.0050787598025845
"245469",0.00397813264133899
"245474",0.00343230282624222
"245522",0.00457354287339072
"245525",0.187397998658319
"245526",0.191417339210965
"245527",0.079524
"245532",0.287397047084092
"245537",0.00227272434456253
"245555",0.00297930795778131
"245578",0.00597701242801878
"245595",0.00733472610754126
"245596",0.0130612244897959
"245607",0.00502939567774755
"245622",0.00563096342391208
"245631",0.0120124027292997
"245638",0.00429247333703446
"245643",0.0136016199536721
"245650",0.0451978923773709
"245666",0.00505647580772188
"245670",0.00214743503847895
"245671",0.011787198439108
"245683",0.00601591454945864
"245684",0.00129478937056174
"245688",0.00210199547835892
"245695",0.00863148329055999
"245827",0.903135259790788
"245828",0.00369585499796714
"245841",0.00588830064008504
"245847",0.00687401168110912
"245857",0.0136214284206601
"245860",0.00159733973812859
"245865",0.171534397503621
"245866",0.00375743595044125
"245867",0.00683172489873028
"245877",0.00178924001304999
"245880",0.00361700115699537
"245884",0.140625
"245886",0.00387065793040179
"245902",0.0176416618502533
"245944",0.00206670834950461
"245945",0.218571138788592
"246049",0.105610276864658
"246102",0.00533658711418452
"246103",0.00310047739207643
"246104",0.00949943304073549
"246133",1.19002823898473
"246154",0.00835600013215827
"246177",0.108802099164385
"246179",0.00171921475312314
"246190",0.26137487111544
"246196",0.00274801374594585
"246198",0.0104610692801179
"246221",0.00509395196969287
"246228",0.00497903723216098
"246229",0.00157594412411047
"246256",0.373953115981232
"246257",0.00253571142704177
"246277",0.00424162803484374
"246293",0.00233630171458942
"246313",0.0179877093101694
"246316",0.00271543481993275
"246317",0.00628503034620391
"246694",0.00413562779790071
"246696",0.0030880418367547
"246703",0.0039576136826248
"246707",0.0239441878724726
"246709",0.0256873719501515
"246710",0.00128096692599898
"246727",0.329530707934956
"246728",0.0864382196338595
"246730",0.0444150534434876
"246738",0.00592685604970617
"246782",0.00319489727721789
"246788",0.0735874329692985
"252837",0.413396699589904
"252838",0.0198422138422782
"252864",0.0102221313035513
"252870",0.00152766455656335
"252875",0.00272133663126627
"252876",0.0119181556415782
"252903",0.0711410649567528
"252966",0.00493943646070225
"252967",0.155277590812161
"252972",0.00592066934791222
"252973",0.0807063556311357
"257632",0.15509881227999
"257633",0.00654002361332375
"257635",0.0148955297910596
"257882",0.0676865913265025
"258064",0.208847308564835
"258571",0.464299621416982
"258962",0.348297793452139
"258963",0.191022025004613
"259051",0.318501089530742
"259097",0.121890843977676
"259108",0.198001745226261
"259172",0.309398847971501
"259277",0.00706980906036342
"259279",0.00314337376055877
"259300",0.0114341424194262
"259302",0.00301840544714631
"260297",0.0108531961896536
"260299",0.00400325217674698
"260301",0.035110679443666
"260302",0.00402055487411206
"260305",0.00412527856941821
"260315",0.00296621128304659
"260408",0.158337341416112
"260409",0.0120922082469175
"260423",0.0104780209560419
"263406",0.00835356688634524
"263764",0.00381515481504551
"263803",0.0404104040559488
"263876",0.00163248648097133
"264064",0.00490511704777602
"264134",0.00578693739968511
"264895",0.0101193181233873
"266614",0.111464686420265
"266632",0.0231479396073356
"266690",0.00283331411339726
"266692",0.00149834481476073
"266781",0.00120256299682105
"267019",0.00417309323024124
"268281",0.00361277727478497
"268291",0.00357607770898012
"268294",0.00394147732737819
"268297",0.0154635023759027
"268301",0.00464388525792776
"268319",0.0175458387729659
"268345",0.00466248804866403
"268354",0.0029138185899398
"268373",0.0033284023668639
"268379",0.195926884929633
"268390",0.00380832022596648
"268391",0.0300679792951302
"268395",0.00791722087553585
"268396",0.00462686204258595
"268417",0.00459284509427594
"268420",0.00208419977996524
"268445",0.0032573033699628
"268448",0.00197658159740674
"268449",0.00798593076715912
"268451",0.00206151973971035
"268465",0.364958131487889
"268469",0.00512110790958505
"268470",0.00114068800765006
"268480",0.00115153348499689
"268481",0.00412816983171796
"268482",0.031308682466683
"268490",0.00273034806465188
"268491",0.0942743454429057
"268510",0.00252206210367143
"268512",0.00884049459532388
"268515",0.00415302636130947
"268527",0.0583012456690525
"268534",0.018552640147368
"268564",0.00200336155533903
"268566",0.00207494839224427
"268567",0.00256467837748794
"268595",0.00553167397507418
"268656",0.00305000213966987
"268663",0.0424395365543664
"268670",0.00562163036741904
"268697",0.0396380853477272
"268706",0.00304914846579921
"268709",0.00664783851843467
"268721",0.00294293029656839
"268729",0.499859879244058
"268739",0.00391359065714837
"268741",0.00199670815816434
"268747",0.00401048930572335
"268749",0.00314344671747374
"268752",0.00495231010425961
"268755",0.018774950833557
"268759",0.0432584627395827
"268780",0.0181608463390052
"268783",0.00230881588442051
"268807",0.0992528780640614
"268816",0.135894808072646
"268822",0.0068050612910995
"268857",0.035078453074724
"268859",0.00384592272099033
"268860",0.00333208932572488
"268878",0.0045180185303947
"268880",0.00365800141187078
"268882",0.00233294184286405
"268890",0.00187630896070977
"268902",0.0022981464500552
"268903",0.00318827496979811
"268930",0.0245038160787509
"268932",0.00198971495597474
"268933",0.00226656487680664
"268934",0.0276390625
"268935",0.0293574201808985
"268936",0.00458601062935352
"268958",0.121310516825234
"268970",0.0932196408078143
"268973",0.187060091049913
"268977",0.00429398380223658
"268980",0.00229289537254279
"268996",0.00191337644114537
"269003",0.00475624256837098
"269019",0.0151642644164287
"269023",0.00268263681115401
"269033",0.00899012016212822
"269037",0.00227952399796484
"269060",0.00196451462588026
"269061",0.00315836185448105
"269109",0.00294593134205238
"269113",0.00561426338241044
"269116",0.00391501802124972
"269120",0.150310908163201
"269132",0.00700757848583349
"269152",0.00333598362005995
"269180",0.00422132848159852
"269181",0.00175229853975122
"269198",0.00285677322555919
"269209",0.0292461062400931
"269224",0.0197475281548771
"269233",0.00171857959481947
"269252",0.00139816072405986
"269254",0.00247255872271422
"269261",0.0107231947352138
"269275",0.00481596804594109
"269295",0.00361844645868568
"269328",0.0557546689748947
"269336",0.00215108091651979
"269338",0.00204251954406184
"269344",0.0212431040716119
"269356",0.0658436099951386
"269378",0.00274793729042735
"269389",0.0279638930213309
"269397",0.00158459696089145
"269400",0.00891768306308345
"269401",0.00265454206407099
"269423",0.0056633898374335
"269424",0.00238294451247827
"269437",0.0067732928479154
"269470",0.00432226625639061
"269473",0.00138203754208101
"269513",0.00358751085069445
"269514",0.00399465293263197
"269523",0.00372501046970398
"269529",0.00350145891339329
"269536",0.00458441840277778
"269582",0.01838633825482
"269585",0.00486520992948703
"269587",0.0035619160288268
"269589",0.210942414814434
"269593",0.0035761811880975
"269604",0.0194302150103509
"269608",0.00447703794643041
"269610",0.00314281819152248
"269614",0.00379159469330445
"269615",0.00506123170708578
"269623",0.00688877777956986
"269629",0.00308332559813993
"269630",0.0124859334712852
"269633",0.0857626599230825
"269639",0.00224230492892461
"269642",0.00175318878363033
"269643",0.00232731349045728
"269682",0.00321881906490825
"269683",0.175311327810578
"269693",0.259317191898267
"269695",0.00217924207612457
"269700",0.0041332825350534
"269701",0.062626857524455
"269702",0.0032540143675518
"269704",0.00200884403013282
"269713",0.00148690532047766
"269717",0.0022028061118744
"269774",0.00476294386034517
"269784",0.00546055708778891
"269788",0.00200519828218444
"269799",0.542428633803081
"269800",0.00359856043188483
"269823",0.0159902334597446
"269831",0.00505152086984348
"269854",0.003719005541591
"269855",0.0969427219908695
"269870",0.0129618888402911
"269878",0.00147887922661067
"269881",0.00660772898949543
"269902",0.0548298053792441
"269941",0.00235345908055114
"269951",0.00458601062935353
"269952",0.0053033577416088
"269954",0.0680762890522162
"269955",0.0161348073554271
"269959",0.0216307996434802
"269966",0.00260817925913457
"269994",0.00662022223900969
"269997",0.00731294640038782
"269999",0.00317818794548925
"270028",0.0014783614676419
"270035",0.0094273551556108
"270049",0.00927666576550564
"270058",0.00178226338232446
"270066",0.0012947049713524
"270076",0.00250132327640928
"270084",0.00525490250272937
"270086",0.0017154283330729
"270091",0.1405052304036
"270096",0.00210756132445687
"270097",0.0421264795245804
"270106",0.0123319386917491
"270109",0.00318626894539135
"270110",0.00179829526666122
"270118",0.00246999598541738
"270120",0.00222459593439865
"270150",0.353598890671211
"270151",0.00706303379913347
"270152",0.302280916175934
"270156",0.00395066627888065
"270160",0.0220212902856816
"270162",0.0017514568776006
"270163",0.00193493536193384
"270166",0.00223935440109649
"270190",0.00323458276283731
"270192",0.00185008462956278
"270198",0.00408401022466777
"270201",0.00348501188872283
"270210",0.00361585931452518
"270624",0.019808403445978
"270627",0.00160293533037225
"270669",0.00417131969819935
"270672",0.0332389071379722
"270685",0.00583148331552809
"270802",0.0195906235051573
"270893",0.00821695127206599
"270906",0.0923132227785059
"271005",0.00334406910147788
"271127",0.0259088296075861
"271144",0.465798441108243
"271221",0.0257052494227104
"271278",0.471172077427222
"271305",0.00885840682670321
"271377",0.00318485427221959
"271424",0.148450023303578
"271457",0.00271341044318586
"271508",0.337097629072233
"271564",0.00450931782307806
"271639",0.219062599638644
"271697",0.364883847147958
"271711",0.0031665952695604
"271786",0.00337673226822435
"271813",0.0277063761936248
"271842",0.00966208462461423
"271849",0.00902259134465938
"271944",0.131414872881701
"271970",0.00828205404606697
"271981",0.00180477506549396
"272009",0.00590975359373656
"272027",0.00367831760972666
"272031",0.00513360301026911
"272158",0.101487297023
"272322",0.0209533482431927
"272347",0.00385812037499271
"272359",0.00386806165995753
"272381",0.00131999579861504
"272396",0.0036331916235657
"272411",0.131431589059252
"272428",0.391922054003568
"272465",0.0296768186338531
"272538",0.00807142085841067
"272551",0.0296010956367424
"272589",0.00256027914844123
"272636",0.0451814251926558
"272667",0.0914933231061436
"272790",0.00780726631058701
"276770",0.00337875025636094
"276829",0.015383023567017
"276846",0.00167991703539489
"276852",0.00562320759978832
"276905",0.0061008301050127
"276919",0.00370871988102554
"276950",0.041915499959001
"276952",0.00890891383446455
"277010",0.0114348256533104
"277154",0.00527700073338127
"277203",0.490748949069176
"277250",0.00171255811960763
"277328",0.364675344394248
"277333",0.00744874271844017
"277353",0.175459663594991
"277360",0.00316503819329492
"277396",0.00141656492802173
"277414",0.00237075288277295
"277432",0.00312891166171218
"277463",0.0016516713261181
"277468",0.00305167143600416
"277692",0.0390785896871502
"277743",0.0765229817737839
"277744",0.0204742839518374
"277773",0.0116536784278094
"277854",0.00190413223140496
"277939",0.00300909251847961
"277973",0.00468636851507711
"277978",0.0347759480326629
"278097",0.00768207449211483
"278240",0.0102635235138801
"278279",0.00439888260454164
"278304",0.218303176326997
"278507",0.07618730268987
"278672",0.158692826008055
"278795",0.00383594842809522
"279028",0.124490513246666
"279029",0.285800426281254
"279561",0.0020764938311652
"279572",0.016223441367205
"279610",0.128512468794389
"279618",0.0215065950535765
"279653",0.00391320038357035
"279706",0.305915420720586
"279766",0.00733773064384327
"280408",0.045014963350634
"280411",0.0035813527557256
"280621",0.205117097248477
"280635",0.292336693402757
"280645",0.00798178293355954
"280667",0.272605456346647
"280668",0.0220461790516724
"282619",0.0116301422529796
"282663",0.119663847924657
"286940",0.00316542676105993
"286942",0.00985377938509365
"317677",0.549243465150543
"317717",0.00497694983258359
"317750",0.766576164599764
"317757",0.120297026402629
"317758",0.0740513422094988
"319148",0.0612599853080163
"319149",0.0112488521579431
"319150",0.043140489925813
"319151",0.0105088255347087
"319152",0.0183005210551315
"319153",0.0113937634137104
"319154",0.0129619244475199
"319155",0.0193817503816287
"319156",0.00695078727139108
"319157",0.00664403242572399
"319158",0.0158494502763963
"319159",0.015580078256225
"319160",0.00950994104856988
"319161",0.00956039625940286
"319162",0.00385644762378749
"319164",0.0142389943472102
"319165",0.0250041736252401
"319166",0.0280740719782707
"319167",0.082810195772039
"319168",0.270824656393169
"319169",0.0135733810915261
"319170",0.156775703218947
"319171",0.0325567107750473
"319172",0.0201684609796881
"319173",0.0762294556681871
"319176",0.0187759065635401
"319178",0.00814023172620092
"319179",0.00490943668534471
"319180",0.0237563959921748
"319181",0.0056896975437653
"319182",0.0637947061063184
"319183",0.019791016726761
"319184",0.0279341718670373
"319185",0.0355969246140123
"319186",0.0222718232778466
"319187",0.0234307207464203
"319188",0.0946406361409433
"319189",0.00681646776284323
"319190",0.00941685225163754
"319191",0.0236145510480333
"319192",0.0604669896426297
"319195",0.0102872958426365
"319196",0.0208797704265474
"319197",0.0422230598670284
"319200",0.0450885306529316
"319207",0.0425820762472076
"319211",0.00130182181641233
"319213",0.358984383377452
"319215",0.0571715048845984
"319224",0.304993416585337
"319229",0.189029818694682
"319236",0.0143295591301379
"319245",0.281322380883316
"319247",0.0224737991288594
"319251",0.0431665197836923
"319259",0.153824010834435
"319262",0.00839916151342504
"319263",0.00246087259929385
"319266",0.00717742937585225
"319272",0.118581234505691
"319277",0.00313517080909934
"319278",0.00308329884752421
"319317",0.00976900586893185
"319322",0.00171224732461355
"319336",0.0277105250763089
"319352",0.0053514212616219
"319370",0.00373083965646767
"319371",0.00740909857509139
"319387",0.00241768007292092
"319403",0.185710978837922
"319405",0.225574221970419
"319415",0.0356221704710536
"319430",0.0739183212315136
"319448",0.00243926510190999
"319454",0.192242140688015
"319455",0.0456212686975268
"319463",0.00576068532777733
"319466",0.360990882036194
"319468",0.00139681481000955
"319469",0.041905531591582
"319475",0.00283975147226347
"319476",0.0660221875095831
"319477",0.00164267264672804
"319478",0.0065897626126318
"319480",0.0145651224096498
"319481",0.00303800607601215
"319486",0.106337709520333
"319487",0.112368266823759
"319504",0.00158242308112943
"319506",0.113336987941021
"319508",0.0285250615530127
"319513",0.00554654347734533
"319518",0.00206611570247934
"319520",0.00421010884258614
"319530",0.0810530231194025
"319535",0.00395499302945016
"319545",0.0864555673723498
"319551",0.0910282591657988
"319552",0.0419375957671043
"319554",0.00506944
"319555",0.00760795416815073
"319556",0.0420366155333885
"319562",0.0623946777325131
"319564",0.0214509231855355
"319565",0.00595284553098886
"319581",0.380618553903863
"319582",0.0077398715181328
"319583",0.00776788279230106
"319586",0.00405339785353064
"319587",0.153299179754206
"319594",0.00159271071562768
"319601",0.00576492602906836
"319604",0.00218914699770899
"319613",0.00329682377528739
"319615",0.00518799201549658
"319616",0.103257976980123
"319618",0.00423532375913328
"319622",0.00804661695121756
"319625",0.0269290626388011
"319626",0.0318497787120028
"319634",0.00872697111895456
"319636",0.00729215688148129
"319638",0.0137897498779299
"319642",0.00315984948169089
"319646",0.120338175194404
"319650",0.12360235665043
"319651",0.00240705698169932
"319653",0.00968856200607291
"319655",0.00257768509490631
"319660",0.00794466373453149
"319670",0.00405534516472364
"319673",0.052947761640785
"319675",0.00350775370737887
"319701",0.0627806588594322
"319702",0.054938899753556
"319710",0.00290948384819536
"319711",0.114240663322048
"319713",0.00452505689146579
"319719",0.00401577454505059
"319720",0.482728296814459
"319722",0.0237801227412299
"319727",0.0393966310429967
"319734",0.0370222358114273
"319740",0.00278348339912376
"319742",0.009409
"319743",0.23912612044626
"319748",0.00411847017728631
"319750",0.0667844969069562
"319752",0.012529039405843
"319757",0.0116075290788758
"319758",0.00519405051939519
"319760",0.0384780879301676
"319764",0.353536594408278
"319765",0.0950141956038592
"319767",0.0567092701097414
"319772",0.0375040194243282
"319776",1.59483352831003
"319781",0.0600026493024484
"319783",0.0217174515235457
"319786",0.0474271604938272
"319798",0.312003473419737
"319801",0.00553327177593106
"319804",0.00408678199350756
"319807",0.0040994178428386
"319812",0.583629400055788
"319817",0.00167368499614186
"319818",0.421124509918636
"319822",0.00590660036748389
"319830",0.00140748127671641
"319832",0.00582572829216384
"319845",0.00915669240865663
"319849",0.115523176609531
"319859",0.0653402083821551
"319865",0.00985042388316922
"319870",0.0994764578119998
"319876",0.0123906352292619
"319880",0.00306248997633326
"319885",0.0069070585395663
"319888",0.0302496015765797
"319893",0.0226710270122712
"319899",0.00890996616545095
"319901",0.00290228825234284
"319903",0.0312454211805645
"319909",0.00237332985709126
"319915",0.0524008600900932
"319922",0.00930842070646135
"319924",0.00522720390452236
"319931",0.353570270155043
"319934",0.00144192574151371
"319939",0.00655190637895767
"319940",0.049140940568917
"319942",0.0906463174933518
"319944",0.00225192303817711
"319945",0.0034661395169059
"319951",0.032897237242487
"319953",0.00315993645817929
"319954",0.106893580851597
"319955",0.00297663066640762
"319960",0.160480791377387
"319965",0.00375113322071314
"319974",0.00318489025797168
"319981",0.344242695545876
"319982",0.0116056931366222
"319984",0.00289534374622968
"319991",0.0137944236746093
"319996",0.00263015187514986
"319997",0.119765548593942
"319998",0.00339150461913867
"320001",0.216756056032948
"320007",0.00328930605475556
"320011",0.00325322359396433
"320014",0.0322408619720236
"320019",0.063077500930631
"320020",0.0424529853524539
"320022",0.204433911722964
"320024",0.00296866050439665
"320026",0.0354493502272387
"320027",0.00596207163077792
"320038",0.00870898034340402
"320046",0.00520159048632178
"320051",0.0127882992321826
"320054",0.110185420641354
"320064",0.0146229382762735
"320069",0.308641975308642
"320072",0.238563910108902
"320078",0.00661890839793344
"320080",0.00698446174060708
"320091",0.00600925425154738
"320092",0.203477575915477
"320095",0.0705097513485908
"320099",0.1852012899514
"320100",0.00472507064725146
"320106",0.0110696697667472
"320110",0.0152774024193104
"320111",0.0203865042981234
"320116",0.0416575386549144
"320118",0.51609549859909
"320119",0.00331838830413646
"320127",0.00252720873564422
"320129",0.00613846119785748
"320135",0.0594791346182911
"320145",0.0461410930441461
"320148",0.297894313441918
"320150",0.00307610590982701
"320152",0.029896535536649
"320155",0.241732778692972
"320158",0.00288467442156811
"320159",0.062875261840887
"320162",0.00686476128931446
"320163",0.0150009834445651
"320165",0.00230254825864547
"320172",0.0308676088228401
"320174",0.0107164335896133
"320181",0.479986330044
"320183",0.0121859868905026
"320184",0.00460399025041387
"320187",0.0633331607742315
"320191",0.00279820313231485
"320202",0.121684572942095
"320203",0.00253337797798687
"320204",0.0138106633645154
"320207",0.0326926310248207
"320208",0.0348465623419782
"320209",0.0432676018065628
"320210",0.014692378328742
"320213",0.00115903179383535
"320214",0.21829745043714
"320225",0.274895403281789
"320226",0.00741426767636361
"320229",0.0906003318547279
"320234",0.00529163152388059
"320237",0.00513125464384649
"320244",0.00241870464928783
"320247",0.0512709870874854
"320253",0.0178987184784971
"320256",0.0584789865047267
"320265",0.00291244997320153
"320267",0.00192589943874601
"320268",0.0125703405558408
"320271",0.00619071058579268
"320273",0.405311255094177
"320277",0.0352831727473204
"320292",0.0134007895880505
"320295",0.0377850078818242
"320297",0.389474803408285
"320299",0.00295672600838546
"320301",0.00534379506489345
"320302",0.197154384520134
"320311",0.0144335583696498
"320312",0.025914348552231
"320315",0.0388819972565158
"320323",0.0756259124720603
"320332",0.0111727823699624
"320333",0.0170335261397806
"320343",0.00588114029216102
"320351",0.00701720826413067
"320354",0.037588504789671
"320355",0.172944600175011
"320360",0.0014335383970539
"320363",0.155602799795687
"320365",0.00307076552731548
"320376",0.00512127563741085
"320394",0.00672017657560624
"320398",0.0193529515090318
"320400",0.0444884221576743
"320404",0.00293030228464201
"320405",0.00309952555470965
"320415",0.169562418657814
"320429",0.0194038905255814
"320435",0.0215756855483183
"320438",0.00634041925364434
"320440",0.0368316853161409
"320452",0.0390034473067329
"320456",0.0129092749210761
"320460",0.0835072146468261
"320463",0.04275147396657
"320466",0.044637648392158
"320469",0.00550226579312886
"320472",0.00330189189998274
"320473",0.00329848429510592
"320478",0.00627047678660891
"320482",0.137662685733383
"320484",0.0183422912185492
"320486",0.083697093889335
"320487",0.00521545804418151
"320492",0.00176547912698247
"320495",0.00487370448386706
"320500",0.0340002571338907
"320506",0.00483305816433681
"320507",0.333570056523877
"320508",0.00611314388530204
"320522",0.0242936480719403
"320528",0.00418471042051015
"320534",0.00801563713793073
"320538",0.00436098255606978
"320541",0.0026026723998925
"320554",0.00544452050738417
"320557",0.00278369528397757
"320558",0.0790598939135287
"320560",0.00286399383328086
"320563",0.0042117391629808
"320571",0.184439173484875
"320586",0.0304773000536206
"320587",0.00780381825219443
"320590",0.305112510710218
"320593",0.0320895254244549
"320595",0.00273848845805903
"320604",0.199252257929006
"320606",0.0444400360781392
"320609",0.0184489118978238
"320614",0.0374058896728271
"320615",0.00226147397141276
"320616",0.0508540014555096
"320632",0.00258546394714163
"320633",0.00515538631209595
"320634",0.00236252199812294
"320635",0.165346891366864
"320642",0.334794521139421
"320655",0.0157806376024351
"320661",0.0019198824451204
"320662",0.13694518584599
"320664",0.0431482385344869
"320678",0.00221651750324262
"320679",0.00628333577860941
"320683",0.00167749239770441
"320685",0.0181560557421225
"320692",0.0487344464234643
"320696",0.143785859281643
"320700",0.0517225290792714
"320701",0.0737762576129814
"320705",0.00191557768893732
"320706",0.00295120342916371
"320707",0.00498138191999225
"320709",0.00481566849457327
"320712",0.071038926254845
"320713",0.00273002458286025
"320714",0.00324337911480223
"320717",0.00166391384929433
"320719",0.106382673005511
"320720",0.00355804223511801
"320722",0.0039896254524637
"320727",0.00132383380509734
"320733",0.0342110328947274
"320736",0.0110207224611609
"320739",0.0785054627116656
"320742",0.0155098991026811
"320747",0.0291236446443116
"320749",0.0325301190575442
"320752",0.601428455844982
"320770",0.0137035057535523
"320772",0.00415850640544274
"320775",0.131169309620297
"320782",0.106694873638157
"320790",0.00326696286731554
"320795",0.00234341049403489
"320798",0.155316289199232
"320799",0.00275874404503603
"320802",0.00479011058052501
"320805",0.229388855753137
"320806",0.0031144143467806
"320808",0.00124390027526735
"320816",0.00774277941524344
"320817",0.00325633876606113
"320825",0.00983324940490224
"320827",0.00498417586417842
"320840",0.0024110230929767
"320842",0.147463557292399
"320844",0.0306590561552787
"320845",0.00669229304589122
"320846",0.0297889347676692
"320858",0.13499585270742
"320865",0.00467361192348775
"320869",0.00950385391943652
"320871",0.104271848165279
"320873",0.00191476639353087
"320878",0.00454421757367312
"320879",0.00808831590487435
"320893",0.322099412253059
"320896",0.350316214668276
"320910",0.00250902861870904
"320916",0.00231208521750027
"320919",0.0674346559290977
"320924",0.00664774472688699
"320933",0.0403747052144292
"320936",0.18471240420881
"320938",0.00202297651773813
"320939",0.0102285971175709
"320940",0.0059832358537951
"320949",0.0550129906925319
"320950",0.0156129133634381
"320951",0.00221169810525479
"320952",0.118332370318823
"320961",0.0127668844693029
"320965",0.0234442930294255
"320973",0.0267146128134716
"320974",0.0178981748822131
"320975",0.0542161472102561
"320977",0.0172039183190753
"320981",0.010223410566897
"320982",0.00235906402373469
"321000",0.00715843638717695
"321003",0.00477681007981564
"321006",0.00235186296865326
"321007",0.00395625353186861
"321008",0.00567044843719007
"321019",0.0377137765203344
"321022",0.0017926829249335
"326618",0.00521851647473913
"326619",0.0119837732976077
"326620",0.00765367567739778
"326622",0.00453555726948197
"327655",0.00379996246950647
"327743",0.0470924173848348
"327744",0.00579285068602232
"327747",0.0322310931940003
"327762",0.0442997241590925
"327766",0.411279943205574
"327768",0.242847295467947
"327799",0.370981993458929
"327812",0.0135170795368829
"327814",0.00356961832134644
"327826",0.00558881619453401
"327900",0.00196609548025263
"327942",0.0118116602131039
"327951",0.00182628387756593
"327954",0.0102946435434763
"327958",0.00756143667296786
"327959",0.0329169769320019
"327978",0.009506443376628
"327987",0.00252691023288959
"327992",0.135493856031667
"328019",0.195126638178568
"328035",0.00340613425127122
"328066",0.407151875415028
"328075",0.0124103659497939
"328092",0.00502395586425028
"328099",0.00214154402492403
"328108",0.001996438702992
"328110",0.00909996048770513
"328133",0.00350366968583913
"328162",0.00277008310249308
"328166",0.0931305937740176
"328186",0.0119333081792325
"328190",0.208729609474829
"328232",0.00222036208819244
"328234",0.00350472554579183
"328235",0.183234190694429
"328274",0.0337764791818846
"328309",0.0249928925170949
"328314",0.0478375640615007
"328320",0.261650489352268
"328329",0.0038912391538498
"328330",0.0113056012293177
"328354",0.132328012374604
"328365",0.00712863578072086
"328370",0.00961566718937491
"328381",0.0259978344973274
"328417",0.0171193990741549
"328424",0.086158302679549
"328440",0.0129428544444444
"328448",0.0289584826944926
"328451",0.111342472029452
"328479",0.0417092883887401
"328561",0.151843769975093
"328563",0.425354921991495
"328572",0.0039935817597202
"328580",0.00266416245196767
"328594",0.222405064837387
"328643",0.00629488236632088
"328734",0.0132130478683508
"328778",0.00573816063713657
"328789",0.0219754551652736
"328795",0.0474667282936414
"328801",0.00562539503485073
"328833",0.156038458552569
"328906",0.0996031323355675
"328918",0.0159113388872323
"328949",0.00463307259428749
"328957",0.0614485321737605
"328967",0.0315503869187862
"328968",0.160314805629761
"328971",0.0187848174034696
"328977",0.00207258747832107
"329002",0.00340087545620613
"329003",0.00380239060060491
"329015",0.00199770969499621
"329056",0.0428061831153389
"329064",0.0568006277454996
"329065",0.281215101825769
"329078",0.00607150514307061
"329093",0.0360176675806121
"329152",0.0036262351702852
"329154",0.00417100694444445
"329160",0.0592571768496497
"329165",0.0015907927805252
"329178",0.00346773757620066
"329217",0.0126903934472515
"329251",0.0035943961611814
"329252",0.0150824801892946
"329260",0.015723906385227
"329274",0.0106868422484147
"329324",0.00177353878584375
"329358",0.0517811346424189
"329366",0.127342372398953
"329384",0.0132484798000833
"329387",0.208359730160609
"329416",0.0119498153711201
"329421",0.0379254581578734
"329427",0.028853968682643
"329470",0.0165856225637748
"329482",0.417629872786557
"329483",0.283307062407863
"329496",0.321583854677757
"329502",0.00959582797718299
"329504",0.00965176556502315
"329506",0.00184926925193031
"329509",0.202752949697687
"329513",0.043384698936871
"329540",0.00384113247542544
"329559",0.00304501955442361
"329562",0.0506737130113753
"329575",0.00394992818662691
"329581",0.115146939665762
"329584",0.0553591760538127
"329626",0.106443131236412
"329628",0.00467942699263199
"329641",0.00325714050487086
"329650",0.00174787573905235
"329659",0.00823428128555528
"329679",0.00218762639281629
"329702",0.326113782228478
"329716",0.624808583077794
"329727",0.0537513178725705
"329735",0.00265317666247071
"329739",0.00222976669499765
"329763",0.726454693183255
"329777",0.00157366300116112
"329782",0.0129992252102104
"329790",0.0302848273225257
"329795",0.00971361871301775
"329828",0.00337914347722256
"329831",0.242314722376104
"329872",0.0380939578222702
"329877",0.00273120522518671
"329908",0.00136976354341609
"329910",0.00403006040872985
"329934",0.00518554435092612
"329941",0.388231745053771
"329942",0.00286202983962472
"329972",0.227125600149173
"329977",0.0065812075126641
"330031",0.189788967428828
"330050",0.00412132296905959
"330052",0.282769767809818
"330064",0.00735671188886374
"330096",0.351016327852052
"330119",0.00461306548941966
"330133",0.284306915402845
"330143",0.0104588171142291
"330149",0.0146269789031167
"330164",0.0459360537665522
"330166",0.0204081632653061
"330171",0.00152895993304015
"330173",0.00481998632876407
"330177",0.00288381183757189
"330188",0.149807711851293
"330189",0.0093460795065415
"330192",0.00517012401111381
"330216",0.011646393864615
"330217",0.0156080301397258
"330222",0.010129448491155
"330230",0.0138982017062728
"330256",0.0382587689970528
"330260",0.00996113315583464
"330267",0.00325421527924861
"330286",0.00321044520646761
"330301",0.00462916599903861
"330319",0.00576034916285041
"330323",0.00641554340654161
"330324",0.0353108344812019
"330355",0.554866432526815
"330361",0.00665718312008376
"330369",0.00218589159938098
"330385",0.0757239532115315
"330401",0.00121045060432962
"330403",0.276449443881618
"330406",0.114712132683713
"330409",0.00352434652506132
"330427",0.00474491073016912
"330450",0.0076148506291614
"330460",0.0682401886613329
"330463",0.0102707323098046
"330474",0.0018244488775536
"330483",0.0941636133331449
"330485",0.011134360769101
"330502",0.0134823351418918
"330503",0.00334157831669259
"330554",0.00564765029282385
"330577",0.0164283683436702
"330599",0.0596650852220363
"330602",0.113700395168072
"330627",0.00770995158684925
"330657",0.0200914791728943
"330660",0.0583601430634513
"330662",0.00497787493915991
"330671",0.00189866179384998
"330695",0.00244979807466053
"330721",0.475422153792973
"330723",0.0100220446337086
"330734",0.0629991944330787
"330788",0.00190118439547088
"330790",0.00960892702313303
"330812",0.0025
"330814",0.00152872176170882
"330817",0.0045674682370045
"330830",0.846745575172475
"330836",0.00713653619731916
"330863",0.0258112037431504
"330902",0.142657875104554
"330908",0.00380963357233919
"330914",0.00132231404958678
"330921",0.071376197607133
"330938",0.00288964441297844
"330941",0.00489591921733291
"330953",0.031977013994996
"330959",0.00528206377658875
"330963",0.00595378828957518
"330998",0.0297947178384519
"331004",0.00274161594195751
"331026",0.00523921962716584
"331046",0.17521194276424
"331188",0.00916314428612794
"331374",0.106966014548233
"331392",0.0133136094674556
"331401",0.00254496203507744
"331424",0.0181112869391636
"331461",0.00299621937637604
"331474",0.00444262444264352
"331480",0.0251679833899942
"331487",0.00568952151036356
"331493",0.247007408753897
"331524",0.110245972175652
"331532",0.00788547955094502
"331547",0.14343221062253
"331578",0.185769583313942
"331623",0.00586638254765456
"332175",0.00676214384368363
"332359",0.0200093338246762
"332397",0.00375686456334391
"332579",0.0643062654253009
"332934",0.180966402045927
"332993",0.184769955338505
"333050",0.00471649144662452
"333088",0.103834346589526
"333182",0.0504805017148975
"333193",0.0452379183274283
"333307",0.263107929683123
"333315",0.0321676426403918
"333329",0.029312143413548
"333433",0.00153079184830265
"333605",0.00376378486205728
"333639",0.00488188867078608
"333654",0.0258376919276401
"333669",0.0474287892856566
"333670",0.325657730624369
"333789",0.00525195507096922
"333883",0.176303764745975
"338320",0.00228471975000989
"338337",0.00171546821238623
"338346",0.0466487533103049
"338348",0.149523157044283
"338349",0.00724565138290303
"338350",0.0159659876209362
"338351",0.00577766384738241
"338352",0.00700113355170162
"338354",0.00211738368477585
"338355",0.00194923224614905
"338359",0.00340495568388165
"338360",0.0544730764679921
"338362",0.00286769161833945
"338363",0.00700327047943928
"338364",0.0212158421509054
"338365",0.00376106539805942
"338366",0.00385587979830268
"338367",0.0113204864583595
"338368",0.085892130957066
"338369",0.177443000611409
"338370",0.00170969290935576
"338371",0.00500327949335541
"338372",0.00792932782420713
"338403",0.489525538638322
"338438",0.271080227536049
"338467",0.0026207535228127
"338521",0.0152234166957769
"338523",0.00559000786094856
"338535",0.0196455431331678
"347722",0.00326945649523951
"352968",0.0371473739666048
"353025",0.13027857803408
"353047",0.00335897401489519
"353123",0.0207861026061379
"353155",0.0347845910435742
"353156",0.00509246401728052
"353169",0.015216143085296
"353170",0.00549360123077048
"353172",0.00278542013830969
"353187",0.00359869895194412
"353188",0.0376475829806193
"353190",0.00432681341735065
"353204",0.279547119400667
"353208",0.00819427660696849
"353211",0.00241932190197111
"353234",0.0179114156003827
"353235",0.0310554062515593
"353236",0.016211242491529
"353237",0.00588327919974462
"353242",0.00323860513987597
"353258",0.0060586065716428
"353282",0.013869441978007
"353287",0.0533885143090673
"353310",0.0153892911645476
"353326",0.0121340702021506
"353328",0.297087633950005
"353342",0.00204824126701166
"353371",0.111697951636132
"353499",0.0857407777178358
"353502",0.00192544629284918
"360013",0.00148256767605417
"360198",0.0241769284548596
"360213",0.00153823341935749
"360216",0.00148909194565361
"373852",0.0137455410225921
"373864",0.0171097208627122
"378425",0.2947841913346
"378430",0.130156485957532
"378431",0.0242493734435862
"378435",0.0103956908421295
"378460",0.10155371241065
"378462",0.00873336380168276
"378466",0.00470836926892996
"378472",0.102623159063793
"378702",0.00601648923142994
"378775",0.101436144660556
"378776",0.0146241211465657
"378937",0.00258313871549982
"378954",0.0244906727577563
"380601",0.00364881300219138
"380608",0.00288285459264409
"380614",0.00645169458307257
"380629",0.00339630192105782
"380654",0.0183617048603634
"380660",0.0178475131322795
"380664",0.00249505684747696
"380669",0.027393622720867
"380683",0.0340700220679563
"380684",0.00519974952020406
"380686",0.00156661710500054
"380694",0.00899399401066621
"380698",0.00919071463977832
"380702",0.00690943343670756
"380705",0.985779764558206
"380711",0.00435325880722733
"380712",0.126191772069305
"380713",0.0185516385844496
"380714",0.0153682307466818
"380718",0.0242852626059419
"380728",0.0414084561559143
"380732",0.250306070367536
"380752",0.00285053859255217
"380753",0.00733119925023883
"380755",0.511968945054845
"380768",0.00426114059170663
"380773",0.00422408498619626
"380785",0.00577334528327072
"380787",0.0478600600027579
"380836",0.00244780158646314
"380840",0.00483738083497699
"380842",0.439826871141975
"380850",0.00925023514608987
"380855",0.0165281551660496
"380863",0.0842707365497268
"380912",0.0205504927095017
"380916",0.00341255586980127
"380918",0.0676225389679188
"380921",0.00392936874049052
"380924",0.00676399175709024
"380928",0.00269926778229873
"380930",0.0600717572879827
"380934",0.437480677243334
"380959",0.0021041999831664
"380967",0.00288329981341891
"380969",0.00432825484764543
"380977",0.00503151031753619
"380993",0.00827239796338251
"381022",0.00729379653562748
"381038",0.00343690963442966
"381045",0.00933948690695314
"381059",0.11999230564434
"381062",0.00631353697640813
"381066",0.00474183439835948
"381067",0.00619953498021209
"381072",0.0406707061489062
"381073",0.0827152281560135
"381077",0.243036639973452
"381085",0.00204319087900248
"381101",0.0193160135928771
"381104",0.0218970509065086
"381107",0.0979261188728058
"381110",0.0102272654728845
"381112",0.0363513743414015
"381113",0.0143429571890202
"381126",0.00256007431850146
"381148",0.0111323913763037
"381157",0.00825298239760621
"381175",0.205484066219433
"381196",0.124362371031242
"381199",0.00170184737471278
"381201",0.00933626344790135
"381204",0.195091275577023
"381217",0.00682241091807619
"381218",0.0160992278452296
"381229",0.478913271920043
"381232",0.347102031005564
"381236",0.00980898243080448
"381259",0.00392227092943415
"381260",0.0132132026187292
"381269",0.0163728698209866
"381270",0.00463690772099046
"381280",0.00405377744933894
"381284",0.56174572586424
"381290",0.00523795533797787
"381293",0.126133628764989
"381305",0.00354871918881154
"381306",0.0243056761188272
"381308",0.451136803622632
"381310",0.00235078053259871
"381314",0.00165287967814123
"381318",0.0293877551020408
"381319",0.0386592017883927
"381334",0.415385588387423
"381338",0.00222167258219619
"381350",0.0340313231659729
"381352",0.102964519505558
"381353",0.00334150372151878
"381356",0.00313343232482377
"381373",0.059980536662392
"381379",0.00219166712940509
"381404",0.251645118946454
"381405",0.144186958956211
"381406",0.00260751471253961
"381409",0.359716111386297
"381410",0.00705026837743373
"381411",0.351440523476113
"381413",0.00533667851405545
"381418",0.00706345876614772
"381438",0.0293883871409489
"381476",0.167895419218123
"381482",0.117403203987184
"381489",0.101091387245233
"381493",0.184005997572535
"381510",0.00301998147070065
"381511",0.00311395329784988
"381522",0.390263184574232
"381538",0.0208171115658553
"381544",0.26752332042737
"381546",0.147338656151823
"381549",0.0377643330099596
"381560",0.0100869262754582
"381582",0.00452230184484106
"381598",0.00179599508022277
"381605",0.0212457644015506
"381622",0.372202840455001
"381626",0.00238546060073199
"381629",0.00301038044808055
"381633",0.0129443292395405
"381634",0.00450910965545061
"381644",0.00714964197530864
"381650",0.0344371154089457
"381668",0.00300033139755081
"381673",0.156537513520802
"381677",0.00959485480234989
"381678",0.0113279299613556
"381693",0.197458088711661
"381694",0.00525613561122506
"381695",0.0012588598013861
"381738",0.0107495658802676
"381741",0.423778436838227
"381759",0.281255554328102
"381760",0.00377903361650208
"381785",0.329920334993949
"381792",0.0851327189741808
"381798",0.0316597365938216
"381801",0.00461677092219781
"381802",0.00303653453034422
"381810",0.0523829597302122
"381812",0.0429650319336769
"381813",0.00152829679175013
"381820",0.00191400051761616
"381822",0.254587060319843
"381823",0.0167741067874039
"381827",0.267712050967852
"381835",0.204885840982748
"381836",0.706905457630314
"381845",0.0491524939104009
"381853",0.137015190531393
"381884",0.109921174721859
"381903",0.0176587387969506
"381914",0.0341693852640739
"381917",0.0940865047385592
"381921",0.00202831017517301
"381922",0.345257550535077
"381924",0.220761000257558
"381925",0.00935996668727666
"381933",0.175520291441407
"381979",0.00490426365000499
"381983",0.00362949120849062
"381990",0.00384451015503857
"381994",0.261920848688078
"382010",0.00765464302495756
"382014",0.00303332104921887
"382018",0.00217438686532769
"382019",0.00353012886955685
"382030",0.00447883073365699
"382034",0.00337031258206264
"382038",0.00483270676612885
"382051",0.00485794403251007
"382056",0.00353746664562005
"382062",0.190006574621959
"382066",0.0036055655981818
"382073",0.027809514739232
"382077",0.0720971319008264
"382083",0.00587417486305842
"382089",0.01587458496368
"382090",0.00694444444444444
"382111",0.0116943745048238
"382114",0.0625265816052285
"382117",0.00191429257632879
"382118",0.0131627126328992
"382137",0.00696236393238375
"382207",0.00519438357276195
"382221",0.263381701484676
"382236",0.00755660431222021
"382245",0.00486749594375338
"382252",0.0103987417316194
"382253",0.00233005666406086
"382384",0.115752809703955
"382406",0.00871111111111111
"382421",0.306820381792657
"382423",0.00125640773170271
"382427",0.0554098084858697
"382522",0.0167180987230597
"382543",0.0826685215248155
"382551",0.632482836219372
"382562",0.00468158144302334
"382571",0.00185784120784798
"382620",0.00285787745737906
"382639",0.0674176669744537
"382686",0.0140801926279275
"382793",0.00287422651709648
"382864",0.336082501882988
"382867",0.0124900716915949
"382913",0.0374171821569809
"382985",0.00161634959580038
"383103",0.00145641783431143
"383295",0.00245750603212276
"383348",0.00419436037043849
"383563",0.0631538100923201
"383592",0.529551223520818
"383619",0.0284062144088007
"383766",0.0815837785506831
"383787",0.0453709103340103
"384009",0.0157886590524093
"384059",0.0779779280882876
"384061",0.00257665188794716
"384071",0.0341429006537829
"384198",0.310194291485751
"384214",0.00205795054658382
"384281",0.00351910370583166
"384309",0.0141365061736983
"384569",0.00786881928076604
"384619",0.0450107327384749
"384763",0.00472100567008854
"384783",0.00312023401465994
"384864",0.236424877896277
"385354",0.0816326530612245
"385658",0.00387247043240628
"385668",0.0457195980912295
"385674",0.0099171846214769
"386454",0.0267863848220361
"386463",0.107115436033067
"386612",0.01123346122127
"386649",0.00210936779333624
"386655",0.00390106069469432
"386750",0.00395050514308658
"386753",0.00313224916014011
"387285",0.0228507463244928
"387314",0.00184566970192817
"387524",0.00309278022487355
"387609",0.00243046238103084
"394432",0.065590198446524
"396184",0.00657414170927685
"399101",0.0270199382103873
"399510",0.00167104181884587
"399548",0.00555768505433816
"399558",0.0036595031245237
"399566",0.00253597692329481
"399568",0.00932652299767773
"399591",0.0218057636717983
"399599",0.0361576325736746
"399603",0.00360958721279995
"399609",0.00820891422307037
"402727",0.131525296649993
"402728",0.100875056306493
"402757",0.0574215113821749
"402767",0.0535122691788584
"403174",0.0143039087525953
"403178",0.00860173176475237
"403180",0.0980483996334606
"403185",0.0493192981687104
"403187",0.00203130392941098
"403201",0.0977872157023718
"403202",0.229123106025743
"404634",0.0051865929723241
"404710",0.0600730488273741
"406217",0.0062354797158631
"406218",0.00329995103777633
"406220",0.0148595585912685
"407243",0.00211113044047331
"407785",0.00615398779983119
"407786",0.00251003008020048
"407788",0.0893605704081762
"407789",0.324716836699614
"407790",0.0250208644147576
"407800",0.00825634120660871
"407803",0.0202280341712162
"407809",0.063599770520565
"407810",0.341668083900227
"407812",0.00951814396192742
"407819",0.00298700895602826
"407821",0.0035743438760127
"407823",0.00179546107440391
"407831",0.00696890886696772
"408022",0.0126160760087879
"408028",0.124589317452732
"408059",0.407710890344679
"408061",0.268462750728447
"408062",0.00558376179335263
"408064",0.0527107592507946
"408065",0.0232175379800763
"408066",0.0253366571730231
"408067",0.00302542018265741
"408068",0.00284987018368758
"408191",0.61721688201308
"408192",0.71060719896182
"414066",0.03369549743879
"414069",0.00668614937076296
"414072",0.0125578531187679
"414077",0.00472971694746791
"414079",0.26623132277342
"414081",0.0215453255519173
"414085",0.00599762531522675
"414089",0.155398558211905
"414093",0.00443367611380194
"414095",0.0457760951865873
"414101",0.0112591888007775
"414108",0.0167529877777778
"414111",0.0573928914968237
"414115",0.0510031048124384
"414116",0.208894469239597
"414118",0.0144933546988406
"414123",0.0235782720760423
"414126",0.251252840133935
"414758",0.00871942323956114
"414801",0.0445666949279905
"414872",0.00230941625073605
"415115",0.0285569202942594
"425051",0.0198160304328336
"431706",0.239884016530054
"432396",0.0385227303092325
"432442",0.00244727740388817
"432450",0.00207967955164699
"432466",0.201737696770475
"432467",0.00531997289828887
"432478",0.0396557224353993
"432486",0.00150019837333862
"432508",0.0030334674556213
"432516",0.181779941109308
"432555",0.181102143961927
"432572",0.00160977376748213
"432582",0.00216333153055706
"432611",0.0380447204912649
"432615",0.180990594861916
"432628",0.154522275382612
"432636",0.088430970401848
"432731",0.00347702103577412
"432754",0.266466727492504
"432763",0.0060585069722433
"432769",0.00903904976195282
"432770",0.0240110380650921
"432779",0.00612151930509076
"432839",0.0110641335511824
"432842",0.00853489941568046
"432855",0.31290547464044
"432870",0.0742443302190837
"432879",0.0283067238558939
"432939",0.0589675355015583
"432940",0.00499477357084647
"432964",0.29220562386335
"432999",0.0199363141687178
"433003",0.290236460122553
"433004",0.0290198274733982
"433022",0.00286996903980755
"433078",0.0993123925215838
"433100",0.0041812513082574
"433111",0.253387240283439
"433182",0.0169779748225885
"433198",0.179368851301578
"433202",0.0209912243152882
"433215",0.138457998840084
"433224",0.299591763793101
"433256",0.00193146297871
"433287",0.359112832584997
"433294",0.502603382168659
"433323",0.0147661365563008
"433365",0.381347675036087
"433367",0.402658005496547
"433374",0.0246938775510204
"433375",0.00334883486930067
"433406",0.268087924429344
"433408",0.0111723804665897
"433415",0.0775650321468912
"433416",0.0593884612668597
"433424",0.0146132410216992
"433466",0.0306914332171433
"433470",0.188432885290309
"433481",0.233524032140248
"433485",0.00264052724757844
"433503",0.291620877623185
"433520",0.00371114049067367
"433586",0.00253839768282122
"433638",0.0334624679144751
"433667",0.0019905325443787
"433693",0.0023397081203569
"433698",0.014061993653332
"433700",0.139860527374014
"433702",0.00258450636791015
"433752",0.0120250441470496
"433759",0.00275397106346637
"433771",0.0043792243179345
"433791",0.0325121951602806
"433801",0.561209545693306
"433809",0.0743056813831904
"433813",0.00876240556681865
"433864",0.00243516910419086
"433868",0.0600785792698511
"433873",0.0668541236629762
"433904",0.00315905925659626
"433926",0.00176913871125943
"433931",0.00385279161817927
"433938",0.00309533198740366
"433940",0.0578815146793649
"433956",0.0133745650336612
"433966",0.279808991028086
"434003",0.325135904875149
"434008",0.00492929099610441
"434064",0.0386357241890222
"434128",0.00655383790427777
"434130",0.00956271113887732
"434147",0.169707345815858
"434156",0.00312746145278887
"434178",0.0031681637811814
"434179",0.00808220935993482
"434197",0.0646593461521827
"434198",0.150269756532962
"434204",0.00659551522552705
"434215",0.0277132693996315
"434223",0.0902751936763651
"434232",0.026164223983034
"434233",0.013016883919599
"434234",0.0350302899667599
"434246",0.189199362361578
"434249",0.235510380622837
"434280",0.00830511954951083
"434325",0.45468268255272
"434341",0.0391573639767669
"434350",0.0251408741609729
"434353",0.0625
"434377",0.0065406551404939
"434402",0.0228592843968918
"434436",0.203559829283447
"434437",0.00546253480112244
"434438",0.115457044776677
"434484",0.0262084732586051
"434689",0.392436820105395
"434756",0.121674745747027
"434778",0.0238765997372865
"434784",0.0448503645963538
"434797",0.0656006389585553
"435145",0.0433954039817845
"435366",0.00570991990345652
"435376",0.0880749219562955
"435391",0.120234453494028
"435528",0.480137943852487
"435529",0.0761492618622861
"435653",0.0625459812380993
"435684",0.00212291348763527
"435965",0.00174570889266367
"436008",0.548322189173111
"436022",0.230125141688644
"436062",0.303338143214203
"436090",0.00440064166893688
"436100",0.0791637558424731
"436230",0.0457773752459217
"436240",0.09432409029022
"436583",0.028489999594304
"442801",0.00982006523213226
"442803",0.0545141444782049
"442804",0.0377395510371709
"442805",0.0318877551020408
"442821",0.137570713063526
"442825",0.0813336873607898
"442838",0.0780662194717728
"442848",0.240578002236735
"445007",0.00404341746320336
"445267",0.255025
"446101",0.0250161901961884
"448850",0.0111731343947388
"448987",0.020866437560659
"449000",0.00748097132311323
"449521",0.00629345626888148
"449630",0.0277576160816335
"449631",0.0225658205714288
"474156",0.00375650364203954
"474160",0.219740282333437
"474332",0.0582973411155271
"493800",0.0248239782467096
"494448",0.00311882288801781
"494468",0.00540779079007137
"494504",0.00375427849261291
"497097",0.0028170750122479
"497652",0.00284192419186133
"503610",0.00253484278549383
"504193",0.00409376673183304
"541610",0.191372680262703
"544678",0.00695841014115805
"544696",0.00275468119848641
"544717",0.013007895285905
"544752",0.00301263618587424
"544763",0.125733214380591
"544767",0.247946884091227
"544817",0.00331142528214436
"544848",0.0454872891943084
"544864",0.0158477053231202
"544922",0.00671862402579952
"544963",0.00314824966502836
"544971",0.00254773161965911
"545007",0.166191826129292
"545030",0.0128691131022133
"545056",0.37294721066368
"545085",0.00213270067419842
"545126",0.123376261875397
"545136",0.0191974316325032
"545140",0.256847907424408
"545182",0.235791123658386
"545192",0.0293890681251556
"545205",0.164941395657116
"545207",0.0215684030715917
"545253",0.0263393773806188
"545260",0.0145725387328607
"545261",0.0536335331410372
"545276",0.00830580339605514
"545370",0.0162428292395217
"545389",0.00289204938271605
"545391",0.00848966180553385
"545428",0.00596006350028593
"545474",0.0128377420774865
"545481",0.477931511711814
"545486",0.255053213070753
"545490",0.10165413682659
"545527",0.0988378283803095
"545539",0.0310655584157833
"545554",0.00284551308140109
"545611",0.0759452374136669
"545622",0.00313029722185533
"545681",0.110079923081546
"545700",0.167527358246978
"545725",0.0218464066584733
"545809",0.0286030011316436
"545861",0.479220310208189
"545893",0.114187389456674
"545938",0.0186943838365929
"545951",0.355422867842502
"545975",0.127175594503105
"546049",0.110530138976453
"546071",0.00151523663079873
"546100",0.0290307819715878
"546134",0.0281068305192166
"546143",0.011511417291874
"546144",1.00621599125139
"546166",0.0322736629159164
"546325",0.318993857341002
"546336",0.0149918755097093
"546524",0.0844390086143515
"546611",0.00762029001963715
"546648",0.0785556327160494
"546723",0.182366189061916
"547109",0.170671311086131
"547127",0.0286031946770841
"547150",0.00177970037530629
"547176",0.00195800990847163
"547253",0.00794723874767141
"552913",0.313833326091692
"553095",0.0130897804077301
"553127",0.00139435076206318
"554327",0.0278410889316681
"574402",0.00537672828890467
"574403",0.0526740123622682
"574404",0.0691147408037289
"574405",0.597873924344249
"574418",0.296622427139702
"574437",0.073165523238225
"594844",0.00288736839827614
"595136",0.00624227572839299
"595139",0.021594740670892
"606496",0.00126366259062651
"606735",0.0960563591609204
"613254",0.082115948853201
"613258",0.013551180343412
"613262",0.0029456283417419
"613264",0.586623884234449
"619287",0.00967723817132561
"619289",0.0808403214024836
"619292",0.163400054971852
"619293",0.0833484790706451
"619295",0.0854182444311301
"619301",0.0752281449400587
"619306",0.210887298929891
"619308",0.207006809890283
"619309",0.103589659540881
"619310",0.376137494236696
"619321",0.291259612666663
"619325",0.25315873842283
"619327",0.148237540981867
"619331",0.00345791919109645
"619371",0.258537179098736
"619441",0.104918863627431
"619547",0.0378212480073876
"619605",0.00224256253112094
"619719",0.0157207118742343
"620016",0.112836877966557
"620079",0.462250321676661
"620246",0.0169806171510649
"620292",0.00602978408848635
"620419",0.00810360849267043
"620592",0.00355434071251748
"620631",0.231016567051978
"620678",0.0731990223878534
"620695",0.00495875703907838
"620760",0.0110191996581301
"620913",0.330213845024872
"621080",0.0208228746865154
"621156",0.0251912844104428
"621239",0.32482924735327
"621304",0.16334622162572
"621427",0.13682109422791
"621603",0.0418344707250041
"621823",0.184657652325032
"621893",0.0236707403640116
"621976",0.00186865315268797
"621998",0.0254148288174753
"622116",0.0792280743750324
"622129",0.209181024871669
"622175",0.00310527330763143
"622208",0.0630570058687375
"622282",0.0973095074982776
"622320",0.00367211410982891
"622404",0.00802092624180396
"622408",0.147226224153617
"622434",0.00479545852158465
"622459",0.055363321799308
"622480",0.295427115906057
"622552",0.295192408022385
"622645",0.0130952159510012
"622665",0.0884481469393704
"622675",0.00363738625782631
"622708",0.495513914622904
"623131",0.409040642885864
"623169",0.0764515977196049
"623223",0.0522552727589316
"623230",0.0358305154124435
"623273",0.539766001115769
"623279",0.00471995577395818
"623474",0.0291271111111111
"623661",0.00585391266645461
"623734",0.102410151931984
"623781",0.164708613744268
"624086",0.00379876643717732
"624224",0.172295555169785
"624251",0.317347651587949
"624341",0.172459823112899
"624549",0.331854078719504
"624582",0.0567887991638451
"624685",0.615216753534534
"624713",0.179247154628451
"624784",0.141353587973059
"624866",0.00981939908242806
"625018",0.125436586650624
"625054",0.0245073186656627
"625068",0.22831246728836
"625098",0.0124301724470507
"625109",0.142211634779188
"625121",0.0404041163391623
"625131",0.0463892999255909
"625167",0.361191629401669
"625175",0.221453287197232
"625222",0.0464104981346386
"625237",0.127860422405877
"625249",0.0122251422120049
"625286",0.201472315764253
"625328",0.0666111275410911
"625342",0.156133073419499
"625349",0.238225421059535
"625360",0.180769966116004
"625421",0.0501715648465317
"625424",0.132553962376429
"625464",0.117410515430687
"625591",1.04992749300139
"625638",0.00535866482266497
"625662",0.114424147070787
"626009",0.0895881223279135
"626082",0.0222313456918498
"626175",0.198295534324349
"626275",0.0342828869065882
"626359",0.186421390004958
"626391",0.0127569258330469
"626415",0.0510050467335513
"626578",0.445855180719537
"626596",0.0658422823298497
"626693",0.101139812772809
"626802",0.00430052450888634
"626832",0.00801811678035538
"626848",0.00439211204828391
"626854",0.00491604921880431
"626870",0.028751856431043
"626877",0.0388270434556836
"627049",0.00251245089540926
"627110",0.211700309209189
"627191",0.0131055425935705
"627214",0.0162029498912771
"627352",0.00374909347212429
"627585",0.475019434283288
"627626",0.00322139032159594
"627782",0.212686773046548
"627828",0.0673928667398208
"627872",0.109118127136145
"627984",0.113934788991432
"628004",0.0138242297551288
"628110",0.0260755544954457
"628147",0.00760853047101193
"628308",0.00195965590103807
"628686",0.135293051846265
"628746",0.329729542683599
"628779",0.00492114580066346
"628870",0.0644037981193059
"629016",0.0145604975606662
"629059",0.00406167960111709
"629147",0.130561401326138
"629159",0.0234678633099721
"629242",0.322861215593071
"629300",0.0667102992951698
"629378",0.00804008998076876
"629499",0.0924493900752999
"629557",0.109160646755515
"629595",0.18022307604572
"629750",0.17783813341389
"629777",0.0198127940980316
"629945",0.0423573780872322
"630146",0.114341587841428
"630499",0.101822650051576
"630579",0.0161549789947259
"630836",0.00562136334258736
"631145",0.287893357670607
"631323",0.080089
"631624",0.00474527536524096
"631990",0.0601649002308071
"632687",0.0706210673135476
"633285",0.0311078150772463
"633395",0.0342460317856824
"633640",0.0216035987627531
"633947",0.103981887200444
"633979",0.149598753790746
"634104",0.0127221022876701
"634650",0.103700959408021
"634731",0.00493046586285154
"635169",0.191978204089393
"635253",0.0141341659517523
"635668",0.236762508183885
"635702",0.00929514609474074
"636104",0.018176953697576
"636741",0.00650414699049516
"636791",0.00434142731230456
"636808",0.0044052000939776
"636931",0.052254687606037
"636952",0.447413130794768
"637079",0.0850303347539309
"637515",0.0748417476694876
"637776",0.0273184525181218
"638247",0.0369022436798411
"638411",0.28662750909754
"638695",0.516610811434746
"640524",0.0790840176691921
"641340",0.00504061025456013
"641376",0.00830069118904301
"641387",0.129917704196043
"641454",0.136584312081821
"652925",0.0208998270902358
"654309",0.0925393446642881
"654318",0.00935152759328584
"654359",0.0481910902226496
"654409",0.0069335383692609
"654424",0.0234550275936923
"654432",0.227304440287821
"654440",0.0059651106188649
"654467",0.0123151346849635
"654469",0.0378884070206016
"654470",0.00521771094179852
"654472",0.0204251956947852
"654788",0.0214441921561269
"654795",0.00236945373078712
"654796",0.108356072092903
"654798",0.0778313284948405
"654801",0.0060420833107218
"654803",0.00585019868347933
"654804",0.0164305250710617
"654805",0.234364984075485
"654806",0.0378848613733163
"654812",0.106233729889739
"654818",0.0116396602713314
"654820",0.032088732952287
"654821",0.162248077465083
"654822",0.662686879656086
"654824",0.014607414096367
"664804",0.29437561815165
"664837",0.114422507010343
"664849",0.205149488874277
"664862",0.00525261724316063
"664883",0.00399041352662523
"664903",0.185892250759021
"664968",0.0629004260982629
"664987",0.00402494848284986
"664994",0.004596380350474
"665001",0.00804607854650333
"665033",0.254521075696251
"665054",0.0312964067519095
"665055",0.34207344497489
"665095",0.452844374696747
"665113",0.00224549155187005
"665119",0.00925802758835873
"665155",0.00250355570098126
"665180",0.00366817449087211
"665205",0.103041064724277
"665211",0.00193065402043324
"665268",0.0208229144139273
"665270",0.0194680693693929
"665306",0.117740671739726
"665433",0.045525001458633
"665562",0.0903295674998968
"665563",0.010722892829068
"665574",0.0187786855880375
"665577",0.291168544150276
"665578",0.228313272955697
"665596",0.0486128042658568
"665622",5.01646475244999
"665635",0.170952968783106
"665700",0.103956252697037
"665726",0.0769314927032163
"665775",0.00371269639393122
"665828",0.0473682255227132
"665845",0.706361653723072
"665858",0.277724622536861
"665931",0.0620692803518151
"665934",0.0578915617663842
"666048",0.028389512287744
"666060",0.00297649280996996
"666105",0.0966742787654651
"666173",0.00193213380026567
"666182",0.0713404148429867
"666190",0.163940695770534
"666244",0.0248442824225962
"666257",0.0208231511834694
"666279",0.214926380998517
"666311",0.00457582768802509
"666329",0.534824153696129
"666389",0.0546060595007711
"666427",0.0105186167419625
"666468",0.011411564775599
"666528",0.101457395703681
"666529",0.0121797815153031
"666532",0.0124352186498733
"666584",0.00770542471750798
"666680",0.221347682987954
"666704",0.00517458738278553
"666731",0.425540664258846
"666737",0.058699654812195
"666752",0.122749845626546
"666794",0.00433350508048327
"666808",0.40806149157688
"666892",0.0678348536706799
"666899",0.0408865671194982
"666938",0.00509313673282868
"666945",0.0477856516034631
"667034",0.0697309657298082
"667035",0.104926980023713
"667118",0.00946527483216556
"667213",0.315755602849231
"667214",0.0113607515507906
"667250",0.0619665742739441
"667370",0.0161909757334021
"667373",0.0181481382050525
"667410",0.224265756722467
"667663",0.265656961795292
"667742",0.121886082442253
"667772",0.0330578512396694
"667803",0.315893228195429
"667823",0.0593310277724139
"667962",1.37052551146815
"668039",0.0112570212587327
"668139",0.0176454257312494
"668158",0.00758972607246866
"668166",0.00261073272763645
"668171",0.0184557110302943
"668173",0.00566018365153102
"668212",0.00335551754907793
"668215",0.292527630775582
"668218",0.0134760140700588
"668225",0.0329071603760353
"668253",0.0203506169731518
"668257",0.134339462023912
"668272",0.0270710240670623
"668303",0.00848920000172938
"668310",0.432547211463765
"668489",0.168046292500143
"668501",0.00347931434898999
"668525",0.00495623812758377
"668548",0.0342884930868284
"668592",0.141809918026134
"668661",0.00197332987060739
"668829",0.0379666045116808
"668880",0.00511766083206207
"668894",0.059493366199337
"668917",0.0349776691414524
"668923",0.00343166699723166
"668929",0.0587822999979832
"668940",0.0188620162463851
"670507",0.404904524345855
"670593",0.44056312552986
"671535",0.017664363216936
"671650",0.0651030039802051
"672098",0.0661563492348564
"672511",0.00585508367626886
"673094",0.0580480369363242
"674895",0.00934483957090484
"675812",0.00306321763662221
"675921",0.206552174928236
"677044",0.373365957875192
"677884",0.00356048638305447
"751525",0.319061365802616
"751865",0.666377027837888
"767815",0.0830385420562608
"768252",0.17440450608555
"768271",0.106716430243844
"790910",0.0449278733187642
"790912",0.184007826362357
"791288",0.314634945011135
"791292",0.162688933615216
"791299",0.0656301115009552
"791303",0.0397418841181653
"791312",0.062134236337533
"791318",0.0694217288305462
"791338",0.109178395360672
"791370",0.0321919207674429
"791383",0.119768774828463
"791403",0.551604374234109
"791411",0.306830277868847
"791415",0.25
"791417",0.29403888117437
"100009600",0.0983532590045905
"100034251",0.191905679011506
"100034361",0.00173611111111111
"100034363",0.0382695196135825
"100034726",0.0236931513212798
"100034739",0.0278296305611254
"100034748",0.163309512943126
"100036521",0.00491188473371258
"100036523",0.062133855717154
"100036537",0.279357400065655
"100036568",0.647470869219182
"100036569",0.330254353643234
"100036768",0.0406351788510565
"100037258",0.00169073950048192
"100037260",0.0827692689100673
"100037262",0.10867109832917
"100037278",0.0424329139137875
"100037282",0.00724244484639785
"100037283",0.00887726821258603
"100037396",0.0351581894144172
"100038347",0.0016508117235822
"100038353",0.396825545186113
"100038356",0.0725493391099311
"100038363",0.38014016934567
"100038371",0.121404897473564
"100038378",0.129796878906865
"100038388",0.144219286569083
"100038392",0.0728030545909711
"100038411",0.0798592878193107
"100038433",0.116645479087126
"100038453",0.0266129165874791
"100038454",0.315262811998367
"100038460",0.136009530158515
"100038464",0.476840846501131
"100038467",0.298290653663553
"100038489",0.618758644456815
"100038492",0.0182350782985996
"100038497",0.110929705245666
"100038514",0.0480322076330019
"100038522",0.244713897006759
"100038526",0.136435769413873
"100038532",0.528339559769327
"100038538",0.0277777777777778
"100038560",0.0615685674231316
"100038566",0.225272974445882
"100038570",0.0154029591751436
"100038577",0.0374366034804693
"100038591",0.0674363401151712
"100038595",0.122828550207857
"100038599",0.107435630594839
"100038614",0.129059763641905
"100038636",0.320756941512082
"100038638",0.152054389384768
"100038653",0.189454149926238
"100038689",0.192797181042931
"100038699",0.0593852312193374
"100038700",0.162115291035801
"100038709",0.126864316200846
"100038712",0.0150033195210732
"100038713",0.0168913577617796
"100038725",0.00448131950404548
"100038732",0.0420261283789276
"100038735",0.0886650370361248
"100038739",0.0249913914650079
"100038743",0.0452283941770234
"100038746",0.00552830139955849
"100038755",0.0294563285742356
"100038847",0.112408665769463
"100038882",0.0804475830885903
"100038949",0.385355847114381
"100039027",0.0746507519271228
"100039045",0.406219399622344
"100039060",0.161056729146309
"100039062",0.140164075064756
"100039123",0.00650163489750038
"100039138",0.0183694881451344
"100039139",0.375036695789294
"100039184",0.140378338696067
"100039210",0.208741801118803
"100039222",0.35474209316014
"100039239",0.0191556369377232
"100039284",0.0231303197016787
"100039332",0.0357600759139644
"100039374",0.00607462374909335
"100039436",0.14435912698032
"100039440",0.374880018435607
"100039441",0.127551020408163
"100039495",0.0175331158713996
"100039596",0.0736271775451103
"100039636",0.0115383860649786
"100039674",0.549630061561694
"100039684",0.0230634844444444
"100039691",0.208840362822522
"100039707",0.0115468220991074
"100039731",0.0552800829898267
"100039781",0.054245944678168
"100039786",0.015625
"100039795",0.00187661036600096
"100039796",0.0441310118981079
"100039805",0.296722253813759
"100039815",0.0191688022264933
"100039830",0.0191688022264933
"100039837",0.210002465490211
"100039861",0.0391221416259545
"100039863",0.113455798809887
"100039864",0.00921130200409072
"100039899",0.0137049193668885
"100039901",0.0345295612598191
"100039957",0.041334831134137
"100039964",0.0227640591671765
"100039968",0.0365542291382155
"100040048",0.0886050313668937
"100040293",0.218529511222113
"100040294",0.125127457337067
"100040298",0.0482982415073445
"100040322",0.034771958803013
"100040328",0.585773878949658
"100040339",0.403517205706853
"100040421",0.105720996311849
"100040462",0.0206013923000632
"100040500",0.158310943776595
"100040507",0.098949948157225
"100040525",0.023138850786076
"100040529",0.0124746354531421
"100040531",0.043003830832666
"100040563",0.0224837045089537
"100040591",0.612567812189952
"100040599",0.15861253487091
"100040608",0.021227724910521
"100040671",0.0298554573867156
"100040724",0.0479064853792681
"100040769",0.0176991467701688
"100040792",0.0560864852464585
"100040807",0.379093353831219
"100040822",0.0147481577074734
"100040846",0.176756406994662
"100040852",0.099655503429936
"100040870",0.0572722624004675
"100040935",0.379093353831219
"100040944",0.00590650621451227
"100040970",0.0772195188728719
"100040972",0.129634343934325
"100040999",0.110680963176894
"100041085",0.401274991581069
"100041089",0.0250761783175426
"100041151",0.0223186709875391
"100041194",0.0578977660365061
"100041230",0.554888495927854
"100041231",0.0417758946053996
"100041239",0.218445909852825
"100041241",0.0234638644792676
"100041244",0.0256921993196757
"100041273",0.0276588540204275
"100041279",0.223954537751195
"100041286",0.0278502572715111
"100041289",0.0152409610902452
"100041294",0.223087675548334
"100041306",0.10595025
"100041339",0.220208476288332
"100041420",0.0070825923624187
"100041480",0.0117175045169519
"100041515",0.0750119861598233
"100041530",0.0548701648974832
"100041574",0.0134286821971485
"100041576",0.0945139169421559
"100041581",0.00541130076509353
"100041585",0.161249574464577
"100041586",0.565813481790084
"100041596",1.166718118544
"100041621",0.00768624507412272
"100041639",0.426721638016411
"100041677",0.0111089312579595
"100041694",0.20303978295328
"100041697",0.177786706299895
"100041734",0.02181588124196
"100041735",0.141840947649822
"100041781",0.0314557329038757
"100041874",0.0678624390932843
"100041879",0.150959470972453
"100041953",0.00270176023922671
"100041965",0.0353395620209405
"100041979",0.0239765500043346
"100042049",0.0935015999242147
"100042054",0.472813642618667
"100042056",0.127742259260774
"100042074",0.16162909485574
"100042100",0.153056365894832
"100042132",0.0976526051240544
"100042143",0.0559278899451124
"100042149",0.023200736809789
"100042150",0.0042427417278342
"100042165",0.00645369895400659
"100042166",0.275321455858629
"100042173",0.163731765169277
"100042178",0.0112176211879728
"100042194",0.0199881093935791
"100042198",0.579141114712104
"100042235",0.0439353991548495
"100042237",0.0531654951916131
"100042277",0.00508909640744378
"100042304",0.47887273234531
"100042332",0.069105355292942
"100042416",0.119612599130037
"100042450",0.00372293164904171
"100042458",0.0533501972455627
"100042480",0.00331006287044272
"100042484",0.469837950377985
"100042498",0.00331783322074296
"100042503",0.957270714645306
"100042519",0.0140233116949204
"100042533",0.397783577865015
"100042555",0.0761107482362723
"100042584",0.063563035247861
"100042678",0.123091365379319
"100042679",0.0123962175418574
"100042773",0.0750091702299245
"100042784",0.00512680565649491
"100042807",0.0926275992438563
"100042827",0.371232325003792
"100042856",0.0525406124763705
"100042875",0.0231721622259797
"100042880",0.0876737366354035
"100042889",0.535065157750343
"100042940",0.1302921216
"100042948",0.0672118708972925
"100042951",0.127741703357118
"100042958",0.0212342630730541
"100043040",0.0147974173390125
"100043070",0.159056314879307
"100043072",0.00943142499965491
"100043074",0.0776832074688025
"100043089",0.00987195532854477
"100043102",0.0556912149718298
"100043133",0.00968994140625
"100043143",0.0118927952315354
"100043150",0.619581946682239
"100043189",0.0240539062848492
"100043213",0.0158650837295211
"100043272",0.00277838021006079
"100043277",0.160200118105729
"100043305",0.15835453806824
"100043309",0.213287704157461
"100043314",0.00571726303789964
"100043332",0.171156809050293
"100043335",0.032137339710116
"100043381",0.0131407681317499
"100043387",0.00385869519641214
"100043403",0.00327905365144693
"100043407",0.0175570002911417
"100043424",0.33837412960827
"100043434",0.25
"100043450",0.0236843558024169
"100043461",0.320366674756733
"100043468",0.00184237028666143
"100043489",0.0139859641991937
"100043507",0.284693972026913
"100043580",0.267704389608779
"100043597",0.00396961068584746
"100043600",0.0907820003205934
"100043636",0.226788739521041
"100043682",0.0768958400693325
"100043718",0.0796607429007547
"100043757",0.00343160253492525
"100043766",0.0395445957409055
"100043772",0.00406264882654919
"100043813",0.0778583597899024
"100043831",0.0848781697563395
"100043902",0.528434376143411
"100043911",0.0202678210115193
"100043915",0.00975650734700194
"100043920",0.00695205020965347
"100044193",0.0182615047479912
"100044509",0.177158781096288
"100045066",0.103827160493827
"100045469",0.0145983743881267
"100045653",0.0424852464478873
"100045778",0.108033803103687
"100045792",0.39839632289572
"100047123",0.0282788324418619
"100047133",0.135744679768637
"100048534",0.0255881854594377
"100048658",0.338721042653603
"100048895",0.0223700198114434
"100048985",0.174863863112272
"100049077",0.265645087127588
"100049166",0.248902306484724
"100073351",0.0338728863595094
"100093714",0.0549988281294584
"100101457",0.0888216166371424
"100101806",0.0019673517169615
"100101807",0.00390625
"100101919",0.05179548156956
"100113364",0.331386295006544
"100113398",0.0556176473864653
"100124623",0.114642050168678
"100125929",0.201311067954643
"100125931",0.0195985236239012
"100125933",0.085020150257767
"100126034",0.0250842181419826
"100126227",0.057020858319352
"100126229",0.149112003791135
"100126243",0.00826564704245174
"100126795",0.206103488378852
"100126824",0.0130662127044437
"100127111",0.0549905829394533
"100141474",0.0251177668389622
"100169864",0.616621117970843
"100169865",0.161475780044413
"100169868",0.103688499254906
"100169871",0.0735623577005503
"100169874",0.0767012616025696
"100169878",0.180407576005257
"100188919",0.185869577120581
"100216343",0.34815449161415
"100216530",0.443605316066588
"100217414",0.163940902681482
"100217415",0.032215647600263
"100217417",0.200175747020603
"100217418",0.0378731307681833
"100217419",0.242971598183953
"100217420",0.570724047970837
"100217450",0.331123403795457
"100217451",0.0346242589328633
"100233175",0.00815992917187685
"100233208",0.00669605381974419
"100270707",0.0821239998105703
"100271841",0.0466094636194729
"100272219",0.0834069768585209
"100294583",0.0224352940527892
"100302498",0.0472627255331018
"100302648",0.117349608436148
"100302688",0.478576579154847
"100302730",0.00194661170814403
"100303731",0.109939061171219
"100303732",3.35303066593931
"100303747",0.317197028942439
"100306943",0.0163319355645025
"100306944",0.0283328150278241
"100306945",0.0244140625
"100306952",0.0238120850222351
"100306955",0.119462958791475
"100310809",0.00532160497692806
"100310813",0.378698224852071
"100310872",0.0195801801574737
"100313519",0.0443348556425998
"100313531",0.132475629232324
"100313943",0.066138417049964
"100316903",0.0599692305240829
"100379095",0.0280111054199074
"100379145",0.152265788874658
"100380944",0.0279807197719146
"100384868",0.0919640886965928
"100415787",0.0238974374564691
"100415915",0.0769060386106478
"100416706",0.00240020602005046
"100417675",0.00798477659980125
"100417829",0.701067416512132
"100500713",0.219030844660421
"100502590",0.36
"100502619",0.268627305175491
"100502624",0.0607983036473305
"100502630",0.115709629740551
"100502635",0.0777173313667829
"100502653",0.0926275992438563
"100502661",0.36443517056089
"100502670",0.118117096518429
"100502695",0.125261102496908
"100502698",0.00233129089310076
"100502700",0.110742583633202
"100502734",0.0569658293920919
"100502736",0.0382117266854982
"100502742",0.0871863638856641
"100502745",0.0586628051875152
"100502766",0.0461189490971905
"100502825",0.0635151736490423
"100502829",0.00982570646784793
"100502834",0.448082315948392
"100502841",0.00231361
"100502846",0.0322187015779933
"100502849",0.0552555236970821
"100502861",0.00659449507700755
"100502868",0.130363313452996
"100502874",0.0824226418761886
"100502876",0.0537011842955735
"100502920",0.153290876818389
"100502932",0.418090918488778
"100502933",0.16476400786236
"100502940",0.0460276642255028
"100502945",0.311419912706329
"100502946",0.23855512465374
"100502973",0.20333507081547
"100502982",0.0517172775885327
"100502985",0.0526319483265612
"100503002",0.0265948568101989
"100503003",0.0281400110745177
"100503007",0.0599719620109709
"100503019",0.0492402098008332
"100503040",0.0135548210019321
"100503041",0.0412570467216868
"100503043",0.00452855492091428
"100503044",0.195903428377053
"100503068",0.0275560169159071
"100503085",0.0036157033619548
"100503099",0.0244206126542398
"100503104",0.119714597775129
"100503120",0.107680519516894
"100503142",0.00472389540849911
"100503147",0.0652707159354722
"100503175",0.323439341712124
"100503178",0.0048217190928125
"100503185",0.0151534026939351
"100503199",0.0135098332026528
"100503240",0.238286416422612
"100503265",0.372532278062797
"100503272",0.0958049886621315
"100503289",0.0378446022244183
"100503307",0.13693629059787
"100503311",0.548509592423907
"100503323",0.333201136889418
"100503332",0.174574176892432
"100503338",0.0145846934940102
"100503353",0.00492688953950083
"100503355",0.129266759281231
"100503380",0.0134302210634021
"100503384",0.1005530493885
"100503386",0.0171376069267362
"100503390",0.0558403992048359
"100503392",0.0454968364742943
"100503393",0.0983379669535869
"100503427",0.25329045942187
"100503468",0.488910133362723
"100503471",0.0630546724004735
"100503496",0.121163880853772
"100503498",0.349610056515165
"100503519",0.103531483125773
"100503536",0.36326087673905
"100503538",0.0961992957091722
"100503565",0.321655606092065
"100503572",0.00209561427544539
"100503583",0.0213413988657845
"100503584",0.11538422776518
"100503592",0.0354775405166481
"100503594",0.509599474985767
"100503600",0.317786428296809
"100503605",0.0145079614834314
"100503609",0.0301610840414597
"100503619",0.128582673356782
"100503620",0.0590476788869545
"100503622",0.153275786851536
"100503630",0.257315314752973
"100503632",0.0340171495647247
"100503636",0.0659525283469887
"100503652",0.176839938185492
"100503659",0.00164896590578518
"100503670",0.00678751291322314
"100503676",0.369204701304944
"100503690",0.104648812602016
"100503704",0.0923327244631784
"100503754",0.144009108678691
"100503783",0.0734349329611272
"100503790",0.299801760347197
"100503799",0.0232126024900513
"100503802",0.00362649720983363
"100503823",0.0208618707551851
"100503827",0.310975147737488
"100503830",0.0261885914766014
"100503842",0.0324696025578193
"100503849",0.00624223962094349
"100503859",0.409211923930563
"100503866",0.277504445542164
"100503868",0.0194592885195179
"100503869",0.011311218752545
"100503884",0.00189777513069997
"100503890",0.0094040018400384
"100503915",0.162115877467716
"100503924",0.0190152549817881
"100503949",0.157366300116112
"100503962",0.132514194639716
"100503991",0.300319869048134
"100504007",0.18807004555587
"100504029",0.176303492296873
"100504049",0.0284799345169218
"100504056",0.0348645337498903
"100504061",0.0733942712707191
"100504101",0.0446426140516586
"100504104",0.0362114865940222
"100504112",0.502690824528372
"100504114",0.0291306009623922
"100504116",0.00263741746782266
"100504121",0.0844006666560848
"100504141",0.041690806495135
"100504156",0.0408679674965064
"100504166",0.0203980145787454
"100504178",0.244148223425235
"100504191",0.0375324636755786
"100504221",0.0918716373748487
"100504234",0.321807286757464
"100504235",0.407136424724886
"100504262",0.0295845222695115
"100504263",1.10573192247799
"100504267",0.0895576531133909
"100504285",0.102829627504843
"100504291",0.0497399895620463
"100504309",0.0239724924053284
"100504312",0.0936220530925012
"100504323",0.26505343943659
"100504333",0.517668462872178
"100504347",0.551758544547192
"100504350",0.0296917615884537
"100504360",0.0431788036765691
"100504361",0.584235874835835
"100504375",0.298371199382148
"100504412",0.042991087315427
"100504421",0.0273597817877538
"100504425",0.220552803004702
"100504446",0.240059974438834
"100504455",0.0139752719187549
"100504467",0.0385390920152882
"100504477",0.236763764870755
"100504486",0.0367940802716287
"100504491",0.0302179085377303
"100504501",0.0436724033945213
"100504512",0.116608571853904
"100504518",0.0917278111408242
"100504539",0.0547317642999456
"100504549",0.276571910579832
"100504561",0.160242355356734
"100504568",0.289969328367052
"100504586",0.00774620415601067
"100504601",0.0733617691727636
"100504616",0.221324153644101
"100504626",0.114926771729953
"100504632",0.0837900550031795
"100504637",0.163385025240121
"100504641",0.0479206413894936
"100504661",0.327768446341959
"100504663",0.00458441840277778
"100504687",0.00747642004179727
"100504703",0.1936
"100504710",0.486174809804162
"100504714",0.125620894087486
"100504715",0.00486618756503642
"100504720",0.0450363600823328
"100504727",0.366274391707172
"100504734",0.0282477825984816
"100504740",0.0618389787337405
"100505025",0.107497984412792
"100505034",0.0536328298437666
"100505386",0.0153784101504228
"100505397",0.0364903176680547
"100526796",0.0751971126745881
"100532730",0.192009390786422
"100534287",0.0210360701590816
"100534296",0.582409972299169
"100568458",0.0571550979547126
"100568459",0.0531366780579788
"100616095",0.0437775147928994
"100689703",0.0129435564002874
"100859931",0.0216221229244632
"100861531",0.051731006566043
"100861615",0.201920574923181
"100861618",0.7011153422205
"100861668",0.0216564492613016
"100861698",0.0297174868121696
"100861749",0.0833609454111512
"100861870",0.524499826395587
"100861998",0.132771095433697
"100862066",0.10808509710996
"100862085",0.0760542645020674
"100862203",0.00608108695509354
"100862247",0.25904785357635
"100862261",0.00677686957711431
"100862268",0.0383037070966138
"100862349",1.12997076236598
"100862375",0.00356335901707622
"100862388",0.851042990077922
"100873092",0.235760773251571
"101055656",0.161209973126345
"101055670",0.337958053496423
"101055671",0.331305391564394
"101055754",0.303321452439296
"101055840",0.0311418685121107
"101055907",0.0388002543039506
"101055983",0.0092627616908404
"101056014",0.0159488255925178
"101056032",0.0232283018955688
"101056047",0.0098675023836589
"101056072",0.241983420500149
"101056084",0.416217737183144
"101056205",0.0602808207571348
"101056408",0.122059941651866
"101243624",0.0896628002099342
"101488143",0.014790971893077
"101669761",0.130181448602056
"102216272",0.00428177087743648
"102238433",0.265209250998326
"102443350",0.0040728010490178
"102443351",1.10993407069344
"102631515",0.0752180175653674
"102631518",0.398178562817923
"102631543",0.0177201045707539
"102631545",0.0477652807029917
"102631558",0.14756025972217
"102631562",0.100750344812873
"102631584",0.0661181481926419
"102631586",0.0525686957461153
"102631604",0.0957944534056543
"102631606",0.254500190940317
"102631611",0.106237484671762
"102631618",0.0706850517198797
"102631622",0.304375533713181
"102631635",0.32883056640625
"102631637",0.128352916844713
"102631647",0.0676245885239397
"102631656",0.241001437834943
"102631665",0.0378558649178248
"102631666",0.0503378514955284
"102631674",0.115408274720334
"102631705",0.0185631868676522
"102631706",0.114783958911882
"102631709",0.257222716962534
"102631725",0.11667595381943
"102631731",0.0286060367676966
"102631739",0.121687398593834
"102631761",0.131742112482853
"102631780",0.225125117644591
"102631782",0.37008735289656
"102631791",0.218959186988444
"102631795",0.172510754518131
"102631796",0.0170681581685744
"102631805",0.106603468716069
"102631806",0.0705674184726155
"102631812",0.0274456100285689
"102631813",0.0506030725503384
"102631824",0.193391799065499
"102631828",0.110471289264801
"102631829",0.185347571798247
"102631845",0.0501052605752256
"102631855",0.0453709103340103
"102631859",0.107752674432824
"102631865",0.0977495001737288
"102631866",0.027783951646243
"102631869",0.202545718801006
"102631874",0.250308622895133
"102631885",0.107191039081732
"102631887",0.506784683847621
"102631889",0.0115512271814132
"102631890",0.152712270935123
"102631898",0.0502558941150468
"102631903",0.261915680028901
"102631905",0.228069240581418
"102631909",0.0324648973297622
"102631912",0.00950251268941143
"102631932",0.160253487615945
"102631933",0.0445641499645542
"102631936",0.160339986243991
"102631937",0.241692664259392
"102631948",0.182789824840328
"102631958",0.0365342092613363
"102631959",0.195192834527983
"102631968",0.203209281418563
"102631979",0.0516213920946189
"102631989",0.0210187369675653
"102631992",0.0683154290611284
"102632007",0.105625708896186
"102632008",0.0230241157338738
"102632019",0.00781725392859815
"102632031",0.0203541138608298
"102632040",0.36
"102632048",0.114150593191219
"102632053",0.252937695124215
"102632061",0.525010772766446
"102632075",0.479407377873188
"102632081",0.0222080447519829
"102632087",0.123989618332123
"102632093",0.137443010813971
"102632094",0.0214161039155646
"102632096",0.314322535076244
"102632114",0.238178029741738
"102632116",0.19004666110184
"102632130",0.114760784422817
"102632132",0.0546032902957101
"102632141",0.194374359236843
"102632148",0.0306599333501187
"102632154",0.403423008692616
"102632163",0.0602035243714741
"102632165",0.271949057688179
"102632174",0.46784462376978
"102632177",0.43119232256995
"102632200",0.0625435767809669
"102632231",0.467703924711438
"102632232",0.0630811991316954
"102632234",0.0193541122995354
"102632238",0.0473651685981478
"102632244",0.150039555813616
"102632262",0.0707365801238228
"102632268",0.02285299578969
"102632284",0.117621759699722
"102632286",0.0827112494257986
"102632297",0.261703817549272
"102632313",0.191391353122878
"102632331",0.0983812820433333
"102632340",0.00688458116904466
"102632341",0.246769490615523
"102632348",0.0731921628851087
"102632352",0.06257131039411
"102632353",0.0753224849210141
"102632357",0.272093937174024
"102632375",0.274070449688651
"102632377",0.0512300215487542
"102632389",0.20602997568697
"102632394",0.030627560779312
"102632403",0.11108484215651
"102632414",0.217466364826553
"102632415",0.0595002782384323
"102632417",0.0455164579682289
"102632418",0.141606672413165
"102632420",0.33505173532803
"102632429",0.229492365149267
"102632435",0.040629671674433
"102632436",0.0479207572936183
"102632438",0.1004114369136
"102632440",0.152568692456468
"102632444",0.0426411008875732
"102632457",0.222528711756579
"102632462",0.0128190010227294
"102632463",0.00948604618507694
"102632477",0.096881715714223
"102632479",0.0413507343301678
"102632484",0.174876033057851
"102632488",0.075787139292674
"102632492",0.142710978414939
"102632496",0.388369012802059
"102632513",0.156321961976678
"102632514",0.194841956688809
"102632516",0.069561639524843
"102632522",0.08212896190505
"102632532",0.086760905000335
"102632538",0.0383657081913887
"102632545",0.0562511655541384
"102632568",0.143655863129566
"102632589",0.312894898490636
"102632590",0.208096644141827
"102632594",0.14615415003379
"102632597",0.289484478712369
"102632605",0.0213641019425759
"102632621",0.111676561145295
"102632635",0.0221113583283813
"102632638",0.110061296855239
"102632664",0.209281508843273
"102632666",0.0884767552905489
"102632668",0.498066517763355
"102632669",0.139465893961939
"102632681",0.164347743945892
"102632686",0.0444566503878196
"102632693",0.129266194600914
"102632708",0.676433236841344
"102632722",0.0966175803476111
"102632727",0.0644598480393398
"102632737",0.33855569349084
"102632785",0.261887394419486
"102632789",0.150201626638277
"102632805",0.0937548079734099
"102632812",0.0135602803542053
"102632820",0.227135513352634
"102632821",0.127110429993225
"102632823",0.234256444087835
"102632827",0.23302995016723
"102632833",0.0254366007365288
"102632839",0.00738596627007859
"102632843",0.0291805471697988
"102632845",0.125742521539541
"102632854",0.122949807926634
"102632865",0.167489497619268
"102632874",0.120941195241236
"102632875",0.210402861492927
"102632893",0.021760093135122
"102632900",0.117948930447392
"102632901",0.445928150454762
"102632914",0.0921663223058732
"102632922",0.102553231058092
"102632924",0.162047866178628
"102632926",0.122357184506456
"102632932",0.258821489074417
"102632934",0.372969089502769
"102632938",0.115759190680544
"102632948",0.287842840166927
"102632954",0.0438971639330455
"102632962",0.319151627593186
"102632964",0.472003718046595
"102632966",0.0276681910270421
"102632986",0.0822881982146581
"102632990",0.0423740337935602
"102632992",0.606026245386851
"102632993",0.358165315933774
"102632994",0.278715259968718
"102633000",0.200044897387974
"102633002",0.378372536995993
"102633004",0.0824923907137885
"102633006",0.0386813801092024
"102633007",0.306300767422316
"102633009",0.111089055409491
"102633038",0.138088510297421
"102633048",0.210919067215364
"102633052",0.109564937454564
"102633060",0.0832811526382006
"102633068",0.0907390534309337
"102633070",0.102267464825404
"102633075",0.120925787308118
"102633078",0.100379840077127
"102633093",0.0178854534900497
"102633097",0.259567891224131
"102633145",0.030886003398789
"102633149",0.00819299529500833
"102633151",0.00700056093912591
"102633152",0.232323837450496
"102633156",0.0109592943744478
"102633159",0.392238259743169
"102633171",0.166131836484868
"102633177",0.0699641765058343
"102633185",0.0886955865090247
"102633190",0.229160716577572
"102633194",0.44951337502611
"102633199",0.0159813515200636
"102633203",0.435995340046786
"102633211",0.378730769082441
"102633214",0.369964178827772
"102633226",0.0386221135641985
"102633233",0.218959453032105
"102633239",0.0717937242204024
"102633240",0.120790537920561
"102633245",0.0229352615396273
"102633260",0.309399843593829
"102633266",0.553437674991451
"102633270",0.051390052627312
"102633277",0.069116724166571
"102633283",0.183185365778373
"102633286",0.132082201692747
"102633291",0.045489125791571
"102633300",0.0275731539603219
"102633302",0.149428687056876
"102633317",0.379761592234108
"102633321",0.412093229119312
"102633322",0.0521311769580944
"102633331",0.195907427581247
"102633345",0.316946640342157
"102633348",0.160644217941293
"102633360",0.073625507492826
"102633372",0.292482299042066
"102633373",0.0929863626846806
"102633388",0.101946889558435
"102633396",0.331370745161885
"102633407",0.323005576362052
"102633417",0.300424384525576
"102633419",0.0683180025334617
"102633422",0.0181621027419026
"102633424",0.00834417692734868
"102633428",0.242769883975912
"102633432",0.0124440113919212
"102633433",0.205586932561251
"102633437",0.0856104252400549
"102633439",0.196441156437429
"102633445",0.208326478227564
"102633458",0.0973836096432103
"102633464",0.0131057640124329
"102633471",0.0151773648960767
"102633474",0.26655611459727
"102633475",0.211095947772771
"102633480",0.0267628370752325
"102633492",0.00600925425154738
"102633496",0.348471894353135
"102633498",0.255640748403414
"102633503",0.0537900984239417
"102633513",0.0458895367811793
"102633516",0.0270649392665419
"102633518",0.0541626367196606
"102633550",0.571259857705613
"102633551",0.0283818560542562
"102633555",0.0971248881171044
"102633560",0.00559805393095595
"102633572",0.0770171311569379
"102633573",0.0565768635773553
"102633579",0.0154677712475111
"102633591",0.35478185569386
"102633593",0.0884031739473496
"102633600",0.135830603386499
"102633603",0.199336051319765
"102633607",0.232009767329399
"102633616",0.234215544463455
"102633618",0.105079071159367
"102633622",0.322721615361198
"102633623",0.0397218474728982
"102633624",0.467476818651909
"102633625",0.111111111111111
"102633634",0.18242452464121
"102633636",0.319649388370991
"102633638",0.039541175445905
"102633661",0.322641143803514
"102633665",0.159849694700638
"102633669",0.069562651990603
"102633673",0.0663874685496307
"102633676",0.0120658272705308
"102633689",0.215622756274108
"102633699",0.355714802697037
"102633721",0.220421552754936
"102633730",0.0435536290694152
"102633750",0.0211829350533987
"102633762",0.255490032393807
"102633763",0.0356922549965238
"102633785",0.144324790914646
"102633788",0.425844963079928
"102633796",0.456700322792225
"102633812",0.0763504155124654
"102633818",0.0797507099508872
"102633826",0.3549180254831
"102633833",0.0964428126233445
"102633836",0.023155095576382
"102633861",0.219941970126399
"102633868",0.0329934894126551
"102633871",0.241909153370346
"102633874",0.4051067904
"102633880",0.0326768450904978
"102633882",0.385463305033627
"102633888",0.0107015457788347
"102633899",0.128152252795646
"102633900",0.0372078641552217
"102633901",0.391649273651345
"102633905",0.31265335876371
"102633908",0.35354273192111
"102633913",0.0270708431745439
"102633923",0.0768477869803117
"102633925",0.306316996954234
"102633930",0.0490692354978686
"102633936",0.397397361933627
"102633939",0.00688820400676452
"102633943",0.108023529672691
"102633946",0.253116230412894
"102633951",0.181892156068794
"102633974",0.118036467013038
"102633986",0.0739305395755716
"102633993",0.306417152588995
"102633994",0.16784426810756
"102634000",0.0327420083568431
"102634002",0.170036553533767
"102634008",0.355541838663632
"102634011",0.0248118887452225
"102634017",0.092135423710593
"102634037",0.246612910213763
"102634042",0.226989459768043
"102634044",0.0416966922137905
"102634049",0.0658034026465028
"102634055",0.499087533271117
"102634056",0.206019257256114
"102634058",0.0337023836043662
"102634060",0.369831620170105
"102634064",0.110513818319385
"102634072",0.0157633173780215
"102634073",0.412858005649667
"102634076",0.0261911038353323
"102634078",0.0266881210083786
"102634096",0.564464168999574
"102634115",0.217273307660089
"102634132",0.0248887182454645
"102634140",0.0489555999920081
"102634155",0.132365820609426
"102634160",0.0960562160393217
"102634165",0.0653855435193995
"102634191",0.478868111917716
"102634195",0.365059471091541
"102634197",0.385613151924097
"102634200",0.0983119016255048
"102634213",0.0534058929921894
"102634229",0.0948462784238689
"102634251",0.186097108934701
"102634280",0.0560393059625809
"102634286",0.0672428797793122
"102634288",0.0769596485253958
"102634293",0.0290753985405513
"102634296",0.211753267638307
"102634309",0.0739351092033834
"102634310",0.0181517257811675
"102634330",0.491840806080657
"102634331",0.123273914259955
"102634333",0.0108519298293459
"102634341",0.26485720183849
"102634351",0.0390515464039587
"102634363",0.795624224585163
"102634392",0.17613403697713
"102634407",0.449783068593352
"102634420",0.494499469215323
"102634428",0.0556689426474717
"102634429",0.52317661609624
"102634431",0.0289423874838792
"102634445",0.111111111111111
"102634450",0.107266124076815
"102634456",0.0631392398662914
"102634461",0.185450418181038
"102634481",0.0163116775712373
"102634487",0.0785905513500572
"102634496",0.0401581026127275
"102634502",0.00961016504815341
"102634512",0.0174528500246027
"102634524",0.274723268703655
"102634533",0.141013254982936
"102634534",0.0141975128581015
"102634544",0.424877247637051
"102634545",0.288488419197973
"102634561",0.0459827013038108
"102634563",0.297408013992365
"102634584",0.28110846562934
"102634592",0.0387248964905127
"102634594",0.0667790359056046
"102634598",0.082899484235338
"102634628",0.466699627844431
"102634630",0.333070217841518
"102634634",0.156405335531088
"102634642",0.035648172262644
"102634646",0.264581141038017
"102634650",0.0813672531185153
"102634652",0.396060444444444
"102634653",0.217528211515188
"102634668",0.175477091833588
"102634676",0.0370957344487145
"102634683",0.277141503328402
"102634686",0.0861822994635393
"102634688",0.0787956577203266
"102634692",0.293478822656754
"102634702",0.299477245881329
"102634715",0.0433279483484006
"102634716",0.231586392057883
"102634719",0.407408136195974
"102634735",0.0264442309371997
"102634737",0.180556600871578
"102634738",0.203869010187
"102634739",0.0255449667363228
"102634746",0.18513208009502
"102634755",0.0170229059937345
"102634756",0.0144285219043777
"102634757",0.319542805219959
"102634762",0.3481
"102634765",0.270499086181978
"102634769",0.179024572716013
"102634772",0.0922990282743246
"102634775",0.068253077879641
"102634778",0.211201136424112
"102634780",0.08079611559392
"102634811",0.0426746943798668
"102634812",0.137959183673469
"102634818",0.0661716705611404
"102634820",0.368666929651545
"102634821",0.0750529650731942
"102634823",0.309494918072269
"102634839",0.570963772656705
"102634841",0.2029373569588
"102634848",0.48937025429786
"102634849",0.255651346360314
"102634850",0.0111900606360532
"102634858",0.127672314659564
"102634871",0.268904399387483
"102634873",0.0848014208512764
"102634874",0.548201519498189
"102634887",0.3995095147739
"102634888",0.058406610169645
"102634895",0.418359567568032
"102634904",0.0780915320883663
"102634906",0.23326146896746
"102634911",0.294031180707004
"102634912",0.428775840392473
"102634913",0.192922855475476
"102634922",0.0234599860812256
"102634926",0.12062877818153
"102634931",0.125729588794394
"102634933",0.012706028713028
"102634944",0.078758490577943
"102634949",0.0347054590312769
"102634954",0.477102808410279
"102634962",0.093126066177989
"102634983",0.0145616262336092
"102634986",0.167074771916443
"102634987",0.178484414222324
"102635017",0.139863837662767
"102635047",0.0135740877164282
"102635054",0.165082831561363
"102635066",0.0315690086535971
"102635069",0.0176928183878574
"102635071",0.014408665563216
"102635085",0.0464488210426059
"102635104",0.171506812673188
"102635108",0.0433969540512703
"102635113",0.456600955594908
"102635128",0.624464707075337
"102635129",0.055937718732013
"102635131",0.656480012365829
"102635133",0.00613696978594027
"102635134",0.121408405389295
"102635136",0.232901416336045
"102635137",0.125722355605458
"102635160",0.181595945566854
"102635170",0.0465495402514543
"102635171",0.0780686381027572
"102635173",0.0630411919227472
"102635174",0.222007022500879
"102635181",0.0318094709537374
"102635182",0.112704081632653
"102635185",0.0854619211758585
"102635192",0.021411279752378
"102635198",0.0263674207304658
"102635200",0.0546076785797124
"102635206",0.425440991479853
"102635210",0.501402676256645
"102635226",0.047045745140284
"102635231",0.226341491903554
"102635242",0.29588817775631
"102635243",0.15878404493803
"102635257",0.0447155203271768
"102635259",0.313648578731242
"102635262",0.0883161143441866
"102635265",0.128521829718984
"102635268",0.045180076011985
"102635272",0.160923185967764
"102635276",0.0631843358851014
"102635278",0.0226927186061802
"102635280",0.173204159629434
"102635290",0.0817344271998292
"102635305",0.0312536740791244
"102635315",0.00592891659173585
"102635316",0.245373773610713
"102635323",0.0272388673116305
"102635336",0.0694582944185138
"102635337",0.127213081108612
"102635346",0.277794737941379
"102635347",0.165385376851494
"102635354",0.0483505479700948
"102635359",0.167693634314596
"102635362",0.120518828412392
"102635366",0.0453801474423438
"102635380",0.201260399478753
"102635384",0.516755190492885
"102635387",0.0861415374306616
"102635392",0.390951932741457
"102635416",0.36777970687975
"102635426",0.379089990951662
"102635429",0.0607571745664231
"102635432",0.0153627067572184
"102635453",0.0168535800913574
"102635458",0.0191533065049899
"102635461",0.115867628244007
"102635479",0.0742797194326652
"102635484",0.105174014659969
"102635493",0.212940912179174
"102635498",0.240712890625
"102635500",0.0813617034675074
"102635502",0.0764203494822485
"102635503",0.0366423162150448
"102635509",0.102856293530805
"102635522",0.0324516070229401
"102635534",0.27065509292629
"102635539",0.13065118895673
"102635541",0.017968344226108
"102635549",0.263660974601418
"102635550",0.0999032899564919
"102635552",0.00904333287804245
"102635553",0.0254722844445964
"102635561",0.0446809706846503
"102635566",0.261487029416248
"102635597",0.0389117370393862
"102635605",0.0442514812109407
"102635609",0.47368394946112
"102635624",0.0901547056010203
"102635630",0.101301884610938
"102635632",0.0469307610095701
"102635635",0.0742123871787214
"102635639",0.0590265376495515
"102635643",0.294773823112778
"102635648",0.278907945313574
"102635654",0.423141690832756
"102635656",0.0265294995408632
"102635661",0.106249407816452
"102635671",0.338088544116673
"102635680",0.394394993512059
"102635685",0.203949482929812
"102635688",0.158234433826921
"102635698",0.0216384929400714
"102635699",0.00748631575602887
"102635707",0.297520661157025
"102635712",0.0629641242116599
"102635731",0.187417483351215
"102635736",0.142405488727952
"102635744",0.659474798432503
"102635756",0.0452017929953085
"102635772",0.18883802527343
"102635775",0.174008418026632
"102635776",0.354313206465756
"102635778",0.369113563545746
"102635780",0.269471765727269
"102635781",0.0498942613042367
"102635783",0.019344401739364
"102635786",0.0637294787489122
"102635792",0.194280284639979
"102635797",0.216414142927576
"102635798",0.131646218488508
"102635799",0.0304230673870388
"102635802",0.384811728448202
"102635803",0.133481813180185
"102635826",0.268438216876434
"102635832",0.0667291217558821
"102635843",0.0637356459332058
"102635846",0.278726474508358
"102635853",0.117977315689981
"102635867",0.0262226198588887
"102635868",0.111111111111111
"102635873",0.261017487938497
"102635879",0.0558885557349552
"102635882",0.0558002964822132
"102635884",0.147288869369023
"102635898",0.298767369294272
"102635912",0.215441890672889
"102635921",0.140416065487861
"102635935",0.340277777777778
"102635944",0.0391826737592785
"102635948",0.0951259591303055
"102635952",0.398108139934617
"102636000",0.0925137245295991
"102636011",0.146416543055518
"102636015",0.327320708445212
"102636019",0.0556912977331272
"102636024",0.260321399858569
"102636025",0.315082018924465
"102636035",0.0541954178930026
"102636037",0.174964125473798
"102636041",0.237841691650448
"102636042",0.210047897865956
"102636048",0.01091780704004
"102636049",0.0171529710034856
"102636055",0.0516943808274293
"102636058",0.149511111111111
"102636066",0.029963209737536
"102636078",0.0983946689213243
"102636082",0.189833653010528
"102636088",0.024403859151454
"102636095",0.532522346171167
"102636107",0.0947551599220159
"102636111",0.399001444304823
"102636118",0.249264951951354
"102636130",0.05161984
"102636131",0.150638614496577
"102636146",0.0794311230345725
"102636149",0.495543647454696
"102636154",0.0732816582717699
"102636155",0.397122171303714
"102636164",0.0377143990917675
"102636167",0.1390974806586
"102636175",0.167055328952628
"102636178",0.233221673421569
"102636179",0.161803275194429
"102636180",0.0433480281423838
"102636221",0.0475826698986022
"102636224",0.0806354237951548
"102636238",0.0186214828992412
"102636239",0.0364334899986775
"102636256",0.0509905389129834
"102636258",0.141843721734647
"102636262",0.0450024959180195
"102636277",0.179390270923056
"102636280",0.377784279451829
"102636299",0.10956352352152
"102636304",0.185696991272797
"102636309",0.0272177128805173
"102636313",0.0292117135899314
"102636333",0.256557370872647
"102636338",0.0833080542276411
"102636354",0.0912156249168646
"102636359",0.141012984365262
"102636362",0.0128806423453234
"102636367",0.112358039671824
"102636372",0.0354263651948555
"102636382",0.0705429871876841
"102636387",0.160678127551449
"102636397",0.0464685534552956
"102636400",0.198882933199651
"102636409",0.104563096560481
"102636414",0.018595041322314
"102636425",0.247976031989798
"102636431",0.131341984809617
"102636446",0.172238952467853
"102636458",0.323194433742485
"102636467",0.21054924851331
"102636474",0.0412478059012878
"102636476",0.0574236495098357
"102636479",0.120903447644184
"102636490",0.0482697764396322
"102636498",0.115967859751644
"102636516",0.22001904374883
"102636520",0.327269635049503
"102636542",0.367811448298529
"102636545",0.0562181380492473
"102636546",0.0342306577261547
"102636547",0.100074889053254
"102636549",0.0485412794189139
"102636561",0.219210993902829
"102636562",0.203081326770879
"102636563",0.322471318672161
"102636564",0.156279411174739
"102636570",0.0813467473081262
"102636578",0.0345029855530669
"102636582",0.0616300583542294
"102636587",0.120379376027573
"102636598",0.0386542883134895
"102636604",0.139094167735302
"102636611",0.136403056286784
"102636625",0.20417469996916
"102636640",0.0136823035854864
"102636641",0.0280236404038387
"102636664",0.0324401196948472
"102636677",0.0567080070976835
"102636700",0.0233025403313527
"102636702",0.0698644538372431
"102636714",0.127033128145083
"102636716",0.0500433470507545
"102636729",0.0480186645408703
"102636737",0.345115032802135
"102636745",0.0355386744537096
"102636754",0.0697042610009706
"102636765",0.0444805363820538
"102636781",0.225346554541374
"102636795",0.0930483859164628
"102636797",0.40533555870575
"102636799",0.0519155426179721
"102636803",0.0194501686795875
"102636808",0.0356325291675022
"102636820",0.300150310914149
"102636830",0.332728111290129
"102636836",0.00576405532179488
"102636848",0.292482299042066
"102636849",0.268573053473079
"102636879",0.297750984865186
"102636884",0.0851916078590624
"102636892",0.0355998576005696
"102636896",0.0166262148542143
"102636903",0.160344848130844
"102636905",0.030991704213114
"102636907",0.350219792151176
"102636909",0.282009590328506
"102636910",0.0376946161953658
"102636915",0.0359721433440588
"102636917",0.265621301775148
"102636923",0.0663422792318538
"102636944",0.228175269514923
"102636945",0.209398332223916
"102636988",0.0849450623703069
"102636991",0.0937983769039965
"102637008",0.180934156982381
"102637025",0.031525407587599
"102637028",0.0675616918798127
"102637037",0.161110662799314
"102637038",0.144316265585988
"102637062",0.48427057807975
"102637075",0.105356150513138
"102637087",0.00308527695211386
"102637100",0.0590181897819973
"102637112",0.138829255203296
"102637142",0.306592726605638
"102637145",0.344998337958145
"102637151",0.250505816765001
"102637178",0.0351251589115359
"102637184",0.123272179484056
"102637188",0.416534982154886
"102637190",0.337348447324502
"102637203",0.0822639004605766
"102637204",0.531193625169291
"102637206",0.105804737091412
"102637216",0.0413444444444445
"102637221",0.198670720858353
"102637229",0.468809883915387
"102637233",0.145165738308875
"102637243",0.0918317399427678
"102637245",0.462522688549527
"102637250",0.156290815113496
"102637251",0.123184790941701
"102637256",0.0537741423923487
"102637266",0.203906199713781
"102637283",0.295482824062059
"102637289",0.109332545642446
"102637304",0.131989702517269
"102637308",0.0838538483326128
"102637311",0.147648427063792
"102637315",0.03829936111777
"102637336",0.0934521732127037
"102637343",0.0356797908237503
"102637345",0.339598241696144
"102637351",0.136087187008415
"102637354",0.360330123779081
"102637366",0.0164068663304795
"102637368",0.196046233125272
"102637370",0.0710622626762747
"102637398",0.0817218609442643
"102637404",0.231139053254438
"102637406",0.253202296336243
"102637422",0.0238517613034988
"102637427",0.0361884261763115
"102637436",0.258082247917182
"102637438",0.0336378024827902
"102637439",0.426140388332219
"102637448",0.351444546967895
"102637452",0.0566428280733575
"102637464",0.0193298764054597
"102637465",0.17329666949828
"102637485",0.268213786709346
"102637489",0.0831177061718621
"102637491",0.0748598288521823
"102637500",0.436956480300198
"102637505",0.319159819107257
"102637508",0.118003083299138
"102637514",0.0471519575852721
"102637515",0.0146628743675465
"102637517",0.027348783793709
"102637537",0.0509775165093371
"102637542",0.0601767612996471
"102637546",0.298583104586464
"102637555",0.217404514243599
"102637557",0.221988967979879
"102637563",0.0794473828650478
"102637567",0.360408278957842
"102637571",0.178186895219848
"102637572",0.415731084101805
"102637576",0.116189827671203
"102637582",0.341109891190395
"102637583",0.22247123513395
"102637611",0.311345088175532
"102637619",0.10543633036689
"102637627",0.0271028084727626
"102637640",0.0875982537420358
"102637642",0.0713220389388124
"102637643",0.181412894375857
"102637648",0.039421731025121
"102637660",0.169029373188028
"102637664",0.0797240971054377
"102637665",0.0700182668895613
"102637672",0.163194596728214
"102637674",0.20763423315367
"102637682",0.476962890625
"102637683",0.141771099385518
"102637693",0.0181739277970891
"102637696",0.33117445396092
"102637707",0.155635985917147
"102637710",0.176979785969084
"102637719",0.121346571797022
"102637720",0.109024563901744
"102637721",0.0348658508048203
"102637730",0.245576459960176
"102637735",0.127735276101604
"102637753",0.396274057135097
"102637759",0.260958027515794
"102637763",0.152842152334157
"102637775",0.0636177125800174
"102637782",0.038511718177969
"102637785",0.0917528747061064
"102637787",0.145074469962631
"102637790",0.330144589980481
"102637792",0.156630309074897
"102637797",0.0664081113084115
"102637809",0.0898266892766136
"102637814",0.0756832066555329
"102637822",0.121534633208164
"102637825",0.0386630475950006
"102637845",0.0685630064489648
"102637854",0.239558990788453
"102637865",0.00729600694444444
"102637873",0.199641780034319
"102637874",0.353596570232514
"102637887",0.0596112896836824
"102637893",0.469782342437215
"102637894",0.0982890365067992
"102637903",0.2736874355303
"102637926",0.0984730592148487
"102637931",0.0130999741698504
"102637932",0.248123834021143
"102637935",0.243175753789287
"102637946",0.0425193468117183
"102637953",0.134936592607272
"102637959",0.0183567222041922
"102637966",0.0559921485401589
"102637972",0.279088235786346
"102637975",0.0769663271181616
"102638005",0.0929516825412902
"102638015",0.252491721194084
"102638016",0.108620768734754
"102638037",0.165799006134788
"102638038",0.0125760533245772
"102638074",0.0452934794138384
"102638076",0.452442868843348
"102638082",0.125463602555813
"102638083",0.103162207504956
"102638091",0.296922961795689
"102638093",0.222810796784451
"102638094",0.338587141760248
"102638099",0.176788999588348
"102638113",0.113617209092998
"102638115",0.420003698224852
"102638117",0.0884851595718844
"102638120",0.00553240898845707
"102638121",0.450642473142815
"102638135",0.100379606152064
"102638141",0.204338687323522
"102638151",0.0609747411912951
"102638167",0.110372872905168
"102638168",0.202690722852629
"102638172",0.0240582176239886
"102638174",0.0466652607385302
"102638175",0.0378618748331675
"102638195",0.305968880398531
"102638216",0.311262281767281
"102638221",0.232401070173931
"102638224",0.0846884723474311
"102638241",0.412656745884717
"102638242",0.156638032548279
"102638245",0.0230274503738336
"102638251",0.07660395421436
"102638253",0.218366867966403
"102638261",0.329146821053914
"102638268",0.0918049923862348
"102638270",0.0810752850355125
"102638275",0.127389075921127
"102638296",0.0291763330898466
"102638309",0.259313025560272
"102638313",0.0340699605617001
"102638318",0.024425213160846
"102638326",0.121840512637949
"102638331",0.484986873606556
"102638347",0.0781950586171231
"102638354",0.0532544378698225
"102638362",0.0239366670419644
"102638376",0.0897363554730138
"102638384",0.07396623434813
"102638392",0.166278590857186
"102638401",0.518085777904151
"102638402",0.172309195110978
"102638403",0.255290858725762
"102638405",0.117770025522147
"102638414",0.0471151903640682
"102638425",0.00599732758136651
"102638432",0.0236975649766827
"102638434",0.536680396814371
"102638468",0.0991837027308599
"102638470",0.145148185276363
"102638484",0.0160975539036861
"102638508",0.284141700462733
"102638522",0.330970215565672
"102638528",0.148892660056704
"102638533",0.187579378569795
"102638542",0.155282435417472
"102638544",0.386035010467697
"102638546",0.181516607037119
"102638554",0.176023826016982
"102638556",0.0826383201530235
"102638565",0.202709522327883
"102638567",0.176841325806984
"102638568",0.0278392573082432
"102638587",0.219131769461246
"102638588",0.14401262570126
"102638598",0.414863277833071
"102638603",0.232025627273977
"102638607",0.00744021942694248
"102638629",0.177129362725324
"102638631",0.137906226835543
"102638638",0.374125865508447
"102638644",0.31797224146616
"102638647",0.0280629896146443
"102638654",0.452484946112302
"102638658",0.115759213363402
"102638659",0.109847439238626
"102638670",0.362467154404528
"102638682",0.108333009165568
"102638686",0.0341388217369528
"102638725",0.0766514198253515
"102638735",0.0542336737126949
"102638750",0.11514594801779
"102638755",0.226757369614513
"102638762",0.282928590235466
"102638768",0.251953561243596
"102638769",0.362013982085453
"102638784",0.0461248252825523
"102638803",0.127356299169733
"102638814",0.0474535707089448
"102638818",0.412624460619111
"102638835",0.324903554733764
"102638846",0.248699236199974
"102638847",0.024446497616748
"102638849",0.0298755103434721
"102638851",0.0457045452050447
"102638857",0.472531349095478
"102638859",0.152968947442559
"102638881",0.231044651611664
"102638882",0.0446657642984367
"102638883",0.127400562125286
"102638884",0.364355198234072
"102638888",0.050063201621139
"102638889",0.0115559184753709
"102638892",0.162020367007819
"102638918",0.09389121043119
"102638919",0.0666058372542944
"102638933",0.396269398173665
"102638940",0.0168119793162884
"102638943",0.260258252114469
"102638948",0.08862587415384
"102638959",0.135645498333137
"102638966",0.128862590401052
"102638978",0.103000854921325
"102639001",0.215486257537925
"102639006",0.252061846940676
"102639009",0.178463515446819
"102639010",0.274471811032834
"102639013",0.196502305349388
"102639019",0.104985058607795
"102639045",0.250528261870699
"102639048",0.250492610718016
"102639059",0.040313519375681
"102639063",0.0341692370004738
"102639066",0.174148190793796
"102639067",0.212624403300837
"102639074",0.141948522118627
"102639078",0.172830292079065
"102639079",0.0285189580795286
"102639087",0.0193123061345963
"102639129",0.202747973809814
"102639132",0.0324145177549428
"102639145",0.149235410021164
"102639151",0.268803958948371
"102639154",0.159966101096513
"102639169",0.0178635053341506
"102639173",0.0743495435665303
"102639175",0.117280518255655
"102639181",0.187319836974465
"102639182",0.0895644444509434
"102639186",0.0100196950928228
"102639188",0.259125720275892
"102639192",0.00913287533061828
"102639193",0.507975137686687
"102639199",0.0324238434205997
"102639205",0.0840044227750272
"102639209",0.0775185753307632
"102639212",0.42331251428022
"102639218",0.138233868609959
"102639221",0.05999312315929
"102639235",0.0368029005726173
"102639243",0.251159642819875
"102639258",0.453151849808263
"102639259",0.11214073722032
"102639261",0.0255219762592437
"102639268",0.0777155447815533
"102639275",0.440833367749477
"102639276",0.187947026641962
"102639283",0.0294107064991064
"102639289",0.125600045150112
"102639290",0.111668058164069
"102639314",0.179350452707205
"102639317",0.0456247074061146
"102639318",0.104709818152653
"102639339",0.100129829646166
"102639351",0.164307281795487
"102639352",0.08324987243225
"102639358",0.0354100568670887
"102639375",0.0264842617466315
"102639389",0.180313684747947
"102639395",0.308641975308642
"102639399",0.346517894554407
"102639404",0.408561724118381
"102639406",0.149234828036529
"102639417",0.176061907121301
"102639427",0.303906883962522
"102639448",0.28068984445344
"102639450",0.0735597050301348
"102639461",0.337071116378432
"102639468",0.25929408349024
"102639507",0.0217848446607776
"102639511",0.0460662616520751
"102639518",0.098216329304327
"102639519",0.223840906463175
"102639531",0.0382661903403095
"102639532",0.429567983731595
"102639537",0.190989015791621
"102639538",0.457064104496831
"102639542",0.19120322031394
"102639545",0.0136368094176938
"102639549",0.0403662617706987
"102639552",0.513001805650373
"102639566",0.170369713808669
"102639568",0.249806276644235
"102639575",0.124939317047781
"102639582",0.0306311753289151
"102639598",0.347677020999667
"102639619",0.212555208223619
"102639642",0.0502975347563727
"102639650",0.0628467399728363
"102639653",0.0106492555127383
"102639664",0.339405031248924
"102639679",0.00604210825765721
"102639687",0.194657726261257
"102639693",0.375814171185199
"102639700",0.0625
"102639705",0.0345159394049546
"102639711",0.036597622849355
"102639717",0.226714313055298
"102639724",0.38746844727827
"102639738",0.0941275562224958
"102639746",0.138053915348289
"102639767",0.0312755244466041
"102639769",0.160327804177122
"102639776",0.131570069259306
"102639781",0.126457470622747
"102639801",0.103318450228851
"102639824",0.238285875220908
"102639837",0.124184964366279
"102639841",0.00643146246795653
"102639848",0.119670594890934
"102639849",0.329163519770333
"102639872",0.0691639799426258
"102639908",0.0505578426819493
"102639918",0.0129946155488796
"102639919",0.0824036167015984
"102639928",0.182459472306991
"102639929",0.0532544378698225
"102639931",0.0723890710092226
"102639939",0.169315206050208
"102639946",0.355997535207166
"102639953",0.451891311183237
"102639955",0.438423979639928
"102639968",0.35494347471632
"102639977",0.0761696403526942
"102639983",0.071259491062662
"102639984",0.0702691287898827
"102639999",0.161699560875415
"102640005",0.350066923070536
"102640012",0.293010037608126
"102640021",0.139819512396309
"102640025",0.0794078696703127
"102640042",0.200930606548783
"102640043",0.0328919162833326
"102640063",0.149811585551052
"102640071",0.245492687384211
"102640081",0.155398803367828
"102640100",0.393679247786366
"102640117",0.102738467998725
"102640133",0.0191696379982887
"102640140",0.0701792148280528
"102640142",0.0393601184679031
"102640149",0.105739143597091
"102640152",0.280367550443497
"102640163",0.0498547619230373
"102640165",0.0118244876717843
"102640166",0.095564022603249
"102640169",0.0154464867074737
"102640173",0.0322285583896736
"102640184",0.098146368427334
"102640187",0.136339939697413
"102640188",0.17135710231807
"102640192",0.0192247193980539
"102640201",0.467716136797624
"102640216",0.0416835286918886
"102640217",0.283604316491417
"102640229",0.3378515625
"102640239",0.182147776041311
"102640242",0.274940491166668
"102640245",0.0504427319211103
"102640250",0.0919856942381988
"102640253",0.0683872041536904
"102640259",0.0750589469493223
"102640263",0.0312528821334498
"102640268",0.4987890625
"102640278",0.253516321444918
"102640282",0.136753093010644
"102640287",0.26468998728443
"102640299",0.0386226447099234
"102640300",0.105170640326315
"102640310",0.486936751768351
"102640312",0.20323994339425
"102640314",0.285535384708874
"102640319",0.153406579652107
"102640321",0.42768219957148
"102640331",0.0723677962410348
"102640338",0.00631641591322818
"102640339",0.118528709907123
"102640343",0.301732645803909
"102640344",0.00983805935620332
"102640359",0.302176647644091
"102640373",0.33515618515363
"102640374",0.0128495996308384
"102640375",0.0845392274556882
"102640377",0.236857155464914
"102640379",0.231075904821359
"102640387",0.0460213579332923
"102640389",0.101738397986547
"102640395",0.0890803754561865
"102640405",0.244450783242985
"102640412",0.0785645905775226
"102640413",0.218083468618058
"102640419",0.0339392892573696
"102640430",0.319073153004111
"102640439",0.055480758470899
"102640447",0.220710778793748
"102640449",0.421148399232697
"102640451",0.012562101007747
"102640470",0.515527435412422
"102640479",0.278587577021196
"102640483",0.593993773864463
"102640484",0.363026786472932
"102640493",0.253753739859077
"102640507",0.10782370742746
"102640515",0.0381025483526288
"102640518",0.0403510679825724
"102640519",0.230131410709733
"102640522",0.138840159077997
"102640525",0.104506324912074
"102640534",0.0450466034036758
"102640547",0.0661830242128967
"102640551",0.0847416484460638
"102640553",0.10082634292805
"102640554",0.0896083892422738
"102640555",0.0454841535455178
"102640562",0.0662154590944319
"102640569",0.216474317061762
"102640570",0.271810211618875
"102640578",0.366466608454948
"102640592",0.130057462444502
"102640604",0.0604913662776196
"102640635",0.131689751027283
"102640646",0.0352635783588751
"102640663",0.245580641525977
"102640667",0.0364349075229355
"102640670",0.106448561560351
"102640673",0.00669781730560653
"102640681",0.0934594428167211
"102640710",0.089500449907529
"102640715",0.156361989395179
"102640722",0.0381802342526504
"102640742",0.375871571200927
"102640746",0.0203473228645985
"102640747",0.0353398811841664
"102640748",0.240845972666822
"102640761",0.219342380678448
"102640764",0.388766693628419
"102640765",0.151602848704639
"102640772",0.0258586905610471
"102640773",0.172046093713765
"102640779",0.0124142659860312
"102640806",0.157573671769165
"102640808",0.126665547740961
"102640810",0.0940340865564139
"102640811",0.349361523677311
"102640820",0.119463850497906
"102640822",0.0444333228476601
"102640827",0.194519902035208
"102640829",0.443299862296826
"102640832",0.395656480456132
"102640835",0.097477763781116
"102640839",0.0896564888629814
"102640849",0.115489030362525
"102640855",0.175526127553256
"102640858",0.106639235108646
"102640859",0.25450731426693
"102640879",0.027035619698606
"102640883",0.164825920562998
"102640889",0.136771816355399
"102640899",0.0694600023000276
"102640920",0.169975377039089
"102640923",0.054657941222012
"102640929",0.476402658596685
"102640952",0.116492885609695
"102640956",0.450197710718002
"102640961",0.0314192423547809
"102640964",0.238224370810244
"102640966",0.0617447199265381
"102640968",0.215971168599737
"102640970",0.163091715976331
"102640972",0.106578336692129
"102640985",0.237623094335644
"102640987",0.167843444702796
"102641068",0.010139804129245
"102641081",0.326951969207649
"102641120",0.0521997131846836
"102641244",0.194815695600476
"102641247",0.111628387465625
"102641351",0.239845802435909
"102641372",0.0882815272361827
"102641455",0.48491776275691
"102641467",0.0712572047780275
"102641476",0.188810941043084
"102641509",0.0600944783251675
"102641516",0.00694444444444445
"102641529",0.0337630255440792
"102641557",0.314830614651534
"102641609",0.0444981315239966
"102641610",0.0369822485207101
"102641617",0.0108909146941245
"102641621",0.0218633206054718
"102641704",0.586963076733263
"102641855",0.326479329412947
"102641859",0.308928834816996
"102641931",0.051569199857277
"102642011",0.0575576184942913
"102642146",0.218501210294527
"102642244",0.202699944810602
"102642321",0.0184806209252079
"102642556",0.0467590339618462
"102642612",0.319847626327518
"102642625",0.124167908187774
"102642633",0.138989975277229
"102642652",0.259685276730186
"102642726",0.22656896773693
"102642737",0.146148520904097
"102642778",0.0547110938503137
"102642791",0.288313558868165
"102642800",0.434717450358836
"102642832",0.0270888960204259
"102642842",0.0796573806424575
"102642990",0.082812774095393
"102643016",0.105045164318588
"102643051",0.1118106348407
"102643083",0.070851940243052
"102643091",0.105493430706471
"102643147",0.103048996137444
"102643210",0.0268090771092853
"102643244",0.0759896769878514
"102800312",0.0181276395566069
"102902673",0.0228855896702014
"103164605",0.352009388694826
"103611158",0.00995859753442158
"104940697",0.0519441066900278
"105180375",0.0280356451855611
"105242394",0.125114260655066
"105242405",0.506750933639759
"105242418",0.105622253693701
"105242443",0.261636776568251
"105242444",0.0168740456099659
"105242447",0.0695041322314049
"105242472",0.343782299018055
"105242506",0.267668106855044
"105242545",0.255936238370426
"105242552",0.386564841559379
"105242554",0.0826686498324637
"105242563",0.356469574506107
"105242574",0.615036366519497
"105242579",0.306903272627163
"105242595",0.0719540649964245
"105242599",0.0768618564920941
"105242622",0.0698331097523742
"105242624",0.0180722964670621
"105242628",0.0363313085681145
"105242636",0.0690550848953026
"105242638",0.414557895480552
"105242648",0.256716299237971
"105242667",0.061583651189584
"105242679",0.0298850960259374
"105242685",0.0405081269447859
"105242688",0.0157384968186812
"105242706",0.0400812732604598
"105242709",0.368297149472238
"105242720",0.0342659579205616
"105242721",0.0450394246806272
"105242725",0.0685077982185252
"105242735",0.401604775750577
"105242736",0.538911706005273
"105242738",0.307018157135284
"105242742",0.0833688638461102
"105242750",0.0433805512884339
"105242751",0.348569568399879
"105242752",0.284444444444444
"105242753",0.343778618478979
"105242756",0.0332360946745562
"105242758",0.119849638906001
"105242774",0.0569928036645878
"105242794",0.195430765528623
"105242797",0.0350390430470511
"105242798",0.192051332640863
"105242804",0.0401152183752872
"105242821",0.145648998114534
"105242836",0.130770404099472
"105242847",0.0856253890287614
"105242851",0.585102611580191
"105242854",0.0439770089495364
"105242858",0.110232690372768
"105242860",0.0675693701861656
"105242865",0.233964748833486
"105242881",0.235068261706833
"105242884",0.0746909154317692
"105242887",0.126737684216122
"105242888",0.138483742834125
"105242891",0.068971856087261
"105242894",0.0917934908556384
"105242900",0.00929890068612524
"105242908",0.0994469351952127
"105242910",0.0383114027966636
"105242928",0.278967904563193
"105242930",0.0786520448454881
"105242931",0.126152397171194
"105242934",0.104567235008703
"105242936",0.235455234191225
"105242937",0.305627505154066
"105242946",0.032215647600263
"105242959",0.512444445069514
"105242978",0.0195951009185969
"105242981",0.144032971874314
"105242994",0.0963553752440362
"105243004",0.384290876832458
"105243005",0.127222394817024
"105243011",0.119529877803108
"105243016",0.086138513831177
"105243028",0.214503559693551
"105243040",0.0362624904173629
"105243044",0.0370654217133064
"105243045",0.130132187085843
"105243046",0.09564327455129
"105243058",0.0922153017422776
"105243068",0.35364333453337
"105243074",0.479786210667378
"105243086",0.0633777832077663
"105243124",0.058771300505094
"105243128",0.246919673349094
"105243132",0.0866028948811414
"105243140",0.120563271604938
"105243152",0.187041649759777
"105243158",0.071652588512724
"105243183",0.141956631619678
"105243194",0.1178960896
"105243196",0.281263938066522
"105243207",0.229273261877877
"105243215",0.500770201190013
"105243219",0.11100908071143
"105243225",0.211618164259493
"105243235",0.0163436261680955
"105243237",0.251435363351071
"105243238",0.034446757649692
"105243241",0.0921051919956734
"105243269",0.263455570778014
"105243280",0.221496643525687
"105243282",0.0928531921143173
"105243288",0.135234131113424
"105243290",0.129698840261348
"105243294",0.0292341807115861
"105243295",0.12325032915981
"105243299",0.0858717184682168
"105243311",0.178224492547483
"105243314",0.11835478572843
"105243315",0.0315529778393352
"105243316",0.011033543686787
"105243330",0.0214554373699449
"105243332",0.306205183046932
"105243337",0.0917112125173588
"105243352",0.344942880178444
"105243355",0.333916021120437
"105243356",0.0863970675940364
"105243361",0.0536063201551743
"105243368",0.147089682334711
"105243369",0.0208660497800171
"105243374",0.0118490650297754
"105243388",0.093488538609285
"105243390",0.14392841114244
"105243391",0.0263821354909675
"105243398",0.037015764009012
"105243412",0.0717734864816903
"105243426",0.317312478089133
"105243451",0.04680293904054
"105243467",0.154690365811657
"105243468",0.298504254054461
"105243471",0.251105989433533
"105243472",0.560199859288713
"105243502",0.24617710158285
"105243523",0.180258806480381
"105243528",0.365521804944559
"105243532",0.127488426361549
"105243537",0.0694798947067276
"105243553",0.0351419165988647
"105243554",0.0541372197577715
"105243561",0.442770455556927
"105243563",0.281590548239969
"105243569",0.0860693486311499
"105243573",0.448732618513855
"105243578",0.0893097106650922
"105243582",0.27915047484384
"105243583",0.175744655207814
"105243585",0.00258085733077869
"105243601",0.171739306874442
"105243604",0.118094466351959
"105243645",0.263322891593556
"105243666",0.257143058485902
"105243668",0.0407708012760368
"105243672",0.0448255658764093
"105243682",0.264161543023002
"105243684",0.0453095117526462
"105243688",0.0497372326968397
"105243692",0.227173083948088
"105243695",0.258006785914991
"105243701",0.249768178669446
"105243704",0.100367592866914
"105243714",0.1005897875657
"105243729",0.211497848823938
"105243737",0.167382887272871
"105243739",0.176667830669354
"105243852",0.166647676061845
"105243866",0.0177641698903403
"105243877",0.0862469236988361
"105243880",0.125759281181471
"105243905",0.14612903685541
"105243907",0.242896969727607
"105243908",0.0248034071211667
"105243915",0.182814219679822
"105243920",0.285368143273491
"105243926",0.0124238179283838
"105243934",0.157062785541521
"105243938",0.171238064242581
"105243942",0.0461210494407699
"105243954",0.232133578030151
"105243955",0.291335839669313
"105243961",0.063828007893441
"105243962",0.0232486260984954
"105243964",0.0632626367778833
"105243973",0.0419797586603301
"105243975",0.06113418520158
"105244006",0.0985570080997214
"105244007",0.0484682410912806
"105244011",0.140625
"105244012",0.0800002636592817
"105244024",0.0995258133065603
"105244026",0.453975471790909
"105244028",0.201485119098677
"105244034",0.0449762340673103
"105244055",0.0602182702340981
"105244060",0.224528322309592
"105244068",0.0301208933815996
"105244069",0.17191375611955
"105244073",0.0692071706476852
"105244074",0.0131479674163566
"105244084",0.46477590360188
"105244087",0.167974192345681
"105244092",0.130473800640269
"105244102",0.0690196603497629
"105244104",0.637145635322826
"105244110",0.243974318266904
"105244113",0.0481912141235162
"105244117",0.0789758376079006
"105244118",0.0983410573623878
"105244127",0.128528162361848
"105244130",0.118176007856364
"105244138",0.277266091010234
"105244140",0.0397073203151588
"105244149",0.104425944438222
"105244151",0.337427653986178
"105244162",0.0970859643281807
"105244170",0.376341228891389
"105244172",0.106754662570738
"105244184",0.0978981017475198
"105244208",0.00597513203569528
"105244210",0.060331640625
"105244212",0.0348905094364943
"105244214",0.168788381171476
"105244222",0.2516784108633
"105244225",0.433048907388137
"105244227",0.308474314837608
"105244229",0.0405615608403874
"105244240",0.207761006529946
"105244241",0.626583900182573
"105244244",0.060523501271942
"105244245",0.099431420545911
"105244251",0.0259550836467797
"105244262",0.192264003301878
"105244267",0.0655116213151927
"105244272",0.334275852863218
"105244278",0.0762716834573629
"105244297",0.103416260099788
"105244301",0.182885448994902
"105244306",0.0249219733521854
"105244317",0.18946957808152
"105244318",0.271132444000393
"105244320",0.11538322604207
"105244333",0.0521593791117637
"105244336",0.295776315124989
"105244343",0.00657414170927685
"105244354",0.0385660583965974
"105244367",0.206389466990404
"105244391",0.3310796235283
"105244402",0.291657406014105
"105244413",0.0135127631646163
"105244418",0.0359395154892448
"105244449",0.223973567134297
"105244450",0.0179160641344318
"105244453",0.359352450924935
"105244477",0.0133158642916479
"105244479",0.160375264856924
"105244487",0.037211105266212
"105244494",0.269454841973152
"105244527",0.330870864539491
"105244528",0.318069649603331
"105244530",0.177702044186146
"105244533",0.123475580345946
"105244546",0.248239542075947
"105244552",0.177072508010219
"105244557",0.393162892622352
"105244574",0.098403892582382
"105244589",0.0220454662578268
"105244595",0.0647812576760356
"105244600",0.115032043089385
"105244605",0.163323922444843
"105244625",0.129569194200251
"105244627",0.0618334658167536
"105244630",0.105991576414004
"105244634",0.0262036188090638
"105244642",0.321779603691367
"105244644",0.149099518433353
"105244658",0.352316688449509
"105244662",0.0421880993004918
"105244664",0.312873972338191
"105244666",0.0909891217100338
"105244667",0.375581911675427
"105244669",0.178673996489385
"105244678",0.0211582758185507
"105244701",0.290523218898409
"105244703",0.402033951584849
"105244710",0.149218918952056
"105244720",0.228904388302234
"105244729",0.158659340812179
"105244732",0.0352663713108069
"105244746",0.0352817855187774
"105244755",0.324893814462431
"105244756",0.0162935846118773
"105244768",0.304016201423764
"105244777",0.320927684880288
"105244779",0.192612715655262
"105244788",0.123278315930807
"105244789",0.154426400187815
"105244797",0.265670248437738
"105244799",0.0327232655955488
"105244801",0.0685263403171603
"105244807",0.137740461260495
"105244811",0.0169096154756009
"105244831",0.144268512560988
"105244833",0.26202579261561
"105244870",0.437915073399489
"105244871",0.0279679336399628
"105244875",0.0251638326115615
"105244879",0.0286692035913471
"105244903",0.200586509002956
"105244921",0.0596995801887937
"105244922",0.165499232504274
"105244926",0.0428061831153389
"105244927",0.421695429842134
"105244932",0.175525756320122
"105244940",0.0198247276633695
"105244946",0.0543320208546785
"105244947",0.0692782128871484
"105244956",0.0149046106141084
"105244957",0.0785231252264219
"105244975",0.0768081632653061
"105244978",0.0957340152744052
"105244981",0.21413644685504
"105244999",0.0718829229874355
"105245005",0.191213962444115
"105245008",0.238434556174718
"105245009",0.0695341410311985
"105245011",0.0252859574051488
"105245013",0.358215275891614
"105245014",0.20652236935518
"105245022",0.103360347324752
"105245032",0.114563681193379
"105245048",0.116953247763061
"105245059",0.217490250761777
"105245069",0.0923185832815405
"105245071",0.100249251278305
"105245074",0.0376666378116343
"105245076",0.0125596117889569
"105245094",0.0659035512139762
"105245096",0.0614784176666314
"105245097",0.104796301859685
"105245126",0.201123517042853
"105245155",0.072048310956916
"105245160",0.195575816418632
"105245183",0.0981589840471581
"105245202",0.0472828805733273
"105245211",0.0151086679485759
"105245225",0.15500031000062
"105245229",0.217565892298785
"105245231",0.123125557761672
"105245239",0.0542149349223015
"105245249",0.169418381198017
"105245255",0.0118034292284632
"105245265",0.323500243522799
"105245272",0.0622081999899462
"105245273",0.271809729488254
"105245277",0.476533342659783
"105245278",0.102946541158578
"105245284",0.204140575142011
"105245292",0.101569762679602
"105245305",0.0426470524607896
"105245307",0.291955315690099
"105245324",0.250092905143046
"105245342",0.133371817143989
"105245348",0.24526745169093
"105245356",0.226467768916577
"105245357",0.0315319597150847
"105245359",0.127699378663039
"105245369",0.128949713677893
"105245375",0.00669300155148509
"105245376",0.0510062441280298
"105245381",0.134333858848099
"105245391",0.155872977961656
"105245415",0.0510029216219476
"105245433",0.22877220448213
"105245437",0.225796512726609
"105245453",0.166099897174393
"105245463",0.0313266628165721
"105245478",0.0841617377748231
"105245487",0.218011795386843
"105245518",0.18464447629633
"105245552",0.0452494998461065
"105245559",0.188403956365541
"105245571",0.0196200768232679
"105245576",0.0743400519475079
"105245580",0.165658011192658
"105245586",0.068997005670114
"105245592",0.0571237419067083
"105245593",0.0201027673531863
"105245595",0.0805646191468539
"105245598",0.135784573025174
"105245602",0.388062790263484
"105245626",0.0865482866815619
"105245634",0.10422974541011
"105245641",0.109861511548294
"105245643",0.527552626486664
"105245644",0.191906175939922
"105245650",0.0109884834046475
"105245677",0.272677750601121
"105245679",0.598433606265575
"105245681",0.0399249141865321
"105245695",0.0729046381623172
"105245696",0.052082436597166
"105245702",0.218088036783463
"105245706",0.443844856729295
"105245713",0.292114512471655
"105245730",0.0443124613832679
"105245766",0.285988960426143
"105245772",0.185340652862893
"105245780",0.404603216937057
"105245781",0.153206974855852
"105245782",0.062397532601866
"105245790",0.156564375139397
"105245801",0.392659156294208
"105245822",0.340410971935531
"105245842",0.191179746157457
"105245858",0.276639088950446
"105245865",0.0118518014666808
"105245866",0.0487694452531715
"105245869",0.0888356488370272
"105245870",0.647828673408685
"105245874",0.0284679612578834
"105245875",0.297370514654857
"105245883",0.0956871111111111
"105245903",0.0148279391930239
"105245904",0.0144100226201943
"105245905",0.0625702839415945
"105245907",0.0505683693203887
"105245911",0.0917507555690632
"105245912",0.0730514804786444
"105245913",0.189225
"105245921",0.215502636129806
"105245926",0.246449749211525
"105245927",0.00499143600861335
"105245938",0.343136780314804
"105245941",0.124254202970103
"105245959",0.293509498801821
"105245967",0.0220165406782344
"105245974",0.0741194931965557
"105245975",0.0272852480670703
"105245978",0.0380116410305419
"105245981",0.0828053176426105
"105245991",0.16748628264909
"105245994",0.197953616059939
"105246001",0.109354441365023
"105246008",0.205065037372019
"105246012",0.214618656712224
"105246016",0.127772076991488
"105246018",0.0167557612433866
"105246020",0.339847838786367
"105246027",0.0406668186187744
"105246033",0.0893225734685212
"105246034",0.122466718739541
"105246035",0.0187996460398904
"105246041",0.07765871566623
"105246049",0.0923274593821524
"105246056",0.0201110084219103
"105246059",0.638078147869158
"105246062",0.0609739971479943
"105246064",0.213668186983228
"105246071",0.116636023415953
"105246073",0.177298470533332
"105246084",0.496107472814176
"105246086",0.0871884016226113
"105246099",0.0305172583041055
"105246105",0.055606552033584
"105246114",0.0443502317125741
"105246117",0.395102040816326
"105246120",0.0665559084501636
"105246126",0.0884693343145293
"105246158",0.507443576235175
"105246164",0.0877651728858209
"105246167",0.18401920760658
"105246170",0.387648989573478
"105246173",0.153556724277998
"105246176",0.137504413907947
"105246178",0.373958098381121
"105246180",0.216657569069128
"105246190",0.134316493517173
"105246192",0.220165700000645
"105246193",0.251073344025473
"105246216",0.140938388754253
"105246223",0.158040302781326
"105246241",0.0324062018471409
"105246245",0.186088290724163
"105246249",0.122109976368486
"105246251",0.0771709886408213
"105246254",0.0606229743306422
"105246260",0.197100780419344
"105246264",0.0172574629725696
"105246273",0.263764911723744
"105246278",0.00324449530176899
"105246286",0.212496522828726
"105246294",0.176309154846082
"105246299",0.42329955825047
"105246300",0.112815898049977
"105246303",0.0175149908865976
"105246304",0.0122937986836631
"105246306",0.0293273044890953
"105246307",0.0492777979479427
"105246318",0.0755971180576453
"105246320",0.156967248302453
"105246334",0.0103607908511617
"105246337",0.131335654432567
"105246339",0.308393761719708
"105246363",0.0200304367871047
"105246366",0.0263445459668702
"105246367",0.0834792551549691
"105246371",0.0664405704386145
"105246380",0.183673469387755
"105246401",0.119358751861684
"105246402",0.0459439023762504
"105246404",0.130417246015787
"105246406",0.565472253743708
"105246412",0.171163445338082
"105246422",0.698168624498871
"105246423",0.406394883291303
"105246439",0.391642472979141
"105246440",0.596977596769179
"105246445",0.291663191117714
"105246452",0.277467104572605
"105246471",0.0310014318544298
"105246496",0.0570576144460641
"105246501",0.20191184267639
"105246506",0.145510822873301
"105246519",0.0605452995175453
"105246529",0.20017849093605
"105246536",0.0414152510507808
"105246555",0.11450644557212
"105246558",0.638806670635314
"105246562",0.151133795245094
"105246565",0.273267134717843
"105246572",0.0301245014303948
"105246574",0.121699172467402
"105246577",0.0128148678463624
"105246585",0.436466563329745
"105246588",0.544865849176384
"105246591",0.247343655646688
"105246608",0.222332155180857
"105246617",0.0774953288189136
"105246618",0.0324207023526999
"105246627",0.185834815122631
"105246642",0.157184215896337
"105246644",0.123674659255264
"105246657",0.116753160968482
"105246658",0.270477811083264
"105246666",0.0736734693877551
"105246679",0.35408084863461
"105246693",0.168986631757652
"105246700",0.103217473427597
"105246702",0.0312956367626303
"105246710",0.264332547072625
"105246714",0.256087214882104
"105246717",0.237683638429491
"105246760",0.146079177257487
"105246763",0.109502686277648
"105246765",0.281402707784498
"105246769",0.0697983600385321
"105246782",0.0310380450520591
"105246802",0.127176146193772
"105246804",0.0194642065154658
"105246807",0.167933955296154
"105246824",0.0113611658645122
"105246830",0.238758279956141
"105246832",0.0386733929150681
"105246839",0.267608880717596
"105246846",0.0329210844955137
"105246847",0.0275810345081882
"105246848",0.339125921528396
"105246860",0.13308405017591
"105246865",0.184668632867548
"105246887",0.209904214794488
"105246891",0.400467531413525
"105246894",0.0508115068648757
"105246895",0.164893102880288
"105246904",0.0381903292405974
"105246908",0.56185202078911
"105246914",0.282878735982973
"105246915",0.105976346071201
"105246918",0.316497737877039
"105246933",0.0129614697756359
"105246945",0.0986789790491292
"105246952",0.0947832303144316
"105246959",0.0333230989087146
"105246961",0.00516959364051351
"105246964",0.203447285811906
"105246968",0.182851806583615
"105246973",0.0435222117290816
"105246975",0.497800033719572
"105246978",0.0769724122546103
"105247005",0.247458927786875
"105247021",0.186815367698578
"105247049",0.180332510035066
"105247050",0.0279542768832863
"105247062",0.159712100823044
"105247071",0.315585905659572
"105247078",0.168731500266144
"105247090",0.328680769188873
"105247097",0.0112987119582105
"105247100",0.0323114358167998
"105247102",0.213103652227558
"105247109",0.347119732143484
"105247116",0.0258064811501346
"105247123",0.07348874869124
"105247124",0.0768276213941848
"105247134",0.199551627151238
"105247150",0.107689138819739
"105247151",0.0283225285274825
"105247153",0.09
"105247167",0.257025419145484
"105247188",0.0239491234043967
"105247199",0.308480222353016
"105247200",0.0151378016809819
"105247205",0.313693146208739
"105247213",0.069721207649326
"105247219",0.259175761391314
"105247220",0.101584098864143
"105247224",0.419258350911133
"105247231",0.209108240841129
"105247234",0.0060554553378411
"105247240",0.00333827160493827
"105247244",0.155811318983081
"105247248",0.199113287896777
"105500046",0.417537082049799
"105704528",0.0976198333707679
"105734727",0.470120735512792
"105886298",0.0240923648285325
"105940408",0.00656726236318234
"105943584",0.0202083079583246
"105980075",0.00297730250030124
"106014251",0.0433735059675984
"107303348",0.217354882745016
"108167334",0.0392220092476606
"108167345",0.29034473243803
"108167350",0.031002134307108
"108167377",0.0430786721121465
"108167409",0.0197374856853214
"108167415",0.669149434169446
"108167435",0.218680950589217
"108167437",0.340659747526888
"108167440",0.00960755086173647
"108167443",0.223111092038326
"108167450",0.0928312421422688
"108167455",0.231190948938579
"108167456",0.150677305703439
"108167458",0.171256059311669
"108167463",0.239963390793242
"108167511",0.193624195967315
"108167513",0.0507428496606966
"108167518",0.018385521401896
"108167523",0.38297969135998
"108167529",0.410000445349905
"108167532",0.163406792871708
"108167537",0.0165005975216375
"108167548",0.0863805804861963
"108167550",0.042768838573504
"108167556",0.259965806786704
"108167558",0.355043088405058
"108167560",0.144161265983189
"108167561",0.750125739418813
"108167562",0.0375297683773624
"108167597",0.0677897574631973
"108167615",0.0988187692353384
"108167623",0.0136066695672963
"108167626",0.0104045447334318
"108167628",0.189035916824197
"108167630",0.060081271624202
"108167633",0.274945367660877
"108167636",0.131349696083963
"108167637",0.216381769978538
"108167638",0.07165350797627
"108167645",0.0247443504608004
"108167650",0.0511860331836869
"108167653",0.0462213580615736
"108167657",0.206918153468168
"108167659",0.0701316961929808
"108167660",0.0947303867034532
"108167667",0.0169512978960782
"108167668",0.057586813941553
"108167669",0.0858209597835025
"108167679",0.333925601913321
"108167687",0.261662161480215
"108167693",0.045335540301962
"108167700",0.0570213436992959
"108167704",0.0193677556374575
"108167719",0.183530599550761
"108167721",0.165505886567329
"108167725",0.0106646422499239
"108167726",0.183125050930736
"108167727",0.0335199623771689
"108167732",0.0239180622063505
"108167733",0.0198536195568165
"108167736",0.0526267206985476
"108167737",0.439789670660636
"108167740",0.432669963470547
"108167745",0.168596549998624
"108167746",0.216874147053045
"108167748",0.0667626366758631
"108167749",0.0404625322924647
"108167751",0.00999483404373852
"108167755",0.3467397400516
"108167760",0.0849520668186215
"108167761",0.12171348517902
"108167764",0.0883693585285966
"108167777",0.0990862187733853
"108167790",0.0955068560012093
"108167793",0.0592915167693076
"108167796",0.0153957090566776
"108167802",0.0767681119428016
"108167804",0.275625
"108167812",0.0393309863857007
"108167825",0.112699202826484
"108167831",0.0489848137714033
"108167844",0.336636362112854
"108167845",0.0911020693291658
"108167847",0.295141457100592
"108167848",0.00459881584141046
"108167853",0.289201192008726
"108167866",0.156517475541045
"108167878",0.176587362297144
"108167879",0.0913599779638813
"108167882",0.0761120406999553
"108167883",0.211797170715379
"108167886",0.029873494894071
"108167888",0.151479745699471
"108167889",0.138827893860947
"108167895",0.0109152258715976
"108167905",0.25202329461802
"108167912",0.170220772908468
"108167917",0.094120283137609
"108167918",0.563670916343689
"108167922",0.0476048895659979
"108167924",0.00678200692041523
"108167925",0.141853717150867
"108167930",0.229602438292439
"108167934",0.0430981841200159
"108167935",0.374977327264974
"108167940",0.0311418685121107
"108167961",0.178190989211559
"108167980",0.201107935641067
"108167995",0.0470541734699159
"108167996",0.244530804994703
"108167997",0.0520482401798304
"108168003",0.247528637754697
"108168022",0.0481821509769227
"108168026",0.0689095661086175
"108168027",0.0804964142419781
"108168028",0.0861747435045706
"108168049",0.067880185964629
"108168068",0.11898495361776
"108168069",0.0298870337540351
"108168071",0.0405069325592803
"108168076",0.158193586356775
"108168080",0.320308897703172
"108168085",0.0917455766588459
"108168092",0.0814808055548626
"108168101",0.0067262483562004
"108168102",0.105739086940793
"108168104",0.0301703702323995
"108168105",0.321519573220312
"108168109",0.030535240986152
"108168114",0.135785205595647
"108168162",0.00837847474559197
"108168166",0.323666656931044
"108168201",0.0219703034788548
"108168205",0.12730073639603
"108168240",0.0701106885385122
"108168251",0.106964838618878
"108168252",0.0514929559502559
"108168254",0.141217274639086
"108168256",0.0854568719001347
"108168260",0.0429662060902792
"108168265",0.059943100548277
"108168283",0.013768265379219
"108168287",0.0188270132855244
"108168292",0.318199217694215
"108168293",0.10203013506501
"108168294",0.0216759466089519
"108168296",0.146166485851376
"108168297",0.295157519907181
"108168307",0.202295421683206
"108168326",0.202772347344225
"108168332",0.257130250011558
"108168334",0.051621611065293
"108168335",0.301645681763269
"108168338",0.0282034846454169
"108168347",0.0466440583568444
"108168353",0.0553747705552716
"108168354",0.316140975436098
"108168355",0.0928967654903118
"108168358",0.0278094063294752
"108168373",0.313566948594337
"108168376",0.0116793703133275
"108168379",0.0964328952561033
"108168380",0.226497613306417
"108168382",0.0571292173470842
"108168390",0.0470851867312042
"108168391",0.156714709957048
"108168393",0.0351402753324793
"108168395",0.00693348674288555
"108168397",0.111872276890697
"108168398",0.114714058280492
"108168407",0.073869255534046
"108168411",0.0649518772908481
"108168413",0.0678739612188366
"108168421",0.0290012060855378
"108168423",0.448808692888797
"108168424",0.368379582141942
"108168478",0.0386558083406805
"108168479",0.121155634603918
"108168481",0.0204800667593032
"108168484",0.0942293437744936
"108168645",0.0337410250279283
"108168707",0.223849144044507
"108168727",0.0977905315241908
"108168731",0.00501833360926478
"108168734",0.0443146059842271
"108168740",0.243745148563675
"108168741",0.222185565409769
"108168746",0.211466561567246
"108168747",0.0318595256611738
"108168748",0.40349581574521
"108168752",0.113819800030266
"108168756",0.202631025554644
"108168760",0.357815991704438
"108168762",0.268813121575559
"108168763",0.0841887320544699
"108168771",0.0811925197444015
"108168774",0.322039548876969
"108168775",0.235629340277778
"108168787",0.141833463094627
"108168793",0.129109601419787
"108168795",0.0506336380782176
"108168797",0.245215421597633
"108168801",0.171906392827372
"108168806",0.104311858574014
"108168807",0.214081135848699
"108168812",0.111393441352074
"108168813",0.0547444317694447
"108168816",0.135379172760539
"108168817",0.208714473446881
"108168823",0.402192920628947
"108168834",0.301101269462223
"108168861",0.288256570527441
"108168868",0.0625
"108168872",0.0132376713324115
"108168876",0.0273990803969601
"108168877",0.0677933089480439
"108168883",0.0299475583214467
"108168886",0.501736111111111
"108168899",0.0464688823662646
"108168900",0.117279272931511
"108168903",0.0287462415555347
"108168904",0.151992726665639
"108168906",0.0116301422529796
"108168907",0.0198189247684051
"108168909",0.0144768744084468
"108168911",0.0333367687752931
"108168925",0.0238795261482472
"108168930",0.044429113743366
"108168933",0.053453855174768
"108168941",0.0532456844179986
"108168971",0.187204264920155
"108168973",0.482192062967672
"108168974",0.0221246938208631
"108168985",0.0127387780286097
"108168987",0.0328457253382376
"108168988",0.134774301882004
"108168990",0.015574283236047
"108168994",0.348166588512803
"108168998",0.240176614649644
"108169008",0.023286619401331
"108169012",0.128796458978251
"108169013",0.0080589924310229
"108169018",0.0259236502735017
"108169023",0.0186942109223176
"108169029",0.473240428039477
"108169031",0.244697455161347
"108169033",0.0802339580308987
"108169034",0.212772127110575
"108169043",0.00756568833918592
"108169046",0.0714469364344765
"108169047",0.207344977882202
"108169056",0.327671687415694
"108169069",0.0247731969836516
"108169080",0.124914056234014
"108169082",0.148506841165973
"108169083",0.0755094979168138
"108169085",0.458577297908475
"108169096",0.0636280843099541
"108169124",0.422645313299187
"108169128",0.168434761412998
"108169134",0.0330166276943824
"108169145",0.0250229257376685
"108169150",0.407110304784296
"108169152",0.0701194960610215
"108169153",0.150108397426352
"108169155",0.0192372376051593
"108169157",0.257398239577134
"108169158",0.206376038797042
"108169159",0.0299301832746202
"108169171",0.498323337126426
"108169172",0.486978356959127
"108169173",0.0696814003924039
"108169181",0.054481263709637
"108169205",0.0188259309768003
"109729085",1.18915947379528
"110599566",0.0163162475987775
"111365222",0.0127412521598172
"111828493",0.0169354276965628
"112694759",0.245588933869923
"113002583",0.0210010356753089
