"","GSE197754_enriched environment (EE)"
"11302",-2.8315
"11303",-0.0396
"11304",1.2232
"11305",-2.6001
"11306",0.7542
"11307",-0.8863
"11308",3.0967
"11350",-1.3856
"11352",0.4686
"11363",-0.3407
"11364",-1.9311
"11370",-0.3211
"11409",-0.0992
"11416",2.1779
"11418",0.8015
"11419",-1.1844
"11421",1.3371
"11423",2.9424
"11426",-0.9739
"11428",0.4738
"11429",-1.4576
"11430",0.5977
"11431",3.9295
"11432",0.8719
"11433",-0.7004
"11434",0.9217
"11435",0.5729
"11438",-0.5037
"11440",-1.4142
"11441",2.0823
"11443",0.4355
"11444",-2.1139
"11448",1.2341
"11459",0.0377
"11465",1.9179
"11468",-0.6097
"11472",-0.6599
"11474",3.0239
"11475",-0.5208
"11477",2.1569
"11479",-0.7816
"11480",1.6318
"11481",-0.9788
"11482",-0.9263
"11484",0.898
"11486",0.4897
"11487",-1.372
"11488",-3.9679
"11489",1.1246
"11490",-1.1382
"11491",0.9138
"11492",0.9708
"11496",-0.6513
"11497",-1.3327
"11498",-0.131
"11499",-0.3182
"11501",-2.5714
"11502",0.9313
"11504",0.3559
"11512",-2.3774
"11513",0.2214
"11514",-0.643
"11515",0.3855
"11516",2.0521
"11517",-2.6093
"11518",-2.1253
"11519",-0.6809
"11520",-0.5602
"11522",-1.0945
"11532",-0.6965
"11534",-0.6468
"11535",-1.1191
"11536",-1.6473
"11538",1.4412
"11539",-0.9431
"11540",0.062
"11541",-0.3753
"11542",-1.5196
"11544",-0.2287
"11545",2.587
"11546",-0.608
"11548",-2.3176
"11549",0.5701
"11550",-2.0081
"11551",0.6078
"11552",0.4474
"11553",-1.1325
"11554",-0.2412
"11555",2.0336
"11556",0.7552
"11564",-1.0872
"11565",1.6295
"11566",2.6713
"11567",-0.4628
"11568",-1.4187
"11569",0.6203
"11593",0.0534
"11595",-0.4984
"11596",-1.9341
"11600",0.9841
"11601",-0.7199
"11602",0.216
"11603",-2.1205
"11605",0.8012
"11606",-0.8842
"11607",0.5309
"11608",-1.3981
"11609",-0.3231
"11610",-1.3317
"11615",1.0006
"11622",1.0075
"11624",0.2833
"11629",0.0504
"11630",0.7989
"11632",-1.9596
"11634",0.7519
"11636",-1.217
"11637",1.0191
"11639",-0.8829
"11640",-1.2397
"11642",0.6694
"11647",0.7246
"11651",-1.8255
"11652",-1.6331
"11655",-0.122
"11656",1.1494
"11658",-0.0667
"11666",1.2632
"11668",1.4378
"11669",-3.3026
"11670",-2.5445
"11671",-0.6494
"11676",-0.8769
"11677",-0.2053
"11682",0.8551
"11685",0.2725
"11686",0.5818
"11687",-3.1689
"11688",-0.6562
"11689",-0.9279
"11690",-0.3317
"11692",-0.3772
"11694",0.1265
"11695",-0.2273
"11702",-1.0429
"11705",-0.0673
"11717",-0.6832
"11720",0.0413
"11722",0.0275
"11727",0.3045
"11732",-1.9447
"11733",-1.1424
"11735",-0.3688
"11736",0.0784
"11737",-2.3439
"11739",1.2446
"11740",3.7621
"11744",1.6131
"11745",0.0555
"11746",0.5343
"11747",-1.1327
"11749",0.8875
"11750",-0.6754
"11752",-0.5596
"11754",0.0335
"11757",1.4082
"11758",-1.1016
"11761",-1.1871
"11764",-2.1313
"11765",0.8541
"11766",-1.2106
"11767",-1.0588
"11768",-0.023
"11769",-0.3071
"11770",-0.5075
"11771",-1.0753
"11772",-0.1139
"11773",0.5044
"11774",0.2737
"11775",-2.583
"11776",-1.9223
"11777",1.6675
"11778",-2.0009
"11781",-1.6332
"11782",-0.9443
"11783",-1.8054
"11784",-2.1429
"11785",-2.7966
"11787",0.1109
"11789",1.0835
"11790",-3.4875
"11792",0.551
"11793",0.5195
"11796",0.0728
"11797",-0.6499
"11798",0.3152
"11799",-0.8884
"11800",2.9399
"11803",-0.9598
"11804",0.4867
"11806",-0.2007
"11807",0.5092
"11810",-0.06
"11811",-0.0778
"11812",-0.6037
"11814",-2.0615
"11815",0.9076
"11816",-0.8914
"11818",0.9848
"11819",-0.7902
"11821",0.9377
"11826",0.9031
"11829",-0.7781
"11830",-0.2792
"11834",0.2867
"11835",-0.6459
"11836",0.2346
"11837",-0.4815
"11838",2.4812
"11840",-0.5086
"11841",1.7732
"11843",2.8654
"11844",-1.6893
"11845",1.3527
"11846",-2.0745
"11847",1.2612
"11848",0.4359
"11852",-1.3463
"11853",0.3402
"11854",0.6031
"11855",3.112
"11856",0.9687
"11857",3.0843
"11858",0.1996
"11861",1.9418
"11863",-2.379
"11864",-0.3685
"11865",-2.3204
"11867",-1.3626
"11870",0.1812
"11876",1.3483
"11877",-2.108
"11878",-2.2729
"11881",1.278
"11883",-2.1696
"11886",0.9118
"11889",-2.8074
"11891",1.0289
"11898",-0.2736
"11899",0.0304
"11906",1.3191
"11907",1.1141
"11908",0.599
"11909",0.5549
"11910",3.8778
"11911",0.3165
"11920",1.068
"11922",3.9738
"11923",0.7936
"11924",-0.1512
"11927",-1.3301
"11928",-0.2899
"11931",5.7561
"11932",-0.1834
"11933",1.3241
"11936",-0.3595
"11937",-0.2685
"11938",0.1276
"11941",-1.2914
"11944",2.2524
"11946",-1.1706
"11949",0.7437
"11950",0.3658
"11951",1.8619
"11957",1.2999
"11958",-2.7566
"11964",1.3783
"11966",0.5906
"11972",1.2889
"11973",0.7728
"11974",1.4832
"11975",-0.1208
"11977",1.2506
"11979",-0.4238
"11980",-1.0971
"11981",-2.2212
"11982",-0.1914
"11983",1.5353
"11984",-0.2213
"11987",0.1257
"11988",0.7831
"11989",0.217
"11990",1.8094
"11991",0.5088
"11992",-0.3392
"11993",-1.265
"11994",-0.5006
"11998",1.919
"12005",-0.0547
"12006",-2.5493
"12007",-1.596
"12009",-0.9531
"12010",1.981
"12013",-0.9377
"12014",-0.0874
"12015",-0.9244
"12017",-1.5053
"12018",2.1779
"12021",0.6399
"12023",-0.1778
"12028",0.4824
"12029",-0.9976
"12032",-2.6535
"12033",2.1782
"12034",0.7596
"12035",-0.1376
"12036",-1.9792
"12038",-0.1349
"12039",-1.0084
"12040",0.8398
"12041",0.3747
"12042",1.2548
"12043",0.7256
"12044",-0.682
"12045",-0.8581
"12047",-0.8083
"12048",-1.5554
"12050",-1.7799
"12051",0.1272
"12053",0.4228
"12054",-1.0977
"12055",0.2816
"12061",2.1885
"12062",-0.1733
"12064",5.1083
"12068",1.5846
"12069",-0.0059
"12070",-1.3306
"12075",-0.358
"12091",0.271
"12095",-1.0879
"12096",1.4473
"12111",1.3631
"12116",0.0299
"12121",2.5892
"12122",-0.6149
"12123",-3.4126
"12125",-1.0125
"12140",-0.161
"12142",-0.2356
"12144",0.2625
"12151",1.9881
"12153",-3.3584
"12155",1.2795
"12156",1.9462
"12159",0.5229
"12160",0.1131
"12161",1.231
"12162",1.4276
"12164",-1.283
"12166",0.5928
"12167",0.3784
"12168",3.6351
"12169",0.4751
"12175",2.7994
"12176",1.8422
"12177",0.3012
"12180",1.3692
"12181",0.1841
"12182",0.9558
"12183",-1.391
"12189",-0.3886
"12190",-0.009
"12192",0.7013
"12193",0.2875
"12209",2.7539
"12211",1.0847
"12212",2.2542
"12215",1.0343
"12217",-2.4321
"12223",-0.1028
"12224",-0.4478
"12226",-0.5533
"12227",-0.4731
"12228",1.6958
"12229",0.2581
"12234",-0.9483
"12235",1.0312
"12236",0.4529
"12237",-1.6751
"12238",0.7799
"12257",0.3279
"12258",-0.395
"12259",-1.002
"12260",0.3076
"12261",1.9485
"12262",-1.3219
"12263",-0.0328
"12265",-0.2893
"12266",-0.1267
"12267",1.3229
"12268",0.0619
"12269",0.7799
"12270",0.3457
"12273",1.1221
"12282",-1.8529
"12283",1.2646
"12286",-2.4167
"12287",-1.7062
"12288",-1.1206
"12289",-0.1916
"12290",0.7998
"12291",-0.7492
"12292",1.1263
"12293",1.2322
"12294",1.2712
"12295",-2.0261
"12296",0.8089
"12297",-2.9044
"12298",0.8394
"12300",-1.5077
"12301",1.4226
"12304",-3.1365
"12305",-1.8108
"12306",-1.7195
"12307",0.7068
"12308",1.9888
"12310",0.1508
"12311",1.2779
"12315",-5.2722
"12316",-0.2017
"12317",-3.1549
"12319",0.3588
"12321",1.0424
"12323",-0.6891
"12325",-1.4287
"12326",2.1114
"12328",0.1711
"12330",0.2226
"12331",0.4828
"12332",-0.5601
"12333",-0.8706
"12334",-0.7011
"12335",0.7205
"12336",0.1571
"12337",-3.4865
"12338",0.6668
"12339",0.6237
"12340",1.2954
"12343",2.5598
"12345",3.1092
"12348",-3.213
"12349",0.0012
"12350",1.6986
"12351",-1.1139
"12354",1.4703
"12355",-0.5578
"12359",0.8926
"12361",0.8478
"12362",-1.8177
"12363",-0.3249
"12364",2.1357
"12366",0.6278
"12367",2.6701
"12368",0.1998
"12369",1.3894
"12370",1.5453
"12371",-1.405
"12372",-0.661
"12373",-0.8466
"12374",1.3607
"12380",1.0679
"12385",-1.5619
"12386",-0.3623
"12387",-0.8543
"12388",-1.0529
"12389",0.8347
"12390",1.4431
"12391",-0.5167
"12393",-0.4678
"12394",-1.6154
"12395",-1.3479
"12396",-0.376
"12398",-1.4721
"12399",-1.1113
"12400",0.3523
"12402",0.251
"12404",-1.159
"12405",-0.4816
"12406",-1.3655
"12408",0.5421
"12409",0.6212
"12411",-3.7073
"12412",-2.193
"12416",-1.332
"12417",2.512
"12418",2.0393
"12419",-0.534
"12421",1.4911
"12424",0.6755
"12425",1.0239
"12426",-1.8847
"12427",-1.5819
"12428",0.1719
"12442",0.5897
"12443",-1.415
"12444",-0.124
"12445",2.2095
"12447",0.3212
"12448",-1.4171
"12449",-1.0916
"12450",0.56
"12452",0.1094
"12453",-0.3055
"12454",-0.8486
"12455",-0.5354
"12457",1.4889
"12460",0.6653
"12461",1.0812
"12462",-0.3427
"12464",1.4626
"12465",0.2765
"12466",1.2609
"12467",-0.6832
"12468",-0.8215
"12469",0.2446
"12475",-1.6188
"12476",0.3378
"12477",0.9687
"12479",0.8559
"12483",-0.9577
"12484",0.7123
"12487",0.8809
"12488",2.1102
"12489",-0.1745
"12490",-2.876
"12491",0.1227
"12492",0.4381
"12493",0.4921
"12494",0.5974
"12495",-1.4365
"12496",-0.5229
"12497",0.2129
"12499",-0.4126
"12503",-0.4289
"12504",-1.0346
"12505",-0.3191
"12506",1.4984
"12507",0.8339
"12508",0.1841
"12509",1.3402
"12511",-0.304
"12512",2.6352
"12514",2.3315
"12516",0.5121
"12518",1.2824
"12519",-0.3079
"12520",-1.5775
"12521",-0.7033
"12522",-0.966
"12523",0.3183
"12524",-0.1226
"12527",2.4738
"12530",0.5143
"12531",-0.8663
"12532",-0.2079
"12534",0.2387
"12537",-2.2793
"12539",-1.346
"12540",2.0834
"12544",0.2118
"12545",-1.6155
"12549",-2.2317
"12550",-0.3549
"12552",2.4987
"12554",0.8629
"12555",-1.2968
"12557",-0.2814
"12558",0.7861
"12560",-0.4709
"12561",2.6215
"12562",0.0043
"12563",0.1588
"12564",3.2617
"12565",1.8373
"12566",1.3223
"12567",0.0969
"12568",0.175
"12569",-0.224
"12570",-2.4924
"12571",0.9614
"12572",0.7943
"12575",-2.3576
"12576",-0.946
"12577",0.5378
"12579",-0.2814
"12580",-0.3978
"12581",-1.519
"12583",1.2293
"12585",0.4731
"12587",0.9846
"12589",0.4329
"12593",0.1718
"12606",0.0993
"12607",0.6698
"12608",-1.9238
"12609",-1.2634
"12611",1.5176
"12614",-1.3354
"12615",0.1759
"12616",-3.4044
"12617",2.1816
"12626",2.6697
"12628",-0.1389
"12631",0.3228
"12632",3.085
"12633",0.0294
"12638",0.192
"12642",-0.4463
"12643",0.6842
"12647",1.4862
"12648",2.2506
"12649",1.6843
"12651",-0.5383
"12652",1.7089
"12654",0.7831
"12659",0.0964
"12660",-0.0129
"12661",0.3084
"12662",2.4401
"12663",0.8647
"12667",-3.8362
"12669",1.0259
"12671",-0.2141
"12672",1.2919
"12675",0.4019
"12677",-1.12
"12683",1.6639
"12684",-0.6983
"12695",0.1518
"12696",1.5234
"12700",-1.1602
"12702",0.1464
"12703",-0.4696
"12704",-2.6224
"12705",-0.4728
"12709",-1.6289
"12716",-1.2754
"12721",-0.078
"12722",1.0991
"12723",-1.4601
"12724",-2.0435
"12725",0.3283
"12727",0.6432
"12728",1.5588
"12729",-0.5771
"12733",-0.7751
"12737",1.2791
"12738",1.2452
"12739",1.038
"12741",-3.7972
"12745",0.3437
"12747",1.3592
"12748",-1.8961
"12750",0.7445
"12751",0.8342
"12752",1.0441
"12753",0.2148
"12757",-2.2614
"12759",-0.5501
"12763",0.5133
"12764",-0.286
"12766",-0.6323
"12767",-1.3554
"12768",-2.0339
"12769",-1.2499
"12770",-1.0224
"12771",0.4736
"12772",-0.8132
"12774",0.0402
"12777",-0.0774
"12778",0.3982
"12780",-0.3231
"12785",1.1802
"12789",-0.0788
"12790",-1.2497
"12793",1.8617
"12794",1.2612
"12795",1.5237
"12797",0.4732
"12798",0.201
"12799",-1.0438
"12801",1.2693
"12802",0.4549
"12803",-0.2715
"12804",-2.2845
"12805",1.9418
"12807",1.667
"12808",-2.294
"12810",-1.5962
"12812",-2.1623
"12813",0.4708
"12814",0.3499
"12815",-1.2642
"12816",-1.502
"12817",-1.2313
"12818",-0.143
"12819",-1.7683
"12821",0.0119
"12822",-0.3752
"12823",-0.4674
"12824",0.8134
"12825",-2.3957
"12826",-1.5151
"12827",-2.6612
"12828",1.7224
"12829",0.8089
"12830",0.6769
"12831",-4.0879
"12832",-1.1041
"12833",-3.3004
"12834",-1.7766
"12835",0.8995
"12836",-1.0064
"12837",1.3243
"12839",-0.7498
"12840",-2.1392
"12841",0.2657
"12842",-0.2207
"12843",-0.1417
"12845",-0.5405
"12846",-0.5773
"12847",0.107
"12848",3.1682
"12850",-0.3885
"12854",3.1474
"12856",1.9364
"12857",-0.1901
"12858",2.1659
"12859",-2.1998
"12861",-0.1994
"12862",-0.1398
"12864",2.7871
"12865",-0.0711
"12866",0.4923
"12867",1.6163
"12868",0.0123
"12869",-1.2331
"12870",-2.0551
"12873",-0.5159
"12874",0.9209
"12876",2.4302
"12877",-0.2989
"12879",-2.9084
"12889",-2.9012
"12891",1.2695
"12892",0.2663
"12894",1.607
"12895",-2.5364
"12896",1.3108
"12902",0.6413
"12903",1.1604
"12904",-1.0323
"12905",0.366
"12908",-1.1573
"12909",-1.0843
"12912",-0.3968
"12913",0.2597
"12914",-1.7909
"12915",-1.8954
"12916",-0.5142
"12918",-0.213
"12919",3.9676
"12921",-2.8319
"12922",-0.2845
"12925",0.0603
"12927",0.3121
"12928",1.6367
"12929",0.6309
"12931",-2.8436
"12933",0.9678
"12934",-3.8202
"12936",0.527
"12937",3.8603
"12939",-0.7538
"12941",-0.7004
"12942",-0.9062
"12943",-0.6231
"12946",-0.7038
"12950",2.6395
"12951",-0.2961
"12952",1.5059
"12953",-0.3106
"12955",-1.8862
"12957",-0.0646
"12959",-0.588
"12960",0.974
"12962",0.3938
"12964",0.3074
"12970",-0.3458
"12971",-2.4616
"12972",0.2539
"12974",1.3453
"12977",0.2568
"12978",-1.5891
"12982",-1.3667
"12983",-0.8066
"12984",0.1521
"12986",0.7217
"12988",-2.333
"12995",-1.8971
"13000",-0.5939
"13001",1.5032
"13002",1.4124
"13003",3.2116
"13004",-0.3605
"13006",0.5936
"13007",-3.2956
"13008",0.9811
"13010",-3.0958
"13011",1.0765
"13014",2.2961
"13016",-0.2499
"13017",-0.3204
"13018",1.3225
"13019",-0.6071
"13024",0.1442
"13025",-0.9967
"13026",-0.6385
"13030",0.414
"13032",-0.4508
"13033",0.0733
"13036",-0.8858
"13038",0.4087
"13039",0.2656
"13040",-1.058
"13043",0.0315
"13046",-0.9338
"13047",-0.8765
"13048",-2.3648
"13051",-0.8095
"13052",1.7571
"13056",-0.9344
"13057",-0.0824
"13058",0.1773
"13063",5.0852
"13070",-0.8859
"13075",-0.028
"13076",0.6933
"13078",-1.2859
"13082",0.0834
"13087",1.8119
"13088",1.8522
"13107",0.7172
"13110",2.2702
"13113",-0.1146
"13115",1.105
"13116",-3.4435
"13120",-0.8318
"13121",2.5918
"13123",0.6499
"13131",1.9301
"13132",0.3481
"13134",0.8175
"13135",1.4087
"13136",2.3699
"13138",0.6304
"13139",1.2095
"13142",-1.2314
"13143",-1.8354
"13144",-2.0432
"13162",-0.5682
"13163",0.0961
"13164",0.6511
"13166",2.7371
"13167",0.2831
"13168",0.07
"13169",-2.0965
"13170",4.4992
"13171",0.7626
"13175",2.0886
"13176",0.9293
"13177",-0.7821
"13178",1.653
"13179",0.5151
"13180",0.7169
"13185",-0.6572
"13190",-0.2337
"13191",-3.0673
"13193",3.2493
"13194",-1.4238
"13195",1.2653
"13196",-0.0316
"13197",-1.9764
"13198",-2.2906
"13199",-0.5855
"13200",-1.7337
"13202",0.3243
"13204",1.281
"13205",1.018
"13206",-0.088
"13207",-0.102
"13209",1.7011
"13211",0.6253
"13214",0.9218
"13244",1.3683
"13340",1.1112
"13345",-0.0799
"13346",0.0443
"13347",-0.6427
"13349",2.1297
"13350",-1.152
"13353",-1.9027
"13356",-1.9151
"13358",0.3174
"13360",1.9356
"13361",1.4043
"13363",-0.9843
"13367",-1.9264
"13368",-1.4412
"13371",-1.1039
"13382",3.244
"13383",-0.9995
"13384",-1.4119
"13385",-1.9745
"13386",2.4755
"13388",-0.0222
"13389",-1.7484
"13390",1.9961
"13392",-0.7147
"13394",-1.3253
"13395",1.4068
"13396",-0.8036
"13397",-0.5592
"13400",-1.2458
"13401",-1.776
"13404",-0.5353
"13405",0.3746
"13406",-1.0945
"13409",-2.663
"13411",0.1743
"13417",0.7703
"13418",-1.1349
"13419",-0.5644
"13421",0.2118
"13423",-0.7874
"13424",-1.4691
"13426",0.3779
"13427",-0.2576
"13429",-2.1199
"13430",-0.8791
"13433",-2.6332
"13434",0.4574
"13435",-1.2274
"13436",1.194
"13437",0.5506
"13445",-1.2681
"13446",0.4331
"13447",-1.3169
"13448",-0.3636
"13449",-0.1917
"13478",0.3087
"13479",1.1861
"13480",2.3257
"13481",1.4452
"13482",-0.4571
"13483",0.5368
"13486",2.0747
"13487",0.3519
"13488",0.7044
"13489",1.6678
"13490",0.9664
"13491",1.1185
"13492",0.075
"13494",1.3943
"13495",0.6375
"13496",0.7233
"13497",-1.2674
"13498",-1.5073
"13505",1.9531
"13506",1.4957
"13507",-0.759
"13508",0.8309
"13510",0.7287
"13511",-0.692
"13516",0.1006
"13518",-0.9564
"13521",1.8313
"13522",0.4183
"13524",1.9651
"13527",1.0221
"13528",1.122
"13537",-0.325
"13542",-3.0988
"13543",-0.5877
"13544",-0.4713
"13548",-0.4967
"13549",-1.954
"13555",-1.4737
"13557",2.8447
"13559",1.1655
"13560",-2.805
"13589",2.5912
"13590",0.0463
"13591",0.1918
"13592",0.4159
"13593",2.3491
"13595",-0.6006
"13599",1.2755
"13601",-1.1916
"13603",-1.4853
"13605",-0.2309
"13607",-0.7714
"13608",-0.6034
"13609",-0.9913
"13610",-1.2202
"13611",-0.7848
"13612",0.0144
"13614",-0.678
"13616",0.3903
"13617",-0.515
"13618",0.8104
"13619",-0.3098
"13626",-0.4095
"13628",-2.628
"13629",-3.7237
"13631",0.004
"13636",0.6401
"13637",1.3015
"13638",0.084
"13639",0.4457
"13640",-0.6284
"13641",-1.2695
"13642",-0.16
"13643",-2.5481
"13644",-0.7719
"13645",-0.8654
"13649",-0.0267
"13650",-0.7239
"13653",3.7318
"13654",3.3944
"13655",0.7715
"13656",3.9508
"13660",-1.9791
"13661",1.5674
"13663",-0.2836
"13664",2.6526
"13665",2.1295
"13666",-1.9867
"13667",-1.255
"13669",-1.6431
"13680",-2.1109
"13681",1.1176
"13682",0.8021
"13684",2.8282
"13685",1.7715
"13688",-0.7752
"13690",2.8249
"13709",1.8457
"13710",-0.3323
"13711",0.085
"13712",-2.3688
"13713",0.0094
"13714",1.5616
"13716",-0.9054
"13717",-0.8882
"13722",2.2993
"13723",0.3475
"13726",-0.7052
"13728",-1.5588
"13730",-0.0905
"13731",-2.2676
"13732",-0.1148
"13733",1.1889
"13796",-0.7325
"13797",-2.7681
"13799",-1.1193
"13800",-1.4419
"13803",-0.5992
"13804",1.113
"13805",0.8276
"13806",-0.1552
"13807",-0.1322
"13808",0.7104
"13809",-0.1042
"13813",1.2004
"13819",-0.2634
"13821",-1.1229
"13822",-0.3699
"13823",-0.9536
"13824",1.0937
"13828",0.5704
"13829",-2.2984
"13830",-1.4683
"13831",-2.0333
"13835",0.7655
"13836",-0.4336
"13837",1.5903
"13838",2.6186
"13839",0.2446
"13840",5.6406
"13841",5.6251
"13842",2.3755
"13844",0.5465
"13845",-0.9814
"13846",-0.3305
"13848",-0.9893
"13849",4.1077
"13850",-0.0289
"13852",-1.8947
"13853",-0.1458
"13854",-3.9664
"13855",-1.2726
"13857",-1.6592
"13858",1.7124
"13859",1.9982
"13860",0.9525
"13861",-1.0536
"13864",-2.978
"13865",-3.1267
"13866",-0.9504
"13867",0.4039
"13869",1.9077
"13870",0.0387
"13871",-0.6818
"13872",0.9146
"13875",0.2821
"13876",0.4556
"13877",2.3385
"13885",1.838
"13924",0.1007
"13929",0.8335
"13972",0.4796
"13982",0.631
"13983",-1.9541
"13990",1.0096
"13992",-2.8611
"13996",0.366
"13998",2.0456
"13999",-0.7455
"14000",-0.5148
"14004",-0.4676
"14007",1.3869
"14009",4.4323
"14011",-1.6595
"14012",-0.2453
"14013",-0.1554
"14017",-0.238
"14020",-0.5921
"14025",-0.3381
"14026",-1.6497
"14027",-1.7182
"14030",-1.5967
"14038",1.1653
"14042",0.8718
"14043",-2.0835
"14048",1.0539
"14049",0.7977
"14050",-0.5244
"14051",1.1228
"14055",-3.7063
"14056",0.263
"14057",0.8726
"14062",1.951
"14063",0.3664
"14064",1.2155
"14065",-0.2627
"14066",-0.117
"14067",1.6191
"14068",1.9106
"14069",0.9252
"14070",0.3589
"14071",-0.8746
"14073",-1.5495
"14077",0.434
"14081",1.6346
"14082",0.5687
"14083",-0.5084
"14084",0.1975
"14085",-2.0216
"14086",-2.6675
"14087",1.1506
"14088",0.343
"14089",0.9884
"14102",1.0863
"14103",0.2541
"14104",-1.8114
"14105",1.1266
"14106",-0.9057
"14107",0.3435
"14109",-2.0568
"14113",-0.1547
"14114",0.0516
"14115",-1.3161
"14118",2.8806
"14119",-0.2426
"14121",0.5267
"14123",-1.6441
"14127",-1.542
"14128",-0.3343
"14129",-1.0383
"14130",0.0083
"14131",-0.2823
"14132",0.5849
"14133",0.8394
"14137",-0.2531
"14148",-0.8901
"14149",-1.2317
"14151",0.3474
"14154",0.3543
"14155",0.446
"14156",0.1899
"14158",1.3498
"14159",-1.9272
"14160",0.2495
"14163",0.4343
"14164",-0.0187
"14165",0.052
"14166",-0.0414
"14167",3.2892
"14168",1.5125
"14169",-0.1915
"14171",1.9938
"14172",1.0321
"14173",1.6796
"14174",0.7337
"14176",0.3198
"14178",0.3461
"14180",0.8754
"14181",-0.2683
"14182",1.8611
"14183",-0.0578
"14184",-1.6947
"14186",1.9094
"14187",1.2083
"14190",1.0109
"14191",-0.39
"14194",0.7345
"14198",1.829
"14199",1.1896
"14200",1.304
"14201",-0.5003
"14202",1.4001
"14204",-1.5523
"14205",0.78
"14208",1.0361
"14211",1.4118
"14218",-2.2153
"14219",-0.6673
"14221",-1.1368
"14225",0.6321
"14226",2.0416
"14227",-2.6843
"14228",-1.1274
"14229",-0.9009
"14230",0.6964
"14231",0.76
"14232",-2.1553
"14233",2.8799
"14234",0.5693
"14235",0.7287
"14236",1.2394
"14238",-0.1192
"14239",0.5907
"14245",0.9503
"14247",-0.8871
"14248",-1.1236
"14251",-1.0627
"14252",-0.6916
"14254",-2.743
"14255",-1.4114
"14256",-1.6713
"14257",1.041
"14260",-0.0371
"14261",-0.1213
"14263",-1.456
"14264",-1.3125
"14265",1.5901
"14266",1.8655
"14268",0.6899
"14269",-2.6549
"14270",2.3252
"14272",0.1233
"14275",1.4361
"14276",0.2769
"14281",3.1127
"14282",1.7672
"14284",-0.1832
"14287",-0.6152
"14293",-0.4907
"14296",-2.6953
"14297",-0.037
"14299",-2.3656
"14300",0.5407
"14302",-0.7721
"14312",-0.1081
"14313",3.4534
"14314",-2.1033
"14319",-0.1305
"14325",0.0247
"14339",0.18
"14343",0.9385
"14344",-0.7791
"14345",0.349
"14347",-2.1413
"14348",1.2326
"14349",-1.61
"14356",-0.2511
"14357",-1.6015
"14359",-0.7433
"14360",-0.1463
"14362",0.357
"14365",1.4546
"14366",0.7333
"14367",0.9116
"14368",1.3918
"14369",0.404
"14370",-1.1635
"14371",0.2033
"14373",-0.2416
"14375",1.8657
"14376",-0.2821
"14381",1.2043
"14385",0.0657
"14387",-0.231
"14388",-0.7137
"14389",-0.817
"14390",0.2382
"14391",-0.6036
"14394",1.8627
"14395",0.448
"14396",0.1332
"14397",3.3282
"14399",0.4553
"14400",3.7818
"14401",1.8374
"14402",4.5731
"14403",-2.1704
"14404",1.1792
"14405",2.3087
"14406",2.8762
"14407",2.2957
"14408",0.7219
"14409",-0.3403
"14411",-1.9534
"14412",-2.0095
"14415",0.6008
"14417",2.897
"14419",2.393
"14420",0.0695
"14421",-1.4213
"14422",1.2807
"14423",0.1775
"14425",2.2728
"14426",-0.6976
"14427",0.2191
"14428",-1.4531
"14430",0.3146
"14431",0.5733
"14432",-1.5996
"14447",-1.2865
"14450",-1.0838
"14451",-1.38
"14453",0.0944
"14455",-1.4296
"14456",-0.7766
"14457",-2.4934
"14459",0.1281
"14461",0.3092
"14462",0.0344
"14465",-1.1677
"14466",1.3672
"14467",0.5955
"14469",-1.4504
"14470",-1.0413
"14472",0.8583
"14479",1.6816
"14489",1.7682
"14527",0.5055
"14528",-1.4216
"14533",0.9355
"14534",-0.4829
"14536",-0.4798
"14537",0.8213
"14538",0.7279
"14539",-0.4486
"14544",-0.7544
"14545",1.3822
"14547",2.4526
"14548",1.9553
"14555",-1.8801
"14559",0.8769
"14560",0.6483
"14561",-0.0687
"14563",-1.4939
"14566",-2.1781
"14567",-0.0382
"14569",1.6347
"14570",-2.6149
"14571",0.5354
"14573",0.085
"14579",1.2301
"14580",0.7316
"14583",1.0957
"14584",0.5529
"14585",1.0183
"14586",-2.1461
"14587",1.3443
"14588",-1.2537
"14590",1.5361
"14593",1.9019
"14594",-0.4325
"14595",2.255
"14598",0.7718
"14599",1.0865
"14600",0.9949
"14601",1.0273
"14605",-0.7452
"14608",0.4357
"14609",-3.4207
"14611",2.34
"14612",-1.3535
"14613",1.1312
"14615",-0.1083
"14617",0.998
"14618",-0.7616
"14619",-0.8438
"14620",0.1238
"14623",-0.9752
"14628",-0.5335
"14629",1.7094
"14630",1.3484
"14632",-1.227
"14633",-1.9335
"14634",-0.279
"14635",-1.1217
"14645",-3.0421
"14651",1.057
"14652",0.7186
"14654",1.0027
"14657",0.1816
"14658",1.737
"14659",0.6526
"14660",0.0647
"14661",0.8992
"14663",-0.8768
"14664",-0.9779
"14667",1.3225
"14670",-2.613
"14672",-3.2329
"14673",-1.277
"14674",0.5576
"14675",0.1093
"14676",-1.1399
"14677",1.723
"14678",-2.3456
"14679",1.0284
"14680",-0.3881
"14681",-0.4894
"14682",0.7811
"14683",1.2644
"14686",-0.1966
"14687",0.4162
"14688",-1.3431
"14693",-2.1065
"14694",-0.2961
"14695",0.3947
"14696",1.5457
"14697",-1.3014
"14700",1.8238
"14701",0.3395
"14702",2.3951
"14704",0.3246
"14705",-0.2214
"14706",0.6134
"14707",2.4651
"14708",-0.6455
"14709",-0.7139
"14710",0.9164
"14711",1.6318
"14712",-0.2515
"14714",1.3086
"14718",-0.0859
"14719",2.2991
"14723",-0.2423
"14724",-2.0004
"14725",0.5353
"14726",0.7373
"14728",-0.1217
"14729",0.8236
"14731",0.699
"14732",0.6367
"14733",0.9908
"14734",-0.6462
"14735",0.2732
"14738",0.739
"14739",0.8037
"14744",-0.1675
"14745",-0.8744
"14747",-0.6329
"14748",2.5813
"14751",-1.5674
"14755",1.0617
"14756",-2.4695
"14758",1.2539
"14760",-0.1387
"14761",-2.5064
"14763",-1.577
"14764",0.2167
"14765",1.5776
"14766",-0.7757
"14768",-0.5317
"14772",1.3528
"14773",0.8485
"14775",1.2418
"14777",0.5726
"14778",2.1842
"14782",0.852
"14783",1.2442
"14784",0.753
"14786",-0.2599
"14787",-0.3023
"14788",-2.0564
"14789",-2.31
"14790",-1.9489
"14791",0.0976
"14792",1.7905
"14793",-0.2825
"14794",-0.3131
"14797",-0.7705
"14799",-0.0297
"14800",2.337
"14802",0.4603
"14803",-0.4734
"14804",-0.8308
"14805",-0.3607
"14806",1.6091
"14807",-1.3193
"14809",-0.4494
"14810",-1.1228
"14811",1.6417
"14812",0.4636
"14813",-2.2299
"14814",-0.8526
"14815",0.2452
"14816",-1.42
"14823",0.5376
"14824",-1.2388
"14827",-1.8226
"14828",-3.6685
"14829",1.6817
"14840",-0.9525
"14841",0.6552
"14842",-1.839
"14843",1.6683
"14852",2.1889
"14853",1.5791
"14854",0.0766
"14858",-0.3598
"14859",-1.9992
"14860",0.1307
"14862",0.5992
"14863",-0.9663
"14865",0.011
"14866",-0.8308
"14867",1.5048
"14869",2.0863
"14870",1.6727
"14871",0.4029
"14872",-0.6951
"14873",2.9544
"14874",1.8184
"14884",1.2176
"14885",-0.9248
"14886",-1.2502
"14894",3.2706
"14897",0.0452
"14904",-0.2363
"14910",0.8777
"14911",2.5323
"14912",-1.8765
"14913",0.3777
"14917",-0.0878
"14919",-0.1953
"14923",-1.5612
"14924",1.3278
"14933",2.7768
"14934",0.3198
"14936",-0.478
"14938",0.0621
"14950",-0.9412
"14955",-1.6058
"14958",0.2464
"14960",-0.4284
"14961",-0.7899
"14962",0.0474
"14963",1.1582
"14964",-1.1061
"14969",-1.4762
"14972",0.7586
"14976",0.1162
"14977",-1.362
"14979",-1.8376
"14991",-0.232
"14998",0.905
"14999",0.2833
"15000",-2.1198
"15001",-0.7539
"15002",-1.5317
"15006",0.289
"15013",-0.6432
"15015",0.1793
"15018",-1.6791
"15024",1.0272
"15039",-0.6357
"15040",0.6746
"15042",-1.7213
"15064",1.8697
"15077",0.8595
"15078",2.2098
"15081",0.8397
"15107",0.7627
"15108",0.5067
"15112",1.0273
"15114",-1.312
"15115",0.9208
"15116",1.0941
"15117",-0.2584
"15118",1.0655
"15122",3.0207
"15139",0.8139
"15159",0.1561
"15160",-3.1024
"15161",0.4027
"15162",-1.2219
"15163",-1.547
"15165",1.9466
"15166",-1.9485
"15168",-0.6953
"15170",-0.7549
"15182",3.458
"15183",0.366
"15184",-1.4348
"15185",-0.4643
"15186",0.2849
"15191",-0.508
"15193",-2.1264
"15194",0.0201
"15199",-1.0249
"15200",-0.7003
"15201",0.71
"15203",-1.8974
"15204",-1.1833
"15205",2.0286
"15208",1.5482
"15211",-3.1034
"15212",1.1295
"15213",1.6061
"15214",1.136
"15216",-0.4815
"15220",-1.9066
"15223",-0.7139
"15227",0.0564
"15228",0.4279
"15229",-1.0646
"15234",0.77
"15239",-1.3432
"15242",-0.4018
"15245",1.1993
"15247",2.8318
"15248",0.2318
"15251",3.9914
"15254",-0.3465
"15257",-0.9383
"15258",-0.7061
"15259",0.4323
"15260",-1.5223
"15267",-0.1002
"15270",-0.6915
"15273",0.8133
"15275",-1.2869
"15277",-1.2826
"15278",0.6238
"15284",0.3062
"15288",-1.0938
"15289",1.8465
"15312",-1.1011
"15331",2.2097
"15353",-1.0711
"15354",2.7091
"15356",-0.6739
"15357",4.3211
"15360",-1.6487
"15361",-2.481
"15364",1.1558
"15365",-1.1535
"15366",0.3204
"15368",-0.5871
"15369",1.388
"15370",3.4926
"15374",-0.7081
"15379",-1.2728
"15381",-1.182
"15382",-1.662
"15384",0.6517
"15387",2.0523
"15388",-1.7121
"15404",-1.3981
"15429",-2.1784
"15439",0.2892
"15442",0.5787
"15444",3.5445
"15446",1.1258
"15450",0.1252
"15451",-0.83
"15452",1.6575
"15458",-0.4952
"15460",-1.6271
"15461",-1.3353
"15463",0.5197
"15464",1.3119
"15465",-0.469
"15466",-1.234
"15467",-0.2037
"15468",-0.3308
"15469",2.8885
"15473",1.0254
"15476",2.0147
"15478",-0.399
"15482",-0.701
"15483",2.4242
"15485",-0.1567
"15486",-0.0596
"15488",-1.0015
"15490",1.0083
"15493",0.1266
"15494",-0.6741
"15499",-0.7037
"15500",2.1368
"15502",-0.0804
"15504",0.7852
"15505",0.1346
"15507",-1.9736
"15510",0.0862
"15511",-3.8286
"15512",-1.3704
"15519",1.6819
"15525",-0.616
"15526",2.235
"15528",0.9724
"15529",1.4351
"15530",-0.8182
"15531",-0.1943
"15547",0.1374
"15550",-0.5143
"15551",0.6718
"15552",2.1315
"15557",-0.7729
"15558",3.1405
"15559",-1.6783
"15560",1.2542
"15561",0.1101
"15562",3.677
"15563",1.0668
"15564",0.7547
"15565",-1.3124
"15566",-0.5565
"15567",-0.0491
"15568",-0.2682
"15569",2.4369
"15571",-2.3132
"15572",0.6975
"15574",0.4325
"15586",-0.3556
"15587",0.6833
"15891",-0.7054
"15893",0.617
"15894",-0.4976
"15896",0.6367
"15898",-3.113
"15900",-1.5083
"15901",2.0025
"15902",-0.3694
"15903",-0.5351
"15904",0.0169
"15925",0.9215
"15926",1.5318
"15929",1.3721
"15930",1.2292
"15931",2.0865
"15932",0.1293
"15936",0.7196
"15937",0.3322
"15939",-1.8768
"15944",1.0527
"15945",0.7359
"15950",-0.5111
"15951",0.5866
"15953",-0.4569
"15957",1.2801
"15958",0.8527
"15959",0.3368
"15975",0.4701
"15976",0.6615
"15979",-0.3021
"15980",0.535
"15982",3.4349
"15983",0.7036
"15985",1.7243
"16000",1.0811
"16001",-4.1237
"16002",0.6933
"16004",-0.8102
"16007",-0.3487
"16008",0.6295
"16009",0.841
"16010",-2.1312
"16011",-5.3929
"16012",-1.3664
"16019",-0.6985
"16068",0.7754
"16069",0.6125
"16145",0.2778
"16149",-2.6914
"16150",-0.0047
"16151",0.1927
"16154",0.9179
"16155",0.3396
"16156",1.9393
"16157",-0.4109
"16158",-0.8023
"16159",0.0496
"16161",-0.1108
"16162",1.0476
"16164",-0.7351
"16165",-1.8817
"16168",-1.2378
"16169",-0.0773
"16170",-1.7694
"16172",-1.7685
"16173",-0.0373
"16174",0.2162
"16175",0.5824
"16176",0.6647
"16177",1.7861
"16178",-1.2581
"16179",-2.1154
"16180",2.9996
"16184",0.1205
"16185",1.9528
"16186",1.1518
"16188",-2.2006
"16190",-0.9089
"16191",-0.091
"16193",-0.2108
"16194",-0.5319
"16195",-1.2081
"16196",-0.0421
"16197",-0.9107
"16201",-0.5069
"16202",-0.2203
"16205",0.4173
"16206",0.2088
"16210",0.7947
"16211",0.7343
"16319",-2.7053
"16322",-3.1152
"16323",3.1199
"16324",-2.2145
"16328",-2.6185
"16329",0.5669
"16330",0.1831
"16331",0.2281
"16332",-2.2319
"16334",0.7667
"16336",0.4839
"16337",1.2675
"16341",2.2688
"16348",0.3989
"16351",0.6433
"16353",-0.548
"16362",-1.5346
"16363",0.9316
"16364",0.3325
"16367",-0.2715
"16369",0.6583
"16370",1.9569
"16371",1.5343
"16372",-1.2454
"16373",-0.8886
"16391",0.256
"16392",2.1224
"16396",1.5039
"16398",2.094
"16399",0.8682
"16400",-0.4011
"16401",0.931
"16402",0.4144
"16403",1.7016
"16404",-1.1476
"16407",0.6786
"16408",-0.8928
"16409",0.8857
"16410",0.1757
"16411",-0.6752
"16412",-0.0361
"16413",1.9085
"16414",-1.1464
"16416",0.1026
"16418",-0.7733
"16419",-2.3323
"16420",-1.4242
"16421",0.129
"16423",-0.9379
"16425",-0.011
"16426",0.8939
"16427",-1.3437
"16428",1.9995
"16430",2.0107
"16431",2.126
"16432",0.4751
"16433",0.2004
"16434",-2.1729
"16438",-3.2022
"16439",-0.577
"16440",-0.7488
"16443",-3.0757
"16449",-0.3719
"16450",-0.9459
"16451",0.3295
"16452",1.3854
"16453",-1.0545
"16456",0.1482
"16467",0.1196
"16468",-0.7949
"16469",-0.1168
"16470",-0.9551
"16475",0.5732
"16476",-3.2419
"16477",2.9941
"16478",-3.9926
"16480",-2.2097
"16485",0.2446
"16490",-1.676
"16491",-0.3765
"16492",1.8476
"16493",1.4645
"16494",-1.1753
"16497",3.4894
"16498",-1.7957
"16499",-3.7569
"16500",-2.2112
"16502",-2.4696
"16504",-2.339
"16506",-0.0643
"16508",0.85
"16510",-0.5967
"16511",0.5903
"16512",-2.2967
"16513",-1.3636
"16514",-4.0583
"16515",-1.3311
"16517",-1.0038
"16518",-1.779
"16519",1.8103
"16520",0.1643
"16521",1.0897
"16522",1.9178
"16523",-0.3114
"16524",-4.4666
"16525",2.3037
"16526",0.3512
"16527",-0.6914
"16528",0.2656
"16529",-1.8831
"16530",-0.768
"16531",1.0716
"16532",-0.262
"16533",1.1661
"16534",0.1414
"16535",0.1356
"16536",-1.2605
"16538",-1.2282
"16539",-1.9034
"16541",-1.1339
"16542",-1.2361
"16543",1.1997
"16545",0.2078
"16548",0.6154
"16549",-1.8837
"16551",-0.0742
"16553",-1.3336
"16554",-3.4149
"16558",-1.1549
"16559",0.957
"16560",0.1264
"16561",-0.4336
"16562",-2.1953
"16563",1.8507
"16564",-0.7159
"16565",0.443
"16568",-1.8942
"16569",-1.2291
"16570",-1.7611
"16571",0.1462
"16573",-0.2891
"16576",1.0362
"16578",-0.2755
"16579",-0.3679
"16580",-1.3648
"16581",-4.6168
"16582",-0.1993
"16588",0.9716
"16590",-2.8604
"16591",1.3605
"16592",-0.0643
"16593",-1.8829
"16594",-1.9337
"16596",-0.7401
"16597",-0.7502
"16598",0.2689
"16599",-0.27
"16600",0.6671
"16601",0.9917
"16619",1.307
"16621",-0.8136
"16625",0.7968
"16633",0.7708
"16643",1.4539
"16646",1.8395
"16647",2.6998
"16648",2.7093
"16649",0.139
"16650",0.3477
"16651",-0.6449
"16653",2.5883
"16656",-0.1494
"16658",-1.2579
"16661",1.581
"16665",0.4098
"16668",0.2142
"16678",2.0816
"16681",-2.4478
"16691",1.2229
"16706",-1.9055
"16709",0.8841
"16716",1.5261
"16728",-1.7098
"16763",-1.6314
"16764",-0.0444
"16765",-3.9276
"16768",-0.6026
"16772",-0.7799
"16773",0.3537
"16774",-0.3889
"16775",1.1378
"16776",1.0725
"16777",-1.1963
"16779",-2.0855
"16780",0.6908
"16782",-2.4881
"16783",0.8036
"16784",1.8482
"16785",0.9064
"16790",1.0819
"16792",-1.6019
"16795",1.8354
"16796",-2.5333
"16797",0.8885
"16798",2.7779
"16800",-0.5518
"16801",-2.0872
"16803",0.8319
"16815",-1.1661
"16816",-1.2231
"16818",0.624
"16819",-2.9535
"16822",-0.4438
"16825",-1.6615
"16826",-0.8913
"16828",-0.0355
"16832",-2.3633
"16834",-1.6485
"16835",4.0689
"16840",1.0637
"16842",-0.9631
"16846",0.3616
"16847",1.0216
"16848",0.9594
"16852",-0.3587
"16854",0.7612
"16855",-0.8102
"16859",2.2282
"16865",0.8875
"16866",0.6269
"16867",2.3158
"16869",-0.0227
"16870",-2.7059
"16871",-0.9097
"16872",-0.7165
"16873",-0.1372
"16874",0.9126
"16875",1.9284
"16876",0.7893
"16878",-0.2577
"16880",-0.9023
"16881",-1.1749
"16882",0.0138
"16885",-4.0624
"16886",-1.2939
"16889",0.235
"16890",-0.2932
"16891",0.1002
"16897",-2.2268
"16898",0.9505
"16904",1.1601
"16905",-0.3079
"16906",-3.2973
"16907",-0.8754
"16909",3.168
"16911",-1.0636
"16912",-1.4998
"16913",-1.5143
"16917",-1.2886
"16918",-0.4243
"16922",1.6367
"16923",-1.5733
"16924",0.6343
"16939",-2.6286
"16948",-0.8862
"16949",-0.1647
"16950",0.6061
"16952",0.9767
"16956",0.8425
"16969",-2.569
"16970",0.8037
"16971",-1.563
"16973",-1.4663
"16974",0.3138
"16975",1.2961
"16976",0.0249
"16977",-0.5471
"16978",-0.2509
"16979",2.1725
"16980",-0.8873
"16981",2.3673
"16985",1.081
"16987",1.4586
"16988",-0.4133
"16992",0.368
"16993",0.6016
"16995",0.3303
"16997",-0.8631
"16998",-1.4618
"17000",-0.1707
"17001",0.8697
"17002",-2.1734
"17005",-0.0711
"17022",-0.0366
"17025",-0.1745
"17035",2.3069
"17057",0.8673
"17060",0.2832
"17064",1.0996
"17067",1.9561
"17069",0.9405
"17075",1.921
"17076",0.1998
"17079",0.9017
"17083",0.1613
"17084",1.4017
"17085",0.0954
"17087",1.1547
"17089",-0.11
"17095",-1.5405
"17096",-0.2061
"17101",-0.3198
"17105",0.6935
"17112",1.0721
"17113",0.2853
"17116",-0.3766
"17117",-1.3865
"17118",-0.9305
"17119",0.7424
"17120",0.6934
"17121",-0.2625
"17122",-2.2308
"17125",-0.5215
"17126",1.3583
"17127",-1.321
"17128",-0.1288
"17129",0.8227
"17130",1.2213
"17131",0.7052
"17132",-0.3099
"17133",-0.8503
"17134",-2.4477
"17135",0.7783
"17136",-1.6516
"17147",-0.2889
"17149",2.2746
"17150",-0.9524
"17151",-0.1093
"17152",0.4715
"17153",0.3622
"17155",4.2861
"17156",0.4543
"17158",0.5453
"17159",0.7012
"17160",1.6215
"17161",0.8971
"17164",-1.087
"17165",0.3235
"17168",0.3635
"17169",0.0416
"17171",-0.1991
"17172",-0.3529
"17173",1.1003
"17174",0.3235
"17175",-0.2715
"17178",-1.6015
"17179",-2.0029
"17180",-1.238
"17181",0.9592
"17183",-1.3713
"17184",2.06
"17187",0.3249
"17188",-4.6157
"17189",0.9033
"17190",0.9482
"17191",0.8103
"17192",-3.4638
"17193",0.3686
"17195",-0.1673
"17199",-0.0664
"17201",2.3043
"17202",1.8939
"17203",-0.6052
"17207",-3.4273
"17210",2.3953
"17215",-1.1943
"17216",0.2628
"17217",0.222
"17218",-0.1679
"17219",0.3944
"17220",-1.1148
"17221",-1.2933
"17222",1.0988
"17227",-2.3685
"17228",-0.8571
"17229",-1.9805
"17237",-1.2824
"17240",-1.8328
"17242",-1.2225
"17245",0.0983
"17246",0.3151
"17248",-0.1529
"17250",-0.5891
"17252",-0.6432
"17254",-0.9372
"17256",1.4656
"17257",0.5645
"17258",2.2337
"17259",-2.2675
"17260",-0.0015
"17261",-1.0504
"17263",-4.2247
"17268",0.6609
"17274",-1.3306
"17279",0.1973
"17281",-1.6402
"17283",-1.0352
"17285",0.42
"17289",-2.962
"17293",-0.4711
"17294",2.8792
"17295",0.2498
"17299",-0.5345
"17300",0.1651
"17301",-2.5486
"17304",-4.4454
"17305",-2.7083
"17306",-0.116
"17308",-1.4477
"17309",-2.266
"17311",-0.3621
"17312",-0.517
"17313",-1.2252
"17314",1.6749
"17318",1.2424
"17319",1.1283
"17329",0.1395
"17330",0.2853
"17341",-0.7728
"17342",0.4374
"17344",0.0053
"17345",-0.2409
"17346",0.2123
"17347",-0.5671
"17349",2.3471
"17350",0.0015
"17354",1.9536
"17355",-1.2515
"17356",-2.2045
"17357",0.678
"17364",1.9737
"17380",-0.7805
"17385",-0.3452
"17387",-2.7747
"17388",-0.9188
"17389",2.0443
"17390",-1.4764
"17391",-1.2981
"17395",-0.4312
"17420",-0.1234
"17423",1.077
"17425",-1.4645
"17427",-1.6315
"17428",-0.6088
"17434",2.0473
"17436",2.1183
"17441",-0.1302
"17444",-0.4682
"17448",-0.9412
"17449",1.6436
"17450",2.4931
"17454",-1.5156
"17463",0.8239
"17470",0.7278
"17472",0.5931
"17475",-3.0851
"17476",0.9375
"17480",-2.3423
"17523",-0.2266
"17524",-0.5303
"17527",-1.1539
"17532",-1.5267
"17533",-1.4054
"17534",-0.5336
"17535",1.108
"17536",-1.3166
"17537",0.6368
"17540",-0.8244
"17681",-0.5414
"17684",-0.9097
"17685",1.0704
"17686",0.9137
"17688",1.2703
"17690",-0.9486
"17691",2.2449
"17692",0.6185
"17698",-0.4349
"17700",1.6225
"17701",0.5667
"17702",-0.1875
"17703",1.215
"17713",-1.1254
"17714",2.1102
"17748",2.2468
"17749",1.1001
"17750",1.7943
"17751",-0.5644
"17754",-1.7201
"17755",2.3799
"17758",1.0737
"17760",-1.8542
"17761",-1.1291
"17762",-3.7345
"17763",-0.1408
"17764",-1.2696
"17765",1.3539
"17766",-1.1043
"17768",0.19
"17769",-1.5571
"17771",0.1284
"17772",0.5347
"17775",1.6232
"17776",-2.0046
"17777",0.306
"17826",-1.2357
"17827",-0.4928
"17828",0.6861
"17829",0.3884
"17831",-1.325
"17846",0.184
"17847",3.5183
"17850",0.1151
"17855",0.1652
"17857",1.1176
"17858",0.2319
"17859",-1.2848
"17863",0.89
"17864",1.1718
"17865",-1.9511
"17868",0.154
"17869",0.5443
"17872",-0.4053
"17873",1.5135
"17874",-0.0769
"17876",-0.5526
"17879",0.8497
"17880",0.3689
"17882",-0.5741
"17883",-0.5639
"17884",1.0086
"17885",-0.5393
"17886",-1.755
"17888",1.3188
"17896",-0.8703
"17901",0.4572
"17904",-1.2446
"17906",-2.5451
"17907",-1.1572
"17909",0.1891
"17910",-1.2306
"17912",0.3487
"17913",2.2199
"17916",-0.8922
"17918",-0.1564
"17919",-3.3614
"17920",-1.6632
"17921",-0.7176
"17922",0.5247
"17925",-1.8868
"17926",-5.6669
"17928",0.4261
"17929",-0.5528
"17930",-0.9552
"17931",0.8601
"17932",0.7316
"17933",0.5159
"17936",2.3271
"17937",-0.834
"17938",0.7353
"17939",0.0642
"17940",0.0803
"17948",1.0016
"17951",0.6221
"17952",-2.7243
"17954",-0.8812
"17955",-0.4348
"17957",-0.4032
"17960",2.1499
"17961",-0.8561
"17965",0.1966
"17966",-0.2588
"17967",-1.5563
"17968",1.2024
"17969",-0.1747
"17970",-0.271
"17972",1.1334
"17973",2.3347
"17974",0.111
"17975",-0.0122
"17977",0.4071
"17978",0.7168
"17979",-0.5149
"17984",1.6828
"17986",2.1798
"17988",-1.937
"17991",-2.2695
"17992",-0.3854
"17993",1.0744
"17995",-2.524
"17996",1.2404
"17997",1.4523
"17999",1.0197
"18000",0.2274
"18002",2.8311
"18003",3.6311
"18004",0.7564
"18005",0.6663
"18007",-0.5285
"18008",0.1316
"18010",-0.0368
"18011",-2.8665
"18012",2.513
"18013",0.2603
"18014",0.2776
"18015",0.8654
"18016",0.0801
"18018",-0.0375
"18019",-0.0471
"18020",-0.6632
"18022",0.3751
"18023",-3.4104
"18024",0.8943
"18025",-0.5436
"18027",-1.3574
"18028",-0.3365
"18029",-0.9383
"18030",-1.9724
"18032",-2.3298
"18033",-0.4411
"18034",-0.3763
"18035",-0.6428
"18036",1.0102
"18037",1.3831
"18038",-2.4039
"18039",-0.3348
"18040",-3.237
"18041",-0.5903
"18044",-1.435
"18045",2.985
"18046",-0.0947
"18049",1.2563
"18053",0.6617
"18054",-1.4145
"18071",-0.3772
"18072",1.3155
"18073",-0.9809
"18074",1.5093
"18080",0.8061
"18081",1.123
"18082",-0.1142
"18087",-0.3513
"18088",-0.886
"18094",0.4041
"18095",-2.6434
"18096",-0.8396
"18099",-0.1272
"18100",-0.5263
"18101",0.3866
"18102",1.0908
"18103",0.2698
"18104",0.2725
"18105",0.6051
"18107",-1.2075
"18108",0.1666
"18109",0.6334
"18111",0.2333
"18113",-0.2989
"18114",-2.1027
"18115",-3.9511
"18117",-2.6546
"18119",1.6985
"18120",0.7793
"18121",-1.037
"18124",3.1251
"18125",-3.8126
"18126",0.3288
"18127",-1.0108
"18128",-0.5649
"18129",-0.2799
"18130",2.73
"18131",0.0458
"18132",0.2617
"18133",-3.161
"18139",1.9504
"18140",0.1155
"18141",2.0532
"18142",0.4108
"18143",-2.136
"18145",0.3858
"18146",-0.3507
"18148",1.6646
"18150",1.306
"18155",0.9091
"18158",-1.1532
"18159",2.4144
"18160",-1.4803
"18162",1.2125
"18163",-2.397
"18164",-4.4648
"18166",1.7067
"18167",1.8223
"18168",1.5287
"18173",0.4849
"18174",0.4108
"18175",1.257
"18176",-0.7732
"18181",-1.0216
"18183",2.1877
"18185",0.8377
"18186",2.8876
"18187",2.109
"18188",-1.1791
"18189",0.9961
"18190",-2.8293
"18191",1.9762
"18193",0.1283
"18194",1.8375
"18195",0.2698
"18196",-0.9334
"18197",-0.8861
"18198",-0.3925
"18201",-0.1911
"18203",1.9405
"18205",-0.4371
"18207",-0.8502
"18208",-0.7432
"18209",-0.3412
"18211",2.0712
"18212",0.765
"18213",0.2734
"18214",-0.6066
"18216",-1.5407
"18217",-1.8597
"18218",-0.3105
"18220",-1.5315
"18221",-3.9126
"18222",0.6673
"18223",-2.2691
"18226",-0.4319
"18227",-0.42
"18230",-0.9507
"18231",1.753
"18232",-0.6911
"18241",1.2905
"18242",-0.2184
"18245",-0.4233
"18247",1.5841
"18256",-0.1844
"18260",0.5049
"18263",3.0681
"18285",-0.0448
"18286",1.2809
"18292",-3.3874
"18293",-0.1877
"18294",0.053
"18295",-0.8847
"18301",-1.8634
"18302",2.3377
"18330",-0.2119
"18362",-0.3916
"18377",2.5761
"18378",0.3501
"18383",1.4081
"18386",-0.0862
"18387",1.1635
"18389",-1.194
"18390",1.2081
"18391",2.177
"18392",-0.0446
"18393",1.4859
"18399",-0.5996
"18400",1.8306
"18408",1.2953
"18412",-1.3873
"18413",1.405
"18414",-0.0846
"18415",0.3581
"18417",-1.2028
"18420",0.9903
"18423",-0.2524
"18424",0.3518
"18426",-0.6724
"18429",0.8053
"18430",-1.5354
"18431",0.2264
"18432",-1.0781
"18436",-0.196
"18438",0.0838
"18439",-0.3005
"18440",-1.0673
"18441",0.5281
"18442",-0.3012
"18451",0.8972
"18452",-0.5002
"18453",-1.1443
"18457",1.1329
"18458",0.4823
"18472",0.8148
"18475",1.0642
"18476",0.1601
"18477",1.7051
"18478",-0.8937
"18479",-1.1755
"18481",0.2233
"18483",-5.5812
"18484",-1.0252
"18488",1.5833
"18491",0.7802
"18504",1.0026
"18505",-0.2671
"18507",2.2283
"18508",0.6468
"18509",0.2304
"18510",-0.6971
"18514",-0.3601
"18515",-1.793
"18516",0.3195
"18518",-0.6855
"18519",1.5218
"18521",-0.2903
"18526",0.1477
"18530",0.0165
"18534",-0.5641
"18536",3.1633
"18537",-0.6677
"18538",0.0844
"18541",-3.1211
"18542",1.1092
"18545",1.662
"18546",2.0292
"18548",1.9243
"18549",1.0077
"18550",-1.8786
"18551",-0.4367
"18552",1.3677
"18553",-0.7553
"18554",0.101
"18555",-0.2839
"18557",-1.0626
"18559",0.5202
"18563",-1.8668
"18567",-0.2637
"18569",-2.5344
"18570",-0.367
"18571",1.5743
"18572",-0.5874
"18573",2.0961
"18574",-1.2997
"18575",-0.0364
"18576",1.3081
"18577",-0.1771
"18578",0.262
"18582",1.1245
"18583",0.4913
"18584",0.3675
"18585",-0.3002
"18587",0.4379
"18588",1.1193
"18590",0.3624
"18591",-0.7405
"18595",0.3495
"18596",0.0678
"18597",0.6872
"18600",-0.9768
"18604",-0.6696
"18605",0.9075
"18606",1.1588
"18607",0.358
"18610",-2.339
"18611",-0.3558
"18612",1.0462
"18613",-0.0159
"18616",0.0749
"18618",1.4555
"18619",2.0079
"18624",-0.7252
"18626",2.8119
"18627",5.2839
"18628",-1.4315
"18631",0.4535
"18632",-0.0423
"18633",-1.4085
"18634",-0.2299
"18636",-0.7788
"18637",0.31
"18639",0.0553
"18640",2.1399
"18641",0.1911
"18642",-1.1593
"18643",1.587
"18645",0.3293
"18647",0.2224
"18648",0.744
"18654",1.1325
"18655",1.1058
"18667",-0.4672
"18669",-0.5682
"18670",-0.4806
"18671",1.7172
"18673",-0.3492
"18674",1.0582
"18675",1.3608
"18676",-3.4009
"18679",-1.5535
"18682",-3.0929
"18685",0.5792
"18689",0.4915
"18693",-0.4951
"18700",0.903
"18701",0.0724
"18704",2.5429
"18705",0.0114
"18706",0.651
"18707",-2.4928
"18708",-0.944
"18709",-1.2687
"18710",-0.0263
"18711",1.188
"18712",-0.7935
"18715",0.9668
"18717",-0.7878
"18718",-1.0269
"18719",0.9938
"18720",0.9115
"18733",0.4244
"18738",1.5106
"18739",-3.0353
"18744",-1.5861
"18747",0.7102
"18749",-2.0796
"18750",0.9803
"18751",1.4341
"18752",-0.9581
"18753",0.6461
"18754",1.7347
"18755",-0.4115
"18759",-0.2743
"18760",0.0073
"18761",-0.1815
"18762",-1.0264
"18763",-1.0691
"18764",-0.5927
"18766",1.3149
"18767",-0.0034
"18768",-0.0717
"18769",0.4383
"18770",-0.5979
"18771",-1.1957
"18777",2.2784
"18779",1.0962
"18781",-0.6504
"18782",0.9772
"18783",0.2316
"18784",0.4111
"18786",3.0392
"18787",1.8608
"18789",1.8339
"18791",-0.687
"18792",-0.2836
"18793",-0.4878
"18795",1.6785
"18796",-1.2999
"18797",-1.2904
"18798",0.7834
"18799",0.2349
"18802",-1.9746
"18803",-2.5087
"18805",-0.4156
"18806",-1.3845
"18807",0.5977
"18810",-4.3422
"18813",1.0764
"18816",1.0201
"18817",-1.5532
"18821",0.0324
"18822",-0.1894
"18824",0.2634
"18826",-0.6342
"18828",0.2131
"18829",0.2272
"18830",0.9618
"18843",0.2805
"18844",-0.8577
"18845",1.3165
"18846",-2.3222
"18854",-1.1545
"18858",1.2065
"18861",0.1991
"18933",2.0552
"18938",1.5933
"18947",-1.6691
"18949",-0.3368
"18950",1.1923
"18951",-2.0231
"18952",0.0027
"18968",-0.6342
"18969",0.4481
"18970",-1.2785
"18971",-1.8286
"18972",-0.1468
"18973",1.0591
"18974",-0.5599
"18975",-2.5911
"18976",0.8628
"18979",1.7207
"18983",2.6062
"18984",1.8856
"18985",-1.185
"18986",0.5206
"18987",-1.1426
"18988",-0.8654
"18991",1.4155
"18992",-0.2306
"18993",-2.4476
"18994",0.0952
"18996",-0.281
"19009",-3.0634
"19011",-0.1076
"19012",0.6821
"19013",-0.3431
"19014",-1.0722
"19015",-1.2148
"19016",-0.5732
"19017",0.6621
"19018",-0.8564
"19023",-0.4591
"19024",-0.149
"19025",1.2391
"19027",0.9852
"19035",0.63
"19038",-1.6564
"19039",1.5787
"19041",1.5578
"19042",-1.0734
"19043",-0.308
"19044",-1.0859
"19045",0.6878
"19046",1.6971
"19047",-0.4909
"19049",-0.7277
"19051",0.2504
"19052",1.2308
"19053",0.8283
"19054",-2.7428
"19056",2.5528
"19057",0.8934
"19058",2.9908
"19059",-0.1279
"19060",0.4917
"19062",-0.2345
"19063",3.0719
"19069",1.1817
"19070",3.7971
"19072",0.6474
"19073",1.5685
"19075",-0.3893
"19076",0.7229
"19079",0.5781
"19082",-0.4919
"19084",-0.3043
"19085",-0.3839
"19087",0.5917
"19088",-0.5323
"19089",-2.1871
"19090",-0.5275
"19091",0.7695
"19092",0.0251
"19094",-2.4613
"19099",-2.0411
"19106",2.6426
"19108",0.5641
"19109",1.352
"19116",0.8366
"19124",-0.1912
"19125",-2.9734
"19126",0.6981
"19128",-1.0517
"19130",1.2736
"19132",-0.9924
"19133",-0.9288
"19134",0.2233
"19139",0.5375
"19141",-0.2463
"19142",1.4275
"19143",-1.2873
"19144",0.332
"19152",-2.104
"19153",-0.2577
"19155",-0.8114
"19157",-2.6716
"19158",-1.3965
"19159",1.6089
"19164",-0.5542
"19165",0.1074
"19166",3.1615
"19167",1.8231
"19170",0.5615
"19171",-0.1749
"19172",1.1237
"19173",-0.9861
"19175",0.6792
"19177",0.9092
"19179",-0.2686
"19181",1.9555
"19182",-0.3115
"19183",1.8147
"19184",-0.6857
"19185",-0.2918
"19186",0.8308
"19188",2.0648
"19192",1.5352
"19193",0.6463
"19197",-1.5102
"19200",-0.3271
"19201",-0.5956
"19204",-0.0318
"19205",2.0188
"19206",1.0243
"19207",1.4453
"19210",0.4026
"19211",1.3768
"19212",3.3654
"19214",0.5361
"19215",-1.6209
"19216",-1.2875
"19217",2.5463
"19218",-1.0707
"19219",0.6466
"19220",0.5834
"19221",-1.0916
"19223",-0.4455
"19224",-0.9996
"19225",5.7954
"19227",-1.876
"19228",-1.6998
"19229",-0.7979
"19230",1.3046
"19231",-1.6784
"19240",-1.7115
"19241",3.7151
"19242",-0.3893
"19243",1.9017
"19244",1.7318
"19245",-0.7373
"19246",-0.8127
"19247",-1.2423
"19248",2.1226
"19249",-0.3551
"19250",-1.5815
"19252",0.5697
"19253",0.2613
"19255",0.552
"19256",0.8599
"19258",1.4032
"19259",0.1539
"19260",0.4613
"19261",-2.4957
"19262",0.7586
"19263",3.2939
"19264",1.7909
"19265",0.3834
"19266",-1.4945
"19267",0.9983
"19268",-0.0387
"19270",2.2098
"19271",-0.8174
"19272",-2.0143
"19273",-1.1491
"19274",-2.7837
"19275",-0.8933
"19276",-0.5029
"19277",1.8025
"19279",1.4726
"19280",-2.9209
"19281",0.8923
"19283",1.9693
"19285",-1.2673
"19286",2.0513
"19288",-0.0445
"19289",-0.494
"19290",2.5166
"19291",0.9259
"19293",-0.6883
"19294",1.341
"19296",-0.7266
"19298",-0.8298
"19299",0.1765
"19300",-0.8604
"19301",0.4778
"19302",0.6947
"19303",-1.8694
"19305",-2.3539
"19309",0.1691
"19317",1.1637
"19324",1.9378
"19325",2.2221
"19326",-2.2406
"19328",1.3143
"19330",0.8194
"19331",0.5205
"19332",0.4645
"19334",0.4029
"19335",1.9462
"19336",-2.912
"19337",0.438
"19338",0.9899
"19339",0.3764
"19340",0.6128
"19341",-0.3686
"19342",0.2689
"19344",-1.9602
"19345",0.4787
"19346",3.8261
"19347",-1.3125
"19348",0.1593
"19349",1.9621
"19352",1.2239
"19353",-0.0743
"19354",-0.3704
"19355",-0.2556
"19356",2.0748
"19357",-1.173
"19358",1.9361
"19359",1.5327
"19360",1.0123
"19361",-0.2596
"19362",1.4131
"19363",0.3333
"19364",-0.9388
"19365",-0.4246
"19366",-1.1978
"19367",-1.4981
"19376",-0.1413
"19377",-0.9796
"19378",-0.7478
"19383",-1.3103
"19384",-1.8685
"19385",1.1866
"19386",1.3296
"19387",-1.9176
"19395",-1.1501
"19400",0.5383
"19401",3.0054
"19411",0.1192
"19414",-0.2041
"19415",-3.1561
"19416",0.3469
"19417",-1.0866
"19418",0.7366
"19419",4.9936
"19428",1.911
"19434",0.5531
"19645",0.5631
"19646",-0.112
"19647",-0.3063
"19649",-2.6216
"19650",-0.0656
"19651",-0.2318
"19652",3.3137
"19653",-2.1308
"19654",-0.4972
"19655",3.3247
"19656",2.3974
"19659",0.5191
"19660",-0.1464
"19661",0.1716
"19662",0.1631
"19663",0.4169
"19664",2.0415
"19671",-1.2515
"19672",-0.5
"19674",-0.364
"19679",-3.1284
"19682",0.1551
"19684",1.2253
"19687",-0.4046
"19691",-1.2404
"19696",1.7964
"19697",0.4252
"19698",0.7985
"19699",0.565
"19700",0.4119
"19701",0.7192
"19703",-1.2314
"19704",-3.4967
"19707",2.0077
"19708",0.2735
"19711",0.1818
"19712",0.7228
"19713",0.7354
"19714",3.0854
"19716",-1.2986
"19718",-1.1173
"19719",-2.925
"19720",1.9404
"19724",-1.393
"19725",-1.6909
"19726",2.0453
"19727",-0.9707
"19729",0.6064
"19730",-2.5927
"19731",-1.2534
"19732",-2.0096
"19733",-0.0044
"19734",-1.4444
"19735",1.6792
"19736",1.0331
"19737",2.3448
"19739",-0.9766
"19744",3.5039
"19752",0.1999
"19762",0.5374
"19763",-1.5492
"19765",-2.9627
"19766",0.975
"19769",-0.159
"19771",-2.6476
"19773",0.7654
"19775",2.0076
"19777",2.8488
"19782",0.8357
"19817",3.1244
"19819",-0.3299
"19820",0.2855
"19821",1.6917
"19822",-0.1558
"19823",0.6967
"19826",0.8459
"19842",-1.1383
"19848",0.4597
"19876",-0.5449
"19877",0.858
"19878",0.4964
"19879",-0.0883
"19881",-0.7115
"19882",0.7992
"19883",-0.7301
"19885",0.261
"19888",0.3446
"19889",1.372
"19891",-1.8899
"19892",0.4715
"19893",1.6469
"19894",-0.6196
"19895",1.3168
"19896",-0.9763
"19899",0.3167
"19921",1.6453
"19933",2.7678
"19934",0.5788
"19935",0.5076
"19941",1.2594
"19942",0.7129
"19943",0.5774
"19944",2.3979
"19946",0.4339
"19951",-1.4811
"19981",-0.4022
"19982",1.1318
"19988",1.9413
"19989",0.1211
"20005",0.8639
"20014",-0.8201
"20016",-1.617
"20017",0.9665
"20018",1.0002
"20019",-0.3683
"20020",-0.7618
"20021",0.8058
"20022",-0.4356
"20024",2.688
"20042",-0.199
"20044",0.4766
"20054",1.5485
"20055",-2.6808
"20068",-0.5967
"20084",-2.0976
"20085",0.3187
"20088",1.7422
"20090",-2.3074
"20102",-0.7143
"20103",-0.9161
"20104",-4.7736
"20111",-1.9637
"20112",-1.3499
"20115",1.6625
"20116",-0.0342
"20128",1.2688
"20130",1.2024
"20132",-0.7165
"20133",2.1748
"20135",1.4799
"20147",0.1647
"20148",-1.4174
"20163",1.4119
"20166",-2.538
"20167",-3.5857
"20170",0.1869
"20174",0.0104
"20181",-4.4802
"20182",-3.848
"20183",-1.7124
"20184",-0.086
"20185",-0.753
"20186",-0.0355
"20187",1.7668
"20190",0.215
"20191",-0.8536
"20192",0.1126
"20193",0.5088
"20194",-0.7981
"20195",1.4465
"20196",-1.7879
"20197",1.6207
"20198",-0.87
"20199",0.0368
"20200",-0.4197
"20201",0.0252
"20202",-1.0578
"20203",-0.7197
"20204",-0.6205
"20208",0.4195
"20215",-1.0662
"20216",-2.1618
"20218",0.571
"20220",-1.5518
"20222",-1.9915
"20224",1.0975
"20226",-0.2071
"20227",-2.9501
"20229",-1.6845
"20230",-2.1518
"20234",0.4205
"20238",-1.8826
"20239",0.6109
"20249",0.221
"20250",-1.5875
"20254",3.3082
"20255",1.3825
"20256",-0.6299
"20257",0.4828
"20259",-2.3235
"20262",0.0439
"20264",0.2694
"20265",0.4726
"20266",-2.3072
"20269",0.6943
"20271",1.0801
"20272",0.9331
"20273",-0.5392
"20274",-0.4102
"20276",-1.5991
"20277",-0.653
"20278",-0.5753
"20280",1.3507
"20284",1.8904
"20286",-3.898
"20288",-0.7434
"20289",-1.0157
"20293",-0.8353
"20295",0.6361
"20299",0.0403
"20300",1.0923
"20301",0.9638
"20302",2.1903
"20303",-0.4079
"20304",-1.3898
"20305",-0.4883
"20308",2.221
"20311",0.6309
"20312",-1.2912
"20315",-2.6857
"20316",1.3714
"20317",1.2635
"20318",-1.621
"20319",0.2962
"20320",1.2111
"20321",1.1834
"20322",-0.789
"20324",0.6405
"20333",-1.0021
"20334",1.0577
"20335",0.6424
"20336",0.8611
"20338",-0.6632
"20340",-1.3762
"20341",-1.8089
"20345",-1.6928
"20346",0.4009
"20347",0.3184
"20348",2.9245
"20349",2.7762
"20350",0.6783
"20351",0.445
"20352",0.2106
"20353",-1.9129
"20354",-0.7805
"20355",-3.3003
"20356",3.0164
"20357",-0.4823
"20358",0.7056
"20359",-2.7802
"20360",-1.4498
"20361",-0.4806
"20362",-3.8063
"20363",0.6965
"20364",1.0636
"20365",-0.97
"20370",0.5802
"20371",-1.1228
"20375",-0.6116
"20377",0.3806
"20378",-2.5822
"20379",0.0827
"20382",0.7543
"20383",-1.1474
"20384",-1.8023
"20389",-2.1806
"20391",-0.7927
"20392",0.6168
"20393",4.031
"20394",0.7167
"20397",0.8781
"20399",-1.4045
"20401",-1.5116
"20402",-1.3928
"20403",-0.9148
"20404",0.9454
"20405",-1.3755
"20408",0.3486
"20409",1.467
"20410",-0.6292
"20411",-2.7078
"20415",-0.8042
"20416",0.5433
"20418",-0.9231
"20419",1.966
"20420",-0.3383
"20422",-0.9216
"20423",0.168
"20425",0.4179
"20429",-2.1626
"20430",1.4785
"20431",-0.0231
"20437",1.7714
"20438",0.1912
"20439",0.9774
"20440",-2.4821
"20441",-1.9191
"20442",-5.3816
"20443",-1.5628
"20444",-2.164
"20446",-0.179
"20447",0.9669
"20448",0.0577
"20449",1.8689
"20450",0.658
"20451",3.5884
"20452",1.8349
"20454",0.5769
"20460",-1.5197
"20462",2.4212
"20463",-0.1188
"20465",0.0868
"20466",2.0894
"20467",-1.7298
"20469",0.3837
"20471",0.8891
"20472",0.0252
"20473",1.5679
"20474",0.8042
"20475",-1.0333
"20479",1.6772
"20480",-1.1033
"20481",-0.5847
"20482",4.7106
"20491",0.8627
"20492",-0.0626
"20493",-0.2585
"20495",-1.7181
"20496",3.1195
"20498",-0.0787
"20499",0.1658
"20501",1.096
"20502",0.6182
"20503",2.3731
"20508",0.8666
"20509",-1.1641
"20510",1.3289
"20511",-1.2191
"20512",-0.3155
"20513",0.4001
"20514",-0.8816
"20515",-1.2516
"20516",-0.9616
"20517",0.2529
"20518",-0.6628
"20519",0.5146
"20520",-0.1465
"20521",0.3576
"20522",-0.7544
"20523",-0.3137
"20524",2.2361
"20525",0.2916
"20526",-0.3306
"20527",-0.8291
"20528",1.0851
"20529",1.7003
"20530",0.3962
"20532",1.7777
"20534",-0.0886
"20535",-0.056
"20536",-3.2766
"20537",0.7387
"20539",0.317
"20540",-0.0303
"20541",4.1855
"20544",-0.6071
"20556",0.0449
"20557",-0.8343
"20562",-0.7177
"20563",2.1923
"20564",-0.2736
"20583",1.1116
"20585",-0.8663
"20586",-3.1534
"20587",0.6164
"20588",-1.035
"20589",0.157
"20591",-2.1252
"20592",-1.1212
"20595",0.5194
"20597",2.6652
"20598",-0.6369
"20602",-2.0392
"20603",0.9954
"20604",2.9831
"20605",-2.9112
"20606",1.2824
"20607",-1.5882
"20608",-0.8013
"20609",-0.0287
"20610",-1.1668
"20612",2.1801
"20613",-0.0668
"20615",1.4375
"20616",0.7755
"20617",-2.8919
"20618",0.4581
"20619",0.0096
"20620",3.1547
"20621",-2.4099
"20623",-2.8677
"20624",-1.1328
"20630",-0.9813
"20637",-4.0722
"20638",-2.5708
"20639",1.2532
"20641",1.8787
"20643",1.6005
"20646",0.1163
"20648",-2.3462
"20649",1.9674
"20650",0.2369
"20652",-0.8769
"20655",-2.8941
"20656",0.3633
"20657",-1.3369
"20658",-2.6267
"20660",0.2562
"20661",-1.3076
"20662",3.8614
"20663",1.3215
"20664",0.1212
"20665",-2.2767
"20666",-0.8142
"20667",-0.5024
"20668",0.7137
"20669",0.264
"20670",-0.1968
"20671",-0.9518
"20672",0.441
"20674",-2.2942
"20675",-0.5766
"20677",-0.91
"20678",-0.6081
"20679",-0.2524
"20680",0.7783
"20681",-0.6173
"20682",-1.4169
"20683",-1.3297
"20684",-2.3983
"20686",1.1557
"20687",1.0188
"20688",0.7649
"20689",-0.567
"20692",1.9697
"20698",-0.7671
"20706",-0.1997
"20708",1.3149
"20713",1.158
"20715",0.5792
"20716",3.9242
"20719",-1.338
"20720",0.415
"20723",1.195
"20725",1.8135
"20729",0.3871
"20732",-1.6329
"20733",-0.3164
"20737",-0.8587
"20739",0.5109
"20740",-1.493
"20741",-3.0908
"20743",-2.2282
"20744",-2.2145
"20745",-0.0448
"20747",-1.6869
"20750",0.2404
"20751",-1.1178
"20768",1.2623
"20773",1.1282
"20775",0.9277
"20776",0.4556
"20778",1.7001
"20779",-2.8203
"20787",-0.4945
"20788",-1.7095
"20807",-1.3723
"20810",2.35
"20811",1.4204
"20813",-1.251
"20815",-0.0452
"20817",-0.6201
"20818",-0.9067
"20821",0.2619
"20822",2.3489
"20823",2.5899
"20826",2.1181
"20832",1.6492
"20833",-2.0401
"20840",2.1698
"20841",0.0926
"20842",0.1509
"20843",0.6815
"20844",2.4784
"20845",-0.0737
"20846",0.6044
"20847",-1.4855
"20848",0.6639
"20849",-1.0973
"20850",1.4686
"20851",-0.4974
"20852",-1.4247
"20853",0.6831
"20855",-0.5182
"20856",-0.2074
"20866",-1.2765
"20867",-0.7412
"20868",-2.1842
"20869",-1.1213
"20872",0.5664
"20873",-2.2269
"20874",1.1311
"20877",1.7048
"20878",-0.4059
"20887",-0.7548
"20888",1.4849
"20892",1.009
"20893",4.019
"20897",0.2315
"20901",2.8589
"20907",-3.1903
"20908",3.2682
"20909",-2.0144
"20910",-1.722
"20911",-1.01
"20912",1.2291
"20913",-0.1291
"20916",1.8239
"20917",1.0104
"20918",2.4683
"20922",-0.9224
"20924",-2.6479
"20926",0.5734
"20927",0.1904
"20928",-0.4327
"20930",-0.3472
"20931",1.4466
"20932",1.5691
"20933",-1.4598
"20935",-1.4798
"20937",1.1112
"20947",-1.5823
"20955",4.6799
"20962",1.6689
"20963",-1.1503
"20964",1.1966
"20965",-1.2955
"20969",-0.5205
"20970",-1.8969
"20971",-0.5227
"20972",-2.4781
"20973",0.3579
"20974",-2.6123
"20975",0.5439
"20980",-1.8686
"20981",-0.0623
"20983",0.4315
"21331",0.2493
"21333",1.5661
"21334",0.7834
"21335",-0.1884
"21336",1.3558
"21337",-1.0512
"21338",0.2588
"21339",-0.4761
"21340",1.6257
"21341",-1.5607
"21343",-0.0292
"21345",2.3082
"21346",0.2532
"21349",-0.7787
"21350",1.3137
"21351",-0.8357
"21353",2.1743
"21354",0.0452
"21355",-2.0452
"21356",-1.6983
"21357",0.1523
"21366",0.5506
"21367",-3.0927
"21371",0.0813
"21372",0.9107
"21374",1.3713
"21375",-2.5446
"21376",0.1039
"21378",0.0607
"21379",0.4162
"21384",-2.4903
"21385",-2.1406
"21386",-0.0956
"21389",-1.4122
"21390",1.3793
"21391",-0.4019
"21393",0.5601
"21399",4.1018
"21400",-1.2373
"21401",-0.3854
"21402",2.5653
"21405",0.6128
"21406",2.2513
"21407",-0.2585
"21408",0.9617
"21410",0.9195
"21411",-0.548
"21412",-0.2119
"21413",-1.0092
"21414",0.7296
"21415",-0.2677
"21416",-1.7487
"21417",1.4621
"21418",0.6121
"21419",-1.1714
"21420",1.4427
"21422",0.0699
"21423",-0.9764
"21425",-2.8366
"21427",0.6927
"21428",3.9045
"21429",-2.8326
"21452",0.3946
"21453",-1.27
"21454",0.5186
"21462",1.5141
"21463",-1.6985
"21645",-2.0047
"21646",0.4885
"21648",0.2657
"21652",-4.2446
"21664",0.2846
"21665",0.5774
"21667",0.3237
"21672",2.6101
"21673",-0.6132
"21676",-0.1155
"21677",-0.7257
"21678",0.3733
"21679",-0.5584
"21681",-1.5863
"21682",0.9946
"21683",-0.0409
"21684",0.7906
"21685",-3.0509
"21687",1.2717
"21689",0.2909
"21743",1.3337
"21745",-0.8219
"21749",0.3871
"21750",-1.0186
"21752",0.6119
"21753",0.4181
"21754",-2.3964
"21761",-0.7078
"21762",0.2141
"21763",-1.4035
"21766",-1.9847
"21767",-1.3977
"21769",-1.4484
"21770",-1.9179
"21771",1.9495
"21778",-0.117
"21780",0.2461
"21781",-0.2106
"21787",2.7583
"21788",0.9772
"21789",-1.2262
"21802",1.3899
"21803",-1.635
"21804",1.3224
"21807",0.4594
"21808",-0.023
"21809",-0.2732
"21810",0.4396
"21812",0.4743
"21813",-0.5372
"21814",0.2125
"21815",-0.6061
"21817",-0.8056
"21818",-2.2418
"21819",-0.7696
"21821",0.256
"21822",0.6101
"21823",2.0088
"21824",-0.7169
"21825",0.7895
"21826",-0.2808
"21827",-0.4552
"21828",-3.5091
"21830",1.8835
"21832",-0.9015
"21833",-3.161
"21834",1.5317
"21835",-0.4974
"21838",-1.0576
"21841",0.9875
"21843",-0.8076
"21844",-0.4575
"21846",0.9462
"21847",3.1536
"21848",1.8448
"21849",-1.7988
"21853",-0.157
"21854",1.1481
"21855",-0.47
"21856",0.7826
"21857",1.2303
"21858",-0.8734
"21859",1.3619
"21869",0.5449
"21871",0.0026
"21872",0.878
"21873",-2.0739
"21877",1.36
"21881",-1.856
"21885",-0.1045
"21886",-3.2338
"21887",-1.5866
"21888",0.5483
"21892",0.9068
"21894",-1.9781
"21897",2.2499
"21898",0.0727
"21899",-0.6728
"21906",1.2096
"21907",0.1613
"21912",-0.1431
"21915",0.2948
"21916",0.6488
"21917",-0.0696
"21922",-0.2715
"21923",-0.4171
"21924",-3.4058
"21927",-1.2506
"21928",-1.4596
"21929",0.3606
"21930",-0.2597
"21933",-1.7926
"21934",-0.6964
"21935",0.3925
"21936",-0.5312
"21937",0.8067
"21938",0.4659
"21939",-0.2147
"21940",-0.5282
"21941",0.8059
"21942",-1.0367
"21944",-1.3237
"21945",-1.3249
"21946",0.5811
"21949",1.4368
"21950",-0.3816
"21951",0.6661
"21952",0.9225
"21953",1.6366
"21954",-0.1255
"21955",-2.6533
"21956",3.3216
"21957",0.7298
"21960",1.9296
"21961",-0.2562
"21968",-0.3938
"21969",0.08
"21973",0.7244
"21974",2.1875
"21975",-0.3993
"21976",0.7157
"21981",-1.0477
"21982",0.816
"21983",-1.1929
"21985",0.3508
"21987",0.8931
"21990",-1.0102
"21991",-2.0823
"22003",-0.9436
"22004",0.4025
"22017",-0.0207
"22018",0.4139
"22019",3.497
"22021",-0.2881
"22022",-1.1922
"22025",-0.2901
"22026",1.4508
"22027",-1.6645
"22029",-0.9776
"22030",0.8684
"22031",-1.4886
"22032",-1.0499
"22033",0.0338
"22034",1.4643
"22035",-0.8568
"22036",-2.2361
"22040",0.8129
"22041",-0.3711
"22042",3.8068
"22044",1.6889
"22045",1.7431
"22051",-0.2857
"22057",-0.9117
"22059",-1.1149
"22061",-3.2643
"22062",0.1376
"22063",0.7972
"22064",-2.6818
"22065",0.1392
"22066",2.4146
"22067",2.0543
"22068",-2.8084
"22070",2.3622
"22083",-0.0361
"22084",-0.9396
"22088",1.1224
"22092",0.7068
"22094",0.8086
"22095",-0.5398
"22097",0.1567
"22099",-0.2579
"22110",-0.7576
"22114",0.3954
"22115",-0.3755
"22116",-2.2639
"22117",-0.6937
"22121",-0.9884
"22122",-1.7168
"22123",-0.5591
"22127",-0.554
"22129",-0.5479
"22130",-1.5901
"22134",0.3673
"22137",1.0843
"22138",1.6502
"22139",1.2056
"22141",-2.4308
"22142",-0.302
"22143",0.6705
"22145",2.2822
"22146",0.2901
"22151",1.6593
"22152",-0.7301
"22153",1.9686
"22154",0.5546
"22156",0.327
"22157",-1.1114
"22158",0.5602
"22160",0.7613
"22163",1.1661
"22165",-0.3138
"22166",3.0315
"22169",-0.5853
"22171",-0.6261
"22173",-0.029
"22174",-1.3879
"22177",-0.7932
"22178",0.7728
"22183",-3.9625
"22184",-0.6014
"22185",-2.9645
"22186",1.2314
"22187",0.0494
"22190",-3.2799
"22192",0.0094
"22193",-1.3374
"22194",2.7575
"22195",1.6169
"22196",0.1052
"22200",1.3325
"22201",0.6875
"22202",-1.176
"22209",2.0449
"22210",1.312
"22213",0.2151
"22214",-0.222
"22215",2.2192
"22217",0.0811
"22218",1.5593
"22221",0.4131
"22222",2.8821
"22223",1.6089
"22224",0.7508
"22225",-0.8274
"22227",2.0501
"22228",2.6893
"22229",1.3079
"22230",-0.6497
"22232",-1.6959
"22234",2.2731
"22235",0.0778
"22239",0.4044
"22240",-0.9264
"22241",-1.4555
"22245",-3.5759
"22247",-0.84
"22248",-0.8666
"22249",-1.8712
"22253",1.759
"22255",-0.0016
"22256",-0.6101
"22258",-1.1887
"22259",-1.7339
"22260",-1.3597
"22262",0.1407
"22268",-1.4033
"22270",-1.2633
"22271",-0.2809
"22272",-1.0011
"22273",1.0206
"22275",0.947
"22276",-0.0194
"22278",-2.0511
"22282",-1.5517
"22283",-0.778
"22284",1.5827
"22288",-0.2342
"22289",1.4654
"22290",1.7374
"22293",-1.2618
"22294",1.9489
"22295",0.2495
"22317",-0.8034
"22318",0.1386
"22319",-1.5946
"22320",-0.8091
"22321",-2.0407
"22323",-1.1299
"22324",0.1141
"22325",-0.4861
"22326",0.2133
"22327",2.7936
"22329",1.4026
"22330",0.7581
"22333",-0.7213
"22334",2.3053
"22335",3.6387
"22337",-1.0779
"22339",-0.091
"22340",-1.4171
"22341",-0.3599
"22342",0.0856
"22343",1.3352
"22344",2.4047
"22346",-0.1213
"22348",-0.1239
"22349",1.8953
"22350",-1.0204
"22351",-2.4918
"22352",-1.881
"22353",1.0501
"22354",0.6674
"22355",-0.9764
"22359",2.3829
"22360",1.4603
"22361",0.823
"22362",-2.0902
"22364",-0.6175
"22365",2.9524
"22367",1.014
"22368",0.0307
"22370",-2.772
"22371",0.6702
"22375",-1.5911
"22376",-1.2523
"22377",-1.0123
"22378",-0.9697
"22379",-0.6939
"22380",0.4493
"22381",-1.3357
"22384",-3.169
"22385",-2.2748
"22388",0.5112
"22390",0.0826
"22393",0.3936
"22401",-1.2749
"22402",-0.8414
"22403",1.6028
"22404",-0.751
"22408",-0.9958
"22409",-0.8039
"22410",0.357
"22411",-0.2838
"22412",-0.0091
"22413",2.6628
"22414",-1.6328
"22415",0.8214
"22416",-1.9569
"22417",0.4543
"22418",-0.2707
"22419",-1.725
"22420",0.1132
"22421",-2.0663
"22422",0.618
"22423",-0.345
"22427",1.282
"22428",0.6432
"22431",2.0356
"22433",-1.8668
"22436",1.5712
"22437",1.1595
"22439",1.7395
"22441",1.4616
"22445",-0.6014
"22589",1.4903
"22590",-0.1549
"22591",-0.9247
"22592",-0.2944
"22594",-1.599
"22596",2.2044
"22599",0.1534
"22601",0.5028
"22608",0.8555
"22612",0.0712
"22619",-0.2952
"22625",-2.3926
"22626",1.0441
"22627",2.2815
"22629",0.8408
"22630",2.0712
"22631",1.4009
"22632",-0.4638
"22634",-0.8206
"22635",0.6044
"22637",0.117
"22640",1.6968
"22642",-0.2216
"22643",1.437
"22644",0.668
"22646",-0.9995
"22648",0.777
"22652",-1.0543
"22654",-0.2812
"22658",-1.4184
"22661",0.9264
"22666",0.6487
"22668",-1.5053
"22670",0.8608
"22671",-2.5394
"22673",0.3154
"22678",1.1085
"22680",-0.1534
"22682",2.9971
"22685",0.7345
"22687",-0.0309
"22688",-0.0136
"22689",1.8902
"22690",2.7575
"22691",-1.012
"22693",0.4652
"22694",1.3926
"22695",-1.3957
"22696",2.834
"22697",0.6657
"22698",-1.4389
"22700",2.6765
"22701",1.082
"22704",3.2355
"22709",2.0852
"22710",1.1238
"22712",0.0764
"22715",0.7514
"22717",1.0495
"22718",3.109
"22719",-0.5585
"22720",0.7804
"22722",-0.2461
"22724",-0.1088
"22746",1.6073
"22750",0.7554
"22751",0.8783
"22754",-0.8911
"22755",-1.2832
"22756",0.154
"22757",-0.308
"22758",0.6756
"22759",1.0807
"22761",-1.7255
"22762",1.5921
"22763",-0.5436
"22764",1.8938
"22770",2.0936
"22771",1.2297
"22772",1.411
"22773",2.2298
"22774",1.3507
"22775",1.8489
"22776",0.7222
"22778",1.5886
"22779",-2.2972
"22781",0.5559
"22782",2.4589
"22784",-2.2701
"22785",-0.4106
"22787",0.7767
"22788",0.3571
"22789",-1.0448
"22791",2.6103
"22793",-1.4565
"23789",1.0087
"23790",1.1512
"23792",1.5062
"23794",0.4472
"23796",0.1966
"23797",1.5431
"23801",-1.3388
"23802",-1.0438
"23805",-2.5763
"23806",0.6501
"23807",-1.5517
"23808",-0.3469
"23821",-0.5443
"23825",1.5499
"23827",0.1792
"23828",1.4846
"23829",-0.4991
"23830",-0.6583
"23831",2.5942
"23832",1.9578
"23833",-0.5775
"23834",0.0691
"23836",-1.8444
"23837",-2.7183
"23844",-2.7974
"23845",0.553
"23849",0.4332
"23850",0.9234
"23853",0.4115
"23854",-1.3205
"23856",-0.7505
"23857",0.0492
"23859",1.518
"23863",-2.0888
"23871",-0.2632
"23872",1.2452
"23873",-0.6199
"23874",2.4579
"23876",0.172
"23877",-0.5913
"23879",-1.5025
"23880",-1.9168
"23881",-0.7672
"23882",-0.5353
"23885",2.0301
"23887",-1.2836
"23888",0.7594
"23890",1.9514
"23892",1.5414
"23893",-0.1917
"23894",0.8319
"23897",-0.5467
"23908",0.7242
"23912",-1.1805
"23917",-2.6434
"23918",0.8715
"23919",-1.1181
"23920",-1.004
"23921",-0.3998
"23922",1.2913
"23923",2.8203
"23924",0.5496
"23928",-2.195
"23934",-2.989
"23936",-1.2692
"23937",0.6121
"23938",-1.0112
"23939",1.829
"23942",1.3574
"23943",-2.589
"23945",-3.8327
"23947",1.5329
"23948",-1.6616
"23950",-0.8088
"23954",-0.015
"23955",0.6134
"23956",0.5775
"23959",1.0004
"23961",0.1104
"23962",0.8447
"23963",1.925
"23964",-2.9375
"23965",-0.1704
"23966",-1.1196
"23967",-2.3159
"23969",-3.4855
"23970",-1.9633
"23971",0.167
"23972",1.5116
"23980",-2.3143
"23983",-0.6758
"23984",-0.038
"23985",-0.4675
"23986",0.5203
"23988",-1.8992
"23989",-1.5233
"23991",-1.251
"23992",1.1678
"23993",-1.626
"23994",-0.6724
"23996",-1.0691
"23997",0.6167
"23999",-2.3153
"24000",0.1372
"24001",-1.1546
"24004",0.2515
"24010",-0.6986
"24012",1.426
"24014",-2.0632
"24015",2.8375
"24017",1.2264
"24018",-0.743
"24030",-1.3288
"24044",-0.7579
"24045",-1.2131
"24046",1.991
"24047",-0.5809
"24050",0.5262
"24051",1.0869
"24052",1.7282
"24053",0.7389
"24055",-0.2966
"24056",0.1005
"24057",2.1963
"24058",-1.0182
"24059",-1.5742
"24060",2.0827
"24061",-0.1703
"24063",0.1564
"24064",-0.556
"24066",1.8514
"24067",1.0725
"24068",2.6783
"24069",-0.8507
"24070",0.2504
"24071",0.6991
"24074",1.014
"24075",-0.179
"24082",-0.2413
"24083",0.1529
"24084",2.3389
"24086",0.5635
"24087",-1.6977
"24088",2.2716
"24099",0.1168
"24100",0.2435
"24105",-1.7162
"24109",0.2602
"24110",-0.2583
"24115",0.3391
"24116",0.6925
"24117",0.9091
"24127",1.153
"24128",1.3961
"24131",-0.0193
"24132",1.605
"24135",0.9347
"24136",1.5924
"26356",-1.2441
"26357",0.3997
"26358",-0.6778
"26360",0.3951
"26361",-0.8855
"26362",0.1963
"26363",-0.7295
"26364",-0.3074
"26365",-1.5134
"26367",3.8364
"26370",1.727
"26371",2.3269
"26372",-1.3492
"26373",-0.8763
"26374",1.8383
"26377",-0.7056
"26378",-1.8889
"26379",-3.5161
"26380",1.3728
"26381",0.9499
"26382",-0.131
"26383",-0.7623
"26384",-0.6346
"26385",-2.1298
"26386",-1.3629
"26388",-0.1543
"26390",-1.5599
"26394",-1.1313
"26395",-1.544
"26396",-1.5866
"26397",0.5175
"26398",2.6088
"26399",-0.794
"26400",-2.0461
"26401",0.3679
"26403",-0.2985
"26404",-2.0048
"26405",3.0373
"26406",0.0341
"26407",-2.2514
"26408",-2.2308
"26409",0.9302
"26410",-1.2171
"26411",0.658
"26412",-1.4341
"26413",1.0654
"26414",1.1719
"26415",-0.6743
"26416",-1.0423
"26417",-2.5568
"26419",2.1577
"26420",1.4656
"26422",1.1368
"26425",0.5925
"26426",-0.0117
"26427",0.2576
"26428",2.6576
"26429",-0.2571
"26430",1.1899
"26431",1.2404
"26432",0.8735
"26433",-2.6975
"26434",-1.502
"26436",0.4644
"26440",3.1729
"26441",1.3831
"26442",2.6176
"26443",2.5067
"26444",1.613
"26445",2.5471
"26446",2.6657
"26447",0.4738
"26448",-1.3312
"26450",0.5251
"26451",2.0662
"26456",1.1206
"26457",-1.2974
"26458",-0.3611
"26462",-0.1399
"26465",1.3733
"26466",2.3215
"26549",0.058
"26554",2.4739
"26556",1.6514
"26557",0.6072
"26558",-0.0932
"26559",0.64
"26561",0.362
"26563",-1.0096
"26564",-1.964
"26568",-0.551
"26569",-1.6998
"26570",-0.6952
"26572",2.3764
"26611",0.4929
"26754",1.0245
"26757",0.4109
"26874",0.0327
"26875",1.1229
"26877",2.0195
"26878",-1.455
"26879",0.6626
"26885",0.6979
"26886",-0.3897
"26887",0.7823
"26888",-1.2407
"26889",-0.8974
"26891",2.7144
"26893",1.4276
"26894",0.3564
"26896",1.3283
"26897",-0.3473
"26900",1.2017
"26901",0.5175
"26903",0.6366
"26905",1.4741
"26908",0.7066
"26909",-0.0763
"26912",-1.1488
"26913",-2.4779
"26914",-1.2412
"26918",-0.6215
"26919",-0.6918
"26920",-0.2524
"26921",-2.8456
"26922",0.3798
"26926",0.1982
"26927",-0.0765
"26931",1.2957
"26932",1.3384
"26934",-0.0772
"26936",-1.1492
"26938",0.6622
"26939",0.6818
"26940",0.8932
"26941",0.2221
"26942",1.4642
"26943",0.0864
"26946",0.6005
"26949",0.4346
"26950",2.0414
"26951",1.0726
"26961",-0.257
"26965",2.3671
"26968",0.6998
"26971",0.4723
"26972",-0.1436
"26987",0.2994
"26992",-0.067
"27008",-1.5288
"27015",0.942
"27027",1.6903
"27028",1.9196
"27029",-2.4226
"27041",-1.1451
"27045",-1.8376
"27047",0.0386
"27049",0.3652
"27050",-1.615
"27052",-1.0106
"27053",2.261
"27054",-0.5703
"27055",-0.3057
"27056",0.1842
"27057",0.8712
"27058",-1.7622
"27059",1.0069
"27060",-0.3303
"27061",-0.2029
"27062",0.519
"27078",-0.0965
"27081",0.643
"27083",3.665
"27096",0.98
"27103",-1.4128
"27176",1.9788
"27204",2.8023
"27205",-1.626
"27206",0.8994
"27207",2.4625
"27214",0.7392
"27215",1.3116
"27218",1.2769
"27219",0.3562
"27220",-1.1186
"27221",-0.8113
"27223",0.0236
"27224",2.2055
"27225",1.0492
"27226",0.9958
"27260",1.0821
"27261",-0.4842
"27267",-0.5293
"27273",-0.9684
"27274",0.6098
"27275",1.4023
"27276",-3.0995
"27277",1.5785
"27279",0.4072
"27280",-1.3537
"27281",1.1339
"27354",1.5202
"27355",-1.4438
"27356",-0.6754
"27357",-0.126
"27359",1.4946
"27360",0.1488
"27361",0.2099
"27362",2.3821
"27364",0.4881
"27366",-1.0885
"27367",-0.5797
"27368",0.9949
"27369",-0.3719
"27370",4.0233
"27373",-1.4808
"27374",0.5433
"27375",-0.3038
"27376",1.8448
"27377",2.7287
"27384",-0.4568
"27385",1.2695
"27386",0.1619
"27387",2.7904
"27388",-2.3357
"27389",0.8945
"27390",0.6992
"27392",-0.0635
"27393",-0.1786
"27395",0.3364
"27397",0.7474
"27398",0.01
"27399",-3.4827
"27401",2.0078
"27402",1.51
"27403",-3.3602
"27404",1.5714
"27405",0.848
"27406",-0.5371
"27407",-0.3621
"27411",1.0594
"27412",1.8917
"27413",1.483
"27414",0.7695
"27416",-3.5279
"27418",0.5222
"27419",1.2159
"27421",-1.497
"27425",1.4389
"27426",-0.3076
"27428",1.6692
"27493",-0.1575
"27494",-2.5959
"27528",-1.4091
"27632",0.7131
"27643",0.1975
"27660",-1.256
"27681",0.7839
"27756",-0.2196
"27762",-0.9924
"27784",1.6369
"27801",-0.8452
"27878",-0.579
"27883",0.0439
"27886",0.0303
"27965",0.455
"27966",-1.3853
"27967",-0.323
"27973",-0.3299
"27979",-0.8694
"27981",1.5568
"27984",-3.009
"27993",-1.84
"27998",-0.75
"27999",0.0241
"28000",-0.4328
"28006",-0.3344
"28010",-1.5952
"28015",0.8951
"28018",-0.4079
"28019",-0.4802
"28028",1.3748
"28030",1.6017
"28035",0.8568
"28036",0.8503
"28040",0.4917
"28042",-0.0084
"28064",-2.3596
"28071",2.4722
"28075",0.0503
"28077",1.568
"28080",0.8741
"28081",-0.3263
"28084",1.7745
"28088",-0.0144
"28105",1.1978
"28106",-0.9391
"28109",0.1848
"28113",0.2005
"28114",0.2999
"28126",0.117
"28135",-0.9251
"28146",0.3986
"28169",-1.1309
"28185",3.73
"28193",1.3376
"28199",-0.5837
"28200",-0.5394
"28240",-2.5515
"28250",3.3854
"28253",1.0199
"28254",-0.2186
"28295",-2.0891
"29805",-1.0517
"29806",0.1151
"29807",0.7069
"29808",1.5434
"29809",2.3771
"29810",0.1303
"29811",-1.7098
"29812",1.8042
"29813",-1.1669
"29815",-0.0381
"29816",-3.7513
"29817",0.7214
"29819",1.3913
"29856",0.7004
"29857",0.1802
"29858",-1.1728
"29859",-2.2774
"29861",-2.178
"29862",-1.1284
"29863",-2.3722
"29864",1.4158
"29867",-5.5278
"29869",1.3818
"29870",-1.4762
"29871",0.6152
"29873",-0.6146
"29875",0.4933
"29876",0.0683
"29877",1.2897
"30044",0.4271
"30045",0.1614
"30046",1.7833
"30049",-1.2887
"30051",-0.1492
"30052",-3.0548
"30054",-2.3549
"30055",-2.662
"30056",1.5214
"30057",2.2472
"30058",1.5608
"30059",0.6186
"30060",0.7229
"30785",3.1125
"30791",-0.5495
"30794",-0.1294
"30795",1.9741
"30805",-0.7554
"30806",-0.0498
"30838",-2.4755
"30839",-2.2792
"30840",0.2064
"30841",-0.9449
"30843",-0.9179
"30853",-1.9174
"30877",3.0535
"30878",0.0835
"30924",1.5771
"30925",-0.852
"30926",1.9431
"30928",0.6119
"30930",1.3086
"30931",0.0333
"30932",0.9156
"30933",1.383
"30934",-0.6785
"30935",0.2658
"30937",-0.3783
"30938",-0.1715
"30939",0.1327
"30940",0.584
"30941",-0.5175
"30944",2.2474
"30945",2.7445
"30946",-0.4416
"30947",-1.0265
"30948",-2.4767
"30949",0.9441
"30951",-1.0432
"30953",1.1105
"30954",-0.69
"30955",-0.7933
"30956",1.1682
"30957",-1.5358
"30959",-0.6429
"30960",0.6658
"30963",0.1053
"50490",-0.3684
"50492",-1.8021
"50493",0.3729
"50496",-0.1361
"50497",2.2084
"50498",-0.8675
"50500",1.8259
"50501",-0.8399
"50505",-0.4357
"50518",-0.2065
"50523",1.0039
"50524",-0.9397
"50525",1.0085
"50527",2.2557
"50528",0.5904
"50529",-1.6999
"50530",-0.1249
"50540",-1.3222
"50706",0.429
"50708",-1.1787
"50709",-0.3133
"50720",1.5443
"50721",1.2891
"50722",-0.24
"50723",-1.7902
"50724",-1.2907
"50753",0.791
"50754",-0.5308
"50755",-0.3278
"50758",-0.0808
"50759",-0.5851
"50760",1.7413
"50762",0.8215
"50764",-1.5892
"50765",-1.4131
"50766",-0.584
"50767",-2.3779
"50768",-0.9793
"50769",0.62
"50770",0.2396
"50771",-0.9275
"50772",0.3842
"50773",0.9064
"50776",-0.5623
"50778",-0.5162
"50779",-1.4258
"50780",-0.9142
"50782",-0.9224
"50783",-0.9236
"50784",0.2216
"50785",1.001
"50786",2.0109
"50787",-0.6753
"50789",-2.004
"50790",2.6686
"50791",1.9753
"50793",2.8881
"50794",-0.9262
"50795",0.3675
"50797",1.7358
"50798",-0.1295
"50799",0.2643
"50817",-1.2439
"50849",-2.2234
"50850",1.2281
"50868",-2.0836
"50873",-1.3924
"50874",1.1916
"50875",0.5245
"50876",0.0624
"50877",-0.6154
"50878",2.2273
"50880",-0.2641
"50883",-0.207
"50884",4.4192
"50887",-0.9892
"50905",-0.0374
"50907",0.1144
"50908",0.9801
"50909",-0.1859
"50911",2.7119
"50912",0.5629
"50913",-2.1674
"50914",-2.3504
"50915",1.131
"50917",0.4732
"50918",0.0232
"50926",3.3655
"50927",0.898
"50928",-0.7976
"50931",-0.546
"50932",-2.0311
"50933",1.9951
"50934",-1.2561
"50935",-2.527
"50994",-0.1099
"50995",1.8017
"50996",-1.1019
"50997",-2.3316
"51786",1.1958
"51788",-0.1167
"51789",-5.2063
"51791",-0.3184
"51792",-0.4742
"51793",0.7727
"51795",-1.5944
"51796",0.9456
"51797",1.9313
"51798",1.2296
"51799",-3.1962
"51800",1.8384
"51801",-0.8101
"51810",0.3547
"51812",-0.9147
"51813",1.6516
"51869",2.0383
"51875",-0.5136
"51885",0.1455
"51886",-0.4305
"51897",-0.8697
"51902",2.4275
"51938",0.4041
"51944",-1.4644
"51960",-0.3796
"52004",-1.835
"52009",-0.5354
"52013",0.1355
"52014",-0.5442
"52020",0.0759
"52023",1.6942
"52024",-0.4872
"52028",-0.3946
"52033",-1.8753
"52036",0.8707
"52040",-2.3906
"52055",-0.2915
"52064",0.6459
"52065",0.654
"52076",2.9562
"52118",2.8853
"52120",0.3821
"52123",1.7322
"52132",-2.2457
"52150",1.3566
"52163",-1.0819
"52174",-1.9816
"52184",1.349
"52187",0.442
"52202",2.3516
"52206",0.2307
"52231",-0.7922
"52245",0.7734
"52250",2.7332
"52276",0.3485
"52285",2.641
"52323",1.3265
"52331",0.2243
"52335",-0.4002
"52348",0.9989
"52357",-0.7132
"52372",-1.0682
"52377",-1.3958
"52389",-0.8303
"52392",0.3806
"52397",1.2114
"52398",-0.5111
"52428",1.1878
"52430",-1.909
"52432",1.712
"52440",1.4289
"52443",-1.2108
"52463",0.6698
"52466",-1.4844
"52468",-0.7165
"52469",-0.5973
"52477",1.2397
"52480",-1.4921
"52502",-2.1489
"52504",-0.6049
"52513",-0.7757
"52521",-0.546
"52530",0.3792
"52535",-0.6314
"52538",0.5523
"52551",-1.0638
"52552",-0.9274
"52563",-0.0908
"52575",2.555
"52585",-1.0208
"52588",-2.8681
"52589",1.1116
"52592",-1.0618
"52609",-3.582
"52615",1.1488
"52626",0.2109
"52633",1.2476
"52635",2.1908
"52637",0.8986
"52639",-2.581
"52653",0.7085
"52662",1.1766
"52665",0.6526
"52666",-0.3766
"52668",0.3032
"52679",-0.2839
"52683",-2.34
"52685",-0.0555
"52686",1.2056
"52690",-0.0635
"52696",1.5173
"52700",1.6545
"52705",1.5288
"52708",-1.0479
"52710",-1.2224
"52712",0.1322
"52713",2.2191
"52715",0.3255
"52717",-0.4134
"52808",0.3298
"52815",0.423
"52822",0.9567
"52829",2.1421
"52830",-0.1191
"52837",1.5125
"52838",0.8602
"52840",-1.2416
"52846",-0.6803
"52850",-2.3842
"52855",0.5265
"52856",-1.3487
"52857",-1.5593
"52858",0.0158
"52864",0.9589
"52874",1.8329
"52882",2.8589
"52892",0.5951
"52897",-2.8643
"52898",1.4804
"52906",0.092
"52915",-2.9835
"53310",0.2532
"53311",1.2068
"53312",-1.4291
"53313",-0.9503
"53314",1.0783
"53317",1.1034
"53318",0.797
"53319",0.2227
"53320",0.169
"53321",-2.7512
"53322",3.8262
"53323",0.0474
"53324",5.594
"53325",-3.491
"53328",1.0914
"53330",1.7207
"53331",1.3109
"53332",2.603
"53333",1.0649
"53334",1.0036
"53356",-0.3369
"53357",-1.997
"53374",-0.763
"53375",2.9696
"53376",1.9011
"53378",1.4087
"53379",-0.5913
"53380",-0.3317
"53381",1.1426
"53382",1.3719
"53404",-0.1143
"53412",0.2204
"53413",-0.3272
"53414",-0.9408
"53415",0.4784
"53416",1.2036
"53417",0.5414
"53418",-3.2651
"53419",1.4071
"53420",0.5016
"53421",0.7756
"53422",0.9811
"53424",-1.3394
"53598",1.5068
"53599",2.5195
"53600",1.748
"53601",0.2812
"53602",0.9882
"53603",1.5766
"53604",0.4957
"53605",0.705
"53607",-0.9724
"53608",-0.8311
"53609",-3.0573
"53610",-1.7332
"53611",-1.7312
"53612",0.1476
"53614",1.7025
"53618",1.3894
"53619",-0.7644
"53620",-0.7546
"53621",1.9372
"53623",2.4003
"53625",0.251
"53626",-0.0999
"53627",-0.1433
"53761",-2.4523
"53791",-1.388
"53817",-2.9058
"53857",-1.1119
"53858",-0.1322
"53859",-0.755
"53860",-1.4693
"53861",0.5207
"53867",-1.8547
"53869",1.6964
"53870",-0.2556
"53871",1.511
"53872",-0.8211
"53881",-0.5977
"53883",-0.635
"53885",1.1653
"53886",1.5408
"53890",-2.7797
"53892",0.7254
"53893",-1.3587
"53895",0.3471
"53896",0.5231
"53897",-2.5569
"53901",-0.2403
"53902",-0.847
"53945",-0.0265
"53951",-0.288
"53972",-2.6106
"53975",-1.1367
"53978",0.8813
"54003",0.649
"54004",3.2747
"54006",1.2434
"54120",0.8931
"54122",0.417
"54123",1.477
"54124",0.56
"54125",-0.6804
"54126",-2.0579
"54127",-2.8733
"54128",1.564
"54130",-1.3754
"54131",-2.771
"54132",-0.1506
"54135",-0.3275
"54137",-2.3521
"54138",2.2857
"54139",-0.1397
"54140",-0.5498
"54141",-0.8388
"54151",-2.3031
"54152",-1.4917
"54153",0.1724
"54156",0.125
"54159",-1.5562
"54160",1.844
"54161",0.0319
"54167",-0.7924
"54169",0.3743
"54170",0.8689
"54188",0.4663
"54189",1.2733
"54194",-3.933
"54195",0.3974
"54196",-3.0709
"54197",2.4616
"54198",1.0639
"54199",-0.8752
"54200",2.1651
"54201",-2.226
"54204",-0.1971
"54208",1.1692
"54214",-1.687
"54215",-0.0824
"54216",1.1542
"54217",-1.0191
"54218",-2.2291
"54219",0.0295
"54324",0.3897
"54325",1.4165
"54326",1.1276
"54338",2.4309
"54342",2.5043
"54343",0.0087
"54351",0.0552
"54352",-0.0058
"54353",-0.631
"54354",-0.7871
"54357",-0.0931
"54364",1.0604
"54366",0.2015
"54367",0.0016
"54368",1.1984
"54369",0.6729
"54371",-1.313
"54373",-1.9428
"54375",2.6162
"54376",-0.5802
"54377",0.1481
"54378",1.3504
"54380",1.3285
"54381",0.9044
"54383",-2.2403
"54384",0.0841
"54387",-0.5418
"54391",2.0579
"54392",1.354
"54393",-0.9833
"54394",0.2623
"54396",-0.3751
"54397",-0.2804
"54399",-1.2529
"54401",1.034
"54402",0.0471
"54403",2.9874
"54405",-1.6625
"54409",-0.1156
"54411",0.1364
"54418",0.0796
"54420",-0.6758
"54427",1.6909
"54445",-2.2687
"54446",1.4074
"54447",0.6527
"54451",1.2991
"54473",0.3446
"54484",-1.538
"54485",-1.0895
"54486",0.7592
"54519",1.1827
"54524",0.491
"54525",-2.1232
"54526",2.1943
"54561",1.596
"54562",0.8925
"54563",-1.0064
"54598",2.2811
"54601",-1.8114
"54604",0.3328
"54607",0.7401
"54608",1.362
"54609",1.36
"54610",1.3032
"54611",0.7195
"54612",0.7287
"54613",-0.3563
"54614",-1.3966
"54615",0.2702
"54616",-1.0183
"54624",-1.1701
"54630",-1.8879
"54631",-0.8259
"54632",0.2459
"54633",-0.0762
"54634",-0.9506
"54635",0.677
"54636",0.2802
"54637",0.2912
"54638",-2.4647
"54644",-1.7342
"54645",-1.7844
"54646",-1.6051
"54648",-1.4935
"54650",1.3349
"54651",0.2071
"54652",0.6821
"54667",-1.1038
"54670",-0.4259
"54672",-0.8784
"54673",3.004
"54678",0.5495
"54683",-1.0346
"54698",0.8291
"54709",1.1114
"54710",0.5844
"54711",0.7728
"54712",-0.0364
"54713",0.7725
"54720",-0.5727
"54721",-1.3318
"54722",0.5258
"54723",0.08
"54725",0.0903
"55927",-0.0207
"55932",-0.3788
"55934",-0.5859
"55935",0.0831
"55936",-2.0358
"55942",1.619
"55943",0.2574
"55944",2.105
"55946",1.1501
"55947",0.9855
"55948",-0.0882
"55949",-1.5596
"55950",-0.582
"55951",1.8794
"55960",-0.1547
"55961",-0.2542
"55963",-1.6844
"55978",0.9038
"55979",-1.2963
"55980",0.7798
"55981",0.2761
"55982",-0.9819
"55983",-2.6828
"55984",-2.2918
"55985",0.0104
"55987",-0.6737
"55988",2.2554
"55989",1.9864
"55990",2.6563
"55991",1.3251
"55992",-1.4521
"55994",-0.3591
"56009",-2.0907
"56012",3.6821
"56013",-5.4024
"56016",-0.2148
"56017",-0.0178
"56018",1.2614
"56030",1.9539
"56031",-0.4199
"56032",-1.0466
"56036",-1.149
"56040",1.6231
"56041",0.2455
"56043",1.6736
"56044",-0.2624
"56045",0.7174
"56046",-2.2507
"56047",-0.75
"56048",0.8282
"56050",1.5503
"56055",-1.0762
"56068",0.7687
"56069",-1.3659
"56070",2.751
"56072",-0.8961
"56075",1.0812
"56077",-0.2205
"56078",0.0399
"56079",-1.3967
"56085",0.4532
"56086",1.5063
"56087",-0.6224
"56088",-0.6042
"56089",-1.9292
"56095",-0.2469
"56149",-0.9327
"56150",0.2044
"56173",-0.7578
"56174",-0.1663
"56175",0.3878
"56176",2.0159
"56177",-1.8904
"56187",-0.1831
"56188",-0.4312
"56190",-0.0528
"56191",-1.0617
"56193",0.2699
"56194",2.9526
"56195",3.2673
"56196",0.778
"56198",-0.4501
"56199",1.7926
"56200",1.2298
"56205",-1.0942
"56207",1.2444
"56208",-0.3347
"56209",2.7985
"56210",1.6481
"56212",-0.3239
"56213",-2.7664
"56214",0.2517
"56215",-3.8894
"56216",-1.9871
"56217",-0.2733
"56218",1.1569
"56219",-4.2199
"56220",1.5323
"56221",-0.5106
"56222",-1.9927
"56224",1.2656
"56226",-2.1776
"56228",2.0178
"56229",0.3418
"56233",-2.5579
"56248",0.7928
"56249",-0.2391
"56258",-0.6584
"56264",-0.291
"56273",-1.063
"56274",1.228
"56275",-2.046
"56277",1.5235
"56278",-0.2825
"56279",0.1018
"56280",1.9193
"56282",0.7219
"56284",-0.8036
"56289",1.2788
"56291",1.7862
"56292",0.9795
"56293",0.3992
"56294",1.1848
"56295",0.8664
"56296",0.6919
"56297",0.36
"56298",1.4838
"56299",1.1015
"56305",0.2155
"56306",1.1821
"56307",0.9028
"56309",0.9578
"56310",0.0067
"56312",-0.9925
"56314",0.1738
"56315",1.5349
"56316",-2.3047
"56317",1.3829
"56318",0.3894
"56320",-1.98
"56321",-0.0186
"56322",0.0417
"56323",2.6144
"56324",1.8157
"56325",-1.0292
"56327",-0.0131
"56330",-0.702
"56332",-0.9251
"56334",-0.5116
"56335",-1.0888
"56336",-1.5101
"56338",-1.2927
"56347",0.6429
"56348",3.117
"56349",0.1367
"56350",-1.8191
"56351",-0.6969
"56353",2.1207
"56354",0.6847
"56356",-1.8952
"56357",-2.0638
"56358",1.2249
"56360",0.8505
"56361",-2.2362
"56363",1.9167
"56364",-0.1308
"56367",3.8713
"56368",-0.375
"56369",1.7582
"56370",-0.983
"56371",-1.4656
"56372",1.9356
"56374",1.6031
"56375",1.3109
"56376",0.8381
"56378",0.6535
"56380",0.281
"56381",0.2284
"56382",1.1487
"56384",-1.7999
"56386",2.7325
"56389",-0.4773
"56390",-0.2348
"56392",1.4873
"56395",-0.8924
"56397",-0.8513
"56398",0.5499
"56399",-1.216
"56401",0.8769
"56403",2.9618
"56404",0.2734
"56405",0.9927
"56406",0.9003
"56407",0.2688
"56409",-4.7209
"56410",0.5111
"56412",0.8773
"56417",-1.8507
"56418",-1.2253
"56419",1.643
"56420",-1.8229
"56421",-1.0418
"56422",0.8894
"56424",0.6484
"56426",3.0623
"56427",-0.9994
"56428",1.6161
"56430",-0.1449
"56431",2.7362
"56433",4.7402
"56434",1.9153
"56436",-0.504
"56437",-0.4991
"56438",-0.1369
"56440",-0.1196
"56441",-1.2407
"56442",3.2591
"56443",-1.6146
"56444",1.7593
"56445",0.5114
"56447",-0.7843
"56448",0.2693
"56449",-0.8272
"56451",1.4476
"56452",2.1668
"56453",-1.1811
"56454",1.359
"56455",0.9218
"56456",-0.3301
"56457",0.2192
"56458",-0.7044
"56459",-0.8182
"56461",1.4501
"56462",-1.7716
"56463",-2.1306
"56464",-1.0462
"56468",-0.8452
"56469",0.3658
"56470",1.6928
"56471",-1.3097
"56473",-1.5313
"56480",1.6
"56484",-2.3158
"56485",-1.0442
"56486",1.7308
"56488",-0.6835
"56489",-0.1413
"56490",1.342
"56491",-0.4327
"56494",-0.2873
"56495",1.9475
"56496",1.2796
"56501",3.293
"56503",0.824
"56504",-0.8143
"56505",0.984
"56506",0.437
"56508",-1.7492
"56513",-0.262
"56515",2.3366
"56516",-0.3261
"56517",1.0276
"56520",-0.2623
"56522",0.9877
"56523",1.3094
"56524",0.1049
"56525",-0.2132
"56526",0.9471
"56527",-1.0438
"56529",1.1629
"56530",-0.3209
"56531",0.0851
"56532",-1.1642
"56533",-0.2975
"56534",1.5305
"56535",0.4563
"56538",-1.5695
"56541",0.0509
"56542",0.5929
"56543",0.3458
"56544",1.5353
"56546",-2.8694
"56550",2.0526
"56551",-1.6328
"56612",-3.097
"56613",-1.7146
"56615",0.3244
"56620",0.7853
"56622",0.6414
"56626",-0.1667
"56631",-2.1544
"56632",-3.112
"56637",1.4326
"56642",0.9155
"56644",0.2902
"56690",0.4521
"56692",2.1432
"56693",2.2155
"56695",-0.1598
"56697",-0.3108
"56698",0.1273
"56699",1.3611
"56700",1.4184
"56702",-2.3415
"56703",0.3143
"56705",-0.3309
"56706",1.3788
"56707",-0.0816
"56708",0.1837
"56709",0.6302
"56710",2.7543
"56711",0.1275
"56715",-0.4166
"56716",-1.8203
"56717",1.5083
"56720",-0.2372
"56722",-1.432
"56724",0.9387
"56726",3.5112
"56734",0.2137
"56736",2.8047
"56737",3.3316
"56738",0.4011
"56739",0.7193
"56741",-0.9543
"56742",-2.0521
"56743",-0.0452
"56744",-0.5797
"56745",0.837
"56747",0.5067
"56748",0.0366
"56749",-1.1601
"56752",-0.2309
"56753",0.8739
"56758",1.9493
"56760",-0.6344
"56771",-2.513
"56772",2.8551
"56773",-2.4034
"56784",2.8071
"56786",1.6633
"56787",-1.8178
"56788",-0.0227
"56790",0.19
"56791",-0.3623
"56792",-0.5217
"56794",1.1632
"56795",-0.2974
"56805",1.777
"56807",-1.3661
"56808",1.3102
"56809",-2.5095
"56811",-0.3159
"56812",-5.8182
"56838",1.5824
"56839",2.8061
"56843",-2.2133
"56844",-2.4854
"56846",0.25
"56847",-1.2065
"56856",-0.3808
"56857",0.4659
"56863",-0.7816
"56869",0.0811
"56873",0.0561
"56874",-0.4745
"56876",-1.5805
"56878",1.3415
"57014",-1.596
"57028",-1.7321
"57080",1.1161
"57138",-2.7657
"57170",-1.2435
"57230",0.5526
"57247",-0.2739
"57249",1.8604
"57257",1.2201
"57258",-0.7366
"57259",0.7324
"57260",-0.6147
"57261",-1.5533
"57264",-1.8776
"57265",1.1341
"57266",0.0314
"57267",-1.8811
"57274",-1.1682
"57275",-0.9038
"57276",-0.5224
"57278",1.1499
"57279",1.6221
"57294",0.7748
"57295",-2.8818
"57296",1.0487
"57312",2.1581
"57314",-1.1727
"57315",-0.4575
"57316",1.2181
"57317",-2.6314
"57319",2.2457
"57320",-0.5437
"57321",0.8948
"57330",-2.891
"57339",1.457
"57340",-3.2152
"57342",-0.1953
"57344",0.6725
"57349",-1.6422
"57354",-0.0281
"57355",0.1304
"57357",0.1244
"57370",-0.285
"57373",0.2306
"57376",-0.1942
"57377",-1.171
"57394",1.096
"57423",1.9796
"57429",0.074
"57431",-0.528
"57432",1.1695
"57434",-0.2131
"57435",-1.94
"57436",-1.2912
"57437",0.4742
"57438",-0.1075
"57439",-0.2768
"57440",0.7161
"57441",-0.4549
"57442",1.7051
"57443",-0.333
"57444",1.2111
"57738",-1.6797
"57740",-2.4497
"57741",-2.0398
"57742",2.1102
"57743",0.6462
"57745",-0.5233
"57746",-0.0787
"57748",-0.6941
"57749",0.5741
"57750",1.2024
"57751",1.2158
"57752",0.0889
"57753",0.6229
"57754",-1.6683
"57764",1.0422
"57765",0.6721
"57773",-1.7309
"57775",1.0192
"57776",-2.2554
"57778",-1.078
"57780",-1.3867
"57781",0.2519
"57782",0.3085
"57783",-1.8815
"57784",1.2678
"57785",-0.3172
"57808",-2.7647
"57810",-0.4573
"57813",-0.4333
"57814",0.1573
"57815",1.9226
"57816",-2.8919
"57837",0.3348
"57869",-0.1164
"57874",-1.7666
"57875",1.0591
"57890",0.7146
"57895",0.0033
"57896",2.4365
"57905",0.3542
"57908",0.9278
"57912",-0.6968
"57913",-1.713
"57914",-1.9671
"57915",-0.9283
"57916",0.2575
"58172",2.7683
"58175",-0.1699
"58176",-0.2899
"58178",1.8309
"58180",1.1091
"58182",0.9732
"58184",1.2083
"58185",0.8452
"58186",-0.0107
"58187",-0.482
"58188",-2.0875
"58193",-0.039
"58194",0.2916
"58198",-0.4061
"58200",1.7028
"58202",-1.4547
"58203",-0.6626
"58205",1.3091
"58206",0.8762
"58207",-0.6049
"58208",-0.4393
"58212",-3.6367
"58220",-1.2331
"58222",-1.5253
"58223",-0.4356
"58226",0.3423
"58227",-0.2209
"58229",0.7137
"58230",-2.1127
"58231",-0.2912
"58233",-2.4198
"58234",-0.9296
"58235",-3.599
"58237",-0.9583
"58238",-1.3804
"58239",-1.4415
"58240",-0.0068
"58242",1.6221
"58243",0.6622
"58244",-0.3171
"58245",-0.5627
"58246",0.1724
"58248",0.1834
"58249",1.5522
"58250",0.9532
"58251",-0.6613
"58520",0.685
"58521",1.3612
"58523",0.4837
"58799",1.853
"58800",1.3771
"58801",-1.3983
"58802",-1.7577
"58804",1.5452
"58805",-0.6357
"58807",1.2779
"58809",0.4791
"58810",-0.7316
"58859",-0.6513
"58861",-0.057
"58865",-1.6907
"58867",0.16
"58869",1.2858
"58875",1.0086
"58887",-1.2328
"58894",-1.0209
"58909",0.5979
"58911",-0.1377
"58988",-1.4808
"58991",-0.1934
"58992",-2.7846
"58994",-0.1893
"58996",-2.5106
"58998",1.7277
"59001",-2.4612
"59002",-0.3856
"59003",-0.1032
"59004",0.5505
"59005",1.2147
"59006",-0.0847
"59007",1.007
"59008",-1.5953
"59009",0.7416
"59010",-0.169
"59011",0.5239
"59012",0.7895
"59013",-0.9464
"59014",0.5287
"59015",0.5872
"59016",-1.2827
"59020",0.1299
"59021",0.7889
"59022",-2.3661
"59024",2.3055
"59025",2.0865
"59026",-0.3263
"59027",2.4247
"59028",-0.5443
"59029",1.1079
"59030",2.0958
"59031",-1.3057
"59032",2.4401
"59033",-0.4594
"59035",-0.9076
"59036",-0.2104
"59038",0.1158
"59040",2.0709
"59041",-0.5598
"59042",-1.4933
"59043",-1.0944
"59044",-0.0531
"59045",-2.1313
"59046",-0.6506
"59047",-0.8616
"59048",1.311
"59049",-0.3624
"59050",0.4812
"59052",-0.8244
"59053",-1.9004
"59054",-0.468
"59056",-2.7613
"59057",1.7277
"59058",-2.0014
"59069",-0.5333
"59079",-0.3429
"59083",-1.0224
"59090",2.163
"59091",0.8585
"59092",-3.5478
"59093",0.6873
"59095",-4.8443
"59125",0.9959
"59126",1.3412
"59287",0.5728
"59288",1.0698
"59289",-1.2847
"59308",-0.7522
"60315",-0.0884
"60321",0.7489
"60322",-1.3258
"60344",-0.1004
"60345",-1.05
"60364",0.82
"60365",-1.8888
"60367",-0.9458
"60406",1.9814
"60409",0.5607
"60411",-0.1254
"60425",0.5467
"60440",0.1553
"60441",-1.6365
"60455",-0.5611
"60504",-1.1143
"60505",2.134
"60507",-1.3317
"60510",-0.1114
"60525",-0.3692
"60527",0.6363
"60530",0.1275
"60532",1.5156
"60533",0.1923
"60534",-1.5795
"60594",1.5581
"60595",-0.5844
"60596",-2.1434
"60597",-2.9759
"60599",-0.2775
"60611",-0.8563
"60613",-0.19
"63828",-3.1504
"63830",-0.9101
"63856",-1.6453
"63857",0.3621
"63859",1.5365
"63872",1.4325
"63873",0.6775
"63913",1.2548
"63953",-0.0286
"63954",-0.3117
"63955",-1.0129
"63958",0.8271
"63959",0.6022
"63985",1.0904
"63986",1.1498
"63993",0.9213
"64008",0.1213
"64009",0.5671
"64010",1.6514
"64050",0.5926
"64051",-2.167
"64058",-0.2805
"64074",-3.4422
"64075",-1.4952
"64082",-0.1852
"64085",0.9435
"64095",-2.2324
"64099",-1.099
"64103",-2.2071
"64113",0.4522
"64136",-3.74
"64138",-0.8958
"64143",0.5299
"64144",-1.8823
"64176",0.2296
"64177",-1.5046
"64209",-0.7632
"64213",0.963
"64214",-0.2988
"64242",0.9306
"64291",-1.8212
"64292",-0.781
"64293",0.8125
"64294",-3.513
"64295",-0.18
"64296",-5.0757
"64297",-2.9314
"64337",0.6082
"64339",-0.6313
"64340",-1.9526
"64378",-2.1471
"64379",0.6315
"64380",0.728
"64383",0.7338
"64384",-2.348
"64385",0.8721
"64406",0.8412
"64424",2.0727
"64436",-2.2081
"64450",1.6871
"64451",-1.2727
"64452",-0.9
"64453",1.414
"64540",1.454
"64580",2.13
"64602",1.5878
"64652",-2.3014
"64654",-0.9089
"64655",1.7496
"64656",-0.8545
"64657",-0.4491
"64658",-2.4411
"64659",2.903
"64660",-0.7013
"64685",-0.423
"64704",1.4758
"64705",0.4049
"64706",7.641
"64707",3.1007
"64817",0.9647
"64833",0.6522
"64898",-0.5544
"64899",-1.1825
"64918",-1.7331
"64929",0.6248
"64930",-1.5404
"64933",-0.8295
"64934",-0.524
"64945",1.2257
"65019",0.7447
"65020",0.0125
"65079",0.0951
"65086",-0.5962
"65098",-0.899
"65099",2.8438
"65100",0.0451
"65102",-0.7072
"65103",0.6081
"65105",-0.2261
"65106",-1.5899
"65107",-0.7564
"65111",-0.8856
"65112",2.2185
"65113",1.7612
"65114",3.6593
"65115",-0.1479
"65116",-0.387
"65221",-0.6894
"65246",-0.1811
"65247",0.006
"65254",0.0739
"65255",0.9321
"65256",1.311
"65257",-0.0775
"65945",-3.6459
"65960",-0.511
"65961",-1.9515
"65962",-0.9313
"65963",0.6525
"65964",-0.898
"65967",1.3679
"65969",0.9795
"65970",0.5979
"65971",-1.6346
"65972",1.0914
"65973",1.393
"66011",0.4378
"66039",1.236
"66042",0.9598
"66043",-0.6437
"66044",-0.2387
"66046",-0.1082
"66047",0.0215
"66048",-0.5495
"66049",-1.1242
"66050",1.1595
"66052",1.3141
"66053",-0.9008
"66054",-0.3049
"66055",0.4433
"66056",-0.9966
"66058",1.2823
"66059",2.2953
"66060",-0.8723
"66061",1.4696
"66066",-1.5259
"66067",2.1179
"66069",-0.6428
"66070",0.456
"66071",-0.2231
"66072",2.2231
"66073",-0.0582
"66074",1.3541
"66075",0.5866
"66077",0.2584
"66078",-2.291
"66079",-0.4844
"66082",0.1035
"66083",0.9898
"66084",-1.3593
"66085",0.3227
"66086",0.6155
"66087",-0.2723
"66089",0.1077
"66090",-0.9127
"66091",-0.8241
"66092",0.6634
"66094",0.2708
"66096",-2.1099
"66098",-1.0172
"66101",0.9088
"66102",0.2565
"66104",-1.7608
"66105",1.8479
"66108",0.0732
"66109",2.4517
"66111",1.9235
"66112",0.5543
"66114",-0.2075
"66116",-0.5274
"66117",-1.7258
"66118",1.0174
"66119",0.4534
"66120",1.5136
"66121",-1.5805
"66123",-0.0959
"66124",-1.9948
"66125",-0.8956
"66126",0.5476
"66128",-1.0294
"66129",0.8652
"66131",1.3506
"66132",2.0404
"66136",1.327
"66138",-1.1202
"66139",1.8149
"66140",-1.0737
"66141",0.8923
"66142",0.5997
"66143",2.914
"66144",-1.1297
"66146",0.42
"66147",-1.2245
"66148",0.613
"66151",0.2597
"66152",-0.2922
"66153",0.2217
"66154",-0.0854
"66155",0.6382
"66156",1.5345
"66158",0.7262
"66161",2.3809
"66162",-0.1275
"66163",-1.0871
"66164",0.6225
"66165",-1.504
"66167",0.442
"66168",-0.9799
"66169",-2.6036
"66170",-1.1864
"66171",-2.5574
"66172",0.3852
"66174",0.1821
"66175",0.931
"66176",-1.2409
"66177",-0.0014
"66179",-0.1747
"66180",-0.3743
"66181",0.2273
"66183",-1.0275
"66184",-0.1749
"66185",1.639
"66190",1.2605
"66191",1.3088
"66192",0.4725
"66193",-1.1916
"66194",-0.0646
"66196",0.0475
"66197",-0.4189
"66199",1.0611
"66200",2.2257
"66201",0.7591
"66202",0.775
"66204",-1.8829
"66205",1.5665
"66206",2.3386
"66208",-2.8636
"66209",-1.6247
"66211",-0.1241
"66212",1.7362
"66213",2.3348
"66214",0.2448
"66218",2.7916
"66220",-0.6942
"66222",0.0232
"66223",1.5747
"66225",-1.6149
"66226",1.5435
"66229",-0.0539
"66230",-1.5165
"66231",0.8833
"66233",-1.3315
"66234",1.9645
"66235",0.9053
"66236",-1.6416
"66237",1.2913
"66240",0.5388
"66241",-0.9577
"66242",-1.1908
"66244",0.8931
"66245",-1.1377
"66246",-1.5221
"66248",0.3206
"66249",2.2504
"66251",0.5391
"66253",0.1101
"66254",1.5179
"66255",0.2762
"66256",1.5894
"66257",-1.0571
"66258",1.8297
"66259",-3.7312
"66262",-1.299
"66263",0.485
"66264",0.1521
"66268",-0.0404
"66270",2.5801
"66271",2.9911
"66272",0.2016
"66273",0.9864
"66274",1.3712
"66276",0.4789
"66277",-0.4002
"66278",-0.7966
"66279",0.3936
"66282",1.5655
"66286",0.3335
"66290",0.3878
"66291",0.0448
"66292",1.0586
"66293",0.0724
"66294",0.6175
"66296",2.3106
"66297",-1.9806
"66300",-0.9889
"66302",2.3809
"66306",-0.7101
"66307",1.7375
"66308",1.4639
"66309",3.1825
"66310",0.1509
"66311",1.1734
"66313",2.4403
"66314",-1.6262
"66315",2.0083
"66317",0.5294
"66320",-1.2336
"66323",-1.8492
"66329",-0.6365
"66330",-2.3297
"66333",0.0584
"66335",2.0865
"66336",1.5269
"66337",0.8323
"66338",0.759
"66340",2.0848
"66341",0.6907
"66343",-1.4927
"66349",0.1647
"66350",-1.0183
"66352",1.9486
"66353",0.4929
"66354",-2.2353
"66355",0.8006
"66356",-0.1329
"66357",-0.141
"66358",1.2038
"66359",2.7739
"66361",0.8609
"66362",0.2587
"66364",0.2627
"66365",0.5324
"66366",1.2969
"66367",-1.2705
"66368",1.6874
"66369",1.5075
"66371",1.3523
"66373",0.2262
"66374",-2.0001
"66375",-0.072
"66377",-0.1764
"66379",-1.2643
"66381",-0.449
"66383",1.9894
"66384",1.1337
"66385",1.5185
"66387",-1.3784
"66388",0.4414
"66390",0.0548
"66391",0.967
"66394",-1.4736
"66395",-0.855
"66396",-0.622
"66397",1.546
"66398",-0.779
"66399",0.2724
"66400",-0.6082
"66401",0.4663
"66402",1.2973
"66403",0.972
"66404",-1.4381
"66405",3.0868
"66406",-1.4551
"66407",1.9157
"66408",-0.2207
"66409",2.9007
"66410",1.8923
"66411",-2.0162
"66412",1.1383
"66413",4.2304
"66414",-0.3602
"66416",-1.8677
"66419",-1.0579
"66420",0.6064
"66421",-2.0213
"66422",0.6363
"66423",-1.2444
"66425",-0.1092
"66427",0.5296
"66431",-0.1549
"66432",0.5898
"66433",2.063
"66435",0.8677
"66437",0.6182
"66439",1.3759
"66440",1.2793
"66441",0.5417
"66442",-1.3726
"66443",-0.2275
"66445",-0.2028
"66446",-0.4016
"66447",1.3515
"66448",1.1598
"66449",0.7108
"66454",-0.7413
"66455",-1.6015
"66456",0.8775
"66457",-1.8748
"66459",1.0231
"66460",-0.4571
"66461",1.5485
"66462",-1.556
"66464",0.0183
"66467",0.2387
"66468",0.3187
"66469",-2.0671
"66471",1.6449
"66475",1.0755
"66477",1.1864
"66480",2.8787
"66481",-0.3588
"66482",2.27
"66483",1.8443
"66487",2.1963
"66488",3.1604
"66489",-0.1161
"66491",-1.4022
"66492",-1.0814
"66493",-0.9825
"66494",-0.6314
"66495",0.1388
"66496",0.5184
"66497",0.2095
"66498",0.7097
"66500",1.3299
"66503",-0.0297
"66505",-1.174
"66506",-0.6134
"66508",-1.1763
"66510",-0.1457
"66511",-0.0739
"66513",-1.7661
"66514",-2.1244
"66515",0.573
"66520",1.1928
"66521",2.3513
"66522",1.3658
"66523",-1.7309
"66525",0.4081
"66526",-0.6494
"66528",1.993
"66530",-1.8068
"66531",-1.8363
"66532",0.4661
"66536",0.3887
"66537",0.819
"66538",0.5935
"66540",2.363
"66541",2.206
"66548",-0.7249
"66549",-0.0207
"66552",1.0841
"66556",-1.7977
"66559",0.5322
"66561",-0.3204
"66566",-0.6389
"66568",-0.1721
"66569",1.0585
"66570",2.0094
"66573",-1.8641
"66576",-2.3628
"66578",0.8486
"66580",0.4258
"66583",1.7433
"66585",-0.8257
"66586",1.1387
"66587",-0.1817
"66588",1.8823
"66589",0.2254
"66590",-0.7504
"66591",0.8574
"66592",0.7017
"66593",-1.4291
"66594",-4.9693
"66595",0.7292
"66596",-0.5746
"66597",0.7438
"66599",0.107
"66602",1.8605
"66603",-0.7512
"66606",-1.5875
"66607",-0.7494
"66609",-0.5634
"66610",-1.2793
"66611",-0.1567
"66612",-3.157
"66614",-2.2713
"66615",-1.5079
"66616",-0.2922
"66617",-1.0951
"66618",-0.9888
"66620",0.3246
"66622",-0.338
"66624",-0.0425
"66625",-1.4338
"66626",-1.2884
"66627",-1.1571
"66628",1.584
"66629",2.0398
"66631",0.3785
"66632",1.7494
"66634",1.2794
"66637",0.7512
"66641",0.1856
"66642",-0.5467
"66643",-1.0438
"66645",0.1996
"66646",1.2151
"66647",-0.2704
"66648",1.7821
"66653",-1.279
"66656",0.3048
"66658",-1.0715
"66659",-0.1801
"66660",0.4028
"66661",2.5073
"66662",-0.1004
"66663",1.4614
"66664",-0.3688
"66665",-0.8085
"66667",0.3655
"66671",2.8359
"66673",-0.635
"66674",1.0309
"66676",1.5891
"66679",1.6562
"66680",1.5901
"66681",1.4733
"66682",-0.6516
"66684",-0.8647
"66686",1.286
"66687",0.3515
"66689",0.2523
"66690",-0.8804
"66691",0.3092
"66694",-0.161
"66695",-1.0629
"66696",-0.7211
"66700",-1.4533
"66701",-0.03
"66704",-1.328
"66705",0.0172
"66706",-0.1742
"66707",0.8503
"66709",0.9868
"66711",0.1449
"66713",4.0346
"66714",1.7804
"66715",0.5773
"66717",-0.1165
"66720",-0.3286
"66722",-0.1166
"66724",0.2695
"66725",-1.2715
"66729",0.1665
"66730",0.5549
"66732",0.4034
"66733",0.1738
"66734",-2.7666
"66736",2.9153
"66737",0.1695
"66743",-1.0029
"66748",0.843
"66752",-0.4975
"66753",2.848
"66756",1.8719
"66757",-0.4012
"66758",0.6006
"66765",-0.4937
"66766",-1.1173
"66768",0.9706
"66770",1.3907
"66771",-1.4395
"66774",2.0898
"66775",2.1502
"66776",-5.1929
"66779",1.3512
"66784",-0.568
"66787",1.0651
"66789",1.9607
"66790",-0.2526
"66793",1.5016
"66795",0.9584
"66797",1.5531
"66799",1.2613
"66801",0.5202
"66805",-1.2252
"66808",1.4089
"66809",-0.1854
"66810",0.8862
"66812",-1.484
"66815",0.4177
"66816",1.703
"66817",0.6669
"66818",1.196
"66821",0.7406
"66822",1.3754
"66824",-0.1258
"66826",0.0609
"66827",1.5503
"66830",-0.5624
"66832",-0.5409
"66834",1.9106
"66836",-1.0238
"66838",-1.3614
"66839",-0.9104
"66840",-0.4452
"66841",2.0798
"66844",-2.2879
"66845",0.8705
"66847",-0.1082
"66848",-0.2476
"66849",1.0707
"66853",-1.339
"66854",0.1072
"66855",-1.706
"66857",1.4718
"66859",-0.0068
"66860",0.9241
"66861",3.2576
"66863",-1.4861
"66864",2.0152
"66865",1.5884
"66866",0.0357
"66867",-1.418
"66868",-0.404
"66869",0.2146
"66870",0.1361
"66871",1.3632
"66873",-1.7711
"66874",-0.0571
"66875",0.533
"66877",1.8609
"66878",0.0982
"66880",0.0514
"66881",0.669
"66882",3.5204
"66884",2.3775
"66885",1.2071
"66887",0.5151
"66889",1.7959
"66890",0.8666
"66892",0.2497
"66894",-2.3796
"66895",0.4932
"66897",0.3762
"66898",1.0863
"66899",-0.1756
"66901",-1.1111
"66902",0.9212
"66904",-1.3628
"66905",-1.7852
"66910",-0.4715
"66911",0.041
"66912",3.2473
"66913",0.7592
"66914",-0.6833
"66915",2.0797
"66916",0.0981
"66917",-0.7822
"66921",-1.8637
"66922",0.7719
"66923",0.9763
"66925",0.5956
"66926",1.4275
"66928",1.4084
"66929",1.7211
"66930",-1.0791
"66931",0.5176
"66932",-1.5615
"66934",0.051
"66935",-0.8333
"66938",-0.7379
"66939",-2.0287
"66940",-0.615
"66942",1.0837
"66943",0.5315
"66945",-0.1432
"66948",0.2297
"66949",1.0233
"66950",1.3269
"66952",0.0471
"66953",1.1531
"66958",0.8433
"66959",-2.0976
"66960",3.9593
"66961",-4.4992
"66962",-0.029
"66964",0.7747
"66965",-1.0263
"66966",-0.3387
"66967",3.3295
"66968",-1.1476
"66970",0.9334
"66971",-0.5329
"66972",-1.2933
"66973",1.3867
"66975",-0.3826
"66977",0.0713
"66978",0.0036
"66979",1.6713
"66980",-0.6271
"66983",1.3515
"66985",0.6146
"66988",-0.0753
"66989",-2.1812
"66990",-0.8702
"66991",-0.2141
"66993",-0.887
"66994",0.8764
"66995",-0.8975
"66997",2.3752
"66998",0.9034
"66999",-0.796
"67003",1.6067
"67005",0.4688
"67006",1.6078
"67008",2.1588
"67009",0.8721
"67010",3.5194
"67011",0.4089
"67013",-0.7754
"67014",0.0321
"67015",-0.0459
"67016",1.4876
"67017",0.7761
"67019",0.9485
"67020",0.0271
"67023",-1.1062
"67025",-0.3425
"67026",-2.1977
"67027",-1.6907
"67028",2.1963
"67030",0.3432
"67031",-2.2636
"67035",-0.3798
"67036",1.0468
"67037",1.1099
"67039",-0.4457
"67040",-0.5624
"67041",1.0454
"67042",-1.085
"67043",0.7734
"67044",-0.3131
"67045",0.5654
"67046",1.8865
"67048",4.5484
"67049",0.1565
"67050",1.368
"67052",1.255
"67053",0.3707
"67054",2.2674
"67057",3.1089
"67059",2.5913
"67062",-0.7826
"67063",-0.91
"67064",1.3604
"67065",1.0315
"67067",-0.4415
"67068",2.5089
"67070",0.0082
"67071",2.7293
"67072",1.3254
"67073",-0.9997
"67074",1.7331
"67075",-0.7439
"67077",-1.2973
"67078",-1.9912
"67080",0.766
"67085",-1.6671
"67087",-1.4127
"67088",-0.3817
"67089",1.8461
"67091",0.9492
"67092",-0.2594
"67095",-0.6831
"67096",0.7789
"67097",0.1043
"67099",-1.2349
"67101",1.0431
"67102",0.2511
"67103",-1.1797
"67105",0.273
"67106",1.8328
"67109",-1.4673
"67111",-0.8949
"67112",2.4698
"67115",2.9921
"67116",-0.0163
"67117",2.9627
"67118",0.8912
"67119",-1.583
"67120",-0.5374
"67121",1.5092
"67122",1.7924
"67123",-0.0895
"67125",-0.6228
"67126",-1.3849
"67128",3.9411
"67130",-3.6161
"67131",-1.6338
"67134",0.2857
"67136",0.0604
"67138",-0.1993
"67139",-0.7464
"67141",0.3216
"67143",1.3568
"67144",2.112
"67145",1.0062
"67148",0.8781
"67149",0.0614
"67150",1.9326
"67151",-1.1331
"67153",0.8124
"67154",4.4939
"67155",-4.1165
"67157",2.2885
"67158",-0.5579
"67160",0.7671
"67161",0.3189
"67163",0.8781
"67164",1.4062
"67166",1.0462
"67168",1.0615
"67169",0.1105
"67170",-1.0005
"67171",0.7209
"67177",0.5598
"67178",-0.9455
"67179",-0.0313
"67180",2.5906
"67181",-0.048
"67182",-0.2699
"67184",0.7664
"67186",-3.007
"67187",1.4845
"67188",1.3153
"67194",-1.6529
"67196",-1.5975
"67197",1.4047
"67198",-0.9714
"67199",1.1088
"67200",1.0611
"67201",-0.5693
"67203",-3.3424
"67204",2.2997
"67205",-0.3336
"67207",0.6771
"67210",1.9177
"67211",2.4072
"67212",0.6089
"67213",-1.2267
"67216",-0.4074
"67217",-0.9925
"67219",-0.6416
"67220",-1.211
"67222",0.9329
"67223",0.4086
"67224",0.9771
"67225",0.8342
"67226",-0.6224
"67228",-0.9292
"67229",-0.7717
"67230",-0.6772
"67231",-0.6076
"67235",0.0503
"67236",0.5789
"67238",1.4277
"67239",2.5894
"67241",2.2062
"67242",1.2506
"67245",2.8422
"67246",0.8176
"67247",-0.2002
"67248",-0.2858
"67249",1.5417
"67252",0.7947
"67254",0.6148
"67255",1.6181
"67260",-1.1387
"67261",-0.5625
"67263",1.3953
"67264",-1.1658
"67266",1.645
"67267",-1.3542
"67268",-0.0453
"67269",0.6324
"67270",0.6787
"67272",-0.3475
"67273",0.2254
"67276",0.5851
"67277",1.6079
"67278",-1.6482
"67279",4.5625
"67281",-3.408
"67282",1.2281
"67283",-2.2911
"67285",0.838
"67286",1.7934
"67287",-1.0572
"67288",0.2515
"67289",-0.1092
"67290",0.4529
"67291",-1.1422
"67292",0.3886
"67293",-0.9161
"67295",1.63
"67296",1.7201
"67298",-1.4794
"67299",0.645
"67300",2.3528
"67302",-2.8148
"67303",-0.3723
"67304",1.0826
"67305",-0.3163
"67306",2.5314
"67307",-0.6291
"67308",-0.5262
"67311",0.3431
"67313",0.2302
"67325",-0.2183
"67326",-1.5161
"67329",-0.8985
"67330",-0.1642
"67331",-0.6705
"67332",-1.8548
"67333",0.4905
"67337",0.3659
"67338",1.1044
"67341",0.1667
"67342",2.748
"67344",-0.2276
"67345",-1.0439
"67349",-0.6488
"67350",1.2296
"67355",0.8819
"67356",-1.726
"67358",-0.266
"67367",0.7613
"67369",0.751
"67370",1.7004
"67371",0.4889
"67374",2.0488
"67375",-2.0979
"67378",-1.1099
"67379",-0.5835
"67381",-1.3116
"67382",-0.3307
"67383",1.8725
"67384",3.4577
"67387",0.7578
"67388",-1.3412
"67389",-0.1499
"67390",1.0287
"67391",1.2881
"67392",1.3462
"67393",-0.9965
"67394",-0.1683
"67397",-1.8509
"67398",1.1727
"67399",-0.3965
"67405",3.0031
"67412",-1.6714
"67414",-0.7665
"67416",-0.5128
"67417",-0.2632
"67418",0.6825
"67419",1.6925
"67420",1.6672
"67422",0.0964
"67425",-1.1497
"67426",-1.3249
"67427",-3.4175
"67429",0.1825
"67430",1.3467
"67432",1.1352
"67433",0.7112
"67434",1.4503
"67437",0.0111
"67439",1.0263
"67440",2.5444
"67441",-0.6162
"67442",-0.6611
"67444",-1.7882
"67445",-2.9364
"67446",-1.2264
"67448",0.0922
"67451",1.4046
"67452",1.751
"67453",2.631
"67454",0.8565
"67455",1.4864
"67456",1.637
"67457",-1.0181
"67458",0.6031
"67459",0.4166
"67460",-0.4019
"67463",1.0828
"67465",-0.2589
"67466",-1.3073
"67467",0.9786
"67468",1.3308
"67469",0.2262
"67471",0.3709
"67472",2.0089
"67473",-1.8543
"67474",0.9406
"67475",-1.0282
"67477",1.4104
"67480",-0.0885
"67483",-0.0839
"67484",-0.8402
"67486",1.2929
"67487",1.2799
"67488",-1.9863
"67489",0.63
"67490",1.7711
"67492",1.0445
"67493",-0.2109
"67495",-0.5986
"67498",2.8524
"67500",0.8391
"67501",1.676
"67503",1.1468
"67507",1.4991
"67509",-0.3796
"67510",0.5582
"67511",-1.7488
"67512",-1.5756
"67513",-1.0825
"67515",-2.9372
"67516",1.0521
"67525",0.4934
"67526",-0.2353
"67528",0.595
"67529",1.3647
"67530",2.1001
"67531",0.1755
"67532",-1.0487
"67533",0.6023
"67534",-0.1829
"67538",1.06
"67542",-2.1053
"67544",0.8575
"67547",0.5391
"67548",1.786
"67549",1.1499
"67552",-0.0919
"67553",1.2849
"67554",0.2771
"67556",-0.0128
"67557",-2.2002
"67561",0.5488
"67563",0.1685
"67564",0.4131
"67568",-0.0676
"67569",0.7122
"67573",-0.5874
"67574",0.0146
"67576",2.2018
"67578",0.6777
"67579",1.8026
"67580",-0.4033
"67581",1.3993
"67582",-0.1915
"67586",-0.9548
"67588",-2.2321
"67590",0.4132
"67592",1.2314
"67602",2.0035
"67603",4.5694
"67604",-0.4168
"67605",-2.4845
"67606",-1.004
"67607",2.0823
"67608",0.7542
"67609",0.6248
"67610",0.9261
"67615",0.5616
"67618",0.8855
"67619",0.6925
"67620",-0.1458
"67621",-0.3267
"67622",-0.0566
"67623",0.9196
"67628",-0.8164
"67629",-0.2073
"67630",-0.1001
"67636",2.9867
"67637",-0.505
"67639",-0.3404
"67644",0.5395
"67647",1.2845
"67652",-0.4186
"67655",0.3513
"67657",-0.175
"67661",-2.8344
"67664",0.6289
"67665",0.0066
"67666",0.6818
"67667",2.6952
"67669",1.1863
"67671",-0.4429
"67672",0.8428
"67673",1.0457
"67674",1.0463
"67675",1.7923
"67676",0.7404
"67678",-0.079
"67680",1.3549
"67681",2.7014
"67683",1.7704
"67684",-1.6803
"67685",0.7664
"67689",0.4826
"67693",-1.9452
"67694",0.4707
"67695",1.2429
"67698",-1.4082
"67701",0.7197
"67702",0.4015
"67703",-0.0703
"67704",2.4703
"67705",0.619
"67706",-1.1211
"67707",-0.0646
"67708",-0.4157
"67710",-0.4891
"67711",1.0512
"67712",-1.0074
"67713",1.2418
"67723",0.375
"67724",-0.7245
"67725",0.4865
"67726",-1.128
"67727",1.9463
"67728",1.2559
"67729",0.8446
"67731",-1.3468
"67732",-1.2783
"67733",-0.192
"67735",1.7456
"67736",0.3203
"67737",0.3937
"67738",0.6949
"67739",-0.4761
"67742",-0.401
"67746",0.5924
"67747",-2.1699
"67752",-0.5963
"67753",-0.0973
"67755",0.4608
"67759",1.9658
"67760",0.9742
"67763",-1.1166
"67765",0.3362
"67767",0.3077
"67768",-0.0225
"67769",0.6839
"67770",-0.0748
"67771",2.0263
"67772",-0.8688
"67773",0.7247
"67774",-0.6673
"67775",1.1724
"67776",0.1847
"67778",1.0295
"67781",0.2904
"67784",-1.9012
"67785",-0.5695
"67788",0.2557
"67789",-1.3432
"67790",2.2101
"67791",-1.0989
"67792",-0.5677
"67795",0.7262
"67797",0.6569
"67800",0.5836
"67801",-0.6593
"67803",-1.6238
"67804",1.8292
"67808",-0.343
"67809",-1.2784
"67811",-1.1367
"67812",0.5623
"67815",-0.6267
"67819",-0.3608
"67824",-1.7362
"67826",-0.507
"67830",2.1902
"67832",-0.0517
"67834",3.7048
"67836",-0.3229
"67838",-2.8297
"67839",-2.1769
"67840",0.7848
"67841",-0.0278
"67842",0.1765
"67843",1.0206
"67844",2.4879
"67845",3.427
"67846",0.1767
"67847",0.3894
"67848",-0.9252
"67849",-0.298
"67851",1.0074
"67855",-0.5633
"67856",-0.9582
"67857",1.8178
"67860",-2.182
"67861",-0.0965
"67862",-0.4044
"67863",-0.6149
"67864",2.1021
"67865",1.5977
"67866",-0.0769
"67867",0.6483
"67869",-0.2509
"67870",-2.0052
"67871",0.4826
"67872",0.7077
"67873",0.2004
"67874",-2.28
"67876",2.9191
"67877",0.8885
"67878",-0.1155
"67880",1.5253
"67881",-1.9188
"67883",1.7282
"67884",-1.5605
"67885",2.3423
"67886",1.4817
"67887",0.4214
"67888",0.551
"67889",2.0617
"67890",1.9762
"67891",1.5759
"67892",1.633
"67893",0.7627
"67894",1.8581
"67895",1.4821
"67896",0.0183
"67897",1.717
"67898",-1.3519
"67899",2.6834
"67900",-0.7215
"67902",-0.7876
"67903",-1.8805
"67905",-0.9181
"67911",-0.2052
"67912",0.3393
"67914",-2.2304
"67916",-0.9895
"67917",-0.7216
"67920",1.1412
"67921",1.6632
"67922",-0.9134
"67923",2.1532
"67933",1.2484
"67934",-2.7964
"67935",0.0149
"67936",-0.393
"67937",-0.7529
"67938",0.9317
"67939",-1.0913
"67941",2.1781
"67942",-0.3112
"67943",0.8019
"67945",-1.9529
"67946",0.8444
"67948",1.1797
"67949",2.8858
"67951",-0.0396
"67952",1.2174
"67955",0.6744
"67956",2.92
"67958",1.4569
"67959",-0.6302
"67963",-0.8017
"67966",-0.1645
"67967",1.2414
"67968",1.0177
"67971",-1.0502
"67972",1.9899
"67973",1.1468
"67974",1.3144
"67976",-1.2904
"67978",-1.2938
"67979",2.7856
"67980",-0.1176
"67983",-2.0547
"67988",2.0081
"67991",-1.444
"67993",-0.6105
"67994",0.2443
"67996",-1.1076
"67997",1.5754
"67998",-1.3641
"68001",1.4849
"68002",1.2573
"68010",1.1838
"68011",-0.6524
"68014",0.8145
"68015",-0.0918
"68016",-0.1079
"68017",-0.2688
"68018",3.3558
"68020",-1.368
"68021",-1.4176
"68023",0.3715
"68024",1.9535
"68026",-0.1644
"68027",-0.6635
"68028",0.9522
"68031",-0.6019
"68032",0.3747
"68033",-0.8289
"68034",-0.0438
"68035",-2.2421
"68036",-0.0027
"68038",0.8907
"68039",-0.2199
"68040",-0.6196
"68041",-1.1655
"68043",-0.8279
"68044",1.1047
"68045",2.6425
"68046",1.3867
"68047",-1.2342
"68048",0.1245
"68050",0.3641
"68051",0.3809
"68052",-0.905
"68053",0.5122
"68054",1.3422
"68055",1.6322
"68058",-0.2318
"68059",2.36
"68066",-0.1208
"68067",1.149
"68070",2.917
"68073",-1.7445
"68074",-1.2468
"68075",0.7307
"68077",-2.4404
"68079",0.4286
"68080",-0.533
"68082",-0.4658
"68083",1.633
"68087",0.4094
"68089",0.7142
"68090",1.6917
"68092",0.952
"68094",-3.0012
"68095",0.2645
"68097",-3.8361
"68098",0.4126
"68099",2.9828
"68106",-0.924
"68107",1.2307
"68108",-1.1456
"68112",-1.5156
"68114",-2.0435
"68115",1.3274
"68117",2.0159
"68118",-0.5101
"68119",0.1013
"68121",-0.6422
"68126",-1.4453
"68127",0.4978
"68128",1.2005
"68133",-1.3519
"68134",-1.1252
"68135",-0.2068
"68137",0.4354
"68140",0.8559
"68142",-0.0574
"68144",-0.5225
"68145",1.2546
"68146",0.0542
"68147",-0.986
"68149",0.6569
"68151",1.2431
"68152",0.5826
"68153",0.6134
"68159",-0.2994
"68161",-0.2426
"68162",1.1094
"68165",1.4507
"68166",-0.0064
"68169",-0.3023
"68170",1.4254
"68173",1.2053
"68176",1.018
"68177",0.7139
"68178",0.3959
"68180",-0.4
"68183",-2.1205
"68184",2.0541
"68185",-0.2872
"68187",3.1043
"68188",-2.232
"68190",-0.1222
"68192",-0.0927
"68193",-0.4948
"68194",1.4224
"68195",0.4308
"68196",2.2755
"68197",0.9194
"68198",-0.4614
"68201",-0.6178
"68202",-1.251
"68203",2.0464
"68205",-2.4994
"68209",0.3713
"68212",0.2811
"68214",0.2332
"68215",-0.9447
"68219",0.0494
"68222",-0.1523
"68226",0.8144
"68229",-0.8901
"68230",0.449
"68232",-0.7491
"68235",-2.5081
"68236",0.9582
"68240",0.5079
"68241",0.8177
"68250",2.6082
"68251",1.1091
"68255",-0.3913
"68259",-0.4915
"68260",-0.2677
"68262",-2.274
"68263",2.4651
"68267",-0.6198
"68268",2.7314
"68270",-1.7537
"68271",0.1752
"68272",-4.4051
"68273",1.3323
"68275",0.0994
"68276",0.095
"68277",0.8461
"68278",0.868
"68281",2.4281
"68283",-0.0459
"68285",-0.177
"68291",0.5266
"68292",-0.9431
"68294",-0.3279
"68295",-0.4884
"68298",-0.5397
"68299",1.4207
"68303",-0.7163
"68304",0.5361
"68306",-1.3818
"68310",3.1777
"68311",-0.1144
"68312",1.2848
"68316",3.09
"68318",-0.2139
"68323",0.5159
"68327",-0.8446
"68328",0.1219
"68332",0.2425
"68337",-1.8905
"68339",0.0806
"68342",-3.1784
"68344",-1.6446
"68346",-0.4787
"68347",0.5418
"68349",0.5007
"68350",-0.7485
"68352",0.7527
"68355",2.6156
"68364",-0.6739
"68365",1.5401
"68366",-0.8076
"68371",1.8633
"68375",1.5191
"68379",-1.2723
"68385",1.1916
"68394",-0.8436
"68396",0.0827
"68400",-2.1146
"68401",1.0054
"68404",3.0865
"68420",0.4989
"68421",1.8882
"68423",-1.0647
"68427",0.543
"68428",1.1608
"68431",-1.5027
"68436",1.3296
"68440",0.2765
"68441",0.8194
"68449",-3.7
"68458",-0.6611
"68463",-0.5295
"68465",-0.4918
"68472",2.4299
"68473",-0.4016
"68475",0.1846
"68477",-1.1952
"68479",-1.06
"68480",0.345
"68481",-1.7597
"68483",1.3726
"68487",-2.0614
"68488",-0.6712
"68490",-2.0989
"68493",2.613
"68497",1.5788
"68498",-0.1638
"68499",1.4817
"68501",0.0709
"68505",-2.0596
"68507",-1.6664
"68509",0.457
"68510",-2.1003
"68511",0.2391
"68512",1.5021
"68514",0.9154
"68515",-0.911
"68519",-0.3605
"68520",0.0925
"68521",0.1201
"68523",0.0611
"68524",-2.4275
"68525",-3.3702
"68526",0.8612
"68527",1.5665
"68531",1.2591
"68533",1.1766
"68537",0.6586
"68539",-1.3592
"68544",-1.2615
"68545",0.1247
"68549",1.1412
"68550",0.8905
"68552",0.0928
"68553",-1.1885
"68554",0.4901
"68556",0.8493
"68558",1.2211
"68559",-2.54
"68563",1.5654
"68564",1.1053
"68565",1.2979
"68566",-1.0121
"68567",1.3392
"68572",2.0301
"68576",1.6333
"68581",0.5301
"68585",2.2351
"68588",-0.608
"68591",-0.5318
"68592",-0.3162
"68597",-0.7673
"68598",2.8221
"68603",-3.8845
"68606",-2.2913
"68607",-1.142
"68611",-2.0691
"68612",-0.057
"68614",-1.5244
"68616",-0.634
"68617",-3.4667
"68618",1.4083
"68625",-0.7704
"68626",-0.1512
"68628",-0.9362
"68631",0.5057
"68632",1.0531
"68634",0.1816
"68636",0.3064
"68642",0.8539
"68644",-0.4581
"68646",-0.6128
"68652",1.145
"68653",-1.613
"68655",-0.1563
"68659",2.5017
"68662",-1.8851
"68666",-2.1196
"68667",-0.2869
"68671",-3.669
"68675",0.307
"68682",-0.8835
"68690",0.7823
"68691",3.876
"68693",-3.2481
"68695",-0.6174
"68703",-2.304
"68705",0.9961
"68708",-0.0905
"68709",-0.5727
"68713",2.5461
"68718",-1.9827
"68721",1.6188
"68724",-0.1786
"68725",-0.0032
"68728",-1.2628
"68729",-1.3815
"68730",-1.3871
"68731",-2.3695
"68732",-1.6153
"68734",1.9103
"68735",3.3237
"68736",-0.2681
"68737",-0.8505
"68738",-0.9981
"68742",0.7872
"68743",-2.2544
"68744",-2.1298
"68750",-2.2432
"68755",-0.5513
"68758",-0.1184
"68760",-3.382
"68763",1.4559
"68764",0.1241
"68767",-0.0798
"68770",1.1498
"68774",2.1342
"68775",1.6567
"68776",0.0716
"68777",0.8336
"68778",-1.4891
"68789",-1.7412
"68790",-0.4145
"68792",-0.3357
"68794",-0.7479
"68795",4.304
"68796",-1.6295
"68797",0.5646
"68799",1.0533
"68800",1.4502
"68801",-0.5701
"68802",-0.6349
"68808",-1.3729
"68810",-1.204
"68813",-0.09
"68815",1.1746
"68816",-0.7367
"68817",1.6965
"68818",-0.9182
"68828",0.2485
"68832",0.3112
"68833",-1.0145
"68836",-0.9599
"68837",-0.5744
"68839",-2.4027
"68841",-1.2612
"68842",-0.2905
"68845",-1.757
"68846",-1.4414
"68852",-1.2641
"68854",2.1377
"68857",-1.0751
"68859",-2.0496
"68861",2.5666
"68865",-0.1212
"68867",0.5603
"68870",0.7035
"68874",-0.0845
"68875",-4.3478
"68876",-1.3055
"68877",-3.2874
"68879",-0.2154
"68888",2.2025
"68889",0.3937
"68895",2.5405
"68897",-1.1221
"68904",1.4864
"68910",-0.223
"68911",-1.9759
"68915",-1.7441
"68916",0.5485
"68917",-0.3359
"68918",-1.3954
"68920",-1.0274
"68922",-0.2052
"68925",-0.0687
"68926",0.3191
"68927",0.1915
"68929",-0.2545
"68936",0.9309
"68938",-0.2273
"68939",1.2935
"68941",-0.2046
"68942",-0.3975
"68943",-3.9105
"68944",0.0606
"68947",-1.6144
"68948",0.857
"68949",-2.5447
"68952",-1.6965
"68953",1.0373
"68954",-1.1093
"68955",-0.3751
"68957",0.7924
"68961",-0.3757
"68964",0.1339
"68966",-0.465
"68968",-0.6559
"68969",-0.0759
"68970",-0.6598
"68971",0.2545
"68972",-1.4097
"68975",1.9031
"68977",-1.0252
"68979",-0.1135
"68980",0.0823
"68981",2.016
"68982",0.8385
"68988",-0.8755
"68991",1.2536
"68992",-0.095
"68994",1.6895
"68995",1.1912
"68999",0.8815
"69002",0.3157
"69004",-0.3448
"69008",1.1501
"69009",-1.7775
"69010",0.3998
"69017",-2.7855
"69019",0.2556
"69020",-0.6337
"69024",-0.6315
"69028",2.5416
"69029",0.6883
"69031",-2.9398
"69032",-1.1266
"69034",0.8067
"69035",0.3541
"69038",-3.1285
"69042",0.1941
"69046",2.7636
"69047",1.4986
"69048",1.5659
"69049",0.5426
"69051",-2.1295
"69053",0.9246
"69060",0.3054
"69064",0.5505
"69065",-0.3375
"69066",-0.7915
"69068",0.8542
"69069",-1.3068
"69071",1.0003
"69072",-1.0377
"69073",-1.2638
"69076",0.268
"69077",-0.0038
"69080",-0.4394
"69082",-0.1613
"69083",0.9337
"69085",0.9386
"69086",-2.5217
"69089",-0.5589
"69090",-0.0486
"69091",0.8901
"69094",-0.965
"69097",-1.5484
"69101",-0.3816
"69104",1.6995
"69106",-1.9411
"69109",-0.5857
"69113",1.0473
"69116",-1.3977
"69120",-0.1336
"69123",0.618
"69125",1.1164
"69126",2.0963
"69129",-0.4699
"69131",-0.3771
"69136",0.4683
"69137",-0.3528
"69142",-2.1423
"69146",0.4453
"69149",-0.0093
"69150",2.9539
"69151",-1.2484
"69155",0.7151
"69156",0.5477
"69159",-1.2357
"69161",-0.6414
"69162",0.1176
"69163",0.0033
"69168",1.5587
"69170",1.1576
"69171",-2.0356
"69178",1.2542
"69179",0.7779
"69181",2.9044
"69183",0.1622
"69185",-0.1634
"69186",-2.6121
"69187",0.449
"69188",0.3675
"69189",0.0486
"69190",1.4689
"69192",-1.5375
"69195",-1.3382
"69202",-1.2409
"69207",-0.9759
"69215",0.8742
"69216",1.3894
"69217",-1.1049
"69219",-0.0053
"69221",-2.1821
"69225",0.3126
"69226",-1.6331
"69227",2.2004
"69228",0.4169
"69232",-0.4901
"69234",-2.3828
"69237",2.5302
"69239",-0.2985
"69241",-0.6733
"69248",0.6334
"69253",0.4231
"69256",2.7057
"69257",1.1337
"69259",-0.6346
"69260",0.9565
"69263",0.3538
"69269",1.875
"69270",0.2479
"69274",-1.6129
"69276",1.2628
"69277",0.0558
"69281",-0.3185
"69282",-1.3101
"69287",0.8444
"69288",0.3735
"69291",-0.2607
"69296",1.1055
"69297",0.5936
"69303",-1.6678
"69305",1.0622
"69306",0.6595
"69308",0.9153
"69309",-0.0651
"69310",0.0376
"69312",2.4049
"69315",-1.6735
"69325",0.0954
"69327",0.194
"69329",0.2023
"69338",-0.8723
"69349",-1.8231
"69352",-0.3759
"69354",1.5628
"69358",-0.1839
"69367",1.0303
"69368",-0.6222
"69372",-0.7307
"69379",0.2636
"69386",1.92
"69387",-0.2484
"69398",1.858
"69399",1.1463
"69408",-1.1971
"69409",1.0685
"69428",-1.2346
"69430",1.1151
"69431",-1.0695
"69432",-1.0805
"69434",-1.1339
"69440",-2.1634
"69441",0.1888
"69454",1.0052
"69456",0.6801
"69457",-0.8653
"69459",-0.5382
"69470",-0.5795
"69478",0.152
"69479",-1.8007
"69480",0.2699
"69482",1.2267
"69487",-0.5167
"69496",0.512
"69499",0.2329
"69504",-0.1223
"69513",0.9888
"69519",1.5775
"69522",-1.6027
"69524",-0.1954
"69527",0.206
"69528",2.0398
"69534",1.3238
"69535",0.7623
"69536",-0.2829
"69537",-0.5325
"69538",-0.2148
"69539",2.278
"69540",0.9823
"69543",0.5873
"69544",1.8609
"69546",-1.9597
"69547",-0.2826
"69548",-0.3233
"69549",-0.924
"69550",1.6326
"69551",-0.229
"69554",0.428
"69556",-2.2545
"69562",0.9798
"69563",-2.0219
"69564",-0.4602
"69568",1.6901
"69572",1.5861
"69573",0.0488
"69574",1.4193
"69576",-0.0869
"69577",0.9704
"69578",-2.4337
"69579",0.0551
"69581",0.0722
"69582",-3.8861
"69583",-1.1976
"69585",0.5534
"69587",0.069
"69590",1.3034
"69591",0.7949
"69593",1.2956
"69596",0.2949
"69597",-0.9117
"69601",-1.1163
"69602",-0.6937
"69605",0.9708
"69606",2.2064
"69608",1.0952
"69612",0.8906
"69617",0.7417
"69623",0.4573
"69627",0.6366
"69631",-1.8203
"69632",-0.3742
"69634",0.0159
"69635",-1.5147
"69638",-2.2712
"69639",0.5852
"69640",0.1054
"69641",2.6586
"69642",2.8704
"69654",-1.5827
"69655",-0.6196
"69656",1.2241
"69657",-0.6544
"69659",-0.0095
"69660",-0.2586
"69662",1.9134
"69663",-1.4076
"69665",-1.2475
"69666",0.3889
"69668",1.5931
"69671",0.1282
"69672",1.164
"69674",-1.6012
"69675",-2.8142
"69681",0.187
"69683",-2.0692
"69684",1.0731
"69692",1.9883
"69693",1.4073
"69694",3.0486
"69697",-1.7301
"69698",0.3143
"69700",-2.1957
"69702",1.0619
"69706",0.1157
"69707",0.398
"69709",-0.4339
"69710",-2.2312
"69713",-0.349
"69714",-0.524
"69716",0.4698
"69718",1.5368
"69719",-1.2393
"69721",1.0301
"69723",0.4051
"69724",-0.3983
"69726",-0.8607
"69727",1.6124
"69731",-1.5623
"69732",1.1319
"69736",0.5505
"69737",0.032
"69739",-0.1446
"69740",0.5153
"69742",-0.2458
"69743",0.7508
"69745",0.7149
"69747",0.3213
"69748",-0.9821
"69749",-3.5271
"69750",0.8221
"69752",-0.0926
"69754",1.4108
"69757",1.105
"69769",-0.4926
"69770",-1.5295
"69771",0.599
"69772",0.2888
"69773",-1.2457
"69774",0.8883
"69780",0.2465
"69781",0.0887
"69784",0.6075
"69786",-2.8721
"69788",0.8894
"69790",-0.717
"69792",1.7949
"69797",-0.8979
"69798",1.416
"69802",1.5417
"69804",-0.6648
"69806",-0.4615
"69807",-0.2792
"69812",0.4228
"69815",-0.0425
"69816",-0.6545
"69821",0.4073
"69823",0.9678
"69824",1.1158
"69833",1.0545
"69834",0.4548
"69837",1.6965
"69847",-0.2851
"69860",1.1358
"69863",1.4306
"69870",-3.9027
"69871",-1.78
"69875",-0.9659
"69876",-2.4207
"69878",-0.2133
"69881",0.2097
"69882",0.6729
"69885",0.7839
"69890",-3.9559
"69893",-0.569
"69894",-1.9144
"69895",-1.9226
"69900",0.0496
"69902",1.6427
"69903",-2.2739
"69906",-0.0266
"69908",2.2183
"69912",1.8515
"69917",0.9329
"69918",0.6121
"69920",-1.7689
"69922",0.7997
"69923",-0.1205
"69926",0.3259
"69928",-0.6354
"69930",3.8713
"69934",-0.5242
"69938",0.799
"69940",2.0445
"69941",-1.2071
"69942",-0.0608
"69944",0.9495
"69952",2.0479
"69953",1.3361
"69955",1.3021
"69956",1.5255
"69957",3.0766
"69961",-1.6116
"69962",0.8301
"69964",0.5359
"69966",1.754
"69974",-0.6716
"69976",2.6344
"69981",3.0779
"69983",-0.634
"69987",-0.5368
"69993",-0.3744
"69994",-1.6528
"70004",0.5511
"70005",2.4198
"70008",-0.8323
"70012",-1.6332
"70020",-1.1341
"70021",1.8964
"70024",-1.0195
"70025",-0.7532
"70028",-1.4644
"70031",1.1471
"70036",-0.9315
"70040",-0.3974
"70044",-0.3844
"70045",0.2375
"70047",0.5513
"70052",0.7527
"70054",-1.3201
"70059",0.2177
"70060",0.3492
"70078",2.702
"70081",-0.3556
"70082",-0.4837
"70083",-1.0446
"70086",-1.1838
"70088",-0.2298
"70093",1.1364
"70097",-3.3896
"70099",2.6294
"70101",0.3634
"70103",-1.6262
"70110",0.4385
"70113",-0.2686
"70118",1.1292
"70120",-0.5574
"70122",-0.0999
"70123",1.4451
"70127",0.164
"70129",1.8937
"70134",-0.0038
"70144",-0.6729
"70152",-1.4332
"70153",0.1239
"70155",0.3317
"70160",1.7424
"70162",-0.7033
"70163",0.6339
"70178",2.0831
"70186",0.3367
"70207",-0.8087
"70208",2.2808
"70209",-1.9087
"70218",1.2302
"70223",-0.1459
"70225",2.4247
"70226",-1.5247
"70227",0.5286
"70230",-1.5978
"70231",1.5354
"70233",-2.9661
"70235",-0.8448
"70237",1.3002
"70238",2.7932
"70239",-0.898
"70240",0.4386
"70247",2.0796
"70248",-0.2688
"70252",1.9509
"70257",0.9037
"70258",0.7884
"70261",0.6931
"70266",-0.3682
"70274",0.121
"70281",-0.0604
"70285",1.6516
"70291",-1.1774
"70292",0.142
"70294",-0.858
"70296",-1.1789
"70297",2.5641
"70300",-1.1057
"70310",-0.2847
"70312",-0.0885
"70314",0.4598
"70315",-1.8283
"70316",1.2054
"70317",-0.5258
"70319",0.4918
"70325",1.7622
"70333",-1.611
"70335",-0.6738
"70337",0.7597
"70345",0.3241
"70348",0.8193
"70349",2.3764
"70350",-3.4198
"70351",0.4518
"70354",0.7883
"70355",-0.3034
"70356",-0.1623
"70357",2.1387
"70358",0.4109
"70359",-1.5566
"70361",0.9944
"70362",0.5235
"70363",0.7946
"70369",1.2425
"70370",-1.0198
"70373",-0.3051
"70375",0.3772
"70377",-0.4837
"70380",2.3848
"70381",-1.3743
"70382",-1.5953
"70383",-0.2071
"70385",-1.0217
"70387",0.3079
"70393",-0.1982
"70394",-0.7441
"70396",2.7939
"70397",0.7017
"70408",0.4032
"70415",1.9059
"70417",-0.5516
"70419",-1.3509
"70420",0.4948
"70422",-0.1598
"70423",-1.3472
"70425",2.069
"70426",-0.2437
"70427",-2.2446
"70428",0.8387
"70430",0.9121
"70432",0.5667
"70433",0.4122
"70435",0.5307
"70439",-2.0727
"70441",-0.0209
"70445",-0.9968
"70448",-1.5125
"70450",0.5508
"70451",-1.2414
"70454",-0.1794
"70456",0.1394
"70458",0.149
"70461",-0.6735
"70465",-0.1445
"70466",1.4575
"70470",0.9119
"70472",0.6
"70478",0.149
"70481",-0.9282
"70484",0.2624
"70487",0.3732
"70489",-0.1862
"70494",-0.8792
"70495",1.2456
"70497",0.1559
"70503",0.568
"70508",-0.8083
"70510",-0.361
"70511",-0.9644
"70523",-0.3599
"70527",0.0331
"70530",-1.9937
"70533",3.4832
"70536",2.0773
"70544",0.7266
"70546",3.4874
"70549",-1.4136
"70551",0.0018
"70552",-0.4043
"70556",0.9713
"70560",1.1675
"70561",-0.7526
"70564",-0.3234
"70567",0.1536
"70568",0.7705
"70571",1.0833
"70572",0.1794
"70573",-1.2337
"70574",0.0022
"70575",-2.0835
"70579",-0.8978
"70584",-1.6352
"70591",0.9596
"70592",-1.7569
"70598",1.0954
"70599",-0.3353
"70601",-0.1095
"70603",-0.5716
"70604",0.6489
"70605",0.6787
"70611",1.4774
"70612",-0.2414
"70615",-3.2854
"70616",-0.1021
"70620",3.5735
"70625",0.3127
"70626",-1.1579
"70638",1.4581
"70640",1.5276
"70645",1.5139
"70646",2.3687
"70650",-0.6481
"70652",0.2268
"70661",-1.6653
"70673",1.2048
"70675",2.4852
"70676",1.4587
"70681",-0.8304
"70683",-0.5582
"70686",-1.4125
"70691",0.8186
"70693",-0.7689
"70699",-0.0483
"70713",2.2047
"70717",0.3133
"70719",-2.0028
"70726",-0.3083
"70727",-1.918
"70729",-0.6417
"70730",-0.4605
"70737",-0.1781
"70747",1.4134
"70750",-0.7598
"70753",-1.5381
"70757",0.7885
"70762",0.3586
"70767",-0.9473
"70769",0.414
"70771",0.3935
"70772",-1.0355
"70779",-1.6615
"70784",-0.2986
"70785",0.3397
"70788",-0.8351
"70789",1.5111
"70790",2.0726
"70791",0.3213
"70796",-2.5368
"70797",1.1169
"70799",0.6518
"70802",1.5073
"70804",-0.6631
"70807",-0.2689
"70808",-1.3627
"70821",0.4185
"70823",0.2981
"70827",2.5933
"70829",-0.564
"70832",1.5432
"70834",-1.4006
"70839",4.1223
"70843",-1.8249
"70846",0.3633
"70852",-1.3535
"70853",-0.4844
"70859",1.452
"70862",-1.761
"70873",-2.2485
"70882",-0.7182
"70884",-1.2793
"70885",-0.4877
"70887",1.6443
"70891",1.0981
"70892",1.7682
"70893",-0.9319
"70894",-1.8886
"70897",0.2059
"70898",0.6795
"70902",-1.8959
"70911",1.2599
"70918",-0.3034
"70920",-0.6785
"70924",-1.0469
"70925",-0.1196
"70930",0.7121
"70934",0.5405
"70945",-1.4057
"70951",1.0133
"70957",-0.3966
"70966",1.5797
"70967",0.2231
"70974",1.0453
"70979",2.4156
"70981",-0.433
"70984",1.1662
"70986",-1.197
"70987",0.3677
"70989",0.7617
"70993",0.5583
"70997",-1.2806
"70998",1.281
"70999",0.5991
"71000",-0.0563
"71004",0.0958
"71007",0.0946
"71020",1.4296
"71027",-0.1065
"71040",-1.5618
"71041",0.5108
"71046",-2.4093
"71054",0.327
"71059",0.2444
"71062",1.1458
"71063",2.6413
"71069",0.6155
"71071",-0.1914
"71085",0.2256
"71086",0.6202
"71091",-0.5537
"71093",-0.9469
"71096",0.5585
"71099",-0.2185
"71101",0.8926
"71106",1.2871
"71111",-0.4273
"71116",-1.4318
"71122",-0.4468
"71130",-0.3951
"71131",-0.8079
"71132",-0.7468
"71137",-0.6103
"71141",-0.4071
"71145",1.7795
"71146",-2.5795
"71147",0.6767
"71148",1.4946
"71149",0.5204
"71151",-0.4261
"71153",0.5302
"71163",-0.453
"71166",-0.6152
"71169",0.0021
"71175",-1.094
"71176",-0.5232
"71177",0.5648
"71186",-0.9147
"71198",0.4073
"71200",0.9963
"71206",-0.0348
"71207",0.5811
"71213",-0.3335
"71223",0.5829
"71227",0.3662
"71228",-1.3135
"71233",0.797
"71235",0.6093
"71236",-0.239
"71238",0.8025
"71240",0.5547
"71242",1.8918
"71254",-0.8798
"71263",0.3193
"71264",-0.3316
"71265",0.1922
"71268",1.6124
"71276",-2.8164
"71279",-0.1129
"71287",-1.8926
"71296",-0.9889
"71302",-0.6556
"71304",-0.1659
"71306",2.5352
"71310",0.1486
"71313",0.6822
"71319",-0.1591
"71323",1.0404
"71330",-0.413
"71336",-0.4296
"71338",0.262
"71339",-0.8573
"71340",0.6801
"71354",1.0757
"71355",-1.541
"71361",1.2955
"71362",-1.4612
"71365",0.1867
"71367",-1.8831
"71368",0.0515
"71371",1.5804
"71373",0.6539
"71375",-1.9532
"71382",-0.3896
"71388",-1.0675
"71389",0.6054
"71393",2.6381
"71395",0.2194
"71398",0.7373
"71405",-2.1882
"71406",-1.5716
"71409",-1.1105
"71435",1.4674
"71436",0.7326
"71445",-0.4165
"71446",-0.4569
"71448",-0.4392
"71449",-0.3096
"71452",-0.4852
"71458",-0.3489
"71461",-1.0117
"71472",-2.4627
"71474",-1.6039
"71481",0.2018
"71484",-0.7465
"71492",1.3498
"71508",0.9979
"71514",-2.0699
"71517",0.0667
"71519",-0.5904
"71520",-0.12
"71521",1.0551
"71522",-0.8262
"71523",1.216
"71529",-1.2009
"71532",-0.7818
"71538",0.9369
"71544",1.0639
"71562",0.2613
"71564",-0.4627
"71566",1.3198
"71567",0.5312
"71578",0.1003
"71583",-0.2635
"71584",-1.7168
"71586",0.3942
"71591",-0.3253
"71592",-1.9315
"71599",0.6703
"71602",0.2359
"71607",1.1803
"71609",-2.6
"71617",0.1166
"71624",-0.212
"71640",-0.3973
"71643",-0.6146
"71648",0.9384
"71653",0.5198
"71660",0.3938
"71665",-0.5841
"71667",0.2403
"71670",-0.6102
"71673",-0.7392
"71675",1.8199
"71678",0.7728
"71679",2.3536
"71682",0.776
"71683",0.0831
"71684",-1.0585
"71685",-0.3833
"71687",-0.4965
"71690",-0.3895
"71691",-1.7413
"71693",-0.0284
"71699",0.8075
"71701",2.3528
"71702",0.9349
"71703",2.5371
"71704",1.3106
"71706",1.2467
"71707",-0.5966
"71709",-0.1835
"71710",1.997
"71711",-0.495
"71712",1.2998
"71713",2.9486
"71715",-1.2656
"71718",-1.0762
"71720",1.1264
"71721",3.0335
"71722",-2.7961
"71723",-0.6585
"71724",0.5491
"71726",-0.4776
"71728",-1.8616
"71729",0.3409
"71732",0.142
"71733",0.9505
"71735",-1.1254
"71738",1.3528
"71740",-0.2827
"71742",0.2873
"71743",-0.6823
"71745",1.6335
"71746",-0.9284
"71750",-0.6919
"71751",1.669
"71752",-1.2748
"71753",0.4634
"71755",0.1431
"71760",-0.0095
"71761",-0.5581
"71764",-1.6309
"71765",-1.0311
"71766",0.1401
"71767",-1.5901
"71768",-0.0945
"71769",1.2906
"71770",1.2977
"71772",1.5552
"71774",-1.7117
"71775",0.0047
"71776",-1.5958
"71777",0.5044
"71778",0.246
"71779",-1.662
"71780",-0.791
"71781",-0.5725
"71782",1.188
"71785",0.6143
"71787",-1.2602
"71790",-0.1766
"71791",0.3525
"71793",1.2342
"71795",0.2228
"71799",-1.2658
"71801",0.7519
"71803",0.1469
"71804",-0.888
"71805",1.9728
"71807",-2.6935
"71810",-0.0945
"71816",0.3464
"71817",-0.1302
"71819",-1.2516
"71820",-1.6652
"71827",0.92
"71831",-0.1158
"71833",0.5409
"71834",-0.6359
"71835",1.0839
"71836",-1.3863
"71837",-1.096
"71838",1.797
"71839",0.1123
"71840",-1.5428
"71843",-0.9249
"71844",0.4142
"71846",0.9786
"71853",-2.7289
"71856",-0.0392
"71860",-1.5485
"71862",1.0759
"71864",-2.3513
"71865",1.3727
"71868",1.1948
"71870",-1.2501
"71872",2.2113
"71874",-0.8713
"71876",2.764
"71877",0.95
"71878",1.1868
"71881",1.2017
"71883",-0.2757
"71885",-1.3066
"71887",-2.0069
"71889",0.7517
"71890",-0.8402
"71891",-0.4742
"71893",0.2318
"71897",0.8525
"71898",-1.75
"71900",1.525
"71901",-1.3272
"71902",1.4545
"71904",-3.8384
"71907",-1.119
"71908",0.7206
"71909",1.231
"71910",1.1351
"71911",1.3141
"71912",1.2673
"71913",-1.5963
"71914",0.2019
"71916",0.2934
"71918",-1.31
"71919",0.0941
"71920",0.3881
"71923",-1.6361
"71924",-0.5999
"71927",2.1003
"71929",1.0861
"71934",0.0467
"71941",-1.3111
"71943",1.995
"71946",1.746
"71947",-0.9689
"71949",1.1242
"71951",-0.8418
"71952",-1.8425
"71954",-1.6201
"71955",-0.6022
"71956",-1.1498
"71957",-0.644
"71960",-4.2465
"71962",1.6264
"71963",1.2055
"71966",0.212
"71967",-0.3882
"71968",-1.3731
"71970",0.8711
"71971",-1.2027
"71972",-0.2984
"71973",1.4166
"71974",0.3493
"71978",2.2537
"71981",0.7929
"71982",3.0764
"71983",-1.6422
"71984",-0.2304
"71985",-0.1725
"71986",-0.3104
"71988",-1.6651
"71989",-0.761
"71990",-1.9293
"71991",0.9954
"71994",-1.3114
"71995",0.6543
"71997",-3.3932
"71998",1.0726
"71999",-0.4025
"72000",-1.1579
"72002",-1.7109
"72003",1.0791
"72007",-0.0178
"72008",-0.6805
"72012",-0.2271
"72014",-1.7216
"72016",-0.1304
"72017",0.1301
"72018",1.551
"72020",3.0783
"72022",1.015
"72023",-0.6395
"72026",-2.3582
"72027",-0.0111
"72029",-1.7746
"72033",1.7123
"72039",-0.3941
"72041",0.8273
"72042",1.0851
"72043",2.6276
"72046",-0.8962
"72047",-1.209
"72049",0.5913
"72050",-0.9406
"72053",-1.8648
"72054",-0.3777
"72055",-1.3797
"72056",1.1797
"72057",0.2947
"72058",-0.95
"72061",0.7323
"72065",0.586
"72068",1.8699
"72074",-0.9765
"72075",-2.1198
"72076",1.2772
"72080",1.0564
"72083",0.0335
"72084",0.8403
"72085",0.6188
"72088",0.898
"72091",-0.0625
"72093",-0.5574
"72096",0.6486
"72097",2.6821
"72098",2.3119
"72102",-1.022
"72103",0.3782
"72106",-0.8227
"72108",-2.3879
"72113",-0.6939
"72114",2.1469
"72117",2.1848
"72119",-2.2605
"72121",0.378
"72123",1.4623
"72124",0.9425
"72125",-0.6198
"72128",0.8749
"72129",0.818
"72133",-0.0409
"72135",-0.5563
"72136",1.1959
"72137",-0.2533
"72139",0.9012
"72140",-0.7876
"72141",1.8788
"72144",-0.7726
"72145",0.2061
"72147",-0.5342
"72148",1.3314
"72149",-0.0553
"72151",-0.6536
"72154",0.7038
"72155",0.1641
"72157",-0.3487
"72160",-0.7182
"72162",1.8272
"72167",0.4808
"72168",-5.1586
"72169",-0.1424
"72170",1.5018
"72171",-0.0078
"72175",0.4246
"72179",0.023
"72180",2.1558
"72181",-0.0576
"72183",0.8651
"72184",-1.7486
"72185",-0.1685
"72190",0.9006
"72193",1.428
"72194",-1.4618
"72195",-0.9977
"72198",1.7056
"72199",-0.4619
"72201",0.7924
"72203",0.1381
"72205",-0.7106
"72215",-2.3697
"72219",1.0831
"72225",2.235
"72230",0.2036
"72236",0.9295
"72238",-0.8072
"72240",1.5902
"72243",-0.6062
"72244",-0.2072
"72246",0.9187
"72249",-0.3336
"72254",-0.0945
"72258",-0.2728
"72265",1.4452
"72267",-0.8565
"72269",1.7034
"72273",-1.4723
"72275",0.0013
"72277",-0.3082
"72278",-1.5142
"72281",-0.4695
"72282",0.089
"72284",1.415
"72285",-0.2101
"72287",0.3028
"72289",-0.6316
"72290",-0.8671
"72293",-1.4831
"72296",-1.4149
"72297",-0.1161
"72301",-0.3709
"72306",0.0318
"72307",-0.0345
"72308",-1.2454
"72309",0.6071
"72310",0.1585
"72313",-0.043
"72315",-2.0578
"72318",-1.2819
"72320",-0.4
"72322",-1.0413
"72323",-0.9988
"72324",-2.4559
"72325",-1.7927
"72326",-0.0294
"72330",2.2597
"72333",-1.8599
"72338",1.1367
"72341",-0.5723
"72344",-0.2247
"72345",0.3536
"72349",0.3274
"72350",0.114
"72351",-0.1347
"72354",-0.8795
"72355",0.3874
"72357",-0.2696
"72368",-0.7008
"72371",1.7595
"72386",-0.3478
"72388",-0.0537
"72391",-0.4013
"72392",1.1984
"72393",-3.1488
"72395",0.425
"72397",0.3646
"72399",-1.2545
"72400",1.8021
"72401",-1.5474
"72404",1.8925
"72413",0.8154
"72415",-1.4554
"72416",1.7635
"72421",0.6455
"72425",1.2052
"72429",1.5662
"72433",-0.3869
"72440",-0.1672
"72446",-1.9039
"72454",-0.9931
"72459",-0.1264
"72461",-0.0739
"72462",-0.4968
"72465",2.2435
"72469",-0.0147
"72472",1.0157
"72475",-1.5989
"72477",0.6513
"72479",-0.1701
"72480",-2.8561
"72481",-0.0562
"72482",-0.4152
"72484",0.3098
"72486",0.9149
"72500",-0.4548
"72502",0.2455
"72503",0.5148
"72504",1.2001
"72507",-0.1447
"72508",1.0862
"72511",-0.1202
"72512",0.8721
"72514",-1.089
"72515",1.4887
"72519",-1.4189
"72522",-1.7595
"72535",-0.9907
"72536",0.2513
"72542",1.073
"72543",-1.1937
"72544",0.7439
"72549",-0.8305
"72552",-2.6862
"72554",-0.6961
"72555",-1.4976
"72556",2.0329
"72560",1.2188
"72562",-0.18
"72565",1.0276
"72567",1.9473
"72568",1.6548
"72569",2.0361
"72572",-0.167
"72575",-0.1801
"72578",-0.7071
"72580",-0.0054
"72584",2.1635
"72585",-0.9962
"72587",0.8781
"72588",-1.0531
"72590",-0.6953
"72599",-0.4359
"72605",-1.1824
"72607",-1.2129
"72608",-0.0361
"72609",0.0383
"72611",3.5743
"72612",2.8384
"72614",1.2987
"72615",-1.4499
"72621",-0.1701
"72630",-1.7818
"72632",3.4399
"72634",-0.6412
"72635",1.4089
"72640",0.8243
"72648",-1.432
"72649",-0.0859
"72650",0.0573
"72654",-3.2998
"72655",0.5139
"72656",1.4269
"72657",-0.1436
"72658",0.9469
"72661",-0.7199
"72662",2.039
"72665",-2.4916
"72667",-3.1493
"72668",-0.6879
"72669",-0.9752
"72672",0.4636
"72674",-0.787
"72677",1.233
"72685",-0.7005
"72690",0.0696
"72691",-0.5575
"72692",-0.1014
"72693",1.2959
"72699",-1.8021
"72701",-0.1835
"72709",2.5323
"72713",1.7508
"72716",3.4866
"72720",0.8153
"72722",0.9344
"72723",0.2286
"72726",-2.0534
"72727",1.1625
"72729",0.0569
"72735",0.8694
"72736",1.6551
"72739",-2.0251
"72745",1.4858
"72747",-0.5225
"72748",1.1336
"72749",1.1897
"72750",0.1146
"72754",-2.389
"72759",1.5025
"72772",0.8647
"72774",-1.4122
"72775",-0.5657
"72776",0.7902
"72778",0.2997
"72780",1.4216
"72787",1.4269
"72789",0.4784
"72792",-0.0984
"72795",2.2051
"72805",-2.7755
"72807",2.4448
"72813",0.3013
"72821",-3.7497
"72823",0.3499
"72825",-1.4263
"72826",0.1704
"72828",0.6491
"72831",-0.3886
"72832",-0.9375
"72834",-0.3274
"72836",-0.7182
"72843",1.3732
"72844",-4.7055
"72852",2.1451
"72865",-0.052
"72873",0.4027
"72881",-0.3823
"72886",-0.1714
"72893",-0.4791
"72895",1.1415
"72898",-0.5642
"72899",-1.4618
"72900",2.5001
"72902",3.4654
"72925",-0.6716
"72927",-0.6675
"72930",2.1518
"72931",1.061
"72935",-2.2034
"72938",1.567
"72946",-0.4382
"72947",-1.3496
"72948",-1.7268
"72949",0.0785
"72958",1.2263
"72960",1.3935
"72961",-2.9293
"72962",-1.3562
"72972",1.5378
"72973",0.9609
"72978",2.0671
"72981",0.3616
"72982",-0.1902
"72993",1.4264
"72997",0.0839
"72999",-0.324
"73010",5.2118
"73016",-1.7123
"73024",1.9773
"73032",-2.9138
"73040",1.1598
"73046",0.4969
"73047",-3.6277
"73061",2.9897
"73062",-3.3001
"73067",-0.1798
"73068",-0.5934
"73072",-2.0541
"73075",-0.3465
"73076",-0.4803
"73078",0.1701
"73086",-0.8402
"73093",1.0701
"73094",2.8967
"73095",-2.2089
"73100",-0.4423
"73102",-0.2765
"73103",0.615
"73106",-1.8045
"73112",2.7152
"73121",1.1132
"73122",0.2607
"73124",-1.2642
"73130",2.8235
"73132",1.239
"73137",-0.5338
"73139",-2.4174
"73144",-0.8008
"73149",1.3233
"73158",-1.3249
"73162",-1.0013
"73166",-0.1221
"73167",1.6114
"73172",-1.6503
"73173",1.2942
"73174",-2.2558
"73178",3.2569
"73181",-1.464
"73182",-0.3897
"73183",1.182
"73187",-0.8698
"73191",1.8613
"73192",0.2609
"73204",-0.7405
"73205",1.635
"73208",-0.9157
"73212",-0.7344
"73216",-0.3518
"73218",-2.0554
"73225",0.4179
"73229",-0.7698
"73230",-0.4107
"73233",2.7999
"73234",1.8598
"73242",-0.1598
"73246",-0.2316
"73247",-0.2229
"73251",-2.786
"73254",0.6567
"73261",-1.3673
"73274",2.1472
"73284",-1.4926
"73287",1.6986
"73288",2.8433
"73293",-0.5338
"73296",0.2296
"73297",1.4855
"73301",0.042
"73303",-1.4236
"73314",0.8731
"73316",1.3648
"73318",0.2539
"73324",-0.0209
"73327",0.1989
"73331",0.9617
"73332",-0.1163
"73333",-0.4394
"73338",1.2815
"73340",-1.1502
"73341",2.0852
"73349",0.8444
"73363",0.5944
"73365",0.1685
"73366",0.5644
"73368",-4.5959
"73373",2.4559
"73376",0.6434
"73379",0.7088
"73385",0.3012
"73389",-1.2433
"73390",-0.9328
"73396",-0.0054
"73405",1.3802
"73407",0.9391
"73412",-0.8262
"73419",-2.7288
"73420",-1.4616
"73422",0.2726
"73430",1.5448
"73431",0.6248
"73442",-1.9868
"73447",-2.6249
"73451",-1.611
"73453",-1.9011
"73463",1.2831
"73467",2.0296
"73469",1.3914
"73472",0.54
"73473",-0.2719
"73490",-0.3188
"73504",-1.1926
"73516",1.5612
"73523",-0.0639
"73526",-1.2502
"73545",1.0734
"73569",-0.5509
"73571",-0.5643
"73579",0.0216
"73582",1.822
"73598",1.2114
"73600",0.9656
"73603",-0.9305
"73608",-0.7134
"73610",0.0716
"73611",-0.1332
"73634",1.6398
"73635",1.0378
"73649",1.1502
"73652",-1.157
"73656",-0.719
"73658",-1.4945
"73660",-0.6497
"73666",1.6215
"73667",0.042
"73668",0.9162
"73673",0.6366
"73674",1.8207
"73677",-0.3037
"73680",-0.6348
"73681",1.0743
"73683",-1.7587
"73689",-1.122
"73690",0.9932
"73692",-2.5582
"73694",-0.7688
"73699",-0.0935
"73707",0.7849
"73710",1.7333
"73711",-0.8769
"73712",0.4896
"73713",0.4766
"73720",-1.5632
"73721",0.4942
"73723",0.7868
"73724",0.4418
"73728",-2.3076
"73729",-1.6358
"73736",-1.151
"73737",0.9548
"73738",1.735
"73739",1.9779
"73744",-2.4448
"73747",1.3872
"73748",-0.7966
"73750",-0.0955
"73754",0.7762
"73761",2.3544
"73774",-1.4928
"73804",0.4008
"73813",-0.9306
"73822",-2.1068
"73824",-0.7325
"73825",0.6367
"73826",-2.6276
"73827",-0.1747
"73828",-0.8778
"73830",0.1222
"73833",-1.8355
"73834",2.2685
"73836",1.1464
"73844",-0.2375
"73845",-0.5402
"73847",0.6999
"73852",2.0367
"73855",-1.5138
"73862",-0.8795
"73873",-0.1254
"73884",0.9056
"73893",1.0873
"73899",1.6339
"73904",-1.3859
"73906",0.4596
"73910",1.2197
"73914",0.097
"73915",0.7595
"73916",0.3371
"73919",3.2402
"73936",1.6226
"73940",-2.0198
"73941",1.2148
"73942",0.484
"73945",0.0852
"73951",-0.5998
"73990",1.0074
"73991",0.3998
"73998",1.8595
"74002",-0.4822
"74004",-0.6355
"74006",2.5045
"74007",-0.7919
"74008",0.4276
"74011",-2.5383
"74012",0.9418
"74013",-1.7334
"74015",-0.9939
"74016",-0.1022
"74018",0.4754
"74019",-1.3753
"74020",1.468
"74022",-0.172
"74023",-0.3732
"74025",1.7086
"74026",-2.5308
"74030",-2.0791
"74032",-0.4475
"74034",0.6724
"74035",1.3056
"74038",2.0111
"74039",-1.367
"74041",-0.9795
"74042",-0.8075
"74043",-1.9885
"74044",1.1098
"74048",-1.1683
"74050",2.8684
"74051",1.5406
"74052",-1.6525
"74053",0.6479
"74055",0.1915
"74071",1.2963
"74075",-0.0084
"74076",-2.2035
"74080",2.3741
"74081",0.9614
"74090",1.0929
"74091",0.5046
"74094",-3.2149
"74096",0.5924
"74097",-0.4454
"74098",-1.9567
"74100",-0.3739
"74102",2.0281
"74103",2.8307
"74104",-0.5841
"74105",-0.274
"74106",-0.7501
"74107",1.0341
"74108",1.4251
"74111",1.3031
"74112",0.9111
"74114",-0.9795
"74116",0.9095
"74117",1.4193
"74120",1.7667
"74121",-1.807
"74122",-0.7967
"74123",-2.6135
"74125",1.9536
"74126",-1.5898
"74127",-1.3105
"74129",-1.5716
"74131",0.2005
"74132",-1.0844
"74133",0.7908
"74134",-1.2222
"74136",1.6179
"74137",-0.9854
"74140",0.2675
"74142",-1.6361
"74143",2.7404
"74144",-0.7763
"74145",0.0194
"74147",-0.4992
"74148",-0.8448
"74149",1.7855
"74150",0.7888
"74153",0.3071
"74154",-1.8677
"74155",4.6917
"74156",0.9259
"74157",-1.9158
"74158",0.6194
"74159",1.1276
"74164",-0.014
"74165",-0.341
"74166",-0.136
"74167",-1.0461
"74168",-0.4756
"74169",-0.0384
"74173",-0.7966
"74178",1.2493
"74180",-0.3318
"74182",2.7122
"74183",-0.0689
"74185",1.392
"74186",1.8602
"74187",-0.4473
"74189",-1.1839
"74190",1.1025
"74191",-2.7276
"74192",2.0567
"74194",1.944
"74195",-1.4095
"74196",0.7295
"74197",0.3221
"74198",0.9729
"74199",0.1367
"74200",0.6398
"74201",-2.0459
"74202",1.2737
"74203",-0.9618
"74204",0.64
"74205",-0.7731
"74206",-1.0699
"74211",-0.0788
"74213",1.8166
"74227",0.7429
"74229",-2.2555
"74230",-1.4147
"74237",0.0813
"74238",1.7136
"74239",-2.7471
"74241",-2.7564
"74243",0.6513
"74244",-0.7818
"74245",2.3375
"74246",-0.466
"74249",-0.8799
"74251",-1.9423
"74252",1.4349
"74253",0.7613
"74254",0.1407
"74255",-0.6261
"74256",-0.0322
"74257",-2.2286
"74264",1.5487
"74268",-0.6649
"74270",-2.0341
"74277",0.4769
"74284",0.5366
"74287",0.9537
"74290",0.2245
"74302",-1.121
"74303",2.0308
"74309",-1.5622
"74310",0.1178
"74315",1.2736
"74316",0.9536
"74318",0.1048
"74319",0.3114
"74320",0.1976
"74322",-1.5375
"74325",-0.7019
"74326",0.1846
"74330",0.5781
"74333",-0.5369
"74334",-0.8749
"74335",0.2855
"74337",-2.9608
"74340",1.472
"74341",1.1234
"74342",0.3205
"74343",-0.9343
"74347",-2.4484
"74349",-0.1169
"74351",-3.3128
"74352",1.5424
"74354",2.0559
"74355",1.7818
"74356",-1.0273
"74359",0.4434
"74360",0.6985
"74361",0.4982
"74362",-0.1871
"74363",-2.1784
"74365",0.9116
"74369",0.2442
"74370",-0.4914
"74374",-0.958
"74375",-0.0645
"74376",-0.4035
"74377",-0.8939
"74383",-0.1256
"74385",0.9836
"74386",2.4821
"74387",2.0351
"74388",0.1534
"74392",-1.9139
"74393",-1.2688
"74396",-0.7303
"74400",-0.4721
"74403",-0.5337
"74405",1.2962
"74407",-0.7909
"74410",-0.6197
"74411",1.2703
"74412",-3.5179
"74413",1.6779
"74414",-0.3608
"74419",-1.3967
"74424",1.4451
"74426",-0.9334
"74427",1.8214
"74430",-0.134
"74435",0.585
"74438",1.8888
"74440",-1.0758
"74442",0.9194
"74443",-1.2319
"74450",-0.382
"74451",-2.5033
"74453",0.0138
"74455",-0.6724
"74456",0.9769
"74463",-0.2158
"74464",0.8312
"74466",-0.2624
"74467",-1.3968
"74469",0.8561
"74470",-0.6878
"74471",1.1843
"74476",-0.5161
"74477",-1.3243
"74478",-1.0417
"74479",-1.7822
"74480",-1.2819
"74482",1.0561
"74485",-0.3314
"74486",-0.6511
"74487",-0.2253
"74488",0.0432
"74489",-0.93
"74490",-0.212
"74492",-0.3724
"74493",0.4895
"74498",-0.1062
"74499",-0.3233
"74504",-1.2589
"74511",0.6025
"74513",1.6219
"74516",0.5409
"74519",-2.5205
"74521",1.3672
"74522",0.6894
"74525",-2.3634
"74528",-1.8404
"74533",-0.7574
"74549",-2.4601
"74551",-3.0377
"74552",-3.7666
"74558",2.2672
"74559",0.7029
"74561",-0.9319
"74563",-1.5189
"74568",0.2346
"74569",0.3058
"74570",-1.1947
"74577",0.052
"74580",1.073
"74589",1.0729
"74591",-0.9622
"74596",-2.1029
"74597",0.2454
"74600",2.3718
"74610",-0.1553
"74616",1.0384
"74617",0.1358
"74626",-1.9692
"74629",-0.3633
"74633",0.9895
"74637",0.3928
"74644",0.0601
"74645",0.8741
"74646",-0.1143
"74648",2.0893
"74653",-0.4484
"74665",0.0455
"74666",0.8308
"74670",2.2136
"74682",-1.1874
"74684",0.5368
"74685",-1.8975
"74688",-1.596
"74691",-0.2552
"74694",-1.8073
"74706",2.6495
"74711",0.8105
"74717",0.8954
"74718",1.4291
"74720",-2.0414
"74729",1.4472
"74732",-0.3145
"74734",1.1625
"74735",0.3277
"74737",1.9556
"74741",-3.7517
"74743",-0.2789
"74747",-1.3626
"74748",0.9912
"74753",-0.6773
"74754",-1.8757
"74757",0.6901
"74760",0.2988
"74761",-1.5438
"74762",-3.2344
"74763",-0.9494
"74764",-1.9504
"74766",-1.6029
"74769",2.0331
"74770",0.1239
"74772",-2.5246
"74775",-1.4322
"74776",-0.1788
"74777",-0.2797
"74778",-0.5558
"74781",-1.362
"74782",-4.6526
"74838",0.8203
"74840",-3.0716
"74841",3.0089
"74843",0.7098
"74844",1.4535
"74845",1.4566
"74846",0.3775
"74855",-1.5493
"74868",0.0589
"74883",2.3733
"74890",-2.1163
"74892",-0.1051
"74895",-0.9571
"74901",-0.7683
"74918",0.4475
"74919",-0.3578
"74925",-1.0347
"74931",-0.0511
"74934",1.0582
"74953",-1.0508
"74959",-0.2087
"74972",1.0341
"74978",0.3688
"74992",0.0581
"74996",-0.4097
"74998",1.1663
"75001",-1.299
"75007",-0.0574
"75013",-0.7286
"75015",0.5553
"75016",0.5533
"75019",1.3708
"75029",-0.4122
"75033",-0.1031
"75037",0.8349
"75040",-0.6287
"75044",0.7316
"75050",1.2685
"75051",-0.6909
"75060",-0.8612
"75062",0.8094
"75079",-1.2012
"75083",-0.4132
"75084",-0.6635
"75087",-0.2446
"75089",2.2711
"75099",-1.0573
"75104",-1.0784
"75106",0.0069
"75111",-0.552
"75115",-0.1982
"75116",-1.0792
"75124",-0.4139
"75129",-0.0739
"75135",-1.3423
"75137",0.6932
"75138",-0.8758
"75141",-2.164
"75146",0.1931
"75172",1.0199
"75173",1.1051
"75180",-0.02
"75196",-0.3352
"75202",-0.7559
"75203",0.5382
"75209",-1.3496
"75210",0.8088
"75212",-0.1328
"75216",0.6742
"75219",-0.6429
"75221",0.5323
"75234",0.5392
"75259",0.7537
"75273",-1.7297
"75276",-0.5526
"75284",0.5292
"75288",0.4134
"75291",-0.5036
"75292",0.42
"75296",0.7489
"75302",1.7662
"75304",-1.2814
"75305",0.3375
"75311",0.6005
"75316",0.6166
"75317",0.654
"75320",-0.0456
"75328",0.4509
"75339",0.9846
"75345",1.0605
"75355",-1.062
"75359",-0.791
"75368",1.0703
"75370",1.0053
"75373",-0.0161
"75387",-1.6724
"75388",1.6092
"75394",-0.4145
"75398",3.0542
"75404",2.154
"75406",0.6128
"75409",0.7871
"75410",-0.2846
"75415",1.5989
"75416",1.7687
"75420",-0.8203
"75422",1.8863
"75423",2.4314
"75424",-0.0591
"75425",-0.1474
"75426",0.9236
"75429",-0.6538
"75430",0.8356
"75434",1.4861
"75444",-0.2006
"75452",-1.132
"75454",-1.8161
"75458",-0.1789
"75465",-0.16
"75467",0.2412
"75469",2.145
"75472",1.6396
"75475",-1.6783
"75480",-0.1222
"75495",0.153
"75504",0.1273
"75516",-0.411
"75528",0.4171
"75530",1.4408
"75533",0.7805
"75538",2.1801
"75539",0.9009
"75540",0.213
"75541",-1.706
"75547",-0.996
"75549",0.1478
"75552",-0.8137
"75553",1.2921
"75555",0.2197
"75556",0.0709
"75560",-0.2685
"75561",-0.942
"75563",-0.7634
"75564",2.1425
"75565",1.2548
"75568",1.3289
"75570",-0.3695
"75571",-0.1704
"75572",-1.8584
"75573",-0.1703
"75576",0.1426
"75578",0.3653
"75579",1.5959
"75580",-1.7024
"75590",-1.3959
"75593",0.925
"75597",-2.1119
"75599",-0.9521
"75600",1.1925
"75602",-1.5889
"75604",0.2482
"75605",0.6249
"75607",-1.828
"75608",-1.9607
"75612",1.0895
"75613",-0.8069
"75614",0.4658
"75616",2.1637
"75617",0.5332
"75619",0.9799
"75620",0.7656
"75623",1.9095
"75624",1.215
"75625",-1.0726
"75627",0.3899
"75646",0.0044
"75647",2.019
"75657",0.9575
"75659",0.9659
"75660",-0.4174
"75662",-1.3668
"75665",-2.7959
"75668",-4.8051
"75669",-0.187
"75677",-0.1284
"75678",1.3985
"75686",0.6873
"75687",0.3892
"75689",1.7295
"75690",1.1128
"75691",-1.8711
"75692",-0.4644
"75693",-0.7018
"75695",-1.8471
"75697",-0.3961
"75698",0.6293
"75705",-1.7236
"75710",1.6307
"75712",0.8878
"75717",1.9101
"75718",1.1442
"75722",0.9818
"75723",-1.1711
"75725",0.3517
"75729",-1.2726
"75731",-0.0942
"75732",-1.9936
"75734",2.7798
"75735",0.0774
"75736",-0.2208
"75739",0.9277
"75740",0.2178
"75744",-0.0466
"75745",-1.1505
"75746",0.0863
"75747",-3.015
"75750",1.9106
"75751",-1.0953
"75758",-0.5977
"75761",1.271
"75763",-0.4844
"75764",-0.179
"75767",0.0329
"75769",1.8231
"75770",-0.8452
"75778",-1.4507
"75782",1.2803
"75784",0.3362
"75785",-1.3428
"75786",1.521
"75788",2.2078
"75796",-0.836
"75799",-0.48
"75801",-0.1551
"75805",1.9678
"75809",-0.3707
"75812",0.8681
"75814",-1.8999
"75823",-0.5754
"75826",0.364
"75828",-0.2101
"75836",1.4141
"75841",1.895
"75847",0.9182
"75857",0.4969
"75860",-2.0476
"75869",3.6638
"75870",0.7612
"75871",-0.8921
"75881",0.581
"75883",0.1281
"75894",-0.0879
"75900",-1.3877
"75901",-0.3219
"75905",-0.1157
"75906",1.0267
"75909",2.3443
"75913",-1.7725
"75914",1.4878
"75930",0.2255
"75939",-0.2247
"75951",0.5255
"75956",-0.7489
"75957",1.3213
"75958",-0.5076
"75964",1.0159
"75965",2.255
"75973",0.343
"75974",0.7981
"75985",1.1703
"75990",1.2767
"75991",1.301
"75995",-1.0234
"76000",0.8958
"76001",0.4516
"76007",2.7296
"76014",-1.7622
"76022",-2.502
"76025",-2.2711
"76041",0.3194
"76044",-0.5776
"76051",1.4487
"76055",-2.3127
"76071",-1.7527
"76072",-0.4715
"76073",0.2789
"76074",-0.0387
"76080",1.7109
"76082",0.5648
"76088",-0.5435
"76089",-1.1847
"76100",1.1893
"76108",-0.388
"76113",-0.1417
"76117",0.9771
"76123",1.5338
"76130",-1.1042
"76131",0.5704
"76132",0.3115
"76133",-0.6285
"76137",1.4652
"76138",-0.0051
"76142",1.0881
"76156",-1.4892
"76157",-0.4902
"76161",-3.7915
"76166",0.3895
"76167",-1.7184
"76178",-0.0728
"76179",-0.8536
"76183",-0.4134
"76184",-0.2863
"76187",-1.1307
"76192",-0.1551
"76199",-2.7992
"76205",1.0496
"76206",1.6106
"76217",1.1548
"76219",1.6948
"76220",-2.6319
"76222",-0.6119
"76223",1.3241
"76229",-0.9766
"76233",0.7967
"76237",1.3887
"76238",-0.4925
"76246",-0.5301
"76251",-0.2062
"76252",-1.2515
"76257",2.2884
"76260",0.2435
"76261",-0.7197
"76263",2.8679
"76265",-0.2528
"76267",1.8056
"76273",1.551
"76281",1.3472
"76282",-1.4951
"76293",1.8265
"76294",0.6215
"76295",1.118
"76299",1.4192
"76302",0.5107
"76303",0.1004
"76306",-2.246
"76308",-0.8756
"76311",-0.687
"76332",-0.7461
"76338",0.7738
"76355",-0.2448
"76357",-0.4079
"76365",1.1244
"76366",-0.4354
"76367",-0.8607
"76371",-0.6254
"76373",-1.0838
"76375",0.586
"76376",3.0372
"76377",0.0576
"76380",0.4275
"76400",1.2161
"76406",1.5316
"76408",-0.5308
"76411",0.4126
"76415",1.5371
"76416",-0.0328
"76419",-1.0661
"76421",-1.4187
"76422",1.1885
"76425",0.6051
"76429",1.0421
"76432",-1.4144
"76438",-0.0067
"76441",-2.7011
"76448",-0.3067
"76453",4.6865
"76454",-3.2334
"76455",-0.1966
"76457",-0.6688
"76459",0.3538
"76464",1.182
"76467",-1.8316
"76469",-1.2967
"76477",1.0471
"76478",0.153
"76479",0.8198
"76482",0.4893
"76483",-0.1582
"76484",-1.2047
"76485",-0.325
"76487",-0.9779
"76491",-0.9402
"76497",0.6332
"76498",-1.6154
"76499",0.3524
"76500",1.1776
"76501",-1.091
"76505",-2.4908
"76508",2.3826
"76509",-0.0815
"76510",-1.4137
"76516",-0.5638
"76522",2.7586
"76524",0.9435
"76527",-2.3943
"76539",3.5959
"76547",-0.6381
"76551",-0.9271
"76559",0.8226
"76560",-1.3527
"76561",2.2423
"76563",0.4253
"76566",-1.7328
"76568",0.9306
"76571",1.5251
"76574",0.939
"76577",1.36
"76580",-4.4529
"76582",1.7971
"76589",-0.8178
"76594",-0.4545
"76602",-1.0855
"76608",-2.1298
"76612",0.9789
"76614",0.0102
"76615",0.5694
"76624",-1.4941
"76626",-0.3157
"76628",0.7999
"76630",0.8539
"76633",0.5874
"76634",0.411
"76642",0.1827
"76645",0.2235
"76646",0.586
"76650",0.4774
"76652",-0.0871
"76654",1.4398
"76668",0.6736
"76670",0.752
"76681",-0.4585
"76683",-0.2108
"76686",1.0265
"76687",-0.6772
"76688",-1.243
"76703",1.2978
"76707",-1.8456
"76709",3.7444
"76710",-0.0973
"76719",0.2712
"76737",-4.5757
"76740",0.8047
"76742",-0.6859
"76747",0.3943
"76757",1.0654
"76763",1.8328
"76773",1.866
"76775",-1.6613
"76779",-0.5563
"76781",-0.4785
"76784",-0.2785
"76785",-0.5641
"76787",-2.7757
"76788",0.2969
"76789",1.6505
"76792",0.729
"76793",-0.2035
"76794",0.4955
"76795",-4.2332
"76797",-0.3273
"76798",1.3656
"76799",0.2863
"76800",0.5543
"76804",1.3008
"76808",1.402
"76809",-0.7668
"76813",1.1398
"76815",-1.2632
"76816",-1.3262
"76820",2.5501
"76824",0.2413
"76826",-1.1089
"76829",-0.5941
"76832",0.54
"76843",0.6611
"76846",-1.9461
"76850",-2.2503
"76854",0.646
"76856",-0.8561
"76857",2.0067
"76863",0.6437
"76866",0.9406
"76867",0.0951
"76872",-0.3108
"76873",-2.5968
"76877",-0.6346
"76884",0.3574
"76886",-1.483
"76889",-0.9978
"76890",-0.1179
"76892",-1.1796
"76893",0.8199
"76894",0.8392
"76895",-2.6573
"76897",0.9752
"76898",-0.7084
"76899",-1.2459
"76900",-1.9695
"76901",-0.2264
"76905",1.1724
"76915",-0.3319
"76916",-0.703
"76917",1.5725
"76925",-1.3305
"76927",1.2977
"76932",-0.9756
"76933",2.346
"76936",-3.8575
"76937",-0.8109
"76938",-0.7956
"76943",0.4932
"76947",1.7371
"76952",-0.6176
"76954",-2.0656
"76959",0.7728
"76960",-3.1614
"76964",-0.0671
"76965",1.7416
"76967",0.895
"76969",-0.7697
"76972",-1.907
"76974",-0.5561
"76976",1.2769
"76980",-0.2244
"76982",1.5635
"76983",1.4826
"76987",-0.5055
"77006",-0.6697
"77011",1.8378
"77015",2.3648
"77018",1.0572
"77022",2.4799
"77031",0.5075
"77032",0.5754
"77034",-0.2433
"77035",-1.6287
"77037",-1.5864
"77038",-0.6892
"77040",-0.5021
"77041",1.8518
"77044",-0.3201
"77045",-1.0198
"77048",3.0553
"77053",0.9649
"77056",0.2504
"77057",-1.1424
"77059",0.1186
"77065",-1.4978
"77087",-2.4978
"77090",-1.2809
"77097",0.8735
"77106",-0.8746
"77110",0.3428
"77113",-2.8708
"77116",0.9861
"77117",0.3584
"77119",0.099
"77124",-1.8526
"77125",0.4685
"77127",-0.7315
"77128",-0.0933
"77132",0.5538
"77134",-0.0651
"77189",0.7861
"77209",0.6304
"77219",0.648
"77220",0.7265
"77252",1.1211
"77254",1.1502
"77257",-0.2735
"77264",0.8939
"77286",2.4445
"77288",0.287
"77290",-0.1722
"77300",1.5552
"77305",-2.6606
"77318",1.6101
"77323",-0.2974
"77352",-0.0732
"77361",-0.7655
"77371",1.129
"77382",-1.2153
"77383",-0.0868
"77402",0.4018
"77407",-1.4754
"77411",-0.8579
"77414",-0.6521
"77422",0.2545
"77428",0.2501
"77433",-1.8782
"77446",0.7852
"77453",-0.2781
"77462",-1.9398
"77480",-0.7252
"77485",0.8042
"77505",0.3355
"77516",-0.2261
"77519",1.4405
"77521",-2.2589
"77531",1.4024
"77532",0.7356
"77533",-1.6096
"77543",-0.7494
"77552",-2.9927
"77558",-0.2728
"77559",0.2688
"77560",-0.5629
"77569",-1.1215
"77573",-1.0394
"77574",1.0522
"77578",-1.5514
"77579",-0.5566
"77582",-1.4713
"77583",-0.6149
"77590",0.7257
"77591",2.2547
"77592",0.1534
"77593",-0.1546
"77594",-1.7023
"77595",0.2239
"77604",2.961
"77605",-1.6812
"77609",-1.3152
"77613",-1.1722
"77618",-0.8809
"77619",0.6894
"77622",-1.0789
"77626",-1.533
"77627",1.4157
"77629",2.3083
"77630",0.6583
"77634",1.2854
"77644",1.1354
"77647",0.3874
"77652",1.2251
"77669",-0.3485
"77675",-0.1581
"77683",-0.5152
"77697",-1.7032
"77700",0.0944
"77705",-0.6783
"77717",-0.7265
"77721",-1.7558
"77733",0.5025
"77739",-1.4078
"77744",0.3206
"77766",1.0695
"77767",-0.0489
"77771",2.4495
"77772",-2.2885
"77781",2.2105
"77782",0.1046
"77794",-1.9316
"77798",-1.0975
"77799",0.7847
"77803",0.9464
"77805",3.4612
"77809",0.3399
"77810",-1.1513
"77827",-2.3089
"77832",-0.4788
"77853",1.1053
"77855",-1.3114
"77857",0.6349
"77862",3.3802
"77864",-1.99
"77866",-0.5336
"77875",-1.3612
"77877",-0.8083
"77883",-1.2075
"77889",-0.2925
"77891",0.0418
"77920",-1.1204
"77929",1.1061
"77938",0.6573
"77940",0.5151
"77945",0.2361
"77951",-0.5622
"77963",3.0128
"77974",0.6019
"77975",-2.7825
"77976",-2.7143
"77980",-2.1393
"77981",0.5652
"77982",1.0917
"77983",-1.525
"77987",0.9393
"77994",-1.4101
"77996",1.0401
"77998",-0.109
"78004",0.9741
"78016",0.5971
"78021",1.1031
"78027",0.0075
"78038",-0.1809
"78068",-1.3618
"78070",-1.9796
"78071",0.0024
"78088",-0.9787
"78100",1.1743
"78102",1.6117
"78103",0.2446
"78108",1.7584
"78115",0.0175
"78119",0.4379
"78134",0.339
"78151",0.6929
"78174",1.3428
"78176",-1.0151
"78177",0.533
"78185",0.0337
"78232",1.9015
"78244",-0.171
"78245",-2.0591
"78246",0.1463
"78248",-0.7632
"78249",-0.1724
"78250",0.2624
"78251",0.8987
"78255",0.4712
"78257",1.2394
"78266",-0.9908
"78267",1.3108
"78283",-0.8222
"78284",1.5089
"78286",-0.6419
"78287",-1.4836
"78294",0.7611
"78303",-2.1198
"78304",0.3033
"78308",0.2295
"78309",-4.1236
"78312",-2.3266
"78317",0.1475
"78321",0.5953
"78323",-2.0313
"78329",-1.181
"78330",-1.3115
"78334",-2.9826
"78335",-0.9413
"78339",-2.7264
"78353",0.2817
"78365",1.1891
"78369",0.1751
"78372",0.6122
"78373",0.8504
"78376",0.0266
"78388",-0.4762
"78394",0.1719
"78403",-0.2091
"78405",0.7179
"78408",-1.5613
"78412",0.6417
"78416",1.1963
"78428",1.2328
"78438",-2.2412
"78439",0.2175
"78444",0.032
"78445",1.1202
"78451",1.0519
"78455",0.0591
"78456",-0.471
"78465",-0.1064
"78473",-0.8725
"78482",1.0597
"78500",-1.6153
"78506",2.188
"78508",-0.0441
"78514",-1.5618
"78521",1.8457
"78523",-1.8989
"78524",0.2432
"78536",2.3034
"78541",1.1377
"78550",1.1719
"78552",1.5778
"78558",-0.5599
"78560",-1.6629
"78568",0.4814
"78569",-0.1786
"78575",2.3568
"78580",1.1031
"78581",-0.6891
"78586",-3.5022
"78593",1.8319
"78600",-1.0967
"78603",-0.2339
"78610",-0.2621
"78611",0.1557
"78616",-0.0485
"78617",1.982
"78618",2.4175
"78619",1.3183
"78623",-0.5628
"78625",-1.3985
"78635",-1.1113
"78651",0.0088
"78653",-0.0215
"78655",0.9101
"78656",-0.8827
"78658",2.3186
"78668",0.4507
"78670",-1.368
"78672",-2.3548
"78688",-1.2752
"78689",0.0284
"78697",1.2234
"78703",-0.6689
"78709",0.9009
"78733",-2.0367
"78739",-1.6834
"78748",0.2633
"78749",2.3869
"78751",-0.1325
"78752",0.7361
"78753",0.2142
"78754",1.2596
"78755",0.2699
"78757",0.7116
"78771",4.1122
"78772",-0.5283
"78774",0.884
"78777",-0.6071
"78779",-0.6046
"78781",-0.0809
"78783",0.8232
"78784",-0.77
"78785",-0.9855
"78787",-1.774
"78795",-1.03
"78796",0.1416
"78797",-0.5424
"78798",-0.5796
"78800",0.0647
"78801",0.1608
"78802",0.7444
"78803",-1.1307
"78805",-0.2879
"78806",0.5588
"78808",3.3475
"78816",-1.9735
"78825",2.5407
"78829",-0.9512
"78830",1.2117
"78832",0.2252
"78833",-0.1186
"78834",0.8614
"78878",-2.001
"78883",0.2687
"78885",-0.194
"78887",-0.6259
"78889",0.6086
"78890",-2.0158
"78891",-1.9085
"78892",-1.2242
"78893",-1.1554
"78894",-1.4491
"78895",0.9166
"78896",1.9744
"78899",0.4351
"78903",-0.1107
"78906",0.2247
"78908",-0.6872
"78910",0.0998
"78912",-0.3148
"78913",-0.0314
"78914",-0.7683
"78917",0.1921
"78919",-1.5101
"78920",0.1813
"78921",-0.6633
"78923",1.4273
"78925",-0.9065
"78926",-3.7905
"78928",0.8075
"78929",-0.2176
"78933",0.4128
"78934",-1.4171
"78935",-0.9737
"78937",1.12
"78938",-0.5502
"78943",0.9538
"78977",-0.1676
"79043",-1.4736
"79044",2.0888
"79059",-0.8932
"79196",-1.1524
"79201",-0.3195
"79202",0.3913
"79221",1.6504
"79233",-0.4703
"79235",2.0283
"79263",0.6331
"79264",-0.3075
"79362",1.0752
"79456",-1.4609
"79459",-3e-04
"79464",0.8737
"79554",0.5362
"79555",1.4394
"79560",0.3868
"79565",-0.4734
"79566",-2.5775
"80280",1.5335
"80281",0.0172
"80283",-1.3355
"80284",-1.669
"80285",0.5263
"80286",0.5789
"80287",-1.2304
"80288",-1.4155
"80289",2.2229
"80290",-0.2619
"80291",-0.7426
"80292",-0.8354
"80294",-0.2003
"80297",-5.3245
"80334",2.9376
"80385",-1.2593
"80509",-0.1176
"80515",1.2667
"80517",0.2762
"80707",-1.3484
"80708",-1.5672
"80718",2.7879
"80719",-0.0587
"80720",-0.7288
"80721",-0.3993
"80732",2.3817
"80733",-1.8174
"80743",-0.5077
"80744",-0.8847
"80748",0.1738
"80749",-3.0857
"80750",1.6234
"80751",2.5065
"80752",-1.5624
"80795",1.4763
"80797",1.7171
"80837",-0.6779
"80859",-1.2342
"80860",-0.0992
"80861",-1.0038
"80876",-0.6459
"80877",-0.0511
"80879",-0.9891
"80880",-1.3677
"80883",-1.2013
"80884",2.1963
"80886",-0.5402
"80888",0.1355
"80889",-0.9245
"80890",2.5701
"80891",-1.378
"80892",0.562
"80893",0.565
"80898",1.2374
"80902",1.6437
"80903",2.3924
"80904",-2.783
"80905",-0.1158
"80906",-1.1549
"80907",2.5769
"80909",-3.4623
"80910",-0.3713
"80911",-0.5319
"80912",-0.4715
"80913",1.3085
"80914",2.6655
"80915",0.7088
"80976",-1.7258
"80979",2.008
"80981",0.0071
"80982",0.2774
"80985",-0.43
"80986",0.8262
"80987",-0.4987
"81000",-0.1907
"81003",2.479
"81004",0.9268
"81006",2.3029
"81018",-0.2652
"81489",-0.5773
"81500",0.0163
"81535",-0.323
"81600",-1.3853
"81601",0.4779
"81630",-0.3282
"81701",-0.1122
"81702",0.8992
"81703",0.8166
"81799",0.2295
"81840",0.7843
"81845",-1.1266
"81877",-2.0558
"81879",0.2619
"81896",-2.8423
"81897",-0.0651
"81898",2.8125
"81904",-2.0371
"81905",-2.7171
"81906",-0.0128
"81907",-0.5388
"81909",-1.1293
"81910",-2.2497
"81913",-0.418
"83379",0.5067
"83383",0.276
"83395",-1.7236
"83396",-0.9283
"83397",-2.2478
"83398",1.1935
"83408",-0.8728
"83409",-0.3247
"83410",0.1045
"83429",-0.7732
"83430",0.3458
"83431",-0.0986
"83433",-2.4852
"83434",-0.4028
"83435",1.4126
"83436",0.8445
"83453",1.5549
"83454",-1.2654
"83485",0.5629
"83486",1.0903
"83490",-1.0619
"83493",0.6278
"83553",-0.4048
"83554",0.4857
"83556",-0.0227
"83558",0.5661
"83560",0.6908
"83561",0.8075
"83602",-0.7417
"83603",2.043
"83669",-0.3666
"83671",-0.0141
"83672",-0.3946
"83673",1.0396
"83674",-1.3867
"83675",-1.7765
"83679",0.2801
"83691",1.0656
"83701",-4.7241
"83703",-0.2934
"83704",-2.3305
"83762",-4.8487
"83766",-1.7049
"83767",0.9482
"83768",-0.0373
"83771",1.0789
"83796",0.4633
"83797",-1.9362
"83814",1.1713
"83815",0.3753
"83885",-0.8747
"83921",-0.9132
"83922",2.1869
"83924",-0.4432
"83925",1.5987
"83945",-1.0236
"83946",-0.1249
"83961",-1.247
"83962",0.9898
"83964",-1.6527
"83965",-0.0447
"83997",1.5815
"84004",-2.9987
"84035",1.2239
"84036",-1.7808
"84092",0.3277
"84094",-0.5808
"84095",0.4659
"84113",-1.7638
"84505",-0.6419
"84585",-2.1957
"84652",0.6528
"84653",0.7873
"84682",-0.6865
"85029",0.6252
"85030",-1.1044
"85031",1.7066
"85305",0.7835
"85308",-1.0581
"89867",-0.7151
"93671",0.709
"93673",0.0185
"93674",-0.2021
"93679",-2.5492
"93681",0.3767
"93683",0.1855
"93684",3.0427
"93685",0.8693
"93686",-3.6037
"93687",0.9501
"93688",-0.0399
"93689",-0.2939
"93690",-0.6203
"93691",-1.4118
"93692",2.238
"93694",-0.2446
"93695",1.6689
"93696",-0.0573
"93697",-0.8943
"93699",0.8568
"93700",-0.5951
"93701",0.2968
"93702",-0.2253
"93703",-0.0969
"93704",-1.6468
"93705",-1.617
"93706",-0.7254
"93707",-1.2411
"93708",-0.6616
"93709",1.4667
"93710",-2.315
"93711",0.7252
"93712",-0.8512
"93713",-0.3759
"93714",0.1837
"93715",-0.6497
"93716",0.2689
"93717",-0.237
"93721",-0.5096
"93722",1.2178
"93723",-1.8521
"93724",1.3958
"93728",-1.0238
"93730",1.826
"93732",1.7079
"93734",2.4085
"93735",-0.1298
"93736",1.0083
"93737",-0.4285
"93739",0.1508
"93742",-0.6598
"93746",0.0311
"93747",-0.1295
"93757",2.3512
"93759",2.6698
"93760",-0.0433
"93761",1.2603
"93762",0.7071
"93765",1.5589
"93790",0.3958
"93834",1.1925
"93835",-0.482
"93836",0.1622
"93837",-0.8191
"93838",1.3594
"93840",0.3512
"93841",-0.4976
"93842",-0.9747
"93843",-0.6497
"93871",0.8173
"93872",-0.5593
"93873",0.6647
"93874",0.0137
"93875",0.0664
"93876",0.4458
"93877",1.0303
"93878",-0.8603
"93879",0.2637
"93880",-1.428
"93881",-0.4186
"93882",1.0232
"93883",0.9066
"93884",1.3653
"93885",1.1202
"93886",1.7271
"93887",0.0491
"93888",-1.0433
"93889",0.6129
"93890",1.1982
"93891",0.7715
"93892",-0.095
"93893",0.1892
"93895",3.5658
"93896",-1.1233
"93897",-1.8329
"93898",1.0952
"93960",0.1453
"93961",-0.8434
"94040",-0.2045
"94041",-0.1976
"94043",-0.4057
"94044",0.3884
"94045",0.4987
"94047",-0.9938
"94061",3.1062
"94062",0.8262
"94063",0.1337
"94064",-1.3325
"94065",0.2483
"94066",1.2337
"94067",-1.1523
"94088",0.4603
"94089",1.0534
"94090",0.7944
"94091",-0.7891
"94092",-0.9896
"94093",1.9042
"94094",0.3212
"94109",1.6406
"94112",-0.694
"94176",-1.788
"94178",-0.126
"94179",0.7324
"94180",-2.5158
"94181",-1.6193
"94184",-0.6797
"94185",-0.8987
"94186",1.5983
"94187",-0.9168
"94190",0.8547
"94191",-0.9909
"94192",1.517
"94212",-0.3352
"94213",0.9124
"94214",-2.8338
"94216",-0.4082
"94217",1.8025
"94218",-0.8346
"94219",0.6744
"94220",0.7917
"94221",0.4342
"94223",-1.2297
"94224",-0.6291
"94226",-2.1986
"94227",1.4064
"94229",1.378
"94230",-2.2364
"94232",-0.7014
"94242",0.0694
"94245",-0.4214
"94246",1.4749
"94249",0.557
"94253",-1.1491
"94254",0.1369
"94275",1.5485
"94279",-1.4371
"94280",-1.2424
"94281",0.051
"94282",-2.3045
"94284",-0.425
"94315",-1.0359
"94332",-1.4274
"94346",0.1472
"94352",0.0609
"94353",0.1963
"96875",1.2721
"96935",1.6998
"96957",-0.4207
"96979",0.5969
"97031",-0.9809
"97064",-1.0921
"97086",-0.0683
"97112",2.0319
"97114",-0.9224
"97122",-0.2284
"97130",-3.5432
"97159",1.7853
"97165",0.9241
"97212",-0.1346
"97243",-0.6611
"97287",-1.5451
"97387",-2.8815
"97423",0.785
"97440",0.1663
"97484",-1.1492
"97487",-1.441
"97541",-0.4875
"97761",-3.9072
"97775",-0.6825
"97820",1.2206
"97827",-3.4806
"97848",-1.5505
"97863",1.0958
"97884",0.8567
"97895",-1.2135
"97961",-1.2582
"97998",-1.1724
"98053",-2.3824
"98170",-3.1673
"98193",-1.7481
"98221",1.7728
"98238",-0.7838
"98256",0.0796
"98258",0.6582
"98267",2.0987
"98303",0.6981
"98314",-0.129
"98363",1.9743
"98365",1.492
"98366",1.257
"98376",0.0898
"98386",2.3112
"98388",-1.5681
"98396",-1.5864
"98402",0.6539
"98403",1.1175
"98404",1.0852
"98415",-0.3994
"98417",0.5706
"98432",-1.2135
"98452",1.0591
"98488",1.9172
"98496",-0.3565
"98558",-1.0161
"98660",-3.5952
"98682",0.5602
"98685",0.4608
"98710",1.8684
"98711",1.0613
"98732",1.3873
"98733",-1.1665
"98736",-0.4054
"98741",-0.0743
"98758",1.0446
"98766",-0.2527
"98828",1.3295
"98845",-1.2414
"98870",1.5331
"98878",0.2773
"98910",-0.9494
"98932",0.303
"98952",-1.8038
"98956",-1.0224
"98970",-1.753
"98985",0.9731
"98999",-1.2191
"99003",1.7016
"99010",1.0841
"99011",-2.6415
"99031",0.8522
"99045",0.8649
"99100",0.0466
"99138",-0.3256
"99151",-1.5183
"99152",-0.7809
"99167",0.021
"99237",0.1278
"99296",0.119
"99311",-1.813
"99326",-0.7187
"99334",-0.2644
"99349",0.0409
"99371",0.1278
"99375",0.7424
"99377",0.5923
"99382",0.551
"99412",-1.4006
"99439",-1.4966
"99470",0.0299
"99480",3.0649
"99512",0.0543
"99526",3.2221
"99542",0.4527
"99543",-0.7837
"99586",1.8099
"99633",0.8346
"99650",-1.0863
"99681",-1.3723
"99683",-0.6442
"99686",1.4022
"99696",-1.0062
"99712",0.4862
"99730",1.047
"99738",-4.2744
"99870",0.8628
"99887",0.7711
"99889",1.7365
"99890",0.9818
"99899",-1.3943
"99929",3.8286
"99982",-0.1758
"100017",-0.5777
"100019",-1.4922
"100061",-0.1114
"100072",0.3802
"100087",1.7613
"100088",1.4605
"100090",0.605
"100102",1.7171
"100121",0.7609
"100129",1.5631
"100155",0.5386
"100163",0.8288
"100169",-0.0718
"100177",0.3875
"100182",-0.72
"100198",-0.2866
"100201",1.7821
"100206",-0.3288
"100210",-0.0818
"100213",-2.4262
"100226",1.953
"100273",1.2409
"100317",-0.247
"100336",1.034
"100340",0.1956
"100342",-1.7917
"100382",0.2611
"100383",-0.1875
"100434",0.2925
"100465",0.3629
"100470",-0.5169
"100473",2.8596
"100494",-0.8496
"100515",-0.0442
"100532",-1.5097
"100561",-1.3314
"100604",3.7207
"100608",1.6605
"100609",-1.7251
"100637",-0.0514
"100678",0.4098
"100683",-0.5207
"100689",-0.0324
"100702",-0.0887
"100705",1.1907
"100710",0.1057
"100715",0.9968
"100732",-0.6972
"100737",1.2457
"100740",0.7425
"100756",-1.5798
"100763",-0.4106
"100764",-0.5438
"100855",0.1611
"100900",0.273
"100910",-0.2329
"100929",-0.7139
"100952",-2.2395
"100972",0.6835
"100978",0.3442
"100986",0.2191
"101023",-0.4132
"101095",-0.4963
"101100",-0.5922
"101113",-1.6605
"101118",0.1225
"101122",-1.3052
"101142",-0.9997
"101148",2.942
"101185",0.9242
"101187",0.3339
"101197",0.4265
"101202",-0.3108
"101206",-1.1441
"101214",-1.1283
"101240",-1.6127
"101314",1.9664
"101320",-2.3161
"101351",1.5641
"101358",0.8678
"101359",0.6578
"101401",0.8168
"101434",1.8959
"101437",-0.5596
"101471",-1.8659
"101476",-0.5145
"101488",-0.985
"101489",-2.9657
"101490",2.7448
"101497",0.0851
"101502",-1.0338
"101513",-1.1404
"101533",0.2892
"101540",-1.2351
"101543",-2.2569
"101544",-0.5416
"101565",-0.6163
"101568",-1.3141
"101592",-0.0233
"101602",1.283
"101604",-0.8749
"101612",0.1004
"101613",2.3297
"101631",-1.9415
"101685",1.0563
"101694",3.0844
"101700",0.2304
"101706",-2.8471
"101739",2.3038
"101744",-0.5725
"101772",0.8431
"101809",0.2732
"101831",1.0799
"101835",-2.0133
"101861",0.456
"101867",1.4011
"101869",-0.6278
"101883",0.5404
"101943",-1.4438
"101966",-1.7916
"101985",-9e-04
"101994",-0.283
"102015",-1.0025
"102032",-0.4979
"102058",-1.3001
"102060",-2.9486
"102075",-0.605
"102093",-0.5651
"102098",-1.0494
"102103",-1.6149
"102115",-2.8885
"102122",0.3645
"102124",0.0717
"102132",0.622
"102141",1.0449
"102162",1.4467
"102182",0.1517
"102193",-1.6499
"102209",-0.0013
"102247",-1.93
"102278",0.4437
"102294",2.0955
"102323",1.6117
"102334",-2.2712
"102339",-0.2152
"102371",0.4077
"102402",0.7168
"102414",-0.4017
"102423",-0.4098
"102436",-0.708
"102442",2.2236
"102448",-0.3369
"102462",-1.3955
"102502",-0.8035
"102545",-2.5595
"102566",1.8675
"102580",-0.3317
"102595",0.4746
"102607",-0.3687
"102614",-1.0679
"102626",0.6007
"102632",0.1734
"102644",0.0183
"102657",1.4433
"102680",-0.1717
"102688",0.0662
"102693",-4.0697
"102747",1.8592
"102774",-1.057
"102791",1.5672
"102857",-0.0981
"102866",3.2262
"102871",0.9777
"102920",0.4251
"102941",1.1342
"102954",-0.5735
"102991",-0.5763
"103012",-1.8104
"103080",0.059
"103098",2.7432
"103135",0.1912
"103136",0.9761
"103140",1.2993
"103142",1.1903
"103149",-0.0767
"103161",0.8271
"103172",-0.126
"103175",-0.3337
"103199",0.7084
"103213",0.959
"103220",-1.7497
"103236",-1.8781
"103266",1.3887
"103268",0.12
"103284",-0.0692
"103406",-2.2177
"103425",-1.902
"103466",0.0065
"103468",0.7012
"103511",0.7559
"103534",-2.0191
"103537",0.3424
"103551",-2.9182
"103554",1.7725
"103573",1.1891
"103583",0.202
"103655",-0.4662
"103677",-0.6767
"103694",-1.3449
"103710",-0.3759
"103711",1.2274
"103712",-0.3257
"103724",-0.908
"103729",0.6064
"103733",-0.944
"103737",0.4342
"103742",-0.2029
"103743",0.7856
"103765",1.1376
"103768",-0.7812
"103784",0.8398
"103806",1.525
"103836",-0.7186
"103841",-1.1724
"103844",1.3213
"103850",-0.7141
"103948",-3.2807
"103949",2.627
"103963",-1.6043
"103967",0.1365
"103968",0.1949
"103978",-1.5368
"103988",0.5259
"104001",0.2718
"104009",0.3224
"104010",-0.7161
"104015",1.3985
"104027",-2.4792
"104069",-4.2082
"104079",-2.9724
"104080",-0.1839
"104082",1.2749
"104086",0.5783
"104099",-0.6957
"104103",-0.7441
"104110",0.2248
"104111",-1.7026
"104112",0.1289
"104130",-3.6717
"104156",-0.3446
"104158",-0.3051
"104174",-2.9478
"104175",0.5317
"104184",2.3179
"104215",1.1455
"104248",-1.5462
"104252",-0.8185
"104263",-0.5634
"104271",-0.0678
"104303",1.925
"104318",-0.6047
"104346",-1.3137
"104348",-0.1862
"104349",0.2465
"104360",-0.8418
"104362",1.1838
"104382",0.4571
"104383",2.9675
"104394",-0.2694
"104401",-0.6783
"104418",0.4791
"104444",1.6053
"104445",-1.2264
"104457",1.0703
"104458",1.8359
"104479",-0.1149
"104522",-0.8388
"104570",2.8935
"104582",0.9673
"104601",0.0987
"104625",1.1182
"104662",1.0197
"104681",0.1013
"104692",0.4166
"104709",-0.623
"104718",1.3664
"104721",1.011
"104725",1.7982
"104732",0.8442
"104759",0.8943
"104771",-0.4058
"104776",1.068
"104798",2.1143
"104799",1.3115
"104806",0.4105
"104816",-1.283
"104831",-1.6307
"104836",1.2076
"104859",-0.0609
"104871",1.8463
"104884",1.5291
"104885",-1.3563
"104886",-3.1585
"104910",-1.0503
"104923",-0.4012
"104943",1.4623
"105000",0.2799
"105005",2.4475
"105014",-0.3744
"105083",-1.9107
"105120",-0.0207
"105148",1.7024
"105171",-0.8685
"105193",-1.4418
"105203",1.197
"105239",-1.7887
"105243",0.2222
"105245",-0.6391
"105246",-1.9952
"105278",-2.0231
"105298",0.6824
"105348",1.1743
"105349",0.6697
"105351",2.2413
"105352",0.2293
"105364",1.1808
"105372",1.5462
"105377",1.2236
"105387",-0.8751
"105428",-0.1347
"105439",0.6902
"105440",-0.2932
"105445",2.3552
"105446",-0.3071
"105450",-1.2099
"105501",-0.5022
"105504",2.2694
"105522",2.1946
"105559",4.03
"105638",-0.6936
"105651",-1.3601
"105653",-3.4544
"105663",-1.1062
"105670",2.5516
"105675",1.9926
"105689",0.5225
"105722",0.4142
"105727",-1.1796
"105732",-0.8808
"105734",-0.4801
"105782",-2.2459
"105785",1.3615
"105787",2.0631
"105827",2.0772
"105833",1.0385
"105835",0.2319
"105837",-0.9056
"105841",-0.11
"105844",-0.1538
"105847",-1.313
"105853",3.6264
"105855",-0.5198
"105859",0.8261
"105975",0.0048
"105976",-1.8182
"105988",0.2613
"106014",3.0721
"106021",1.9297
"106025",0.4679
"106026",1.3058
"106039",-1.781
"106042",0.0594
"106052",0.6382
"106064",1.3719
"106068",-1.6739
"106073",1.8077
"106143",2.5314
"106200",-0.8796
"106205",0.2196
"106248",0.8483
"106264",-0.5613
"106298",-0.7219
"106326",1.544
"106338",1.1796
"106344",-0.1024
"106347",2.0123
"106369",-2.0783
"106389",-0.0448
"106393",1.8484
"106489",1.3065
"106504",-0.3833
"106512",-0.228
"106522",-0.7977
"106529",-0.3247
"106557",0.0134
"106564",0.2375
"106565",-3.2689
"106572",-1.398
"106581",-1.2483
"106582",-0.4279
"106583",0.3443
"106585",1.1578
"106618",-0.2933
"106628",0.3209
"106633",-0.1041
"106639",0.5323
"106648",0.8808
"106672",0.7725
"106707",-0.3931
"106722",-0.3769
"106757",-0.511
"106759",-0.7595
"106763",-2.9304
"106766",0.6701
"106794",-0.1236
"106795",1.3838
"106821",-0.3264
"106840",-1.6221
"106861",-1.0237
"106869",1.9417
"106877",-1.4179
"106878",0.3749
"106894",-1.0978
"106931",-1.6787
"106947",-3.6939
"106952",-0.925
"106957",3.5042
"107003",2.502
"107022",-0.3616
"107029",-0.626
"107035",1.253
"107045",1.5315
"107047",0.2407
"107065",3.5227
"107071",0.6221
"107094",-0.0213
"107146",0.8893
"107173",-1.1636
"107182",1.2046
"107197",-1.667
"107227",-1.3629
"107239",0.1961
"107242",-2.099
"107250",-0.0793
"107260",-1.0427
"107271",-0.1149
"107272",-0.2355
"107305",0.6878
"107321",-0.0422
"107328",-0.4821
"107338",-0.1956
"107350",0.6855
"107351",-2.5246
"107358",2.4987
"107368",3.3231
"107371",2.0241
"107373",0.6772
"107375",0.2558
"107376",-0.0683
"107392",-0.7362
"107435",-0.3395
"107448",-3.0574
"107449",-2.0655
"107476",0.1003
"107477",-1.1502
"107503",-1.6952
"107508",1.0174
"107513",0.0384
"107515",0.2411
"107522",0.557
"107526",-1.1869
"107527",-0.8084
"107528",-1.6909
"107566",-2.2362
"107568",2.6206
"107569",0.8067
"107581",-1.5653
"107585",-1.1597
"107586",-1.8847
"107589",1.5885
"107605",-0.7756
"107607",0.295
"107650",-1.0257
"107652",0.5567
"107656",-0.9633
"107684",-0.7839
"107686",-2.7383
"107701",1.1599
"107702",0.9922
"107723",-0.8575
"107732",0.318
"107733",-0.6228
"107734",3.1403
"107746",-2.0237
"107747",-3.5618
"107751",0.2099
"107753",-0.3408
"107766",-1.2119
"107767",1.2865
"107769",-0.532
"107770",-0.6225
"107771",1.5589
"107815",0.3279
"107817",0.4447
"107823",-0.5001
"107829",0.3626
"107831",-3.8976
"107869",0.4095
"107885",-0.9134
"107895",-1.3998
"107932",-1.238
"107934",-1.69
"107939",0.0431
"107951",-2.6912
"107971",-0.4199
"107975",-0.4798
"107976",2.2547
"107986",2.215e-05
"107993",-1.1027
"107995",1.0843
"107999",-1.1026
"108000",-0.1849
"108011",-0.7381
"108012",1.8693
"108013",-0.8499
"108014",-2.7064
"108015",-0.268
"108030",2.4729
"108037",0.1049
"108043",-0.9536
"108052",0.8909
"108058",0.0967
"108062",-0.325
"108067",2.1926
"108068",0.2986
"108069",-0.871
"108071",1.9068
"108073",-1.6082
"108075",0.3341
"108077",-2.1465
"108078",1.2052
"108079",3.3347
"108083",-0.7522
"108086",0.1937
"108089",-2.4826
"108096",1.4881
"108097",-0.9567
"108098",0.3067
"108099",-1.3238
"108100",-1.8307
"108101",-1.1474
"108105",0.5781
"108112",-3.49
"108114",-0.0194
"108115",1.1083
"108116",-1.4629
"108121",0.3445
"108123",2.548
"108124",0.577
"108138",1.0748
"108143",2.0093
"108147",-1.3232
"108148",-0.7198
"108150",0.2142
"108151",1.1796
"108153",-1.8738
"108154",0.4401
"108155",-1.5352
"108156",-0.5222
"108159",0.8115
"108160",0.2498
"108645",-0.0416
"108652",0.9353
"108653",-0.2076
"108654",1.318
"108655",-1.1255
"108657",-0.8505
"108660",-1.737
"108664",1.6575
"108670",0.4635
"108671",-0.5565
"108672",0.1191
"108673",1.5546
"108679",0.1165
"108682",-1.9696
"108686",0.9605
"108687",-1.2697
"108689",0.9756
"108699",1.6268
"108705",1.5757
"108707",-0.5398
"108723",-0.171
"108735",-0.761
"108737",-1.6497
"108755",1.3863
"108760",-0.688
"108767",1.3799
"108797",0.5338
"108800",-0.4772
"108802",0.6542
"108803",-0.1694
"108809",-0.6834
"108811",0.3353
"108812",-0.6152
"108816",1.0743
"108829",0.942
"108832",0.0199
"108837",-1.3606
"108841",0.8488
"108853",1.0698
"108857",0.9165
"108871",2.8799
"108888",0.501
"108897",-0.6353
"108899",-0.5171
"108900",0.402
"108902",-1.5801
"108903",-1.0046
"108907",-0.3506
"108909",1.1976
"108911",0.2363
"108912",0.4375
"108927",-1.283
"108934",0.4489
"108937",-0.6386
"108943",0.2079
"108946",-0.9205
"108954",0.2753
"108958",-2.1101
"108960",0.1925
"108961",-0.2122
"108989",1.9708
"109006",0.1537
"109019",1.1832
"109032",0.0503
"109042",-1.8839
"109050",0.5014
"109052",1.0005
"109054",0.5728
"109065",2.1069
"109075",1.1064
"109077",1.2118
"109079",1.7231
"109082",-2.2783
"109093",1.993
"109095",-2.1275
"109108",0.3727
"109113",-1.3976
"109115",1.0417
"109129",0.716
"109135",-0.9747
"109136",-1.7731
"109145",-0.3942
"109151",0.8452
"109154",-1.7191
"109161",1.5171
"109163",-1.7169
"109168",0.2017
"109169",2.2851
"109181",0.3053
"109198",-0.9167
"109202",0.0284
"109205",-1.5447
"109212",0.3016
"109222",0.4611
"109225",-0.7202
"109229",-0.5529
"109232",0.8529
"109241",0.3989
"109242",-0.3012
"109245",-0.2028
"109246",-2.0573
"109254",-0.6525
"109263",1.1985
"109267",-0.1101
"109270",-0.3208
"109272",-3.0224
"109275",-0.599
"109280",0.4615
"109284",-2.4125
"109294",0.0859
"109299",-0.8394
"109305",0.5567
"109323",-0.3142
"109331",-1.2722
"109332",-1.9037
"109333",1.3482
"109334",-0.6822
"109335",0.3268
"109342",0.2222
"109344",-0.0634
"109346",-0.0809
"109349",1.2205
"109359",0.2627
"109552",2.3369
"109593",2.1086
"109594",-0.158
"109620",1.322
"109624",-1.2705
"109637",0.2782
"109648",3.0516
"109652",0.0726
"109658",-0.6483
"109660",-0.4116
"109672",-0.9568
"109674",1.0629
"109676",0.9879
"109685",2.0547
"109689",-2.5522
"109700",-1.3267
"109711",-0.6554
"109731",0.5783
"109754",0.3615
"109778",0.3966
"109785",0.5511
"109801",-0.3786
"109815",1.2166
"109828",-1.6027
"109857",-1.358
"109880",1.5858
"109889",-0.9605
"109900",-0.5195
"109901",1.4437
"109904",-0.1279
"109905",2.2953
"109910",1.1734
"109929",2.0485
"109934",0.4542
"109959",-0.3037
"109978",3.0541
"109979",1.2789
"110006",2.1228
"110012",-1.0218
"110033",1.2996
"110052",0.3227
"110058",-1.7741
"110074",-0.7325
"110075",0.6475
"110078",-2.844
"110082",-1.7544
"110083",-0.3893
"110084",0.6831
"110094",-0.132
"110095",1.9037
"110109",0.929
"110119",0.3516
"110135",0.857
"110147",-3.7301
"110153",-0.448
"110157",-1.2657
"110168",0.8127
"110172",-1.3909
"110173",-0.2145
"110175",1.6174
"110196",1.9864
"110197",-0.8468
"110198",0.0836
"110208",-0.3967
"110213",-1.3557
"110253",1.3884
"110257",2.889
"110265",1.599
"110279",-3.5266
"110304",1.0156
"110308",0.6626
"110312",1.4088
"110323",2.576
"110326",-1.1091
"110332",-0.1144
"110333",-1.5395
"110350",-0.8392
"110351",-1.2678
"110355",-3.4379
"110379",-0.0283
"110380",0.3729
"110382",-2.4424
"110385",0.8217
"110391",-1.4613
"110417",1.1178
"110446",2.0696
"110454",0.5725
"110460",2.0804
"110521",-0.1124
"110524",-0.0297
"110532",-1.9217
"110542",-1.8562
"110557",0.8366
"110593",0.0869
"110595",-0.2519
"110596",0.6995
"110606",-0.6892
"110611",0.2799
"110616",-0.6127
"110637",-2.1026
"110639",1.7876
"110648",0.6044
"110651",0.6156
"110695",-1.6546
"110749",-0.5273
"110750",1.3725
"110751",-0.0016
"110784",3.9228
"110789",-0.9622
"110796",-0.6844
"110809",1.2721
"110816",-1.5669
"110821",0.0351
"110826",0.1537
"110829",2.3157
"110834",0.0634
"110835",0.7559
"110842",-0.5501
"110854",-3.1359
"110855",0.6132
"110862",2.401
"110876",1.6737
"110877",1.3695
"110880",-1.6121
"110886",4.3326
"110891",-1.8724
"110893",0.4874
"110895",1.755
"110902",-1.2502
"110911",-3.3573
"110920",1.8206
"110935",1.1684
"110948",0.4047
"110954",1.749
"110956",0.1345
"110958",1.2098
"110959",1.8207
"110960",1.1433
"110962",-3.036
"111173",-0.3018
"111175",0.6979
"111186",0.5193
"111241",-0.94
"111970",-0.1032
"111975",0.5249
"112403",0.0719
"112405",-0.1439
"112406",-2.7352
"112407",1.069
"112415",-2.2587
"112418",0.3013
"112419",-1.6603
"112422",1.2562
"113868",-2.2408
"114128",0.5927
"114142",1.1559
"114143",-0.3914
"114229",-1.0581
"114230",-0.6503
"114249",-2.1182
"114255",1.7095
"114301",1.3891
"114304",0.996
"114332",0.0844
"114479",0.3755
"114565",0.8329
"114570",0.1596
"114584",0.0514
"114585",-2.3718
"114601",-2.1673
"114602",0.0161
"114604",-0.1175
"114606",-0.9614
"114615",-0.8272
"114641",0.9619
"114642",1.1378
"114643",-0.9424
"114644",-0.8619
"114654",0.544
"114663",-0.6668
"114664",-0.8403
"114668",-0.3546
"114674",-1.4729
"114675",0.7616
"114679",-1.4759
"114713",0.9291
"114714",-0.7543
"114715",1.3412
"114716",2.2721
"114741",0.1354
"114774",-1.8098
"114863",1.4702
"114872",-1.9962
"114873",-1.9244
"114874",0.0573
"114875",-0.4603
"114886",-2.5429
"114889",0.9215
"114893",2.7128
"114896",0.9951
"116701",-0.9781
"116731",1.1043
"116732",0.252
"116733",0.3336
"116748",0.5647
"116837",-2.3735
"116838",1.4721
"116847",0.2827
"116848",-0.8957
"116870",-1.3614
"116871",-2.2673
"116873",0.628
"116891",0.9101
"116903",1.6452
"116904",0.8764
"116905",-1.4273
"116914",1.8874
"116939",-1.648
"116940",0.3273
"116972",1.6903
"117109",-2.2103
"117146",-1.5385
"117148",-2.454
"117149",-1.0373
"117150",0.7933
"117160",-1.6594
"117167",0.0728
"117171",0.1908
"117197",-0.3227
"117198",0.8968
"117229",0.8803
"117589",1.1173
"117590",-0.5298
"117591",0.0984
"117592",-0.7508
"117599",-0.0745
"117600",0.2324
"117606",-1.3124
"118445",-2.0711
"118446",-0.562
"118449",-0.4185
"118451",1.623
"118452",1.4768
"118453",-0.3835
"118454",-0.4345
"121021",-0.6906
"121022",-0.3305
"140476",-0.7288
"140477",-0.6862
"140481",-1.897
"140482",-1.0324
"140483",3.8442
"140484",-2.4925
"140488",0.8878
"140489",0.751
"140492",-0.9156
"140493",1.2717
"140494",2.4563
"140497",-0.491
"140498",0.9639
"140499",0.9744
"140500",-1.4346
"140546",-0.0466
"140557",1.4215
"140559",-3.8021
"140570",0.4985
"140571",-2.0118
"140577",-2.3845
"140579",-0.0162
"140580",0.8274
"140629",-1.7937
"140630",-0.4353
"140703",0.841
"140709",-0.3802
"140721",1.0764
"140723",1.9732
"140740",1.7391
"140741",0.3379
"140742",-1.8425
"140743",0.9708
"140780",0.5157
"140781",-2.173
"140792",-0.5542
"140795",-0.2816
"140810",1.3855
"140858",-0.7265
"140859",-0.1424
"140887",2.6706
"140904",0.6853
"140917",0.4684
"140919",0.6637
"142682",-0.6349
"142687",1.1358
"142688",-2.3202
"142980",0.6046
"170439",2.6854
"170441",-0.8089
"170442",0.3561
"170459",1.0377
"170460",1.6141
"170461",0.9275
"170472",-0.7183
"170483",-1.3225
"170484",-0.205
"170571",0.8063
"170574",0.6295
"170625",-0.0176
"170643",-1.3182
"170644",-0.8077
"170658",0.362
"170676",0.942
"170677",-0.8799
"170706",-0.1484
"170707",-0.2378
"170711",-1.9759
"170716",0.8667
"170718",1.7403
"170720",-1.0642
"170721",-1.4261
"170725",1.1582
"170728",0.1642
"170729",-3.1143
"170731",-0.0722
"170732",-0.1345
"170735",1.3776
"170736",-1.7001
"170737",-1.4771
"170738",1.8121
"170740",-0.8771
"170742",0.0643
"170743",2.5303
"170744",-0.9206
"170745",0.9863
"170748",-0.7508
"170749",-1.214
"170750",0.1008
"170752",-0.121
"170753",-0.216
"170755",1.2356
"170756",-0.7569
"170757",1.7726
"170758",-1.1243
"170759",-1.2874
"170760",-0.8081
"170761",0.4082
"170762",0.4875
"170763",1.8799
"170765",-0.209
"170767",0.2339
"170768",-0.0087
"170770",-0.5582
"170771",-0.1911
"170772",0.5672
"170786",0.1901
"170787",-0.7147
"170788",0.8118
"170789",-1.9622
"170790",-0.8648
"170791",0.2257
"170799",-1.3747
"170822",0.2324
"170823",0.9508
"170826",0.0868
"170829",2.2709
"170833",-1.2277
"170835",0.0461
"170930",1.624
"170935",0.4816
"170936",-0.6515
"170938",2.9265
"170942",-0.1229
"170952",-2.1639
"171095",-2.5321
"171166",0.1864
"171167",1.4301
"171170",-1.2505
"171171",-2.7695
"171180",1.1933
"171207",-1.0438
"171210",-0.8641
"171211",-1.0638
"171212",-0.9876
"171281",0.8367
"171282",-0.4074
"171285",-0.7209
"171286",-0.2229
"171382",-0.0992
"171388",-0.8351
"171395",-0.1325
"171429",-0.4141
"171463",0.5905
"171469",0.2398
"171486",-1.7028
"171504",-0.8438
"171508",-3.2069
"171531",-0.8893
"171543",1.8322
"171567",0.166
"171580",-0.8164
"191578",-0.0449
"192119",1.141
"192120",0.6005
"192136",0.9067
"192156",0.0097
"192157",-2.3166
"192159",1.1698
"192160",-1.8198
"192161",-0.2472
"192163",0.2777
"192164",0.0782
"192166",-0.2919
"192167",2.3452
"192169",1.8127
"192170",1.0028
"192173",-2.5069
"192174",0.7783
"192176",0.206
"192185",0.602
"192187",-2.0091
"192188",-1.5743
"192190",0.0832
"192191",-0.2628
"192192",-1.2364
"192193",1.4669
"192195",0.7012
"192196",0.3555
"192197",-0.6015
"192198",0.1219
"192199",-1.2389
"192212",0.0638
"192216",2.1547
"192231",-2.6399
"192232",-1.5222
"192236",-0.6429
"192285",-2.1926
"192287",0.8022
"192289",1.0975
"192292",0.397
"192650",-0.463
"192651",0.1622
"192652",-1.0225
"192653",-0.0898
"192654",-1.3109
"192656",-0.1857
"192657",0.9255
"192662",-0.9907
"192663",-1.5286
"192678",-0.4852
"192734",-1.0464
"192775",-1.0992
"192786",1.7785
"192897",-1.7809
"192950",-1.0624
"192970",1.1829
"192976",-1.1478
"192986",-1.437
"193003",0.1681
"193034",0.2412
"193043",-0.955
"193116",-0.4967
"193217",-0.2662
"193280",-0.1123
"193385",-1.647
"193452",1.0077
"193670",1.5883
"193736",-2.5082
"193740",-2.2976
"193742",-0.1349
"193796",-1.4751
"193813",-2.6112
"193838",1.8347
"194126",-0.703
"194231",-1.243
"194237",0.2501
"194268",0.4904
"194292",-1.2405
"194309",-0.8532
"194388",0.027
"194401",-2.9345
"194590",4.9944
"194597",1.7964
"194655",0.4646
"194744",1.6584
"194908",0.6057
"194952",-0.6593
"194974",1.7973
"195018",-0.3324
"195040",0.1166
"195208",-1.2659
"195209",-1.6069
"195434",-1.6148
"195522",-0.0688
"195531",1.8924
"195727",2.409
"195733",-1.9057
"207165",-0.9275
"207175",1.2516
"207181",0.9038
"207182",-0.5752
"207212",-1.3273
"207214",3.1754
"207215",0.2332
"207227",2.9126
"207259",0.27
"207278",0.9511
"207304",0.2569
"207318",-0.0581
"207352",1.7163
"207375",1.7249
"207393",-2.1569
"207425",1.1999
"207474",-0.5084
"207495",1.7551
"207521",-0.0776
"207565",-2.164
"207592",-1.7364
"207596",2.1449
"207607",0.1684
"207615",0.318
"207618",1.369
"207667",-0.1901
"207683",-1.2861
"207686",1.1731
"207704",0.9507
"207728",-0.3372
"207740",-2.4173
"207742",0.0311
"207777",-1.3291
"207781",-0.6544
"207785",0.7868
"207792",-0.9119
"207798",-0.0263
"207806",0.7812
"207818",-0.179
"207819",-0.6418
"207839",-1.4868
"207911",1.3778
"207921",-0.5748
"207932",0.6317
"207952",0.0249
"207958",-0.9167
"207965",0.6767
"208043",-1.0868
"208076",-2.1019
"208080",-0.2985
"208084",0.8125
"208092",-3.3741
"208104",-1.6707
"208111",2.3117
"208117",1.4398
"208144",-1.0253
"208146",0.4921
"208151",1.8346
"208154",-0.247
"208158",-0.1759
"208164",-0.1426
"208171",-0.672
"208177",0.9678
"208188",1.7921
"208194",0.305
"208198",-1.7266
"208211",-0.0536
"208213",0.8524
"208228",1.3194
"208263",1.6086
"208266",0.2039
"208285",-0.7949
"208292",1.5776
"208366",0.2518
"208372",0.2724
"208426",-0.5508
"208431",-0.2085
"208439",-2.5716
"208440",1.3265
"208449",0.244
"208501",-0.3612
"208518",0.6638
"208583",1.5833
"208595",-1.3086
"208606",1.1159
"208613",0.9295
"208618",-0.5244
"208624",0.2814
"208628",-1.7032
"208638",-1.6074
"208643",-0.6051
"208647",-0.3782
"208650",-0.5679
"208659",-1.7378
"208666",-3.318
"208677",1.0176
"208691",0.6528
"208715",1.9979
"208718",-0.7529
"208727",-3.8895
"208748",-1.0487
"208768",3.0153
"208777",-1.4171
"208795",-0.5596
"208820",0.7263
"208836",1.1691
"208846",0.3036
"208869",-0.6843
"208884",0.6529
"208898",-2.0457
"208908",-0.2186
"208922",-1.3942
"208936",2.0522
"208943",0.4227
"208967",-0.6265
"208968",2.1917
"208982",1.8931
"208990",-0.3964
"208994",-1.1119
"209003",-1.311
"209011",-0.2263
"209012",0.1457
"209018",-0.1644
"209027",-0.234
"209032",-0.2114
"209039",-0.7208
"209047",0.931
"209086",2.1209
"209131",-0.5099
"209176",-1.2286
"209195",0.8759
"209200",1.8229
"209212",1.1503
"209224",0.2218
"209225",-2.0134
"209239",0.9829
"209268",1.8738
"209294",-0.1694
"209318",-0.3551
"209334",-0.6199
"209351",2.0678
"209354",1.6295
"209357",-0.9673
"209361",-0.5397
"209378",-0.8376
"209387",0.909
"209416",-0.9436
"209446",-0.1172
"209456",-0.4432
"209462",0.5758
"209478",1.1109
"209497",-1.9068
"209540",1.2537
"209550",0.7516
"209558",-0.0096
"209584",0.6828
"209586",-1.1872
"209601",-1.1911
"209630",2.1091
"209645",0.7783
"209683",-0.3259
"209692",-0.1883
"209707",2.7882
"209737",1.1603
"209743",0.199
"209760",-0.0505
"209773",-1.3607
"209776",0.3316
"209815",0.2932
"209837",2.6874
"209966",-1.057
"210004",-0.3221
"210009",-0.1506
"210027",-0.24
"210029",0.1257
"210035",-1.068
"210044",-1.0521
"210094",-0.695
"210104",0.5436
"210105",2.3757
"210106",0.5701
"210108",-0.7475
"210126",0.4872
"210135",-1.8328
"210146",-1.2966
"210148",-0.0844
"210162",0.3268
"210172",0.8053
"210274",-2.5382
"210293",0.0898
"210297",2.5943
"210356",-0.227
"210373",0.0963
"210376",1.5566
"210417",0.7364
"210503",0.7317
"210510",-1.1658
"210529",-1.7131
"210530",-0.6904
"210544",-0.8861
"210573",-3.6028
"210582",-1.3252
"210583",-1.7805
"210622",-0.7245
"210673",-3.831
"210710",1.198
"210711",0.4485
"210719",-0.5254
"210741",-0.4782
"210762",0.2631
"210766",2.9794
"210789",-0.0936
"210801",1.8758
"210808",0.2147
"210853",0.5839
"210925",-0.2159
"210933",1.3203
"210973",0.6643
"210982",-2.4205
"210992",-0.7429
"210998",1.9122
"211001",0.1201
"211006",1.1184
"211007",-2.1594
"211064",0.55
"211134",0.4404
"211135",2.5031
"211147",0.414
"211151",-0.1991
"211187",-2.2545
"211228",0.8268
"211232",-0.3782
"211253",0.1363
"211255",0.2419
"211286",-0.5222
"211305",3.2853
"211323",0.4856
"211329",0.8894
"211347",3.2227
"211378",-0.5139
"211383",0.7886
"211389",-0.2953
"211401",0.185
"211429",-1.8207
"211446",0.6395
"211468",1.3315
"211480",-0.4277
"211482",0.5748
"211484",1.4835
"211488",-0.2039
"211499",1.9617
"211535",-0.9318
"211548",-2.0095
"211550",0.4247
"211556",-0.8194
"211577",0.7351
"211586",2.0298
"211612",1.5511
"211623",1.3412
"211651",1.7408
"211652",-0.3881
"211660",-2.5804
"211673",2.147
"211712",0.3123
"211739",2.4394
"211770",2.9533
"211798",-0.2896
"211896",0.1456
"211914",-0.0129
"211922",0.6347
"211924",0.1
"211936",0.3803
"211945",-0.8576
"211948",0.8935
"211949",-0.7342
"211961",1.1435
"211978",0.686
"211986",0.366
"212032",-0.2869
"212073",0.6124
"212090",1.369
"212111",-1.6906
"212114",-1.1737
"212123",0.115
"212124",-0.5069
"212127",-0.2153
"212139",-2.7315
"212153",-0.9758
"212163",0.1037
"212167",0.7704
"212168",-0.9763
"212190",-0.35
"212198",-1.3694
"212276",1.286
"212281",0.5158
"212285",1.833
"212307",-0.2051
"212326",0.7839
"212377",0.6631
"212390",0.8178
"212391",-0.4815
"212392",0.2568
"212398",0.0252
"212439",0.1119
"212442",2.3504
"212448",-0.0323
"212483",-3.1149
"212503",-2.0819
"212508",-0.8404
"212514",-1.5785
"212516",-0.1757
"212517",0.1975
"212518",1.3239
"212528",-2.2403
"212531",-0.7778
"212539",0.3513
"212541",0.4254
"212547",0.9823
"212555",-1.6224
"212569",2.2514
"212627",0.018
"212632",0.1825
"212647",-2.0232
"212670",-0.2272
"212679",0.3703
"212706",-1.0877
"212712",-1.1079
"212728",0.3112
"212772",0.5823
"212862",2.0028
"212880",-0.8964
"212892",-0.7224
"212898",-0.0793
"212919",-0.2019
"212933",0.6394
"212937",-1.6992
"212943",1.5602
"212974",-0.9219
"212980",-0.3613
"212986",-0.1428
"212996",-0.1943
"212998",-0.0746
"212999",-1.7954
"213006",2.0604
"213011",1.592
"213012",1.1245
"213019",-0.2692
"213027",-1.2114
"213053",0.6564
"213054",-2.3491
"213056",2.0996
"213068",-0.7065
"213081",2.0037
"213084",1.9647
"213109",-0.3093
"213119",-0.6957
"213121",-1.8514
"213208",-0.7484
"213211",-1.1501
"213233",-0.49
"213234",0.5868
"213236",1.6559
"213248",-0.1839
"213262",2.19
"213311",1.5411
"213326",2.1209
"213332",0.2677
"213350",-2.3455
"213389",-0.9432
"213391",-0.0496
"213393",0.0657
"213402",-1.1523
"213409",-0.5841
"213417",-0.3024
"213435",3.8277
"213436",-0.0818
"213438",0.6206
"213452",-1.9772
"213464",-1.3246
"213469",-1.8427
"213484",-0.4615
"213491",-0.8786
"213498",-1.1519
"213499",0.8501
"213522",0.6813
"213539",-0.4947
"213541",-0.3143
"213550",0.3995
"213556",0.0746
"213573",0.0593
"213575",-0.1846
"213582",1.1135
"213603",1.0279
"213649",-1.7703
"213673",-1.53
"213742",-0.6293
"213753",-1.3271
"213760",2.3312
"213773",-0.5057
"213783",0.0017
"213788",0.8755
"213811",0.0935
"213819",2.3206
"213827",2.9493
"213895",-1.2284
"213945",0.7412
"213948",-0.2771
"213980",-0.1031
"213988",0.0592
"213989",1.6163
"213990",-3.5219
"213993",0.1813
"214048",-0.1964
"214058",1.2685
"214063",-1.1599
"214084",2.145
"214106",0.8922
"214111",1.4397
"214112",0.5957
"214133",1.6902
"214137",-0.368
"214150",1.6225
"214158",1.395
"214162",0.4676
"214189",0.7604
"214230",-1.8994
"214239",-0.3932
"214240",-0.1745
"214253",0.5915
"214254",1.0264
"214290",1.3083
"214292",-1.573
"214301",1.1078
"214305",-1.9473
"214321",-0.6954
"214345",-0.5139
"214359",0.6512
"214384",0.4314
"214424",-1.3861
"214425",-0.5191
"214444",-1.36
"214459",-0.9724
"214469",-2.3896
"214489",-1.3549
"214498",0.4592
"214505",3.2416
"214547",-0.9465
"214552",-1.0831
"214572",-0.9074
"214575",0.2661
"214579",-0.3123
"214580",1.138
"214585",-0.6255
"214593",0.3506
"214597",-2.809
"214601",2.1315
"214616",0.3418
"214627",2.3974
"214639",0.3
"214642",0.443
"214663",-1.4715
"214669",-2.6384
"214685",-3.2425
"214704",1.2827
"214742",-0.0166
"214763",-1.2623
"214764",0.634
"214766",-0.2095
"214779",-0.4621
"214791",1.4078
"214804",2.0226
"214812",-0.924
"214854",0.7079
"214855",0.0152
"214895",-2.0589
"214897",0.4664
"214899",0.4716
"214901",0.9434
"214917",-1.1316
"214922",-2.3312
"214931",-1.7672
"214932",-0.8764
"214944",1.6576
"214951",-0.2559
"214952",-3.4377
"214968",1.3481
"214987",-1.9993
"215001",1.8492
"215008",1.7964
"215015",-0.4297
"215031",0.6832
"215051",-0.2298
"215085",0.4569
"215090",-0.3094
"215113",-3.7985
"215114",-1.3033
"215160",0.1595
"215193",0.999
"215194",-2.2357
"215201",-0.5767
"215210",0.7622
"215243",-0.9154
"215280",1.5202
"215303",2.3368
"215335",-1.638
"215351",0.9128
"215378",1.5128
"215384",-0.432
"215387",0.8392
"215418",0.365
"215436",-3.0565
"215445",-1.8318
"215446",-0.2611
"215449",2.1772
"215458",-0.4495
"215474",-1.9152
"215476",-0.6153
"215493",-0.118
"215494",0.1063
"215512",-0.1005
"215615",-2.0845
"215627",0.0351
"215632",-1.1157
"215653",-1.9778
"215654",0.7225
"215690",2.0941
"215693",2.2825
"215705",-0.3364
"215707",-1.1972
"215708",1.1799
"215714",0.3841
"215748",1.468
"215751",0.8885
"215772",-0.7499
"215789",0.265
"215798",1.6607
"215814",-1.1292
"215819",-0.8526
"215821",-0.4391
"215890",0.7301
"215900",0.1176
"215928",1.2744
"215929",-1.2402
"215951",-0.9898
"215999",0.0299
"216001",-1.407
"216011",-1.4397
"216019",0.6896
"216021",-2.4148
"216028",-0.3742
"216033",-0.4053
"216049",-2.9431
"216080",1.006
"216119",-1.1775
"216131",0.3222
"216134",-1.5906
"216136",-0.5667
"216148",-1.1824
"216150",-0.1597
"216151",-1.564
"216152",-1.7813
"216154",-2.1251
"216156",-0.8004
"216157",-2.3023
"216161",-1.235
"216166",-1.8086
"216169",-1.0075
"216177",1.5793
"216188",-0.2341
"216190",-0.6002
"216197",-1.2424
"216198",-0.8334
"216225",-1.1198
"216227",0.8136
"216233",1.3736
"216238",2.7034
"216274",1.3761
"216285",-0.1523
"216292",0.7551
"216343",-0.4299
"216344",0.6065
"216345",0.0521
"216350",0.0018
"216363",-0.0108
"216377",2.1605
"216393",0.6639
"216395",2.2511
"216438",0.0036
"216439",-3.0345
"216440",-1.5154
"216441",1.6405
"216443",-1.6054
"216456",0.0884
"216459",-1.3816
"216505",-3.1812
"216516",-1.7389
"216527",-1.5873
"216543",-0.3889
"216549",-0.3803
"216551",1.5349
"216558",1.0493
"216560",-0.2445
"216565",-0.197
"216578",2.0919
"216613",-0.375
"216616",-0.2398
"216618",2.3626
"216622",-0.8772
"216635",0.3669
"216705",0.3347
"216724",-1.7886
"216725",-3.2912
"216739",0.4416
"216742",3.4916
"216749",1.4852
"216760",1.6258
"216766",-0.9604
"216767",-1.3237
"216781",1.3131
"216792",-1.924
"216795",1.9722
"216797",-0.8112
"216799",-2.0819
"216805",-0.8299
"216810",-2.2964
"216820",0.8203
"216821",1.3171
"216825",1.4637
"216829",-1.1318
"216831",1.8274
"216835",-1.5447
"216846",-0.605
"216848",-1.8753
"216850",-0.2867
"216853",-1.1299
"216856",-1.3651
"216858",0.8046
"216859",0.5825
"216860",-3.3079
"216864",-0.2573
"216867",-1.389
"216869",-1.8689
"216873",0.2088
"216874",-1.1908
"216877",1.9934
"216881",-1.5255
"216892",-0.8083
"216961",-3.0034
"216963",0.6095
"216964",0.451
"216965",1.426
"216971",2.395
"216974",-0.1138
"216976",-3.8231
"216984",-0.073
"216987",-0.5693
"216991",-1.2611
"217011",0.2408
"217012",-0.2468
"217026",-0.3143
"217030",-0.6476
"217031",-0.0551
"217038",0.0086
"217039",0.4531
"217057",-0.2007
"217069",0.0447
"217082",-2.1141
"217109",-0.6103
"217119",-2.7475
"217124",-2.4479
"217125",-1.6177
"217127",0.8618
"217138",-0.9898
"217140",0.4364
"217143",1.6192
"217149",0.0607
"217151",1.2174
"217154",0.1007
"217166",1.6816
"217169",1.3509
"217194",-0.5442
"217198",0.3642
"217201",0.1153
"217203",0.5733
"217207",-1.512
"217216",1.0891
"217217",0.1923
"217218",-1.7239
"217219",-5.0215
"217232",2.9532
"217258",-1.8162
"217262",-0.4901
"217265",0.9351
"217294",1.0258
"217303",0.9812
"217305",-1.1641
"217306",1.8928
"217310",-1.4521
"217316",0.1514
"217325",0.4264
"217328",-0.141
"217331",-1.0801
"217333",-0.5646
"217335",-3.737
"217337",-0.7177
"217340",-0.6849
"217342",-1.4083
"217344",0.8803
"217351",0.717
"217353",-2.6591
"217356",0.6042
"217364",-1.3877
"217365",-0.4213
"217366",-3.5632
"217369",1.5289
"217370",0.4111
"217371",0.3726
"217378",-0.2475
"217379",1.6667
"217410",3.2017
"217430",3.4754
"217431",1.7001
"217449",-0.4764
"217463",2.701
"217473",1.2755
"217480",2.9856
"217517",-1.4898
"217536",1.8708
"217558",1.7517
"217578",-0.926
"217588",1.2408
"217593",-0.0574
"217648",-1.8278
"217653",1.43
"217664",2.2962
"217666",0.4185
"217682",1.0247
"217684",0.9286
"217692",-0.7283
"217695",-2.4689
"217698",-0.7437
"217700",0.1749
"217705",1.0081
"217707",0.7709
"217708",-0.374
"217715",-0.8522
"217716",0.0262
"217718",-0.6223
"217721",-0.0597
"217732",2.175
"217733",-2.1277
"217734",-0.4224
"217737",-2.7513
"217738",1.4495
"217779",-1.0599
"217826",-2.8623
"217827",-1.2939
"217830",0.2889
"217835",-0.4313
"217837",-2.5382
"217843",-0.6559
"217864",1.3968
"217866",-1.1819
"217869",1.1471
"217874",0.3024
"217882",-2.9457
"217887",-1.9607
"217893",-2.7808
"217935",-2.7236
"217944",4.904
"217946",0.8405
"217951",1.1646
"217980",-0.4303
"217995",1.5334
"218030",-0.9515
"218035",1.3907
"218038",0.3001
"218100",1.9823
"218121",0.8204
"218138",-1.1366
"218194",-1.7322
"218203",-1.0696
"218210",1.3795
"218214",1.0743
"218215",-3.1406
"218232",-0.1844
"218236",1.8577
"218268",-0.9473
"218271",-2.3768
"218294",-0.2864
"218311",1.2745
"218314",0.9664
"218333",1.1885
"218335",-0.7423
"218341",-0.7385
"218343",0.2191
"218397",3.1156
"218440",1.5173
"218441",1.1399
"218442",-0.4054
"218454",-1.2554
"218460",1.3838
"218461",0.6612
"218476",0.3461
"218490",3.1472
"218503",0.4987
"218506",0.7797
"218518",-1.123
"218543",-1.5976
"218544",0.6355
"218581",0.7636
"218613",2.6824
"218624",-1.3623
"218629",-0.0146
"218630",-0.0874
"218639",0.5831
"218693",1.6239
"218695",0.6747
"218699",0.4152
"218734",1.2241
"218739",1.1061
"218756",1.5362
"218763",1.921
"218772",-0.9067
"218793",-1.7362
"218811",-1.8546
"218820",0.0568
"218832",-0.2424
"218850",0.8055
"218865",-0.9408
"218877",0.9028
"218885",0.3887
"218914",1.6341
"218952",-0.0368
"218963",3.0647
"218973",-0.1064
"218975",2.6179
"218977",1.1401
"218989",0.1239
"219022",-1.8299
"219024",-1.9003
"219072",0.7329
"219094",-0.2834
"219103",0.6014
"219105",1.2159
"219114",-0.2343
"219132",1.4108
"219134",0.0855
"219135",-0.5705
"219140",-1.0836
"219144",-1.8448
"219148",0.0088
"219149",-0.1646
"219150",-0.4515
"219151",-2.1488
"219158",-1.7791
"219170",-0.6146
"219181",0.7643
"219189",-0.4369
"219228",4.1162
"219249",0.2319
"219257",3.3422
"223227",1.1154
"223254",-0.681
"223255",-1.2899
"223262",-0.4376
"223267",0.7898
"223272",1.085
"223332",-0.444
"223433",0.6659
"223435",0.3943
"223453",0.3623
"223455",1.4321
"223473",1.8157
"223483",-0.2213
"223499",1.3367
"223513",-0.2144
"223527",1.9417
"223593",0.6731
"223601",4.0572
"223604",-2.3249
"223626",-3.3345
"223642",-0.3361
"223645",-1.2713
"223646",-2.0068
"223648",-0.7769
"223649",-1.9825
"223650",-0.0548
"223658",-1.7259
"223664",-1.0223
"223665",-0.6076
"223666",-0.458
"223669",-0.9336
"223690",-0.5864
"223691",0.1049
"223693",-1.0517
"223696",0.416
"223697",-1.0078
"223701",-1.2922
"223722",-0.5155
"223723",-1.1423
"223726",-0.4062
"223732",-2.2938
"223739",-0.1072
"223752",-3.3402
"223753",-2.1679
"223754",-2.2224
"223770",-0.922
"223773",1.5041
"223774",-0.2506
"223775",0.4009
"223776",0.7364
"223827",-0.8426
"223828",1.8413
"223838",-1.7245
"223843",0.3356
"223864",-2.7664
"223870",2.7049
"223881",-1.5179
"223915",1.0519
"223917",-0.3442
"223918",-2.515
"223921",0.2706
"223922",1.1876
"223970",-1.6437
"223978",-0.5015
"223989",-2.4193
"224008",-1.2479
"224014",2.3311
"224019",-2.7668
"224020",1.2286
"224022",-0.8494
"224023",-1.2732
"224024",0.2214
"224045",-1.3793
"224055",-1.3248
"224079",0.3675
"224088",2.1322
"224090",-3.9651
"224092",-1.2396
"224093",-0.8632
"224105",0.8294
"224109",-1.3966
"224111",0.8417
"224129",-1.4969
"224132",-0.4189
"224139",-1.1971
"224143",0.2403
"224170",2.1661
"224171",1.9049
"224224",-0.398
"224250",0.0423
"224273",0.0711
"224291",1.6961
"224344",-0.3726
"224405",0.4665
"224419",1.2683
"224432",-1.0446
"224440",0.975
"224454",-1.0816
"224481",0.2331
"224523",-0.1044
"224530",-1.0359
"224585",0.9072
"224598",2.1901
"224613",-3.4167
"224617",0.5611
"224619",-2.063
"224624",-0.7654
"224630",1.8144
"224640",-2.714
"224647",-3.3942
"224648",-0.3262
"224650",-1.6481
"224656",-2.6689
"224661",-1.0852
"224671",-1.3171
"224674",-0.3999
"224691",0.7076
"224694",2.5837
"224697",-0.5686
"224703",-0.5937
"224705",-0.2649
"224727",-2.495
"224742",-1.9442
"224792",0.7079
"224794",1.704
"224796",-1.8145
"224805",-1.1465
"224807",0.1348
"224813",-1.3069
"224814",-0.9073
"224823",0.9842
"224824",-3.9374
"224826",-0.8099
"224829",-2.3362
"224833",-1.2585
"224836",0.0666
"224840",-0.1818
"224860",1.298
"224893",1.1611
"224897",-2.1853
"224902",-2.9728
"224903",-1.4674
"224904",0.5241
"224907",-3.6148
"224912",0.9397
"224938",2.4147
"224997",0.3404
"225004",-0.5156
"225010",2.6209
"225020",-1.1035
"225027",-0.0606
"225028",1.1533
"225030",-1.5376
"225049",0.2533
"225055",1.8926
"225115",0.7676
"225131",1.2865
"225160",2.4005
"225164",1.1237
"225182",0.5251
"225187",0.1683
"225207",1.4019
"225215",-0.2901
"225266",0.0383
"225280",1.3445
"225283",0.8627
"225288",-0.347
"225289",0.9541
"225326",0.2178
"225339",0.5273
"225341",-0.264
"225348",1.2411
"225358",-0.5697
"225362",-0.6814
"225363",3.6424
"225372",-0.3564
"225392",0.0873
"225432",1.3354
"225467",-1.0207
"225471",-0.91
"225518",0.1061
"225523",0.8735
"225579",-1.7293
"225583",1.2869
"225594",-1.1933
"225600",0.3204
"225608",0.5822
"225609",-0.4978
"225631",0.9673
"225638",-1.4564
"225642",0.7116
"225644",0.953
"225651",-0.7191
"225655",-0.6763
"225659",1.014
"225724",1.1521
"225742",-0.8771
"225743",-0.6281
"225745",0.722
"225791",0.1663
"225825",1.1119
"225845",-0.3285
"225849",-2.8991
"225861",0.2779
"225870",-0.4261
"225872",1.2699
"225875",-0.4621
"225876",0.1329
"225887",0.8765
"225888",-0.0654
"225895",-0.0061
"225896",-1.3934
"225898",0.8452
"225908",-2.8107
"225912",1.6119
"225913",-0.1882
"225929",0.8772
"225994",0.93
"225995",0.3455
"225997",0.3473
"225998",-0.8334
"226016",3.1421
"226025",1.0388
"226026",1.7483
"226040",0.7445
"226041",-0.2508
"226043",1.2399
"226049",-0.1415
"226075",1.1327
"226089",0.188
"226090",0.0062
"226098",4.9485
"226101",0.4702
"226115",0.0234
"226122",-0.1638
"226123",0.6445
"226139",-0.4049
"226144",0.6428
"226151",1.3348
"226153",-1.3759
"226154",-1.8673
"226162",-0.7918
"226169",0.3672
"226178",-2.3718
"226180",0.2903
"226182",1.9098
"226245",0.8268
"226250",-1.3035
"226251",-1.2386
"226252",-0.7023
"226255",0.1387
"226265",0.1149
"226278",1.1191
"226304",-0.164
"226351",-0.8524
"226352",1.2606
"226356",0.5299
"226359",-2.9358
"226407",-0.9709
"226409",-0.4087
"226412",-1.5193
"226413",0.5459
"226414",1.4792
"226418",0.5941
"226419",2.8198
"226421",0.4655
"226422",0.7039
"226432",-1.0259
"226438",-1.1361
"226442",3.0365
"226470",1.0172
"226499",0.9053
"226517",-1.4489
"226518",-3.0102
"226519",0.5726
"226525",3.1486
"226527",-1.9735
"226539",0.1073
"226541",0.1022
"226548",-0.731
"226551",0.2196
"226562",1.4894
"226591",1.4831
"226594",-1.3471
"226604",-0.4343
"226610",0.63
"226641",1.6849
"226646",-0.241
"226652",-0.9927
"226691",0.7367
"226744",-1.1859
"226747",0.4563
"226751",-0.0691
"226757",1.93
"226777",0.0084
"226778",-0.2204
"226781",0.8113
"226791",-0.5563
"226823",-1.2665
"226830",0.5884
"226841",0.7124
"226844",1.0757
"226849",-0.7702
"226856",0.4128
"226861",-0.6313
"226866",-0.6817
"226896",1.8379
"226922",0.343
"226970",0.5937
"226971",-0.7503
"226976",-2.4304
"226977",0.0437
"226982",-0.6871
"226999",0.9441
"227058",0.6612
"227059",0.1202
"227094",-1.1049
"227095",1.5711
"227099",-0.2731
"227102",0.1062
"227120",-0.5702
"227154",0.7854
"227157",-0.6258
"227195",-1.2154
"227197",1.6673
"227210",1.1297
"227231",1.0797
"227290",-2.5638
"227292",-0.5741
"227298",-1.5149
"227325",0.7362
"227326",0.2397
"227327",0.4741
"227331",-0.0627
"227333",-1.0122
"227334",-0.8475
"227357",-0.0997
"227358",0.7259
"227377",-0.2421
"227394",-1.2231
"227399",1.2716
"227446",1.3995
"227449",0.5735
"227485",-0.0978
"227522",1.5323
"227525",1.5003
"227526",-1.1644
"227541",0.7318
"227545",1.1554
"227580",1.7556
"227612",-0.7694
"227613",2.0209
"227615",0.5704
"227618",-1.1612
"227619",-1.5269
"227620",-0.1883
"227622",-1.0667
"227624",-2.4597
"227632",-1.41
"227634",-0.6366
"227638",0.2645
"227644",-0.5726
"227648",0.4458
"227656",-3.1163
"227659",-1.7857
"227671",-1.9307
"227674",-0.4896
"227682",-0.6563
"227683",-1.0476
"227693",-2.2702
"227695",-1.366
"227696",-1.1536
"227697",-0.2541
"227699",-1.8739
"227700",-2.1375
"227707",-1.5176
"227715",-0.5092
"227717",-0.64
"227720",-0.0291
"227721",-1.9831
"227723",-1.6548
"227731",-0.03
"227733",-0.789
"227736",-0.5762
"227737",-2.1201
"227738",-2.2107
"227743",-0.2678
"227746",-0.4532
"227753",-2.5373
"227800",0.2078
"227801",-0.3445
"227835",1.401
"227867",1.7304
"227929",0.8124
"227933",0.925
"227937",-2.0036
"227960",0.897
"228003",-0.2997
"228005",0.5523
"228012",1.2292
"228019",0.7779
"228025",0.2138
"228026",-1.2463
"228033",-0.1474
"228061",2.5012
"228071",0.5245
"228094",-0.0411
"228136",1.0841
"228139",-1.3447
"228140",-3.2835
"228151",-1.2695
"228355",-4.756
"228356",-0.1559
"228357",-3.9009
"228359",-0.1948
"228361",-1.9549
"228366",0.4425
"228368",0.2751
"228410",1.8534
"228413",0.3428
"228421",0.4065
"228432",0.0056
"228482",-0.0772
"228491",2.1004
"228536",-1.132
"228543",-1.1295
"228545",-2.0707
"228550",0.4468
"228564",-1.1039
"228576",-0.0266
"228598",-0.7734
"228602",-2.4759
"228607",0.7643
"228608",-3.3232
"228662",2.7441
"228677",0.3649
"228714",-0.6987
"228715",-0.7041
"228730",1.2038
"228756",0.6654
"228765",-0.4685
"228767",1.5371
"228769",1.1967
"228770",1.3087
"228775",0.3422
"228777",0.4418
"228778",-0.004
"228787",1.7555
"228788",-0.8858
"228790",0.8839
"228801",-0.4148
"228807",0.2456
"228812",1.3701
"228829",1.2101
"228836",-1.5927
"228839",-0.5612
"228846",-0.6972
"228850",1.1067
"228852",-3.847
"228858",-2.6311
"228859",-1.1118
"228866",-0.1708
"228869",-1.5059
"228875",-0.0034
"228876",-0.0373
"228880",-1.9083
"228889",-1.3552
"228911",-2.2012
"228913",-0.5139
"228942",-0.0602
"228960",-1.7042
"228961",0.185
"228966",0.8009
"228980",-0.5695
"228983",0.2091
"228993",-0.5299
"228994",0.6574
"228998",-0.1478
"229003",-0.5016
"229004",-1.7051
"229007",-3.6549
"229011",0.207
"229055",2.1864
"229096",2.8716
"229211",0.7155
"229214",-0.7648
"229227",1.3707
"229228",0.5626
"229277",0.7245
"229279",0.3345
"229285",-2.0724
"229317",1.9188
"229320",0.1676
"229323",-0.1641
"229357",1.1525
"229363",0.2503
"229445",0.7588
"229473",-0.5239
"229474",-0.9153
"229487",-1.1167
"229488",-0.5254
"229499",1.3139
"229503",-0.7232
"229504",0.1278
"229512",-2.3742
"229517",0.8495
"229521",-2.009
"229524",-0.3511
"229534",-0.8745
"229541",-0.3404
"229542",-0.1434
"229543",-2.2608
"229584",-1.2191
"229588",-0.3605
"229589",-0.3168
"229593",0.6731
"229595",0.1928
"229599",4.9028
"229600",1.668
"229603",-0.3043
"229613",0.2528
"229615",0.0121
"229644",-1.5844
"229658",-0.7377
"229663",1.0955
"229672",0.1798
"229675",2.4046
"229681",-0.19
"229687",1.7552
"229694",1.1156
"229697",0.1972
"229699",0.9439
"229700",-0.1732
"229706",-0.3944
"229707",1.0512
"229709",-1.1767
"229714",-0.0382
"229715",-2.2991
"229722",-1.5412
"229725",1.932
"229731",2.2526
"229759",2.0495
"229776",1.464
"229780",-0.0024
"229782",0.6946
"229791",1.8803
"229801",0.6868
"229841",-0.4358
"229862",-1.3945
"229877",0.2318
"229898",-0.3781
"229900",0.0143
"229905",0.9749
"229906",1.2941
"229937",-2.1171
"229949",-0.521
"230027",-0.0642
"230073",0.9629
"230075",0.063
"230082",-0.9682
"230085",-1.7075
"230088",-2.4344
"230098",-1.0089
"230099",-0.0632
"230101",-0.9471
"230103",-0.5675
"230119",0.122
"230125",-1.7704
"230126",0.0788
"230145",-0.5861
"230157",0.6712
"230161",0.3971
"230162",3.2867
"230163",0.6769
"230233",0.509
"230234",1.7617
"230235",1.645
"230249",-0.0155
"230257",1.5782
"230259",0.3544
"230279",-0.3145
"230316",0.7517
"230376",0.5681
"230379",0.9985
"230393",1.617
"230451",-1.767
"230459",0.0498
"230484",0.6531
"230500",0.0447
"230514",0.7107
"230576",0.7228
"230577",0.8891
"230582",0.6465
"230584",0.0891
"230587",1.5003
"230594",0.1384
"230596",1.9041
"230597",-0.0778
"230598",-1.0833
"230603",0.7642
"230648",0.5198
"230649",0.4598
"230654",0.6362
"230657",1.5378
"230661",1.8359
"230673",0.0189
"230674",-1.477
"230676",-1.1197
"230678",-0.0791
"230696",-0.8424
"230700",1.3978
"230709",1.8902
"230718",1.6831
"230721",-0.0209
"230734",2.0917
"230735",-1.5592
"230737",-0.2905
"230738",0.3888
"230751",1.6048
"230752",-0.3812
"230753",-1.3328
"230757",-1.681
"230761",-1.7004
"230766",0.9021
"230767",-0.9111
"230770",0.9307
"230775",-2.6676
"230777",1.3628
"230779",1.7192
"230784",-0.0757
"230787",-2.1609
"230789",1.5154
"230793",-0.9897
"230796",-2.9212
"230801",-0.4474
"230806",-2.1011
"230809",2.609
"230810",-2.2272
"230815",-2.5979
"230822",0.5365
"230824",0.9187
"230828",1.1075
"230837",-0.3042
"230848",-4.3186
"230857",-1.7401
"230861",-0.5614
"230863",-1.4217
"230866",0.0557
"230868",-0.2967
"230872",-4.0917
"230895",-0.5517
"230899",-0.4049
"230903",-0.8221
"230904",-3.969
"230908",-0.4988
"230909",0.1755
"230917",-0.8944
"230935",-0.7963
"230936",2.786
"230959",-0.9227
"230967",0.6606
"230971",-0.5841
"230972",-1.8452
"230979",-0.525
"230991",-0.7836
"230996",-2.239
"231002",-1.6554
"231003",-1.6751
"231004",0.1258
"231014",0.9678
"231042",1.1786
"231044",1.2898
"231045",-0.5491
"231050",-1.3465
"231051",-0.0574
"231070",1.1537
"231086",1.6506
"231093",1.3432
"231103",-1.053
"231123",0.683
"231125",-0.7689
"231128",-0.9737
"231130",-0.6421
"231134",0.1132
"231147",1.2923
"231148",-3.6968
"231151",0.4881
"231162",1.6805
"231207",0.8608
"231214",1.7181
"231225",0.4727
"231238",-1.643
"231279",-1.6259
"231287",1.5865
"231290",1.8374
"231293",-2.0118
"231326",-1.1858
"231327",1.5606
"231329",0.7625
"231380",-0.3458
"231386",-0.7472
"231413",2.8765
"231430",1.5575
"231440",-2.5104
"231452",0.7209
"231464",1.2643
"231470",2.0013
"231474",0.7929
"231503",-1.9649
"231506",2.7268
"231510",-0.4379
"231532",0.228
"231549",1.0712
"231571",2.1112
"231580",-0.519
"231583",0.7213
"231600",-0.0841
"231602",-1.0698
"231603",-1.6494
"231605",1.1328
"231630",-0.7241
"231633",-0.9906
"231637",-0.6753
"231642",-1.5302
"231646",-0.6593
"231655",1.5352
"231659",-2.1669
"231668",-0.3906
"231670",-1.8571
"231672",-1.8797
"231691",0.4411
"231712",-0.042
"231713",1.1046
"231717",-0.926
"231724",-1.2038
"231727",-0.636
"231736",-0.1463
"231760",-1.0876
"231769",-2.4872
"231798",0.4923
"231801",0.7905
"231803",-1.2695
"231805",-0.0624
"231807",-1.4193
"231821",-3.5997
"231830",2.4997
"231832",1.8485
"231834",-1.1036
"231841",-0.3475
"231842",-1.3314
"231855",-2.7957
"231858",-1.0366
"231861",-3.7555
"231863",-2.1371
"231866",0.1741
"231868",0.3007
"231871",0.4301
"231872",0.7641
"231874",1.9499
"231876",-1.9282
"231887",-1.9243
"231889",2.4532
"231912",-0.9637
"231915",1.8247
"231931",0.8256
"231946",0.4834
"231986",1.791
"231991",0.0145
"231997",-0.8249
"231999",1.5289
"232016",0.4466
"232023",-0.5181
"232035",1.3348
"232078",-0.1262
"232086",0.7396
"232087",1.378
"232089",1.0585
"232146",-0.0134
"232156",1.5184
"232157",1.4137
"232164",-1.93
"232174",0.646
"232187",-0.3077
"232196",-0.252
"232201",-0.9297
"232210",-0.0352
"232223",0.7311
"232227",0.2681
"232232",-2.0224
"232236",-0.3362
"232237",1.1478
"232286",2.2006
"232288",-0.5674
"232313",1.5068
"232314",2.4523
"232333",0.0462
"232334",-1.1982
"232337",0.3972
"232339",-0.2333
"232341",-1.0679
"232345",0.2773
"232370",-0.6447
"232371",-1.1891
"232400",-0.1092
"232406",0.1516
"232408",0.1177
"232413",-0.297
"232414",-1.302
"232430",-1.4476
"232431",0.929
"232440",-2.5993
"232441",0.251
"232449",0.6311
"232491",1.9825
"232493",1.3509
"232533",2.0269
"232536",0.6343
"232539",-0.0114
"232560",1.3479
"232566",-0.4728
"232599",0.1101
"232664",-2.6734
"232670",-2.4785
"232679",1.1697
"232680",0.4841
"232685",1.9108
"232714",-0.1332
"232748",-1.0123
"232784",-1.6131
"232785",-0.9494
"232790",0.0856
"232791",-2.7983
"232798",-2.0549
"232801",0.8198
"232807",-3.9234
"232811",-1.377
"232813",-0.9234
"232816",-0.5756
"232821",-1.1077
"232853",1.0706
"232854",1.3559
"232855",-0.2314
"232875",-1.6982
"232878",1.0349
"232879",-1.4717
"232889",0.5584
"232906",-0.1107
"232910",-0.9169
"232933",-1.5615
"232934",-2.3264
"232943",-0.415
"232944",0.0182
"232946",-1.5654
"232947",-3.1811
"232966",-0.863
"232969",-2.8107
"232975",-1.2519
"232976",0.8844
"232984",0.9934
"232987",-0.8125
"232989",-0.0624
"233011",1.5529
"233016",-0.4468
"233020",-1.5798
"233033",-0.7212
"233038",-1.4991
"233040",-0.7379
"233045",-1.085
"233046",-0.8818
"233056",-8e-04
"233057",1.0694
"233058",1.4197
"233060",-0.5534
"233064",1.0855
"233065",0.8852
"233066",-1.3202
"233067",-1.1525
"233071",-4.5572
"233073",-0.3571
"233103",0.48
"233107",-0.6839
"233115",2.2562
"233147",-0.1542
"233168",1.8826
"233186",-0.1065
"233189",-1.0277
"233199",-1.4465
"233204",-2.5393
"233208",-3.8677
"233210",-2.8733
"233246",1.0752
"233271",4.8256
"233274",-0.2942
"233276",0.1046
"233280",-0.3812
"233315",1.5004
"233328",-1.3203
"233332",-1.1585
"233335",-2.5288
"233405",0.0098
"233406",-2.1697
"233410",0.4209
"233424",-0.1174
"233489",1.0142
"233490",-1.0515
"233529",0.2634
"233532",0.9504
"233545",0.4238
"233552",-2.7282
"233571",0.703
"233575",1.9484
"233649",2.1659
"233651",-1.3324
"233724",2.1383
"233726",0.957
"233733",-0.8683
"233744",-0.3496
"233752",-1.2226
"233765",-0.4169
"233781",-0.3963
"233789",-1.3764
"233802",-0.2605
"233805",2.1199
"233806",-1.0291
"233812",1.1794
"233813",-1.4504
"233824",-0.3066
"233826",2.1534
"233833",0.8047
"233836",-0.5437
"233863",-1.5598
"233865",0.3336
"233870",-1.4928
"233871",-2.1551
"233875",0.5814
"233876",-1.7916
"233877",-1.3754
"233878",-1.2988
"233879",-1.6223
"233887",-0.4689
"233890",-1.7016
"233893",-0.2957
"233895",0.0254
"233899",-0.6301
"233900",-1.1106
"233902",-3.7249
"233904",-0.5736
"233905",-1.0259
"233908",-0.3964
"233912",-0.8191
"233913",-0.3076
"233919",-0.6325
"233977",0.3563
"233979",0.2766
"233987",3.9948
"234023",-4.2248
"234069",-1.1681
"234072",-1.0155
"234076",-1.6774
"234086",0.8882
"234094",-2.2707
"234135",-0.1173
"234138",-0.7859
"234155",-0.3617
"234199",0.3925
"234214",1.3291
"234258",1.4928
"234267",2.4642
"234290",-1.3464
"234309",0.2409
"234311",0.3995
"234344",4.5775
"234356",-1.6331
"234358",2.1498
"234362",1.6146
"234365",-0.3517
"234366",0.3784
"234371",-1
"234373",-2.1292
"234374",-0.0768
"234378",-2.248
"234384",-0.4404
"234388",-3.364
"234395",-1.0536
"234396",1.5924
"234407",-0.2303
"234413",0.0964
"234463",1.5024
"234479",0.7871
"234515",1.0103
"234542",-0.3802
"234549",2.1954
"234577",0.1327
"234582",0.3037
"234593",-0.62
"234594",1.8926
"234595",-1.8804
"234624",0.6294
"234663",-0.6587
"234664",2.922
"234678",0.2305
"234683",0.4547
"234684",-0.3312
"234686",-0.8039
"234695",-1.5937
"234699",-1.7341
"234700",0.0904
"234723",0.7248
"234724",-1.1517
"234725",-1.566
"234728",1.2283
"234729",0.0211
"234730",-0.081
"234733",0.6002
"234734",0.6277
"234736",-0.4142
"234740",0.4791
"234776",0.2592
"234779",-1.0867
"234796",0.2691
"234797",-0.7419
"234814",-0.1932
"234825",0.3726
"234839",0.7582
"234847",-1.6495
"234852",-1.7698
"234854",-3.4642
"234857",-2.7607
"234865",1.2907
"234875",-0.2078
"234878",-0.0737
"234889",3.9545
"234912",0.2963
"234915",2.5203
"234959",1.2868
"234964",0.7972
"234967",0.1296
"234988",0.2255
"235028",-0.059
"235036",0.9126
"235040",-1.2216
"235041",-0.7447
"235043",0.0489
"235044",-0.7951
"235047",2.7861
"235048",0.9134
"235050",0.9564
"235072",2.1021
"235086",-1.3926
"235106",-0.2662
"235130",-0.028
"235132",-1.1198
"235134",0.2482
"235135",-1.7395
"235169",-0.285
"235180",0.0643
"235184",-0.9334
"235281",1.9717
"235283",0.2038
"235293",1.4953
"235300",-0.4252
"235302",-0.2689
"235312",0.6675
"235315",0.5573
"235320",-5.5111
"235323",0.6577
"235330",-0.7791
"235339",2.6413
"235344",-1.5212
"235345",0.7082
"235379",1.3002
"235380",1.1371
"235386",-0.5607
"235402",2.2858
"235406",0.5824
"235415",-2.2876
"235431",-2.0224
"235435",-0.4356
"235439",-0.3443
"235441",2.2893
"235442",-1.952
"235459",0.9673
"235461",1.5013
"235469",1.0294
"235472",-0.5915
"235493",-1.6644
"235497",-0.8328
"235504",0.491
"235505",0.9828
"235527",-1.0193
"235533",1.5884
"235534",-0.0899
"235542",-0.485
"235559",0.5438
"235567",0.7097
"235574",1.0589
"235582",0.0809
"235584",1.2727
"235587",1.0321
"235599",0.1831
"235604",-2.787
"235606",-0.2629
"235610",1.2509
"235611",-3.8378
"235623",-1.3049
"235626",2.1673
"235627",-0.8132
"235631",-0.4747
"235633",2.0322
"235636",-0.3135
"235661",0.1924
"235674",-0.6927
"235682",1.0151
"235907",2.3895
"235956",0.2992
"236069",-0.1801
"236082",-2.0379
"236193",-0.0625
"236266",0.4134
"236285",0.7629
"236366",0.5545
"236451",-0.3166
"236511",0.467
"236539",-3.6089
"236573",2.1742
"236576",2.1051
"236598",-2.8915
"236604",-0.6905
"236643",2.0629
"236690",-1.1141
"236727",2.0744
"236732",-1.3812
"236733",-0.8727
"236790",0.9873
"236792",1.1499
"236794",1.6057
"236848",-0.8082
"236899",-0.0098
"236900",1.4695
"236904",1.2722
"236915",2.6831
"236920",-0.2721
"236930",-1.4833
"237010",0.1779
"237038",-1.2553
"237052",0.8316
"237073",-0.3052
"237082",1.6534
"237091",-1.4633
"237107",-0.4958
"237175",0.7739
"237178",1.0443
"237211",-0.4936
"237213",2.0011
"237221",0.3508
"237222",0.7528
"237253",1.8372
"237300",-0.4715
"237313",0.2387
"237320",0.4881
"237336",0.2885
"237339",-1.427
"237353",0.1629
"237360",0.225
"237362",1.0152
"237387",-0.8387
"237397",-3.2082
"237400",0.8168
"237403",3.2978
"237411",2.3572
"237412",1.2809
"237422",0.2318
"237433",1.2017
"237436",0.1818
"237459",0.4822
"237465",0.0376
"237500",3.552
"237504",-1.5639
"237523",0.8254
"237542",1.1244
"237553",1.7149
"237558",-1.2409
"237560",1.0507
"237611",-1.5283
"237615",-1.437
"237625",0.3316
"237636",-1.5989
"237711",-1.8108
"237716",1.427
"237730",-1.3091
"237749",-0.2294
"237758",1.5499
"237759",-1.4795
"237761",-1.9882
"237775",-0.1343
"237781",-0.8744
"237782",1.8918
"237806",1.1343
"237823",-1.0425
"237831",0.865
"237847",-0.7146
"237858",0.3044
"237859",-2.3358
"237860",0.038
"237868",-3.0011
"237877",1.6483
"237880",-0.3916
"237886",1.9271
"237891",-1.1457
"237898",0.8569
"237911",-1.0809
"237926",1.2902
"237928",1.7472
"237930",0.1867
"237940",-1.6311
"237943",-1.5276
"237979",-0.0657
"237987",-0.7443
"237988",-1.189
"238021",0.8341
"238023",-0.4013
"238024",0.4287
"238037",-1.2643
"238076",0.7753
"238123",4.3723
"238130",3.6622
"238161",-0.1629
"238205",0.4078
"238247",-0.4062
"238252",1.6875
"238257",1.1793
"238266",-0.295
"238271",0.0022
"238276",-4.8806
"238317",-0.1157
"238323",-1.4407
"238328",-0.5695
"238330",-0.4884
"238331",-0.7913
"238333",1.222
"238377",0.0655
"238384",-2.1015
"238386",0.8304
"238455",1.7182
"238505",0.6228
"238555",0.1336
"238564",1.0781
"238662",-0.3322
"238673",-0.3424
"238680",1.6686
"238690",0.0556
"238692",0.4539
"238693",1.3479
"238722",2.459
"238725",-1.2454
"238726",0.6592
"238799",1.2524
"238831",0.0225
"238871",-0.1675
"238880",-1.9301
"238896",1.39
"238988",3.2848
"239017",-1.5927
"239027",-2.1061
"239037",-0.3916
"239096",-2.4003
"239099",1.0271
"239102",1.0706
"239114",-0.4028
"239122",0.2501
"239126",-0.761
"239133",-0.4164
"239157",1.09
"239167",0.8446
"239170",-3.4843
"239188",0.1369
"239217",1.7306
"239250",0.9342
"239273",0.7762
"239283",1.457
"239318",2.2561
"239319",2.8005
"239336",-1.1154
"239337",0.1198
"239364",0.3927
"239368",-2.7579
"239393",2.4896
"239405",-0.5351
"239408",1.9185
"239410",-0.3612
"239420",0.9876
"239435",0.4583
"239447",-1.526
"239510",2.2174
"239528",1.5734
"239530",-0.9456
"239546",-0.668
"239552",-0.2489
"239554",1.4539
"239555",-0.0369
"239556",-4.8492
"239559",-1.2299
"239570",0.0025
"239591",0.4816
"239606",2.0684
"239618",0.0678
"239647",-1.4528
"239650",-1.9476
"239652",-0.3475
"239667",0.2109
"239673",1.7274
"239691",0.6719
"239706",1.4859
"239719",-0.7704
"239731",-0.902
"239743",-1.5251
"239759",0.6909
"239766",1.2538
"239789",0.5433
"239796",-2.0836
"239827",-0.6664
"239833",-0.1221
"239839",-1.2187
"239845",0.87
"239852",-0.9321
"239857",3.641
"239985",-0.5922
"240023",0.1674
"240025",-1.9022
"240028",3.455
"240034",-1.0978
"240038",1.0238
"240041",2.3191
"240047",-0.7523
"240054",-0.7943
"240055",-1.6786
"240057",-1.731
"240058",0.0044
"240063",-0.7382
"240064",1.4284
"240066",1.1229
"240067",0.0297
"240068",0.1274
"240069",0.6644
"240084",-2.0697
"240087",-1.3059
"240095",-0.6274
"240119",1.4211
"240120",1.0245
"240121",-1.6999
"240168",-0.2793
"240174",1.4884
"240185",0.5886
"240186",-0.5716
"240215",-0.4928
"240216",-2.425
"240239",-1.7889
"240255",0.8001
"240261",0.7091
"240263",0.7015
"240283",1.7664
"240322",0.5045
"240327",0.637
"240332",-1.2522
"240334",-1.2914
"240354",-0.2812
"240396",1.8808
"240411",-2.0883
"240427",-2.4443
"240442",-0.9698
"240444",1.4627
"240476",-0.5299
"240479",-2.1869
"240505",-2.6306
"240514",-3.0791
"240518",-2.6076
"240549",2.9323
"240590",1.2702
"240595",0.9803
"240613",1.3309
"240614",1.4889
"240638",2.1229
"240641",-0.1391
"240660",0.8665
"240665",1.6655
"240667",1.3295
"240672",4.6643
"240690",2.1925
"240697",0.9208
"240725",0.9004
"240726",1.3884
"240752",-0.0736
"240753",-1.1727
"240756",-0.4587
"240776",0.2873
"240816",-0.9696
"240817",-1.7283
"240819",0.0062
"240832",2.5641
"240843",-1.8935
"240869",0.4612
"240879",-0.7864
"240880",2.191
"240888",-0.299
"240899",-1.2016
"240913",-1.7505
"240916",-0.8931
"240960",0.4492
"241041",0.8819
"241062",1.1803
"241066",1.8778
"241070",-0.8507
"241075",0.7351
"241112",0.0083
"241113",-0.3916
"241116",0.2125
"241118",-2.3432
"241128",0.8393
"241134",2.239
"241158",-0.4585
"241159",-1.2039
"241175",3.5917
"241197",0.8444
"241201",1.7837
"241226",0.9538
"241230",3.1675
"241263",0.2492
"241274",-3.2084
"241289",-0.2281
"241296",-1.1503
"241303",0.7281
"241308",0.1169
"241311",0.1612
"241322",2.2726
"241324",-0.4348
"241327",-0.8306
"241391",0.3875
"241447",2.6836
"241489",-2.5953
"241490",-2.6258
"241494",1.6254
"241514",3.4639
"241520",1.6274
"241525",-3.488
"241528",2.3977
"241547",0.2055
"241556",-2.21
"241568",0.882
"241576",-0.3086
"241589",-1.6698
"241593",0.64
"241612",0.1367
"241624",0.2063
"241627",-0.6181
"241636",0.6814
"241638",-5.7974
"241639",0.5208
"241656",-0.3133
"241688",0.0446
"241694",-0.5729
"241727",-2.306
"241732",0.338
"241764",-1.0048
"241770",-4.8192
"241794",-0.8258
"241846",-1.9871
"241850",0.0796
"241877",0.7233
"241915",0.9404
"241919",1.2432
"241944",1.4192
"241950",-0.4712
"241989",0.4963
"242022",-0.2524
"242037",-0.7665
"242050",0.9493
"242083",0.9299
"242109",-0.0903
"242126",0.8839
"242202",0.0441
"242235",0.6779
"242248",1.6384
"242253",1.3845
"242259",-3.7251
"242274",1.5424
"242291",1.9321
"242297",-0.6106
"242316",1.2241
"242362",3.679
"242377",1.1948
"242384",2.9683
"242406",-1.42
"242408",1.1789
"242409",-0.8342
"242418",1.1544
"242425",-1.6146
"242443",0.387
"242466",-1.3726
"242474",-0.4785
"242484",0.3889
"242505",0.5718
"242506",2.8894
"242509",0.4893
"242521",0.2554
"242523",-0.531
"242546",-0.0042
"242553",-0.7578
"242557",0.6884
"242570",1.7329
"242584",0.4229
"242585",0.4101
"242594",-0.2666
"242602",-0.0685
"242608",-0.8147
"242620",1.0825
"242642",2.7611
"242646",-0.2203
"242653",0.3481
"242662",-3.0548
"242667",-3.329
"242669",-1.0132
"242681",1.4152
"242687",-1.1687
"242691",-0.601
"242700",0.5938
"242702",2.0776
"242721",-0.9829
"242726",1.446
"242735",1.5105
"242736",-0.9364
"242747",0.057
"242748",-1.7369
"242773",-1.046
"242785",0.9463
"242800",0.7756
"242805",-1.299
"242819",1.2503
"242838",1.2115
"242860",0.7061
"242864",-0.6457
"242891",0.8523
"242894",0.4836
"242915",2.2403
"242939",0.9147
"242960",1.5444
"243025",-0.1029
"243043",1.568
"243078",2.0147
"243197",-0.7558
"243219",0.3011
"243270",0.9599
"243272",0.0357
"243274",-0.1391
"243277",-0.1252
"243300",-3.2132
"243308",0.3035
"243312",0.1043
"243328",-0.1957
"243339",-0.5456
"243362",-1.1517
"243369",-1.7524
"243371",-1.8089
"243372",-1.3508
"243373",-2.3717
"243374",-0.1556
"243382",-0.6067
"243385",0.6398
"243407",1.1222
"243499",1.8349
"243510",0.4985
"243529",-1.648
"243538",-0.617
"243547",-0.5871
"243548",2.8803
"243574",0.8913
"243612",0.7646
"243616",1.0803
"243621",-0.5161
"243634",0.9142
"243653",-1.1477
"243659",1.0404
"243725",-0.1088
"243743",0.0531
"243753",1.2291
"243755",-0.1156
"243764",1.0769
"243771",-0.3857
"243780",-1.7038
"243813",-0.8994
"243819",-3.374
"243833",-0.3945
"243834",0.5389
"243842",-3.0087
"243846",-3.1677
"243853",0.5734
"243864",-1.1805
"243866",-0.8747
"243867",0.8341
"243897",-0.7746
"243900",-0.8666
"243905",1.0031
"243906",0.3288
"243910",-1.3053
"243911",-0.067
"243912",1.8008
"243914",-1.8675
"243923",1.4219
"243931",-1.9619
"243937",-0.9456
"243961",-2.0252
"243963",-0.2032
"243967",-2.9324
"243983",2.5845
"243996",0.1574
"244049",-1.5933
"244058",-0.9231
"244059",-2.1577
"244071",0.6256
"244091",0.2859
"244141",1.7277
"244144",0.0092
"244152",-0.5953
"244198",1.3969
"244202",0.7894
"244209",-1.4114
"244216",-2.3808
"244219",-1.2054
"244233",2.581
"244234",1.4991
"244237",-0.8565
"244238",0.0185
"244281",0.0154
"244310",0.9039
"244329",1.3744
"244349",1.8894
"244373",0.5928
"244416",0.8142
"244418",-1.8611
"244421",-2.797
"244431",-0.0701
"244484",1.7181
"244548",-0.1611
"244551",0.7855
"244556",-2.251
"244562",-0.1724
"244579",0.9539
"244585",-0.9274
"244608",-0.386
"244631",-0.5236
"244646",-0.7382
"244650",-0.8501
"244653",0.6774
"244654",-1.585
"244666",0.577
"244667",-0.0856
"244668",-2.9591
"244672",-0.5993
"244682",0.1426
"244694",0.3649
"244713",0.1259
"244721",-0.3793
"244723",-1.9479
"244745",-1.9453
"244757",2.1689
"244810",0.7384
"244813",-0.1015
"244853",0.8885
"244864",0.6141
"244867",1.2688
"244871",-0.556
"244879",3.0969
"244882",1.5974
"244885",-0.4956
"244886",-0.6256
"244891",1.6391
"244895",1.8885
"244911",-0.0716
"244923",0.7521
"244954",1.2309
"244958",0.2575
"244962",-0.4867
"245000",1.5216
"245007",-1.2098
"245020",1.0523
"245026",-0.6398
"245038",-2.5849
"245049",-0.9531
"245050",-1.4043
"245126",-0.7191
"245174",-1.1822
"245269",0.6821
"245297",0.8745
"245305",1.2642
"245350",0.1251
"245368",0.7364
"245386",1.7295
"245403",0.8377
"245404",1.6354
"245424",-0.0266
"245440",0.049
"245446",4.4473
"245450",2.0586
"245468",-1.1955
"245469",-4.9892
"245474",0.8639
"245522",0.5031
"245525",-1.8026
"245526",0.6376
"245527",1.2808
"245532",-0.5493
"245537",-0.9314
"245555",2.3914
"245578",1.6099
"245595",1.4629
"245596",2.7552
"245607",-0.4916
"245622",0.7972
"245631",-0.7675
"245638",2.6334
"245643",-1.9388
"245650",-0.5387
"245666",-1.1306
"245670",0.5183
"245671",1.4475
"245683",-1.4581
"245684",3.1793
"245688",1.7619
"245695",-0.6668
"245827",0.4275
"245828",1.8466
"245841",0.4518
"245847",-1.1542
"245857",-1.1269
"245860",-2.392
"245865",-0.1718
"245866",0.4498
"245867",0.284
"245877",-4.1457
"245880",-0.3956
"245884",0.9425
"245886",-1.0066
"245902",-0.2887
"245944",0.6078
"245945",1.2307
"246048",0.7455
"246049",0.4747
"246081",0.6284
"246086",1.5039
"246102",-0.2799
"246103",0.6981
"246104",1.3222
"246133",1.3359
"246154",0.2353
"246177",1.8232
"246179",-0.5433
"246190",0.3243
"246196",2.8586
"246198",-5.2357
"246221",-1.4745
"246228",-0.2096
"246229",1.5684
"246256",-0.153
"246257",0.535
"246277",-1.4087
"246293",-1.565
"246313",1.6903
"246316",-0.8613
"246317",2.0896
"246691",-0.3671
"246694",-0.5099
"246696",-0.5824
"246703",-2.7556
"246707",-1.4733
"246709",0.7307
"246710",-2.0763
"246728",0.7832
"246730",-0.6217
"246738",-0.2663
"246746",-1.053
"246782",0.0717
"246788",-0.7934
"252837",0.8566
"252838",0.5155
"252864",0.9185
"252870",0.5694
"252875",1.3962
"252876",-1.5573
"252903",0.6362
"252966",0.4516
"252967",-0.0118
"252972",-0.1299
"252973",1.6904
"257632",0.7153
"257633",-0.8499
"257635",-1.0433
"257882",-0.9807
"257947",-1.8188
"258055",0.3422
"258064",-0.3129
"258352",0.1638
"258380",1.9716
"258405",0.1901
"258513",0.0055
"258571",-1.0982
"258783",-0.0922
"258837",-0.2917
"258938",0.7945
"258963",0.573
"259097",0.8623
"259108",0.1824
"259114",-1.6264
"259116",-0.2069
"259172",0.7053
"259277",4.8142
"259279",0.6496
"259300",-1.1897
"259302",-0.3844
"260297",-2.8129
"260299",-4.0809
"260301",2.5217
"260302",-1.6332
"260305",-0.8645
"260315",2.5452
"260408",-0.684
"260409",0.6364
"260423",0.6339
"263406",-1.2681
"263764",-1.8989
"263803",1.1017
"263876",-1.1105
"264064",1.4367
"264134",-0.1774
"264895",-1.4297
"266614",-0.3637
"266632",0.3952
"266690",-0.4129
"266692",0.3302
"266781",0.4555
"267019",0.0899
"268281",1.3355
"268288",1.4672
"268291",0.7348
"268294",0.6221
"268297",-0.1283
"268301",1.3648
"268319",-0.639
"268345",-0.76
"268354",0.8516
"268373",0.4354
"268379",-1.6527
"268390",-2.8448
"268391",-0.9391
"268395",0.1193
"268396",-0.304
"268417",-1.3566
"268420",1.0122
"268445",-2.7757
"268448",0.4715
"268449",-0.0092
"268451",-2.6035
"268465",-1.9031
"268469",0.8473
"268470",-0.9986
"268480",-1.6591
"268481",1.6686
"268482",2.1009
"268490",2.366
"268491",-0.7774
"268510",-3.5433
"268512",0.243
"268515",-1.2312
"268527",0.7555
"268534",-0.1286
"268564",1.9659
"268566",1.2479
"268567",-0.3704
"268595",-1.2555
"268656",-1.1018
"268663",1.3842
"268670",1.3866
"268697",0.4845
"268706",-1.6266
"268709",0.5677
"268721",-1.6335
"268729",-1.3224
"268739",-2.0296
"268741",0.3533
"268747",-2.4016
"268749",-1.2034
"268752",2.2611
"268755",-1.2378
"268759",-1.4967
"268780",-0.7249
"268783",1.2136
"268807",0.2938
"268816",-0.2278
"268822",-0.0782
"268857",-0.2109
"268859",0.4766
"268860",0.5293
"268878",-0.2919
"268880",-0.0513
"268882",1.715
"268890",0.9617
"268902",0.762
"268903",0.365
"268930",-0.115
"268932",-3.3109
"268933",-1.5846
"268934",-2.1198
"268935",0.5909
"268936",-1.7304
"268958",1.0636
"268970",-0.495
"268973",0.0136
"268977",0.2783
"268980",1.9963
"268996",3e-04
"269003",-0.6524
"269016",-0.755
"269019",0.5301
"269023",0.4182
"269033",0.8726
"269037",-1.8137
"269053",1.9802
"269060",0.051
"269061",-0.0262
"269109",0.1619
"269113",0.2493
"269116",-1.0796
"269120",0.456
"269132",1.1758
"269152",-0.5788
"269180",-2.1714
"269181",1.1037
"269198",0.4906
"269209",-0.8708
"269224",0.9422
"269233",-0.355
"269252",0.0433
"269254",1.7489
"269261",2.3913
"269275",4.6507
"269295",0.4121
"269328",-0.0085
"269336",-0.0031
"269338",-0.5704
"269344",-0.712
"269346",2.0088
"269356",-0.7418
"269378",1.759
"269389",-1.5604
"269397",0.637
"269400",-0.8027
"269401",-0.9536
"269423",2.1252
"269424",0.2178
"269437",-0.4853
"269470",-1.0192
"269473",0.0069
"269513",1.9581
"269514",1.0692
"269523",-0.7145
"269529",-0.5124
"269536",2.4843
"269582",0.2938
"269585",0.1932
"269587",-0.3473
"269589",-1.0144
"269593",0.5728
"269604",0.5093
"269608",-2.2204
"269610",-3.3277
"269614",-1.332
"269615",-0.689
"269623",1.9425
"269629",2.9092
"269630",-1.8667
"269633",-1.3384
"269637",-0.2898
"269639",-2.1651
"269642",-2.0996
"269643",-1.5894
"269682",0.7637
"269683",-0.4827
"269693",-0.9073
"269695",-1.136
"269700",-1.9426
"269701",-0.8756
"269702",1.6196
"269704",-0.0156
"269713",-3.2946
"269717",0.6768
"269774",0.2412
"269784",-0.6317
"269788",-1.7514
"269799",-0.3905
"269800",-0.8212
"269823",1.3203
"269831",-1.1016
"269854",-1.4386
"269855",-0.3483
"269870",-0.6043
"269878",-3.9541
"269881",-3.5534
"269902",-0.8743
"269941",1.1198
"269951",-0.7897
"269952",1.7944
"269954",-1.0952
"269955",-0.0161
"269959",0.2388
"269966",1.0926
"269994",-1.8644
"269997",0.8814
"269999",0.5518
"270028",1.0945
"270035",-1.7321
"270049",-2.1347
"270058",-1.8537
"270066",1.377
"270076",-1.4199
"270084",0.8623
"270086",-0.2395
"270091",-1.196
"270096",-2.026
"270097",1.383
"270106",-0.7313
"270109",-1.4462
"270110",-2.6788
"270118",0.1683
"270120",1.4287
"270150",-0.1828
"270151",-1.771
"270156",0.4429
"270160",0.0036
"270162",1.3941
"270163",0.787
"270166",-0.1207
"270190",-1.1827
"270198",-0.6983
"270201",0.2496
"270210",-2.3235
"270624",-0.4785
"270627",0.8188
"270669",1.8823
"270672",1.5705
"270685",1.5621
"270757",1.8557
"270802",0.0344
"270893",-0.5052
"270906",-0.3698
"271005",-0.3973
"271127",-1.2818
"271144",-1.5053
"271221",0.1076
"271278",0.9714
"271305",-1.0105
"271377",1.7614
"271424",1.1209
"271457",3.2421
"271508",0.3559
"271564",-0.4314
"271639",1.0974
"271697",-1.4951
"271711",1.0849
"271786",-0.5218
"271813",1.8047
"271842",0.6977
"271849",0.3202
"271970",0.8015
"271981",-0.7562
"272009",1.5267
"272027",1.5643
"272031",0.8061
"272158",-1.4095
"272322",-0.1586
"272347",-0.1927
"272359",-1.4304
"272381",-1.3906
"272396",0.7501
"272411",-0.2223
"272428",-0.1453
"272465",-0.1986
"272538",0.6609
"272551",-0.0835
"272589",-1.1724
"272636",-0.0702
"272667",0.6226
"272790",-0.3171
"276770",0.7736
"276829",0.0547
"276846",1.3144
"276852",1.5889
"276905",0.281
"276919",-0.7083
"276920",0.926
"276950",1.0658
"276952",-3.4657
"277010",0.6891
"277154",0.0202
"277203",0.4325
"277250",-1.4725
"277328",-1.0976
"277333",-0.3987
"277353",1.1197
"277360",-0.1744
"277396",1.8023
"277414",-1.6298
"277432",-2.094
"277463",-1.5984
"277468",0.5958
"277692",-0.4811
"277743",-0.4386
"277744",1.4921
"277773",-1.6056
"277854",-0.9279
"277898",2.6597
"277939",-1.2626
"277973",0.7361
"277978",1.2656
"278097",0.096
"278240",0.5012
"278279",1.0975
"278304",-0.3905
"278507",1.148
"278672",0.4853
"278725",0.5809
"278795",1.5146
"279028",2.1444
"279029",-0.3888
"279561",0.5989
"279572",-0.887
"279610",-0.5202
"279618",0.1286
"279653",-0.5581
"279706",2.5456
"279766",0.0703
"280408",2.3184
"280411",0.5429
"280621",-0.689
"280635",-1.2254
"280645",1.8225
"280662",-1.3807
"280667",-2.4271
"280668",-0.5361
"282619",-1.6392
"282663",2.0101
"286940",-1.9619
"286942",0.3323
"317677",1.5251
"317717",-0.1574
"317750",0.7043
"317755",2.0563
"317757",-0.3134
"317758",-0.9352
"319149",2.2549
"319151",0.7666
"319153",-1.2054
"319154",-2.9071
"319155",1.2859
"319156",0.6974
"319158",-1.7235
"319160",-0.9579
"319161",-0.1385
"319162",-0.7455
"319164",1.0732
"319165",-0.801
"319166",-0.0761
"319167",1.228
"319169",2.4427
"319171",-0.6445
"319173",-1.7214
"319176",-1.053
"319179",-0.2382
"319181",0.2209
"319182",0.0137
"319183",0.5978
"319187",0.0633
"319190",-1.7482
"319192",1.0507
"319195",2.602
"319196",0.8176
"319197",0.0213
"319200",0.1604
"319207",0.0144
"319211",1.4194
"319215",-0.9256
"319216",1.1701
"319224",1.2752
"319229",-0.7487
"319236",0.4082
"319239",0.7598
"319245",0.8937
"319247",1.7762
"319251",-1.7094
"319259",-1.2951
"319262",0.207
"319263",0.6266
"319266",0.63
"319272",1.9152
"319277",0.8152
"319278",-2.6182
"319317",-3.5068
"319322",-2.0825
"319336",0.7218
"319352",-1.6645
"319370",-2.2166
"319371",2.2054
"319387",3.1545
"319403",-1.3768
"319405",-0.3119
"319415",0.7843
"319430",-0.4844
"319448",1.2051
"319454",-0.1228
"319455",1.575
"319463",-0.7436
"319466",-2.1749
"319467",-1.3795
"319468",-1.2481
"319469",-1.5717
"319472",-1.1774
"319475",-1.347
"319476",-1.0246
"319477",-1.7278
"319478",0.4705
"319480",-0.0337
"319481",-1.024
"319482",0.7311
"319486",0.952
"319487",-0.2037
"319504",1.6757
"319506",-0.9407
"319508",-0.4074
"319513",-0.7878
"319518",0.7094
"319520",1.5983
"319530",-0.7391
"319533",1.2975
"319535",0.3554
"319545",-0.604
"319551",0.9868
"319552",1.3249
"319554",2.4777
"319555",-0.9643
"319556",-0.5515
"319560",0.6518
"319562",1.1324
"319564",1.8794
"319565",-0.7658
"319581",-0.3404
"319582",2.4445
"319583",-0.6417
"319586",-2.3189
"319587",-0.8028
"319594",-1.2735
"319601",-0.4797
"319604",-0.4262
"319613",-2.3872
"319615",2.4064
"319616",1.0162
"319618",1.2414
"319622",1.6749
"319625",2.2889
"319626",-0.25
"319634",-0.3053
"319636",0.7913
"319638",0.6266
"319642",-0.1071
"319646",0.4066
"319650",0.086
"319651",0.7206
"319653",-0.6795
"319655",-1.1276
"319660",0.0453
"319665",-1.5078
"319670",-0.5594
"319673",-0.2353
"319675",2.2069
"319684",-1.0739
"319701",1.352
"319702",-0.9294
"319710",-0.2167
"319711",1.3722
"319713",-0.4495
"319719",1.7138
"319720",-1.0451
"319722",-1.5489
"319727",0.8703
"319734",0.3266
"319740",-1.9304
"319742",-0.7873
"319743",-0.5089
"319748",-1.4085
"319750",-0.5268
"319752",2.3835
"319757",-0.1075
"319758",2.9037
"319760",1.6045
"319764",1.5234
"319765",-0.1232
"319767",0.9977
"319772",-0.9989
"319776",1.239
"319781",-0.1729
"319783",0.5596
"319786",-0.4325
"319798",1.1329
"319801",-1.6053
"319803",-1.0852
"319804",0.9469
"319807",-1.0299
"319817",0.649
"319818",0.0265
"319819",-0.3599
"319822",0.5812
"319830",1.9385
"319832",0.3221
"319845",-2.1875
"319849",0.1413
"319859",1.0695
"319865",0.5269
"319870",-0.664
"319876",0.3169
"319880",-1.2653
"319885",-0.3627
"319887",0.9931
"319888",-0.3638
"319893",0.6677
"319899",-0.4134
"319901",1.9868
"319903",0.9666
"319909",-0.1813
"319915",0.6027
"319922",-0.269
"319924",-2.7583
"319931",1.9562
"319934",0.7199
"319939",-2.6249
"319940",1.1639
"319942",0.4665
"319944",1.6708
"319945",-1.0041
"319951",0.1815
"319953",0.0875
"319954",-0.7801
"319955",0.3589
"319960",1.9693
"319965",-1.2349
"319974",-2.097
"319981",-0.6214
"319982",3.0527
"319983",1.38
"319984",-3.5381
"319991",-0.1517
"319996",1.6515
"319997",0.4138
"319998",-2.281
"320001",1.2595
"320007",0.7393
"320011",-1.0566
"320014",-0.1245
"320019",-0.617
"320020",2.4262
"320022",-0.3583
"320024",1.9838
"320026",-0.2682
"320027",0.9561
"320038",1.0681
"320046",-2.8979
"320051",1.0432
"320054",0.6156
"320064",0.1939
"320072",-0.9221
"320078",1.6019
"320080",0.8519
"320088",1.079
"320091",1.1776
"320092",-0.1432
"320095",-0.0194
"320099",-0.01
"320100",-1.4563
"320106",-0.1597
"320110",-2.4092
"320111",-2.3303
"320116",1.7437
"320118",-0.9228
"320119",-3.5241
"320127",1.4348
"320129",-1.7216
"320135",1.3924
"320139",-0.9671
"320145",1.4599
"320150",-0.1942
"320152",0.4566
"320155",0.529
"320158",-1.2269
"320159",-0.9393
"320162",0.3251
"320163",-0.761
"320165",0.1029
"320172",0.7388
"320174",-0.1313
"320181",1.3982
"320183",-0.6109
"320184",-0.0387
"320187",0.0518
"320191",1.4754
"320202",1.3349
"320203",1.695
"320204",-0.5008
"320207",-0.5
"320208",1.0054
"320209",0.1783
"320210",-1.5423
"320213",0.8903
"320214",-0.901
"320225",-0.7895
"320226",-1.853
"320229",0.6155
"320234",-0.8646
"320237",-0.2046
"320244",-1.4066
"320247",0.5871
"320253",0.9183
"320256",-2.1154
"320265",2.0625
"320267",-1.0085
"320268",-2.6055
"320271",1.5686
"320273",-0.744
"320277",1.323
"320292",-0.7075
"320295",1.3195
"320297",-0.7464
"320299",1.727
"320301",-2.7881
"320302",-0.2947
"320311",-1.6441
"320312",0.0729
"320315",0.5459
"320323",-0.2394
"320332",0.5583
"320333",1.066
"320343",2.2428
"320351",0.2935
"320354",-1.3171
"320355",-1.5451
"320360",0.3998
"320363",1.5602
"320365",0.3101
"320367",-0.8065
"320376",0.0817
"320390",-0.2859
"320394",0.0433
"320398",1.1957
"320400",-0.2811
"320404",-1.3605
"320405",-0.6636
"320429",-1.1799
"320435",0.3312
"320438",-0.5993
"320440",-0.2392
"320452",-0.143
"320453",0.3504
"320456",-0.3455
"320460",-1.0579
"320463",0.1108
"320466",-0.0577
"320469",1.0097
"320472",4.3298
"320473",0.5549
"320474",-1.397
"320478",-0.5471
"320482",0.4143
"320484",-1.1366
"320485",-1.0462
"320487",-2.2797
"320492",2.3826
"320495",-2.6124
"320500",-0.7267
"320506",3.2882
"320507",-0.0148
"320508",1.7019
"320522",-2.8614
"320528",-1.5488
"320534",-1.4818
"320538",1.2625
"320541",-0.2859
"320554",-0.7872
"320557",2.0333
"320558",0.4914
"320560",-0.3272
"320563",-1.23
"320566",0.8158
"320571",0.4597
"320581",-0.1013
"320586",0.6558
"320587",-1.2455
"320590",0.2507
"320593",2.1269
"320595",0.6021
"320604",-0.285
"320606",-0.3414
"320609",2.5372
"320614",-0.0243
"320615",0.5776
"320616",0.4373
"320624",0.378
"320632",-1.3921
"320633",1.9246
"320634",0.8516
"320635",-0.0017
"320642",0.5704
"320655",-1.1934
"320661",0.1844
"320662",-0.1821
"320664",-0.1252
"320678",-1.1908
"320679",0.8529
"320683",0.0126
"320685",0.2611
"320692",0.6943
"320696",-0.6849
"320700",-0.1693
"320701",-1.8884
"320705",0.1466
"320706",-0.3955
"320707",0.2844
"320709",0.1371
"320712",1.9349
"320713",0.9081
"320714",-0.7986
"320717",2.103
"320718",-0.8346
"320719",1.1113
"320720",0.4646
"320722",-1.0738
"320727",-1.8903
"320733",-1.4999
"320736",-1.2798
"320739",-0.8038
"320742",-0.5905
"320747",1.9349
"320749",0.217
"320751",-0.9507
"320752",-0.6675
"320770",0.4276
"320772",3.0909
"320775",-0.2543
"320782",-0.6754
"320784",0.741
"320790",-2.1037
"320795",-1.3463
"320798",-1.4959
"320799",-0.0071
"320802",-1.4442
"320805",-0.1085
"320806",-0.0256
"320808",0.255
"320816",-0.2447
"320817",-0.0929
"320825",0.3345
"320827",-2.7891
"320840",1.6262
"320842",-0.1266
"320844",0.4874
"320845",-1.508
"320846",0.8417
"320858",-0.1375
"320865",0.8133
"320869",1.4891
"320871",-0.8865
"320873",3.841
"320878",-0.7302
"320879",0.8648
"320896",-0.3935
"320910",-0.917
"320916",-0.5412
"320919",-0.0088
"320923",1.6353
"320924",1.9073
"320933",-0.5454
"320936",-0.1553
"320938",0.082
"320939",-0.2556
"320940",1.0883
"320949",1.246
"320950",-1.0034
"320951",-0.6627
"320961",0.1556
"320965",-0.3105
"320973",1.9459
"320974",0.7251
"320975",0.1202
"320977",-1.5949
"320981",1.2087
"320982",-0.5207
"321000",2.9805
"321003",0.4632
"321006",0.7092
"321007",-0.4705
"321008",-2.1146
"321014",-1.1793
"321017",-0.2372
"321019",-0.4046
"321022",0.4192
"326618",0.3921
"326619",-0.176
"326620",-1.4772
"326622",-2.8507
"327655",-2.5753
"327743",0.6001
"327744",0.8708
"327747",-0.508
"327749",-0.771
"327762",0.2155
"327766",0.2955
"327768",-0.1372
"327799",-1.1156
"327812",-0.4373
"327814",1.014
"327826",-0.5978
"327900",0.764
"327942",0.1484
"327951",-1.2592
"327954",-0.1084
"327958",-2.2918
"327959",-0.838
"327978",-0.6103
"327987",1.8187
"327992",1.1049
"328019",-1.5629
"328035",-0.0522
"328059",-2.1482
"328066",-0.2356
"328075",0.4023
"328092",0.4175
"328099",-0.6657
"328108",0.4248
"328110",-0.0151
"328133",-0.0132
"328162",0.3598
"328186",-1.7765
"328190",0.3435
"328232",-0.4041
"328234",-0.1114
"328235",2.134
"328258",-0.5957
"328263",0.1874
"328265",-0.5621
"328274",-0.0813
"328309",0.0894
"328314",0.9003
"328320",1.2698
"328324",-0.6354
"328329",0.6693
"328330",-1.8046
"328354",-0.1817
"328365",-0.6682
"328370",0.6233
"328381",-0.4982
"328417",1.6212
"328424",-0.6926
"328440",-0.2771
"328448",2.4596
"328451",0.6992
"328479",-3.0734
"328489",0.4445
"328561",-2.1306
"328572",1.7605
"328580",-1.8862
"328594",0.727
"328643",-1.321
"328734",0.042
"328778",-0.7552
"328779",-0.112
"328783",0.372
"328789",-0.4706
"328795",-2.1148
"328801",0.5684
"328833",-0.4069
"328906",1.8179
"328918",0.1978
"328949",-1.5498
"328957",1.0469
"328967",-1.1727
"328968",1.6526
"328971",2.505
"328977",-0.584
"329002",-0.5816
"329003",0.9471
"329015",-1.6336
"329056",-0.2272
"329064",1.79
"329065",1.1012
"329078",0.0333
"329093",-0.5845
"329152",0.6113
"329154",1.1345
"329160",-0.1797
"329165",1.3058
"329178",-0.5266
"329207",-0.2884
"329217",-1.0791
"329251",-0.6809
"329252",1.3277
"329260",1.2742
"329274",-1.4091
"329278",-0.0658
"329324",-0.228
"329358",1.5242
"329366",0.3949
"329369",-0.7606
"329375",-1.0391
"329384",0.4336
"329387",-1.5432
"329416",0.0886
"329421",1.2707
"329427",-0.1273
"329470",1.6579
"329482",-0.1604
"329483",-1.9518
"329496",0.8205
"329502",1.4126
"329504",-0.9245
"329506",0.8982
"329509",0.5219
"329513",-0.0839
"329514",0.9659
"329540",-0.0346
"329559",0.1257
"329562",-0.2898
"329575",1.5562
"329581",0.24
"329584",-0.371
"329626",1.3291
"329628",1.7874
"329641",-0.6816
"329650",-0.091
"329659",-0.4126
"329679",0.3863
"329702",0.6929
"329716",0.1634
"329727",-1.568
"329735",-1.5393
"329739",0.3838
"329763",-0.0833
"329777",2.2208
"329782",0.1839
"329790",1.0613
"329795",-0.0244
"329828",-0.818
"329831",-1.0322
"329872",1.1908
"329877",0.1393
"329892",0.2837
"329908",0.8435
"329910",-3.7346
"329934",-2.2023
"329941",-0.1802
"329942",0.2439
"329970",0.9937
"329972",-1.9072
"329977",1.4541
"330010",-1.5522
"330050",-1.4957
"330052",0.91
"330064",-0.8634
"330096",-0.9067
"330119",1.7418
"330133",-1.4097
"330143",0.0482
"330149",1.2709
"330164",-0.0858
"330166",-3.2717
"330171",-1.683
"330173",1.8671
"330177",-1.2726
"330188",-0.7231
"330189",0.1838
"330192",0.1554
"330216",0.6023
"330217",-0.4042
"330222",0.8971
"330230",0.294
"330256",-0.5827
"330260",0.0019
"330267",-0.2683
"330286",-0.4484
"330301",-1.7046
"330319",5.6812
"330323",-0.8081
"330324",-0.6876
"330354",0.2571
"330355",0.2039
"330361",-0.4847
"330369",-3.5582
"330385",-1.1749
"330390",0.1743
"330401",1.6402
"330406",-0.0873
"330409",0.6573
"330427",0.5521
"330440",2.1505
"330450",1.8327
"330460",0.5783
"330463",0.3151
"330474",-3.5297
"330483",-1.094
"330485",-3.4899
"330502",0.467
"330503",-0.4703
"330554",-1.2601
"330577",0.34
"330578",0.0191
"330599",0.1045
"330602",0.2879
"330627",-0.4451
"330657",-1.0057
"330660",0.8087
"330662",0.736
"330671",0.107
"330695",-0.7654
"330721",-0.543
"330723",-0.1469
"330734",-1.0584
"330788",-0.375
"330790",0.7998
"330796",0.8371
"330812",0.8672
"330814",-2.7952
"330817",2.3443
"330830",-0.5265
"330836",0.7749
"330863",-1.219
"330902",1.3031
"330908",0.774
"330914",-0.6394
"330921",0.1614
"330938",-1.2649
"330941",2.1067
"330953",-0.093
"330959",-0.6651
"330963",1.1495
"330998",-0.2756
"331004",-0.6979
"331026",-0.0269
"331046",-1.3623
"331188",0.4152
"331360",-0.4468
"331374",1.654
"331392",-1.8995
"331401",2.0568
"331424",-0.9734
"331461",-0.1746
"331474",-0.1806
"331480",0.58
"331487",1.5672
"331493",1.8455
"331524",-0.1767
"331529",-0.1255
"331532",-2.3525
"331537",-0.7358
"331547",0.4608
"331578",-0.4136
"331623",-0.2281
"332110",-0.592
"332131",-1.5297
"332175",1.6261
"332221",0.2678
"332309",-0.8797
"332359",-0.1286
"332396",-0.3002
"332397",1.1469
"332427",-1.9185
"332579",-0.0013
"332713",-0.0331
"332934",0.6807
"332937",1.2086
"332942",-1.0494
"333050",0.7384
"333088",-1.2895
"333182",1.135
"333193",-1.8066
"333315",0.4203
"333329",2.1603
"333433",0.1517
"333588",-0.0579
"333605",1.6686
"333639",1.9316
"333654",-0.9517
"333669",0.7086
"333670",-0.6065
"333789",-0.004
"333883",0.0805
"338320",0.8852
"338337",1.3226
"338346",0.3207
"338348",-1.4551
"338349",0.8499
"338350",-0.0693
"338351",2.2364
"338352",1.8755
"338354",0.6184
"338355",-0.6851
"338359",0.1817
"338360",1.9687
"338362",3.5142
"338363",0.4456
"338364",-0.5277
"338365",0.9423
"338366",0.2491
"338367",0.848
"338368",-0.2011
"338369",0.3938
"338370",0.7464
"338371",-1.959
"338372",-0.5142
"338403",0.9058
"338417",1.2704
"338438",-0.8936
"338467",-0.7553
"338521",0.0319
"338523",2.5296
"338535",-0.7291
"347708",0.4791
"347722",-1.1388
"352968",0.5376
"353025",-0.0654
"353047",-0.281
"353123",-0.5308
"353155",-0.0484
"353156",-2.0784
"353169",1.5563
"353170",-0.2715
"353172",0.5948
"353187",2.4719
"353188",0.7504
"353190",-0.4556
"353208",-1.5217
"353211",0.1694
"353234",0.5387
"353235",-0.2837
"353236",3.0101
"353237",1.504
"353242",-0.4334
"353258",0.0115
"353282",-0.3521
"353287",0.0912
"353310",1.2549
"353326",-2.9827
"353328",-3.8169
"353342",-2.1919
"353371",0.2471
"353499",-0.9799
"353502",-0.481
"353504",0.0269
"360013",-4.0298
"360213",-0.7161
"360216",-0.882
"368203",-2.1146
"373852",3.0993
"373864",-1.8089
"378425",-0.5838
"378430",0.1228
"378431",-0.9452
"378435",-0.4234
"378460",-1.0689
"378462",1.1656
"378466",0.2754
"378702",-1.1126
"378775",-0.8014
"378776",-0.841
"378937",-0.54
"378954",0.0812
"380601",3.5427
"380608",1.4845
"380614",0.4578
"380629",-0.0354
"380654",3.0217
"380660",1.8768
"380664",0.4605
"380669",1.2658
"380683",-0.5827
"380684",-1.9331
"380686",1.9166
"380694",-0.3944
"380698",-1.5044
"380702",2.8301
"380709",-0.0628
"380711",-3.2867
"380712",-0.1592
"380713",-0.6514
"380714",-0.9686
"380718",-1.0232
"380728",-0.4097
"380732",1.6264
"380752",-0.2457
"380753",-0.5837
"380755",-1.3463
"380768",-0.7798
"380773",-1.7754
"380785",-4.5675
"380787",1.3871
"380836",1.189
"380840",1.5558
"380842",-1.1893
"380850",0.3875
"380855",0.2709
"380912",-1.6018
"380916",1.3408
"380918",0.3072
"380921",1.0305
"380924",3.4904
"380928",2.0126
"380930",-0.7749
"380959",-0.6677
"380967",-1.465
"380969",0.5053
"380977",-0.6659
"380993",0.8829
"381002",-0.0735
"381022",-3.8043
"381033",1.1582
"381038",-0.2078
"381045",0.7517
"381059",-1.0923
"381062",-1.8697
"381066",3.4327
"381067",0.5705
"381072",-0.2527
"381073",-0.9
"381077",-1.1048
"381085",-1.0676
"381101",-0.1895
"381104",-0.4477
"381107",1.3033
"381110",0.9498
"381112",-0.208
"381113",-0.0215
"381126",2.7847
"381148",-1.1476
"381157",-1.2019
"381175",0.4367
"381196",1.466
"381199",-1.2503
"381201",-0.1719
"381217",0.2282
"381218",0.7572
"381229",-0.7551
"381232",-0.5054
"381236",1.4134
"381259",1.2117
"381260",-0.8804
"381269",-0.6024
"381270",0.9912
"381280",-3.4198
"381284",-1.1167
"381290",-1.3855
"381293",0.7762
"381305",-0.0771
"381306",1.4097
"381308",0.1498
"381310",0.5308
"381314",0.3428
"381318",1.0394
"381319",2.4213
"381334",-0.6008
"381337",0.1925
"381338",0.5525
"381339",0.1016
"381350",1.9102
"381353",-1.088
"381356",-0.8091
"381359",1.7843
"381373",-0.3023
"381379",1.7166
"381399",-0.3268
"381404",-0.5798
"381405",1.0399
"381406",1.4299
"381409",-0.2204
"381410",-0.2357
"381411",-0.7228
"381413",-0.1595
"381418",-0.2522
"381438",-0.434
"381476",1.3006
"381482",0.2903
"381483",0.7385
"381489",-0.9269
"381493",-0.501
"381510",0.2388
"381511",1.0647
"381522",-0.8257
"381524",-0.6562
"381534",0.5137
"381538",0.1899
"381544",0.569
"381546",0.4535
"381549",1.4025
"381560",-0.6456
"381582",-2.3913
"381591",-0.7279
"381598",0.8452
"381605",-1.5609
"381622",-1.4481
"381626",-1.1446
"381629",1.3123
"381633",-0.7595
"381634",-3.0644
"381644",2.2364
"381650",0.1174
"381651",-0.5957
"381668",-0.0023
"381677",0.5704
"381678",-0.7923
"381680",-0.4468
"381693",-0.7947
"381694",0.9766
"381695",-0.2662
"381716",0.8732
"381738",-1.0656
"381741",1.0617
"381760",0.908
"381785",-0.7515
"381792",1.0436
"381798",-0.2633
"381801",-0.4005
"381802",-0.4066
"381810",1.1275
"381812",1.5467
"381813",0.8308
"381820",1.5436
"381822",0.0285
"381823",-0.1434
"381827",0.5284
"381835",-2.8096
"381836",-0.9087
"381845",1.0223
"381853",-0.3685
"381884",1.7122
"381903",0.9256
"381914",-0.1768
"381917",-0.0348
"381921",-1.801
"381922",-2.1901
"381924",0.517
"381925",1.0388
"381933",1.2098
"381979",-1.8051
"381983",-3.3586
"381990",1.3103
"382010",0.0674
"382014",-0.984
"382018",-0.6698
"382019",0.2883
"382030",0.9055
"382034",-1.1298
"382038",0.2561
"382051",0.7654
"382056",-2.8878
"382062",-0.7716
"382064",0.6399
"382066",0.7196
"382073",0.2506
"382077",0.1974
"382083",-1.0142
"382089",0.3707
"382090",0.083
"382097",-0.935
"382111",-0.1343
"382114",-0.3249
"382117",-0.2356
"382118",1.4292
"382137",0.0032
"382207",1.7367
"382221",-1.4013
"382236",2.6001
"382245",1.1886
"382252",0.168
"382253",2.7977
"382384",1.0168
"382395",-0.076
"382406",0.7685
"382421",-1.545
"382423",-2.1292
"382427",2.0582
"382450",1.1406
"382543",0.9944
"382562",1.155
"382571",-2.6365
"382620",0.7355
"382639",-0.1944
"382686",0.0683
"382793",0.1712
"382864",-1.5441
"382867",0.6575
"382913",-0.891
"382985",1.6677
"383103",1.3987
"383295",-0.8523
"383348",1.9372
"383435",1.6418
"383563",0.3227
"383592",0.1959
"383619",0.7143
"383678",-0.6218
"383766",0.6491
"383787",-0.9387
"384009",-1.9423
"384059",-1.9072
"384061",-0.2398
"384071",-0.6218
"384185",0.4354
"384198",0.7488
"384214",-1.2908
"384281",0.5231
"384309",-2.3564
"384569",-2.7084
"384619",-1.0919
"384763",1.8099
"384783",-0.429
"385354",0.7584
"385377",-1.1614
"385658",0.7774
"385668",-0.6503
"385674",-0.3159
"386454",-1.53
"386463",0.1565
"386612",-0.4923
"386649",-0.2667
"386655",-0.8181
"386750",1.1017
"386753",0.1343
"387285",2.1885
"387314",2.1391
"387524",0.6238
"387609",-1.0289
"394432",-0.431
"396184",-1.1783
"399101",-1.3743
"399510",1.8533
"399548",-3.4381
"399558",3.8263
"399566",-1.2153
"399568",-1.5377
"399591",0.6474
"399599",0.6054
"399603",3.0347
"399609",-0.6272
"402727",0.5351
"402728",0.4407
"402730",-1.5518
"402757",0.6674
"402767",-1.7521
"403174",-0.2128
"403178",-1.1123
"403180",-0.4016
"403185",0.008
"403187",-0.3465
"403201",1.5477
"404545",1.1139
"404634",-0.232
"404710",-0.6623
"406217",-0.2271
"406218",-5.0569
"406219",-1.3268
"406220",0.1617
"407243",-1.8174
"407785",-2.2158
"407786",2.7903
"407788",0.9365
"407790",0.1897
"407800",0.3262
"407803",-1.0896
"407809",-0.9893
"407810",-1.474
"407812",-1.5703
"407814",1.3241
"407819",0.0844
"407821",1.049
"407823",-0.2718
"407831",0.006
"408022",1.8832
"408059",-0.0757
"408061",-1.5427
"408062",2e-04
"408064",0.3383
"408065",1.2058
"408066",1.6946
"408067",-0.6827
"408068",3.8415
"408191",-1.481
"408192",0.4851
"408254",2.0928
"414066",-1.5356
"414069",-0.3982
"414072",0.3465
"414076",-1.0236
"414077",1.4919
"414081",0.7845
"414085",-0.7065
"414089",0.605
"414091",0.2874
"414093",0.4797
"414094",0.0141
"414095",-0.1271
"414101",1.1954
"414106",0.1102
"414108",0.0705
"414111",0.7109
"414115",-1.0071
"414116",0.573
"414118",-0.1781
"414121",2.7855
"414123",0.5707
"414126",0.165
"414758",-1.3614
"414801",-0.5214
"414872",1.7642
"415115",0.2047
"425051",-0.8736
"431706",0.2641
"432396",-0.0501
"432442",1.2432
"432450",1.5147
"432466",-0.3656
"432467",-2.3522
"432478",-0.3698
"432486",0.9952
"432488",1.5651
"432500",1.4886
"432508",0.9889
"432516",-0.5975
"432530",-0.7988
"432555",0.9895
"432572",-1.4676
"432582",-0.2592
"432589",-1.3015
"432611",1.0581
"432615",0.4739
"432628",0.6049
"432636",0.6586
"432731",-0.4029
"432745",0.4112
"432754",-0.0175
"432763",-2.4029
"432769",1.772
"432770",1.4473
"432779",-0.8938
"432825",-0.3361
"432839",-0.6655
"432842",1.6532
"432855",-0.2315
"432870",-0.5487
"432879",1.2938
"432939",-1.1447
"432940",-1.0511
"432964",0.019
"432982",2.0062
"432995",-1.658
"432999",-0.7489
"433003",-1.059
"433004",0.2636
"433022",-2.0619
"433078",0.7104
"433091",0.4573
"433100",-0.668
"433111",-0.2472
"433182",1.9451
"433198",0.67
"433202",-1.0679
"433215",-0.5824
"433224",0.0152
"433256",1.1512
"433287",-0.0892
"433292",-0.2041
"433294",1.4569
"433323",-0.2579
"433365",-0.4229
"433367",0.5128
"433374",1.3937
"433375",0.9173
"433386",-0.1673
"433406",-1.3505
"433408",0.1987
"433415",0.6099
"433416",-0.8897
"433424",-1.9284
"433456",0.8438
"433466",-0.9847
"433470",1.037
"433481",0.801
"433485",3.5728
"433503",0.0403
"433520",-0.255
"433586",0.2684
"433638",-0.4542
"433667",1.5922
"433693",-0.1744
"433698",-0.7978
"433700",-1.6575
"433702",1.2215
"433752",0.4442
"433759",2.7304
"433766",1.4991
"433771",3.2998
"433791",-0.2836
"433801",0.7113
"433809",-1.4765
"433813",2.4917
"433855",0.8205
"433864",-1.0006
"433868",0.3381
"433873",-0.1271
"433904",1.8656
"433926",0.9181
"433931",0.6498
"433938",-0.709
"433940",0.3115
"433956",-1.0217
"433966",0.4558
"434008",-0.1473
"434064",-1.932
"434128",-3.3796
"434130",-0.3412
"434147",-1.3308
"434156",-0.8914
"434178",0.8375
"434179",1.2653
"434197",-0.8641
"434198",0.8618
"434204",-1.1637
"434215",1.3571
"434219",-0.7455
"434223",-0.9837
"434232",0.1397
"434233",2.0733
"434234",-1.5583
"434246",1.8126
"434249",1.2768
"434280",0.0394
"434325",0.1414
"434341",0.0325
"434350",0.4167
"434353",0.3412
"434377",0.0377
"434402",1.6952
"434436",1.7398
"434437",-0.6767
"434438",1.3392
"434484",-0.4742
"434689",-1.5529
"434756",0.9658
"434778",0.7605
"434784",-0.203
"434794",-1.4205
"434797",-1.1553
"435145",-1.0543
"435366",1.2188
"435376",-1.4086
"435391",0.0737
"435528",1.0408
"435529",-1.0676
"435626",1.5221
"435653",-1.3286
"435684",-1.9614
"435766",-2.279
"435811",0.8132
"435965",-2.5584
"436008",0.6819
"436015",-0.1042
"436022",0.6597
"436062",-0.5792
"436090",-0.9937
"436100",-0.0153
"436230",-1.4185
"436240",0.6272
"442801",1.2497
"442803",0.312
"442804",-0.5355
"442805",-0.8902
"442821",0.4592
"442825",0.8524
"442827",0.7184
"442838",-0.5219
"442846",-0.6889
"442848",0.4272
"445007",-1.1499
"445267",0.4566
"446101",1.8754
"448850",1.0739
"448987",-1.831
"449000",1.2639
"449521",-0.2631
"474156",1.1179
"474160",-1.4339
"474332",-1.2721
"493800",0.0706
"494448",-4.0253
"494468",3.9701
"494504",-1.4339
"497071",0.0627
"497097",2.5545
"497652",0.6673
"503610",-2.1687
"504186",1.995
"504193",1.2418
"541610",-0.9511
"544678",0.2105
"544696",0.9235
"544717",0.6108
"544736",0.5297
"544752",1.6331
"544763",-0.5786
"544767",0.195
"544791",0.514
"544817",-0.6642
"544848",0.8331
"544864",-0.0474
"544922",0.405
"544963",3.2526
"544971",0.8249
"545007",1.2662
"545030",0.9635
"545056",-0.081
"545085",-1.0066
"545086",0.3715
"545126",0.3012
"545136",0.1371
"545140",1.0043
"545156",-0.7387
"545182",-0.7346
"545192",1.1379
"545205",0.3485
"545207",0.5106
"545253",-2.4401
"545260",1.8821
"545276",-1.3637
"545291",0.3741
"545370",1.5713
"545389",1.726
"545391",-0.0412
"545428",0.9663
"545474",1.4073
"545481",-0.3343
"545486",1.1674
"545527",0.5853
"545539",0.9221
"545551",0.7147
"545554",-0.0518
"545557",0.3871
"545605",0.1266
"545611",-0.5161
"545622",1.502
"545667",-0.8732
"545681",-2.5182
"545700",-2.6755
"545725",-0.814
"545758",1.2561
"545809",0.0928
"545817",1.3707
"545824",-1.9517
"545893",1.635
"545902",0.0068
"545938",1.5209
"545963",-2.5748
"545975",1.5053
"546049",0.0802
"546058",-3.5022
"546071",-2.8313
"546100",0.0671
"546134",-0.7259
"546143",0.4926
"546144",1.1777
"546166",-0.6762
"546325",0.7471
"546336",-0.1619
"546524",-0.7531
"546611",-3.5126
"546648",-0.5993
"546886",-0.3117
"547109",-0.811
"547127",-1.4324
"547150",-0.0164
"547176",0.6297
"547253",0.5841
"552913",0.9468
"553095",1.8554
"553127",-1.0431
"554327",1.5848
"574402",-2.5185
"574403",1.2055
"574404",0.4161
"574405",-0.4512
"574418",1.6899
"574428",-0.4768
"574437",4.9167
"574438",-0.6744
"594844",-3.935
"595136",0.4421
"595139",1.0316
"606496",-1.0141
"606735",-0.8158
"613254",-1.3617
"613258",-0.7396
"613262",-0.1708
"613264",-1.0241
"619287",2.6752
"619289",-0.7658
"619292",0.5387
"619293",0.0972
"619295",0.1062
"619297",-0.7065
"619300",-0.04
"619301",1.15
"619308",0.5164
"619309",0.9044
"619310",1.6766
"619313",0.5808
"619321",0.9592
"619325",-0.326
"619327",-0.0138
"619331",-0.8441
"619371",-0.0827
"619441",0.1397
"619547",0.281
"619605",1.4204
"619665",0.6111
"619719",1.5408
"620016",-0.5935
"620079",1.5842
"620246",-1.4369
"620292",0.4509
"620419",1.9905
"620592",-1.2352
"620631",1.9814
"620678",0.3653
"620695",-1.881
"620760",-1.1963
"620779",0.8356
"620913",0.5229
"621080",1.8251
"621156",0.9076
"621239",0.0256
"621304",1.5478
"621427",0.1658
"621580",0.1003
"621603",0.9784
"621628",1.3906
"621823",0.8246
"621976",0.1761
"621998",-0.1675
"622129",0.2664
"622175",-0.5309
"622208",0.4018
"622282",-0.7243
"622320",-1.3848
"622402",-0.3418
"622404",-0.1789
"622408",0.2306
"622434",0.4762
"622459",-2.8833
"622480",1.1857
"622552",-0.1324
"622645",0.7961
"622665",0.7689
"622675",-0.0606
"622708",-0.1636
"623121",0.4666
"623131",1.2041
"623169",-0.8197
"623223",-0.6339
"623230",-1.2106
"623273",-1.1967
"623279",3.1291
"623474",0.6345
"623534",-0.1934
"623661",-0.2499
"623734",-2.2595
"623781",-0.9942
"624086",-2.1445
"624224",-1.0579
"624251",0.0102
"624341",-0.3884
"624549",-0.5193
"624582",2.1453
"624685",-0.0738
"624713",-0.025
"624784",-0.8538
"624866",-0.0418
"625018",-0.188
"625054",-0.0033
"625060",2.1871
"625068",-0.5597
"625098",-0.5948
"625121",-0.2025
"625123",-0.9696
"625131",-0.4959
"625167",1.7933
"625175",-0.401
"625222",-0.2184
"625237",-0.3367
"625249",-1.7385
"625253",-2.7898
"625286",-0.5992
"625328",1.9108
"625342",-0.2446
"625349",1.2134
"625360",0.5068
"625421",-1.7027
"625424",1.0094
"625464",-0.1516
"625540",-0.2795
"625591",0.0052
"625638",-0.5747
"625662",0.7565
"625850",2.3844
"626009",0.2561
"626058",0.1558
"626082",-3.0873
"626175",0.5805
"626215",1.1263
"626275",-0.6746
"626316",-1.0882
"626359",0.5737
"626391",1.5722
"626415",-0.7889
"626578",-1.1289
"626596",-0.1534
"626693",0.8784
"626802",-0.3447
"626832",2.0996
"626834",0.8173
"626848",1.7932
"626854",2.4555
"626858",-1.1242
"626870",0.5848
"626877",0.7134
"627049",2.3461
"627191",-1.217
"627214",0.6508
"627268",1.0301
"627302",1.1183
"627352",-1.8347
"627427",0.2361
"627626",0.4949
"627782",1.3025
"627828",-2.4996
"627872",0.8594
"627984",0.3643
"628004",-0.8925
"628110",-0.6318
"628133",-1.4348
"628147",-2.3862
"628308",0.8427
"628686",-0.3743
"628705",-1.0865
"628746",0.0957
"628779",0.19
"628850",0.6661
"628870",-0.2228
"629016",-1.625
"629024",0.7005
"629059",-0.1835
"629091",1.5756
"629133",-0.1197
"629147",0.9268
"629159",0.3039
"629242",0.3424
"629300",-0.124
"629378",-2.1716
"629499",-0.2078
"629557",-0.9077
"629595",-2.4034
"629750",-0.9819
"629777",-1.6373
"629945",0.1364
"630146",-0.7479
"630499",-0.4834
"630579",0.5988
"630836",0.0552
"631145",0.1079
"631323",0.2072
"631584",1.9061
"631624",0.7956
"631797",-0.3285
"631990",-2.2376
"632687",0.08
"632778",0.1056
"633285",0.1341
"633395",-1.3681
"633640",1.1542
"633947",0.841
"633979",0.7494
"634104",1.045
"634650",-0.1323
"634720",0.3707
"634731",0.161
"635169",0.2245
"635253",2.9159
"635668",-1.8614
"635702",0.7001
"636104",1.8325
"636741",0.3122
"636791",0.3797
"636808",-0.0342
"636931",-0.3543
"637079",-0.7008
"637277",-0.3156
"637515",1.0991
"637776",-0.1305
"638247",-1.2737
"638411",0.2646
"638695",0.8964
"639658",-1.5259
"640524",-1.0266
"640543",-0.7915
"641340",0.0984
"641376",-2.9179
"641387",0.4147
"641454",-0.2061
"652925",0.197
"653030",1.8087
"654309",-0.6778
"654318",0.9664
"654359",1.3506
"654409",-1.4787
"654424",-0.7649
"654432",0.3128
"654440",-1.4951
"654465",0.2941
"654467",-0.2917
"654469",-1.1338
"654470",-0.8371
"654472",-0.2246
"654788",0.6811
"654795",0.0937
"654796",-0.1746
"654798",-0.1216
"654801",-0.499
"654803",-0.6751
"654804",0.4229
"654805",0.4482
"654806",0.0637
"654812",1.5432
"654818",0.8545
"654820",-1.4293
"654821",0.2682
"664702",-0.3576
"664804",0.701
"664837",1.0135
"664849",0.5287
"664862",0.6177
"664883",0.9339
"664903",-1.1395
"664968",-2.303
"664994",-1.2941
"665001",-0.1178
"665004",0.1101
"665033",1.305
"665037",-0.2048
"665054",1.7583
"665055",-1.5653
"665095",0.242
"665113",1.7611
"665119",-3.3763
"665155",1.4931
"665180",-1.644
"665205",-0.6138
"665211",1.1618
"665268",0.7369
"665270",2.6938
"665306",-1.4994
"665433",2.6995
"665562",-0.1517
"665563",-0.0288
"665574",-0.445
"665577",-0.4343
"665578",0.8696
"665596",-0.5074
"665622",0.0211
"665635",-0.3025
"665700",-1.1559
"665726",-0.6875
"665775",-1.1926
"665828",1.1152
"665845",0.8781
"665858",1.8674
"665931",-2.3351
"665934",0.0014
"666040",-0.1255
"666048",-1.7356
"666060",-1.1391
"666105",1.1831
"666145",0.9867
"666173",-0.3245
"666182",-0.7686
"666190",-1.5388
"666244",-0.9014
"666257",-0.9113
"666266",-0.5828
"666279",1.5683
"666311",-1.3579
"666329",-3.7355
"666348",-0.4007
"666389",1.1257
"666427",-0.5625
"666468",1.0232
"666528",-0.2082
"666529",-0.2994
"666532",0.7031
"666584",1.9097
"666589",-0.3055
"666660",1.2052
"666680",-1.2376
"666704",-2.0974
"666731",-1.4676
"666737",0.9802
"666752",1.2067
"666794",0.5112
"666892",0.6124
"666899",0.9587
"666907",-0.7579
"666920",-2.4258
"666926",-0.0431
"666938",1.4477
"666945",0.0145
"667034",0.653
"667035",0.4316
"667118",2.4273
"667171",-1.2927
"667213",2.2336
"667214",2.549
"667250",1.9693
"667281",1.1406
"667370",0.3097
"667373",1.2754
"667410",1.4336
"667705",0.6507
"667742",0.5439
"667772",0.1817
"667803",-0.3757
"667823",1.2072
"667962",-2.1758
"668039",3.3066
"668139",1.8554
"668158",-2.5766
"668166",1.3461
"668171",0.6395
"668173",-2.5768
"668212",0.4968
"668215",3.412
"668218",0.3376
"668225",-1.704
"668253",-2.523
"668257",-1.2958
"668272",0.9784
"668303",-0.9213
"668310",-1.3018
"668415",1.2505
"668489",0.7264
"668501",-0.4591
"668525",-0.2532
"668548",-0.4125
"668592",-0.2884
"668661",1.2419
"668662",-0.1972
"668829",-0.3932
"668880",-0.2056
"668894",-1.1882
"668917",0.6804
"668923",0.7258
"668929",1.1387
"668940",-2.7332
"670507",0.5533
"671535",0.6207
"671650",-0.6027
"672098",0.1694
"672511",1.6328
"673094",-2.1043
"674277",-1.3312
"674895",2.4774
"675812",-0.2005
"675921",-0.0592
"676369",-0.4772
"677044",0.6813
"677289",0.8575
"677296",2.2314
"677884",0.9425
"692132",-1.7019
"751865",2.7262
"767815",-0.4979
"768252",1.0891
"768271",1.1041
"790910",0.8195
"790912",0.9583
"791282",0.1825
"791292",-1.8638
"791299",-0.4756
"791303",-1.7492
"791312",1.3984
"791318",-0.0333
"791338",-0.6033
"791347",0.64
"791370",0.9225
"791381",0.317
"791383",-0.1761
"791403",-0.5774
"791411",-0.1791
"791415",-0.783
"791417",0.5396
"791423",0.9533
"100009600",0.4877
"100033459",-0.5639
"100034251",2.0553
"100034361",-1.3764
"100034363",-0.0458
"100034675",-0.609
"100034726",-2.7926
"100034739",1.4005
"100034748",-0.8089
"100036521",0.6343
"100036523",-0.8621
"100036568",-0.3846
"100036569",-0.1256
"100036768",1.1358
"100037258",-0.9725
"100037260",-0.7186
"100037262",-0.9465
"100037278",0.7836
"100037282",-0.2599
"100037283",2.6885
"100037396",-0.8257
"100038347",-0.0882
"100038353",0.4572
"100038356",0.1594
"100038371",-1.0709
"100038374",2.4551
"100038378",-0.8202
"100038388",0.1692
"100038392",-1.1388
"100038410",-1.9004
"100038411",-0.5802
"100038433",0.7201
"100038453",-0.6955
"100038460",-2.1406
"100038464",-0.5692
"100038467",0.1292
"100038468",0.2692
"100038489",-0.5969
"100038492",-0.1602
"100038493",2.016
"100038497",-0.6923
"100038504",-1.8067
"100038514",0.9378
"100038516",0.5071
"100038526",-1.143
"100038532",-0.0503
"100038538",1.467
"100038554",-0.2947
"100038560",-1.0956
"100038566",-1.3452
"100038570",-0.4597
"100038575",-0.545
"100038577",-0.604
"100038591",-0.4583
"100038595",0.812
"100038599",0.1371
"100038600",0.2931
"100038614",-0.8031
"100038627",-1.6807
"100038628",-0.5282
"100038631",-1.761
"100038636",-0.8151
"100038638",0.6497
"100038689",0.4388
"100038699",-1.0614
"100038700",-1.5542
"100038712",0.3607
"100038713",0.7211
"100038725",1.7059
"100038732",-1.1245
"100038735",1.5643
"100038739",1.4689
"100038743",-1.5942
"100038746",0.0616
"100038755",-0.9452
"100038761",0.701
"100038847",0.6063
"100038859",-0.0287
"100038860",-0.4277
"100038882",1.9502
"100038949",0.2513
"100039027",1.0478
"100039043",-1.3291
"100039045",0.2063
"100039060",-3.5323
"100039062",-0.0313
"100039123",2.09
"100039138",1.0681
"100039139",0.2163
"100039184",1.6238
"100039210",-1.5694
"100039222",-1.0074
"100039239",2.2488
"100039284",1.7939
"100039332",-0.4958
"100039374",0.1117
"100039436",0.6011
"100039440",0.674
"100039441",0.0021
"100039446",0.738
"100039495",0.2996
"100039542",-0.4962
"100039596",0.8505
"100039636",2.1127
"100039674",-0.525
"100039684",0.253
"100039691",-0.0326
"100039707",-0.6148
"100039731",1.7422
"100039781",1.1088
"100039786",1.5004
"100039795",1.5563
"100039796",0.5486
"100039815",-1.216
"100039830",-1.216
"100039837",1.1574
"100039861",0.2552
"100039863",-5.4247
"100039864",-3.5469
"100039899",1.3615
"100039901",0.0945
"100039953",1.6214
"100039957",0.9848
"100039964",-1.4869
"100039968",1.8996
"100040035",0.224
"100040048",-0.9261
"100040293",-1.1699
"100040294",-0.3916
"100040298",-0.8502
"100040322",-1.0153
"100040339",-0.2418
"100040421",0.1886
"100040447",-0.112
"100040462",0.225
"100040500",-0.4179
"100040507",-1.1133
"100040525",-1.7797
"100040529",-0.7716
"100040531",-0.5089
"100040557",0.0806
"100040563",-0.3049
"100040591",2.0212
"100040599",-0.5365
"100040608",0.4378
"100040635",-0.1967
"100040671",-1.7409
"100040724",-1.698
"100040736",1.3448
"100040769",-0.7021
"100040792",1.1025
"100040807",-0.181
"100040822",0.0928
"100040846",0.894
"100040851",-1.3743
"100040852",1.0212
"100040870",-0.437
"100040926",-0.4689
"100040935",-0.181
"100040944",0.4819
"100040970",-1.3908
"100040972",-0.4675
"100040999",-2.1227
"100041012",-0.379
"100041034",0.5551
"100041085",-1.5304
"100041089",-0.3192
"100041151",-0.526
"100041194",-0.7354
"100041230",0.4752
"100041231",1.0404
"100041239",0.177
"100041241",-1.0523
"100041244",-0.1664
"100041262",-0.8835
"100041273",2.2557
"100041279",0.5731
"100041286",-0.1313
"100041289",-0.7965
"100041290",0.2209
"100041294",-0.5503
"100041306",0.7784
"100041311",0.3984
"100041339",-0.8041
"100041352",-0.4565
"100041420",-0.1727
"100041433",0.138
"100041480",-0.2049
"100041490",0.3102
"100041515",0.5932
"100041530",-0.7734
"100041574",0.804
"100041576",5.5415
"100041579",-0.8711
"100041581",0.9063
"100041585",1.8171
"100041586",-1.7826
"100041596",-1.371
"100041621",-1.3338
"100041639",0.3712
"100041677",1.7237
"100041678",1.7073
"100041694",0.612
"100041697",1.0991
"100041734",0.3068
"100041735",2.4546
"100041781",-0.6299
"100041805",0.2097
"100041874",0.5701
"100041879",-0.9263
"100041953",3.9809
"100041965",1.4559
"100041979",0.8378
"100042049",0.1243
"100042054",0.0907
"100042056",-1.0719
"100042074",0.6848
"100042100",0.1293
"100042132",-1.1304
"100042143",-0.4474
"100042149",-0.2907
"100042150",-1.088
"100042165",1.3369
"100042166",0.4849
"100042173",0.5609
"100042178",-0.1903
"100042194",-0.1392
"100042198",1.126
"100042235",1.454
"100042237",-3.6091
"100042277",-2.5896
"100042304",1.0594
"100042314",0.6768
"100042332",0.3335
"100042416",-1.5395
"100042450",-0.1659
"100042458",0.3827
"100042480",-1.966
"100042484",0.3362
"100042493",0.6994
"100042498",3.2962
"100042503",0.9816
"100042519",-1.7705
"100042533",0.7359
"100042555",0.5065
"100042584",0.5264
"100042678",-0.872
"100042679",0.8825
"100042757",-0.5429
"100042773",0.8395
"100042784",0.4734
"100042807",0.2754
"100042827",-0.9967
"100042856",0.4421
"100042875",-0.38
"100042880",-2.5072
"100042940",-1.3932
"100042945",0.0664
"100042948",-0.0761
"100042951",0.3814
"100042958",-1.3856
"100043040",-0.6407
"100043070",1.8438
"100043072",-3.1159
"100043074",-0.0938
"100043089",0.2018
"100043102",1.3264
"100043123",0.3427
"100043125",-0.7074
"100043133",0.6053
"100043143",1.6584
"100043189",-1.0399
"100043213",0.3241
"100043272",2.0644
"100043277",0.2372
"100043305",0.2306
"100043309",1.2896
"100043314",0.4467
"100043332",-1.3661
"100043335",-0.6333
"100043381",2.6939
"100043387",-0.7064
"100043403",-0.2612
"100043407",-0.7785
"100043424",0.5902
"100043434",-0.9822
"100043450",-0.1472
"100043468",0.5601
"100043474",-1.6746
"100043488",-0.7744
"100043489",0.0482
"100043497",-0.4557
"100043507",1.222
"100043580",-0.0269
"100043597",-1.0339
"100043600",0.2081
"100043636",-1.6269
"100043682",0.1109
"100043718",1.2719
"100043757",-0.9373
"100043766",-2.0117
"100043772",2.1083
"100043813",-1.851
"100043831",-0.0574
"100043902",1.4148
"100043911",-1.0594
"100043914",4.639
"100043915",-1.0992
"100043920",-1.3766
"100044193",1.0265
"100044509",-0.4572
"100045066",-0.7022
"100045469",0.1883
"100045653",-0.009
"100045778",-0.3092
"100045792",1.0285
"100047123",-0.0218
"100047133",-0.98
"100048534",0.8488
"100048644",-0.4691
"100048658",1.1129
"100048701",-1.1312
"100048895",-0.0038
"100048985",-0.0455
"100049077",-1.3499
"100049166",2.1622
"100073351",0.7821
"100093714",0.9026
"100101457",-0.2113
"100101806",0.7166
"100101807",1.6193
"100101919",-1.892
"100113398",0.7068
"100124623",0.223
"100125339",0.4717
"100125929",-0.6867
"100125931",1.4824
"100125933",-1.7534
"100126034",1.1362
"100126227",-0.7611
"100126229",0.322
"100126242",-0.7173
"100126243",-0.7248
"100126244",1.0675
"100126795",-0.8014
"100126824",-0.4451
"100127433",-0.144
"100134990",-0.098
"100141474",-0.8322
"100169864",2.0729
"100169865",-0.3046
"100169868",0.1136
"100169871",-0.4865
"100169874",-0.1767
"100169878",-0.7174
"100216343",-1.2692
"100233175",-1.2397
"100233208",2.2062
"100270707",-0.33
"100270744",0.3616
"100271841",-0.4367
"100271928",-0.0249
"100272219",1.2587
"100286843",-0.6548
"100294583",0.3182
"100302648",-1.7339
"100302688",0.4532
"100302730",-0.8877
"100303644",0.6281
"100303731",-0.6677
"100303732",2.4772
"100306943",-1.2312
"100310809",2.4058
"100310872",-0.054
"100313531",0.8933
"100316903",-4.2116
"100322896",-0.1599
"100359413",-0.3176
"100379095",-0.6587
"100380944",-0.2827
"100384868",1.2775
"100415787",-1.768
"100415915",0.2068
"100415916",0.1131
"100416706",2.0821
"100417675",-0.67
"100417829",0.8251
"100500713",0.4713
"100502590",-0.2908
"100502619",-0.3037
"100502624",-0.322
"100502630",-0.0472
"100502635",-1.0921
"100502653",0.3039
"100502670",-0.2982
"100502695",1.7864
"100502698",-2.9681
"100502700",-0.2465
"100502734",0.7438
"100502736",0.1637
"100502745",-0.0742
"100502766",-1.0476
"100502825",-1.8957
"100502829",-0.2509
"100502841",-0.5739
"100502846",0.2424
"100502849",0.2766
"100502861",-1.4989
"100502868",-0.5551
"100502874",0.3978
"100502876",0.1962
"100502920",1.2443
"100502933",0.7704
"100502940",0.4359
"100502946",-0.5122
"100502959",0.1948
"100502973",0.4691
"100502982",-0.6701
"100502985",-0.162
"100503002",-0.2019
"100503003",-0.1311
"100503007",0.8374
"100503019",-1.9183
"100503040",-0.1758
"100503041",1.0696
"100503043",0.3904
"100503044",-0.0938
"100503068",-1.8749
"100503085",-1.6439
"100503099",0.9503
"100503120",-0.8148
"100503142",0.2334
"100503147",0.0953
"100503166",-0.7838
"100503175",0.6186
"100503178",-1.4166
"100503185",2.019
"100503199",-0.3478
"100503230",-0.6971
"100503265",-0.1968
"100503272",0.775
"100503289",0.3903
"100503307",-0.9509
"100503311",0.7868
"100503323",-0.8812
"100503332",0.6326
"100503337",-1.693
"100503338",-0.8008
"100503353",2.2302
"100503355",-1.4874
"100503378",1.3707
"100503380",-2.4733
"100503384",1.9029
"100503386",-1.1815
"100503390",1.4475
"100503392",0.0485
"100503393",-1.1315
"100503399",-1.3431
"100503427",-0.6434
"100503434",-0.495
"100503460",-0.993
"100503468",-0.3568
"100503471",-1.6641
"100503495",-1.9639
"100503496",0.2463
"100503498",1.1306
"100503518",-0.4076
"100503519",0.6011
"100503536",2.2527
"100503538",-0.4853
"100503545",-1.8967
"100503565",0.8682
"100503572",1.1269
"100503583",0.2886
"100503584",-0.8012
"100503592",0.3221
"100503594",0.6759
"100503600",0.7531
"100503605",1.6921
"100503609",1.1335
"100503619",1.7302
"100503620",-0.5382
"100503622",0.5334
"100503632",-0.9798
"100503636",-0.5685
"100503652",0.9547
"100503659",-1.6016
"100503670",1.8894
"100503676",0.9433
"100503690",0.3871
"100503704",-0.7694
"100503754",-0.5445
"100503759",0.2813
"100503783",0.4675
"100503790",-0.9976
"100503794",-0.0487
"100503799",-0.7612
"100503802",-0.5963
"100503812",0.951
"100503816",-0.5112
"100503823",-1.3792
"100503827",-0.6323
"100503830",1.1024
"100503842",1.3182
"100503849",1.2001
"100503859",1.4977
"100503866",-1.0899
"100503868",0.296
"100503869",0.666
"100503884",-2.0746
"100503890",-0.9829
"100503915",1.4348
"100503924",-0.3853
"100503949",1.3074
"100503961",0.8023
"100503962",-1.7494
"100504007",0.7821
"100504018",-0.4561
"100504029",-0.3876
"100504049",0.1691
"100504056",0.783
"100504061",0.4666
"100504101",0.1125
"100504104",0.3305
"100504112",-0.8725
"100504114",0.9173
"100504116",0.3711
"100504121",0.1391
"100504141",-2.2526
"100504156",0.1928
"100504166",1.1641
"100504177",-1.0128
"100504178",-0.4703
"100504191",-1.2317
"100504221",0.3795
"100504231",1.6431
"100504234",0.1391
"100504235",3.0972
"100504262",0.6234
"100504263",-2.0289
"100504267",0.2578
"100504283",-1.1291
"100504285",-0.8592
"100504291",-0.9796
"100504304",0.3516
"100504309",-0.9893
"100504312",-0.3387
"100504323",-0.8929
"100504333",-0.4458
"100504347",-1.1928
"100504350",-1.6712
"100504360",-0.1402
"100504361",-0.6537
"100504375",0.072
"100504399",0.9136
"100504412",-1.5122
"100504421",-0.5917
"100504425",-2.0685
"100504446",0.6776
"100504455",-0.1106
"100504457",-0.0774
"100504467",-1.8217
"100504477",0.0019
"100504486",-1.0177
"100504491",-1.3229
"100504501",0.7608
"100504512",-0.5656
"100504518",-1.2973
"100504539",1.6019
"100504561",0.0875
"100504568",1.8459
"100504586",0.267
"100504589",0.7739
"100504601",-1.6797
"100504616",-0.2928
"100504626",0.8393
"100504632",-1.9387
"100504637",-0.0311
"100504641",-0.9422
"100504661",1.281
"100504663",-2.1991
"100504675",1.6113
"100504687",-0.6844
"100504703",-0.1111
"100504710",1.3403
"100504714",-1.0499
"100504715",0.2592
"100504717",-0.3873
"100504720",2.2667
"100504727",0.6871
"100504733",0.751
"100504734",-0.2464
"100504740",-1.0039
"100505025",1.8622
"100505034",-0.022
"100505386",-4.0477
"100505397",-0.2553
"100526796",2.2469
"100529079",-0.601
"100532730",0.2691
"100534287",0.7899
"100534296",0.3219
"100568458",-1.5174
"100568459",-2.6996
"100616095",1.0012
"100642166",-0.7829
"100689703",0.6451
"100859931",-0.9748
"100861531",-2.8915
"100861615",1.2802
"100861618",-1.8867
"100861647",-1.8769
"100861668",-1.107
"100861698",1.5069
"100861702",-0.6712
"100861749",-0.3189
"100861870",-0.1529
"100861913",0.2716
"100861998",-0.2157
"100862066",-0.9476
"100862072",1.0811
"100862085",2.4235
"100862203",1.7757
"100862247",-0.5069
"100862261",-1.3766
"100862268",-0.6197
"100862375",0.7065
"100862388",1.1332
"101055656",0.7811
"101055671",-0.2075
"101055676",-3.4911
"101055754",-0.7889
"101055798",-0.339
"101055840",-0.4245
"101055907",-0.1353
"101055983",0.0474
"101056014",-4.9329
"101056017",0.4171
"101056032",0.4416
"101056047",0.1505
"101056065",0.1279
"101056072",0.9388
"101056144",0.784
"101056159",0.9279
"101056205",-1.4834
"101056232",1.9435
"101056408",-2.5683
"101202684",-2.7757
"101243624",0.8172
"101488143",1.6842
"101488212",0.0705
"101669761",0.0231
"102216272",0.6839
"102238433",0.359
"102443350",-0.6317
"102443351",2.3695
"102631515",-0.724
"102631520",-1.4537
"102631543",0.7217
"102631545",0.8273
"102631558",-1.2653
"102631562",-0.1758
"102631570",0.1894
"102631576",0.5195
"102631584",-0.4442
"102631586",-0.0256
"102631588",0.0457
"102631593",-0.7586
"102631604",-0.375
"102631606",1.0125
"102631609",-0.9716
"102631611",0.0839
"102631618",-0.8291
"102631621",2.9057
"102631626",-0.428
"102631637",0.0413
"102631647",-0.9195
"102631656",1.4834
"102631665",-2.3125
"102631666",-1.3487
"102631674",1.1395
"102631685",0.8964
"102631705",-2.096
"102631706",1.0212
"102631709",2.2348
"102631725",0.6414
"102631729",-1.3065
"102631731",-1.6958
"102631735",-0.8583
"102631739",-0.1447
"102631753",-0.8075
"102631780",0.9789
"102631782",0.3366
"102631788",-1.0795
"102631791",0.7014
"102631795",0.2365
"102631796",0.7457
"102631806",-1.707
"102631812",-0.2057
"102631813",-0.0626
"102631824",-0.5061
"102631828",-2.8631
"102631829",-1.1985
"102631842",-0.5343
"102631845",0.5938
"102631855",-0.9706
"102631859",0.2243
"102631860",1.3738
"102631865",0.1918
"102631866",1.5172
"102631869",0.6726
"102631880",-0.7678
"102631885",-1.533
"102631887",-0.5603
"102631889",1.0914
"102631890",-0.7396
"102631898",-1.8812
"102631903",0.2597
"102631905",0.4086
"102631909",0.1775
"102631912",0.7482
"102631932",0.9767
"102631933",-0.0715
"102631936",1.1376
"102631939",-0.726
"102631948",0.3215
"102631958",-0.0737
"102631959",-0.3785
"102631962",-0.4291
"102631965",1.1582
"102631968",-0.4011
"102631977",0.188
"102631979",0.6517
"102631989",-0.058
"102631992",-1.0788
"102632007",-1.8428
"102632008",-1.8346
"102632019",0.4098
"102632031",-0.3151
"102632040",-0.7552
"102632048",0.6334
"102632053",-0.736
"102632061",-1.0743
"102632075",-0.3493
"102632078",-0.0987
"102632081",-0.0497
"102632087",1.7433
"102632093",1.2481
"102632094",0.444
"102632096",-0.4888
"102632114",0.5324
"102632115",0.6706
"102632116",0.4434
"102632124",0.233
"102632130",-0.712
"102632132",0.064
"102632142",-2.0842
"102632148",-0.712
"102632154",-1.3581
"102632155",0.9781
"102632163",1.9982
"102632165",-1.2364
"102632177",2.4728
"102632178",-2.086
"102632195",1.2451
"102632199",2.3515
"102632200",1.5686
"102632210",-0.3703
"102632212",1.4991
"102632229",1.3561
"102632230",-0.0858
"102632232",0.3776
"102632234",-1.3918
"102632238",-0.0119
"102632241",0.4369
"102632244",-1.7437
"102632262",-1.7969
"102632266",0.3081
"102632268",1.2947
"102632272",-0.8369
"102632284",-1.2856
"102632286",1.0592
"102632297",-1.3416
"102632299",-1.6006
"102632313",1.0188
"102632317",-1.2633
"102632331",0.2252
"102632338",-1.48
"102632340",0.2527
"102632344",-0.9081
"102632348",0.8321
"102632352",0.0151
"102632353",0.4855
"102632357",1.2699
"102632375",0.9936
"102632377",-0.0725
"102632394",-2.2759
"102632403",-0.6069
"102632414",-1.1855
"102632415",0.4413
"102632417",2.1383
"102632418",0.7134
"102632420",0.6709
"102632426",-0.1021
"102632429",2.0853
"102632430",-0.2237
"102632435",-0.036
"102632436",1.0607
"102632438",-0.793
"102632440",-2.3118
"102632444",1.4647
"102632462",2.5386
"102632463",-0.5482
"102632465",0.7161
"102632477",-0.0536
"102632479",-1.3257
"102632483",-1.7142
"102632484",-0.3684
"102632488",0.2884
"102632492",0.815
"102632496",0.9212
"102632514",1.0104
"102632516",-0.3277
"102632517",-1.2633
"102632520",0.5102
"102632522",1.8614
"102632531",-0.2715
"102632532",-0.9586
"102632538",0.5415
"102632541",0.3049
"102632545",1.623
"102632563",0.3505
"102632568",-0.5418
"102632580",1.1217
"102632582",-1.1565
"102632590",-1.585
"102632594",-0.6658
"102632597",0.7395
"102632601",0.2586
"102632605",1.9108
"102632621",1.5854
"102632631",-0.4847
"102632635",0.932
"102632638",-1.7024
"102632660",0.4475
"102632664",0.2367
"102632666",0.8203
"102632668",-0.4417
"102632669",1.3095
"102632681",-0.6088
"102632686",-1.4936
"102632694",-0.5282
"102632708",0.4078
"102632716",0.2855
"102632722",1.2611
"102632727",1.7822
"102632737",1.6731
"102632764",-1.6666
"102632785",-1.539
"102632812",0.2091
"102632818",-1.0967
"102632820",-1.3571
"102632821",-0.0143
"102632823",0.2373
"102632827",0.5321
"102632833",-1.5273
"102632839",-1.7708
"102632845",0.9431
"102632854",0.0534
"102632865",0.3186
"102632874",-0.2124
"102632875",1.748
"102632876",-0.9461
"102632891",0.963
"102632893",1.6653
"102632900",0.2152
"102632901",0.3764
"102632914",0.7286
"102632922",-1.8806
"102632924",1.0715
"102632926",-0.433
"102632932",-1.0469
"102632934",0.0143
"102632938",0.1493
"102632948",0.7184
"102632954",-0.9911
"102632962",2.6655
"102632964",-0.7331
"102632966",0.4134
"102632975",-0.7505
"102632980",-0.771
"102632986",-0.1783
"102632990",-1.374
"102632994",-2.964
"102632995",-1.3898
"102633000",0.0765
"102633002",-0.5487
"102633004",1.5577
"102633006",-2.3127
"102633007",1.0992
"102633009",0.1383
"102633037",-0.0693
"102633038",-0.0144
"102633044",-0.5536
"102633048",-0.3902
"102633052",-1.2935
"102633060",1.199
"102633065",0.3169
"102633068",0.1811
"102633070",1.1025
"102633075",-0.3964
"102633078",1.3487
"102633093",-0.467
"102633095",-1.3187
"102633097",-1.2082
"102633107",0.2944
"102633145",-1.7788
"102633149",0.8948
"102633151",-0.1754
"102633152",1.2876
"102633156",3.3481
"102633185",-0.1643
"102633192",-0.0688
"102633194",-0.8703
"102633199",1.2962
"102633200",-0.7117
"102633203",-0.2842
"102633209",1.8332
"102633211",-0.4646
"102633214",0.0573
"102633220",-1.6502
"102633221",-0.6556
"102633226",2.0585
"102633229",-0.7611
"102633233",0.5792
"102633236",-0.365
"102633239",-0.9822
"102633240",0.0464
"102633243",0.2412
"102633245",-0.4733
"102633260",-0.0764
"102633266",-0.1063
"102633270",-0.2099
"102633271",0.1264
"102633277",-0.9563
"102633283",-0.1667
"102633286",-0.96
"102633291",0.0956
"102633300",0.6866
"102633301",-0.536
"102633302",0.6829
"102633317",2.2726
"102633321",1.3026
"102633322",0.0131
"102633345",0.8865
"102633348",-1.2226
"102633356",-0.5759
"102633360",-0.2919
"102633373",-0.9373
"102633383",-0.2352
"102633388",-0.1806
"102633391",0.4757
"102633392",-0.4778
"102633396",-0.1966
"102633407",1.6559
"102633419",-0.4693
"102633420",-0.5282
"102633422",-0.4361
"102633424",-2.1794
"102633428",0.561
"102633432",-3.0087
"102633437",0.5212
"102633439",-0.2042
"102633444",0.6072
"102633449",0.6034
"102633458",0.5157
"102633464",1.2839
"102633466",0.7668
"102633468",-1.2295
"102633471",-0.4574
"102633474",-0.4601
"102633475",0.9749
"102633478",0.949
"102633480",1.95
"102633492",0.8024
"102633496",0.3567
"102633503",-0.1458
"102633507",0.4897
"102633509",-1.1523
"102633513",0.6271
"102633516",0.4717
"102633518",-0.0837
"102633526",-1.7422
"102633537",0.7198
"102633545",-0.2116
"102633550",-0.5388
"102633551",-1.11
"102633555",-0.1719
"102633560",1.6694
"102633563",1.1601
"102633572",0.5538
"102633573",-1.1203
"102633579",-0.6475
"102633591",-0.4239
"102633593",-1.5415
"102633600",-1.5416
"102633607",-1.041
"102633615",-0.1758
"102633618",2.3748
"102633623",-0.1146
"102633624",1.4711
"102633625",0.89
"102633634",1.0434
"102633635",0.6863
"102633636",-0.2679
"102633638",1.4312
"102633661",0.1024
"102633665",0.719
"102633667",0.8133
"102633669",-1.04
"102633673",0.0884
"102633676",-1.3999
"102633677",0.8951
"102633689",0.5818
"102633704",0.0116
"102633721",0.024
"102633730",1.0144
"102633740",0.2776
"102633750",0.2693
"102633754",-1.3511
"102633758",-0.3726
"102633762",0.8896
"102633763",2.2508
"102633774",1.1522
"102633775",-0.328
"102633779",-1.6132
"102633785",-0.5824
"102633788",2.9422
"102633792",0.9462
"102633795",-0.8029
"102633812",-1.0461
"102633818",-1.2804
"102633826",0.44
"102633829",-2.4424
"102633832",-1.8919
"102633833",0.6205
"102633836",0.9629
"102633861",0.8289
"102633862",-1.3981
"102633863",0.216
"102633868",-1.5213
"102633871",-0.9829
"102633874",0.9579
"102633880",1.597
"102633882",1.0417
"102633888",0.2664
"102633894",-0.4898
"102633898",-0.8613
"102633899",-0.379
"102633900",-0.1154
"102633901",-1.7836
"102633905",0.9204
"102633908",2.4907
"102633913",0.5473
"102633923",-1.7057
"102633925",0.6671
"102633929",2.3272
"102633930",-1.2067
"102633936",-1.0554
"102633939",1.9601
"102633943",-0.6683
"102633946",-0.2266
"102633951",0.0171
"102633968",0.1343
"102633974",0.0748
"102633986",-1.3612
"102633993",0.3102
"102633994",0.156
"102634000",-1.7165
"102634002",-0.3742
"102634008",2.8988
"102634011",0.6406
"102634017",-0.6755
"102634034",-1.5882
"102634036",-0.4746
"102634037",1.0621
"102634042",-0.6522
"102634043",-0.2764
"102634044",1.5384
"102634045",0.8819
"102634049",-0.8879
"102634050",-0.9896
"102634055",-0.8879
"102634056",0.1534
"102634058",-1.2479
"102634060",1.0255
"102634064",0.0908
"102634072",-1.5571
"102634076",-1.355
"102634078",0.4061
"102634107",-0.6813
"102634115",-0.5077
"102634125",-1.7129
"102634128",-0.2279
"102634132",0.523
"102634136",0.8383
"102634140",1.4773
"102634148",-0.2744
"102634155",0.8943
"102634160",0.2966
"102634161",-0.444
"102634162",-0.1156
"102634165",0.7087
"102634171",-0.7129
"102634185",0.3968
"102634191",-1.5165
"102634195",-1.4839
"102634200",-0.1282
"102634213",1.2537
"102634227",1.5922
"102634229",-0.5806
"102634251",0.662
"102634258",0.8302
"102634280",-0.2119
"102634286",-2.3864
"102634293",-2.0247
"102634296",-1.0075
"102634302",0.4816
"102634309",-0.2965
"102634310",1.5444
"102634323",-1.7205
"102634331",-1.2652
"102634333",-0.4398
"102634341",-1.2113
"102634351",0.6126
"102634363",1.9933
"102634366",0.554
"102634376",1.6438
"102634389",1.1341
"102634392",-0.4773
"102634394",-1.2047
"102634397",1.3726
"102634420",-1.5271
"102634421",-0.4977
"102634423",-0.2101
"102634428",-0.3499
"102634429",-0.4949
"102634431",0.8332
"102634434",0.0961
"102634435",-1.9332
"102634450",-0.2743
"102634456",1.0892
"102634481",-0.0762
"102634487",-0.8317
"102634496",0.6042
"102634500",0.295
"102634502",-0.9678
"102634503",0.2907
"102634507",0.3732
"102634512",-0.4082
"102634524",-1.0049
"102634530",-0.6494
"102634533",0.1219
"102634534",-0.8375
"102634541",-0.9766
"102634544",-0.4201
"102634561",0.432
"102634563",2.0974
"102634564",1.3954
"102634569",-0.1637
"102634575",-1.2286
"102634578",-0.1213
"102634580",1.7981
"102634584",-0.0985
"102634592",-1.1005
"102634594",0.9863
"102634598",-0.9001
"102634628",-1.621
"102634634",0.7142
"102634641",1.1113
"102634642",0.4298
"102634646",-1.3668
"102634650",0.5467
"102634652",-0.5677
"102634653",1.9061
"102634658",-1.3066
"102634668",1.5285
"102634676",0.5907
"102634683",0.4499
"102634686",1.9302
"102634688",2.1765
"102634692",0.1306
"102634702",1.3507
"102634715",0.1417
"102634716",-2.6416
"102634719",-0.1674
"102634732",1.4382
"102634735",-1.408
"102634737",0.3174
"102634738",0.2897
"102634739",-0.8382
"102634746",-1.355
"102634748",-1.368
"102634755",0.1774
"102634756",-0.3342
"102634762",0.7909
"102634765",-0.9519
"102634769",0.963
"102634772",-0.2765
"102634775",0.8378
"102634777",-0.1675
"102634778",0.8008
"102634780",-0.2808
"102634786",-1.6322
"102634792",-0.9264
"102634795",-0.1828
"102634806",-0.7127
"102634811",0.8506
"102634812",-1.2962
"102634815",-0.8187
"102634818",-0.5737
"102634820",-0.1349
"102634821",0.6586
"102634823",-0.1015
"102634835",-1.591
"102634837",-0.8075
"102634839",0.8004
"102634841",0.668
"102634848",-0.0947
"102634850",-0.7219
"102634858",-1.1422
"102634865",0.5767
"102634873",-0.6496
"102634881",-0.3221
"102634887",-0.3343
"102634895",-0.4169
"102634900",1.2113
"102634904",-0.7254
"102634906",-0.2193
"102634910",0.2705
"102634911",0.1495
"102634918",0.555
"102634919",0.66
"102634922",-1.3585
"102634923",-1.3162
"102634926",-0.6722
"102634931",-1.0927
"102634933",1.8193
"102634940",-0.1694
"102634944",-1.4939
"102634945",1.0618
"102634949",-0.1234
"102634962",-0.4497
"102634983",-0.1277
"102634986",0.4583
"102635003",-1.1532
"102635004",0.6724
"102635006",0.4264
"102635017",0.1797
"102635028",1.8917
"102635047",-1.7106
"102635054",-0.4629
"102635066",0.4278
"102635069",2.2557
"102635071",-0.231
"102635078",-1.4644
"102635079",1.7468
"102635081",0.4196
"102635083",-1.241
"102635085",-0.8545
"102635104",1.0614
"102635108",-0.2306
"102635113",2.0501
"102635119",-0.6641
"102635123",-1.6365
"102635128",-0.5302
"102635129",0.3704
"102635131",-0.2484
"102635133",0.4421
"102635134",0.4622
"102635136",2.1724
"102635137",-0.1467
"102635142",0.2092
"102635160",1.0297
"102635167",0.3074
"102635170",0.4384
"102635171",-0.7099
"102635181",1.1054
"102635182",0.6752
"102635185",1.2838
"102635190",-0.9608
"102635192",-0.5864
"102635198",-0.2522
"102635200",-1.5094
"102635206",-0.5615
"102635210",-2.2607
"102635226",-1.0402
"102635242",0.1302
"102635243",0.9552
"102635253",-1.3697
"102635257",-0.048
"102635259",-1.3937
"102635265",-1.4261
"102635268",-0.71
"102635269",0.138
"102635272",0.4221
"102635278",1.1307
"102635280",-1.442
"102635290",2.1229
"102635305",0.404
"102635306",-0.0527
"102635315",1.6272
"102635316",0.5506
"102635323",-0.5906
"102635335",0.3185
"102635336",1.1637
"102635337",-0.8521
"102635347",-0.8148
"102635354",-1.3666
"102635359",-0.9092
"102635360",-0.593
"102635364",0.8819
"102635366",-1.0642
"102635368",-0.0384
"102635380",-0.6005
"102635384",-0.518
"102635387",0.7895
"102635392",-0.9002
"102635406",-2.0595
"102635416",-1.3065
"102635424",0.9321
"102635426",0.6204
"102635429",-1.2969
"102635432",-0.795
"102635434",-0.0792
"102635437",-0.0433
"102635441",1.8301
"102635453",1.1097
"102635455",0.0217
"102635458",0.0756
"102635461",1.474
"102635468",-0.9306
"102635479",1.369
"102635484",3.8366
"102635493",-0.2505
"102635494",0.7731
"102635496",1.0462
"102635498",-0.6084
"102635500",0.4797
"102635502",-0.1729
"102635503",-1.24
"102635506",1.8592
"102635509",0.2407
"102635521",0.5594
"102635522",-1.0952
"102635534",-0.3583
"102635539",1.8047
"102635541",-0.7891
"102635549",0.6073
"102635550",-0.4967
"102635552",1.638
"102635553",0.138
"102635561",-0.6385
"102635566",0.8707
"102635588",0.6487
"102635590",-1.9427
"102635597",-0.6507
"102635605",-0.304
"102635607",0.4718
"102635609",-1.7383
"102635614",1.5741
"102635616",0.479
"102635624",0.8622
"102635629",0.0191
"102635630",1.7825
"102635632",-0.2701
"102635635",-0.5261
"102635637",-0.3916
"102635639",-1.5983
"102635643",-0.8719
"102635648",0.4805
"102635654",-0.6451
"102635656",0.9638
"102635661",-1.2375
"102635666",-0.288
"102635671",-0.2808
"102635680",-2.1183
"102635685",0.6584
"102635688",0.2601
"102635698",1.4333
"102635699",1.4993
"102635703",-0.6463
"102635707",0.8076
"102635712",-1.2327
"102635731",2.3368
"102635744",-0.2187
"102635747",0.1383
"102635756",0.8734
"102635769",0.0055
"102635772",0.6624
"102635775",1.5355
"102635776",-1.8794
"102635778",-0.7042
"102635780",-0.8336
"102635781",-1.4461
"102635783",1.1632
"102635786",-1.1597
"102635788",0.8434
"102635797",-0.148
"102635798",-0.091
"102635799",0.6543
"102635802",-0.032
"102635803",-0.3742
"102635812",0.6558
"102635826",-0.7689
"102635832",-0.2523
"102635843",-1.7232
"102635853",0.2068
"102635867",0.5435
"102635868",-0.2064
"102635870",-0.3741
"102635873",0.1155
"102635879",2.4639
"102635881",-0.1158
"102635882",-1.2813
"102635884",-1.2145
"102635898",-0.4137
"102635912",-1.0843
"102635921",-1.0115
"102635935",-0.904
"102635939",-1.405
"102635944",0.5424
"102635948",-0.0899
"102635952",1.1432
"102635953",-0.4315
"102635983",0.5248
"102635987",-0.2101
"102635994",0.5698
"102636000",1.3097
"102636002",0.5754
"102636011",0.3833
"102636014",-1.5501
"102636015",-0.0058
"102636019",-1.0271
"102636024",0.2749
"102636025",0.7185
"102636033",-0.216
"102636035",1.3057
"102636037",-1.1266
"102636040",-2.1098
"102636041",-0.2414
"102636042",-0.2036
"102636048",0.0345
"102636049",0.5332
"102636055",-1.018
"102636057",0.7295
"102636058",-0.9907
"102636066",-3.4785
"102636067",0.7509
"102636078",0.2735
"102636082",-1.2404
"102636088",0.7682
"102636089",-0.488
"102636090",0.9423
"102636095",2.228
"102636107",-0.5076
"102636109",-1.5207
"102636128",1.0579
"102636131",-0.5272
"102636141",0.1828
"102636146",1.7788
"102636154",-1.8371
"102636155",1.2905
"102636164",-0.69
"102636167",0.5991
"102636175",0.0239
"102636178",-0.5887
"102636179",-0.4488
"102636180",-1.5725
"102636183",0.2997
"102636184",0.285
"102636187",-0.6258
"102636200",1.5831
"102636213",1.4144
"102636221",-0.7617
"102636224",-0.4482
"102636238",-1.0094
"102636239",-1.0739
"102636241",1.9061
"102636251",0.1574
"102636256",-0.8761
"102636258",1.551
"102636262",1.2878
"102636263",-1.2278
"102636276",0.8848
"102636277",1.2213
"102636299",-0.0761
"102636309",-2.4252
"102636310",0.8042
"102636313",-0.4815
"102636314",-0.155
"102636328",0.188
"102636333",0.0373
"102636338",0.4267
"102636354",-1.3144
"102636359",-1.895
"102636362",0.7801
"102636367",0.457
"102636368",0.3587
"102636372",-0.1063
"102636376",-1.1219
"102636382",0.3767
"102636385",-0.2852
"102636387",-0.4487
"102636397",1.3987
"102636400",-1.1152
"102636409",0.1762
"102636414",0.1463
"102636415",1.1133
"102636424",1.4582
"102636425",0.5811
"102636431",0.6091
"102636445",1.0828
"102636446",0.3983
"102636458",1.3171
"102636467",-2.4495
"102636474",-0.6403
"102636475",-1.121
"102636476",2.8196
"102636484",1.7484
"102636490",0.1901
"102636491",1.6812
"102636498",-1.4536
"102636510",-0.0089
"102636516",0.3038
"102636545",1.1896
"102636546",-1.3737
"102636547",-0.7672
"102636549",-0.964
"102636557",0.221
"102636561",0.9945
"102636562",1.1698
"102636564",-1.2106
"102636566",1.3926
"102636570",-1.1924
"102636578",-3.542
"102636582",-0.6841
"102636587",-0.9092
"102636602",-0.6494
"102636604",1.1875
"102636611",1.4327
"102636639",-0.5682
"102636640",-1.1205
"102636641",-0.0246
"102636664",1.1795
"102636665",0.7482
"102636677",-0.2864
"102636679",0.2924
"102636699",-0.888
"102636700",-1.0965
"102636702",0.2658
"102636714",0.5104
"102636716",1.1239
"102636723",0.0853
"102636729",-1.1717
"102636737",-0.6494
"102636745",-0.2474
"102636754",0.9514
"102636761",-0.4716
"102636765",0.2663
"102636766",-0.401
"102636781",-1.1505
"102636789",1.0178
"102636795",-0.3089
"102636797",-0.5127
"102636799",0.0436
"102636803",-0.4256
"102636808",-1.3884
"102636836",0.5275
"102636843",-1.2699
"102636849",-2.7954
"102636879",0.5435
"102636884",-1.1687
"102636892",-0.7065
"102636896",0.1215
"102636903",0.1169
"102636905",-0.3456
"102636907",0.5726
"102636910",1.9631
"102636915",0.1807
"102636917",-2.0159
"102636923",-0.9442
"102636939",-0.6292
"102636944",0.7316
"102636945",0.9577
"102636980",1.9633
"102636988",-1.5801
"102636991",-1.2741
"102637008",1.0357
"102637011",0.5526
"102637020",0.213
"102637024",-0.3005
"102637025",0.373
"102637028",0.8078
"102637037",1.1735
"102637038",0.574
"102637048",-0.8008
"102637053",0.3401
"102637062",-0.5269
"102637075",-1.1715
"102637077",-2.0939
"102637087",0.6008
"102637093",-0.7086
"102637100",-0.1956
"102637109",0.5466
"102637112",0.2004
"102637131",-0.408
"102637142",-1.0253
"102637145",-0.0647
"102637148",0.7462
"102637151",0.3228
"102637153",-0.2704
"102637161",1.4458
"102637177",-0.7856
"102637178",-0.5579
"102637184",0.7029
"102637188",-0.2284
"102637190",0.6856
"102637201",2.5523
"102637203",1.3883
"102637204",0.4034
"102637206",-0.4238
"102637209",0.6954
"102637216",-0.4667
"102637221",-2.4783
"102637229",-1.1603
"102637233",0.3957
"102637243",0.5406
"102637245",0.075
"102637250",-0.9758
"102637256",-0.9742
"102637266",0.4427
"102637289",-1.2768
"102637300",-2.3016
"102637302",-0.6216
"102637304",-0.119
"102637308",-0.7247
"102637311",0.0238
"102637315",-0.2799
"102637329",1.8697
"102637336",-0.8307
"102637343",-0.4473
"102637354",-1.1509
"102637364",-0.9167
"102637366",-0.6731
"102637367",0.7858
"102637368",0.8932
"102637370",-0.3027
"102637376",0.1281
"102637381",0.5808
"102637398",-0.4221
"102637404",-0.6227
"102637406",0.3996
"102637422",-0.3658
"102637436",-2.2096
"102637437",-0.8937
"102637438",-1.3453
"102637439",-1.924
"102637446",-1.3251
"102637448",-0.8731
"102637452",-0.615
"102637464",1.833
"102637465",0.8228
"102637481",-1.3083
"102637485",-0.2569
"102637489",-0.4304
"102637491",-0.5371
"102637500",-0.2606
"102637508",1.1374
"102637514",-0.7497
"102637517",-1.1308
"102637519",-0.1429
"102637545",0.108
"102637546",1.4106
"102637563",-0.5419
"102637567",0.2916
"102637569",-0.2101
"102637571",-0.9748
"102637572",-1.1215
"102637576",-0.8984
"102637578",-0.6278
"102637582",0.5488
"102637590",1.4144
"102637611",-0.7008
"102637613",-0.1693
"102637619",0.155
"102637627",-1.5198
"102637640",1.5113
"102637642",-0.2946
"102637643",0.3296
"102637645",-2.067
"102637648",-2.4868
"102637660",-1.6668
"102637664",0.0082
"102637674",1.0288
"102637682",1.1569
"102637683",0.0952
"102637688",1.9659
"102637693",1.0891
"102637696",0.0713
"102637707",0.7093
"102637710",-1.8642
"102637719",0.542
"102637720",0.9219
"102637721",-0.0684
"102637730",3.4659
"102637753",0.0345
"102637759",-1.189
"102637763",-2.6393
"102637775",0.1198
"102637777",-0.7
"102637782",1.1553
"102637785",-0.9006
"102637787",0.7746
"102637788",-1.0931
"102637792",-0.6627
"102637794",0.0084
"102637797",0.8865
"102637808",-0.4209
"102637809",-0.3944
"102637822",-0.8816
"102637825",0.196
"102637832",0.6122
"102637845",0.7175
"102637852",-0.1915
"102637855",1.0618
"102637857",0.0796
"102637865",1.8232
"102637869",0.6945
"102637873",0.4118
"102637874",-0.9266
"102637884",-0.887
"102637886",0.6333
"102637887",3.3423
"102637893",1.0191
"102637894",0.4021
"102637903",-0.3088
"102637926",1.5228
"102637931",-2.1939
"102637932",1.4356
"102637946",0.1124
"102637948",0.2918
"102637953",1.166
"102637959",1.0712
"102637961",0.804
"102637966",0.6792
"102637975",-0.3056
"102637980",-0.2666
"102637991",-0.5477
"102637997",2.0734
"102638001",-1.14
"102638002",1.7296
"102638005",-1.0737
"102638015",-1.2442
"102638016",-0.0383
"102638029",0.4262
"102638037",-0.3986
"102638038",0.106
"102638042",-1.3216
"102638071",1.0216
"102638074",-1.0167
"102638076",0.763
"102638082",1.2294
"102638083",-0.8577
"102638085",1.4018
"102638090",-2.3651
"102638091",-0.9146
"102638093",0.6889
"102638094",2.9826
"102638099",1.4195
"102638113",0.1728
"102638115",-1.702
"102638117",-0.029
"102638120",-1.4853
"102638121",-0.6992
"102638127",0.2933
"102638135",0.3882
"102638141",1.02
"102638151",1.5325
"102638158",-0.5044
"102638167",-0.9636
"102638168",-1.9311
"102638172",0.5416
"102638174",-0.736
"102638175",1.964
"102638176",1.7601
"102638185",-1.2616
"102638215",-0.3472
"102638221",1.674
"102638224",-0.1753
"102638225",-1.2878
"102638227",0.0055
"102638237",0.5343
"102638241",0.3371
"102638242",-0.6682
"102638245",-0.1475
"102638248",-2.6891
"102638251",-0.1397
"102638253",-2.1023
"102638255",0.6562
"102638261",0.8103
"102638268",-0.0562
"102638270",0.5863
"102638275",-0.9294
"102638279",-1.9325
"102638284",-1.6391
"102638296",0.188
"102638309",0.3643
"102638313",-1.025
"102638318",0.4011
"102638326",0.0981
"102638331",-1.4921
"102638347",-0.2066
"102638354",-0.7839
"102638362",0.8596
"102638376",0.6879
"102638384",-0.968
"102638388",0.64
"102638392",-1.2596
"102638401",-0.7058
"102638402",-0.9864
"102638403",0.4948
"102638405",-0.1079
"102638407",0.8017
"102638414",-0.1744
"102638420",1.7067
"102638421",-0.1459
"102638425",1.4122
"102638432",-0.8878
"102638434",-0.1433
"102638457",1.6231
"102638461",0.7559
"102638463",0.0649
"102638468",0.8769
"102638470",1.0926
"102638482",0.3128
"102638484",3.0693
"102638487",-1.1761
"102638504",3.2291
"102638507",0.749
"102638508",-0.0452
"102638514",-0.6281
"102638522",-0.0624
"102638528",-0.1074
"102638533",-1.0456
"102638542",1.3485
"102638544",0.8399
"102638546",0.8211
"102638554",0.7076
"102638568",1.1532
"102638571",0.2826
"102638587",1.0207
"102638588",0.812
"102638598",0.2413
"102638603",-0.8115
"102638607",0.0362
"102638626",-0.7346
"102638629",-1.2778
"102638631",-0.975
"102638632",-0.0985
"102638637",-0.818
"102638638",-0.2213
"102638647",0.6788
"102638649",-0.5231
"102638653",0.0055
"102638658",0.3556
"102638659",-0.4104
"102638670",1.2357
"102638686",-1.9711
"102638725",0.5016
"102638735",0.2677
"102638744",-0.5999
"102638755",-0.0786
"102638760",-1.3251
"102638762",0.4436
"102638766",0.0172
"102638767",0.3616
"102638768",-0.9087
"102638769",0.6776
"102638770",-0.2625
"102638783",-0.8856
"102638784",0.4716
"102638803",-0.0039
"102638814",-0.8088
"102638818",-0.6946
"102638835",-0.0953
"102638841",0.8017
"102638846",-2.1154
"102638847",0.9894
"102638848",2.4453
"102638849",0.3375
"102638851",-0.6592
"102638859",-0.8752
"102638881",0.0572
"102638882",-1.0925
"102638883",-0.3606
"102638888",-0.4373
"102638889",-0.4023
"102638890",-0.5347
"102638902",-1.8556
"102638908",0.8998
"102638911",1.4786
"102638917",-0.0051
"102638918",2.7192
"102638919",0.7233
"102638933",0.9483
"102638938",-2.1322
"102638939",0.227
"102638940",0.4096
"102638943",-0.3234
"102638959",1.5198
"102638966",-1.815
"102638978",-1.9602
"102639001",0.9719
"102639006",-0.1891
"102639007",-2.0628
"102639009",-1.2536
"102639010",0.0934
"102639013",-0.202
"102639019",-1.489
"102639020",0.4338
"102639023",-2.0268
"102639036",0.5729
"102639045",0.9749
"102639048",-2.2115
"102639049",0.9342
"102639059",0.2052
"102639063",-3.1029
"102639066",0.7928
"102639067",0.2792
"102639074",0.2407
"102639077",0.0055
"102639078",0.7965
"102639079",-0.9664
"102639087",0.7372
"102639099",0.2913
"102639119",1.7256
"102639129",-1.2923
"102639132",-1.5052
"102639135",-0.5738
"102639136",0.1435
"102639137",0.6978
"102639142",0.4086
"102639145",1.2111
"102639149",-0.1523
"102639151",1.2896
"102639154",2.2898
"102639156",-0.8253
"102639169",-0.481
"102639173",-1.1101
"102639175",2.128
"102639181",-2.7841
"102639182",-0.2761
"102639186",-1.8846
"102639192",0.6909
"102639199",-2.0307
"102639205",-0.5886
"102639209",-1.4907
"102639212",0.8928
"102639218",-0.1176
"102639221",-0.2773
"102639235",-0.2214
"102639243",-1.3296
"102639246",0.963
"102639255",-0.0436
"102639258",0.8846
"102639259",-0.2014
"102639261",1.5618
"102639267",-1.0128
"102639268",-2.4195
"102639275",-0.8212
"102639276",-1.3871
"102639277",0.1929
"102639283",0.2801
"102639289",-1.1699
"102639290",-0.7718
"102639314",0.1263
"102639317",-1.3125
"102639318",-0.1617
"102639339",-0.2497
"102639345",1.138
"102639352",-0.4601
"102639355",-0.1342
"102639358",-0.1952
"102639366",0.4447
"102639371",-2.1013
"102639375",0.9928
"102639384",-0.4773
"102639395",0.9738
"102639397",-0.8937
"102639399",-0.4013
"102639404",-0.2252
"102639406",2.2935
"102639417",-0.1237
"102639427",-1.5545
"102639434",0.701
"102639448",-0.1139
"102639450",-0.6089
"102639461",-0.4715
"102639468",1.3873
"102639478",-1.6805
"102639496",-0.9032
"102639507",-1.8138
"102639511",0.6293
"102639518",-0.2048
"102639519",-2.705
"102639520",-1.5675
"102639531",-0.4314
"102639532",1.9044
"102639537",-0.7379
"102639538",-1.0063
"102639542",1.4494
"102639545",0.6552
"102639549",-0.9056
"102639566",-0.0422
"102639568",-0.1218
"102639570",0.2621
"102639573",-1.533
"102639575",0.3445
"102639582",0.1642
"102639598",3.1848
"102639617",-1.6953
"102639619",2.3082
"102639635",-0.3804
"102639642",-0.7931
"102639645",0.5884
"102639646",-0.2896
"102639650",-0.0178
"102639653",0.4445
"102639667",1.5598
"102639677",1.6261
"102639679",1.5008
"102639685",0.1186
"102639687",-1.223
"102639693",1.445
"102639700",-0.0358
"102639705",-0.4591
"102639711",0.2483
"102639717",-0.6563
"102639720",-0.2901
"102639724",0.6477
"102639738",0.1063
"102639746",-1.0228
"102639755",0.8275
"102639765",0.1838
"102639767",-0.2679
"102639769",0.1037
"102639776",-1.4873
"102639781",0.0208
"102639795",-0.6526
"102639801",-1.9315
"102639802",1.007
"102639808",-0.4265
"102639812",0.0571
"102639815",-1.3933
"102639837",0.4901
"102639841",-0.1123
"102639848",-0.1752
"102639849",-0.6194
"102639866",-1.8637
"102639870",-0.8605
"102639872",-0.4371
"102639888",-2.7322
"102639899",0.9213
"102639908",-0.5097
"102639918",-0.9241
"102639919",0.6694
"102639929",1.4023
"102639931",-1.0079
"102639935",0.4553
"102639939",-0.0849
"102639946",0.4474
"102639953",0.3537
"102639955",1.4521
"102639959",0.1281
"102639968",-0.1011
"102639977",1.3057
"102639983",-1.7527
"102639984",2.0345
"102639999",1.9888
"102640005",-2.7871
"102640008",-0.4296
"102640012",-0.0507
"102640014",-0.0753
"102640021",1.189
"102640025",1.0967
"102640029",0.8329
"102640042",0.5043
"102640043",0.9425
"102640065",0.4626
"102640071",1.1729
"102640073",-0.5859
"102640081",0.4313
"102640089",1.0449
"102640100",-0.2656
"102640117",-0.3626
"102640125",-1.9246
"102640133",-2.9923
"102640140",-0.3248
"102640142",-0.4087
"102640151",-1.0589
"102640152",0.1057
"102640163",0.4312
"102640165",0.1597
"102640166",0.171
"102640169",0.0615
"102640173",0.3532
"102640184",0.3399
"102640188",-0.0715
"102640189",-0.5605
"102640192",-1.3635
"102640195",0.3701
"102640201",0.6704
"102640216",0.1969
"102640238",-0.7885
"102640239",-0.1463
"102640242",-0.829
"102640243",1.1834
"102640244",0.6836
"102640245",-0.0212
"102640250",1.5256
"102640253",0.9897
"102640259",0.8598
"102640263",-1.1213
"102640278",1.2805
"102640281",-0.0625
"102640282",-0.5245
"102640287",-0.8325
"102640299",0.051
"102640300",-0.8696
"102640310",-0.1304
"102640312",-1.8001
"102640314",0.4229
"102640319",0.9279
"102640321",1.9809
"102640328",-0.4528
"102640331",-0.1988
"102640338",-1.2176
"102640344",0.4578
"102640359",-1.7348
"102640360",-0.9919
"102640362",-0.7581
"102640374",1.351
"102640375",-0.6604
"102640377",-1.0129
"102640387",-0.135
"102640389",-1.2997
"102640395",0.47
"102640412",-0.6955
"102640413",-0.8265
"102640419",0.0139
"102640432",-1.045
"102640439",-0.417
"102640442",-1.8999
"102640447",1.5627
"102640449",0.7637
"102640451",-0.6392
"102640479",0.356
"102640484",-1.8686
"102640493",-0.1924
"102640498",-0.2873
"102640507",1.0713
"102640515",-3.5552
"102640518",1.0674
"102640519",1.5543
"102640521",0.0427
"102640522",-0.9279
"102640525",0.9465
"102640534",0.2483
"102640542",-0.2853
"102640547",1.1053
"102640549",-0.2046
"102640551",0.9282
"102640553",-1.5471
"102640554",0.5019
"102640555",-1.3108
"102640562",-1.4877
"102640564",-1.1743
"102640569",-0.8721
"102640570",-0.7396
"102640578",0.8009
"102640588",0.867
"102640597",1.8959
"102640604",-0.0872
"102640630",1.6375
"102640635",-1.1422
"102640640",1.3785
"102640646",-1.1755
"102640663",-0.8744
"102640664",-0.1086
"102640667",-0.3622
"102640670",-0.2598
"102640671",-0.3222
"102640673",1.2742
"102640677",0.7459
"102640681",-0.781
"102640694",0.0238
"102640710",0.3656
"102640715",0.7642
"102640722",-1.3156
"102640740",0.2354
"102640746",1.6435
"102640747",-1.0136
"102640756",0.7898
"102640761",-0.5123
"102640764",-1.2034
"102640765",0.774
"102640772",0.9535
"102640773",0.3206
"102640779",-1.6632
"102640806",1.1817
"102640808",0.3012
"102640810",0.0453
"102640820",0.8711
"102640822",-0.2411
"102640825",1.1443
"102640827",0.8869
"102640829",-0.35
"102640832",0.687
"102640834",1.1696
"102640839",-0.2542
"102640849",0.1866
"102640855",-0.4618
"102640858",-0.8228
"102640859",-0.614
"102640864",0.6061
"102640883",1.6736
"102640887",-0.6353
"102640889",-1.0567
"102640899",-0.6774
"102640901",0.1157
"102640913",-0.1623
"102640920",-1.1414
"102640923",-0.6531
"102640929",-0.1148
"102640934",-0.2899
"102640952",-0.2058
"102640956",3.0358
"102640959",0.4167
"102640961",2.4459
"102640962",-0.7754
"102640964",1.6243
"102640966",-1.1856
"102640967",1.198
"102640968",-0.3355
"102640970",-0.0272
"102640971",-0.4007
"102640972",-0.4345
"102640985",-0.3844
"102640987",-1.0135
"102641068",0.6702
"102641105",0.323
"102641120",2.0811
"102641188",0.6685
"102641244",-0.4974
"102641247",-0.4885
"102641270",-1.5682
"102641351",1.0586
"102641372",-0.2388
"102641432",-1.7876
"102641455",-1.0282
"102641467",2.1618
"102641498",-1.1243
"102641509",-0.1994
"102641516",0.7289
"102641529",-0.036
"102641539",0.6753
"102641557",-0.3483
"102641609",0.7994
"102641610",1.1969
"102641617",-0.817
"102641621",0.1943
"102641704",-0.2534
"102641825",-0.745
"102641860",-0.9792
"102641931",0.1309
"102642011",-1.9054
"102642146",-1.6299
"102642244",-1.0527
"102642321",-0.067
"102642392",0.0838
"102642556",-0.3549
"102642612",-0.9347
"102642625",0.0584
"102642633",-1.5395
"102642726",1.0871
"102642737",-0.3123
"102642773",-0.6864
"102642778",0.5888
"102642791",-0.3946
"102642800",0.7788
"102642832",-1.9452
"102642842",0.112
"102642986",0.7862
"102642990",0.9407
"102643016",0.3993
"102643040",-2.0391
"102643051",-1.3921
"102643076",-0.2084
"102643083",-0.7195
"102643128",0.2028
"102643147",0.1016
"102643210",-1.5281
"102643244",0.6716
"102800312",1.0637
"102902673",2.2499
"103164605",-0.8287
"103611158",-2.4497
"104940697",2.0296
"105180375",-1.0688
"105242394",0.3743
"105242405",1.0452
"105242414",-0.1422
"105242418",-0.0459
"105242443",-0.2423
"105242444",0.998
"105242447",0.9419
"105242472",0.2405
"105242506",-1.6103
"105242545",-2.1654
"105242552",-0.2214
"105242554",-1.4878
"105242563",1.5468
"105242571",-0.3092
"105242573",0.9279
"105242574",-0.0968
"105242578",1.3653
"105242579",-0.2312
"105242595",-0.0973
"105242599",1.3849
"105242621",-1.1392
"105242622",1.225
"105242624",0.0156
"105242625",0.0538
"105242628",0.488
"105242629",1.3443
"105242635",-0.2984
"105242636",1.3649
"105242638",0.1997
"105242648",-1.4812
"105242667",-1.0885
"105242670",0.2916
"105242679",0.0339
"105242685",-0.7931
"105242688",0.8187
"105242694",-0.7025
"105242703",1.1929
"105242706",-0.3704
"105242709",0.6073
"105242720",1.1084
"105242721",-0.8148
"105242722",-0.1863
"105242725",-0.9947
"105242732",-0.7415
"105242736",-0.3476
"105242738",0.1484
"105242742",-0.6399
"105242748",-0.2096
"105242750",-0.4729
"105242751",1.1507
"105242752",-1.1898
"105242753",0.5028
"105242756",-0.651
"105242758",-0.1925
"105242769",-0.1838
"105242774",-1.9213
"105242797",1.0306
"105242798",-0.3268
"105242804",0.5725
"105242821",-0.7451
"105242836",-0.6949
"105242847",-0.3017
"105242854",-0.9325
"105242860",-0.1591
"105242865",-0.0806
"105242868",0.6
"105242870",0.0854
"105242881",-0.782
"105242884",-1.1581
"105242886",-0.8863
"105242887",0.6576
"105242888",0.2145
"105242891",-1.699
"105242894",1.4354
"105242900",0.2094
"105242908",0.1028
"105242910",0.1741
"105242912",-0.1086
"105242928",-1.0653
"105242930",-1.1496
"105242931",0.8916
"105242934",1.2103
"105242936",-2.3881
"105242937",0.3482
"105242946",0.4226
"105242959",2.1095
"105242964",0.7791
"105242978",0.5621
"105242981",1.1262
"105242994",-0.825
"105243004",-0.5347
"105243005",-0.8159
"105243011",-0.0642
"105243016",-0.0254
"105243028",0.3997
"105243040",-1.4869
"105243044",-2.0184
"105243045",0.5111
"105243046",-1.2582
"105243050",0.2198
"105243058",-0.5677
"105243068",0.3842
"105243071",0.1273
"105243074",-0.0639
"105243086",-0.1607
"105243124",-0.6339
"105243128",-0.4397
"105243132",-1.5235
"105243140",1.0578
"105243151",-1.2951
"105243154",-1.4026
"105243158",-1.0043
"105243163",1.4503
"105243165",1.1582
"105243173",-1.9973
"105243177",-0.0545
"105243183",-0.255
"105243189",-0.2962
"105243194",-0.015
"105243202",1.1966
"105243207",1.6371
"105243209",-0.9473
"105243215",1.0221
"105243219",0.026
"105243227",0.0345
"105243235",-1.8529
"105243237",0.3915
"105243238",-1.2309
"105243239",-0.5266
"105243241",2.5147
"105243242",-1.2913
"105243269",0.7207
"105243280",1.3157
"105243282",1.0713
"105243288",-0.3471
"105243290",0.5726
"105243295",-1.7225
"105243299",1.7798
"105243311",0.7264
"105243314",-1.4441
"105243315",-0.5964
"105243316",-1.4374
"105243330",0.4502
"105243331",0.3708
"105243332",0.29
"105243337",-0.7842
"105243352",-0.4501
"105243355",-1.619
"105243356",-1.1713
"105243360",0.9993
"105243361",-0.0247
"105243368",-1.5228
"105243369",-1.0734
"105243374",1.0913
"105243376",0.7073
"105243388",-1.9446
"105243390",1.063
"105243391",0.0799
"105243396",0.7773
"105243398",0.0837
"105243402",-0.15
"105243403",0.9217
"105243412",-1.4611
"105243425",-0.4699
"105243426",-0.7443
"105243451",-0.3179
"105243462",-1.2905
"105243467",0.484
"105243468",1.2839
"105243471",0.4434
"105243472",0.0227
"105243473",-0.4336
"105243483",-2.6854
"105243485",0.8183
"105243496",0.1497
"105243499",0.2771
"105243502",1.7106
"105243506",2.7574
"105243523",0.4157
"105243528",-0.9381
"105243532",-0.3384
"105243537",0.479
"105243544",0.0059
"105243545",-0.4534
"105243553",-0.0184
"105243554",-0.7005
"105243555",-0.9249
"105243561",0.9767
"105243562",-0.4316
"105243573",-0.2891
"105243578",-0.3563
"105243582",1.3364
"105243583",0.9275
"105243585",2.5002
"105243599",-0.2255
"105243601",-1.0022
"105243604",-1.4943
"105243612",-0.1694
"105243645",1.9061
"105243648",-0.9463
"105243665",0.3234
"105243666",0.0035
"105243668",-1.448
"105243672",-1.1936
"105243676",1.902
"105243682",0.7377
"105243684",0.6552
"105243685",-0.7079
"105243688",-0.7783
"105243692",-1.0438
"105243695",-1.0007
"105243701",1.0821
"105243704",0.1563
"105243712",-0.5641
"105243714",-0.2726
"105243722",-0.7658
"105243726",-1.3877
"105243729",2.0864
"105243735",-0.5171
"105243737",0.3733
"105243739",-0.1689
"105243791",-0.1691
"105243852",0.7991
"105243866",-1.9101
"105243877",0.224
"105243878",0.5559
"105243880",-0.4744
"105243884",0.4741
"105243895",0.5609
"105243905",1.4382
"105243907",-0.5324
"105243908",-0.6891
"105243914",0.8931
"105243915",0.3518
"105243920",-0.9161
"105243926",0.7959
"105243934",-0.2625
"105243938",-0.0178
"105243942",0.5655
"105243954",0.1435
"105243955",0.3261
"105243961",0.3779
"105243962",-0.1826
"105243964",1.0495
"105243973",0.0673
"105243975",-0.5044
"105243976",1.2511
"105243998",0.8355
"105244006",-0.954
"105244007",-1.8578
"105244012",-0.664
"105244023",0.504
"105244024",0.2478
"105244026",-1.1203
"105244028",1.5955
"105244034",-2.2239
"105244055",-1.8102
"105244060",2.099
"105244068",-0.0525
"105244069",0.7751
"105244072",-0.533
"105244073",0.2596
"105244074",0.2926
"105244085",-0.5642
"105244087",-0.6945
"105244092",-0.7628
"105244102",-0.7464
"105244104",1.0107
"105244113",1.3657
"105244117",0.2146
"105244118",0.2136
"105244124",0.2944
"105244127",-0.2547
"105244130",-2.3724
"105244137",-1.2812
"105244138",-0.8895
"105244140",-1.1276
"105244151",0.8851
"105244159",-1.4812
"105244162",2.2811
"105244172",0.0615
"105244189",-0.6711
"105244208",3.2924
"105244210",-0.8615
"105244214",-0.4379
"105244222",0.5207
"105244225",-1.7432
"105244227",-0.6202
"105244229",-0.1608
"105244236",2.8091
"105244240",-1.3876
"105244241",-1.632
"105244242",-0.0441
"105244244",-1.1416
"105244251",0.5945
"105244262",0.2583
"105244267",-0.9184
"105244278",-0.9161
"105244292",-0.1135
"105244294",1.3598
"105244299",-1.2589
"105244306",0.3018
"105244314",-2.4374
"105244317",2.7612
"105244318",0.4267
"105244320",1.8466
"105244329",0.7863
"105244333",-0.3354
"105244343",-2.8218
"105244353",-0.4726
"105244354",-1.359
"105244357",0.749
"105244375",-0.2194
"105244387",-1.3981
"105244388",-0.6267
"105244389",0.1104
"105244402",0.7529
"105244413",-1.3737
"105244415",-0.2734
"105244418",1.7973
"105244447",0.5824
"105244449",0.5519
"105244450",3.0112
"105244453",-1.1786
"105244477",1.562
"105244479",1.177
"105244487",-1.8609
"105244493",2.057
"105244512",0.1303
"105244522",-0.3777
"105244527",-0.1876
"105244528",-0.2986
"105244530",-0.7914
"105244533",-0.217
"105244546",1.1126
"105244552",-0.4514
"105244557",0.0678
"105244567",-2.3355
"105244574",-0.7358
"105244588",0.3064
"105244589",0.2101
"105244591",0.3327
"105244595",-0.5
"105244605",-0.099
"105244619",1.4327
"105244625",-0.8543
"105244627",0.5048
"105244629",0.1281
"105244630",-0.6066
"105244634",-0.8681
"105244642",-0.7228
"105244644",-0.6946
"105244653",0.9605
"105244659",1.2633
"105244660",-0.0227
"105244662",-0.4789
"105244664",-0.8705
"105244666",0.9301
"105244667",-0.5776
"105244669",0.8609
"105244678",0.1911
"105244699",-1.5053
"105244701",0.252
"105244703",0.8635
"105244710",-0.4177
"105244712",-0.8868
"105244720",0.4789
"105244729",-0.3916
"105244730",-0.9478
"105244732",0.9497
"105244746",-0.5757
"105244755",0.6227
"105244756",-1.4282
"105244768",-0.1209
"105244777",-2.0203
"105244779",-1.8092
"105244786",-0.8429
"105244788",0.1045
"105244789",-0.5915
"105244797",1.3126
"105244798",-1.2103
"105244799",-0.9475
"105244801",-0.4545
"105244804",0.9762
"105244807",0.6812
"105244808",-1.3554
"105244811",-0.8525
"105244829",-1.5214
"105244831",0.4798
"105244833",0.4817
"105244835",0.1834
"105244847",0.1117
"105244860",0.0438
"105244870",1.7984
"105244871",0.9863
"105244875",1.0479
"105244879",-1.5254
"105244913",-0.4486
"105244921",-0.9353
"105244922",0.5617
"105244926",-1.0969
"105244927",-0.8644
"105244929",0.3105
"105244932",-1.006
"105244940",0.0558
"105244946",-1.3019
"105244947",-1.7019
"105244956",-1.0889
"105244957",0.4299
"105244975",-0.5374
"105244978",0.3039
"105244981",0.328
"105244984",0.5214
"105244999",-2.2834
"105245003",-0.5909
"105245005",0.929
"105245009",-0.9422
"105245011",-0.267
"105245013",-0.8347
"105245014",1.0713
"105245032",-1.6498
"105245048",-0.5984
"105245059",-1.643
"105245069",1.0475
"105245074",-0.968
"105245076",-2.8031
"105245082",-0.731
"105245094",0.5458
"105245096",0.7906
"105245097",-1.103
"105245109",-0.821
"105245122",-0.7803
"105245123",-1.1441
"105245126",-1.3996
"105245137",-0.4619
"105245155",-1.1126
"105245158",-0.8839
"105245160",0.2097
"105245166",-0.4468
"105245183",-0.7083
"105245202",0.9807
"105245207",1.0497
"105245211",0.2432
"105245221",-0.2193
"105245229",-0.8687
"105245231",0.4845
"105245239",-0.9951
"105245249",0.6988
"105245255",0.5086
"105245261",1.6393
"105245265",0.0647
"105245272",-0.1366
"105245273",-0.3896
"105245277",-0.1219
"105245278",-1.1849
"105245284",0.4779
"105245285",-0.981
"105245291",-1.7414
"105245305",-0.2242
"105245307",0.0992
"105245323",-0.5407
"105245324",-0.8649
"105245325",1.5243
"105245342",3.5569
"105245348",0.1347
"105245356",2.1678
"105245357",-0.4679
"105245359",-2.6045
"105245369",-0.5282
"105245375",-1.8768
"105245376",0.1543
"105245381",-0.2625
"105245382",1.057
"105245391",-0.4013
"105245401",0.0608
"105245406",0.5779
"105245412",-0.6744
"105245415",-0.283
"105245433",-1.1552
"105245434",2.084
"105245437",0.9697
"105245453",0.771
"105245459",1.2392
"105245463",0.0304
"105245478",1.0377
"105245487",-2.0324
"105245518",1.5219
"105245549",0.9007
"105245559",0.127
"105245571",0.8852
"105245576",-0.8447
"105245586",0.5446
"105245592",1.3864
"105245593",-0.1109
"105245595",-0.8056
"105245598",-1.8909
"105245602",-0.1971
"105245608",0.2443
"105245626",0.4381
"105245627",-0.6627
"105245634",0.8941
"105245637",2.8949
"105245641",0.7767
"105245644",1.3597
"105245648",-1.749
"105245650",-1.4072
"105245677",-1.5592
"105245679",-1.6934
"105245681",0.675
"105245694",0.3933
"105245696",-1.5905
"105245700",0.2714
"105245701",0.7574
"105245727",-0.0146
"105245730",-0.6964
"105245746",0.057
"105245766",0.0627
"105245772",0.025
"105245779",1.5807
"105245780",-0.3854
"105245781",-0.1322
"105245782",0.4682
"105245784",2.4998
"105245789",-0.8761
"105245790",0.2172
"105245791",-1.3519
"105245798",-0.9032
"105245799",0.2103
"105245801",0.2467
"105245804",-1.007
"105245807",-1.007
"105245808",0.7247
"105245820",0.4542
"105245822",0.0699
"105245825",-1.385
"105245842",-0.9639
"105245846",-0.3194
"105245859",-0.8591
"105245861",-0.4468
"105245865",-0.1547
"105245866",0.3329
"105245869",0.1965
"105245870",0.6525
"105245883",-0.6662
"105245904",-1.594
"105245905",-1.384
"105245907",-0.1355
"105245911",-0.3007
"105245912",1.0767
"105245913",0.0679
"105245917",-0.339
"105245921",-1.2568
"105245925",-0.9258
"105245927",1.4911
"105245930",0.0796
"105245938",0.1281
"105245941",-0.134
"105245967",1.2292
"105245974",1.2526
"105245975",-0.5515
"105245978",-0.7512
"105245981",0.2909
"105245991",-1.0408
"105245994",0.3177
"105246001",0.1469
"105246003",-0.4038
"105246008",0.3205
"105246012",0.0926
"105246016",-0.872
"105246018",0.1846
"105246020",0.6102
"105246027",-1.2546
"105246035",0.2475
"105246041",-0.3991
"105246042",0.484
"105246049",-0.2219
"105246056",-2.4282
"105246062",1.2978
"105246064",0.2258
"105246070",-0.6839
"105246071",-0.8248
"105246073",-1.1161
"105246084",0.7584
"105246086",0.5123
"105246097",-1.4974
"105246099",1.308
"105246105",0.1434
"105246108",0.0323
"105246114",-0.8444
"105246117",0.4756
"105246118",0.9222
"105246120",1.1244
"105246122",1.3113
"105246124",0.5817
"105246126",1.5351
"105246140",-0.7803
"105246158",-1.1838
"105246162",0.662
"105246164",-1.2829
"105246170",-0.5386
"105246173",1.2697
"105246176",-0.3841
"105246178",0.4123
"105246180",-0.338
"105246190",-0.9874
"105246192",0.6035
"105246193",0.6514
"105246216",-2.5503
"105246223",1.439
"105246224",-1.4908
"105246233",-1.5363
"105246235",0.0796
"105246241",-0.0688
"105246247",0.7482
"105246249",-0.1185
"105246251",-1.3026
"105246254",1.0215
"105246256",0.6649
"105246260",0.1863
"105246264",0.534
"105246270",0.0295
"105246273",-0.5964
"105246278",-1.7534
"105246280",-0.7352
"105246284",-0.2918
"105246285",-1.3981
"105246286",1.1182
"105246294",1.3856
"105246299",-0.4802
"105246300",-0.7878
"105246303",-0.9433
"105246304",-0.9876
"105246306",-2.003
"105246307",-0.2179
"105246309",-0.771
"105246311",-0.1463
"105246318",1.6784
"105246320",0.7416
"105246321",0.3675
"105246334",1.3398
"105246337",0.5831
"105246339",-0.94
"105246349",-1.4846
"105246363",-1.6122
"105246366",-0.9975
"105246367",-1.3221
"105246371",-2.5421
"105246377",0.8765
"105246379",0.9612
"105246380",0.3411
"105246381",0.089
"105246394",0.8183
"105246396",0.1651
"105246401",1.5662
"105246402",-0.464
"105246404",0.7455
"105246406",-0.1779
"105246410",-0.8771
"105246412",-1.2221
"105246414",0.4974
"105246418",-0.0146
"105246440",-0.746
"105246445",0.8689
"105246449",1.7741
"105246452",0.7216
"105246454",-1.6636
"105246464",1.6226
"105246471",-0.777
"105246493",-0.3035
"105246496",0.3767
"105246500",0.0373
"105246501",1.3501
"105246506",-0.499
"105246514",0.9032
"105246519",1.534
"105246536",0.76
"105246542",0.787
"105246555",-1.0925
"105246560",-0.509
"105246561",-0.0466
"105246562",-0.4407
"105246572",-1.6595
"105246574",0.625
"105246577",0.4965
"105246585",-1.1405
"105246588",-1.1503
"105246591",-0.1028
"105246608",-0.8975
"105246610",-1.7842
"105246611",1.6086
"105246614",-1.6886
"105246618",-1.7672
"105246627",2.0067
"105246642",0.163
"105246644",-1.7876
"105246657",-1.2059
"105246658",-0.6362
"105246660",-1.8682
"105246665",0.0181
"105246666",-0.2065
"105246679",-0.4091
"105246694",-1.3484
"105246700",-1.7361
"105246702",0.3214
"105246707",-0.7095
"105246710",-0.227
"105246714",0.5912
"105246717",-2.0868
"105246735",0.2759
"105246738",-1.653
"105246751",0.4476
"105246760",1.4782
"105246763",0.8128
"105246765",-1.7261
"105246769",-0.2764
"105246773",-1.0532
"105246782",-0.2515
"105246802",-0.1696
"105246804",-1.7192
"105246807",0.6397
"105246824",2.8868
"105246830",0.3124
"105246832",0.0227
"105246839",-0.2749
"105246843",0.3536
"105246846",-0.5183
"105246847",-0.9949
"105246848",-0.9325
"105246860",0.0507
"105246862",0.4776
"105246865",1.668
"105246878",0.9599
"105246880",1.2469
"105246887",-0.224
"105246894",-1.118
"105246895",0.3669
"105246904",-0.4843
"105246908",-0.1713
"105246912",-0.5324
"105246914",0.0464
"105246915",2.6323
"105246918",0.0796
"105246931",0.4081
"105246933",2.5589
"105246940",0.087
"105246945",-0.6465
"105246952",1.1039
"105246956",0.2412
"105246957",1.4622
"105246959",-0.8855
"105246961",0.6859
"105246968",-1.3685
"105246972",-0.3633
"105246973",-0.0292
"105246978",-0.0459
"105247002",0.5248
"105247005",-0.306
"105247048",0.4471
"105247049",1.5681
"105247050",-0.0039
"105247056",0.4801
"105247059",0.2864
"105247062",-0.8504
"105247071",0.4123
"105247072",-0.0305
"105247078",-1.8241
"105247090",1.2957
"105247093",1.1183
"105247097",2.4708
"105247100",-0.7353
"105247101",-0.1527
"105247108",0.1193
"105247109",0.2955
"105247116",-1.7909
"105247123",0.8792
"105247124",-0.5393
"105247134",-0.1388
"105247136",1.63
"105247138",-0.4675
"105247145",0.64
"105247150",-1.0062
"105247151",-0.8872
"105247153",0.1452
"105247156",1.4418
"105247163",2.5525
"105247173",-0.0859
"105247188",-0.941
"105247199",0.5186
"105247200",-0.0654
"105247205",-1.5313
"105247219",-0.8257
"105247220",-3.5686
"105247224",-1.0786
"105247231",-0.1528
"105247234",-6.2991
"105247240",0.3486
"105247244",-0.621
"105247247",0.0017
"105247248",-1.6324
"105463124",-0.2054
"105704528",0.1231
"105734727",-1.6024
"105886298",0.8257
"105940408",2.4984
"105943584",1.8584
"105980075",0.9927
"106014251",2.3141
"106557447",0.2485
"108167334",-1.0317
"108167335",-1.377
"108167338",-0.5485
"108167341",-2.0359
"108167345",1.1819
"108167350",1.3657
"108167377",-0.4521
"108167379",1.4798
"108167408",-1.6784
"108167409",-2.8622
"108167416",1.1641
"108167428",-0.2628
"108167429",-1.3442
"108167435",-0.083
"108167437",-0.4491
"108167440",-1.8436
"108167443",0.9121
"108167448",1.4924
"108167450",0.0029
"108167455",0.615
"108167456",1.5455
"108167463",-2.5895
"108167466",-0.8721
"108167513",0.4015
"108167518",-0.4606
"108167529",-0.3819
"108167530",-1.0806
"108167532",-1.1322
"108167533",-0.9969
"108167537",0.5275
"108167546",-0.1568
"108167548",0.2934
"108167550",-1.1769
"108167554",-0.9446
"108167558",-2.1677
"108167560",0.0729
"108167561",1.0527
"108167562",-0.8001
"108167563",0.2201
"108167589",-0.9615
"108167592",-0.7432
"108167597",-0.8549
"108167615",0.5601
"108167623",-0.2616
"108167626",0.7372
"108167628",-0.9366
"108167630",-0.787
"108167633",1.9167
"108167636",0.8457
"108167637",-1.0309
"108167638",1.2117
"108167640",0.0527
"108167644",0.4171
"108167645",-0.4653
"108167650",-0.2328
"108167653",0.5305
"108167657",-0.1367
"108167659",-1.0964
"108167660",-0.9166
"108167667",3.0448
"108167668",-0.1555
"108167669",-1.0675
"108167687",-0.4479
"108167690",0.9336
"108167691",-0.1694
"108167693",0.5802
"108167700",1.061
"108167704",-0.8369
"108167719",-0.364
"108167721",0.3147
"108167723",0.5694
"108167725",-2.4045
"108167727",0.2145
"108167728",-1.1146
"108167732",0.5247
"108167733",-0.0417
"108167736",1.0539
"108167737",-1.4797
"108167740",1.3687
"108167742",0.6765
"108167745",0.1012
"108167746",-0.7339
"108167747",1.6685
"108167748",0.4342
"108167749",1.8145
"108167751",-1.3543
"108167755",-0.2619
"108167759",-0.6023
"108167760",0.6563
"108167761",-1.6668
"108167764",0.2926
"108167777",-0.0875
"108167784",0.756
"108167788",-0.2574
"108167790",-1.0787
"108167793",1.7799
"108167796",0.4715
"108167801",-0.3364
"108167802",-0.3611
"108167804",-0.2132
"108167812",-0.3327
"108167825",1.0066
"108167827",1.9268
"108167831",-0.3107
"108167844",-0.643
"108167845",1.2029
"108167847",-0.0196
"108167848",-0.1722
"108167853",0.0104
"108167860",1.3597
"108167863",-0.8935
"108167866",-0.1421
"108167878",0.879
"108167879",-0.3143
"108167881",-1.4093
"108167882",-2.0933
"108167883",1.4495
"108167886",1.2926
"108167888",-0.2175
"108167889",-1.0181
"108167895",-0.3336
"108167909",0.3159
"108167911",-0.1353
"108167912",0.8141
"108167917",0.182
"108167922",-1.2925
"108167924",-1.5266
"108167925",-0.8538
"108167930",-1.4057
"108167934",0.5189
"108167935",-0.0769
"108167940",0.9829
"108167941",-1.2959
"108167945",-0.2279
"108167980",1.0778
"108167995",-1.6875
"108167996",-1.0455
"108167997",-1.054
"108168003",-0.2932
"108168009",-1.3182
"108168022",1.2729
"108168026",-0.5894
"108168027",1.7062
"108168028",0.6205
"108168049",-2.2407
"108168068",0.0592
"108168069",-0.4842
"108168071",-0.3277
"108168076",-0.7831
"108168077",0.8732
"108168079",-2.2591
"108168080",-0.4584
"108168084",1.5266
"108168085",-1.5281
"108168092",0.1058
"108168101",0.0112
"108168102",-0.1944
"108168104",0.2612
"108168105",1.6557
"108168106",-0.1245
"108168109",-0.7886
"108168114",-1.5578
"108168142",0.5721
"108168160",1.0584
"108168162",-3.5587
"108168166",-0.6375
"108168201",-0.2817
"108168203",-0.0523
"108168205",0.0036
"108168237",0.236
"108168239",0.5958
"108168240",-0.4403
"108168244",-0.0414
"108168246",2.1393
"108168251",-0.9561
"108168254",-2.0643
"108168256",-0.3307
"108168260",0.7481
"108168265",0.0701
"108168283",-0.2445
"108168287",-0.8926
"108168292",-0.9413
"108168293",-1.1823
"108168294",-0.2482
"108168296",1.5102
"108168297",0.3159
"108168305",0.3248
"108168307",1.2584
"108168308",1.636
"108168309",-0.112
"108168311",0.0055
"108168326",-0.9143
"108168332",0.1012
"108168334",0.4237
"108168335",-0.1668
"108168336",0.5272
"108168338",1.5403
"108168344",-0.2616
"108168347",-0.4095
"108168349",1.2624
"108168354",0.3862
"108168355",-0.6457
"108168358",1.3753
"108168361",-0.4524
"108168373",1.0443
"108168376",0.5718
"108168379",2.486
"108168380",0.4694
"108168382",-1.6374
"108168390",-0.8955
"108168391",1.3553
"108168393",1.282
"108168395",-0.7187
"108168397",-0.0468
"108168398",0.3265
"108168407",-1.7383
"108168411",0.9223
"108168413",-0.3555
"108168414",1.4024
"108168420",0.1284
"108168421",1.11
"108168423",1.0496
"108168424",1.2039
"108168478",-0.5853
"108168479",1.4675
"108168481",0.0516
"108168482",-0.8811
"108168484",1.1531
"108168487",0.2255
"108168645",4.3152
"108168696",-0.4311
"108168707",0.9444
"108168727",-1.8317
"108168731",1.5367
"108168734",-0.4293
"108168740",-0.4191
"108168741",-0.6173
"108168746",0.152
"108168747",-0.5976
"108168748",1.143
"108168752",0.1303
"108168756",-1.0847
"108168760",0.6081
"108168762",2.1109
"108168763",-1.3149
"108168771",-0.9351
"108168774",1.0544
"108168775",0.4928
"108168783",-0.984
"108168785",-1.8088
"108168786",-1.9264
"108168787",-0.4504
"108168793",-0.7109
"108168795",1.1008
"108168797",2.6647
"108168801",-1.4189
"108168806",-0.2749
"108168807",-0.1569
"108168812",1.391
"108168813",-2.0868
"108168816",0.2897
"108168820",0.31
"108168823",0.1909
"108168834",-0.3444
"108168861",-0.0182
"108168868",-0.1326
"108168872",0.0043
"108168876",0.0761
"108168877",-0.3134
"108168883",-1.787
"108168886",-1.2445
"108168899",1.3991
"108168900",-0.3438
"108168903",0.2282
"108168904",0.9116
"108168906",-1.1674
"108168907",-0.8991
"108168908",-0.9863
"108168909",-0.5185
"108168911",0.4525
"108168922",0.6553
"108168925",0.1376
"108168926",-0.5786
"108168928",-0.4547
"108168930",-0.5115
"108168931",1.4138
"108168932",2.1085
"108168933",-1.7979
"108168934",0.0895
"108168937",-0.9415
"108168941",0.2513
"108168973",-0.505
"108168974",-0.2979
"108168977",-2.2118
"108168980",-0.2693
"108168981",-0.7375
"108168983",-0.1611
"108168985",0.196
"108168987",-0.8988
"108168988",0.2428
"108168990",1.8108
"108168994",-0.6519
"108168998",1.4733
"108169008",0.2453
"108169010",3.0356
"108169012",0.1132
"108169013",-1.2371
"108169017",-1.2636
"108169018",-0.3281
"108169021",-0.7848
"108169023",-1.2332
"108169029",-0.76
"108169031",-0.3
"108169033",-0.033
"108169034",0.7047
"108169043",-2.2467
"108169046",-1.7531
"108169047",0.4878
"108169054",0.233
"108169056",1.0224
"108169065",-1.2469
"108169069",-1.0102
"108169080",0.2283
"108169082",1.93
"108169083",0.0241
"108169085",-2.5045
"108169096",-0.3813
"108169124",1.0723
"108169128",0.9956
"108169134",0.7474
"108169137",-0.0684
"108169140",-0.5324
"108169145",1.2436
"108169150",-0.3483
"108169152",-1.498
"108169153",-0.9035
"108169155",-0.2539
"108169157",0.0973
"108169159",-1.6832
"108169162",0.976
"108169173",-0.8407
"108169181",-2.2387
"108169205",-0.5516
"109729085",-0.1195
"110599566",-0.6805
"110599589",-0.7165
"111365222",0.0296
"111828493",-3.3335
"112694759",-0.7108
"113002583",1.7073
"114841036",-1.0164
"115485727",-1.2729
"115485826",0.1394
"115485859",-0.4104
"115486002",0.5345
"115486031",0.6829
"115486129",-0.0812
"115486179",0.2012
"115486239",-0.8074
"115486294",0.6668
"115486328",0.4208
"115486409",-2.0312
"115486414",1.7197
"115486415",1.6369
"115486416",0.7606
"115486419",0.565
"115486421",0.1183
"115486423",-1.3406
"115486428",0.1153
"115486436",-0.8368
"115486438",0.2471
"115486451",0.1894
"115486455",-0.7064
"115486457",-3.4055
"115486458",0.2977
"115486461",1.3399
"115486468",0.7993
"115486472",-1.8577
"115486473",0.7827
"115486474",0.8279
"115486477",0.2448
"115486479",-0.999
"115486483",-2.627
"115486493",1.0833
"115486503",0.974
"115486504",0.5058
"115486508",0.8547
"115486509",-0.269
"115486510",-1.9085
"115486512",1.3383
"115486514",0.4578
"115486518",-2.0871
"115486520",-1.1478
"115486522",-0.4049
"115486524",-1.7109
"115486526",-0.3127
"115486529",-1.8431
"115486531",-0.2201
"115486533",-0.5747
"115486536",-0.8828
"115486537",0.5332
"115486538",1.0003
"115486546",1.2174
"115486869",1.1123
"115486872",-0.9683
"115486873",1.078
"115486874",1.2624
"115486875",-0.5924
"115486877",-1.631
"115486887",-1.6768
"115486889",-1.4992
"115486890",-0.8867
"115486891",0.806
"115486893",-0.4322
"115486898",-0.1069
"115486899",-0.7952
"115486902",-1.1105
"115486903",0.629
"115486904",-0.8198
"115486905",0.37
"115486907",0.9949
"115486908",0.9172
"115486910",-0.0454
"115486913",0.4296
"115486914",0.3262
"115486924",-0.3607
"115486927",-1.8025
"115486929",-1.382
"115486930",-1.4257
"115486931",-0.323
"115486932",0.7715
"115486936",0.0142
"115486940",0.3714
"115486954",-1.5072
"115486959",0.7391
"115486963",-0.4511
"115486979",-0.0662
"115486980",-0.668
"115486982",-0.1525
"115487079",0.1683
"115487080",-0.7917
"115487081",-0.094
"115487083",-0.7853
"115487084",-0.4116
"115487094",0.2424
"115487096",-0.0241
"115487097",0.1644
"115487103",-1.7444
"115487108",-0.6958
"115487114",1.1227
"115487119",-0.0581
"115487125",0.9877
"115487130",-0.0725
"115487131",-1.3953
"115487132",0.6405
"115487136",0.2239
"115487138",-1.9302
"115487140",2.1651
"115487147",-0.3601
"115487151",-0.5003
"115487152",-1.4931
"115487153",0.3421
"115487155",0.9969
"115487158",-0.1728
"115487160",0.57
"115487161",0.9218
"115487165",-0.4914
"115487166",-1.5703
"115487168",-1.1281
"115487180",0.2626
"115487184",-0.5905
"115487188",-0.5507
"115487193",0.1071
"115487194",0.0476
"115487198",1.4418
"115487201",0.0069
"115487202",-1.8178
"115487203",-1.0005
"115487205",1.6533
"115487206",-1.818
"115487207",-1.0115
"115487208",-0.1422
"115487210",-0.9674
"115487215",0.2632
"115487218",-1.3717
"115487220",0.5766
"115487221",-1.5888
"115487222",-0.5933
"115487224",-0.8655
"115487229",0.3039
"115487231",0.6582
"115487232",0.0072
"115487346",-1.1868
"115487348",0.4108
"115487352",-0.166
"115487354",1.726
"115487357",2.2566
"115487359",0.8796
"115487361",-0.026
"115487362",-0.3404
"115487364",-0.6939
"115487365",-0.4938
"115487369",1.0437
"115487379",0.48
"115487387",-0.7258
"115487392",-1.0323
"115487393",-0.4541
"115487396",0.2688
"115487399",-0.9255
"115487400",-0.8038
"115487402",-1.0842
"115487412",-0.5163
"115487419",1.1536
"115487423",0.1891
"115487436",1.8512
"115487438",0.9528
"115487441",0.0623
"115487446",-1.6957
"115487452",1.3432
"115487454",0.3448
"115487458",-0.4703
"115487460",-1.4349
"115487463",0.3896
"115487464",-1.8699
"115487465",-1.2971
"115487467",-0.0935
"115487470",1.5062
"115487471",0.5885
"115487474",1.507
"115487476",-0.2482
"115487482",-0.1514
"115487687",0.0719
"115487688",0.0719
"115487718",-0.1697
"115487726",1.1099
"115487728",1.4381
"115487729",-0.8732
"115487730",0.5378
"115487739",0.159
"115487740",0.1458
"115487741",-1.392
"115487747",1.4645
"115487751",-0.0946
"115487754",0.3525
"115487755",1.8918
"115487762",-0.579
"115487763",-0.0254
"115487764",-0.5577
"115487765",-1.0991
"115487767",0.5253
"115487771",-0.3581
"115487772",1.8344
"115487774",0.7745
"115487776",-0.5914
"115487782",2.12
"115487784",-1.5517
"115487786",1.621
"115487788",0.748
"115487790",0.1383
"115487791",-0.9111
"115487792",-0.2943
"115487797",0.7627
"115487798",-1.5991
"115487804",0.138
"115487808",-1.2348
"115487809",-0.422
"115487810",0.1859
"115487814",-0.5252
"115487818",-0.2479
"115487819",-0.4138
"115487821",1.969
"115487822",0.2196
"115487829",1.8497
"115487830",-0.6628
"115487834",0.4913
"115487842",-1.1383
"115487915",0.0552
"115487947",-2.4324
"115487949",0.8366
"115487952",-0.4284
"115487953",-0.353
"115487954",-2.1549
"115487955",0.7303
"115487959",-2.046
"115487962",1.6397
"115487963",0.7198
"115487965",-1.2097
"115487989",0.4136
"115487992",-0.2092
"115487993",-0.0671
"115487994",0.1451
"115487995",-0.3148
"115488002",1.3352
"115488004",-1.5808
"115488011",0.3425
"115488012",-0.0079
"115488014",-1.3083
"115488020",-0.9128
"115488028",-1.0212
"115488030",0.1289
"115488051",-0.1186
"115488060",-0.9727
"115488065",-0.9727
"115488073",-0.9727
"115488074",-0.9727
"115488075",-0.9727
"115488120",2.1377
"115488122",0.3598
"115488124",0.8242
"115488130",0.8238
"115488138",-0.7165
"115488151",0.659
"115488152",0.3905
"115488156",0.0052
"115488157",-1.0293
"115488160",0.8153
"115488162",-1.5846
"115488163",-0.3212
"115488165",0.439
"115488167",-1.7969
"115488169",-2.5719
"115488171",-0.392
"115488173",-0.949
"115488174",0.6238
"115488179",0.3635
"115488181",-0.0328
"115488190",-0.2161
"115488204",-0.837
"115488208",1.2166
"115488210",-0.6623
"115488277",-2.1428
"115488278",-1.0068
"115488282",-1.8143
"115488283",0.9756
"115488284",0.362
"115488289",-1.7436
"115488298",0.0856
"115488299",0.8579
"115488304",1.2246
"115488306",0.2328
"115488310",1.0926
"115488312",0.059
"115488313",-3.0811
"115488316",-1.6253
"115488319",0.727
"115488322",-0.7454
"115488323",-0.4154
"115488324",-0.0946
"115488331",0.4776
"115488332",-0.0771
"115488333",-1.5427
"115488334",0.5725
"115488335",0.9654
"115488336",-0.0402
"115488337",-1.1057
"115488340",0.9877
"115488342",-0.5512
"115488349",-0.1854
"115488350",0.892
"115488359",-1.9714
"115488362",-2.2204
"115488373",0.4037
"115488374",-0.471
"115488381",-0.2776
"115488467",-0.4704
"115488469",0.2492
"115488470",-1.0576
"115488471",-1.5317
"115488473",-1.6947
"115488476",0.3478
"115488481",-1.3656
"115488483",-0.2401
"115488486",0.7618
"115488487",0.5113
"115488489",-1.9658
"115488491",-0.5108
"115488500",-0.4334
"115488501",0.2763
"115488507",-0.7999
"115488510",-0.334
"115488511",-0.9905
"115488513",-0.1376
"115488515",1.1828
"115488517",0.0796
"115488521",0.6685
"115488525",-1.6669
"115488526",0.5671
"115488527",-0.57
"115488535",-0.2419
"115488536",-0.5146
"115488611",-0.551
"115488612",0.5111
"115488613",-0.8871
"115488620",1.0458
"115488623",-0.6569
"115488625",1.8066
"115488629",-0.6586
"115488630",-0.2347
"115488633",0.8238
"115488642",-1.5219
"115488645",0.0884
"115488646",0.192
"115488649",-0.0684
"115488666",0.3819
"115488667",-1.8166
"115488669",-1.0913
"115488671",0.738
"115488768",-0.2822
"115488769",-0.5334
"115488770",-0.0765
"115488771",-0.6446
"115488775",-0.5259
"115488779",0.2423
"115488781",0.9207
"115488784",0.4198
"115488785",0.2255
"115488787",0.7293
"115488788",0.1095
"115488789",1.0426
"115488793",0.3354
"115488795",0.3186
"115488798",-0.6101
"115488800",0.6098
"115488801",0.261
"115488807",-1.3781
"115488815",1.087
"115488816",-0.2916
"115488819",1.5557
"115488820",0.1151
"115488825",-0.2814
"115488826",0.0797
"115488895",-1.6761
"115488896",-0.0475
"115488898",-0.8752
"115488899",2.2145
"115488903",0.8432
"115488913",-0.4796
"115488916",-1.6708
"115488917",1.5548
"115488922",0.0992
"115488924",0.2029
"115488926",0.4074
"115488927",-0.3347
"115488930",-0.7301
"115488931",1.2441
"115488934",0.243
"115488935",1.3565
"115488936",-0.051
"115488942",0.0496
"115488991",-0.9727
"115489000",-0.9727
"115489003",1.9358
"115489006",-1.1314
"115489007",-0.546
"115489008",2.099
"115489010",0.1554
"115489013",-0.2843
"115489014",0.4263
"115489019",-0.739
"115489028",0.1193
"115489029",-0.7434
"115489031",-0.2063
"115489035",-1.5077
"115489036",0.331
"115489037",0.9705
"115489041",-0.2525
"115489044",-0.7571
"115489050",-0.2249
"115489102",0.5672
"115489113",-1.5148
"115489117",0.6486
"115489119",0.9816
"115489128",1.7571
"115489130",2.0736
"115489131",0.6532
"115489136",-1.551
"115489151",0.2729
"115489152",0.394
"115489304",1.7721
"115489346",-0.0136
"115489390",-0.1694
"115489399",0.0193
"115489417",0.2099
"115489420",1.9153
"115489421",0.2245
"115489434",0.4596
"115489435",0.644
"115489436",0.1762
"115489437",0.7342
"115489439",-1.0519
"115489442",0.7237
"115489444",0.3039
"115489446",-0.4039
"115489448",-2.3291
"115489449",0.64
"115489452",2.7479
"115489453",-1.757
"115489456",-1.0151
"115489457",-2.3291
"115489464",0.2252
"115489466",0.362
"115489467",1.2259
"115489469",-2.0855
"115489470",0.7296
"115489472",-0.1086
"115489474",-0.0518
"115489475",-1.8926
"115489476",-0.8565
"115489477",0.2999
"115489480",0.2506
"115489486",0.7405
"115489487",-0.2332
"115489503",-1.8125
"115489514",-0.8882
"115489518",1.1476
"115489519",-1.0981
"115489522",1.4292
"115489526",1.093
"115489534",0.4171
"115489538",0.7609
"115489542",-1.023
"115489543",1.1111
"115489544",0.3376
"115489549",-0.0035
"115489550",-0.047
"115489675",1.3959
"115489678",0.4267
"115489682",-1.6992
"115489683",0.3851
"115489684",2.2793
"115489693",-0.2642
"115489697",0.0963
"115489699",-0.9183
"115489703",-0.049
"115489707",2.0051
"115489709",-0.3793
"115489710",-0.1818
"115489712",0.8221
"115489716",-0.4966
"115489722",-0.4269
"115489723",0.032
"115489727",2.0036
"115489728",-0.7624
"115489729",1.5524
"115489731",-0.4646
"115489735",-0.2406
"115489736",0.6477
"115489748",0.628
"115489854",-2.1503
"115489886",0.0162
"115489888",-1.2781
"115489889",1.4123
"115489890",-1.4253
"115489891",-1.7687
"115489892",-0.2951
"115489901",0.5818
"115489902",0.5376
"115489903",-0.2462
"115489904",-1.7992
"115489905",-2.8092
"115489913",1.6905
"115489917",0.4697
"115489918",-0.5946
"115489920",-1.1671
"115489922",-0.282
"115489924",-0.0539
"115489927",-0.0291
"115489928",2.1394
"115489936",0.5467
"115489937",1.08
"115489939",2.1967
"115489940",1.4564
"115489941",0.5742
"115489942",-0.7358
"115489944",0.577
"115489945",0.3419
"115489947",0.8095
"115489948",-0.8187
"115489950",0.5637
"115489954",-0.2962
"115489955",-1.4005
"115489956",0.954
"115489959",-0.6449
"115489972",-0.1658
"115489976",-1.1573
"115489978",0.9125
"115489979",-0.4464
"115489981",0.9389
"115489982",1.1859
"115489985",0.1281
"115489990",1.5269
"115489991",3.3827
"115489997",-0.2226
"115489998",0.7556
"115489999",1.2795
"115490106",0.3984
"115490109",0.4051
"115490110",-0.1087
"115490116",-0.9435
"115490117",0.0796
"115490120",-1.0525
"115490127",-1.0166
"115490128",1.4138
"115490130",-0.2354
"115490131",-0.4706
"115490136",-0.298
"115490137",0.1456
"115490138",1.0332
"115490139",-1.2771
"115490142",-0.4543
"115490143",-0.4865
"115490145",0.9808
"115490149",0.6759
"115490150",-2.1921
"115490154",2.3391
"115490159",-0.9701
"115490161",0.0738
"115490168",-1.3275
"115490169",0.6192
"115490172",0.2861
"115490178",-0.4263
"115490179",2.2602
"115490187",-0.0037
"115490190",-0.1639
"115490191",-0.5117
"115490193",0.9298
"115490200",1.2363
"115490202",2.3838
"115490204",-0.737
"115490211",-0.4008
"115490215",-1.2934
"115490216",1.1199
"115490218",-0.0303
"115490334",-0.9693
"115490342",-0.7663
"115490344",1.1022
"115490347",-1.3773
"115490349",-1.1305
"115490350",1.6903
"115490353",-0.5141
"115490354",-0.0942
"115490361",-1.0988
"115490362",-0.2047
"115490363",-0.3824
"115490365",-1.9065
"115490366",0.8093
"115490367",-0.2597
"115490372",0.3946
"115490374",-0.1682
"115490375",-0.7414
"115490385",-2.1904
"115490387",0.7069
"115490390",-0.1744
"115490393",-0.3967
"115490394",2.1731
"115490399",0.4279
"115490405",0.6176
"115490412",0.3807
"115490415",0.3048
"115490416",1.3165
"115490420",0.9787
"115490422",-0.3081
"115490424",-1.2169
"115490428",-1.5427
"115490433",-1.3793
"115490436",1.8344
"115490439",-1.2492
"115490440",-0.9575
"115490443",0.9435
"115490496",-1.5973
