"","GSE270831_social isolation"
"24152",0.377837391663227
"24163",0.866370471633629
"24165",0.254600431965443
"24166",0.158685939553219
"24167",0.0947232947232947
"24171",0.0465952262029091
"24172",0.577085088458298
"24173",0.165549402506558
"24174",0.782931748222057
"24175",0.112930547713156
"24176",0.106526631657914
"24177",0.550339071465832
"24179",0.127825409197194
"24180",0.573437568240381
"24182",0.503197748784855
"24183",0.251782682512733
"24186",0.186660596403369
"24188",0.189268008165646
"24190",0.247916666666667
"24191",0.0755766621438263
"24197",0.390243902439024
"24203",0.96969696969697
"24205",0.0889294848374132
"24207",0.482755133002933
"24208",0.0861944344054933
"24209",0.305202818359142
"24210",0.337830957230143
"24213",0.11438134810711
"24216",0.419173210846051
"24218",0.0966877853349483
"24221",0.301880974406414
"24223",0.0889570552147239
"24224",0.157459300773953
"24225",0.108780179039696
"24230",0.234533183352081
"24231",0.140128465179175
"24232",0.18807710999514
"24233",0.0994585489110817
"24235",0.420451034908866
"24236",0.256535947712418
"24237",0.573170731707317
"24239",0.0900838457238681
"24241",0.355479108435462
"24247",0.188129437015024
"24249",0.596971177332682
"24250",0.134900447329182
"24251",0.122353902738047
"24253",0.0939938623410785
"24254",0.500982187447977
"24255",0.520112774490728
"24257",0.666938405797101
"24258",0.0811069616010725
"24260",0.0899614598691188
"24261",0.325171400587659
"24265",0.807787903893952
"24268",0.140945903619849
"24271",0.391304347826087
"24273",0.506260995550036
"24278",0.372929936305732
"24279",0.550163269902038
"24284",0.37923364674957
"24291",0.392524502343702
"24294",0.588968241908524
"24296",0.645557428365037
"24298",0.559114825131538
"24299",0.538366123419357
"24303",0.506778868630201
"24307",0.14215087535625
"24309",0.150768063720842
"24310",0.139112903225806
"24311",0.141546947152386
"24312",0.121267077741506
"24314",0.177498252969951
"24316",0.143942919187219
"24318",0.173594388022197
"24323",0.147099447513812
"24326",0.160404212923427
"24329",0.0836824672618395
"24330",0.116750767880649
"24331",0.958035633535317
"24332",0.506260995550036
"24335",0.379817444219067
"24336",0.43639955837062
"24337",0.133618909991742
"24338",0.0904569892473118
"24356",0.0989868528952729
"24361",0.101926050892732
"24362",0.408168964029142
"24366",0.384767774598283
"24367",0.401385266578306
"24373",0.517826825127334
"24379",0.115354433690819
"24380",0.149088699878493
"24385",0.542203742203742
"24387",0.0845430326754744
"24390",0.129504430587463
"24397",0.138017245777846
"24398",0.0857215576482565
"24406",0.114243943191312
"24409",0.0539183773116595
"24412",0.0947808961102905
"24413",0.0822220278955883
"24414",0.0926604420281291
"24415",0.275048424018313
"24416",0.0633817180541864
"24417",0.155156950672646
"24418",0.0874629812438302
"24419",0.104985477897093
"24421",0.198222865113396
"24422",0.505834053586863
"24423",0.0822704557320802
"24424",0.281487440779476
"24426",0.0962800875273523
"24434",0.0832672482157018
"24438",0.295781516703243
"24440",0.175027529670867
"24443",0.654342332757016
"24446",0.145744680851064
"24448",0.094755877034358
"24450",0.153950953678474
"24451",0.18342658400121
"24459",0.496931238947259
"24464",0.237677077292685
"24465",0.0879526648278317
"24468",0.0693782084383828
"24470",0.377837391663227
"24471",0.128730974500889
"24472",0.146905480579739
"24473",0.0588320955293432
"24477",0.544212721584984
"24479",0.0812397479064146
"24482",0.196343624661879
"24483",0.222163791894545
"24484",0.10164997053624
"24493",0.324817356652646
"24494",0.422794653705954
"24498",0.689500119588615
"24499",0.0921933085501859
"24500",0.305721393034826
"24505",0.779214780600462
"24506",0.301977198876466
"24508",0.0892857142857143
"24516",0.107291816482094
"24517",0.0621355581108964
"24518",0.100968496048091
"24520",0.0964826575476307
"24521",0.423700326932818
"24522",0.0721039627482657
"24525",0.134650317892825
"24528",0.377627324171382
"24530",0.0899797931772257
"24536",0.206691211781655
"24539",0.126525079078174
"24546",0.576572385560104
"24547",0.0971144896059572
"24548",0.412789690650223
"24553",0.0484029866224204
"24558",0.109489051094891
"24559",0.797381342062193
"24561",0.104956965253427
"24564",0.415846849242223
"24565",0.0564188156750276
"24566",0.390728476821192
"24567",0.0976603575184017
"24571",0.179385791485436
"24572",0.420439610242465
"24575",0.376141710489898
"24581",0.5
"24582",0.132518494692827
"24583",0.287878787878788
"24584",0.245997438360551
"24585",0.656600693735972
"24588",0.113878854070402
"24590",0.138272129059648
"24596",0.314038031319911
"24598",0.112537451025582
"24599",0.352461128769006
"24600",0.135656753407683
"24602",0.192047531992687
"24603",0.0794042985276697
"24604",0.094311377245509
"24610",0.590341833966359
"24612",0.505834053586863
"24613",0.285507545999586
"24615",0.138998035363458
"24616",0.250300945829751
"24617",0.544862421906154
"24618",0.290614836611429
"24624",0.091395793499044
"24626",0.0554720836588737
"24627",0.0709033613445378
"24628",0.0943396226415094
"24629",0.0835857320288497
"24631",0.847884068278805
"24638",0.405838500661883
"24641",0.394736842105263
"24645",0.0804141501294219
"24646",0.206846251094039
"24648",0.382451285598985
"24649",0.387476143807706
"24650",0.0639799424273377
"24651",0.552898744322736
"24653",0.120125974805039
"24655",0.125379609544469
"24659",0.428143916207577
"24660",0.133627242322894
"24661",0.531033316421444
"24664",0.245187633676842
"24669",0.0876397137913296
"24674",0.130547780887645
"24675",0.0840235189985459
"24678",0.310096153846154
"24679",0.0691028136612989
"24680",0.127844335450671
"24684",0.375428571428571
"24688",0.161666181182639
"24689",0.0909561615464273
"24693",0.131847725162488
"24695",0.171734394240788
"24697",0.0647852648855658
"24699",0.0824884792626728
"24701",0.0925455804292638
"24705",0.0758928571428571
"24706",0.161815396399847
"24708",0.114884857841245
"24710",0.393685093884402
"24711",0.907929621595565
"24714",0.375
"24715",0.299643531138603
"24716",0.134519038076152
"24717",0.418458000905829
"24718",0.187360594795539
"24723",0.18147825003116
"24750",0.0564904618151455
"24751",0.612704187174549
"24763",0.266171328671329
"24766",0.0653860239038519
"24767",0.385125746838961
"24768",0.721284151025437
"24769",0.378934501375166
"24770",0.811776718856365
"24772",0.0961315904304768
"24775",0.116633151393278
"24777",0.980027684397864
"24778",0.0568377911993097
"24779",0.356512714063311
"24783",0.119015659955257
"24784",0.398713826366559
"24785",0.111493123772102
"24790",0.0817044222372007
"24791",0.134985854775697
"24795",0.526064973557273
"24796",0.169426229508197
"24797",0.132352941176471
"24800",0.0948827829594152
"24805",0.107183652747811
"24806",0.202260788958698
"24807",0.143444906355805
"24808",0.222118959107807
"24811",0.141085497519697
"24812",0.0841864716636197
"24816",0.269327731092437
"24817",0.472725523522432
"24825",0.112955854126679
"24826",0.3425431711146
"24827",0.0869085975919959
"24828",0.37923364674957
"24834",0.126726029165054
"24835",0.563780568407138
"24837",0.422557544757033
"24838",0.427728889721026
"24840",0.679377075460896
"24848",0.754966887417219
"24849",0.0687252997521602
"24852",0.0754664012454381
"24855",0.121517569648607
"24856",0.819486866218693
"24861",0.96093321850779
"24864",0.833104866346813
"24867",0.857142857142857
"24873",0.601178781925344
"24875",0.14535666218035
"24877",0.0863479546574667
"24881",0.178114086146682
"24882",0.23175690134817
"24884",0.138412347045441
"24886",0.225677830940989
"24889",0.670049916805324
"24890",0.245752101591844
"24898",0.682717305301232
"24903",0.37923364674957
"24906",0.444969742813918
"24907",0.0457012436201567
"24908",0.101237345331834
"24913",0.104074008183597
"24914",0.220832415767452
"24915",0.137943293929429
"24918",0.113994910941476
"24919",0.0631796130039592
"24924",0.0623631426819655
"24925",0.132122213047069
"24929",0.3239522960321
"24930",0.693638361413197
"24931",0.531353135313531
"24932",0.176868044515103
"24934",0.571428571428571
"24936",0.1
"24938",0.286287327291636
"24941",0.0563528744020109
"24942",0.165150789851604
"24943",0.162700194581649
"24944",0.0863135815416885
"24947",0.173209975864843
"24948",0.147902869757174
"24952",0.445607283649334
"24953",0.559533958510941
"24954",0.0577493100746142
"24957",0.0804677711262703
"24959",0.124540530083188
"24962",0.162479275602602
"24963",0.148235380708792
"24967",0.154567104555581
"24968",0.13455217748562
"24973",0.246113989637306
"24974",0.108860759493671
"24981",0.644938996836873
"24984",0.435448747861254
"24994",0.336048158640227
"25007",0.514970059880239
"25008",0.655511182108626
"25012",0.0655168283626782
"25021",0.178402273444901
"25023",0.0573061026015074
"25024",0.198102965544826
"25026",0.178198281866729
"25027",0.114510303802847
"25028",0.784766584766585
"25029",0.127310061601643
"25031",0.0722135518272857
"25033",0.13580003936233
"25035",0.0894707520891365
"25037",0.0666666666666667
"25041",0.236936132201876
"25043",0.0982525089479963
"25044",0.262891809908999
"25045",0.108315565031983
"25046",1.00760584805206
"25047",0.273097826086957
"25048",0.365343915343915
"25049",0.0903157917113976
"25050",0.151086597840947
"25051",0.975609756097561
"25053",0.84009009009009
"25056",0.170510708401977
"25059",0.234087694483734
"25061",0.137898219060135
"25065",0.693387250237869
"25066",0.187713310580205
"25069",0.253577705247301
"25075",0.174463541136988
"25081",0.934633027522936
"25083",0.187696859788107
"25084",0.113013698630137
"25085",0.446698635189967
"25086",0.544515027970039
"25098",0.627762463206093
"25100",0.489598674521355
"25101",0.646260869565217
"25102",0.132412204951065
"25103",0.509283819628647
"25106",0.60751585229392
"25107",0.346897810218978
"25108",0.479489767826007
"25109",0.236168989797385
"25110",0.556354182596727
"25111",0.0945917285259809
"25112",0.105868635833657
"25113",0.081312525010004
"25114",0.527093596059113
"25116",0.0724490302098318
"25117",0.68609022556391
"25118",0.117187152947448
"25119",0.315052508751459
"25120",0.78319898175647
"25122",0.464985994397759
"25123",0.127349939156133
"25128",0.37923364674957
"25129",0.110220440881764
"25130",0.0779732408325074
"25132",0.114437604924454
"25133",0.157214106015801
"25134",0.625909837990139
"25136",0.0829601696912562
"25139",0.332218792866941
"25146",0.548334115438761
"25147",0.327007299270073
"25148",0.063972384730908
"25149",0.493285563962519
"25152",0.0686233329833036
"25153",0.115528531337699
"25154",0.0658359293873313
"25155",0.109610327516137
"25156",0.0998428973044485
"25157",0.223991507430998
"25159",0.106925942938805
"25162",0.0956809694920031
"25163",0.948221343873518
"25164",0.183991381318425
"25165",0.127731391010837
"25166",0.155424662739882
"25172",0.546987657338384
"25176",0.0791092379542089
"25181",0.0770133536333936
"25186",0.119110640550556
"25187",0.163222543352601
"25192",0.500204960032794
"25193",0.08488634036453
"25194",0.677237700059277
"25195",0.152466367713004
"25196",0.075630850268712
"25197",0.135290469299152
"25203",0.241329479768786
"25206",0.130898782724696
"25211",0.141965904969169
"25216",0.293683525070545
"25221",0.394736842105263
"25223",0.492753623188406
"25225",0.59067946451124
"25231",0.446153846153846
"25235",0.0951673388523314
"25236",0.332561865764643
"25237",0.113054909495399
"25240",0.26163331212996
"25241",0.452237808951236
"25243",0.0984830243197688
"25245",0.256830089820359
"25248",0.123820099944475
"25249",0.119205298013245
"25250",0.566629339305711
"25253",0.352936824974109
"25254",0.377768662838392
"25256",0.188769414575866
"25257",0.0945786184766087
"25258",0.394462575007896
"25259",0.199868345264544
"25260",0.106711222500696
"25261",0.103729482651153
"25263",0.13986013986014
"25264",0.275862068965517
"25265",0.212483967507482
"25267",0.125826166311772
"25268",0.563876881412426
"25271",0.108238557558946
"25273",0.154970760233918
"25274",0.117910221413406
"25275",0.103597122302158
"25277",0.157913195966681
"25278",0.422375628423501
"25280",0.0962769594132637
"25281",0.0728831725616292
"25285",0.177804635290772
"25287",0.104712041884817
"25288",0.0799275394335704
"25289",0.0723843557673218
"25290",0.116889428918591
"25291",0.102523659305994
"25292",0.129356172474897
"25294",0.377008416220352
"25295",0.576342012214722
"25296",0.0941050661676247
"25298",0.105763288009889
"25300",0.4538810250717
"25302",0.0987418612620551
"25303",0.138470352334575
"25304",0.648375451263538
"25305",0.279648609077599
"25306",0.0432930513595166
"25307",0.131357946442719
"25309",0.0737511864168454
"25310",0.626730430405235
"25311",0.0661500834304784
"25312",0.616279069767442
"25313",0.136826783114993
"25314",0.101037437979251
"25316",0.425
"25317",0.177254098360656
"25320",0.446557745073584
"25321",0.425533916643146
"25322",0.248261205564142
"25323",0.443256613423888
"25324",0.0952772073921971
"25326",0.0965580662112454
"25327",0.0890026302694249
"25329",0.244793075466595
"25330",0.056798716658963
"25331",0.519337016574586
"25332",0.238286321255754
"25333",0.196213640922768
"25334",0.33636611773269
"25338",0.0729473942969518
"25339",0.325345822895109
"25340",0.140942734709778
"25341",0.120709594361649
"25342",0.286226816661599
"25343",1.21759155246012
"25345",0.384615384615385
"25346",0.455506263048017
"25347",0.136642498605689
"25348",0.10656807307525
"25350",0.377837391663227
"25351",0.804602888086643
"25353",0.327153164672573
"25354",0.473684210526316
"25356",0.0557285269502128
"25357",0.145691793378626
"25358",0.104114461239997
"25359",0.0683971706926465
"25360",0.236430485448994
"25362",0.7229827669512
"25365",0.415239069291741
"25369",0.242439217236608
"25374",0.111111111111111
"25375",0.298605110480188
"25376",0.48
"25377",0.654991243432575
"25378",0.403581267217631
"25380",0.372200827271431
"25383",0.287844891871738
"25385",0.511326468806784
"25386",0.721110657411188
"25389",0.315573770491803
"25391",0.20620992237597
"25394",0.155352480417755
"25398",0.05453224011447
"25399",0.0516961010475362
"25400",0.116148234183877
"25401",0.421052631578947
"25402",0.0928745042855315
"25404",0.101911240686751
"25405",0.0927762661283244
"25406",0.172283761489512
"25407",0.0688257589972605
"25408",0.401442545203043
"25409",0.0826859420387759
"25410",0.37923364674957
"25411",0.375
"25412",0.577384923282188
"25413",0.0988542499333866
"25420",0.0865331558960044
"25421",0.207839262187088
"25423",0.0934893237500656
"25424",0.331378299120235
"25425",0.129372304743651
"25426",0.412563667232598
"25429",0.103968537718985
"25430",0.474984051763419
"25431",0.190970978144034
"25432",0.737207285342585
"25433",0.144578313253012
"25435",0.104667609618105
"25438",0.0864723999052357
"25441",0.169474727452924
"25443",0.111080332409972
"25444",0.12930086410055
"25445",0.110091743119266
"25446",0.0968437923807175
"25447",0.391304347826087
"25448",0.201362862010221
"25449",0.37923364674957
"25450",0.0968058596994639
"25451",0.123820754716981
"25453",0.504041146216018
"25454",0.116145500957243
"25455",0.0822392336312706
"25456",0.114559260482007
"25457",0.678169542385596
"25460",0.134509371554576
"25461",0.0998909919730453
"25462",0.0611495308330225
"25464",0.139384116693679
"25466",0.121176354873611
"25467",0.0792616311923149
"25468",0.0506473182529521
"25469",0.0853752291588638
"25470",0.387755102040816
"25472",0.191352660003725
"25473",0.0833598472796691
"25475",0.336660843523833
"25476",0.0818404800490561
"25477",0.600513736877373
"25478",0.0718702629869349
"25479",0.090256518526338
"25480",0.782650448143406
"25481",0.220065407743433
"25483",0.343396226415094
"25484",0.0859321718643437
"25485",0.0914993074792244
"25486",0.0531875895624354
"25491",0.118726029681507
"25494",0.12392726399808
"25495",0.156927018575035
"25496",0.0914487182040914
"25501",0.106639225550728
"25503",0.507592418054247
"25504",0.725487233721106
"25505",0.276951672862454
"25509",0.0865994774169466
"25510",0.106890528456344
"25511",0.152288410083087
"25512",0.636510500807754
"25514",0.0794160281631808
"25515",0.122166027206139
"25516",0.159100551548579
"25517",0.842651522569274
"25523",0.235798816568047
"25525",0.298475102984751
"25527",0.216973470492691
"25534",0.523456790123457
"25539",0.731155336386051
"25540",0.476190476190476
"25542",0.531080592699675
"25544",0.53926206244087
"25546",0.391304347826087
"25547",0.0522385700965596
"25548",0.198547821732599
"25549",0.135186481351865
"25552",0.509919465723826
"25553",0.540699611327041
"25554",0.4140468762499
"25555",0.0701610465869349
"25556",0.155318202047174
"25557",0.272211149362807
"25559",0.118191954713097
"25560",0.118900135972201
"25561",0.901161144151798
"25563",0.367420851306259
"25565",0.0646825873034921
"25566",0.0961052693414792
"25569",0.632490013315579
"25570",0.344664111357676
"25571",0.0811513157894737
"25572",0.377168859432189
"25582",0.102372501401084
"25583",0.502560273095797
"25584",0.103493737640079
"25585",0.0594833558774042
"25586",0.236854460093897
"25589",0.140042138450578
"25590",0.194054230643581
"25592",0.049438383187729
"25593",0.190593087195601
"25594",0.158651685393258
"25597",0.103127987979784
"25598",0.355039178600378
"25599",0.324473975636766
"25600",0.0890127033652775
"25601",0.0955942217776641
"25602",0.125312372211368
"25603",0.121126291236255
"25605",0.651569680527103
"25608",0.39153383299905
"25611",0.543230240549828
"25613",0.0698375683499518
"25616",0.349655172413793
"25617",0.0808728755133239
"25618",0.171743119266055
"25619",0.292182375965302
"25620",0.0773679056102225
"25623",0.730185794920038
"25626",0.363176082938198
"25628",0.314492753623188
"25629",0.52997393570808
"25632",0.204857881136951
"25633",0.653153153153153
"25634",0.508562966778264
"25635",0.203148057058534
"25637",0.132267156059514
"25640",0.578166999046215
"25641",0.142210418301443
"25642",0.377768662838392
"25644",0.10416238085442
"25645",0.295832384422683
"25646",0.10383468695384
"25647",0.586015053998036
"25648",0.0729552115094284
"25649",0.594146180134495
"25650",0.090513068731849
"25652",0.401168014375562
"25653",0.647058823529412
"25654",0.42322724734785
"25655",0.168150428488227
"25656",0.603815636979585
"25658",0.460823909531502
"25659",0.116505614021361
"25660",0.549271339347675
"25661",0.163542760033988
"25662",0.208100335516856
"25663",0.161774376756143
"25664",0.379495391007054
"25665",0.241874637260592
"25667",0.1129001674936
"25670",0.236693091732729
"25672",0.0772855254841119
"25673",0.0699884376354965
"25674",0.332420515200743
"25676",0.0977556109725686
"25677",0.465245431744894
"25679",0.121797752808989
"25680",0.4575561329352
"25681",0.399267399267399
"25682",0.112199102407181
"25683",0.174756980991889
"25684",0.762684649967887
"25685",0.394547325102881
"25686",0.081954216628679
"25687",0.0942524803284297
"25688",0.158568217188311
"25689",0.0999376098916681
"25690",0.138434672170186
"25692",0.123713666726846
"25693",0.360765499789119
"25694",0.229430773054934
"25695",0.161692263112141
"25698",0.136056718433491
"25699",0.502907971262402
"25701",0.0668432287137323
"25702",0.112867274569402
"25703",0.142004935057892
"25704",0.75703125
"25705",0.0759434079139721
"25706",0.139815805264943
"25707",0.147643163225555
"25708",0.86568714752152
"25710",0.669170865781035
"25711",0.751607525601334
"25713",0.498904393956868
"25717",0.141073587717572
"25718",0.0726618329768922
"25722",0.134147495976522
"25723",0.397332365484076
"25724",0.366735537190083
"25726",0.528535980148883
"25727",0.500419023674838
"25728",0.0941487021557413
"25730",0.630805369127517
"25732",0.302118171683389
"25734",0.147104225030015
"25735",0.447149824721841
"25742",0.109848890794127
"25743",0.0898985263372597
"25746",0.427050506771144
"25747",0.123493975903614
"25748",0.472395583293327
"25749",0.148554587069668
"25752",0.337416041090478
"25753",0.506260995550036
"25756",0.184052881636026
"25757",0.102122015915119
"26199",0.174960638776428
"26296",0.480225988700565
"26760",0.187640956247181
"27064",0.26709467033527
"27100",0.112886474394823
"27139",0.0944251238275898
"27150",0.0974395448079659
"27256",0.15298469125655
"28298",0.109681121403394
"29130",0.066581351533895
"29131",0.779356193142057
"29132",0.68218410920546
"29134",0.0666418565086791
"29135",0.229550827423168
"29138",0.0996362598958705
"29139",0.0477329006916574
"29141",0.213890170742963
"29142",0.523022432113341
"29146",0.111953151911815
"29148",0.64417845484222
"29151",0.31215
"29152",0.393873085339168
"29153",0.14046511627907
"29155",0.230527966544694
"29156",0.130860989724814
"29158",0.146697169002002
"29161",0.33405455528939
"29162",0.12642996356241
"29163",0.0877841389472667
"29165",0.486404833836858
"29168",0.571475356148682
"29169",0.169486215538847
"29173",0.452830188679245
"29175",0.165681792842011
"29177",0.089204257475925
"29179",0.0715596330275229
"29181",0.0668914608584708
"29182",0.0903385973381146
"29183",0.856359899520438
"29184",0.631921824104234
"29185",0.183849821215733
"29186",0.0893792332937644
"29189",0.109598927724508
"29190",0.2178366225331
"29191",0.118373022770728
"29194",0.0521263107050134
"29195",0.792592592592593
"29197",0.214295099198528
"29199",0.32291169451074
"29200",0.101145712411043
"29201",0.150063051702396
"29202",0.143344894862346
"29203",0.405505670081362
"29204",0.287463312368973
"29205",0.0675035260930889
"29206",0.281732580037665
"29209",0.214603739982191
"29210",0.110064867127014
"29215",0.110163724430567
"29216",0.196635000572279
"29219",0.0736636619394844
"29220",0.489772785821011
"29221",0.175151896082129
"29224",0.140154890000685
"29225",0.377627324171382
"29228",0.119163156930965
"29234",0.160540502695512
"29235",0.536231884057971
"29237",0.141404631896065
"29238",0.541199955639348
"29240",0.0739796847125642
"29241",0.0653924504053703
"29242",0.0622837370242214
"29243",0.32392967120294
"29244",0.201213960546282
"29245",0.114410905550146
"29248",0.383597883597884
"29251",0.612789378597538
"29252",0.104201680672269
"29254",0.0739864331913551
"29256",0.118421052631579
"29257",0.118038027932021
"29258",0.0955648748252637
"29259",0.699307616221563
"29260",0.189884649511979
"29261",0.106304985337243
"29263",0.109578688834309
"29268",0.391304347826087
"29269",0.377627324171382
"29270",0.094688033840397
"29275",0.604228438829444
"29276",0.0853900060938452
"29277",0.336259571505917
"29278",0.0956703910614525
"29279",0.254919804345353
"29284",0.0959500378501136
"29285",0.102375465343024
"29286",0.0953832260977537
"29287",0.0907503143775325
"29294",0.793998377939984
"29300",0.458521097910692
"29301",0.5
"29302",0.198262811763246
"29307",0.187898089171975
"29308",0.111655797260034
"29316",0.115674608614592
"29317",0.0667181202298259
"29318",0.109229231452688
"29326",0.91007371007371
"29328",0.0984654731457801
"29331",0.0859188544152745
"29333",0.243402354851807
"29335",0.170178771914673
"29337",0.139809817527628
"29340",0.0462452919020716
"29344",0.0939025399189212
"29345",0.0816122917290232
"29348",0.588030846095362
"29349",0.421052631578947
"29354",0.264619267984855
"29358",0.0814987172603067
"29359",0.393248855286977
"29360",0.0830508474576271
"29361",0.091253123884327
"29363",0.367719240837696
"29369",0.306757557794902
"29372",0.0585841246989119
"29373",0.362653208363374
"29380",0.106197446278418
"29383",0.18962962962963
"29385",0.433421705293766
"29387",0.127116994354682
"29388",0.628950834064969
"29391",0.41202614379085
"29393",0.337198576887601
"29394",0.521212121212121
"29395",0.132635842051974
"29397",0.450629711128798
"29398",0.105406072574673
"29402",0.117074034714842
"29403",0.379233589385475
"29407",0.19435095060493
"29409",0.108774978279757
"29410",0.535826803457468
"29412",0.0741221108056835
"29415",0.145513110307414
"29416",0.156757585044438
"29422",0.18436278342455
"29423",0.121194893792961
"29424",0.0567873235653964
"29427",0.114362670160879
"29430",0.101519025417356
"29432",0.0555513375344823
"29435",0.0767807585568918
"29436",0.0858734665452403
"29440",0.0710078534031414
"29441",0.0676691729323308
"29446",0.906013639181649
"29455",0.521659496528517
"29456",0.081151832460733
"29461",0.0847325263568918
"29463",0.13734506197521
"29464",0.0699088953225849
"29465",0.110247105581476
"29467",0.0746416213544241
"29469",1.03575989782886
"29471",0.623188405797101
"29473",0.292788809389822
"29475",0.264240506329114
"29478",0.708180708180708
"29480",0.0689931417182829
"29481",0.224964261530359
"29482",0.090556329724515
"29484",0.263161616518757
"29485",0.18035824583076
"29492",0.05462928736795
"29496",0.117989960598046
"29498",0.105433070866142
"29499",0.235910878112713
"29500",0.464935840047747
"29501",0.0747408211385157
"29503",0.429494455601153
"29504",0.465100138806266
"29507",0.0812926997773854
"29509",0.362929321600908
"29510",0.15272136474411
"29511",0.0641340816673624
"29512",0.771428571428571
"29513",0.393248855286977
"29516",0.0987577639751553
"29517",0.140631242508989
"29518",0.234277589412665
"29520",0.417183691557722
"29524",0.0698417307971541
"29526",0.386174016686532
"29527",0.208301490256018
"29530",0.381799163179916
"29531",0.473434253487682
"29533",0.0906955736224029
"29536",1.18090800951626
"29540",0.153830313014827
"29541",0.240373831775701
"29543",0.119598134884392
"29546",0.0983318324113384
"29547",0.0761747902619795
"29552",0.375
"29553",0.100942126514132
"29555",0.172461752433936
"29556",0.153721024806832
"29557",0.1112897283901
"29558",0.116894197952218
"29559",0.137922848664688
"29563",0.256661528297732
"29566",0.247733333333333
"29567",0.537474417832845
"29569",0.131004366812227
"29571",0.425454204907286
"29575",0.0944886007111483
"29576",0.30952380952381
"29577",0.14200890648194
"29579",0.10625359520092
"29580",0.0715993086456073
"29581",0.588664444008629
"29583",0.122855044401415
"29584",0.0962357954545455
"29585",1.05419942076955
"29586",0.693270735524257
"29588",0.104049789621318
"29589",0.122333751568381
"29591",0.0873095476906911
"29595",0.246650906225374
"29596",0.0757099610782759
"29597",0.10021106726622
"29598",0.0876780185758514
"29600",0.323847540561422
"29602",0.0862431390867687
"29609",0.555963302752294
"29610",0.113874737788433
"29616",0.080843945239152
"29618",0.0999886505504483
"29619",0.0816475453034418
"29624",0.183135996459002
"29625",0.139123750960799
"29627",0.0970862605090407
"29629",0.104595185995624
"29631",0.182578090629125
"29633",0.0411677817360327
"29636",0.43843111404087
"29639",0.545620437956204
"29641",0.496931238947259
"29642",0.0928047662694775
"29643",0.179329240245585
"29645",0.0414020490805691
"29646",0.391304347826087
"29651",0.408994708994709
"29657",0.0833639593286782
"29658",0.473190602500947
"29659",0.091373202750573
"29660",0.0870303756994405
"29662",0.0661349399240064
"29665",0.108508439545298
"29666",0.0996168582375479
"29667",0.0839596452027896
"29680",0.613439859910255
"29682",0.101731067550416
"29685",0.111920605782469
"29686",0.0772975540251722
"29687",0.137214352186951
"29689",0.102143757881463
"29691",0.0862931145018592
"29692",0.508877578771514
"29694",0.212064749039245
"29695",0.0789490245437382
"29700",0.170315543435917
"29701",0.786193339500462
"29705",0.1201171875
"29707",0.113472555904639
"29708",0.369603693728357
"29709",0.0610883925762819
"29710",0.0539683056197325
"29711",0.092746833246573
"29712",0.213691726165477
"29713",0.182373046875
"29715",0.0913726652831307
"29716",0.0612249836652712
"29717",0.0713247919693568
"29719",0.163492863140218
"29721",0.041071324712588
"29725",0.603637413394919
"29731",0.126525014328994
"29734",0.0541811905648245
"29735",0.193327201271009
"29737",0.147937836222355
"29744",0.103433806559899
"29747",0.591142333536958
"29748",0.106209704784527
"29749",0.531735313977043
"29750",0.0916103228263975
"29751",0.30642387455741
"29752",0.087495508444125
"29755",0.356907894736842
"29884",0.0816581034568763
"50546",0.391304347826087
"50549",0.391304347826087
"50551",0.0885104593713865
"50552",0.118811881188119
"50555",0.147826086956522
"50557",0.0887499010371309
"50559",0.187376725838264
"50561",0.104677899656979
"50563",0.228183581124758
"50564",0.116910229645094
"50565",0.732747395833333
"50566",0.11883830455259
"50567",0.0929503172000855
"50568",0.0940482874789444
"50577",0.275577208218598
"50592",0.0514787845447834
"50594",0.143996172859193
"50599",0.0426925857004445
"50621",0.651149086623453
"50645",0.143691588785047
"50654",0.11417004048583
"50662",0.214879202352039
"50665",0.114354006793307
"50669",0.59480696959344
"50676",0.672117450465505
"50677",0.0574252136752137
"50678",0.126559139784946
"50683",0.434509683839853
"50689",0.128616399340429
"50692",0.626302169729945
"50693",0.189289698772778
"50719",0.060804126625212
"50871",0.156995690108273
"50938",0.0917362113321202
"53949",0.0628426923804122
"54133",0.210889856876167
"54193",0.377627324171382
"54223",0.255399845718694
"54225",0.548319717786855
"54227",0.163978047563612
"54230",0.0647703022770443
"54231",0.0631587968120662
"54232",0.195743737530481
"54236",0.54435009797518
"54237",0.185111348828163
"54238",0.162786585725231
"54239",0.0586657127526382
"54242",0.466666666666667
"54244",0.0909090909090909
"54246",0.732491983035068
"54248",0.0882530120481928
"54249",0.744838784504755
"54250",0.0802431404509644
"54251",0.123755109414873
"54252",0.0894722247897218
"54254",0.375
"54256",0.406593406593407
"54257",0.0600087179735555
"54258",0.331319881763269
"54259",0.117668225980569
"54261",0.0904009720534629
"54263",0.137641263401912
"54264",0.130616700018192
"54266",0.752083107888757
"54267",0.0942989853906635
"54269",0.384615384615385
"54270",0.394736842105263
"54271",0.572667006629271
"54272",0.486404833836858
"54278",0.0612957083424568
"54279",0.0815215766021711
"54281",0.0531305838165044
"54282",0.5483
"54283",0.0535004185851821
"54284",0.377627324171382
"54286",0.101641672224971
"54289",0.266225822449992
"54290",0.0905388896430026
"54291",0.150731859233884
"54293",0.0799743740323528
"54294",0.143891035631178
"54295",0.0638233208388208
"54297",0.0828779599271403
"54299",0.0425411505998771
"54300",0.0881380829966948
"54302",0.625733183576688
"54305",0.0662292275871906
"54315",0.189776357827476
"54319",0.110831234256927
"54320",0.125618471687741
"54323",0.071291008845594
"54349",0.119196342327259
"54355",0.0817476580796253
"54398",0.0651193384702124
"54400",0.09296901032989
"54404",0.267917856657147
"54410",0.265096535670273
"54702",0.110005851375073
"55939",0.217676572751833
"56029",0.0706325245070633
"56082",0.0806031677153396
"56083",0.123342803030303
"56227",0.296444786660648
"56266",0.127043189368771
"56611",0.132338706985748
"56646",0.186787391012743
"56725",0.0916918661268003
"56759",0.08438958301972
"56761",0.165911897900371
"56763",0.0946615299944964
"56764",0.295774647887324
"56765",0.3739336492891
"56768",0.0894157935978176
"56777",0.130336725060317
"56778",0.986125385405961
"56780",0.593597865955318
"56781",0.359574468085106
"56782",0.110323223002016
"56785",0.0944683000757767
"56806",0.443809883419078
"56813",0.268115942028985
"56814",0.413075488367527
"56817",0.0760300630787814
"56820",0.143493975903614
"56822",0.195163068144978
"56823",0.282433697347894
"56824",0.904293381037567
"56825",0.782570422535211
"56826",0.203436281226942
"56827",0.0571319946082328
"57021",0.391304347826087
"57022",0.516870064608758
"57029",0.373697916666667
"57233",0.658122989961992
"57298",0.790449881610103
"57301",0.389967045038447
"57302",0.231481481481481
"57305",0.392282272678819
"57341",0.0831647106434642
"57395",0.394296537935389
"57809",0.200756322382416
"58808",0.254585358206615
"58812",0.0566400370499016
"58813",0.13552980931692
"58821",0.076164243161873
"58826",0.391304347826087
"58827",0.134988222504077
"58835",0.0933925779642887
"58838",0.0989488945270025
"58850",0.794747605209342
"58852",0.197891321978913
"58853",0.0710093630409463
"58857",0.0515543441927438
"58917",0.649335796604205
"58919",0.0757922535211268
"58921",0.118385160938352
"58922",0.466666666666667
"58923",0.288299843237851
"58924",0.160890446521288
"58927",0.0707951893735416
"58936",0.137355584082157
"58940",0.104837736759561
"58942",0.12018411183089
"58947",0.606312292358804
"58949",0.15743507239715
"58954",0.116210618118391
"58958",0.0717194272954157
"58959",0.246935905163753
"58960",0.0919191919191919
"58961",0.0855042207497504
"58962",0.151559633027523
"58963",0.379817444219067
"58964",0.175310033821871
"58965",0.212024337423946
"58966",0.103871576959396
"58968",0.0875606897706345
"58971",0.147673634524612
"58976",0.0471546790127957
"58977",0.117942500865951
"58979",0.114198414971832
"58980",0.508064516129032
"58982",0.0567750658811518
"59073",0.124646720592535
"59077",0.0865118261240145
"59086",0.152690426275332
"59087",0.0810360670801746
"59102",0.0830843484256493
"59103",0.357785949784428
"59105",0.358555638660351
"59106",0.111544574483456
"59107",0.187604690117253
"59108",0.481288206351573
"59109",0.198454146647169
"59110",0.680269311815799
"59113",0.325013276686139
"59114",0.11847879083374
"59115",0.134373645426961
"59116",0.370056173334862
"59264",0.503464203233256
"59266",0.18997756170531
"59268",0.0584578759423357
"59294",0.103890894504613
"59295",0.0919361121932217
"59296",0.610442641694343
"59299",0.872167445078706
"59300",0.132332978684375
"59301",0.569113149847095
"59302",0.191394658753709
"59303",0.193979933110368
"59304",0.254843165661534
"59305",1.90295358649789
"59312",0.111933744950484
"59314",0.088509432555365
"59315",0.475704268667733
"59316",0.205935178381909
"59320",0.195454545454545
"59322",0.0698530752123665
"59323",0.0817701453104359
"59324",0.0600976205003051
"59327",0.356558122612334
"59329",0.172243932875768
"60323",0.0665947959033665
"60325",0.549951293430025
"60327",0.787540511343176
"60329",0.377837391663227
"60331",0.0932835820895522
"60332",0.786674339265897
"60333",0.924673732153806
"60335",0.341492645723625
"60336",0.0706249571242368
"60337",0.634450347364119
"60338",0.166247077863694
"60347",0.0714641096386087
"60349",0.585755491457732
"60350",0.34817244611059
"60351",0.568903285515965
"60352",0.0976399814900509
"60356",0.0935817202736137
"60357",0.126397202945383
"60372",0.447796450023622
"60377",0.0936876161630068
"60378",0.744838753204696
"60379",0.112143403650672
"60381",0.0549858685411986
"60382",0.13236655353286
"60383",0.096371011950444
"60391",0.0929492547312008
"60395",0.105981533520674
"60396",0.118444248567651
"60398",0.0543654833329723
"60414",0.57975633370986
"60416",0.0741541400633452
"60417",0.203580964347416
"60422",0.227123587313161
"60423",0.188818707163016
"60427",0.177130792310257
"60432",0.574351978171896
"60434",0.0773483517619097
"60442",0.0649994367466486
"60444",0.125638928644449
"60445",0.0507977688416137
"60447",0.0996344259247785
"60448",0.206380677721702
"60449",0.385542168674699
"60462",0.628368674495227
"60463",0.730285363608469
"60464",0.371308016877637
"60563",0.0981018045624787
"60564",0.22467730369308
"60565",0.155178004020492
"60566",0.333863811728395
"60567",0.142555366269165
"60570",0.554520271971796
"60574",0.594594594594595
"60575",0.37766755104395
"60576",0.707429228337405
"60582",0.372374598468001
"60584",0.22771546635183
"60586",0.108691142916407
"60587",0.0632042016429501
"60589",0.13271506236009
"60590",0.329142857142857
"60627",0.108635097493036
"60628",0.196327407696816
"60630",0.0671061425359985
"60662",0.432613908872902
"60663",0.555555555555556
"60664",0.0524779302508522
"60665",0.707682698313554
"60666",0.0946088522902728
"60667",0.382420091324201
"60669",0.183474924636887
"60670",0.140374331550802
"60671",0.613729755861736
"63835",0.513513513513513
"63839",0.0897565922920893
"63840",0.0682393390955542
"63843",0.13948362720403
"63845",0.0914151772634046
"63847",0.179868337226587
"63848",0.144189991518236
"63849",0.777777777777778
"63850",0.393685093884402
"63851",0.0937751444663887
"63852",0.200830750972506
"63864",0.0949539965497412
"63866",0.662937214859874
"63878",0.822992700729927
"63879",0.122614608466769
"63882",0.143297380585516
"63883",0.532099697885196
"63887",0.713515875327702
"63888",0.819237147595356
"63889",0.655285246834543
"63912",0.202914016006567
"63995",0.124644427204551
"63997",0.0838797196472982
"64015",0.0633020240772589
"64016",0.146268656716418
"64017",0.353997101126101
"64018",0.11311736590547
"64022",0.600221075902727
"64025",0.243632933566905
"64026",0.169815564552407
"64030",0.0649350649350649
"64032",0.156765676567657
"64033",0.0714472723264114
"64035",0.181252650926057
"64036",0.101644843132126
"64037",0.217038094192557
"64040",0.372405691163034
"64041",0.143951656415237
"64042",0.557327534130724
"64043",0.0827011078998073
"64044",0.25904697684873
"64047",0.482855921333903
"64055",0.647727272727273
"64057",0.0928939828080229
"64076",0.11250963267403
"64088",0.106577134986226
"64107",0.154497615523763
"64119",0.0944265188494526
"64120",0.170564989853679
"64124",0.18192985932237
"64133",0.0476553080779237
"64155",0.230894687791239
"64156",0.111849257156661
"64169",0.177742448330684
"64171",0.222222222222222
"64186",0.13190201564552
"64190",0.377627324171382
"64192",0.0789286981199007
"64193",0.225667527993109
"64194",0.0977179637214745
"64195",0.189587652614605
"64199",0.147631289019464
"64203",0.0813677661907532
"64204",0.0753316209844833
"64206",0.5483
"64298",0.119824534400493
"64304",0.110619469026549
"64306",0.0911424903722722
"64316",0.408163265306122
"64317",0.152665589660743
"64322",0.129525811726232
"64345",0.199069883025365
"64347",0.114548332453972
"64348",0.620604000522944
"64349",0.499739447628973
"64350",0.52997393570808
"64354",0.115981012658228
"64355",0.0971542354600514
"64357",0.857712235950578
"64360",0.0973904939422181
"64362",0.219573115349682
"64364",0.11913357400722
"64372",0.0789025083204806
"64387",0.120752427184466
"64392",0.105944121507594
"64440",0.100832562442183
"64443",0.228649666267328
"64455",0.067344262295082
"64458",0.0823245848955544
"64459",0.0941271934273253
"64461",0.106778644271146
"64466",0.220680083275503
"64467",0.125843910342965
"64468",0.117366612914534
"64469",0.0950892857142857
"64475",0.0704713342485455
"64507",0.286280025167475
"64512",0.159848484848485
"64513",0.192349332370985
"64515",0.175524635036496
"64519",0.115212932802509
"64521",0.20817843866171
"64522",0.747374009328429
"64523",0.0779255918827509
"64525",0.0880090308554227
"64531",0.0733486638648799
"64532",0.0659573632758824
"64533",0.151425914445133
"64535",0.612266603639801
"64536",0.456599788806758
"64537",0.10739746821718
"64539",0.0840172654872637
"64543",0.399286987522282
"64544",0.0856341976173791
"64545",0.441073371207543
"64547",0.144208328215207
"64549",0.671163020233591
"64551",0.1126446396208
"64552",0.0821786556603774
"64553",0.0611667951683372
"64554",0.0660412187547506
"64555",0.415679733110926
"64557",0.310083222217113
"64561",0.0814287178435995
"64563",0.377622377622378
"64564",1.27382082937639
"64566",0.109738580867567
"64568",0.377627324171382
"64569",0.414042333505421
"64570",0.643481074086056
"64571",0.247552096409741
"64572",0.703180212014134
"64573",0.584090909090909
"64574",0.392466110531804
"64576",0.475832756746071
"64618",0.194588020674977
"64619",0.109269542930372
"64625",0.101184878690991
"64626",0.105220883534137
"64627",0.0952469910063783
"64628",0.448807602653757
"64631",0.126779451206932
"64632",0.0855998313303816
"64634",0.0535690666196376
"64636",0.142237351488453
"64640",0.0811727534615742
"64646",0.0721949093022693
"64668",0.650430379746835
"64669",0.390728476821192
"64672",0.503912647861692
"64677",0.26081200353045
"64678",0.116747181964573
"64679",0.655194783024344
"64680",0.262274977004949
"64681",0.106077981651376
"64702",0.141562420219556
"64709",0.0748971193415638
"64823",0.096045197740113
"64824",0.106089139987445
"64825",0.507326774126021
"64826",0.139280225409836
"64827",0.935091756653095
"64829",0.0518446545623296
"64830",0.0656803536856705
"64831",0.124739402362752
"64846",0.197375207748295
"64865",0.0826422337304893
"65023",0.171950726978998
"65024",0.425
"65026",0.118249118100065
"65027",0.0658842833701933
"65029",0.704788213627993
"65030",1.11673952172795
"65031",0.12199604184337
"65032",0.137710344827586
"65034",0.199731002017485
"65035",0.484694581054373
"65036",0.11494989512934
"65037",0.123992721601248
"65043",0.0907803928508229
"65044",0.179297757691639
"65046",0.0761378700839593
"65047",0.0669691832053456
"65048",0.580645161290323
"65049",0.183509668004378
"65050",0.504713949003643
"65053",0.179165080573531
"65054",0.0906443618339529
"65129",0.129573826947912
"65130",0.243917327984652
"65131",0.0804016219347364
"65132",0.391304347826087
"65133",0.542001744017053
"65135",0.980053908355795
"65139",0.0923789626669089
"65144",0.129963898916968
"65146",0.303685274451874
"65153",0.0720664307105908
"65154",0.31055900621118
"65156",0.11469402711616
"65162",0.1129656014655
"65164",0.115230602534508
"65166",0.0835366448716698
"65171",0.0730614832030425
"65180",0.0976507391277679
"65187",0.355238181325138
"65190",0.206304287373432
"65191",0.495934959349594
"65192",0.646687697160883
"65193",0.304012345679012
"65194",0.100809829656521
"65195",0.098843448193633
"65197",0.107018046405042
"65198",0.0520546356175507
"65200",0.425201101333477
"65204",0.568015794669299
"65205",0.131701807228916
"65206",0.480026752599258
"65207",0.496931238947259
"65208",0.0888053797468354
"65209",0.117256162915327
"65210",0.177665764336165
"65218",0.0633789661889894
"65248",0.164449676280165
"65261",0.0582111407538162
"65270",0.391304347826087
"65271",0.0587327067530972
"65272",0.144008056394763
"65275",0.182679777277574
"65276",0.569211923233973
"66012",0.21687325838378
"66014",0.469525350593312
"66015",0.113893756143425
"66017",0.691671639246441
"66018",0.137495163162647
"66020",0.443997935407757
"66021",0.226950354609929
"66022",0.0794530032889043
"66023",0.115226559965394
"66024",0.175949774629749
"66025",0.354888673765731
"66026",0.42693482688391
"66030",0.140449438202247
"78951",0.337967401725791
"78956",0.365062464508802
"78957",0.0954440515503083
"78958",0.105919661733615
"78960",0.277741238372639
"78961",0.0972831965387797
"78962",0.0629116972809843
"78965",0.0634110787172012
"78967",0.114003590664273
"78968",0.0786934547429097
"78969",0.140498560799435
"78971",0.517683465959328
"78974",0.449242638065669
"78975",0.161061946902655
"78976",0.265734265734266
"79032",0.0901383311021865
"79107",0.818959663180769
"79110",0.310975609756098
"79111",0.396452328159645
"79112",0.140109333873254
"79113",0.185534998059257
"79124",0.138450398262129
"79125",0.12275664034458
"79126",0.515151515151515
"79127",0.0984677216779704
"79128",0.125573269272767
"79129",0.225214745884037
"79131",0.10061832490163
"79146",0.103616056618379
"79208",0.0985418626528692
"79209",0.581644815256258
"79210",0.0936254980079681
"79211",0.119014838610984
"79213",0.130491803278689
"79216",0.224133117426992
"79217",0.846559772681145
"79218",0.09356201203123
"79220",0.056728798995307
"79222",0.327621552624454
"79223",0.10898543569489
"79224",0.403920568099673
"79225",0.142701525054466
"79237",0.154787167644489
"79238",0.0971830985915493
"79240",0.0680616697745055
"79242",0.132152397019542
"79246",0.170433639947438
"79247",0.064168737653731
"79248",0.0480159786950732
"79249",0.0819353270119134
"79251",0.140253389642143
"79252",0.145487164153603
"79253",0.310030971493584
"79425",0.496480997385884
"79426",0.201361182820934
"79430",0.277567226132467
"79431",0.0913355408388521
"79435",0.379817444219067
"79438",0.885821626919307
"79449",0.0889830508474576
"79451",0.265924874915988
"79463",0.0883698531182278
"79557",0.355358953091881
"79558",0.0539450644687738
"80338",0.0957612685009715
"80722",0.433421705293766
"80840",0.111675771820607
"80841",0.0975881261595547
"80848",0.415584415584416
"80878",0.231623729614748
"80881",0.10968294772922
"80899",0.565178411332257
"80900",0.64260162601626
"80977",0.0526
"81005",0.0739597481170515
"81008",0.0783155248271527
"81503",0.720962888665998
"81505",0.341932662877132
"81506",0.544891640866873
"81507",0.0736478711162255
"81508",0.564858490566038
"81510",0.375394321766562
"81511",0.314391819707992
"81512",0.687367178276269
"81513",0.0929517300299017
"81515",0.0839100346020761
"81516",0.104284062996677
"81517",0.130434782608696
"81520",0.143240137878208
"81521",0.100038624951719
"81522",0.0885254565740795
"81523",0.729486901926824
"81524",0.055920041004613
"81525",0.0939866776165708
"81526",0.066856238084467
"81527",0.147501827930782
"81528",0.0678659240303076
"81530",0.101050748938073
"81531",0.10438689217759
"81536",0.0795677087111047
"81574",0.116554240849276
"81613",0.155550233504969
"81633",0.263807233208623
"81638",0.421052631578947
"81639",0.230754892823858
"81641",0.189011108690917
"81642",0.176567656765677
"81644",0.6288532675709
"81645",0.121588674793551
"81646",0.135135135135135
"81648",0.154560682198873
"81651",0.126613073831183
"81652",0.0926829268292683
"81656",0.192569992821249
"81658",0.377768662838392
"81660",0.0781398608399659
"81662",0.0755110554860242
"81668",1.34054054054054
"81670",0.108729802513465
"81675",0.0947532508534107
"81676",0.143899895724713
"81677",0.056693833814982
"81678",0.0971415810629745
"81681",0.125661375661376
"81682",0.158498815813445
"81683",0.0883704735376045
"81686",0.124365004703669
"81687",0.248537043171028
"81707",0.106346341933795
"81710",0.217772560933508
"81714",0.108048856874413
"81716",0.0748243639588023
"81717",0.0766242716621766
"81718",0.109948453608247
"81721",0.525
"81722",0.160493827160494
"81725",0.285799467938721
"81726",0.103698661220785
"81727",0.0967326384822579
"81732",0.0841584158415842
"81737",0.355222337125129
"81739",0.153331741103415
"81742",0.236328125
"81744",0.100388601036269
"81748",0.136185293000886
"81749",0.193592767295597
"81750",0.0989717223650386
"81751",0.0736154110767114
"81752",0.442786069651741
"81753",0.413904087544255
"81755",0.130891393442623
"81756",0.120564717641179
"81757",0.0641251221896383
"81759",0.134985133795837
"81760",0.249513303049968
"81762",0.146768893756846
"81768",0.0940651109190435
"81770",0.145026408450704
"81773",0.0980492158612776
"81775",0.104481322642799
"81776",0.118186492972232
"81778",0.0839160839160839
"81779",0.473053892215569
"81780",0.671216475095785
"81781",0.211497515968772
"81782",0.0933704957196894
"81801",0.13252219664584
"81804",0.222142257406741
"81810",0.0779135183485159
"81811",0.11925165962583
"81812",0.0849568434032059
"81813",0.0746360942934433
"81815",0.104020656584286
"81816",0.0602892538819441
"81818",0.253986332574032
"81819",0.37923364674957
"81820",0.0707147471216324
"81823",0.0844159076203275
"81825",0.0742752237435937
"81828",0.825145503473309
"81830",0.0962354188759279
"81869",0.104430379746835
"81919",0.612336892052195
"81920",0.155437799646732
"81924",0.619113814074718
"83425",0.0937152047507114
"83462",0.100978609162553
"83465",0.05644111906311
"83466",0.0760798295221703
"83469",0.108235611268365
"83476",0.389813357319541
"83497",0.135189974139646
"83500",0.0890832080885367
"83502",0.356054530874098
"83504",0.605849582172702
"83508",0.181034482758621
"83509",0.162481303629064
"83510",0.0751464250193392
"83511",0.635115779422296
"83512",0.0940745265729994
"83514",0.116143477875321
"83515",0.130642750373692
"83517",0.211833391425584
"83518",0.210705405051695
"83521",0.193272171253823
"83535",0.0886199220923762
"83537",0.0942344788168893
"83567",0.102820591337484
"83568",0.166297802254362
"83569",0.381310837118754
"83571",0.135570469798658
"83574",0.187009388948746
"83575",0.484596733937103
"83577",0.132730147575545
"83578",0.0942321386185616
"83580",0.156049593843523
"83584",0.162158624901841
"83585",0.0843828715365239
"83588",0.0996765463066869
"83611",0.0833729824689822
"83612",0.113826232247285
"83617",0.122602537621717
"83618",0.1191813303382
"83619",0.101394169835234
"83620",0.0680122694740031
"83623",0.143164089868747
"83627",0.176300578034682
"83629",0.13779830638953
"83630",0.315761508975673
"83681",0.163600198906017
"83683",0.25694966190834
"83684",0.166483946750196
"83685",0.091449070806869
"83686",0.414963861872044
"83689",0.129459500842138
"83708",0.27133171293335
"83709",0.0897247526692135
"83717",0.269038533885097
"83718",0.0917581886695224
"83720",0.0940038265766579
"83724",0.0540941342885173
"83725",0.124134330955281
"83727",0.0936936936936937
"83730",0.135831889081456
"83731",0.0530821435611501
"83765",0.0916967509025271
"83781",0.295679012345679
"83783",0.193427316001465
"83784",0.425
"83785",0.0466933235123902
"83789",0.0922771622292046
"83790",0.486404833836858
"83792",0.06771858177093
"83803",0.0949870150310852
"83807",0.0569570631370198
"83809",0.0872252747252747
"83810",0.141723792651929
"83817",0.0860460689130021
"83820",0.187202323743619
"83826",0.602518439577082
"83828",0.0979564489112228
"83830",0.0997186620819006
"83833",0.0588752053880818
"83835",0.1378896882494
"83836",0.0946900087049038
"83837",0.265122554531145
"83838",0.0972326103216155
"83839",0.124609063592322
"83840",0.0947401525277144
"84007",0.155393053016453
"84010",0.0941143962420558
"84012",0.156090444930708
"84015",0.240147783251232
"84016",0.0853589598643301
"84017",0.588235294117647
"84020",0.421721548238013
"84021",0.306325301204819
"84022",0.323309595995206
"84023",0.104133290611983
"84024",0.375
"84026",0.0652377449341269
"84031",0.107390771743569
"84032",0.237632799094593
"84046",0.220098265008445
"84050",0.0994128089580773
"84114",0.0720466928695535
"84347",0.0813634315211602
"84348",0.134664948453608
"84349",0.394462575007896
"84352",0.306922641776269
"84355",0.0943139771954995
"84357",0.0678872371994065
"84358",0.0692739123844172
"84359",0.106576728499157
"84379",0.103220799379123
"84380",0.627618184725257
"84382",0.100397181294042
"84383",0.0777675946080116
"84384",0.10449753102896
"84385",0.368126995388436
"84386",0.563944286166508
"84387",0.361889184215907
"84388",0.177366889231296
"84390",0.057095893809701
"84393",0.127853152434158
"84394",0.125083932853717
"84395",0.443008225616921
"84396",0.421052631578947
"84397",0.142548596112311
"84398",0.075613316830112
"84399",0.497242587426199
"84400",0.0941962929200851
"84402",0.171281691786424
"84403",0.125812669476298
"84404",0.0642770178328439
"84405",0.114734299516908
"84406",0.125190507293708
"84407",0.0672557682866961
"84408",0.0614277555682467
"84409",0.0751883880655118
"84410",0.121635412680189
"84416",0.446428571428571
"84420",0.138890059415954
"84422",0.58376323649199
"84423",0.253946961097926
"84426",0.139384278170768
"84427",0.404690618762475
"84429",0.0725146622257621
"84475",0.576147052487973
"84480",0.0779220779220779
"84481",0.101358932801396
"84482",0.114209294550318
"84486",0.0991156963890936
"84487",0.125827814569536
"84488",0.0913830267181312
"84489",0.113620569840167
"84490",0.0908729633063982
"84492",0.164657549056706
"84493",0.704821894005213
"84494",0.0443722943722944
"84508",0.0949764521193093
"84511",0.0797791729811648
"84550",0.0872472926956468
"84551",0.0784885261540092
"84556",0.0780446691951117
"84573",0.193998234774934
"84574",0.0806043190030444
"84576",0.602804227267971
"84580",0.0812182741116751
"84582",0.104464151510597
"84583",0.105882352941176
"84584",0.0659127054249867
"84586",0.155687059437821
"84588",0.145701198026779
"84589",0.0828361633776962
"84590",0.0958594614533382
"84592",0.421052631578947
"84596",0.057400787956271
"84597",0.146327356853673
"84600",0.491259541984733
"84604",0.506260995550036
"84607",0.191413727098715
"84683",0.182077464788732
"85240",0.229444616816631
"85241",0.105705059203445
"85242",0.178576037857604
"85244",0.130098667480419
"85247",0.203433698559227
"85250",0.055204177613441
"85251",0.257255002895567
"85252",0.0994583562289034
"85253",0.560133887349954
"85254",0.0797438438667378
"85257",0.652303316908628
"85258",0.746431312356101
"85259",0.632860040567951
"85261",0.110747854515734
"85265",0.146986368861882
"85266",0.232422360248447
"85268",0.112917445427937
"85270",0.203094243188176
"85272",0.112953367875648
"85309",0.0978539613982994
"85311",0.124428949266651
"85327",0.106041170362226
"85332",0.181854596435009
"85382",0.128020770920711
"85423",0.0896250642013354
"85424",0.126842232423291
"85426",0.252496433666191
"85428",0.0839825357418029
"85431",0.642159257449927
"85435",0.0878485328138317
"85471",0.749146110056926
"85483",0.364915254237288
"85489",0.182603815937149
"85490",0.178969855210064
"85497",0.110294451249943
"89776",0.720433092726263
"89783",0.113422595994246
"89784",0.137429643527205
"89788",0.14375142271796
"89803",0.136515667175214
"89804",0.0564362220058423
"89805",0.281891168599465
"89806",0.0924622912370092
"89807",0.111058226241472
"89808",0.0612874644832116
"89810",0.428731385063263
"89811",0.123591989987484
"89813",0.30482712543845
"89814",0.294708812918743
"89815",0.123189804981657
"89816",0.0906808035714286
"89818",0.277080581241744
"89823",0.112860443227518
"89824",0.0851449275362319
"89825",0.0900059606596463
"89826",0.229990003332223
"89829",0.275061324611611
"89830",0.0837273586964428
"89833",0.520105071731663
"89843",0.105773507695045
"89868",0.148073394495413
"93662",0.244282891022021
"94167",0.107525025888851
"94168",0.384615384615385
"94170",0.0687092443421557
"94172",0.0948605408466657
"94174",0.173099880620772
"94194",0.0936630835149966
"94195",0.515013391017717
"94196",0.117944397641112
"94197",0.0741360089186176
"94199",0.733931895324647
"94203",0.429669132404381
"94204",0.11317254174397
"94266",0.12389235313423
"94268",0.143679688192045
"94270",0.275655253837072
"94272",0.137797483907156
"94339",0.255256648113791
"94341",0.435007385524372
"112400",0.201558603491272
"113882",0.557168378740509
"113892",0.176032476665388
"113901",0.347032943448868
"113902",0.50008557247989
"113906",0.0524682010902483
"113907",0.0917997584216884
"113910",0.382100902332444
"113911",0.749870600414079
"113917",0.845714285714286
"113918",0.218013856812933
"113919",0.566544632281684
"113931",0.677532167601452
"113936",0.673188206117388
"113937",0.384615384615385
"113940",0.186757215619694
"113955",0.121836892930147
"113959",0.18373018853752
"113970",0.0591107747149449
"113976",0.110988556459396
"113983",0.421052631578947
"113984",0.127666319460169
"113992",0.290413913981394
"113995",0.425036390101892
"114004",0.0935023771790808
"114005",0.12476996687523
"114020",0.19777066548946
"114022",0.0667675430300738
"114027",0.481861348528015
"114029",0.19944454087832
"114031",0.641301104148016
"114032",0.125981127083517
"114089",0.0799119285066701
"114090",0.111773909642089
"114091",0.486750249323265
"114093",0.283269543794818
"114095",0.0890932982917214
"114097",0.141328944661592
"114098",0.526394849785408
"114099",0.345205692511082
"114101",0.0655645865775381
"114102",0.213940962506995
"114103",0.623160791785752
"114105",0.509917527925671
"114106",0.308388249748688
"114107",0.0697186982901269
"114108",0.220855301698887
"114110",0.23685139428168
"114111",0.188137164040778
"114113",0.188450631606084
"114114",0.109418837675351
"114115",0.348856548856549
"114118",0.0903711672942442
"114119",0.0882435074001676
"114120",0.0922281100176634
"114122",0.0773669409436517
"114123",0.114068441064639
"114125",0.270331059352752
"114203",0.114687545309555
"114205",0.088021014025871
"114207",0.145441493180187
"114208",0.0902405392982994
"114211",0.379817444219067
"114212",0.380658436213992
"114215",0.585755491457732
"114216",0.147940437052794
"114217",0.1115165336374
"114243",0.43891762833267
"114245",0.162104133118626
"114246",0.103111858704794
"114247",0.425305725403002
"114248",0.593434343434343
"114300",0.0984099412079102
"114482",0.138804638715433
"114483",0.12288355666355
"114487",0.138359735311811
"114488",0.113455252708069
"114490",0.0560845819913177
"114491",0.378759648655842
"114492",0.635514018691589
"114493",0.883851725607158
"114494",0.27889468371467
"114496",0.52997393570808
"114498",0.378934501375166
"114503",0.72029702970297
"114504",0.475215437872873
"114505",0.312039613684727
"114507",0.116623196891467
"114508",0.411231649535251
"114510",0.106415094339623
"114511",0.0571041244962766
"114513",0.133924969745865
"114516",0.368622006247831
"114517",0.0694169116139176
"114518",0.130544779895429
"114519",0.144264780192016
"114522",0.397174362508615
"114523",0.0921320014883082
"114524",0.0654897258858064
"114552",0.459157787924911
"114553",0.105870671465806
"114555",0.138724154511941
"114557",0.126157407407407
"114560",0.0955439107994169
"114587",0.406320541760722
"114588",0.143993635640414
"114589",0.206726013847676
"114592",0.555347091932458
"114593",0.158896289248335
"114598",0.377837391663227
"114613",0.387276458516564
"114628",0.364081366256935
"114629",0.824924420557608
"114633",0.0969495395765594
"114634",0.405505670081362
"114636",0.10176906981168
"114639",0.594594594594595
"114700",0.230830459007694
"114705",0.0998401136969266
"114709",0.207464002350867
"114767",0.0628050928488752
"114768",0.729160897258377
"114839",0.126324259085423
"114851",0.114834638121106
"114856",0.0879720916123161
"114858",0.125613474662407
"114860",0.111022892682281
"114903",0.668768851110502
"115769",0.0745267414078294
"116455",0.0665820284948512
"116459",0.1030345800988
"116462",0.375
"116463",0.456061250531689
"116466",0.396349261713754
"116467",0.270413976452716
"116469",0.672501788695445
"116470",0.129152437131326
"116471",0.391396146740565
"116472",0.204932411515839
"116482",0.102985812098539
"116484",0.088481074881206
"116487",0.125587516450461
"116490",0.273986659825552
"116491",0.137535816618911
"116498",0.588517244972387
"116502",0.0940494762647649
"116504",0.0465680714966202
"116506",0.529477064583912
"116508",0.118670328896401
"116510",0.292247386759582
"116543",0.171875
"116544",0.71951951951952
"116547",0.502854065697361
"116548",0.102036546240759
"116554",0.11013986013986
"116556",0.61139896373057
"116557",0.278739126367973
"116560",0.101823324410324
"116564",0.0875711761240919
"116568",0.144435762919969
"116569",0.440457203615098
"116589",0.446428571428571
"116591",0.154963680387409
"116593",0.815809669992325
"116596",0.292092126162923
"116598",0.0625268125268125
"116601",0.239442172177598
"116631",0.123644986449864
"116632",0.235818032337627
"116636",0.196011545526109
"116637",0.707964601769912
"116640",0.0920336370553919
"116641",0.0482943066592269
"116642",0.637254901960784
"116646",0.0619394545119802
"116648",0.725682920602502
"116649",0.0789633682930537
"116651",0.107112970711297
"116657",0.0819074333800842
"116658",0.0852518608274191
"116662",0.209372907833073
"116663",0.0686347228403303
"116667",0.133072916666667
"116669",0.0914867814698035
"116671",0.0509154315605929
"116673",0.0943708609271523
"116676",0.337687010211351
"116677",0.525722339675828
"116679",0.0923513478653425
"116681",0.0691781740179649
"116682",0.384615384615385
"116683",0.203583061889251
"116685",0.118834080717489
"116687",0.340902719372021
"116689",0.139787485242031
"116693",0.0633440681487638
"116694",0.471931634006188
"116696",0.15260584624987
"116699",0.150922909880565
"116700",0.627685252232682
"116711",0.806562280084448
"116717",0.153691410179038
"116719",0.0974683234075926
"116720",0.260948197907247
"116722",0.0668732145012674
"116726",0.694366197183099
"116727",0.542899408284024
"116728",0.0804661831256587
"116740",0.610306790761806
"116744",0.116269893463107
"116745",0.207136189191993
"116777",0.230882638215325
"116808",0.135173058933583
"116831",0.182430536065114
"116967",0.124123043712898
"116996",0.160680529300567
"117018",0.0680081700582495
"117020",0.0434395652256244
"117022",0.73758865248227
"117023",0.133128680616464
"117024",0.0941770023123818
"117027",0.26954516872773
"117029",0.112683823529412
"117034",0.500703539344085
"117036",0.06832059233617
"117043",0.0832118638697002
"117048",0.687047244094488
"117053",0.0875586330131785
"117054",0.564002403846154
"117055",0.391304347826087
"117057",0.113835906751438
"117058",0.0708257259981398
"117059",0.126910744910894
"117061",0.391304347826087
"117062",0.0929512006196747
"117064",0.0963355994030841
"117088",0.15968841285297
"117092",0.504518236254763
"117096",0.0663510384628676
"117098",0.391304347826087
"117100",0.111185622317597
"117105",0.151045308769984
"117106",0.0653598370133803
"117130",0.431628926223521
"117140",0.0941519771319676
"117179",0.158211721102618
"117182",0.594372801875733
"117184",0.204604337848841
"117185",0.0789921779385942
"117186",0.0515175326588744
"117232",0.67547296006115
"117240",0.19826299362193
"117242",0.0906344410876133
"117249",0.481084939329051
"117250",0.4732
"117251",0.196070263139624
"117252",0.539798719121683
"117253",0.454237288135593
"117254",0.0863636363636364
"117257",0.0666329071190446
"117260",0.14218906580559
"117261",0.396875
"117264",0.168474709188341
"117267",0.101708074534162
"117269",0.11042238554857
"117271",0.142674548649944
"117274",0.53135593220339
"117275",0.08721132356593
"117278",0.086489252814739
"117284",0.0492085042463458
"117505",0.394736842105263
"117512",0.379817444219067
"117513",0.0786752585044208
"117514",0.0947584494939851
"117517",0.2318723490204
"117518",0.811514956577678
"117520",0.0941903584672435
"117522",0.416715542521994
"117523",0.494017094017094
"117537",0.151981619758759
"117539",0.128181087597107
"117540",0.570422535211268
"117544",0.10391295667798
"117548",0.0502239140170175
"117551",0.5065755410583
"117553",0.088833194096352
"117554",0.547027027027027
"117556",0.0826848249027237
"117558",0.687678741658723
"117582",0.104600573914653
"122772",0.0983213429256595
"122799",0.108017171365588
"124323",0.0907889996397262
"124440",0.113508131430468
"124451",0.502560273095797
"140433",0.160477751335818
"140448",0.0996431512489706
"140473",0.122838709677419
"140568",0.0868529962015987
"140581",0.166453859547301
"140583",0.119799643995529
"140584",0.212463163947387
"140585",0.0736838703422422
"140586",0.131496780068952
"140587",0.081981981981982
"140588",0.131521884620533
"140589",0.434875228241023
"140590",0.0948801469974108
"140594",0.700525076950932
"140595",0.100397918579737
"140610",0.0770391177694549
"140635",0.114382239382239
"140638",0.423891314103872
"140655",0.110027270820222
"140656",0.658161669422226
"140661",0.0892434379825013
"140662",0.0930787589498807
"140666",0.0493119568949579
"140668",0.225436773214988
"140674",0.0969948186528497
"140675",0.115666178623719
"140724",0.0833513021394859
"140725",0.145291593032063
"140726",0.360808295666046
"140727",0.250232558139535
"140808",0.0868255080588647
"140860",0.111124101245104
"140866",0.0865553602811951
"140868",0.0914647222817928
"140898",0.315857991375336
"140910",0.0792126485568761
"140914",0.130366285939346
"140922",0.0711184020071408
"140923",0.0855571526779576
"140924",0.25702364394993
"140925",0.101424776624004
"140928",0.144025708442886
"140932",0.0915239906996407
"140933",0.130117423040305
"140935",0.066989492219649
"140936",0.567151111889336
"140938",0.111541325390916
"140939",0.526762778505898
"140942",0.133722817267121
"140944",0.607745779543198
"154516",0.124216300940439
"154985",0.301553324710111
"155140",0.218372615974015
"155192",0.478260869565217
"155430",0.0733453813891636
"155696",0.0554702998091103
"155918",0.096934046345811
"156117",0.942832618025751
"156435",0.71837385797844
"156726",0.507965358708436
"156767",0.151921647218541
"156826",0.3452
"156873",0.488965368896537
"161452",0.167541645633518
"161476",0.208307210031348
"170465",0.2753282028067
"170496",0.725666110635228
"170509",0.329090013140604
"170512",0.111824014665445
"170538",0.160672750044731
"170546",0.100311730926989
"170566",0.414066931366988
"170568",0.406593406593407
"170570",0.394736842105263
"170573",0.211143695014663
"170579",0.0792384872652431
"170580",0.685104364326376
"170582",0.537187433212225
"170583",0.425915684689667
"170632",0.103598691384951
"170633",0.544856968959221
"170634",0.617052862583102
"170635",0.36972182783825
"170637",0.462581699346405
"170668",0.201657201377898
"170671",0.27638067061144
"170673",0.109417260880256
"170698",0.132194340630005
"170699",0.106741573033708
"170704",0.5
"170739",0.202112277613629
"170796",0.148244759420472
"170808",0.478449612403101
"170816",0.481481481481481
"170819",0.616275784119808
"170824",0.121394480182611
"170840",0.0994194680707439
"170841",0.142990551527137
"170842",0.058558691110261
"170843",0.0752396084260161
"170847",0.179209499202903
"170895",0.0742703266157054
"170897",0.371391917896087
"170898",0.110294768522617
"170899",0.175895593363627
"170904",0.103891336270191
"170905",0.161179107050509
"170907",0.0901794784964443
"170908",0.080283101971386
"170909",0.162334721970657
"170910",0.0659320754716981
"170913",0.103795602505835
"170921",0.587869544814641
"170923",0.0870676798522832
"170924",0.0947934701953995
"170925",0.444002838892832
"170926",0.378488767869299
"170929",0.174771387060935
"170944",0.098906324298621
"170945",0.131316187594554
"170955",0.0618837028626068
"170956",0.0831302464121311
"171009",0.181214945888301
"171011",0.165668877594969
"171028",0.691691016707874
"171039",0.144394307532107
"171040",0.198952879581152
"171043",0.124255820807545
"171044",0.0806178187982671
"171045",0.701110425663171
"171046",0.0825783972125436
"171047",0.104906391220142
"171048",0.173399957473953
"171049",0.360365853658537
"171050",0.145411965084096
"171051",0.110818809602105
"171054",0.466666666666667
"171055",0.716292294569235
"171056",0.0714550738977181
"171057",0.132275132275132
"171058",0.0639379995156212
"171060",0.734715025906736
"171062",0.495772095832494
"171064",0.454193548387097
"171068",0.0797741421746055
"171069",0.101382820377395
"171070",0.113892365456821
"171071",0.0984527616907252
"171075",0.609598741148702
"171078",0.159673990077959
"171079",0.117988394584139
"171080",0.4377764954799
"171081",0.186330935251799
"171084",0.0957504767093435
"171085",0.112093023255814
"171090",0.204966515129296
"171091",0.812227074235808
"171093",0.0553682896379526
"171096",0.186042101270624
"171099",0.110912662975531
"171100",0.279152583293095
"171101",0.359443491518963
"171102",0.117258883248731
"171104",0.203532178336613
"171105",0.109011845853951
"171106",1.06442119032047
"171107",0.691176470588235
"171108",0.17839175916314
"171109",0.0937399030694669
"171112",0.0952588714368819
"171114",0.124975571623998
"171115",0.142654148693225
"171118",0.54957921697768
"171119",0.102409229725144
"171120",0.0605045929056171
"171121",0.102168674698795
"171123",0.114417029511369
"171125",0.348720800889878
"171128",0.330623455094754
"171131",0.6288532675709
"171134",0.553892215568862
"171136",0.0900793445003371
"171138",0.130588235294118
"171139",0.0828394350933044
"171142",0.171060291060291
"171143",0.150104821802935
"171144",0.361678425547716
"171146",0.237430380712596
"171147",0.0999177631578947
"171148",0.272188888023066
"171149",0.647344374643061
"171151",0.492079479901108
"171152",0.103923476005188
"171154",0.264494612621857
"171160",0.0961128664854141
"171161",0.617576294795492
"171163",0.45617816091954
"171164",0.152330458178365
"171287",0.110540517016276
"171291",0.250553641732283
"171296",0.051393280745214
"171297",0.0396432766922021
"171299",0.586810922205049
"171304",0.248996931791362
"171333",0.644989080320311
"171334",0.141773651984989
"171337",0.0879614937057019
"171339",0.475
"171341",0.156326566328316
"171352",0.241647158969994
"171355",0.377837391663227
"171356",0.532679738562091
"171357",0.0624532010482965
"171360",0.313031313892177
"171369",0.239371817679897
"171380",0.130376771078213
"171384",0.391831083419868
"171386",0.0639207742516318
"171387",0.0840518617870601
"171390",0.52992125984252
"171394",0.0892857142857143
"171396",0.209290050145157
"171397",0.649509803921569
"171403",0.506260995550036
"171407",0.0995538204127161
"171408",0.167486674866749
"171409",0.542048151915904
"171410",0.0938803219862283
"171411",0.115594202898551
"171413",0.120268388403595
"171414",0.320292432325627
"171434",0.0679306071871128
"171436",0.14215597164152
"171438",0.133350785340314
"171440",0.0882986084416084
"171441",0.106548856548857
"171447",0.0461877269210166
"171449",0.487179487179487
"171451",0.105172667878371
"171452",0.104350523993381
"171492",0.100126903553299
"171493",0.363261093911249
"171495",0.0505041848773103
"171496",0.602814933120383
"171497",0.228803716608595
"171498",0.100198233916021
"171499",0.108849976336962
"171516",0.803705558337506
"171517",0.258377425044092
"171519",0.531137798687632
"171521",0.375
"171522",0.100515843773029
"171525",0.0989996550534667
"171528",0.392071881606765
"171529",0.584783689706614
"171547",0.185042663543584
"171548",0.0891813847290309
"171549",0.394578313253012
"171553",0.187762447510498
"171554",0.403936095360291
"171563",0.117586014209308
"171564",0.200159701889806
"171569",0.154861730597681
"171571",0.083615985842796
"171573",0.377837391663227
"171574",0.107591988821612
"171575",0.0916492833591279
"171576",0.293900941465411
"171577",0.0929805218669607
"171581",0.109262826125022
"191568",0.205574399056186
"191569",0.238247965533748
"191571",0.0885563711650668
"191572",0.119484324641078
"191573",0.129411764705882
"191574",0.309946524064171
"191595",0.0689711001376184
"192107",0.793339718558904
"192109",0.0621845287005517
"192110",0.0934422794887911
"192117",0.0450538872425964
"192126",0.0666748226082701
"192153",0.0730549129428954
"192177",0.162417374881964
"192181",0.0551107897319353
"192183",0.067439135529228
"192189",0.139370423681081
"192203",0.880561584373304
"192204",0.0955352856457033
"192205",0.547470398277718
"192206",0.465533522190746
"192208",0.192129935296448
"192209",0.130608922175187
"192210",0.0507770062821784
"192211",0.55450445495545
"192215",0.100653381247958
"192223",0.274750712250712
"192226",0.0748177730611333
"192227",0.399935233160622
"192251",0.180283251852225
"192253",0.063604797979798
"192258",0.495504495504495
"192259",0.180878552971576
"192262",0.0763398173878523
"192263",0.080301685891748
"192264",0.416666666666667
"192267",0.375
"192269",0.080012942590367
"192270",0.0872915894775843
"192272",0.0841569851453673
"192273",0.883222845486996
"192274",0.301456237802132
"192280",0.483613565118267
"192281",0.406109213327392
"192348",0.0512954104106475
"192350",0.0600479865118994
"192361",0.123774509803922
"192362",0.147255468427569
"192363",0.0642321421409377
"192648",0.744201333458541
"192649",0.0962845010615711
"192675",0.391304347826087
"201097",0.713123092573754
"207113",0.454545454545455
"207120",0.122422978920547
"207122",0.096170395869191
"207126",0.492382868640414
"245708",0.283456395928956
"245917",0.480744544287548
"245918",0.102649006622517
"245919",0.315079059005013
"245920",0.445973136113981
"245921",0.148119122257053
"245953",0.207465456795215
"245955",0.101206695212145
"245956",0.1
"245958",0.0916214587100663
"245960",0.12641975308642
"245961",0.721859114015977
"245962",0.102420295099103
"245963",0.096551724137931
"245977",0.111896555509209
"245978",0.282590710317929
"245980",0.100130039011704
"245981",0.0809274835189816
"245986",0.103953698135899
"246044",0.244915848527349
"246046",0.100107257776189
"246060",0.109267126925119
"246074",0.0893817942242231
"246075",0.409191133805269
"246097",0.362302483069977
"246116",0.140309998986931
"246142",0.0795126306391471
"246143",0.301872782773699
"246144",0.129178104311319
"246145",0.375
"246149",0.438712148152201
"246150",0.0531087021816891
"246151",0.307180081065431
"246153",0.125499777876499
"246172",0.354010468241618
"246174",0.111318681318681
"246186",0.384615384615385
"246208",0.148283261802575
"246209",0.148762654668166
"246211",0.119766906916117
"246214",0.384615384615385
"246234",0.741626794258373
"246239",0.17865671641791
"246240",0.376431297709924
"246245",0.564093959731544
"246247",0.147960764068147
"246248",0.14443931702815
"246249",0.109131569139023
"246250",0.379817444219067
"246252",0.379817444219067
"246253",0.515151515151515
"246254",0.0845686050931205
"246266",0.346771316446664
"246268",0.196765884373211
"246273",0.594911487470304
"246281",0.26478035448736
"246284",0.08072191272052
"246294",0.11139896373057
"246296",0.471088251218192
"246297",0.40424340651245
"246298",0.204100703605981
"246301",0.646797682854204
"246306",0.404831030077807
"246323",0.167596566523605
"246325",0.495967934341747
"246326",0.0775616404410854
"246331",0.0930118329984372
"246332",0.105555108931586
"246333",0.111871790882216
"246334",0.360675039246468
"246756",0.105055575475081
"246758",0.33649032607225
"246759",0.672297297297297
"246760",0.0738662926601215
"246766",0.141484858352328
"246769",0.107406921293258
"246770",0.0631972063245708
"246773",0.253311258278146
"246774",0.239276485788114
"246775",0.182147258163894
"246776",0.124371284865112
"246781",0.20746887966805
"252827",0.0872462579454583
"252832",0.113815426306017
"252833",0.272915230875258
"252834",0.7715953307393
"252835",0.742753623188406
"252853",0.101425881086898
"252854",0.0939002154815183
"252855",0.0551711181388358
"252857",0.0796784321187328
"252858",0.0761849671645854
"252859",0.351402918069585
"252878",0.311337466784765
"252880",1.00345125107852
"252882",0.281941278991822
"252885",0.862726201948817
"252886",0.507592418054247
"252889",0.160502958579882
"252893",0.429457953394124
"252894",0.102592695846111
"252895",0.283309957924264
"252897",0.326219264789418
"252898",0.507175660160735
"252915",0.703443737661768
"252916",0.151682250459522
"252917",0.0905172413793103
"252920",0.216097608024691
"252922",0.424835389038301
"252923",0.112707182320442
"252928",0.099092812281926
"252929",0.170120287071667
"252931",0.374625673787183
"252934",0.0512090415279481
"252942",0.43137933420998
"252958",0.45629480568482
"252959",0.534729586426299
"252960",0.288047512991834
"252962",0.0938750384733764
"252963",0.308660816482259
"252964",0.7911434236616
"252971",0.317552078142131
"257645",0.131998839570641
"257648",0.0528139913087526
"257649",0.23507785467128
"259167",0.737215738178318
"259171",0.0989761092150171
"259222",0.166730255627623
"259224",0.349984885126965
"259226",0.698350071736011
"259227",0.529292929292929
"259235",0.127215189873418
"259242",0.123100596268513
"259244",0.38135593220339
"259247",0.76254295532646
"259248",0.0847003525264395
"259273",0.143095436673418
"259275",0.0855165595650025
"260319",0.768985192229317
"260320",0.37372330547818
"260325",0.0955694586312564
"260326",0.0722361809045226
"260416",0.126471577531113
"260430",0.206572769953052
"261736",0.11574562947319
"261738",0.504782298358316
"266601",0.072648671446647
"266603",0.9096875
"266604",0.478260869565217
"266608",0.134088429699031
"266610",0.140136222910217
"266612",0.855165428764348
"266670",0.0739595811275552
"266674",0.699445348012845
"266680",0.119573215599706
"266681",0.129160397231417
"266684",0.212254335260116
"266685",0.500204960032794
"266686",0.090699603650106
"266688",0.120586025544703
"266689",0.100862641008626
"266705",0.703202705390889
"266706",0.106492236214696
"266707",0.615384615384615
"266708",0.377768662838392
"266711",0.118371212121212
"266713",0.0753994588799837
"266714",0.199763872491145
"266715",0.0702378543049179
"266716",0.0759677780264041
"266717",0.702702702702703
"266733",0.405687753917586
"266734",0.155127573368375
"266735",0.192605331040413
"266759",0.081031420346665
"266761",0.0783889714826328
"266762",0.635997442455243
"266764",0.0843460474070509
"266767",0.183970856102004
"266769",0.110122510437342
"266770",0.394736842105263
"266771",0.498118320036128
"266773",0.108314263920671
"266774",0.0821236666933996
"266775",0.739766474298752
"266778",1.44621463165944
"266787",0.456847545219638
"266792",0.106398423727056
"266802",0.111766982775305
"266803",0.750932631116963
"266807",0.278420038535645
"266808",0.165466421035003
"266809",0.094938942613115
"266813",0.114242321970975
"266997",0.827326519634212
"266998",0.189947268035454
"276720",0.117994100294985
"280671",0.0712117674527201
"282546",0.0572746864121125
"282580",0.35331401666063
"282581",0.254890376788762
"282582",0.153137789904502
"282583",0.256576810652809
"282584",0.053049617572073
"282586",0.713563933151963
"282634",0.109013042631886
"282635",0.0901167710272466
"282636",0.12388122124634
"282708",0.723154776598371
"282817",0.234972677595628
"282821",0.292795769993391
"282822",0.442503639010189
"282829",0.731024667931689
"282832",0.384615384615385
"282833",0.377627324171382
"282836",0.221231895591278
"282843",0.0696463076535327
"282844",0.123657851120559
"286758",0.0761250626028475
"286761",0.0551626591230552
"286888",0.109393898669534
"286894",0.127610208816705
"286897",0.0917060677698976
"286898",0.102712508638563
"286901",0.112372806370742
"286904",0.138107987505578
"286905",0.0896448737691913
"286910",0.0571048967129553
"286911",0.391304347826087
"286912",0.688680351906158
"286915",0.860146862483311
"286916",0.941777886616873
"286918",0.128137447809186
"286919",0.0622743887211388
"286920",0.839975093399751
"286921",0.397889977392615
"286923",0.101650879566982
"286924",0.547470398277718
"286925",0.876034612490595
"286926",0.393251135626217
"286928",0.0872452830188679
"286931",0.127757559419508
"286932",0.112034239677744
"286934",0.507389162561576
"286937",0.0696221289207212
"286938",0.910596026490066
"286954",0.692383778437191
"286958",0.571583396553593
"286961",0.379817444219067
"286963",0.410181030481201
"286965",0.547534112191207
"286970",0.120201337239877
"286971",0.0652622545513986
"286972",0.115406058353466
"286973",0.176100628930818
"286974",0.125062473568875
"286975",0.530069077610727
"286976",0.600950810129039
"286978",0.250681058853765
"286979",0.191293997619452
"286984",0.694834939188122
"286989",0.377837391663227
"286993",0.115502793296089
"286995",0.375
"286997",0.239419490838333
"287001",0.747913188647746
"287004",0.816054517212006
"287006",0.375
"287009",0.476281196418365
"287034",0.460409424488219
"287054",0.0984176541545448
"287059",0.194820994091067
"287060",0.0890783744557329
"287070",0.666666666666667
"287095",0.0799154593071339
"287098",0.450565934815219
"287099",0.0877923587235485
"287101",0.187416459805232
"287102",0.433231474407945
"287106",0.295393985534831
"287108",0.521674363175927
"287112",0.17894963177982
"287122",0.347800237812128
"287127",0.0665639533224914
"287129",0.0996900826446281
"287130",0.606319385140905
"287131",0.503486002359755
"287134",0.0696456086286595
"287146",0.109041754280565
"287151",0.0822607722439843
"287164",0.220399794976935
"287167",0.187319050376375
"287170",0.111858190709046
"287199",0.0795102779033773
"287222",0.238578232492503
"287231",0.373033707865169
"287232",0.375
"287237",0.780081683945963
"287241",0.436576170974479
"287269",0.106609543323709
"287273",0.0983914209115282
"287280",0.0665956900033041
"287285",0.0846700274977085
"287287",0.533980582524272
"287299",0.0912123862274479
"287318",0.379817444219067
"287343",0.285714285714286
"287346",0.331253205676184
"287356",0.094725674446802
"287357",0.074671389950592
"287358",0.649397820684382
"287362",0.175945017182131
"287363",0.463235010603432
"287366",0.226497304482682
"287368",0.0982782134333447
"287379",0.0839343495380297
"287382",0.21083214559807
"287388",0.150880691259555
"287392",0.282327586206897
"287405",0.184873401200731
"287408",0.196437925615506
"287411",0.583953413134908
"287414",0.489041219446198
"287415",0.786604361370717
"287417",0.0938129233022149
"287418",0.0996285213084305
"287419",0.0939897698209719
"287422",0.12379919429811
"287423",0.29067979083359
"287424",0.172818381813737
"287425",0.246987951807229
"287435",0.219457801937417
"287437",0.113454811256722
"287443",0.673759713090257
"287450",0.154285714285714
"287451",0.0917452026796866
"287454",0.160973768635592
"287456",0.102651839178785
"287457",0.184856834790943
"287463",0.108064037948414
"287464",0.0681888035126235
"287466",0.0938141683778234
"287467",0.134719453147251
"287472",0.12234461054288
"287473",0.198065052231719
"287474",0.103717366628831
"287477",0.0554334423417145
"287479",0.103828682673589
"287516",0.384615384615385
"287521",0.0738794543429844
"287525",0.0867107942973523
"287526",0.27603197196978
"287527",0.595198079231693
"287531",0.195065312046444
"287534",0.185019710906702
"287545",0.0986530070195409
"287550",0.0849530184064873
"287554",0.110669257535361
"287561",0.752605595172792
"287564",0.0965938979484482
"287569",0.596002855103497
"287570",0.461968253968254
"287592",0.111708253358925
"287598",0.138121546961326
"287603",0.374484290701365
"287606",0.0898807704066035
"287609",0.0660295134192889
"287610",0.434782608695652
"287612",0.134645919339473
"287613",0.378934501375166
"287614",0.378934501375166
"287631",0.132806992809812
"287634",0.255615659668103
"287637",0.0863228292080108
"287644",0.0665508485901376
"287646",1.26647666547916
"287653",0.250641911909935
"287657",0.423490769056518
"287662",0.0872207195524102
"287668",0.734132268086995
"287673",1.01847016729523
"287675",0.393685093884402
"287678",0.202937301402775
"287679",0.391304347826087
"287697",0.5
"287698",0.846101736667077
"287699",0.49003984063745
"287701",0.66185481970304
"287702",0.748164464023495
"287706",0.0619198440735778
"287710",0.184336302411471
"287715",0.12921626984127
"287719",0.163641147066561
"287721",0.0960548885077187
"287722",0.37623332971918
"287726",0.123604795369988
"287730",0.558298518799848
"287738",0.137083294642028
"287741",0.8366028156012
"287747",0.497554810703885
"287750",0.0989808832345301
"287751",0.500204960032794
"287753",0.375
"287761",0.287672711571675
"287773",0.0776691975151669
"287774",0.736664503569111
"287776",0.175316179677279
"287788",0.15720101576041
"287798",0.0878288463507012
"287799",0.733993399339934
"287803",0.0977484303961897
"287805",0.339450471458988
"287813",0.579780101903996
"287818",0.143229166666667
"287819",0.705195911413969
"287820",0.440292930802571
"287821",0.66649787320235
"287824",0.686507936507937
"287827",0.11831244267808
"287835",0.0962754743499649
"287845",0.135125698324022
"287867",0.305804311774461
"287877",0.134225621414914
"287881",0.379817444219067
"287884",0.680908477625365
"287885",0.25
"287899",0.126661796932067
"287910",0.502379064234734
"287918",0.117578398568205
"287920",0.375
"287924",0.0941700233199067
"287925",0.0928095032684076
"287927",0.0672531214528944
"287935",0.712522971908637
"287936",0.271554054054054
"287938",0.0864133533772225
"287940",0.0823856456911802
"287942",0.0830614805520703
"287944",0.0923795830337886
"287949",0.190781270155222
"287961",0.198464912280702
"287973",0.377837391663227
"287974",0.151742572221651
"287983",0.0918166691877174
"287989",0.0737054334788046
"288001",0.384615384615385
"288003",0.0982717295319793
"288010",0.0977620730270907
"288016",0.187869822485207
"288025",0.250350858253266
"288026",0.188780371605526
"288028",0.109276046193965
"288031",0.102519431787724
"288038",0.250326228795128
"288044",0.689962635869565
"288045",0.452396166134185
"288051",0.077014443177499
"288053",0.375
"288054",0.159013672646803
"288057",0.0714518229166667
"288075",0.391304347826087
"288077",0.166184254052266
"288079",0.526967285587975
"288080",0.105377395385217
"288088",0.0857438706660432
"288092",0.0981697171381032
"288093",0.105979818330236
"288105",0.0799774990900367
"288106",0.117647058823529
"288108",0.106694428670579
"288111",0.0827884022208513
"288118",0.213365232994399
"288124",0.14535666218035
"288135",0.37923364674957
"288150",0.0948397609994568
"288151",0.367785741229725
"288152",0.384615384615385
"288153",0.446428571428571
"288165",0.0911915987998285
"288167",0.0788827819834768
"288174",0.108216540066331
"288175",0.487998382940017
"288181",0.575458532695375
"288182",0.0737938267905304
"288204",0.0713303635263708
"288227",0.110212457749879
"288239",0.423347286944159
"288242",0.228110804311036
"288256",0.0608650286935135
"288257",0.147530258423291
"288271",0.868562010712814
"288272",0.345612930310663
"288275",0.144313130217933
"288280",0.133010882708585
"288289",0.179311732743007
"288291",0.406388415672913
"288306",0.0700743428307189
"288308",0.0906148867313916
"288309",0.0729693872536976
"288322",0.391304347826087
"288346",0.549592617226472
"288353",0.162365591397849
"288354",0.150976909413854
"288358",0.434088848594742
"288369",0.232793522267207
"288386",0.394736842105263
"288398",0.45532559313478
"288414",0.0958268933539413
"288449",0.0601107390338517
"288454",0.159564218483658
"288456",0.377627324171382
"288457",0.660129783376276
"288471",0.0682539682539682
"288478",0.190749824807288
"288484",0.442439237374472
"288499",0.128609728073535
"288512",0.0924740675347605
"288515",0.283811391680968
"288521",0.698904056912132
"288527",0.0730497105577506
"288529",0.148760330578512
"288532",0.11356436594029
"288557",0.115508595988539
"288559",0.233324748905485
"288562",0.235281749369218
"288587",0.102418939783839
"288589",0.145938806955756
"288593",0.429898648648649
"288595",0.0822175240779892
"288596",0.451439864483343
"288597",0.14796673880852
"288602",0.658086177951875
"288604",0.171944858420268
"288621",0.0629826112584733
"288622",0.129841181387573
"288647",0.0603099977962242
"288654",0.0778795811518325
"288657",0.0821191726450213
"288659",0.0600676570083836
"288664",0.0974235944508188
"288683",0.0634968402046344
"288691",0.0638947167652107
"288701",0.102298850574713
"288718",0.0959294050668944
"288736",0.603047942965531
"288743",0.0735495092558082
"288750",0.0685673556664291
"288751",0.149481865284974
"288752",0.391986617811056
"288772",0.0699300699300699
"288774",0.197451251343467
"288785",0.094278517452321
"288821",0.438552115133014
"288905",0.191340549542048
"288907",0.504044750430293
"288909",0.343395098625224
"288924",0.0948275862068966
"288937",0.391304347826087
"288978",0.167175106772422
"288979",0.337304999385825
"289001",0.627291567033317
"289019",0.0945070422535211
"289021",0.0669392491090422
"289023",0.651486873211397
"289026",0.14224195935944
"289032",0.398696632968502
"289035",0.628315170218922
"289038",0.486057034620646
"289048",0.33072546230441
"289051",0.106374114706291
"289052",0.0948536459485364
"289054",0.117073170731707
"289076",0.797747942832395
"289088",0.138725809958687
"289089",0.100451216805977
"289094",0.124001787553189
"289095",0.0883054892601432
"289101",0.591934887162412
"289104",0.177940487846409
"289129",0.458163657318479
"289134",0.42479674796748
"289144",0.0868327695734675
"289150",0.128654970760234
"289167",0.159032399086802
"289175",0.100623004031203
"289178",0.495202558635394
"289185",0.103571428571429
"289196",0.0913891491355081
"289199",0.550297973778308
"289201",0.64748023715415
"289211",0.157261098570354
"289227",0.62091662603608
"289229",0.107352024922118
"289230",0.404855303086374
"289235",0.441233140655106
"289236",0.658957926999164
"289237",0.252842447211695
"289239",0.378934501375166
"289247",0.375
"289257",0.436946902654867
"289264",0.109358495880572
"289269",0.391304347826087
"289270",0.118025461759211
"289276",0.080814312152992
"289278",0.118893050353725
"289280",0.183078778135048
"289307",0.0973957878178799
"289309",0.5
"289311",0.377768662838392
"289316",0.622099555468712
"289318",0.0659615439887334
"289322",0.79133409350057
"289324",0.103898316635998
"289329",0.304726890756303
"289337",0.595127446838473
"289344",0.200617283950617
"289353",0.0789877107888719
"289357",0.0970933828076685
"289369",0.105751426520047
"289380",0.126763031099431
"289382",0.08474196798388
"289384",0.377670339554756
"289388",0.190054301228923
"289392",0.0507899258265935
"289395",0.723195285644132
"289397",0.0962913491003379
"289399",0.119305222527633
"289401",0.6113074204947
"289402",0.111111111111111
"289407",0.519337016574586
"289419",0.0849777088583059
"289424",0.0934991974317817
"289439",0.631491941038711
"289440",0.0742076010214811
"289443",0.0779768177028451
"289453",0.284923146473779
"289459",0.512326656394453
"289468",0.194162880111849
"289481",0.377627324171382
"289482",1.00860009555662
"289486",0.109148613219263
"289491",0.11193141224101
"289501",0.189919405353489
"289502",0.150877192982456
"289504",0.118637193267086
"289515",0.085328317373461
"289526",0.375
"289560",0.0845999426441067
"289565",0.766029470330546
"289568",0.065554615415609
"289586",0.385988548332772
"289587",0.402169546002411
"289594",0.453000723065799
"289595",0.0997980963368907
"289596",0.689067676289636
"289608",0.114060963618486
"289625",0.333659390444811
"289633",0.0766694640930344
"289635",0.126613184513429
"289647",0.600585480093677
"289657",0.0983379501385042
"289687",0.394736842105263
"289701",0.384615384615385
"289711",0.107603197911568
"289712",0.112421383647799
"289720",0.515151515151515
"289728",0.0950215693132797
"289733",0.182465579996835
"289734",0.149490808941267
"289745",0.122767567567568
"289747",0.507416267942584
"289757",0.107871720116618
"289758",0.114044350580781
"289759",0.394296537935389
"289777",0.546367713004484
"289778",0.261156484808886
"289780",0.168413070453605
"289783",0.0832533057545985
"289785",0.382145150931278
"289796",0.501928447931906
"289797",0.125
"289801",0.116972084261004
"289820",0.0856788592684439
"289827",0.0673472617917062
"289833",0.338545738858483
"289864",0.144567678550869
"289865",0.458558471632574
"289878",0.576008932844154
"289881",0.0952380952380952
"289883",0.126443647949024
"289904",0.20490999647045
"289926",0.537811484290358
"289930",0.503819157720892
"289949",0.754581673306773
"289993",0.275129740518962
"289997",0.184115523465704
"290028",0.122373300370828
"290029",0.0763920846755637
"290032",0.493072355399164
"290156",0.584577713551702
"290206",0.384915474642393
"290212",0.0745009180763371
"290214",0.0935404165195905
"290221",0.332249802994484
"290223",0.379827729924979
"290224",0.122470394243742
"290227",0.394736842105263
"290229",0.393248855286977
"290235",0.0550262029537875
"290277",0.104743833017078
"290279",0.113824781537083
"290280",0.0999346832135859
"290291",0.067190789191047
"290300",0.0617737586791057
"290308",0.088097210715272
"290315",0.348936767492456
"290317",0.157827213090944
"290325",0.384615384615385
"290326",0.182652906359083
"290348",0.0998512970204329
"290350",0.217472118959108
"290354",0.182500334985931
"290359",0.466666666666667
"290361",0.170093457943925
"290365",0.0994662785055798
"290396",0.108900753309442
"290403",0.19403417318274
"290408",0.0745853057003063
"290409",0.215485456780008
"290425",0.38135593220339
"290426",0.81614263803681
"290447",0.0444072356746236
"290458",0.392282272678819
"290467",0.232739768822243
"290484",0.327089337175793
"290485",0.102383192223267
"290492",0.377837391663227
"290493",0.394736842105263
"290529",0.0920245398773006
"290537",0.0919158361018826
"290541",0.0610770830925691
"290551",0.159680088251517
"290553",0.192008333092214
"290555",0.0503808577579069
"290558",0.153615746683783
"290561",0.19245744799199
"290562",0.0730469149262376
"290564",0.0786919831223629
"290567",0.71163307411522
"290571",0.090479763428521
"290595",0.407063860149839
"290604",0.213511560693642
"290612",0.19367827662573
"290615",0.0737730264611035
"290623",0.792581747193753
"290626",0.122716668867468
"290628",0.109727397528927
"290629",0.115342405618964
"290633",0.100533130236101
"290636",0.0870588235294118
"290638",0.74548581255374
"290639",0.0757177295638834
"290641",0.102108381251089
"290642",0.0895806106688844
"290644",0.107905019537121
"290645",0.0736623456552679
"290646",0.220256677072494
"290648",0.117244678306625
"290651",0.0654737402842684
"290655",0.104512311106414
"290657",0.0674531443249929
"290660",0.0904255319148936
"290670",0.204422194409679
"290678",0.37923364674957
"290705",0.08994472670426
"290722",0.129657679491063
"290729",0.401717126073204
"290741",0.0989038211432464
"290753",0.255469301340861
"290755",0.17239493116966
"290767",0.937984496124031
"290771",0.382214903252367
"290789",0.227042431918936
"290803",0.156281179138322
"290805",0.107733047296618
"290818",0.494829302063952
"290842",0.145627644569817
"290851",0.0946841776110069
"290856",0.68238416003266
"290877",0.11565490430622
"290880",0.421739130434783
"290905",0.0729604941773428
"290907",0.123367490456098
"290912",0.0497381465819027
"290921",0.405505670081362
"290952",0.137023593466425
"290957",0.502560273095797
"290959",0.144157814871017
"290963",0.126018207954001
"290989",0.52544402997844
"290997",0.057380882782812
"291002",0.0860297332750328
"291005",0.129053227286632
"291015",0.277707300196056
"291022",0.0804469927451439
"291023",0.106471150781001
"291031",0.109456816604631
"291034",0.122811980621663
"291060",0.0871065114273394
"291069",0.14967145290825
"291071",0.15124725877193
"291076",0.169723284297842
"291077",0.486404833836858
"291078",0.0934466019417476
"291081",0.0848855945858846
"291084",0.113725490196078
"291087",0.377768662838392
"291091",0.175436567595698
"291100",0.30730411686587
"291129",0.0634596405866287
"291130",0.202520718232044
"291132",0.126054761494748
"291137",0.104357140124708
"291145",0.640862593309372
"291152",0.655351521511018
"291157",0.688280565924697
"291159",0.275424242424242
"291161",0.799617359782499
"291165",0.563334536268495
"291182",0.0619749564114757
"291206",0.0805416648227641
"291211",0.108562691131498
"291212",0.0646996265426755
"291228",0.16515188733317
"291234",0.134879867439934
"291245",0.0605744765641764
"291283",0.691136487221316
"291312",0.477804592657598
"291317",0.113280718465097
"291325",0.239574926015604
"291327",0.326293924182101
"291328",0.161200393571663
"291340",0.443814432989691
"291353",0.3314655588832
"291354",0.179179311254783
"291356",0.0601368732708829
"291359",0.2288621542613
"291377",0.153184781829906
"291388",0.175210518540405
"291406",0.0780259634613429
"291409",0.0603771375029281
"291423",0.0738816356286036
"291427",0.146838757949869
"291437",0.43423052848073
"291441",0.324836898801396
"291444",0.117277259917624
"291445",0.122219220030622
"291450",0.147419839679359
"291463",0.142202675462708
"291468",0.406593406593407
"291526",0.0844346549192364
"291527",0.131687091803038
"291530",0.278454553627618
"291541",0.636646471262486
"291549",0.391774891774892
"291555",0.525457637291187
"291558",0.717055537298718
"291561",0.502560273095797
"291565",0.0835513980178435
"291567",0.154859704617345
"291577",0.0669397490407549
"291582",0.153878280238521
"291597",0.155492603084671
"291604",0.0848867640393585
"291605",0.377627324171382
"291609",0.101818785815132
"291618",0.13378299689441
"291635",0.0843631849218441
"291637",0.0854983762178366
"291640",0.0878401878097557
"291647",0.107354838709677
"291648",0.123587669130981
"291649",0.0644035777623564
"291652",0.13571048430016
"291653",0.130563798219585
"291655",0.129641909814324
"291656",0.170964660936008
"291660",0.100700053850296
"291661",0.0909243791692359
"291675",0.467447556170802
"291676",0.179233503025646
"291677",0.057369814651368
"291683",0.75981171292334
"291705",0.0895883777239709
"291709",0.106993086251842
"291713",0.0782910238740942
"291752",0.394736842105263
"291754",0.394736842105263
"291755",0.35406551533403
"291759",0.70712124019517
"291760",0.409592061742007
"291770",0.113108475413887
"291772",0.0879445975929537
"291773",0.101651264959855
"291796",0.109257085359718
"291797",0.165705690649286
"291802",0.11728706412455
"291813",0.11868214152003
"291819",0.130013831258645
"291823",0.504395701980286
"291844",0.0954215572081355
"291846",0.479567307692308
"291847",0.202935598251835
"291848",0.102099511072764
"291849",0.0845247446975648
"291850",0.197325542195752
"291853",0.639318181818182
"291854",0.575552608311229
"291861",0.12257360959651
"291863",0.656027433394883
"291874",0.0568376461920987
"291877",0.0620338093631695
"291885",0.158509073075037
"291908",0.113929684023142
"291912",0.780199633326543
"291914",0.127989862189134
"291923",0.567324955116697
"291925",0.0870519385515728
"291926",1.00387221684414
"291927",0.0948071216617211
"291929",0.394736842105263
"291936",0.158226659152511
"291939",0.0784370597497307
"291940",0.0612080068105913
"291944",0.64240473471083
"291948",0.0767677654391432
"291952",0.444679351656096
"291960",0.181521466231484
"291961",0.129799574186917
"291962",0.320464867753139
"291963",0.0705546492659054
"291964",0.0991874474642757
"291965",0.380685675492193
"291966",0.117676266137041
"291967",0.0813867063070716
"291975",0.073324833545828
"291978",0.105337078651685
"291983",0.0945164506480558
"291984",0.560577644411103
"291991",0.673505128846635
"292017",0.369230769230769
"292041",0.0888961964266141
"292058",0.256836863736959
"292060",0.111702127659574
"292064",0.0760514072504491
"292071",0.246430071398572
"292073",0.0916548511241645
"292074",0.0921161825726141
"292077",0.0991155660377359
"292078",0.100404672825838
"292087",0.0926486380943083
"292097",0.0828387845254563
"292101",0.0698543145311916
"292124",0.668966173462106
"292129",0.373034424139397
"292130",0.0954333753185506
"292138",0.251288445552785
"292160",0.0767729933300059
"292165",0.563453424212918
"292168",0.391304347826087
"292172",0.231991968543462
"292188",0.116875372689326
"292199",0.0597045547804678
"292206",0.144198937562553
"292228",0.0994781474233529
"292263",0.253738833684633
"292264",0.786036412226491
"292266",0.281645569620253
"292279",0.851469987750102
"292295",0.486881981123907
"292301",0.448135593220339
"292305",0.0869507264406629
"292306",0.12151728768043
"292310",0.267263427109974
"292311",0.504103535353535
"292316",0.373700676152992
"292325",0.466409337377079
"292381",0.0845758259647046
"292401",0.194962962962963
"292406",0.167351762408797
"292409",0.377837391663227
"292464",0.0967311541027352
"292474",0.518834459459459
"292477",0.456363636363636
"292483",0.451917325712767
"292516",0.405505670081362
"292535",0.0693595059813251
"292537",0.366186133176424
"292541",0.526666666666667
"292594",0.500213986133699
"292610",0.145621049916161
"292615",0.375
"292622",0.0786577910609971
"292624",0.111803789680912
"292657",0.150409491810164
"292661",0.721421107628004
"292671",0.742694663167104
"292680",0.113665389527458
"292684",0.204829667960328
"292688",0.321428571428571
"292690",0.204391052195526
"292697",0.650906735751295
"292700",0.542347696879643
"292706",0.464333781965007
"292710",0.109080188679245
"292711",0.713524943221866
"292720",0.60406342913776
"292721",0.0709837235665402
"292722",0.137313171925531
"292734",0.0812963355221351
"292735",0.104363921121948
"292737",0.0911929231169507
"292746",0.679934865207165
"292750",0.13337342152736
"292755",0.3115193264447
"292756",0.0833620987228167
"292757",0.200704225352113
"292760",0.461029228078941
"292763",0.157016235917826
"292764",0.0592286212181654
"292765",0.434568768663271
"292767",0.193303669122474
"292771",0.0768868948549099
"292778",0.116883116883117
"292781",0.259632402995235
"292786",0.470694393175013
"292787",0.12316715542522
"292793",0.117947132477972
"292794",0.498661909009813
"292809",0.766891891891892
"292820",0.0650628620576257
"292843",0.1264
"292844",0.48650703154694
"292846",0.252895327843586
"292847",0.167173252279635
"292848",0.377768662838392
"292849",0.13372130000636
"292850",0.269607843137255
"292851",0.717861893820293
"292852",0.28837485759572
"292874",0.149859154929577
"292875",0.0933498554316398
"292879",0.22383308027624
"292884",0.147716229348882
"292890",0.378787878787879
"292892",0.117623172712507
"292898",0.0916955017301038
"292902",0.768207282913165
"292905",0.504228329809725
"292912",0.0768957345971564
"292913",0.284361937546103
"292915",0.114110429447853
"292916",0.159548211671199
"292918",0.429494455601153
"292928",0.378934501375166
"292935",0.0892563343205002
"292947",0.0603127258753671
"292949",0.248835159299836
"292964",0.099840718216044
"292988",0.216061731923407
"292994",0.0469046788386246
"292999",0.0796710181577928
"293004",0.1182
"293023",0.0861178454727522
"293024",0.055772304221115
"293042",0.11099035457139
"293046",0.134649910233393
"293047",0.108921161825726
"293048",0.338983050847458
"293049",0.107766405779651
"293050",0.0659676333441388
"293052",0.277158774373259
"293056",0.0532481619862601
"293057",0.108709677419355
"293061",0.91503883266651
"293065",0.676472417438895
"293067",0.0896160007767367
"293104",0.0912790289763559
"293107",0.179663131628197
"293113",0.126012145748988
"293118",0.0806334773811605
"293130",0.0861679030215307
"293135",0.408175533513676
"293140",0.330810810810811
"293148",0.0890271863740583
"293152",0.427790973871734
"293154",0.514433752775722
"293156",0.19919028340081
"293165",0.0663072476656292
"293166",0.104934520691462
"293173",0.145533141210375
"293181",0.11786582749249
"293186",0.267932550056017
"293198",0.377837391663227
"293294",0.5
"293302",0.661654135338346
"293303",0.449179248389069
"293309",0.375
"293340",0.498892988929889
"293345",0.0945719633533642
"293347",0.384615384615385
"293410",0.0902784759223887
"293418",0.103364550815123
"293426",0.444764470872433
"293449",0.173032714412025
"293451",0.132427843803056
"293452",0.171548117154812
"293453",0.0654288501906986
"293489",0.0671316200121015
"293490",0.73110631271434
"293494",0.124533929903057
"293498",0.100609956056929
"293502",0.131791907514451
"293504",0.3046875
"293507",0.17199558985667
"293514",0.129930394431555
"293515",0.572569242285619
"293522",0.530942962868445
"293524",0.120329608307935
"293537",0.394736842105263
"293544",0.356502433609427
"293545",0.322576775431862
"293561",0.125438596491228
"293566",0.344185002245173
"293568",0.575908412145346
"293573",0.440849923430322
"293587",0.0853136882129278
"293591",1.00934033858727
"293594",0.377627324171382
"293609",0.394736842105263
"293613",0.414540816326531
"293617",0.805194805194805
"293618",0.346459991621282
"293619",0.748627564287778
"293623",0.191452622490827
"293624",0.169738534076297
"293625",0.139716952725083
"293632",0.10140713259133
"293634",0.620490395127284
"293637",0.62825221916131
"293645",0.0469394519740719
"293649",0.117867371667768
"293653",0.100067046597385
"293654",0.243033742020468
"293660",0.320231385345595
"293663",0.15424
"293665",0.0980347349177331
"293666",0.112213841471483
"293669",0.223551138862017
"293676",0.866281469252992
"293677",0.112915013572771
"293678",0.107323510006598
"293688",0.128684807256236
"293690",0.103542234332425
"293698",0.251321928460342
"293702",0.100225225225225
"293703",0.0953209064724743
"293704",0.0995916377156092
"293710",0.445383676152907
"293711",0.335657370517928
"293735",0.215002602037023
"293738",0.0824331663749925
"293741",0.394770999443723
"293744",0.617260787992495
"293746",0.800566825775656
"293749",0.290296712109062
"293750",0.307565543071161
"293783",0.109211369950844
"293805",0.377627324171382
"293816",0.379817444219067
"293832",0.77764390896921
"293841",0.520102808885625
"293844",0.112728503723764
"293846",0.496706344620363
"293847",0.166051660516605
"293854",0.580681818181818
"293860",0.0892146366905487
"293871",0.130530206769089
"293874",0.338304462544453
"293878",0.377658066345336
"293894",0.241273100616016
"293897",0.390728476821192
"293918",0.379817444219067
"293922",0.107839751338284
"293935",0.102430939226519
"293937",0.507477034821619
"293947",0.155112718319612
"293949",0.100396800403099
"293960",0.100522193211488
"293967",0.0911680911680912
"293976",0.211114685539649
"293990",0.21070014704219
"293992",0.138414969730325
"293996",0.123121869782972
"293997",0.182032253460825
"294007",0.0849180179773251
"294009",0.116079494128275
"294011",0.248618784530387
"294018",0.113296989808011
"294027",0.382390778572531
"294043",0.074807069952701
"294048",0.138049635824117
"294051",0.604377972609019
"294054",0.384615384615385
"294065",1.18541961426763
"294066",0.118565625624292
"294071",0.192752740560292
"294072",0.304661179581219
"294074",0.618867924528302
"294075",0.677362079898542
"294079",0.0839651783206964
"294090",0.169142857142857
"294091",0.119836722465641
"294093",0.799946380697051
"294094",0.697211155378486
"294097",0.394736842105263
"294103",0.14975637718544
"294119",0.0774161735700197
"294122",0.378934501375166
"294140",0.37923364674957
"294141",0.323151909017059
"294186",0.375
"294188",0.5
"294190",0.37384861834201
"294197",0.378934501375166
"294198",0.391304347826087
"294208",0.821836165356328
"294210",0.863422439759036
"294213",0.44903504880213
"294228",0.106908186822944
"294231",0.0945945945945946
"294232",0.0871187749324411
"294235",0.205408515535098
"294239",0.0927047669212536
"294241",0.819956616052061
"294250",0.0732000849517427
"294251",0.61415447431099
"294252",0.489013266998342
"294255",0.545509656187754
"294257",0.104459188396852
"294269",0.38901630988787
"294270",0.52516010978957
"294273",0.150054288816504
"294274",0.139183957113075
"294279",0.0867807643847123
"294282",0.109175949289187
"294284",0.651512824450929
"294286",0.178145695364238
"294291",0.103595536575286
"294297",0.379697719966003
"294299",0.201465201465201
"294301",0.447368421052632
"294312",0.0981229297018771
"294321",0.146376464960536
"294328",0.77111213659437
"294329",0.0866997080589314
"294331",0.0623717864781109
"294335",0.136608120329383
"294337",0.284361851332398
"294341",0.55931031502528
"294343",0.0622816464840159
"294375",0.106650585802895
"294380",0.0922812127631405
"294388",0.475226110892646
"294390",0.130451789556034
"294392",0.0927588270496709
"294408",0.0831908594303824
"294410",0.0872113064460531
"294421",0.112124667426834
"294429",0.090049527239982
"294430",0.529207338886901
"294431",0.159071967127323
"294436",0.0666226400435087
"294449",0.455080680331443
"294456",0.0961891094634457
"294499",0.0930055752660922
"294503",0.657432121491026
"294508",0.100549176235647
"294512",0.0745951685691532
"294518",0.0482189523917737
"294519",0.112834842936982
"294520",0.084197318893218
"294521",0.565079365079365
"294557",0.160577103241521
"294559",0.5775
"294562",0.431818181818182
"294601",0.128396419035653
"294606",0.100202657059221
"294640",0.378934501375166
"294643",0.0532291892673754
"294661",0.425
"294679",0.0946649316851008
"294687",0.12540117285299
"294691",0.174230697789611
"294706",0.10865561694291
"294712",0.195790504160548
"294715",0.120824773643765
"294718",0.129282655246253
"294722",0.377768662838392
"294732",0.375
"294734",0.0861559911424588
"294747",0.210708885528773
"294767",0.0547513350061121
"294770",0.108039215686275
"294787",0.0646446886446886
"294789",0.327098831030818
"294790",0.132474643768278
"294795",0.354615485050268
"294797",0.132870077911139
"294800",0.120548088489096
"294804",0.143986683312526
"294806",0.344128750248361
"294807",0.190657418206372
"294809",0.126637320163195
"294853",0.543718021603184
"294854",0.310357079410197
"294881",0.449535254905643
"294912",0.0490068683868572
"294924",0.13655668082326
"294925",0.109643102264928
"294932",0.550421728290276
"294945",0.321739130434783
"294961",0.166305525460455
"294962",0.0626704513830912
"294978",0.0472023045370573
"294979",0.538481579907248
"294981",0.236006597258015
"295010",0.629909805062555
"295027",0.138874183871537
"295037",0.409982174688057
"295041",0.40752142014263
"295050",0.146509341199607
"295052",0.0861280104580421
"295061",0.161461687057308
"295062",0.129132413647109
"295088",0.172899353647276
"295090",0.446760982874162
"295106",0.0931924882629108
"295107",0.144343590878902
"295144",0.219828130923796
"295160",0.340081977394113
"295171",0.0813994095050636
"295193",0.462962962962963
"295213",0.118425236914075
"295214",0.151737967914438
"295217",0.0733115610711953
"295219",0.0786680146594212
"295228",0.0529922516839933
"295231",0.099780701754386
"295245",0.10316214397847
"295246",0.204679474985733
"295247",0.43260630786129
"295261",0.427348706071896
"295263",0.0956540264167022
"295265",0.394736842105263
"295274",0.0928573925811978
"295277",1.05114942528736
"295279",0.24651683107902
"295283",0.0666912553648069
"295293",0.128594934897696
"295315",0.579214195183777
"295322",0.416666666666667
"295323",0.268789356083689
"295324",0.112558267068824
"295325",0.106081027511298
"295326",0.734060402684564
"295327",1.24728026247626
"295333",0.1463226470084
"295337",0.337078651685393
"295338",0.774205423978402
"295340",0.394736842105263
"295341",0.248693834900731
"295342",0.1
"295344",0.0594845457972107
"295347",0.123561013046815
"295356",0.216213768115942
"295360",0.394296537935389
"295361",0.377768662838392
"295378",0.121484141232795
"295382",0.106457242582897
"295384",0.0641935610368221
"295417",0.213142079068457
"295426",0.697211155378486
"295430",0.0789681264424903
"295445",0.585333833458365
"295449",1.00257510729614
"295455",0.16147859922179
"295457",0.115122972265829
"295458",0.157863457395439
"295462",0.370380246386859
"295475",0.128205128205128
"295490",0.137107149421062
"295496",0.0732271675513815
"295518",0.489388513065393
"295528",0.0743732590529248
"295531",0.547707434533962
"295538",0.727356261485954
"295541",0.62627007538512
"295543",0.0486797309640455
"295549",0.081630336058129
"295568",0.088138614964622
"295588",0.0546277981343969
"295596",0.109216402760861
"295602",0.0812362030905077
"295607",0.0949574328749181
"295619",0.132369722327881
"295620",0.518332756831546
"295629",0.10180451784856
"295631",0.683639314332082
"295635",0.129970575872215
"295645",0.0647126436781609
"295649",0.183989501312336
"295654",0.10655737704918
"295660",0.202224123182207
"295661",0.253011061040557
"295663",0.0890809998120654
"295669",0.186546463245492
"295672",0.107748231854281
"295691",0.0418154549350093
"295695",0.0991926991926992
"295703",0.236229900786863
"295704",0.369446962828649
"295706",0.375
"295707",0.0624515271263434
"295929",0.620122815304676
"295952",0.100895713371721
"295956",0.0882811147654492
"295965",0.507512876175882
"295971",0.112153377766807
"295980",0.606873428331936
"295985",0.122971145175834
"295999",0.5
"296049",0.0718435017427073
"296060",0.106108830695612
"296072",0.121951219512195
"296074",0.399585614917863
"296078",0.120689655172414
"296090",0.229855963358043
"296091",0.152156862745098
"296098",0.153429602888087
"296102",0.0949082037969537
"296115",0.0763223761054564
"296118",0.205067300079177
"296119",0.0979824397534093
"296129",0.499463404163984
"296130",0.863997615736142
"296137",0.157863451086957
"296138",0.586870795639063
"296145",0.172188885990086
"296147",0.102611179110567
"296149",0.645443196004994
"296152",0.375
"296156",0.0924910209650026
"296169",0.482713005832482
"296178",0.12699475504966
"296179",0.365471267205728
"296182",0.110542476970317
"296184",0.903217821782178
"296188",0.39947804175666
"296197",0.328063241106719
"296200",0.116126768798971
"296201",0.367403314917127
"296211",0.0771445244115931
"296219",0.100845639278051
"296220",0.375
"296256",0.503153128874037
"296257",0.391304347826087
"296267",0.0644199798086631
"296269",0.306007408600419
"296271",0.0567484662576687
"296272",0.20550571275209
"296281",0.0908779363200199
"296300",0.088856993736952
"296307",0.320720058780309
"296311",0.136470588235294
"296313",0.162129461584997
"296318",0.214594928880643
"296321",0.584178272980501
"296323",0.566666666666667
"296344",0.25201252236136
"296345",0.359232556753858
"296354",0.359400285578296
"296358",0.16208229142987
"296366",0.777
"296368",0.358032725920417
"296369",0.287945339189849
"296395",0.214684756584198
"296399",0.535612535612536
"296409",0.187686109651428
"296455",0.170083682008368
"296468",0.170630591315732
"296469",0.132113821138211
"296470",0.116113744075829
"296472",0.371508080916194
"296474",0.227455357142857
"296483",0.644102564102564
"296488",0.0755300935071777
"296499",0.26067302862883
"296500",0.102473498233216
"296501",0.0815293615464358
"296504",0.627554763651609
"296510",0.729935229512813
"296511",0.886012941762071
"296512",0.0619147940074906
"296532",0.148235294117647
"296545",0.134721314536458
"296550",0.168902920284136
"296560",0.129790940766551
"296564",0.281458304992518
"296566",0.217183770883055
"296601",0.435448747861254
"296603",0.11587982832618
"296608",0.196683189523285
"296610",0.443619246861925
"296616",0.0954706577392674
"296618",0.0637455911450119
"296619",0.155220417633411
"296634",0.0686135021697375
"296637",0.0443283056676325
"296653",0.182724252491694
"296654",0.102628736046093
"296655",0.109040347367907
"296658",0.0818897637795276
"296706",0.0703223105902051
"296708",0.101008517531484
"296709",0.123420667641974
"296730",0.427790973871734
"296732",0.105358891842731
"296751",0.0809912854030501
"296757",0.0888179763329345
"296761",0.089275933837222
"296762",0.095121353272861
"296787",0.184599278818192
"296789",0.0946902654867257
"296813",0.139679515912147
"296836",0.470570036352386
"296840",0.0783413663835973
"296846",0.48
"296851",0.0704791766069116
"296866",0.244583856127143
"296867",0.405709257991984
"296872",0.329989622967831
"296883",0.105015105740181
"296884",0.0673090095438148
"296925",0.0843960601347849
"296935",0.464935840047747
"296936",0.147042503606703
"296947",0.762996087199553
"296952",0.189418527353068
"296959",0.274439601494396
"296968",0.218418259023355
"296981",0.443396226415094
"296995",0.0764121188951543
"297025",0.527447833065811
"297029",0.0644048303622772
"297073",0.0996326905417815
"297076",0.226872246696035
"297077",0.13440142412105
"297081",0.377837391663227
"297093",0.090384915069347
"297123",0.125878399022304
"297176",0.118225888141234
"297333",0.322636600173461
"297337",0.0504769475357711
"297339",0.235675395385014
"297342",0.0921800583807036
"297380",0.179642736771149
"297386",0.424164109190761
"297393",0.0727562824092541
"297411",0.0683694530443756
"297412",0.0964187327823692
"297418",0.391304347826087
"297419",0.521108632229278
"297436",0.0841750841750842
"297437",0.117216432693136
"297444",0.373029772329247
"297455",0.0961400143850396
"297458",0.0887036884231372
"297481",0.0917864880835139
"297483",0.195834628535903
"297486",0.104641693811075
"297504",0.063571549821762
"297514",0.0595593635250918
"297516",0.124071869863402
"297520",0.205099150141643
"297561",0.0757878620337685
"297570",0.102087025004922
"297572",0.5065755410583
"297584",0.455973843149721
"297592",0.157033805888768
"297594",0.147490880410135
"297595",0.108325952170062
"297596",0.337468460891505
"297602",0.10979114772945
"297604",0.108286435086357
"297682",0.0658737647117247
"297694",0.501689189189189
"297698",0.377837391663227
"297708",0.091029346920778
"297720",0.156431054461182
"297728",0.199139579349904
"297738",0.627499123114697
"297748",0.06425
"297757",0.16778327993009
"297767",0.541197391819799
"297768",0.118722926359698
"297783",0.167822250236369
"297795",0.414943779470439
"297797",0.0635791512021946
"297801",0.0967818128136994
"297804",0.143354816234106
"297805",0.391304347826087
"297814",0.113649958128963
"297821",0.0893523304418176
"297822",0.142985611510791
"297824",0.0931263858093126
"297832",0.0815732317668167
"297846",0.0806914409685772
"297853",0.383905013192612
"297865",0.167267576616019
"297867",0.0577878473549162
"297872",0.301587301587302
"297879",0.0817778971397878
"297891",0.463252656434475
"297894",0.794505080918329
"297902",0.122057834566241
"297910",0.523501823866597
"297932",0.63412385820833
"297942",0.120026746907389
"297952",0.138999862239978
"297954",0.391304347826087
"297960",0.0804223512025872
"297962",0.064475079533404
"297968",0.0711382900491543
"297969",0.143628145449639
"297971",0.0890946345905745
"297989",0.0778894472361809
"298002",0.0839725727167413
"298003",0.0986513947903196
"298012",0.0802066075431244
"298017",0.617420687065891
"298019",0.0888146911519199
"298031",0.18146956952004
"298033",0.0516978704675492
"298034",0.806344461052981
"298051",0.458427186367643
"298062",0.0686056327219707
"298065",0.107827038861522
"298066",0.0591374269005848
"298069",0.150809293436063
"298072",0.125876257238647
"298074",0.17092866756393
"298084",0.0738625363020329
"298086",0.137470088291113
"298091",0.097462391733779
"298101",0.131220139654539
"298104",0.0894794923671142
"298107",0.57245382585752
"298126",0.394462575007896
"298138",0.44591439688716
"298141",0.137016305670479
"298159",0.195917994889889
"298168",0.0829511666582674
"298182",0.791319511722534
"298184",0.0957609805924413
"298185",0.283628779979145
"298186",0.0799415835926091
"298189",0.370716236454938
"298227",0.0923195084485407
"298250",0.0963696369636964
"298267",0.117484831770546
"298282",0.177033492822967
"298288",0.59480696959344
"298296",0.820754716981132
"298300",0.102856141580515
"298301",0.238826161610906
"298306",0.700684361416813
"298317",0.0899160288325778
"298318",0.206243999132778
"298320",0.333113229972795
"298322",0.13711929777896
"298326",0.379817444219067
"298340",0.37923364674957
"298342",0.0891532210575904
"298349",1.15646635281086
"298366",0.272321428571429
"298376",0.0988845342176666
"298381",0.0853984737628826
"298392",0.37923364674957
"298394",0.384615384615385
"298398",0.74405737704918
"298404",0.343633027522936
"298410",0.144574175824176
"298426",0.0660551051390549
"298429",0.148002250984806
"298436",0.586423977008348
"298439",0.109471680152308
"298442",0.112490499113251
"298443",0.077959036434326
"298451",0.065692590888173
"298468",0.874102079395085
"298485",0.615752269258575
"298487",0.1535997512051
"298490",0.0952542949481204
"298493",0.126089015151515
"298496",0.108606262299803
"298506",0.11232238527836
"298512",0.333562349708004
"298518",0.167301760116131
"298521",0.111779222133398
"298524",0.27211131276467
"298532",0.451732127096205
"298533",0.12990099009901
"298534",0.153047091412742
"298543",0.180883544146053
"298544",0.0810237889612939
"298545",0.547067831726871
"298552",0.0586062546170894
"298555",0.324543682438419
"298559",0.752046783625731
"298566",0.139667504349507
"298567",0.76844494892168
"298577",0.402694181713958
"298579",0.538992500165926
"298590",0.23015790024051
"298591",0.0949983215844243
"298602",0.211309142197718
"298605",0.347851389729503
"298606",0.075685411246748
"298607",0.719539922428782
"298643",0.0843043842142535
"298646",0.0866298342541436
"298653",0.148736539076661
"298676",0.0945412593357217
"298682",0.0955170790395983
"298683",0.0814302065732817
"298686",0.103026936961955
"298692",0.816045956238301
"298693",0.186567664884933
"298694",0.130107215299913
"298698",0.388611237316371
"298702",0.4076272010896
"298712",0.084271624334468
"298732",0.542152803914189
"298733",0.375
"298734",0.375
"298744",0.0702032978193031
"298765",0.112640299305184
"298782",0.115987460815047
"298784",0.301931649331352
"298787",0.101223142867391
"298792",0.0529117292947215
"298795",0.593622240392477
"298801",0.0743070114139296
"298845",0.107191547375596
"298850",0.338703287996831
"298857",0.682779456193354
"298861",0.112288919018859
"298873",0.362039470939208
"298875",0.0747056080214527
"298878",0.585901890879552
"298881",0.405505670081362
"298884",0.266176470588235
"298890",0.0582510870315412
"298894",0.110558839333692
"298906",0.254261455700305
"298908",0.252441848756419
"298933",0.109001507429474
"298936",0.20272783632982
"298942",0.0835178011437004
"298943",0.17261196987713
"298944",0.0972896899259999
"298947",0.126362720249183
"298954",0.377837391663227
"298959",0.391304347826087
"298961",0.786236297198538
"298963",0.58729319332175
"298992",0.0939773304009474
"299002",0.179874677478806
"299012",0.151816312542838
"299016",0.0723777212326831
"299021",0.736626117543603
"299038",0.417782319877363
"299041",0.584483780807995
"299050",0.106834771068348
"299052",0.380952380952381
"299075",0.0754271486219627
"299103",0.128685258964143
"299104",0.0923070978710251
"299106",0.497362755651238
"299112",0.314104260386346
"299129",0.309104533533158
"299131",0.590468349798756
"299138",0.276622050206956
"299139",0.226190476190476
"299142",0.0664299662701935
"299145",0.17374540634978
"299152",0.759965085830666
"299153",0.0872061295322084
"299154",0.096309502585131
"299169",0.444764470872433
"299172",0.37923364674957
"299186",0.101416940660717
"299190",0.391304347826087
"299192",0.658970476911431
"299193",0.450797141286421
"299196",0.0773225620311598
"299203",0.0977590126664501
"299206",0.760369881109643
"299209",0.0846227723828833
"299210",0.25085075352455
"299211",0.112924216638302
"299236",0.157175511826675
"299242",0.351973684210526
"299247",0.284809393225445
"299255",0.391049315663698
"299265",0.177615673197165
"299266",0.17022202873313
"299269",0.194197750148017
"299270",0.375
"299271",0.587266688496983
"299284",0.0467081770711838
"299285",0.0488733951194626
"299314",0.158517210944395
"299316",0.491739130434783
"299330",0.392071881606765
"299331",0.0761642042266692
"299338",0.258761003155622
"299339",0.088204410220511
"299343",0.644296951819076
"299346",0.104834012813046
"299356",0.101425601425601
"299415",0.377768662838392
"299488",0.0473381697629862
"299499",0.287423557564478
"299504",0.5
"299507",0.166199252136752
"299509",0.721930625285258
"299510",0.0816779765576804
"299511",0.205575689991636
"299514",0.150181554103123
"299557",0.384615384615385
"299566",0.835843955195056
"299567",0.319384428777197
"299569",0.0881665820213306
"299570",0.350850077279753
"299599",0.388072601555748
"299600",0.169677288410798
"299607",0.104180203595408
"299611",0.0634103641456583
"299613",0.0706873971590718
"299616",0.220085778998602
"299626",0.131768504719324
"299636",0.0968436154949785
"299637",0.160002546797402
"299647",0.0814381043170366
"299683",0.377837391663227
"299685",0.626359992364955
"299687",0.447193149381541
"299694",0.0751766417290108
"299699",0.434210526315789
"299700",0.143568981625662
"299706",0.100442741029538
"299713",0.335619201290843
"299730",0.132660332541568
"299735",0.500844277673546
"299737",0.108520486884965
"299743",0.0956335387088133
"299750",0.377627324171382
"299756",0.229166666666667
"299757",0.179499518768046
"299759",0.208651399491094
"299783",0.30168983756963
"299802",0.177314296993223
"299810",0.0621222804190169
"299811",0.13969441845962
"299818",0.0638808231283929
"299828",0.100791840021474
"299830",0.120848573518654
"299848",0.522618145059388
"299872",0.088772208315526
"299900",0.0970032776650538
"299903",0.690721649484536
"299908",0.734041423260754
"299909",0.0893865628042843
"299920",0.198601922356759
"299928",0.568196544276458
"299933",0.347547683923706
"299940",0.215292459478506
"299944",0.542341151855522
"299949",0.0821371610845295
"299964",0.314285714285714
"299979",0.426052332195677
"300016",0.500154910668181
"300019",0.7051351841771
"300025",0.0896659381829535
"300027",0.602474771744354
"300030",0.0928785690478836
"300034",0.125412828089692
"300035",0.0849040727027937
"300036",0.0896581691772885
"300045",0.100934579439252
"300051",0.864602913533835
"300054",0.563191216541112
"300057",0.137893711440632
"300060",0.431411119163475
"300062",0.102391629297459
"300067",0.097155730780062
"300074",0.211770797376596
"300075",0.0683408955013893
"300091",0.530679655133804
"300105",0.0973451327433628
"300115",0.475943505441074
"300117",0.142909356725146
"300121",0.391304347826087
"300122",0.613081529249194
"300124",0.549204018901684
"300125",0.106443298969072
"300126",0.121265377855888
"300128",0.0987439327133277
"300135",0.729802955665025
"300141",0.285082286321005
"300150",0.378934501375166
"300173",0.12033454000749
"300177",0.120647876546359
"300186",0.143352950052814
"300197",0.150785340314136
"300199",0.648780487804878
"300202",0.384615384615385
"300207",0.500569632685131
"300211",0.152431476569408
"300218",0.151727804359383
"300219",0.206276595744681
"300220",0.666334028848771
"300225",0.0848418070203054
"300228",0.0894653255690842
"300231",0.0548446316244162
"300236",0.19452313503305
"300242",0.899700037495313
"300247",0.275406167108753
"300248",0.446428571428571
"300250",0.3225779591157
"300257",0.080201048951049
"300260",0.0997690023099769
"300266",0.0574184280730556
"300278",0.60980460980461
"300284",0.12113692758854
"300286",0.706541218637993
"300308",0.275970619097587
"300340",0.391304347826087
"300359",0.111111111111111
"300384",0.840055283327051
"300438",0.0776324157354411
"300442",0.107292175707227
"300444",0.141483765644839
"300455",0.356562213189983
"300458",0.750996015936255
"300461",0.702635146585325
"300474",0.0885416666666667
"300475",0.277787543212047
"300519",0.134236299229006
"300520",0.436688950058985
"300524",0.391304347826087
"300599",0.375
"300608",0.146430098332621
"300649",0.668692509855453
"300653",0.0847878049880485
"300656",0.534268146370726
"300663",0.57592875656277
"300665",0.0948932219127205
"300673",0.0908635085348041
"300676",0.491420612813371
"300677",0.0753485718361088
"300678",0.926143790849673
"300679",0.987908961593172
"300682",0.36631419939577
"300687",0.100358422939068
"300691",0.0978869653767821
"300696",0.121658827578295
"300710",0.0780231335436383
"300711",0.0754073702682377
"300713",0.228947368421053
"300718",0.528331466965286
"300719",0.0817136544048447
"300721",0.0481714560113226
"300723",0.180670485890091
"300726",0.101421110166403
"300732",0.1875
"300743",0.515944023858683
"300751",0.468015308911974
"300756",0.0882352941176471
"300761",0.195949855351977
"300776",0.428449453551913
"300790",0.61527293844367
"300795",0.460741885625966
"300796",0.156601524026748
"300797",0.0756819054936612
"300799",0.08652573595164
"300807",0.113468414779499
"300822",0.15808701428097
"300826",0.584917228694053
"300834",0.415299088281076
"300846",0.593018093018093
"300850",0.12069967081908
"300857",0.160547156227502
"300860",0.0561376607888236
"300866",0.125942584998016
"300870",0.0995332888846557
"300874",0.234671532846715
"300880",0.101903731058194
"300884",0.857142857142857
"300886",0.165151664855251
"300889",0.199986587083361
"300900",0.187185025197984
"300901",0.109677072891307
"300913",0.298664671347991
"300920",0.732203389830508
"300923",0.398251578436134
"300944",0.0702294976729257
"300947",0.0483764355944807
"300950",0.118551134003489
"300967",0.086833290389075
"300983",0.0750330345344809
"300985",0.10635579687001
"300990",0.119536128456735
"300993",0.132657120127287
"300994",0.0771902448846047
"300999",0.127296587926509
"301000",0.160098522167488
"301007",0.0850108135085676
"301010",0.0676095205243187
"301012",0.334216238089983
"301014",0.0638856637363853
"301016",0.417772062804548
"301026",0.747684402677304
"301033",0.0938967136150235
"301039",0.132
"301042",0.462543295398318
"301045",0.159389529007479
"301057",0.7078125
"301059",0.112676056338028
"301065",0.425161812297735
"301067",0.0750588235294118
"301068",0.0590017443461762
"301073",0.196464214428286
"301075",0.61881506233132
"301079",0.0931558935361217
"301082",0.490566037735849
"301083",0.555975075249512
"301085",0.119985673352436
"301086",0.502330623306233
"301088",0.312318354571876
"301097",0.0983493810178817
"301112",0.449193132414708
"301114",0.708138173302108
"301115",0.500559910414334
"301117",0.0946006247211067
"301118",0.413114220631305
"301120",0.503819157720892
"301121",0.160637338410662
"301124",0.107314317989269
"301127",0.255326704545455
"301131",0.22346533195937
"301132",0.239030023094688
"301133",0.392071881606765
"301154",0.67862969004894
"301155",0.126202883115895
"301164",0.0800904977375566
"301165",0.585473971357127
"301168",0.550804916046391
"301225",0.507326774126021
"301226",0.872673849167483
"301227",0.0875535094095792
"301229",0.442202784048157
"301232",0.234172661870504
"301233",0.764537145079736
"301240",0.101441942828232
"301242",0.0998926709598283
"301255",0.342045626227527
"301261",0.0897535358357701
"301264",0.370101596516691
"301266",0.664099840679766
"301269",0.585199240986717
"301271",0.22371683820782
"301284",0.472067039106145
"301285",0.713947290494522
"301287",0.496932515337423
"301295",0.173250564334086
"301299",0.798690671031097
"301306",0.567307692307692
"301323",0.101601423487544
"301333",0.121342177136169
"301343",0.187053140096618
"301346",0.0672272148725267
"301348",0.28076999142989
"301361",0.0527310690767121
"301363",0.0626269792640846
"301365",0.516018537175096
"301372",0.0933622682455064
"301374",0.0911170415554708
"301378",0.424975074775673
"301381",0.231152204836415
"301415",0.11846016646849
"301416",0.0889170799215777
"301434",0.15166243234287
"301440",0.17972010802848
"301442",0.0533642179572027
"301444",0.377768662838392
"301446",0.105279242111697
"301455",0.197826437832894
"301460",0.0584005094512527
"301476",0.140273606940274
"301482",0.154562120998449
"301489",0.835630481831644
"301509",0.0765691958658936
"301510",0.548566142460685
"301511",0.0827147401908802
"301516",0.165100164654226
"301517",0.171673819742489
"301521",0.412490922294844
"301543",0.125226039783002
"301555",0.0877994955863808
"301556",0.0798312041158449
"301562",0.383111914864019
"301595",0.995626242544732
"301596",0.212177209192135
"301606",0.711625282167043
"301611",0.375
"301617",0.0870337477797513
"301626",0.572992056487202
"301650",0.113964476332138
"301674",0.0834553440702782
"301676",0.0927367055771725
"301701",0.20993846976993
"301709",0.168768593972319
"301737",0.0659755398433021
"301887",0.12327506899724
"301957",0.186462739993492
"301965",0.190642110502738
"302022",0.17515572025546
"302027",0.377768662838392
"302032",0.104212860310421
"302083",0.229991614646418
"302192",0.565624710138206
"302248",0.0853876489963517
"302288",0.102811466372657
"302290",0.113403603199522
"302302",0.0779662103677107
"302311",0.500703539344085
"302313",0.0690290384164517
"302325",0.572884549503255
"302327",0.13887065003283
"302328",0.612361769352291
"302333",0.3182001614205
"302363",0.178409997341133
"302368",0.394736842105263
"302373",0.820509965482686
"302377",0.24110504268519
"302378",0.192600874072568
"302388",0.377837391663227
"302392",0.107940446650124
"302395",0.0637314522014109
"302396",0.072402614110019
"302415",0.0934863314208572
"302421",0.265272812062801
"302425",0.546082715171222
"302426",0.519756838905775
"302432",0.732584635416667
"302435",0.401385266578306
"302470",0.0835542414355628
"302473",0.157036029911625
"302488",0.808071472581639
"302492",0.561062539982332
"302495",0.133207696885539
"302497",0.334732824427481
"302499",0.0945273631840796
"302500",0.0929939380934499
"302502",0.162488393686165
"302507",0.321146301245238
"302516",0.379696769940672
"302536",0.37225392296719
"302538",0.0914711765775595
"302540",0.197574182369504
"302554",0.528287419902514
"302562",0.153195251326092
"302579",0.618987234762025
"302582",0.152599849284099
"302583",0.339166992569417
"302591",0.523819473464271
"302612",0.082931383227011
"302619",0.596062992125984
"302638",0.446132339235788
"302640",0.0719685515573027
"302656",0.0785523100197835
"302666",0.449373350923483
"302668",0.171221030785195
"302669",0.129363100634633
"302671",0.117720371629277
"302680",0.111244090718688
"302685",0.37923364674957
"302697",0.0948257655755016
"302705",0.165255474452555
"302719",0.777699859747546
"302729",0.384615384615385
"302773",0.370967741935484
"302811",0.105881872729499
"302812",0.203258547008547
"302813",0.394462575007896
"302817",0.152113622993529
"302819",0.541127541589649
"302822",0.119259503405845
"302826",0.349116607773852
"302845",0.717206132879046
"302860",0.5483
"302864",0.0974395448079658
"302873",0.166485572860075
"302879",0.657894736842105
"302884",0.579182703192212
"302890",0.239073322187724
"302913",0.10899797038262
"302931",0.0731094127111826
"302934",0.479055597867479
"302937",0.0921335525483749
"302946",0.139386928860613
"302948",0.247892074198988
"302953",0.11988011988012
"302954",0.394736842105263
"302962",0.58215047778087
"302963",0.407202216066482
"302964",0.649073218459531
"302965",0.237032444719983
"302969",0.0814980922417833
"302971",0.205608644057211
"302976",0.732620320855615
"302977",0.103215284249767
"302980",0.101349151806706
"302990",0.332649842271293
"302991",0.346095076400679
"302993",0.0775638482897507
"302995",0.0807251769169038
"302996",0.439063120285828
"302998",0.0769722133503673
"302999",0.124144570789207
"303007",0.671752788819079
"303008",0.107919377876528
"303010",0.104277727213626
"303016",0.0922913719943423
"303019",0.181177113117229
"303021",0.133879781420765
"303037",0.139788042852206
"303056",0.193613115314008
"303059",0.100451167728238
"303067",0.0645012751487674
"303068",0.054295409894624
"303070",0.0797987702627166
"303089",0.115994436717663
"303090",0.154934965570008
"303101",0.0570046520239776
"303112",0.0742143027350473
"303113",0.056496778630883
"303130",0.118213853099879
"303140",0.133322789814961
"303163",0.149407269520917
"303164",0.0847457627118644
"303167",0.575101097631427
"303173",0.109090909090909
"303181",0.223457652963975
"303188",0.0628187297171998
"303194",0.0824207179542922
"303200",0.097621812239281
"303201",0.0493410285123611
"303211",0.0615857536569854
"303214",0.16472235184321
"303215",0.443962070147378
"303218",0.748859697135559
"303226",0.0598902409926032
"303233",0.0825815738963532
"303234",0.130633572828217
"303236",0.616539735811712
"303240",0.112892906527976
"303241",0.0638118410381184
"303242",0.281480319899639
"303247",0.548954054828541
"303250",0.130864471711732
"303272",0.350978677608125
"303274",0.0625893918333635
"303275",0.158891867739053
"303285",0.0775272920919499
"303287",0.74367774566474
"303298",0.0826365299189966
"303304",0.09366391184573
"303310",0.174190970834998
"303313",0.209266300521053
"303321",0.0589839754517559
"303330",0.0884602593947456
"303333",0.130173735309147
"303336",0.104169769173492
"303343",0.29093640460691
"303348",0.148586456278764
"303356",0.0993926007730536
"303372",0.0871514915188146
"303373",0.789594356261023
"303376",0.252839548409169
"303377",0.116668103819953
"303378",0.166145552560647
"303380",0.253449156872764
"303382",0.108484741576998
"303384",0.111888111888112
"303393",0.0826079104208055
"303395",0.315690667958578
"303398",0.269751995286304
"303399",0.369734337498966
"303403",0.101947583553739
"303412",0.10895478690033
"303413",0.665032679738562
"303414",0.825396825396825
"303433",0.0997294860234445
"303443",0.137460650577125
"303448",0.377768662838392
"303468",0.170090180360721
"303469",0.562941833064616
"303471",0.4
"303476",0.16628701594533
"303477",0.500634786288616
"303479",0.394736842105263
"303496",0.641379310344828
"303504",0.0819097490485592
"303505",0.108789260385005
"303511",0.130369367336192
"303517",0.378934501375166
"303519",0.968048566179407
"303523",0.394736842105263
"303527",0.393861422532623
"303528",0.655674102812803
"303530",0.406643757159221
"303533",0.907241589150656
"303534",0.347432432432432
"303537",0.432972872191666
"303538",0.129038480084868
"303542",0.0845973082674642
"303556",0.499026425591099
"303559",0.0667156382631407
"303563",0.1559444970041
"303566",0.508928571428571
"303572",0.89573375818729
"303575",0.133206604006055
"303577",0.0885757423251132
"303583",0.100986500519211
"303586",0.268896751366999
"303589",0.196444909162201
"303590",0.107462335216573
"303596",0.25084375620409
"303599",0.0489677792784102
"303612",0.181734317343173
"303617",0.0602118814536677
"303631",0.0814540826472577
"303634",0.111727623215588
"303635",0.173276079818136
"303638",0.125811226232495
"303639",0.443883074702274
"303653",0.101201310520568
"303659",0.183032293377121
"303660",0.103417621493481
"303666",0.713970356354462
"303678",0.109646369533375
"303684",0.0943793911007026
"303687",0.795563288386255
"303690",0.354948805460751
"303692",0.402317219336796
"303693",0.0990384615384615
"303701",0.171212715855573
"303702",0.10353227771011
"303730",0.147506970109577
"303731",0.125228457320788
"303734",0.080095590502621
"303735",0.0879100358943503
"303741",0.266883645240033
"303742",0.0899188618428365
"303743",0.120145493123177
"303744",0.165087746544494
"303747",0.46975246975247
"303749",0.119944563437067
"303754",0.08678955453149
"303764",0.0477395483349636
"303772",0.104296100462657
"303774",0.0618811407120832
"303785",0.1306827620577
"303801",0.649447875725248
"303815",0.574666666666667
"303817",0.601046853057577
"303823",0.0707452774173686
"303824",0.391810476871235
"303830",0.0775294884713413
"303836",0.0927267458707621
"303856",0.122421510626976
"303861",0.394736842105263
"303872",0.250449694207939
"303875",0.128614762386249
"303878",0.245083476917593
"303879",0.704520907267397
"303882",0.0901744484350949
"303886",0.372566817952597
"303901",0.126843062007675
"303903",0.088007827059262
"303905",0.104109589041096
"303907",0.11515083923493
"303914",0.717952446738893
"303919",0.0647276445995127
"303920",0.223329425556858
"303923",0.0982154487429985
"303924",0.433663897078531
"303946",0.0588319937508993
"303948",0.188546255506608
"303963",0.121212121212121
"303965",0.275135652729014
"304000",0.418937780063175
"304005",0.184909670563231
"304007",0.0627899131314835
"304012",0.103399209486166
"304014",0.564773980154355
"304017",0.0848346636259977
"304020",0.204828614008942
"304021",0.766373902132999
"304023",0.100647732934728
"304037",0.131399317406143
"304050",0.838716188938232
"304053",0.755791629335723
"304071",0.758308157099698
"304073",0.910530984666075
"304078",0.127417464348506
"304081",0.540359534719774
"304091",0.122315216295251
"304109",0.0780182232346242
"304127",0.10128739113972
"304131",0.184540150995196
"304135",0.154509628968697
"304138",0.136571335791988
"304150",0.0742778541953232
"304157",0.0833422603106588
"304176",0.10738255033557
"304181",0.444770211830243
"304195",0.700787401574803
"304203",0.487866638531336
"304204",0.100069979006298
"304239",0.637060441167866
"304244",0.0707359798672621
"304266",0.353565377641709
"304268",0.205202892728003
"304277",0.0704642130571481
"304282",0.26655134455103
"304297",0.0934161761499891
"304298",0.0765107753832482
"304299",0.0946448372578436
"304300",0.250545851528384
"304302",0.0757683611087849
"304317",0.12502430488042
"304318",0.0685928877988964
"304322",0.100399268008651
"304325",0.620442093330814
"304337",0.09745670995671
"304343",0.0442903194295204
"304346",0.1823499491353
"304349",0.308317679302805
"304353",0.487179487179487
"304368",0.188316400580552
"304374",0.515018989526988
"304375",0.100892033220548
"304378",0.0741928483591734
"304379",0.237890864500307
"304388",0.216870986573263
"304396",0.0775862068965517
"304401",0.105088953247828
"304407",0.349330357142857
"304410",0.0890926390450653
"304445",0.0997104247104247
"304447",0.723210709994851
"304477",0.100328827183047
"304484",0.48
"304485",0.15417247055844
"304486",0.104789833822092
"304496",0.143646408839779
"304498",0.224920127795527
"304500",0.107406958419202
"304503",0.0767790262172285
"304507",0.365853658536585
"304509",0.661719997938888
"304529",0.173575129533679
"304537",0.0910247773036904
"304539",0.150493120662365
"304543",0.051489667677494
"304545",0.260857512474589
"304549",0.111598173515982
"304551",0.233255542590432
"304558",0.0829873646209386
"304567",0.0798054741567429
"304569",0.0536527094103351
"304573",0.157738187451588
"304577",0.172164214523019
"304578",0.0971612525607258
"304580",0.0686935130220867
"304581",0.18159509202454
"304591",0.0826853372161467
"304601",0.0623746238716148
"304603",0.377768662838392
"304608",0.318768619662363
"304646",0.37923364674957
"304648",0.356758308807695
"304650",0.357479174212242
"304663",0.219411223551058
"304666",0.136502398604448
"304667",0.223103492388384
"304669",0.0788643533123028
"304688",0.393685093884402
"304689",0.375
"304692",0.686885946176848
"304719",0.0856882406563355
"304721",0.0700259601943686
"304725",0.147225039849297
"304729",0.146244706931134
"304733",0.108140655105973
"304741",0.0862220658103115
"304758",0.0891665655707873
"304775",0.115806988352745
"304784",0.409803921568627
"304785",0.125
"304798",0.0886837881219904
"304802",0.234632683658171
"304813",0.0647357180993059
"304815",0.666666666666667
"304816",0.127184692265866
"304822",0.0995149198882846
"304823",0.214267644826714
"304825",0.246151102657077
"304827",0.112870275791624
"304832",0.109126466753585
"304833",0.0720754645930222
"304860",0.121129258739191
"304884",0.0905820797907129
"304893",0.0535697099189621
"304913",0.907161314138058
"304914",0.0939130434782609
"304917",0.731909845788849
"304918",0.109447004608295
"304922",0.377768662838392
"304928",0.102150260403238
"304929",0.900722171494978
"304935",0.202985074626866
"304951",0.339604743083004
"304954",0.854618473895582
"304960",0.160954948016943
"304965",0.424633652169816
"304966",0.141401309846432
"304982",0.363927026518714
"304983",0.110420590081607
"304984",0.241398293421415
"304987",0.139224411951685
"304988",0.390728476821192
"304991",0.375
"305000",0.575791330177295
"305012",0.107046070460705
"305025",0.115059341908891
"305064",0.177274731735999
"305066",0.0941477121025263
"305070",0.0810209889718961
"305073",0.355606682004601
"305078",0.179723502304147
"305081",0.0836777583187391
"305083",0.128371177965407
"305096",0.146121593291405
"305101",0.117864466593543
"305104",0.435499515033948
"305105",0.0629727480004343
"305112",0.313904068002429
"305123",0.622641509433962
"305135",0.111292369041146
"305139",0.291682070240296
"305142",0.343786836935167
"305150",0.165760869565217
"305152",0.078660618248141
"305156",0.125025896001657
"305164",0.060848733744011
"305166",0.226911780702709
"305198",0.128823675702562
"305230",0.152064201207909
"305234",0.172682119205298
"305235",0.142048173552401
"305236",0.622535842293907
"305246",0.522154807869094
"305248",0.218526170798898
"305251",0.323604060913706
"305253",0.0892838473601673
"305264",0.68836648583484
"305265",0.375
"305268",0.150003343810607
"305269",0.410995119305857
"305270",0.101270726793739
"305275",0.546306209850107
"305284",0.310321901490387
"305288",0.0909524093156233
"305302",0.0973451327433628
"305307",0.626889004689943
"305309",0.244651433561345
"305311",0.688212560386473
"305332",0.0517471874293001
"305339",0.103230597846268
"305340",0.270998485793177
"305341",0.269157175398633
"305342",0.0984198824837224
"305349",0.0919619309712189
"305353",0.155653027067582
"305354",0.471672167216722
"305355",0.485707121364092
"305365",0.322300771208226
"305367",0.0951427576601671
"305392",0.280397440215561
"305408",0.102227647238328
"305417",0.116686086604998
"305419",0.109297520661157
"305423",0.324735565941596
"305427",0.72663643533123
"305428",0.116873485934642
"305431",0.291688177594218
"305438",0.102955195424214
"305441",0.153556845046207
"305443",0.0622749804330811
"305448",0.123350612629595
"305449",0.105285159749179
"305450",0.133257217419671
"305451",0.0844472444395749
"305453",0.378915202444614
"305457",0.051838445043379
"305461",0.115337919870498
"305467",0.0683597642570395
"305476",0.197981675740274
"305478",0.0558650620209917
"305491",0.2651
"305494",0.175669705610667
"305497",0.099554234769688
"305501",0.129280821917808
"305509",0.0642436022027859
"305539",0.0608397790055249
"305540",0.0896840301802247
"305552",0.120404791408509
"305577",0.0643347588298434
"305579",0.10327175606499
"305583",0.104319478402608
"305584",0.142286025804107
"305586",0.103453568687644
"305604",0.108690719310188
"305605",0.117796671753506
"305606",0.0660580860974771
"305614",0.04709662417824
"305624",0.0566842293266655
"305625",0.156309362279512
"305628",0.181096869823001
"305633",0.125354777672658
"305667",0.136690647482014
"305675",0.165446559297218
"305685",0.0821208729714605
"305687",0.112841945288754
"305691",0.132821337143538
"305705",0.163001497595964
"305710",0.20091142728453
"305714",0.0784620193810566
"305719",0.110337768679632
"305792",0.0926941728277288
"305811",0.108751009254084
"305826",0.0963012329223592
"305827",0.153837249681676
"305828",0.157043004383367
"305831",0.0808695652173913
"305835",0.0782181690634865
"305840",0.493801652892562
"305841",0.75987309922328
"305842",0.619841407651791
"305843",0.214285714285714
"305846",0.515151515151515
"305850",0.191120689655172
"305854",0.067600606327319
"305858",0.914893617021277
"305861",0.113592791411043
"305865",0.24504132231405
"305882",0.138009371006673
"305887",0.215131830340084
"305896",0.0945877592311583
"305897",0.439393939393939
"305908",0.429624289033085
"305911",0.12699747687132
"305913",0.0918727915194346
"305923",0.127610208816705
"305930",0.486842105263158
"305938",0.0706632960154087
"305940",0.0742238851248862
"305941",0.316241575261002
"305947",0.222461273666093
"305956",0.0998485995457986
"305957",0.222304283604136
"305960",0.2853470437018
"305963",0.0958317924877173
"305967",0.0676250164351142
"305968",0.0758881015237831
"305970",0.07770691115651
"305974",0.383647798742138
"305984",0.45565749235474
"305987",0.0868116399988509
"305999",0.180049088359046
"306011",0.154393039049236
"306013",0.101321066289219
"306014",0.123386842933585
"306022",0.0925836160930683
"306055",0.0631360576170346
"306071",0.157830907830908
"306073",0.628309003282811
"306079",0.449558431848979
"306081",0.099812850904554
"306091",0.0937140225650472
"306096",0.209868421052632
"306102",0.172866205305652
"306103",0.099090318388564
"306104",0.0733898816508533
"306110",0.0869565217391304
"306117",0.117074203450831
"306127",0.708105837883242
"306141",0.119255082863489
"306164",0.106380629967618
"306168",0.0931749021880887
"306183",0.0736433143227156
"306198",0.0754853436391168
"306204",0.090834830909982
"306222",0.114387633769322
"306226",0.146718146718147
"306229",0.0874722838137472
"306231",0.0892034233048058
"306243",0.0860726345530976
"306247",0.271113512261948
"306251",0.639448568398728
"306252",0.0896136967004389
"306253",0.105160662122687
"306259",0.623376623376623
"306262",0.0867943297687142
"306278",0.75986129172085
"306279",0.102886283581305
"306281",0.448663308795041
"306283",0.50643486114247
"306284",0.111883691529709
"306285",0.653658536585366
"306288",0.163306935445164
"306307",0.373851627635282
"306330",0.208657933921751
"306338",0.0904591290215344
"306342",0.159399224806202
"306344",0.107538218239325
"306347",0.104301605181639
"306348",0.107692307692308
"306353",0.109762704518366
"306356",0.132648893004003
"306357",0.073340305213417
"306365",0.551724137931035
"306375",0.138223552894212
"306376",0.880233690360273
"306387",0.113821138211382
"306404",0.114744758432088
"306436",0.0714120815698345
"306439",0.125882946518668
"306441",0.852749301025163
"306451",0.0840040241448692
"306454",0.497914296549109
"306459",0.0603233514667751
"306460",0.123337969401947
"306464",0.450798557444616
"306469",0.0740756608542907
"306478",0.571428571428571
"306487",0.0761556064073226
"306492",0.0908471496706791
"306504",0.0668794429131002
"306505",0.094416704493872
"306506",0.0788549121665582
"306508",0.080119375573921
"306515",0.244865718799368
"306527",0.107915485844159
"306534",0.171363156040859
"306540",0.653818443804035
"306548",0.105067985166873
"306564",0.322898394278775
"306571",0.0489488315065163
"306575",0.313454545454545
"306576",0.103042492190509
"306582",0.0662404641667562
"306586",0.0879698430533908
"306589",0.156259292298543
"306600",0.0616768579492004
"306608",0.176358329591379
"306616",0.160738225042452
"306617",0.0479649535326391
"306626",0.0661123955184065
"306628",0.11537559236147
"306636",0.0777729518432054
"306655",0.528338829348722
"306657",0.391304347826087
"306659",0.477272727272727
"306664",0.469541602284965
"306695",0.14658064516129
"306725",0.482149258011327
"306734",0.0890793010752688
"306748",0.0697928670626126
"306759",0.110083873427373
"306760",0.313147570666935
"306761",0.11732181425486
"306764",0.0565289422159747
"306767",0.0819338687806404
"306782",0.220209339774557
"306792",0.0877891071872668
"306798",0.391304347826087
"306805",0.650701096765237
"306808",0.0715332460579535
"306810",0.108328772121876
"306816",0.114918392669657
"306819",0.0952624185927723
"306825",0.104951005673027
"306860",0.109048723897912
"306862",0.768054823405377
"306866",0.133089133089133
"306871",0.383260783537792
"306872",0.242271105826397
"306873",0.1875
"306883",0.471897098268715
"306889",0.700169048716767
"306890",0.377627324171382
"306891",0.161563300300635
"306926",0.464956387891226
"306942",0.370073891625616
"306945",0.064832150476771
"306950",0.516314492645412
"306956",0.617906066536204
"306957",0.243544491919004
"306962",1.30696484201157
"306966",0.0957570320333527
"306969",0.979166666666667
"306970",0.876709042935956
"306974",0.166197183098592
"306977",0.0502385630087005
"307016",0.129522231427782
"307024",0.101883656509695
"307035",0.102373887240356
"307036",0.673427529626253
"307039",0.0902061855670103
"307056",0.161193794786991
"307096",0.191318919360772
"307100",0.391304347826087
"307102",0.132520487707376
"307106",0.251116994870098
"307126",0.235217524509804
"307148",0.106362405724231
"307151",0.124226110363392
"307169",0.217298070050036
"307189",0.123914302258251
"307199",0.515389185977421
"307200",0.117075664621677
"307206",0.149779735682819
"307212",0.278587625526401
"307234",0.0666741940947327
"307237",0.114688552188552
"307248",0.135005504010064
"307253",0.29260182876143
"307288",0.107118175535591
"307296",0.10567537327829
"307302",0.0870950198119804
"307305",0.75747084548105
"307310",0.259775130055378
"307332",0.375
"307348",0.044257614213198
"307351",0.150080785111603
"307366",0.144845214427719
"307376",0.197166921898928
"307380",0.150064601518924
"307393",0.181997396317649
"307398",0.0662967289719626
"307401",0.527624620231799
"307403",0.119448698315467
"307404",0.130434782608696
"307412",0.405505670081362
"307414",0.133928006579364
"307428",0.171997755331089
"307429",0.118502527978186
"307446",0.101969872537659
"307449",0.111991357580122
"307459",0.128846751631955
"307472",0.746272246272246
"307475",0.275254865616311
"307480",0.0644800596347372
"307481",0.0520276953511375
"307482",0.121120462914256
"307485",0.111984815618221
"307487",0.151969778737183
"307494",0.101609526302015
"307511",0.134524321997417
"307555",0.0575284937510889
"307562",0.571676970633694
"307579",0.0948684777921518
"307582",0.43661108386464
"307585",0.214477068152593
"307594",0.0527090542843861
"307615",0.46078687952543
"307616",0.63080010032606
"307618",0.101456017118668
"307639",0.125794681850849
"307643",0.0654128059742774
"307645",0.483603357407769
"307657",0.0514186364813376
"307660",0.130108535441511
"307665",0.4375
"307715",0.358352668213457
"307721",0.671428571428571
"307724",0.0943633618520383
"307742",0.383573689764333
"307759",0.0948824620319783
"307767",0.964013547840813
"307774",0.0556377029788149
"307796",0.681098204857445
"307799",0.1124773960217
"307801",0.0737029193767962
"307805",0.511173727166731
"307810",0.594638642238957
"307811",0.0932987364620939
"307820",0.106987251896079
"307829",0.130565203662772
"307838",0.249463671321595
"307845",0.0908443459681886
"307848",0.103483089348814
"307851",0.426741643236489
"307858",0.0918367346938775
"307859",0.174129353233831
"307865",0.0998639984456965
"307893",0.087738465417262
"307897",0.143597122302158
"307913",0.0766468268916849
"307919",0.333333333333333
"307920",0.544856968959221
"307924",0.0841505852578298
"307925",0.0854911631730374
"307938",0.152303639589269
"307940",0.153113692629975
"307947",0.14288
"307948",0.173582230623819
"307950",0.235148514851485
"307982",0.221927162367223
"307988",0.241649360722596
"307989",0.0625920037684744
"308003",0.0489865473004596
"308004",0.0978809283551968
"308009",0.0750072611094975
"308015",0.282590173246237
"308016",0.46490362725755
"308022",0.576828094261437
"308028",0.0723550465282749
"308056",0.377837391663227
"308064",0.20686057127951
"308068",0.168261740485199
"308069",0.141395908543923
"308097",0.192098586444364
"308099",0.268985999151464
"308100",0.0718492749629732
"308107",0.0989427488529823
"308108",0.299923060781982
"308113",0.113853503184713
"308118",0.11095111784767
"308129",0.772179289026275
"308134",0.0851340868794326
"308163",0.814235085646781
"308169",0.377768662838392
"308173",0.0633753074993302
"308190",0.559469116896376
"308212",0.115288568257492
"308215",0.0669928701244233
"308222",0.121500358937545
"308232",0.184610237537638
"308236",0.148954703832753
"308265",0.0644211301306829
"308266",0.396280690381655
"308282",0.0606381850948797
"308283",0.0639278762421883
"308291",0.176895306859206
"308306",0.064218970380818
"308310",0.540049736857325
"308318",0.212351584522081
"308320",0.081419624217119
"308322",0.299700486709098
"308336",0.0718191377497371
"308337",0.0765860572999442
"308339",0.110078878177038
"308341",0.139743336623889
"308345",0.138715911531029
"308346",0.272920332504096
"308350",0.291566756798123
"308361",0.111856823266219
"308362",0.0587919690509135
"308372",0.254136333553938
"308376",0.229806598407281
"308387",0.088160088938299
"308406",0.156744268704461
"308408",0.167318191008964
"308417",0.118618988902589
"308420",0.107438016528926
"308428",0.85203366058906
"308429",0.841249601530124
"308430",0.105846450369419
"308431",0.306330901388562
"308435",0.0677558363316877
"308436",0.514124293785311
"308440",0.711215580926796
"308444",0.0805194805194805
"308445",0.206915940399213
"308451",0.0639663693688576
"308463",0.104541043402603
"308476",0.132418667498181
"308490",0.155559304875991
"308492",0.281565270559462
"308496",0.193061224489796
"308501",0.330565314595976
"308503",0.314795383001049
"308516",0.0809859154929577
"308523",0.181242078580482
"308543",0.271932773109244
"308556",0.118495540907328
"308561",0.143661565116951
"308562",0.377768662838392
"308564",0.273469387755102
"308565",0.0583740900178052
"308568",0.102005231037489
"308569",0.367791508238276
"308577",0.0928393946238988
"308581",0.21
"308582",0.146252285191956
"308584",0.201938799345947
"308586",0.237903225806452
"308587",0.399231191652938
"308594",0.335558361897889
"308596",0.565589782118708
"308602",0.0903530504800248
"308607",0.553962264150943
"308622",0.483744587256856
"308624",0.0936335929563156
"308632",0.199102022336251
"308637",0.283008942661757
"308653",0.693475452196383
"308654",0.0889839241549876
"308667",0.124084778420039
"308668",0.143665158371041
"308669",0.0557674602130738
"308678",0.847994414826098
"308692",0.56208727776495
"308703",0.100613982966924
"308704",0.102065912444663
"308708",0.108582427536232
"308709",0.0892141969341251
"308716",0.37923364674957
"308717",0.131665177241585
"308724",0.382175996737025
"308739",0.128396377197656
"308742",0.309047619047619
"308755",0.101152596680166
"308760",0.158045977011494
"308761",0.391684901531729
"308762",0.370653095843936
"308765",0.13421550094518
"308766",0.440111289257757
"308768",0.400589241589052
"308773",0.198862343572241
"308776",0.144389501711677
"308779",0.173943404382669
"308787",0.118289033620841
"308790",0.257900101936799
"308794",0.749580609706716
"308797",0.085288618131371
"308800",0.260778568438677
"308807",0.161612356375965
"308810",0.219420174741859
"308821",0.120224476581049
"308831",0.0869394563830831
"308836",0.190779303446394
"308839",0.0946843853820598
"308843",0.213339261894175
"308850",0.104095563139932
"308854",0.776056792513714
"308857",0.147444298820446
"308864",0.0606645606645607
"308865",0.116304952698943
"308868",0.218873017658306
"308871",0.089086996618506
"308873",0.856281407035176
"308875",0.0994623655913979
"308894",0.184025058731402
"308899",0.27556084971213
"308900",0.0790907027763068
"308901",0.195286195286195
"308911",0.0640335503254882
"308912",0.0738944694608013
"308918",0.089492035277227
"308937",0.0539426010678871
"308939",0.111235059760956
"308954",0.152918198529412
"308958",0.0983358547655068
"308965",0.332862190812721
"308971",0.0698538164849293
"308977",0.441599115696389
"308983",0.100728880391923
"308990",0.255188890548007
"308992",0.120567375886525
"308995",0.181487001159132
"309002",0.0819760070223349
"309003",0.0634705222225122
"309004",0.097636775655552
"309008",0.0931372549019608
"309014",0.257208073041807
"309029",0.0736485884762668
"309036",0.247893043211768
"309069",0.0894928737156115
"309070",0.142570587040422
"309071",0.202473498233216
"309081",0.119102328431373
"309082",0.432530999270605
"309095",0.102891661715191
"309097",0.111547385329288
"309100",0.156417112299465
"309103",0.101607984474633
"309104",0.277537277537278
"309106",0.13947649237336
"309108",0.347926693817105
"309110",0.0975013579576317
"309111",0.0714142988450625
"309112",0.173818181818182
"309114",0.377837391663227
"309122",0.235458028561477
"309126",0.116623472787856
"309129",0.114526611628315
"309131",0.448256146369354
"309133",0.708458042345638
"309135",0.289133942980097
"309139",0.0957538994800693
"309142",0.455284552845528
"309147",0.107388316151203
"309150",0.100630727121266
"309153",0.0916050012758357
"309164",0.165014164305949
"309174",0.18852035544534
"309175",0.101994486784498
"309176",0.100884303610906
"309178",0.515176151761518
"309186",0.182169753714635
"309187",0.0886574479257833
"309201",0.0843922651933702
"309207",0.0708006095416716
"309208",0.157097288676236
"309209",0.369950980392157
"309212",0.425407166123778
"309217",0.562883435582822
"309225",0.414089994972348
"309242",0.146130319838267
"309243",0.0970149253731343
"309256",0.0876561908368042
"309266",0.403548640853072
"309275",0.377768662838392
"309280",0.0593199427528007
"309288",0.0989299158313243
"309300",0.283762653279565
"309304",0.688524590163934
"309306",0.062281679672984
"309312",0.122511126727571
"309326",0.121310149615851
"309349",0.0728785028220616
"309361",0.0958286358511838
"309368",0.102248289345064
"309373",0.113348247576436
"309374",0.365343915343915
"309377",0.659176029962547
"309380",0.295672641680246
"309381",0.208258703227277
"309390",0.114691882156182
"309399",0.11236509404872
"309400",0.111145225667792
"309407",0.0762999872237128
"309410",0.120677270395074
"309429",0.0870146771744632
"309430",0.427039810800158
"309433",0.17604922398751
"309444",0.0855425400739827
"309449",0.622510822510823
"309452",0.110625909752547
"309457",0.204130452117056
"309459",0.115664003169781
"309460",0.0557212870232261
"309465",0.101147028154327
"309475",0.100117096018735
"309478",0.147979510529311
"309486",0.0743919885550787
"309499",0.240267558528428
"309513",0.0945945945945946
"309514",0.16127280625543
"309523",0.171735360810991
"309525",0.157528796605032
"309526",0.289352993842387
"309527",0.232794379073902
"309533",0.151484901422511
"309544",0.789859843852883
"309550",0.0819117873059782
"309584",0.870699432892249
"309591",0.129079754601227
"309595",0.0883363763290731
"309596",0.096045197740113
"309600",0.793549212850378
"309603",0.479392926761348
"309607",0.103638368246968
"309609",0.645671177104538
"309611",0.334177215189873
"309621",0.640038607846477
"309622",0.877779693156352
"309627",0.324347978295116
"309638",0.114588643082883
"309641",0.277533039647577
"309642",0.340816658532618
"309646",0.094526668528344
"309649",0.296637719884213
"309650",0.108558299827685
"309653",0.125244618395303
"309665",0.391304347826087
"309666",0.369818122234966
"309673",0.108224222585925
"309680",0.433049147442327
"309684",0.153367496339678
"309696",0.121299223914918
"309722",0.0904884318766067
"309724",0.300464264696266
"309728",0.0629042327381696
"309729",0.109010644736374
"309732",0.0698074597711841
"309757",0.144628099173554
"309758",0.103975535168196
"309760",0.874694210383256
"309762",1.25499026290166
"309767",0.539802360691737
"309772",0.446428571428571
"309773",0.118473895582329
"309775",0.954592363261094
"309809",0.105993594631691
"309810",0.325688073394495
"309812",0.0578521134205908
"309816",0.0763788849110696
"309828",0.0543172601604357
"309837",0.333547145606158
"309859",0.149306594831887
"309866",0.201101928374656
"309871",0.456566090411253
"309888",0.5065755410583
"309900",0.731299764494785
"309902",0.112122465866777
"309922",0.105290591608027
"309925",0.632373761208117
"309927",0.674256584536958
"309928",0.146454605699139
"309945",0.0798510174418605
"309953",0.0953947368421053
"310019",0.0985468956406869
"310034",0.0999741668819426
"310062",0.0820701270862043
"310074",0.270459506193837
"310086",0.12157912345266
"310090",0.600906778723875
"310091",0.121234590786913
"310131",0.0693403758751996
"310132",0.208006892281184
"310152",0.486697038724374
"310166",0.743119266055046
"310174",0.0738789079077663
"310177",0.265150266468875
"310178",0.0616732725275775
"310201",0.0602964880019978
"310207",0.0819112627986348
"310218",0.287474332648871
"310230",0.238677072671443
"310233",0.0694139768097775
"310244",0.112068965517241
"310250",0.0746570470480642
"310256",0.405740916402029
"310257",0.424672731306856
"310261",0.0850839103391621
"310269",0.113174449552383
"310288",0.100180660701996
"310303",0.752208835341365
"310306",0.090096447894613
"310314",0.153374233128834
"310315",0.129110251450677
"310324",0.100956585724798
"310326",0.137312493443827
"310327",0.471480582524272
"310341",0.0923544772419264
"310344",0.174477727423455
"310348",0.0736280001160867
"310352",0.066506583207425
"310358",0.283089148249317
"310362",0.129880478087649
"310363",0.124675324675325
"310376",0.101230735114758
"310377",0.132220795892169
"310392",0.157844189593808
"310395",0.0517035503900653
"310399",0.100943813596815
"310405",0.0989130434782609
"310417",0.0968951942360544
"310418",0.120020886170371
"310443",0.375
"310444",0.102826086956522
"310448",0.111789500574786
"310461",0.0899834892680242
"310463",0.0832610808964557
"310467",0.117071402682131
"310483",0.63653502679103
"310486",0.242463958060288
"310506",0.0887039660056657
"310511",0.527239865737155
"310519",0.0940532585199834
"310537",0.344918810436052
"310538",0.0987680909717436
"310540",0.172113730648588
"310548",0.190297232661428
"310550",0.208333333333333
"310552",0.207118644067797
"310553",0.12343010088532
"310575",0.37923364674957
"310586",0.391304347826087
"310588",0.188262515776188
"310611",0.377627324171382
"310616",0.375
"310621",0.125696618062448
"310625",0.856270606911711
"310626",0.13323544433095
"310631",0.120674356699201
"310632",0.394296537935389
"310633",0.0996098232728942
"310638",0.0508436944937833
"310640",0.0889251478686518
"310643",0.222457384738588
"310644",0.099788965933072
"310655",0.180217361397716
"310662",0.0952186905732138
"310663",0.122150227981761
"310669",0.0754430654165086
"310670",0.20321332936626
"310674",0.102651839178785
"310678",0.576128028450767
"310681",0.439117522274077
"310683",0.713270142180095
"310685",0.100737618545838
"310689",0.488781691720888
"310693",0.471289358232713
"310694",0.32017832196565
"310695",0.0639070875521144
"310698",0.0807114104986445
"310704",0.0586274284400506
"310707",0.0829888429568387
"310721",0.140582161815318
"310727",0.152493297587131
"310732",0.103137724550898
"310738",0.120615275813296
"310743",0.310277324632953
"310749",0.110934784251493
"310756",0.104003798069315
"310772",0.525285481239804
"310773",0.104728642985157
"310775",0.241770715096481
"310782",0.772915434654051
"310784",0.106371067069757
"310787",0.273305338932214
"310791",0.142242892242892
"310803",0.109919571045576
"310806",0.0979869281045752
"310807",0.159420289855072
"310808",0.102409638554217
"310810",0.238126219908914
"310811",0.0649073495731834
"310820",0.108742004264392
"310833",0.100448579498256
"310836",0.500722775457758
"310838",0.092478104070067
"310849",0.130486358244365
"310855",0.104107244723331
"310859",0.067443263213451
"310869",0.35714848986673
"310879",0.0743535138424095
"310880",0.252429129520184
"310900",0.20959167514987
"310903",0.542408272844785
"310914",0.0571797739807922
"310917",0.385323513940032
"310935",0.0810635538261997
"310960",0.0943267259056733
"310968",0.715428694994053
"310969",0.15962441314554
"311013",0.759352777491497
"311020",0.161279848873934
"311021",0.0764843890994405
"311026",0.0502938750257785
"311029",0.218163869693978
"311039",0.11428110896196
"311047",0.398045602605863
"311051",0.0702130807931341
"311059",0.126753137192871
"311061",0.573609314359638
"311071",0.0506358901951155
"311078",0.061561514687978
"311088",0.0871160641478663
"311093",0.116567286332281
"311098",0.506326376121985
"311111",0.216473691924373
"311112",0.0902447935696017
"311113",0.323815309842041
"311115",0.0825656179384669
"311120",0.558174577548165
"311123",0.169082535450248
"311134",0.0702841462335133
"311144",0.161797419546196
"311146",0.0794658493870403
"311151",0.091048986919723
"311163",0.0515589522069004
"311165",0.0606751139379977
"311166",0.0960735171261487
"311167",0.428739693757362
"311168",0.372691642244271
"311169",0.0827482916783675
"311170",0.0893884754085782
"311171",0.145455395548906
"311183",0.0703480560010403
"311187",0.090599197030528
"311209",0.0987486965589155
"311210",0.198382492863939
"311218",0.124569855471438
"311236",0.0505312930295394
"311241",0.755597657595591
"311245",0.0722776073619632
"311252",0.163680355741564
"311266",0.0868946483246367
"311287",0.125187032418953
"311299",0.111764325860844
"311323",0.0799239116876637
"311325",0.320834508034959
"311326",0.0666057243727147
"311327",0.157702523240372
"311329",0.106209150326797
"311331",0.164673413063477
"311332",0.267307692307692
"311334",0.549019607843137
"311336",0.180584551148225
"311338",0.0709349519178032
"311341",0.162136832239925
"311349",0.0912472647702407
"311352",0.0934904738641915
"311358",0.519791666666667
"311359",0.0993309315491508
"311361",0.0916474285873223
"311368",0.139042625497621
"311373",0.346710526315789
"311374",0.891238670694864
"311384",0.0700873492186107
"311387",0.481741573033708
"311391",0.166884988210637
"311396",0.461982675649663
"311399",0.545454545454545
"311401",0.308187828445499
"311403",0.1
"311404",0.0976590781111737
"311406",0.191457828078685
"311412",0.0466374645709869
"311415",0.0764568969303061
"311416",0.367222448149654
"311423",0.127595696772579
"311425",0.660215329402717
"311426",0.463691265282074
"311427",0.108420311950276
"311428",0.0852383006254044
"311429",0.0810055865921788
"311430",0.110651499482937
"311443",0.580365421325334
"311446",0.426992612168899
"311450",0.0855433156534748
"311462",0.108452535760728
"311468",0.0970990391722099
"311486",0.0692669469695711
"311491",0.697488584474886
"311494",0.0908892446514336
"311496",0.114930649986402
"311529",0.109291160689071
"311532",0.292321924144311
"311536",0.180392156862745
"311545",0.0846777787681612
"311546",0.0871769646978698
"311547",0.29560878243513
"311548",0.150802109808423
"311549",0.191554467564259
"311550",0.259210464405025
"311551",0.0706397166076266
"311559",0.520128143133462
"311562",0.181541308454451
"311570",0.0998810939357907
"311573",0.103650041794372
"311578",0.0681508175740532
"311592",0.122542134831461
"311598",0.143486702209621
"311607",0.0486229635376261
"311613",0.198828046069913
"311615",0.112056917799517
"311633",0.151751713632902
"311637",0.089923172796101
"311639",0.662957074721781
"311642",0.0814658968587924
"311647",0.0629213483146067
"311655",0.0994114327178908
"311658",0.100146080181789
"311661",0.137840795546462
"311671",0.0944246000931822
"311693",0.682251579551982
"311713",0.070959364497403
"311715",0.206498112344125
"311716",0.110046367851623
"311718",0.113287250384025
"311720",0.738594890510949
"311721",0.0497878896604124
"311723",0.17257217847769
"311730",0.0890321695589547
"311731",0.179759285621845
"311742",0.174850527922656
"311748",0.109192921881744
"311760",0.103317876918921
"311764",0.100756478351843
"311785",0.239973262032086
"311786",0.0729706168914415
"311793",0.857142857142857
"311795",0.09979633401222
"311797",0.177504529160082
"311803",0.662200729348343
"311807",0.0907643312101911
"311821",0.399773448119619
"311825",0.499339956923504
"311826",0.0681913996627319
"311827",0.14026792750197
"311832",0.406388415672913
"311833",0.307067320092855
"311835",0.133291417793147
"311836",0.115218134183848
"311840",0.0848363393453574
"311852",0.102216025829175
"311854",0.101826484018265
"311860",0.0584433072986803
"311862",0.156340386664637
"311866",0.0800588540765103
"311876",0.125373134328358
"311901",0.111611684348205
"311909",0.10740781751744
"311910",0.138880792771787
"311926",0.0772977338111341
"311934",0.414903129657228
"311956",0.882752104449407
"311968",0.0566785373927873
"311984",0.256848649698854
"312046",0.260912839471065
"312052",0.11685393258427
"312054",0.100961162772525
"312086",0.355725190839695
"312113",0.145139470463184
"312115",0.739789018122802
"312135",0.125907603925636
"312203",0.702688683323247
"312213",0.0934643796168774
"312226",0.159508892481811
"312248",0.0904055183946488
"312251",0.0737330198537095
"312272",0.269804822043628
"312279",0.788300007433286
"312309",0.101702475652368
"312312",0.390022118456623
"312316",0.521144278606965
"312317",0.496931238947259
"312320",0.245638520586183
"312331",0.32183908045977
"312358",0.464049586776859
"312365",0.137916666666667
"312382",0.0988717699866553
"312401",0.219211080999699
"312437",0.0700221951743395
"312451",0.108090693085256
"312474",0.156117146905999
"312477",0.154592048760216
"312478",0.10815759938567
"312492",0.148065076607171
"312495",0.23225875093095
"312510",0.0604755341144039
"312538",0.109944689016819
"312559",0.116804214223003
"312566",0.138366109818848
"312574",0.0791169076052797
"312603",0.0810810810810811
"312607",0.0918822479928635
"312616",0.0936793637505232
"312641",0.105669599217986
"312652",0.0926183226416768
"312667",0.103985838282321
"312668",0.0453842964303215
"312677",0.11666430695172
"312678",0.0529136291218076
"312680",0.0669653970624844
"312688",0.332346281135691
"312701",0.437224438379173
"312705",0.0918589014171925
"312707",0.0819309123117803
"312720",0.20121270145205
"312721",0.75
"312727",0.118800801036636
"312728",0.0602545968882603
"312745",0.394736842105263
"312777",0.181250424275338
"312790",0.379291384583663
"312793",0.387856307704713
"312806",0.42219387755102
"312812",0.08
"312846",0.0825010855405992
"312849",0.075283948135491
"312855",0.145893164847789
"312890",0.178554669169404
"312896",0.377203893996755
"312897",0.739130434782609
"312907",0.419165927240461
"312912",0.121696373693915
"312913",0.448570209133589
"312927",0.106312292358804
"312936",0.149595093687528
"312937",0.0903136415165638
"312952",0.0910825594708052
"312965",0.100279008698506
"312974",0.0698602794411178
"312994",0.194119612429001
"313018",0.513341280029342
"313019",0.654140570633264
"313022",0.322402865803252
"313024",0.0933374587458746
"313033",0.13161823819915
"313040",0.0855214359887257
"313045",0.108620689655172
"313049",0.264573110893032
"313050",0.134296028880866
"313052",0.0852880104591248
"313057",0.340464461646728
"313060",0.243489118801284
"313061",0.0678059716040157
"313063",0.283699583599283
"313067",0.1269200583025
"313069",0.121886336154776
"313085",0.114227434982152
"313098",0.124067573497148
"313108",0.397948164146868
"313125",0.0635069402138767
"313126",0.706755593803787
"313128",0.0985915492957746
"313138",0.137401453875294
"313139",0.0885209713024283
"313149",0.532852695395707
"313152",0.375
"313155",0.118020468972665
"313156",0.122467608205076
"313169",0.089161554192229
"313170",0.147918328753361
"313173",0.106828193832599
"313183",0.558205859476277
"313208",0.112852664576803
"313210",0.0723385828566219
"313219",0.0612803154178828
"313220",0.377837391663227
"313225",0.402863551172151
"313228",0.140468227424749
"313233",0.48987660237211
"313235",0.125161290322581
"313236",0.239542143600416
"313242",0.106157112526539
"313243",0.0987066031313819
"313245",0.0895983522142122
"313253",0.106645666090844
"313262",0.191848715234337
"313270",0.0705518104565117
"313278",0.108906411582213
"313304",0.0992082533589251
"313308",0.132530120481928
"313325",0.693654266958424
"313339",0.219346250554652
"313340",0.0846299158509359
"313341",0.0600342237855309
"313352",0.333426495248742
"313365",0.128730600875448
"313370",0.103760445682451
"313373",0.358680310515173
"313375",0.072802604320805
"313385",0.151642931020765
"313391",0.106920647075716
"313413",0.0902255639097744
"313417",0.137839839204485
"313418",0.0930155577623304
"313421",0.535154274152757
"313429",0.0826514816452897
"313430",0.455381446332671
"313433",0.0981836985327387
"313436",0.108929966154647
"313438",0.148936170212766
"313445",0.110119790366858
"313453",0.0925619834710744
"313471",0.237204922994149
"313474",0.0982890425919185
"313479",0.327510917030568
"313481",0.0950468540829986
"313482",0.540812357615158
"313484",0.174423062178947
"313488",0.112978429061844
"313494",0.0822972891018254
"313495",0.758782201405152
"313498",0.884837177747626
"313504",0.56516681647544
"313506",0.133260188087774
"313507",0.169098039215686
"313511",0.105032167971672
"313512",0.636986301369863
"313520",0.103744433336363
"313521",0.156914893617021
"313529",0.131542509000277
"313545",0.118927682241908
"313546",0.403920568099673
"313548",0.084805548968461
"313552",0.0797014925373134
"313557",0.0750520457152568
"313558",0.120446163533327
"313563",0.0895372233400402
"313574",0.059575285865283
"313575",0.297242647058824
"313582",0.141188129139936
"313587",0.197249393248511
"313589",0.102102204751325
"313592",0.426123950787628
"313593",0.0877792135868562
"313594",0.0504263997033741
"313596",0.720369535826949
"313604",0.117328963539533
"313609",0.108175651553017
"313615",0.104414261460102
"313625",0.380933544303797
"313633",0.0589425067685937
"313641",0.135777423561803
"313650",0.0682084489670059
"313653",0.416232315711095
"313662",0.251945426983325
"313663",0.0950338912712685
"313681",0.185248924400738
"313689",0.145170965806839
"313702",0.0925675309911763
"313705",0.12569687540516
"313713",0.250438596491228
"313722",0.0875711400771067
"313725",0.129425097877601
"313729",0.0486631160615318
"313742",0.0807232679840662
"313755",0.150359003238068
"313756",0.0782065065902122
"313765",0.0940832910106653
"313774",0.409159159159159
"313776",0.155323819978046
"313782",0.11790780141844
"313783",0.0660990086702508
"313786",0.0715086435777922
"313790",0.132764596107705
"313819",0.0621606440741434
"313825",0.0678276291460699
"313831",0.776189675466622
"313834",0.0852099422415472
"313837",0.147830411537983
"313838",0.0793884151720082
"313840",0.151990349819059
"313851",0.0786072113303235
"313860",0.0920921446187753
"313866",0.0916095474211268
"313874",0.086663365205135
"313876",0.0792655841271408
"313878",0.144970906068163
"313891",0.231644260599793
"313892",0.240987881576929
"313905",0.0683421743832724
"313922",0.0726862980769231
"313936",0.598015068096204
"313954",0.607534202165597
"313969",0.0930075983456766
"313974",0.0924212980956082
"313982",0.547121271329947
"313994",0.0977262000610789
"314028",0.0847391894512313
"314061",0.096038354781731
"314111",0.16238793806031
"314119",0.21886225043856
"314126",0.101552824616557
"314128",0.122959300988733
"314131",0.302452316076294
"314140",0.131306491372227
"314148",0.190008952551477
"314168",0.16156699119147
"314171",0.144739489036411
"314172",0.115409980215432
"314180",0.11324463259752
"314212",0.0829212628375808
"314214",0.13136192271442
"314224",0.293504901960784
"314228",0.100756143667297
"314243",0.142634146341463
"314245",0.101921470342523
"314248",1.12104420637852
"314249",0.12188650638943
"314251",0.0557836832726427
"314260",0.147050044771664
"314262",0.133474785354781
"314264",0.197504125412541
"314265",0.0628479180583389
"314280",0.26884765625
"314288",0.0418424753867792
"314297",0.171613599568268
"314300",0.103588907014682
"314313",0.112083762444216
"314319",0.232374902025494
"314320",0.101179479891999
"314321",0.161790851786003
"314322",0.0966014981698786
"314323",0.141385767790262
"314328",0.377768662838392
"314329",0.053409621098642
"314349",0.0900502621196563
"314360",0.0930434782608696
"314380",0.1445
"314381",0.0751806219678196
"314386",0.20178206794134
"314388",0.0854992683436694
"314396",0.168968318440292
"314397",0.149304432222582
"314401",0.054929710350033
"314415",0.0543461399245049
"314416",0.607814761215629
"314423",0.0869119155796571
"314431",0.694423680669756
"314438",0.16478815608377
"314441",0.080657069029162
"314443",0.116759912430066
"314459",0.382069646826377
"314467",0.431870262647629
"314473",0.111576254433397
"314478",0.270722977809592
"314480",0.391461508401719
"314487",0.71041131996948
"314492",0.382626921285515
"314523",0.0737327188940092
"314532",0.21357371400443
"314539",0.414946970319822
"314543",0.121726822363765
"314548",0.0807426597582038
"314556",0.650018775816748
"314584",0.103815881239414
"314586",0.101350135013501
"314587",0.108237278605566
"314596",0.173553719008264
"314598",0.0626804388272278
"314600",0.103827207275483
"314615",0.300398298180501
"314616",0.181347150259067
"314618",0.162369968340118
"314623",0.0462100511767636
"314626",0.248
"314627",0.315106533373725
"314634",0.0882079851439183
"314636",0.375875875875876
"314638",0.568125
"314639",0.0910215186742518
"314640",0.100966069745523
"314649",0.548663807324315
"314652",0.493768148313603
"314654",0.116835200874556
"314655",0.103691180614258
"314660",0.711081648436637
"314670",0.339513899754864
"314675",0.104876906261386
"314678",0.171450440107157
"314690",0.0932347924957362
"314718",0.148686559551135
"314740",0.231671554252199
"314746",0.272236156666024
"314756",0.268177089353832
"314759",0.43568306010929
"314764",0.0903458136948578
"314771",0.725768321513002
"314772",0.346119873817035
"314785",0.113052892050727
"314787",0.127177700348432
"314788",0.0601836813040782
"314798",0.108984254399506
"314800",0.154675704822061
"314814",0.0597028502122498
"314818",0.697407662307869
"314824",0.119829982017329
"314836",0.101307189542484
"314843",0.125563301621538
"314847",0.448983937697737
"314848",0.61799230924914
"314859",0.127088607594937
"314862",0.0443590568922507
"314870",0.152392947103275
"314897",0.0575984380084608
"314904",0.0780287474332649
"314906",0.0839664000535457
"314915",0.0992426220945417
"314917",0.769482034531031
"314930",0.132452025586354
"314942",0.0831144465290807
"314964",0.0858788933565384
"314979",0.0911154345006485
"314981",0.466929197138954
"314992",0.067593779794194
"314993",0.108196721311475
"314996",0.458150761232826
"314997",0.426546719850632
"314999",0.0785058082150178
"315000",0.121848739495798
"315023",0.100965517241379
"315033",0.11962569549823
"315034",0.348067287043665
"315036",0.0474207303920755
"315039",0.5
"315045",0.110082032283673
"315055",0.149969456322541
"315058",0.125020562592532
"315069",0.134220072551391
"315071",0.261397708925963
"315072",0.295285359801489
"315073",0.0645631187813248
"315074",0.763169226352806
"315084",0.15530331504172
"315085",0.142905065414291
"315088",0.086984126984127
"315091",0.243189202699325
"315094",0.0915918367346939
"315095",0.500204960032794
"315108",0.214549839228296
"315111",0.7
"315112",0.068225596917977
"315114",0.126227660602157
"315119",0.179115419076322
"315120",0.107300797599305
"315131",0.178753180661578
"315135",0.100326553094386
"315137",0.319033735943357
"315145",0.164663081303385
"315151",0.0764283742754623
"315159",0.0687795444778685
"315162",0.354733289759767
"315163",0.417097150474921
"315164",0.21815834767642
"315167",0.103215561730846
"315174",0.0755913191904413
"315179",0.163391353172375
"315189",0.104593077229123
"315190",0.522342289719626
"315191",0.0956995760145367
"315196",0.0770406007216461
"315212",0.100466162996303
"315214",0.199881726788882
"315218",0.0875513497652582
"315219",0.0757943701474159
"315250",0.124708914562185
"315259",0.0552373158756138
"315263",0.0698454656364376
"315264",0.121676403958507
"315272",0.0766030347528145
"315283",0.12602842183994
"315286",0.0919680820082707
"315291",0.0977508650519031
"315294",0.260174418604651
"315298",0.152952467545588
"315311",0.0808874648611069
"315318",0.70098292809105
"315326",0.0757614538008702
"315330",0.235040663542845
"315333",0.0628906079279752
"315337",0.469146097398265
"315338",0.429624289033085
"315341",0.377768662838392
"315344",0.088432211270225
"315346",0.155625356938892
"315347",0.379817444219067
"315348",0.0817369093231162
"315350",0.59763851044505
"315352",0.144724314030988
"315362",0.602371541501976
"315388",0.59563834620627
"315394",0.191178730597818
"315405",0.0593436373240245
"315409",0.0923685946778096
"315417",0.100310559006211
"315422",0.0580658146321828
"315423",0.0499433306701845
"315430",0.116586925803813
"315434",0.0521810203906048
"315438",0.616358839050132
"315447",0.127333254072049
"315463",0.0891390677410649
"315465",0.307692307692308
"315473",0.0673209842410838
"315497",0.460412309530923
"315500",0.0914557754948634
"315509",0.0913364129994327
"315510",0.0734883176544601
"315521",0.37923364674957
"315524",0.502013085052844
"315530",0.0423635216156516
"315532",0.117184957932413
"315546",0.146638905413444
"315564",0.287800084234171
"315567",0.80939524838013
"315578",0.192933947772657
"315579",0.0883187887708969
"315593",0.141738497025616
"315594",0.0910496967723554
"315597",0.480842105263158
"315598",0.101321585903084
"315601",0.334360554699538
"315606",0.0822559133346036
"315609",0.398636526731252
"315610",0.575358616624091
"315611",0.161367726454709
"315615",0.0535682550966006
"315644",0.229550337630448
"315645",0.0484045013103129
"315646",0.109284332688588
"315650",0.763162933180165
"315651",0.544190376447315
"315652",0.502347417840376
"315658",0.0942192038620464
"315663",0.0733243761150635
"315665",0.239348158207435
"315666",0.0765336671928583
"315668",0.105691056910569
"315675",0.231606317411402
"315691",0.042038730500269
"315695",0.433035714285714
"315696",0.0730668153221311
"315702",0.0898412288627856
"315705",0.129985228951256
"315711",0.0935949221004039
"315712",0.36189889025894
"315714",0.112827532264372
"315716",0.0831620669406929
"315722",0.109535787788703
"315723",0.242837653478854
"315728",0.199977755533311
"315732",0.181020205366015
"315740",0.207494407158837
"315741",0.197259955880646
"315744",0.390626296142679
"315745",0.0449296458030083
"315748",0.473214285714286
"315750",0.584896097313735
"315756",0.0780927953098521
"315759",0.103596349973162
"315760",0.069056834385822
"315761",0.801788375558867
"315762",0.161676088712182
"315764",0.153773046949249
"315771",0.0669140982195686
"315795",0.205352363960749
"315798",0.0993788819875776
"315804",0.114318419350022
"315806",0.192787059135508
"315807",0.129718456725756
"315820",0.305190910908243
"315824",0.449842750244008
"315829",0.579132802178004
"315833",0.655767550247597
"315843",0.115253122945431
"315852",0.219826717711062
"315863",0.112442396313364
"315866",0.216202832524512
"315870",0.309737868284229
"315871",0.0860418159317397
"315879",0.145485700297825
"315882",0.325215833197589
"315883",0.196098311365941
"315891",0.205747605164515
"315904",0.0764034253092293
"315907",0.391304347826087
"315911",0.130427261719426
"315912",0.256499682942295
"315914",0.154727950855638
"315915",0.897318985956593
"315916",0.103684049392795
"315920",0.547317032462656
"315923",0.108574380165289
"315926",0.145499383477189
"315936",0.0455433380428773
"315947",0.539727337957426
"315952",0.0583418628454452
"315953",0.394736842105263
"315959",0.0858710562414266
"315962",0.516454749439043
"315963",0.291035484540361
"315969",0.111111111111111
"315978",0.207207207207207
"315979",0.235228383852493
"315981",0.454019968470836
"315992",0.0518761960229636
"315994",0.0980941704035874
"315996",0.175056042388425
"315999",0.0942311942827673
"316000",0.425
"316001",0.260564679830227
"316003",0.135883424408015
"316008",0.0619289340101523
"316009",0.0703710824841377
"316010",0.514204337982911
"316014",0.128733217645447
"316017",0.0711253444552022
"316018",0.490684519175878
"316019",0.465264812813206
"316021",0.10360884749709
"316022",0.142523705324581
"316023",0.0554764481403429
"316033",0.0887910372888914
"316039",0.110235265583313
"316052",0.749551785960557
"316061",0.593354430379747
"316062",0.4375
"316067",0.112880057457505
"316077",0.159796374472312
"316088",0.458893871449925
"316090",0.169559146219828
"316096",0.0929414199958601
"316098",0.103007641033978
"316101",0.104820627802691
"316102",0.0903440482169764
"316124",0.467347570411637
"316130",0.197346600331675
"316137",0.099644128113879
"316153",0.646262852272122
"316157",0.190150897226754
"316158",0.4
"316207",0.448494932687944
"316212",0.0716711956521739
"316216",0.0617666303162486
"316218",0.685308397770185
"316228",0.0736525932820036
"316229",0.0800479115166034
"316231",0.0671606401896858
"316233",0.105067328136074
"316238",0.0889339187211528
"316241",0.130118773267151
"316242",0.236710130391174
"316254",0.696749574732196
"316258",0.11865
"316259",0.392407762849222
"316273",0.141432244993376
"316290",0.0890989793615367
"316304",0.806813006649057
"316312",0.0916208562385474
"316313",0.0556374556374556
"316325",0.0667068260359532
"316326",0.486687783580173
"316327",0.129512467435802
"316330",0.455884733689493
"316335",0.0534630370821958
"316342",0.113012592831773
"316353",0.056512565766632
"316370",0.125189681335357
"316384",0.170993733213966
"316399",0.859722222222222
"316400",0.0839231547017189
"316406",0.144736842105263
"316413",0.512817773979919
"316415",0.167272727272727
"316424",0.708997103548153
"316425",0.324748832602236
"316440",0.0951266741971922
"316444",0.155289316042394
"316457",0.0481566978264348
"316465",0.719840035547656
"316482",0.281729562783515
"316507",0.107115447867558
"316519",0.109703113685735
"316521",0.377744696687756
"316526",0.62603062426384
"316527",0.364718517855545
"316539",0.0857201646090535
"316552",0.38446870675073
"316557",0.142797389994981
"316559",0.14423288980372
"316579",0.786877097054803
"316580",0.170768566493955
"316583",0.114046872667562
"316602",0.142662200719514
"316614",0.536850814663951
"316616",0.183226495726496
"316620",0.352405949256343
"316624",0.393006461421513
"316626",0.190305741983594
"316632",0.151716367820501
"316638",0.137813151006891
"316643",0.085689604315031
"316711",1.00245298446443
"316717",0.548804226918799
"316729",0.223910270838022
"316731",0.180713646246323
"316736",0.13089802130898
"316737",0.0750346356331394
"316740",0.268299394606494
"316742",0.169118639492509
"316758",0.194649534950618
"316764",0.0740985255745229
"316767",0.134081644049813
"316777",0.668818272095333
"316794",0.0803221593382673
"316810",0.105871029836381
"316820",0.170398009950249
"316842",0.16945107398568
"316940",0.391304347826087
"316976",0.159559834938102
"316982",0.129333503901753
"317036",0.670416306124411
"317051",0.504518236254763
"317161",0.491052530305946
"317163",0.0830992993762379
"317170",0.0978929924242424
"317181",0.522035243164611
"317183",0.0810001497230124
"317189",0.154864593781344
"317191",0.149370613144614
"317196",0.17129840546697
"317203",0.102346999405823
"317204",0.143593158558811
"317213",0.137924563708013
"317218",0.0935268265885369
"317219",0.553260869565217
"317221",0.343928310168252
"317224",0.627722772277228
"317227",0.146639776201939
"317235",0.0986394557823129
"317237",0.134831460674157
"317241",0.0843539622029362
"317252",0.452107279693487
"317258",0.424657534246575
"317268",0.104643496279552
"317270",0.500497611464968
"317310",0.675294422156076
"317312",0.126568692206077
"317314",0.629682653304701
"317335",0.13345521023766
"317343",0.0720515737580584
"317344",0.0872332254347945
"317346",0.0609667476883755
"317371",0.20479746548993
"317374",0.143790849673203
"317377",0.0852318413294023
"317379",0.205719681640362
"317380",0.243421052631579
"317382",0.529470986637379
"317391",0.169043323050657
"317395",0.108223665944805
"317398",0.165565102445473
"317405",0.0919829102789646
"317407",0.10727969348659
"317409",0.143814997263273
"317416",0.58397904616392
"317420",0.108327192336035
"317431",0.118387909319899
"317456",0.855140469847421
"317468",0.131386086032926
"317470",0.117647058823529
"317486",0.214083910156802
"317494",0.127846336551867
"317498",0.389283047050037
"317517",0.167587003980994
"317546",0.0912990196078431
"317553",0.180042238648363
"317578",0.196998123827392
"317580",0.094077084102943
"317589",0.144
"317598",0.107932460586461
"317599",0.160393417817288
"317608",0.24924860455131
"317614",0.39419795221843
"317617",0.199526547176192
"317627",0.0598050914876691
"317646",0.0968463167804189
"317673",0.111238690120792
"317674",0.248255445125819
"317675",0.173865984453409
"317676",0.1558764540714
"319104",0.709942231681362
"337868",0.647945205479452
"337920",0.377837391663227
"338443",0.575641025641026
"338457",0.25065963060686
"338458",0.155542040443971
"338477",0.275003217917364
"353118",0.0624455949053924
"353218",0.310691752401523
"353228",0.403704403704404
"353250",0.379328770260299
"353251",0.384615384615385
"353255",0.0733451871009456
"353257",0.224630759056507
"353302",0.275125628140704
"353305",0.277310296753635
"353306",0.377627324171382
"353317",0.544943235079679
"353498",0.5
"359726",0.0638702738479358
"359959",0.120579246106826
"360202",0.190782122905028
"360228",0.394736842105263
"360243",0.197990053874845
"360254",0.115250233748339
"360272",0.198835012594458
"360323",0.0618909973929604
"360417",0.82610254571531
"360420",0.519334105995153
"360445",0.506849315068493
"360457",0.449505186598307
"360459",0.0879287885366913
"360461",0.0695044211392145
"360462",0.0825392296718973
"360467",0.131208349050673
"360468",0.174938746937347
"360476",0.087211093990755
"360478",0.262493283181085
"360479",0.323791237563275
"360482",0.184897554527429
"360486",0.781639928698752
"360487",0.206270127439377
"360492",0.0996135680549592
"360500",0.111101939744119
"360502",0.0970192197030729
"360504",0.177071198519838
"360506",0.903095122346459
"360509",0.114338042909471
"360511",0.133449763714814
"360514",0.0850348453356156
"360518",0.107653272576636
"360519",0.212528620912347
"360524",0.145252324037185
"360526",0.0833155877342419
"360539",0.311475409836066
"360543",0.290480349344978
"360548",0.106518960374947
"360551",0.199529548706259
"360553",0.319238496125514
"360555",0.229927720257863
"360557",0.221609919307223
"360559",0.286106032906764
"360563",0.0609952476336358
"360564",0.0919563058589871
"360565",0.470725401733665
"360571",0.0898263027295285
"360572",0.0945906000591191
"360576",0.182395260262378
"360577",0.0782235980473866
"360579",0.701020141250327
"360580",0.0813849555440561
"360583",0.134233518665608
"360588",0.26591136287904
"360591",0.192378610940381
"360593",0.112781954887218
"360594",0.0650019930527874
"360595",0.107941483803553
"360602",0.074511684687827
"360604",0.28981555733761
"360605",0.139485359361136
"360606",0.0875691997986915
"360611",0.167019504897395
"360612",0.12035010940919
"360613",0.101621621621622
"360615",0.310785241248817
"360619",0.632463168777462
"360621",0.444260941370768
"360622",0.130690537084399
"360623",0.461634495342361
"360625",0.962835850166699
"360626",0.539532978287587
"360627",0.0982727034807642
"360634",0.072953216374269
"360635",0.117647058823529
"360636",0.0882479552303056
"360637",0.0793515358361775
"360640",0.117524339360223
"360643",0.118048780487805
"360647",0.118637334260317
"360649",0.202197802197802
"360652",0.0777631477035086
"360654",0.643049932523617
"360655",0.419775014801658
"360659",0.11042345276873
"360661",0.284829721362229
"360663",0.0708051494654157
"360664",0.0901731504384979
"360665",0.0776314726553033
"360670",0.100871731008717
"360674",0.0686552410855756
"360687",0.173825966850829
"360692",0.150090415913201
"360695",0.133440514469453
"360699",0.131921824104235
"360704",0.0513750377757631
"360707",0.378934501375166
"360711",0.31311784089126
"360712",0.550297973778308
"360714",0.199267681634226
"360715",0.0952914013852935
"360717",0.0814568406687137
"360718",0.117047921188846
"360719",1.00883069427527
"360720",0.0879929109437306
"360721",0.0673744682398284
"360722",0.20106087395807
"360726",0.103899572649573
"360730",0.375
"360731",0.526259946949602
"360733",0.201230296039985
"360737",0.581195376374401
"360747",0.498831775700935
"360748",0.096778771108273
"360750",0.446494822861854
"360753",0.054273371679515
"360754",0.0897435897435897
"360757",0.241742361684558
"360760",0.105160026126715
"360762",0.0527133432645244
"360764",0.0993241257713782
"360775",0.0811413996492906
"360776",0.0884394606861567
"360777",0.18969117485438
"360779",0.0642769835786789
"360790",0.384615384615385
"360792",0.171009490940466
"360799",0.0695687997802801
"360800",0.120209059233449
"360801",0.0620590506110061
"360804",0.0685175415457663
"360816",0.125432668534696
"360817",0.0588886463562942
"360826",0.123296936902116
"360835",0.153163152053274
"360838",0.121626928471248
"360839",0.0993399339933993
"360843",0.315220962707409
"360845",0.0623487544483986
"360847",0.242216047823524
"360848",0.111764705882353
"360849",0.431959382724297
"360850",0.0946834491827917
"360851",0.111974187380497
"360853",0.117965313242656
"360857",0.152151488358385
"360858",0.283271038622721
"360860",0.0474478792235802
"360864",0.613604060913706
"360868",0.0994953822717319
"360872",0.172943251374624
"360874",0.075670694245341
"360878",0.170397739621821
"360881",0.220877981334255
"360893",0.0738591400685835
"360894",0.191330998248686
"360896",0.127150860344138
"360899",0.146774528106202
"360900",0.117280268936724
"360903",0.130487558163059
"360904",0.106757042999365
"360905",0.101521544559519
"360908",0.0946337226136473
"360910",0.208959300737503
"360912",0.102105263157895
"360914",0.29854055052651
"360917",0.151444184231069
"360918",0.465945257797581
"360919",0.513804890875624
"360920",0.17044158383575
"360922",0.194444444444444
"360932",0.089334458285771
"360933",0.435448747861254
"360937",0.068170449944025
"360942",0.0798526652303843
"360945",0.102667937112911
"360946",0.10340206185567
"360947",0.117078651685393
"360952",0.0804237288135593
"360955",0.105580693815988
"360959",0.130042405132108
"360961",0.0814374353671148
"360962",0.106863052334691
"360969",0.170271639580654
"360973",0.0893100317748525
"360983",0.0879026238732273
"360990",0.0728847124606842
"360991",0.195276641909372
"360992",0.0993742177722153
"360993",0.102683780630105
"360994",0.097444089456869
"360997",0.138002980625931
"360998",0.0912795963255272
"361002",0.557096854099579
"361003",0.439296307660837
"361006",0.0605007460242367
"361015",0.100977198697068
"361016",0.0987855718687693
"361018",0.100252794039383
"361028",0.0673450603395377
"361030",0.0769104462907622
"361032",0.148651031564098
"361034",0.107104180203595
"361035",0.0637669534781975
"361039",0.50823301508233
"361047",0.0650969529085873
"361051",0.47900610927617
"361054",0.0774013954665413
"361060",0.481155072192012
"361064",0.0945319740500463
"361066",0.136302122980631
"361076",0.135727919486379
"361086",0.304220968683136
"361095",0.137280058651026
"361103",0.0612550494497841
"361105",0.162328358208955
"361111",0.151702786377709
"361112",0.12770705901802
"361122",0.611053699238336
"361131",0.117973746213396
"361135",0.089622641509434
"361142",0.0828700100077838
"361147",0.299432355723746
"361149",0.200010986596352
"361153",0.097258883248731
"361159",0.0950819672131148
"361162",0.0829961958818912
"361167",0.0486936827630834
"361169",0.112801111797406
"361170",0.82176811277456
"361171",0.0783280985745349
"361180",0.154199951585573
"361183",0.131612492033142
"361184",0.0874495967741935
"361185",0.0945492419858813
"361187",0.224694903086863
"361195",0.0960568329963913
"361197",0.0691719915992672
"361206",0.277649592370405
"361214",0.60310021629416
"361219",0.106671899529042
"361221",0.104109047807191
"361223",0.0830251287546231
"361224",0.120645312134674
"361226",0.152114222954421
"361228",0.137763617053558
"361232",0.0966228893058161
"361237",0.100162425554954
"361238",0.0691939120631342
"361239",0.0779567330601353
"361241",0.0788943276706018
"361243",0.224857685009488
"361245",0.506260995550036
"361247",0.409695376526983
"361253",0.138057290544906
"361256",0.110117541195658
"361257",0.653822172340691
"361266",0.312123708726789
"361267",0.200800406555711
"361269",0.0924468085106383
"361271",0.0782997762863535
"361274",0.0877072710913064
"361275",0.185004537205082
"361276",0.544650379106992
"361277",0.665152498377677
"361286",0.0820610687022901
"361289",0.256308100929615
"361296",0.631529850746269
"361300",0.517990654205607
"361303",0.206079747335176
"361308",0.215062761506276
"361309",0.0715418843103115
"361312",0.342007434944238
"361314",0.118210862619808
"361319",0.391304347826087
"361326",0.131285084807147
"361327",0.149991238829508
"361332",0.471437539234149
"361341",0.32006294256491
"361342",0.542285714285714
"361346",0.107088846880907
"361348",0.0576762054868739
"361351",0.09085237463932
"361352",0.0688486491720732
"361354",0.149164467897977
"361358",0.172124372098938
"361363",0.113945207470387
"361364",0.0696084524549409
"361370",0.0902533132024828
"361378",0.0849125745995184
"361383",0.183185840707965
"361384",0.0544559917036253
"361388",0.0867282946996795
"361389",0.0683369252873563
"361391",0.10124826629681
"361394",0.414364640883978
"361412",0.390593970030691
"361413",0.200534759358289
"361414",0.104365575821426
"361415",0.514412617839014
"361416",0.128955806496584
"361419",0.319672131147541
"361423",0.225210892407873
"361424",0.117756791418911
"361430",0.200865963855422
"361432",0.155292853304675
"361433",0.101208869990853
"361435",0.197424892703863
"361437",0.0991943421676206
"361441",0.0957182438801451
"361442",0.0790780637940683
"361450",0.128516102731349
"361454",0.191860465116279
"361458",0.0963569165786695
"361459",0.067146908308615
"361462",0.081789515175404
"361473",0.0676482961716449
"361474",0.11027660743726
"361476",0.147796352583587
"361478",0.321774193548387
"361481",0.0846499251621487
"361485",0.0901768172888016
"361487",0.289961901606758
"361493",0.154249651667896
"361495",0.070445865734137
"361501",0.111304684475416
"361503",0.395269990903829
"361505",0.125119961612284
"361506",0.154511011129529
"361508",0.0743857461950028
"361512",0.160590764628903
"361517",0.0949970021983878
"361528",0.0815182913935293
"361537",0.177122400272758
"361538",0.160845588235294
"361541",0.0819235380311709
"361544",0.506326376121985
"361548",0.721687929342493
"361549",0.0944550669216061
"361552",0.155492154065621
"361555",0.088954417004546
"361560",0.0992757046134467
"361564",0.117607924305145
"361567",0.233286582515194
"361568",0.170566037735849
"361569",0.0775778769613031
"361570",0.203294697453683
"361574",0.0946034520428228
"361576",0.773279352226721
"361585",0.201369436663554
"361586",0.1690867203517
"361594",0.11313518696069
"361597",0.149099271751629
"361598",0.0732345248474281
"361600",0.0787904905551964
"361602",0.0491906005221932
"361604",0.0545831964397718
"361606",0.123971416197488
"361612",0.349725809304794
"361615",0.0987377850162866
"361617",0.0894787308228731
"361619",0.208918566275232
"361623",0.0933234968646256
"361624",0.0872901678657075
"361626",0.0923923727147631
"361630",0.0807849550286182
"361631",0.362350380848749
"361632",0.125868725868726
"361637",0.597067073470794
"361638",0.54696394686907
"361641",0.102803383786655
"361645",0.076457360318284
"361652",0.0644473891555046
"361658",0.216931216931217
"361659",0.0977255204317656
"361661",0.111373607829902
"361663",0.125228758169935
"361668",0.778999645264278
"361669",0.238841104572205
"361671",0.081616096057115
"361672",0.0937159157647454
"361673",0.146151104775481
"361674",0.223480471458285
"361680",0.296768808870872
"361685",0.364907206555797
"361686",0.126626192541197
"361689",0.105329949238579
"361692",0.105027831006479
"361695",0.127216174183515
"361696",0.0916907958234623
"361697",0.304958811177516
"361698",0.130913804277382
"361702",0.220119409710488
"361707",0.807617129657051
"361710",0.112287455887071
"361714",0.111111111111111
"361715",0.132626882320134
"361717",0.102125928186349
"361718",0.0891674807337458
"361725",0.258666666666667
"361728",0.105051753437355
"361729",0.125208371920726
"361730",0.101703665462055
"361733",0.405445840813884
"361734",0.760275067967376
"361735",0.300153515505066
"361739",0.451386772325511
"361740",0.0718068877986869
"361744",0.159246575342466
"361746",0.0955097384076277
"361747",0.13953488372093
"361749",0.0736022646850672
"361751",0.11637347767253
"361752",0.633684370028032
"361757",0.162484081204585
"361760",0.112080326325698
"361764",0.0782854209445585
"361776",0.618037334132993
"361778",0.0906504201118066
"361787",0.306178287731686
"361790",0.0927953229781624
"361791",0.190876350540216
"361795",0.16101625010311
"361800",0.0756386861313869
"361810",0.0448497907844955
"361812",0.103391504774448
"361818",0.223821562550971
"361821",0.177591463414634
"361824",0.0696976967370441
"361831",0.0837977005008112
"361832",0.167213461741983
"361833",0.0454618165530921
"361834",0.0846817691477886
"361836",0.0733886407147415
"361839",0.171890271714342
"361843",0.0799680708247161
"361856",0.159970421493715
"361857",0.0965952822927514
"361859",0.0725540921919097
"361871",0.114869346067118
"361873",0.277941088247645
"361875",0.168865435356201
"361878",0.103921568627451
"361881",0.0911778080945885
"361882",0.0617866666666667
"361886",0.153818378768731
"361887",0.0643379023005857
"361888",0.0598909346557981
"361895",0.152379733879222
"361898",0.0738454288407163
"361902",0.581555628487036
"361907",0.162638186246955
"361916",0.307801418439716
"361920",0.126146444143738
"361921",0.253787878787879
"361923",0.155252221508937
"361924",0.0921052631578947
"361927",0.0786151243004035
"361929",0.0907177589084839
"361939",0.0927521540800811
"361941",0.230950279493969
"361943",0.072344289086617
"361945",0.253469852104664
"361948",0.046404170451404
"361953",0.19877792629368
"361954",0.128347183748846
"361959",0.100190015546727
"361964",0.177617565131902
"361967",0.0694987313995749
"361968",0.12808929045974
"361969",0.19022039655581
"361972",0.233676975945017
"361975",0.0552395537081601
"361979",0.384934756820878
"361980",0.0810953929949315
"361991",0.121647282221695
"361993",0.642775881683732
"361994",0.391304347826087
"362011",0.155574217929876
"362017",0.12228206662677
"362018",0.265837634913186
"362020",0.282926829268293
"362035",0.057581013827873
"362036",0.0508783304004199
"362041",0.0913203496396258
"362042",0.394736842105263
"362044",0.116991643454039
"362046",0.132867132867133
"362047",0.661375661375661
"362049",0.101207169857334
"362050",0.139070061014096
"362052",0.662129667437957
"362053",0.882709933118652
"362056",0.2619304685813
"362076",0.391304347826087
"362085",0.597295193617435
"362100",0.0831782945736434
"362107",0.0848422325779944
"362111",0.106382978723404
"362113",0.0744543414700483
"362115",0.118941641938675
"362119",0.623424156161041
"362122",0.395137567053123
"362125",0.135135135135135
"362133",0.18111159994134
"362136",0.474202693125443
"362138",0.0914463650228775
"362141",0.569765807962529
"362142",0.10811254652945
"362151",0.119906868451688
"362152",0.0967352603946654
"362153",0.0787295303221162
"362160",0.0601279317697228
"362161",0.543325301204819
"362165",0.11906307746092
"362166",0.0745309242529534
"362170",0.103517877739331
"362171",0.162263837791486
"362172",0.0420374319752905
"362175",0.39632959983173
"362176",0.089632576644044
"362178",0.0858880162148467
"362181",1.77653227264509
"362182",0.0997005988023952
"362184",0.100931677018634
"362186",0.473404255319149
"362187",0.0737704918032787
"362188",0.401385266578306
"362196",0.0775829659250145
"362197",0.0597448618001418
"362202",0.924836103064492
"362205",0.126903553299492
"362211",0.27690628836448
"362212",0.0911737943585077
"362218",0.150986525505294
"362219",0.0957742359994151
"362220",0.119211370930766
"362223",0.0621760229403331
"362224",0.0558455255969927
"362248",0.296218487394958
"362249",0.404920081562849
"362251",0.0849173920767454
"362252",0.104515908313377
"362256",0.142188213796254
"362258",0.108626198083067
"362260",0.122701021768103
"362261",0.153078333769976
"362262",0.58021978021978
"362263",0.0746457552671415
"362264",0.0814622473397485
"362268",0.112851985559567
"362271",0.0863708399366086
"362272",0.215539238660626
"362279",0.143279797125951
"362280",0.170197673318831
"362285",0.121880835172297
"362287",0.246098746482476
"362289",0.107386894914767
"362291",0.0815256951521328
"362295",0.0921103025660666
"362297",0.108684347373895
"362303",0.0804113436622271
"362316",0.105731968303546
"362319",0.538520136102788
"362322",0.137601991425806
"362323",0.243879472693032
"362324",0.107650324644773
"362325",0.164592896834984
"362326",0.0831242411978956
"362332",0.0858319285931412
"362334",0.155796144705572
"362336",0.401940109658372
"362339",0.0686783450043076
"362341",0.114694526459232
"362342",0.112362702574394
"362343",0.113174758336049
"362346",0.393519974834854
"362358",0.0905031977796549
"362360",0.248629795714998
"362364",0.0930115635997989
"362366",0.132994328183063
"362376",0.210306748466258
"362382",0.377768662838392
"362391",0.0782194541124748
"362393",0.108861940298507
"362394",0.101727447216891
"362398",0.0597790219913567
"362401",0.0677507571970477
"362402",0.0825121789193977
"362409",0.0694698354661792
"362412",0.133037253082328
"362415",0.160203792810643
"362416",0.0776938011371516
"362417",0.537125748502994
"362418",0.0685100224774456
"362423",0.0940735263046693
"362424",0.487866136081936
"362427",0.0748428870691297
"362428",0.116760828625235
"362429",0.713846153846154
"362430",0.258351893095768
"362431",0.18973219246583
"362432",0.378934501375166
"362433",0.377627324171382
"362434",0.0610574018126888
"362438",0.057673427024601
"362442",0.865653389238295
"362443",0.656322541233965
"362445",0.570909408070706
"362447",0.430805521579591
"362452",0.0887072049054675
"362456",0.191637630662021
"362463",0.0485300900223775
"362464",0.197063003315964
"362465",0.0793134672374053
"362466",0.0869324473975637
"362477",0.118993781797626
"362481",0.16578267373861
"362485",0.167850225952227
"362489",0.104004528088298
"362490",0.0876356702845409
"362495",0.0828459516016526
"362498",0.0778363511345404
"362505",0.104015670910872
"362506",0.387549836897427
"362508",0.539188438021123
"362510",0.376004629331962
"362511",0.0674825769165392
"362513",0.0924817032601464
"362515",0.0899500277623542
"362517",0.110162564708019
"362519",0.0857980100858662
"362522",0.0487386384715266
"362527",0.379817444219067
"362530",0.0851601656134234
"362535",0.111977010374556
"362537",0.0930588023736738
"362539",0.106052767718572
"362540",0.260023273035015
"362545",0.0958775345776823
"362547",0.193383922219587
"362548",0.0994466876028114
"362549",0.119682063978109
"362550",0.206575761437492
"362553",0.190574374079529
"362557",0.102356122054847
"362572",0.269117466552105
"362573",0.0676650902084428
"362575",0.0901044959280057
"362576",0.266095688127584
"362578",0.110249130243532
"362584",0.149397892624185
"362586",0.072016886718265
"362591",0.0574439259370766
"362597",0.145251396648045
"362598",0.171405640908049
"362602",0.123848389290793
"362604",0.766194837635304
"362605",0.444727891156463
"362606",0.0744348762109796
"362614",0.0706158792975513
"362615",0.133564450047274
"362617",0.0734954816381465
"362623",0.582381729200652
"362625",0.0982100577706222
"362626",0.134063088512241
"362627",0.0939553434241067
"362628",0.547657104399764
"362629",0.658896289248335
"362630",0.120316402997502
"362631",0.0881495871782419
"362633",0.849782535965206
"362634",0.200891383294817
"362635",0.0930842852732325
"362638",0.396390374331551
"362642",0.0796526492109671
"362650",0.702517739437381
"362652",0.0560782916657935
"362653",0.287552333299295
"362657",0.10339489107597
"362667",0.131842105263158
"362668",0.0974825923942153
"362671",0.0727433043094897
"362675",0.357055812819888
"362678",0.0563006632277082
"362681",0.126852186483556
"362691",0.0586059138210949
"362696",0.0834970530451866
"362699",0.150023223409196
"362701",0.421052631578947
"362706",0.0822033477375453
"362708",0.367986040958766
"362710",0.104749679075738
"362712",0.241467181467181
"362713",0.0867034918129809
"362720",0.125144656457733
"362722",0.109274277396548
"362724",0.0856990231990232
"362727",0.227870289219983
"362728",0.1268
"362731",0.113854595336077
"362732",0.274320241691843
"362734",0.103351351351351
"362735",0.0841508364048767
"362739",0.0912661429902809
"362740",0.110107344032309
"362741",0.755862068965517
"362749",0.10516844946516
"362758",0.474402730375427
"362762",0.0786435786435786
"362769",0.108191437180296
"362774",0.353557711086518
"362787",0.108277755982738
"362788",0.0953125
"362789",0.101205046130672
"362790",0.083882529772228
"362791",0.137254901960784
"362792",0.156147825225404
"362798",0.188014184397163
"362800",0.0895979020979021
"362801",0.103401360544218
"362802",0.213415812874541
"362809",0.105062018102581
"362811",0.0609929555534982
"362817",0.148529411764706
"362818",0.213235294117647
"362831",0.0705191963397653
"362832",0.131231359181934
"362833",0.123643410852713
"362834",0.0847700007944705
"362835",0.135475130636733
"362842",0.114825724104075
"362846",0.264585655890004
"362848",0.112468200740056
"362850",0.157996679579413
"362851",0.095818107998376
"362856",0.109841929156571
"362861",0.0689332209422122
"362863",0.1
"362867",0.666983824928639
"362871",0.106331525721823
"362879",0.461538461538462
"362881",0.507477034821619
"362886",0.111494601982494
"362892",0.0758982035928144
"362893",0.184607384295372
"362896",0.0902801628968157
"362899",0.0993838347227256
"362900",0.0571034425098761
"362910",0.114571795667006
"362911",0.124717832957111
"362918",0.0513783849719444
"362924",0.127146206792224
"362936",0.0988229524276606
"362941",0.0733145619720555
"362944",0.0887168800238166
"362951",0.538101734554668
"362955",0.113917343694807
"362956",0.0783821758329988
"362957",0.0994037285832893
"362958",0.0726808363274317
"362960",0.850358422939068
"362965",0.0493231720315498
"362972",0.16746126340882
"362973",0.083971481383681
"362975",0.127405214619151
"362978",0.103295419401395
"362979",0.122442653440794
"362980",0.0576580820770519
"362981",0.0633300273349621
"362993",0.0576603475958424
"362998",0.425294888597641
"363001",0.0945004354858778
"363013",0.18193732872632
"363015",0.111788617886179
"363017",0.113599785407725
"363018",0.143877312104893
"363020",0.20809680310726
"363028",0.122379118528027
"363031",0.0808730302481434
"363032",0.151129494113904
"363040",0.101512700979926
"363054",0.186830399097801
"363058",0.0804313822342965
"363060",0.836448598130841
"363062",0.0876231263383298
"363065",0.0699069992321038
"363069",0.116811113943411
"363071",0.21215092929859
"363073",0.0811294653755391
"363074",0.129676819156251
"363076",0.105870020964361
"363083",0.145293857711003
"363085",0.167722969875131
"363087",0.125324242199659
"363088",0.299195979899498
"363091",0.21347876899104
"363093",0.145980905451186
"363096",0.205194432486727
"363104",0.253950953678474
"363110",0.135349996631409
"363111",0.115939345688841
"363113",0.130361648444071
"363115",0.104833647206529
"363118",0.114931550461636
"363120",0.0848278335724534
"363126",0.112382578992314
"363127",0.0556728959089031
"363129",0.0625706846216564
"363130",0.0871313672922252
"363135",0.054246434536811
"363139",0.379059887625051
"363140",0.0978260869565217
"363142",0.142586806319588
"363143",0.786551724137931
"363144",0.450035688793719
"363145",0.0925196850393701
"363150",0.0598877105427324
"363152",0.101624199076144
"363158",0.174268041237113
"363159",0.0546659652814308
"363162",0.151035011500128
"363165",0.0570898346885454
"363167",0.108852393350691
"363168",0.0860637833114897
"363169",0.081754540559064
"363174",0.215125439340686
"363198",0.111406290170537
"363206",0.136647212718857
"363215",0.724559211439678
"363224",0.363935625457206
"363225",0.280856423173804
"363227",0.147614917606245
"363229",0.05895
"363232",0.100181323662738
"363239",0.0500698604704576
"363248",0.101072607260726
"363251",0.300627943485086
"363253",0.0665676812670131
"363255",0.108325736858098
"363259",0.124229074889868
"363261",0.170028370448098
"363265",0.140354671280277
"363266",0.115269956939384
"363267",0.720267260579065
"363268",0.38745704467354
"363269",0.185669456066946
"363270",0.589019470268374
"363274",0.428203808543489
"363275",0.120547945205479
"363276",0.815085158150852
"363286",0.148604860486049
"363288",0.0520163285502227
"363289",0.100473576579486
"363292",0.083389417684197
"363326",0.140402476780186
"363328",0.254586297266941
"363331",0.141556470843269
"363334",0.191581688001736
"363425",0.164206642066421
"363438",0.465116279069767
"363442",0.0908309076475258
"363443",0.0949370660947113
"363445",0.11283185840708
"363448",0.121398008254762
"363449",0.0920149269117374
"363450",0.0786950467475632
"363453",0.0979533652377558
"363455",0.0823542962451048
"363457",0.0774834827748938
"363458",0.204874663891057
"363463",0.0975609756097561
"363464",0.177415369409439
"363466",0.0988421349901158
"363471",0.236642812478288
"363472",0.23193741371376
"363474",0.0867329088237352
"363476",0.131332082551595
"363481",0.0743396226415095
"363484",0.137512388503469
"363487",0.071578274306419
"363490",0.462737457379445
"363493",0.887333116248779
"363496",0.0832242582897033
"363502",0.0922477911446114
"363509",0.114623419461242
"363517",0.0797954206426254
"363518",0.105080027835769
"363519",0.058804560635725
"363522",0.089119170984456
"363538",0.147824242138513
"363542",0.391304347826087
"363551",0.673176175198772
"363554",0.274535329427931
"363555",0.154374440131383
"363563",0.0876558828845111
"363577",0.162878638673337
"363578",0.154267120248484
"363584",0.379142976008875
"363591",0.51483547578624
"363595",0.158234295415959
"363611",0.101241018941868
"363616",0.29775662814412
"363618",0.459705199070736
"363627",0.544173913043478
"363629",0.111721611721612
"363630",0.0554568845777262
"363632",0.552538631346578
"363634",0.141592920353982
"363650",0.659672786311977
"363653",0.502593379051067
"363654",0.814708417121517
"363656",0.388224030636668
"363658",0.274943167466532
"363672",0.801801801801802
"363674",0.0773420479302832
"363675",0.0903929139223257
"363676",0.234854771784232
"363677",0.265215459795646
"363681",0.237086834733894
"363682",0.427029220779221
"363684",1.16924436588599
"363686",0.132569558101473
"363687",0.2088712346905
"363741",0.503796941641527
"363760",0.0856251104175255
"363767",0.162720939233647
"363768",0.156838530410621
"363781",0.123049111178066
"363782",0.585310449268046
"363783",0.0563245970222714
"363784",0.433005893909627
"363790",0.479796503128472
"363795",0.0668047297748681
"363796",0.405445180279617
"363817",0.286245569178918
"363830",0.770759663455676
"363831",0.711735575262006
"363866",0.599942660550459
"363872",0.0749203459262631
"363886",0.275899843505477
"363899",0.354645626445382
"363909",0.0634662608515201
"363912",0.464956387891226
"363913",0.0964161116397082
"363915",0.183823529411765
"363924",0.226651480637813
"363925",0.384615384615385
"363930",0.116108928329495
"363938",0.563895579714862
"363942",0.495927060757791
"363972",0.117088607594937
"363974",0.0777693474962064
"363982",0.113739646114674
"363984",0.10162552679109
"363989",0.0812932695739062
"363991",0.649942987457241
"363993",0.632417582417582
"363995",0.556757293113713
"364018",0.224627875507443
"364021",0.402597402597403
"364029",0.0891238670694864
"364031",0.540892516061816
"364039",0.634628391072368
"364049",0.229882407193913
"364052",0.0698490578895363
"364060",0.572816060770483
"364069",0.391634980988593
"364073",0.595199314187741
"364081",0.26219694702185
"364134",0.375
"364140",0.537383177570093
"364148",0.0882352941176471
"364183",0.0950717175432144
"364190",0.0893047363149276
"364205",0.49273570324575
"364206",0.124641833810888
"364215",0.377627324171382
"364241",0.180476912034453
"364255",0.384615384615385
"364302",0.904053778773681
"364303",0.391304347826087
"364380",0.0956891963810537
"364388",0.594449047224524
"364393",0.622830130192188
"364395",0.213543532783948
"364396",0.151071025930101
"364398",0.149677146183974
"364403",0.615980057727631
"364410",0.0685632762672038
"364420",0.345274061286146
"364427",0.17157490396927
"364458",0.106408134310712
"364475",0.0762357688427727
"364476",0.0726179941850443
"364510",0.115384615384615
"364514",0.101689102289291
"364529",0.136629119733
"364534",0.0887745789430017
"364538",0.37416522384368
"364556",0.359600067785121
"364594",0.123864229765013
"364601",0.140811455847255
"364605",0.205454417656568
"364613",0.401512486809708
"364624",0.0997898342025376
"364629",0.745257932990604
"364630",0.110578403342863
"364634",0.077213941253836
"364648",0.230176355323318
"364670",0.140055259368798
"364674",0.155710469737442
"364676",0.052864070677486
"364680",0.555998350968806
"364681",0.0984998728705823
"364682",0.112859953496691
"364688",0.564377927567691
"364704",0.442787053889372
"364705",0.178955634079309
"364706",0.233057851239669
"364707",0.189409722222222
"364712",0.0533418375910571
"364719",0.594675874359546
"364723",0.426470588235294
"364729",0.391304347826087
"364738",0.431615460852329
"364755",0.166747927840078
"364773",0.291293734743694
"364785",0.107915993537964
"364786",0.110032362459547
"364788",0.0880527540729248
"364798",0.739693313222725
"364814",0.571466106148187
"364823",0.216056960471397
"364827",0.0975578281769204
"364834",0.0963409887115609
"364835",0.109037972607234
"364837",0.169130067567568
"364841",0.649333650642551
"364843",0.161190053285968
"364844",0.177828820116054
"364845",0.122334455667789
"364853",0.300841756109773
"364855",0.403920568099673
"364858",0.177392496816534
"364867",0.225663716814159
"364878",0.0823611352951419
"364883",0.468101287215165
"364899",0.161374388581509
"364900",0.0758995578272687
"364901",0.0517273877803808
"364902",0.055159868825579
"364906",0.441860465116279
"364910",0.111457334611697
"364952",0.0769955306024452
"364973",0.592562321209644
"364976",0.146837682441398
"364981",0.088810641627543
"364983",0.0945095838624886
"364991",0.795580110497238
"364993",0.104082737057303
"364994",0.709473942066263
"364996",2.00342601133219
"365009",0.392282272678819
"365023",0.0502809561242612
"365037",0.0757541853984011
"365038",0.126295773783966
"365042",0.394644935972061
"365096",0.147651006711409
"365153",0.605124835742444
"365155",0.174072713918472
"365170",0.377627324171382
"365175",0.377768662838392
"365176",0.0668076784930359
"365179",0.113044133152583
"365212",0.480990783410138
"365213",0.626851668970966
"365215",0.0918070284882512
"365217",1.23475046210721
"365226",1.01232394366197
"365227",0.555007904770762
"365228",0.464044606691004
"365238",0.864351600651112
"365241",0.472761031880852
"365243",0.0939367311072056
"365266",0.106469306484334
"365280",0.389000401445203
"365298",0.25324264473268
"365299",0.594812803658188
"365313",0.366871250258603
"365314",0.114272004387168
"365323",0.897781522044369
"365333",0.5
"365337",0.505859375
"365345",0.160580912863071
"365355",0.0996784565916399
"365357",0.5483
"365360",0.108387509325376
"365361",0.10465869603628
"365362",0.557274725274725
"365367",0.688405365126677
"365368",0.652481617647059
"365371",0.416090509113765
"365377",0.927317454992732
"365380",0.0797290255341324
"365381",0.0915102596518526
"365384",0.377768662838392
"365387",0.625506570060174
"365389",0.261303581914269
"365390",0.629307568438003
"365391",0.619815668202765
"365394",0.250229594765239
"365395",0.48463476070529
"365398",0.223088585661685
"365402",0.458139534883721
"365458",0.100317838696861
"365460",0.262379340604237
"365462",0.107697893972404
"365466",0.605355746677091
"365476",0.62775810405884
"365493",0.0877583859388538
"365494",0.072809011988425
"365511",0.339130434782609
"365527",0.12615900985945
"365528",0.507592418054247
"365542",0.646160962072155
"365544",0.348577036310108
"365546",0.870398153491056
"365549",0.417983986861014
"365550",0.408892315600103
"365552",0.55607476635514
"365564",1.00170850308845
"365577",0.421052631578947
"365581",0.272974308300395
"365583",0.0884874894574079
"365603",0.150827497163426
"365627",0.0852882607217446
"365652",0.0893110795454545
"365657",0.216141626278945
"365661",0.0973745933267761
"365682",0.429494455601153
"365691",0.17869784830768
"365744",0.472105195965786
"365751",0.273510971786834
"365763",0.56211045078997
"365769",0.630514705882353
"365770",0.11254389151229
"365778",0.713345730224574
"365802",0.0965185762535724
"365803",0.375
"365807",0.402597402597403
"365813",0.186564371257485
"365823",0.201841903300077
"365829",0.706843718079673
"365834",0.430008126777733
"365842",0.104189636163175
"365844",0.382727272727273
"365855",0.419100308362053
"365864",0.321990574327023
"365868",1.02519509476031
"365871",0.174724342663274
"365873",0.479759669545625
"365875",0.103748766853009
"365877",0.162014230979748
"365881",0.118764845605701
"365894",0.113138149183463
"365900",0.694185303514377
"365901",0.555028462998102
"365924",0.110828025477707
"365946",0.765199493350222
"365948",0.356727553383072
"365949",0.515013878374968
"365960",0.12689349801911
"365962",0.0949830769889893
"365963",0.542408272844785
"365972",0.628407026044821
"365977",0.865646437994723
"365984",0.043647740678053
"365985",0.0821744627054361
"366001",0.109791875194146
"366004",0.427637929754214
"366008",0.636215334420881
"366013",0.0872274143302181
"366016",0.0886347390993567
"366029",0.144960362400906
"366030",0.607466063348416
"366031",0.179245283018868
"366035",0.161803713527851
"366057",0.543087971274686
"366061",0.209728104932368
"366069",0.53594457401564
"366078",0.252387448840382
"366124",0.251046025104602
"366126",0.11424512987013
"366140",0.113412739513206
"366142",0.684874668491744
"366153",0.200974421437272
"366158",0.549670949545597
"366174",0.179324894514768
"366176",0.556776881482138
"366189",0.328649078615935
"366196",0.0585234777064262
"366205",0.122402270438524
"366206",0.495529022587481
"366213",0.515151515151515
"366214",0.193067461796496
"366229",0.0801634074470935
"366232",0.365320026868823
"366245",0.465451083350163
"366251",0.370503310201803
"366261",0.609786843914738
"366262",0.180060816681147
"366270",0.138580368720753
"366274",0.350252691716106
"366275",0.448174432720142
"366277",0.155244755244755
"366307",0.321440391871318
"366333",0.0948347992898104
"366347",0.546459227467811
"366352",0.0975487743871936
"366360",0.0939856216026653
"366365",0.684062684801892
"366366",0.167007616974973
"366376",0.0858251324753974
"366377",0.377627324171382
"366381",0.0686602692851298
"366403",0.152011704462326
"366411",0.551666934232354
"366432",0.530533165177021
"366434",0.101679104477612
"366441",0.379817444219067
"366452",0.162219526986052
"366455",0.63837457989612
"366456",0.594793998176241
"366461",0.0961398397669337
"366463",0.499862126016821
"366474",0.103021923760616
"366478",0.114895080839353
"366489",0.103244139237509
"366491",0.585657370517928
"366492",0.373386515982494
"366517",0.172648999217265
"366518",0.760170006071645
"366531",0.527950310559006
"366542",0.433663897078531
"366545",0.27319587628866
"366567",0.391304347826087
"366568",0.0898078529657477
"366588",0.214817320703654
"366593",0.0767552303940444
"366595",0.12177058215639
"366602",0.0923679060665362
"366608",0.114617386083128
"366614",0.375
"366618",0.0812037583405202
"366619",0.122431506849315
"366624",0.0848708487084871
"366631",0.233742103307321
"366656",0.672657829701191
"366671",0.535058615350586
"366733",0.134961439588689
"366783",0.0711576563826776
"366791",0.709741550695825
"366826",0.098340503995083
"366836",0.437483753574214
"366844",0.45136186770428
"366848",0.10719131614654
"366856",0.0689617154984703
"366859",0.14796668299853
"366889",0.0877836662590026
"366891",0.833163784333672
"366894",0.128733605202248
"366909",0.134600158353127
"366915",0.22295773623336
"366949",0.273518172209123
"366951",0.0955912313584875
"366953",0.193855679923791
"366957",0.127840909090909
"366959",0.147067853853239
"366960",0.371190588978367
"366962",0.234075666061437
"366988",0.114013006083491
"366990",0.829943873460165
"366992",0.663991439272338
"366995",0.0877296278850683
"366998",0.798947877615189
"367021",0.100571065989848
"367033",0.0980593490091385
"367038",0.684727681078046
"367039",0.0831492682121256
"367056",0.123676063223073
"367074",0.878094686549877
"367080",0.647924392869961
"367085",0.0479481311975591
"367086",0.326770126091174
"367090",0.104288499025341
"367092",0.12015733378447
"367100",0.266343552750225
"367106",0.377768662838392
"367112",0.0900027314941273
"367113",0.102348099733721
"367146",0.133213225943196
"367152",0.636836886465047
"367153",0.111818825194621
"367160",0.260313630880579
"367166",0.123713380839272
"367167",0.117217898832685
"367175",0.394736842105263
"367176",0.719193639977286
"367181",0.276367072162513
"367191",0.087839692561076
"367195",0.246156821038383
"367215",0.673629242819843
"367216",0.392407762849222
"367218",0.148801204171594
"367235",0.111282248748556
"367236",0.268050324545236
"367251",0.279310344827586
"367264",0.848234865946864
"367298",0.708762345030469
"367302",0.140240476458029
"367304",0.18077144502015
"367306",0.537342386032978
"367308",0.151761517615176
"367313",0.271123755334282
"367315",0.306026994520914
"367316",0.748783724015922
"367318",0.371519490851233
"367323",0.0962945197265859
"367324",0.341133004926108
"367332",0.307610993657505
"367345",0.435897435897436
"367384",0.127310388782664
"367415",0.379817444219067
"367455",0.417800624937002
"367515",0.28229129344321
"367620",0.835260858391159
"367645",0.340526781761842
"367699",0.544943235079679
"367701",0.526753434562545
"367714",0.100418410041841
"367733",0.135704419889503
"367745",0.452251947172367
"367746",0.258760337624691
"367749",0.374273181679078
"367753",0.429902115566782
"367782",0.176234567901235
"367785",0.377021276595745
"367786",0.269558056546802
"367793",0.221015321289732
"367797",0.686190882380817
"367808",0.30594131774042
"367838",0.0897119341563786
"367846",0.0990220048899756
"367858",0.351935547258794
"367869",0.594594594594595
"367901",0.114996571652464
"367902",0.0907765979596086
"367912",0.290606717938605
"367915",0.117731514716439
"367930",0.100212249848393
"367944",0.350793886333284
"367949",0.0953066513101065
"367956",0.271738273551439
"368066",0.378934501375166
"368084",0.0571530347707348
"368128",0.189145896072275
"368158",0.510324483775811
"368175",0.909411050394657
"369017",0.391304347826087
"369018",0.421333452898713
"373540",0.405363853775196
"378461",0.461538461538462
"378467",0.161042944785276
"378774",0.118128893882137
"378794",0.163332976788961
"378947",0.173794549266247
"379044",0.678300455235205
"394266",0.0933386517750299
"396527",0.505741659305565
"399475",0.377768662838392
"399489",0.0956162642947903
"404641",0.722549415086728
"404660",0.0955223880597015
"404781",0.0650204462677343
"404833",0.507592418054247
"404894",0.271312003435688
"404903",0.353072938541229
"404958",0.37923364674957
"405014",0.375
"405020",0.360474356623265
"405032",0.392407762849222
"405033",0.480718475073314
"405048",0.378934501375166
"405085",0.504713949003643
"405122",0.377837391663227
"405143",0.37923364674957
"405167",0.384615384615385
"405188",0.4
"405196",0.384615384615385
"405199",0.476944551405468
"405213",0.628682601445247
"405216",0.384615384615385
"405304",0.378934501375166
"405305",0.423076923076923
"405335",0.56037788794313
"405352",0.394736842105263
"405353",0.377837391663227
"405391",0.379817444219067
"405398",0.377627324171382
"405920",0.37923364674957
"405942",0.377837391663227
"405961",0.435350261120115
"405967",0.371205007824726
"405982",0.53117843931654
"405991",0.384615384615385
"405993",0.668817204301075
"405996",0.377627324171382
"406005",0.429584775086505
"406013",0.377627324171382
"406015",0.384615384615385
"406018",0.377837391663227
"406035",0.378934501375166
"406039",0.37923364674957
"406161",0.19047619047619
"406162",0.0722066057624736
"406163",0.24355250929368
"406166",0.20400025725127
"406168",0.0689146542261251
"406170",0.151357133306592
"406194",0.377627324171382
"406195",0.198985915492958
"406196",0.0935520681749181
"406226",0.733313060665957
"406227",0.375
"406228",0.439781644489935
"406230",0.130091185410334
"406864",0.100819074574381
"406865",0.552217036172695
"406866",0.784975503538378
"406867",0.409090909090909
"407756",0.553540420605827
"407757",0.364316181631661
"407758",0.0735787995359345
"407760",0.920457042408262
"407761",0.429902115566782
"407764",0.0968055555555556
"407765",0.0981456354590683
"407781",0.786146958124835
"408031",0.435448747861254
"408199",0.142857142857143
"408206",0.547709022201228
"408212",0.394736842105263
"408216",0.428571428571429
"408218",0.7344905505341
"408222",0.62046204620462
"408230",0.742613856276609
"408233",0.390728476821192
"408241",0.461538461538462
"408243",0.0955540037243948
"408244",0.392282272678819
"408245",0.378934501375166
"408246",0.273536072468457
"408247",0.384615384615385
"414270",0.233272107058515
"414779",0.429844097995546
"414783",0.148151820908843
"414784",0.189761260152597
"414785",0.908148031743537
"414786",0.129367847744936
"414788",0.133998790078645
"414789",0.296505334776558
"414790",0.219687826856545
"414791",0.597541576283442
"414792",0.310959806720843
"414793",0.40245650927165
"414819",0.395932193899691
"414826",0.668318719024018
"415057",0.672069355446664
"415062",0.444887824776093
"415064",0.0835576923076923
"415065",0.766993507353915
"432361",0.161036557149468
"432363",0.189174986862848
"444982",0.0755370330646891
"444983",0.158983101840245
"444985",0.435963241990231
"444986",0.34108289996941
"445269",0.15952679691701
"445371",0.845601436265709
"445415",0.482019247003208
"445442",0.320396722725313
"445583",0.378934501375166
"446170",0.958176134526248
"448830",0.142488629420949
"450222",0.394736842105263
"450223",0.375
"450225",0.0778474767409078
"450226",0.378934501375166
"450227",0.708836206896552
"450229",1.01927091697447
"450230",0.582301001581444
"450231",0.310337683861612
"450235",0.327531977353743
"474143",0.333191126279863
"474146",0.959595959595959
"474169",0.421052631578947
"474348",0.232940051020408
"492821",0.419210829493088
"493574",0.0925770699450498
"493810",0.126921449725004
"493865",0.559110811721118
"493909",0.338680053875352
"494021",0.0689941237469755
"494125",0.128112780407491
"494192",0.119775267024758
"494193",0.377837391663227
"494194",0.54180148209999
"494198",0.602859778597786
"494199",0.255044136191677
"494200",0.487334304948296
"494201",0.929165243138595
"494202",0.599752849100645
"494204",0.378934501375166
"494206",0.632042052336876
"494207",0.442271982523211
"494209",0.4
"494219",0.0650791573989271
"494222",0.535973473473473
"494244",0.484798977127433
"494247",0.569925941826768
"494267",0.394736842105263
"494269",0.375
"494286",0.391304347826087
"494303",0.500419023674838
"494305",0.4575760618536
"494320",0.126939655172414
"494321",0.375
"494322",0.101563461775206
"494338",0.149924159770084
"494343",0.556282875511397
"494344",0.102142601218201
"494346",0.0811971733407233
"494445",0.0645149760526128
"494500",0.493371919342793
"494520",0.550860177808567
"494527",0.37923364674957
"494538",0.375
"497009",0.0930017469941424
"497010",0.112417118746233
"497040",0.166575695926165
"497078",0.151515151515151
"497083",0.307942708333333
"497099",0.5625
"497101",0.167730702263494
"497194",0.664877455944906
"497197",0.649217739089519
"497227",0.651162790697674
"497651",0.362079453464976
"497672",0.275942298743602
"497756",0.325373532550694
"497757",0.108371322005802
"497761",0.393519974834854
"497770",0.0727695827088428
"497798",0.0942822384428224
"497811",0.216450860743166
"497840",0.215088833576517
"497848",0.906314927910344
"497856",0.346283536138396
"497857",0.0650731810045277
"497859",0.471827535521803
"497860",1.02311857065512
"497861",0.391304347826087
"497865",0.241643883940383
"497882",0.205852469010364
"497886",0.1462836056932
"497888",0.379817444219067
"497891",0.792907151737224
"497892",0.074453380246293
"497895",0.183031061079842
"497896",0.115273944447707
"497897",0.0926883308714919
"497899",0.198759689922481
"497904",0.502560273095797
"497906",0.541314212088959
"497907",0.753968253968254
"497912",0.794508901780356
"497913",0.0919272048530098
"497918",0.0638853934759462
"497919",0.925449871465296
"497921",0.290733130054355
"497926",0.0924950625411455
"497929",0.543415087760084
"497931",0.214519650655022
"497932",0.142812250028568
"497933",0.141119638207483
"497936",0.187856772184743
"497937",0.629798903107861
"497938",0.59079283887468
"497940",0.180527650604394
"497942",0.128391793514229
"497943",0.244977511244378
"497946",0.607464839523981
"497948",0.150744960560911
"497954",0.0828818892529276
"497955",0.536546888694128
"497957",0.406309926034152
"497958",0.102902374670185
"497959",0.103407454807231
"497962",0.0739979445015416
"497970",0.461538461538462
"497974",0.0846601741639615
"497976",0.131558339859045
"497978",0.0944347488850107
"497979",0.113960113960114
"497983",0.0921290322580645
"497987",0.377627324171382
"497990",0.185475444096134
"498000",0.0794958456555415
"498001",0.268744354110208
"498002",0.110618836644276
"498004",0.441122884403318
"498005",0.650014867677669
"498006",0.190501412429379
"498011",0.0868236134820755
"498013",0.0740286562540338
"498014",0.104587234773645
"498015",0.0819055578771417
"498022",0.555345316934721
"498028",0.280851396822913
"498029",0.102108768035516
"498033",0.914493082331594
"498034",0.0925277082588487
"498036",0.622360551690467
"498038",0.341708542713568
"498060",0.14925033429116
"498063",0.379817444219067
"498065",0.361940802811191
"498066",0.111143677824023
"498067",0.519038850621746
"498072",0.17860107145552
"498073",0.545047015088563
"498075",0.391304347826087
"498079",0.686096377384042
"498081",0.0900514579759863
"498085",0.942857142857143
"498088",0.619915282727089
"498089",0.149582493521451
"498102",0.19619820913644
"498109",0.0795342504342927
"498115",0.532929598788796
"498119",0.170384138785626
"498128",0.429624289033085
"498130",0.0927075252133437
"498131",0.0833684210526316
"498133",0.346277450455276
"498140",0.0701749387429483
"498143",0.393626002532714
"498146",0.61376545272302
"498153",0.0972947318462269
"498157",0.463913620003789
"498159",0.107530472532977
"498166",0.124026363091672
"498176",0.143505832615674
"498179",0.103137396321673
"498184",0.0878976398152899
"498185",0.148756660746004
"498188",0.0734403605126039
"498189",0.108898497951752
"498190",0.534890225143337
"498193",0.0860215053763441
"498194",0.0737957328249872
"498206",0.0750705291405766
"498211",0.14454854318954
"498222",0.663193948908235
"498226",0.175107511168636
"498229",0.289454842998875
"498230",0.375
"498232",0.743477718137561
"498233",0.10880829015544
"498236",0.717194805194805
"498241",0.432402674007078
"498246",0.456826031630613
"498251",0.630337486391678
"498256",0.122166666666667
"498257",0.092404541537078
"498265",0.240947223107147
"498267",0.661366609640737
"498269",0.121867992590426
"498270",0.356592405772734
"498273",0.118041118041118
"498274",0.444606413994169
"498275",0.889633747547417
"498276",0.139391179914141
"498278",0.352725942188072
"498281",0.122069523039612
"498282",0.185631996522117
"498284",0.644689468946895
"498286",0.624203821656051
"498287",0.634735341293887
"498289",0.205710491367862
"498299",0.704014379868184
"498300",0.455962712954034
"498305",0.164306661080855
"498309",0.136917136917137
"498310",0.139388934764657
"498316",0.313234142521535
"498327",0.240456769983687
"498330",0.708044752264251
"498331",0.0967741935483871
"498335",0.5
"498344",0.44640282751244
"498345",0.522929328444422
"498350",0.723908594815825
"498352",0.265109121432569
"498355",0.444768856447689
"498356",0.215987021606076
"498360",0.257181208053691
"498365",0.37372904644133
"498368",0.101720906457659
"498369",0.201192790536756
"498385",0.155322862129145
"498386",0.147142278070531
"498388",0.839851024208566
"498390",0.101003376289885
"498392",0.803422102148463
"498394",0.0650378861472702
"498399",0.509815176213982
"498400",0.431620309731104
"498406",0.0648301012739324
"498407",0.0552782054101606
"498415",0.201207795772715
"498418",0.107783072384842
"498420",0.108104414377477
"498423",0.073522155334057
"498431",0.28106228264306
"498433",0.0932534514196405
"498440",0.621944966672364
"498453",0.170138087101095
"498456",0.526136992073315
"498475",0.797508580144909
"498486",0.0989727162266652
"498489",0.113650909755875
"498491",0.377837391663227
"498492",0.811214953271028
"498497",0.850934976625584
"498514",0.129546809779368
"498515",0.0898310420820653
"498517",0.0891620633315179
"498523",0.384615384615385
"498528",0.123855373013736
"498529",0.145697933844214
"498533",0.254466762845411
"498534",0.55204280155642
"498546",0.0972110124652498
"498547",0.130815109343936
"498549",0.0686085104275029
"498555",0.168865435356201
"498559",0.071267398524453
"498564",0.0985654569637089
"498572",0.662553133141369
"498576",0.0840336134453781
"498579",0.507965358708436
"498580",0.26016664593956
"498582",0.247191011235955
"498583",0.45140562248996
"498587",0.182822288163534
"498604",0.733451711551741
"498605",0.31699480049074
"498607",0.36325613977254
"498608",0.177074422583405
"498609",0.71760391198044
"498622",0.433049147442327
"498633",0.375
"498638",0.526307518229821
"498642",0.373289651185199
"498650",0.215482291746347
"498654",0.472875816993464
"498658",0.378934501375166
"498659",0.568903285515965
"498664",0.617066815559278
"498666",0.36661138750691
"498675",0.157231759656652
"498683",1.12060733384263
"498685",0.05720823798627
"498686",0.587301587301587
"498689",0.394736842105263
"498690",0.457188700345213
"498693",0.346394984326019
"498695",0.102626711061783
"498697",0.0558601234830743
"498699",0.478856360212292
"498701",0.102196193265007
"498704",0.0932061978545888
"498709",0.209302325581395
"498729",0.301449275362319
"498731",0.156276595744681
"498735",0.554951033732318
"498741",0.101262504914595
"498744",0.699798522498321
"498749",0.110158013544018
"498750",0.331825719885421
"498753",0.739766474298752
"498754",0.257422095621639
"498757",0.772319070258848
"498764",0.128044862433553
"498767",0.375
"498769",0.459789875835721
"498781",0.4375
"498793",0.508038585209003
"498795",0.36198347107438
"498805",0.107255520504732
"498806",0.428819243668324
"498814",0.144888108819658
"498819",0.124053826745164
"498823",0.168516552456327
"498828",0.204665161775771
"498830",0.0906775343861437
"498831",0.0722751681099124
"498834",0.463282621416033
"498840",0.199063231850117
"498843",0.215649655067271
"498846",0.0527174643398798
"498847",0.0859047148852135
"498849",0.151306439269706
"498850",0.0930040649164094
"498858",0.0979746835443038
"498864",0.377837391663227
"498866",0.449242638065669
"498869",0.202844973077232
"498870",0.764100862641009
"498873",0.380012124361306
"498875",0.212782694198623
"498881",0.338338338338338
"498885",0.429472407519709
"498888",0.308375634517767
"498891",0.176331360946746
"498894",0.282253544516638
"498898",0.0683014711373311
"498902",0.050475837162996
"498911",0.843457943925234
"498914",0.809102141680396
"498918",0.37923364674957
"498922",0.346510931416592
"498933",0.391304347826087
"498934",0.142857142857143
"498941",0.466649886735464
"498943",0.726135144797998
"498944",0.587728121856589
"498949",0.0820060052894271
"498950",0.48
"498952",0.0576569861846834
"498953",0.0782386584485535
"498957",0.124424507142014
"498967",0.112903225806452
"498972",0.169232084829827
"498977",0.404208194905869
"498982",0.607099636950383
"498985",0.644237175216522
"498988",0.378682487725041
"498997",0.119328922495274
"498999",0.96243364638628
"499000",0.880268030329748
"499006",0.412814388084867
"499016",0.0494872240570137
"499017",0.483382869494731
"499018",0.131855309218203
"499022",0.125366568914956
"499027",0.377837391663227
"499056",0.152305924831774
"499057",0.748148148148148
"499065",0.378934501375166
"499067",0.094188376753507
"499068",0.158397287167589
"499071",0.0805296714075527
"499072",0.16800878477306
"499083",0.0552190472994513
"499084",0.117437722419929
"499088",0.100478468899522
"499090",0.0891351709766032
"499095",0.145047017905449
"499099",0.446268194487457
"499100",0.375
"499105",0.22384481255449
"499108",0.0974329296019181
"499113",0.150353356890459
"499123",0.5758046507112
"499126",0.435510887772194
"499132",0.481627199168584
"499133",0.287567329888974
"499135",0.441265060240964
"499146",0.92429874957756
"499147",0.5065755410583
"499149",0.50370589979247
"499150",0.377837391663227
"499152",0.617012847359783
"499155",0.119634429545284
"499156",0.111151280113057
"499158",0.391304347826087
"499171",0.114143567874911
"499174",0.546665505833188
"499179",0.0980645161290323
"499189",0.256630265210608
"499194",0.290238643966991
"499204",0.319485114690093
"499210",0.165921106140708
"499214",0.0883100381194409
"499223",0.353878350097887
"499229",0.754442189224798
"499235",0.121241819733805
"499240",0.79889238788142
"499241",0.140794009271366
"499244",0.595465393794749
"499253",0.2295309691126
"499254",0.143073211134719
"499256",0.5
"499260",0.69234592445328
"499263",0.208078464458975
"499264",0.238083354130272
"499265",0.501796453956104
"499270",0.0853070106278974
"499271",0.224825556400675
"499273",0.544856968959221
"499277",0.378934501375166
"499278",0.401385266578306
"499279",0.63181613339342
"499280",0.0797833046047771
"499281",0.108278941944349
"499282",0.357887874837027
"499285",0.301609657947686
"499288",0.0619215291750503
"499298",0.864220183486239
"499300",0.438865036400971
"499303",0.596539920436673
"499306",0.47238730250761
"499313",0.0686572632350247
"499322",0.236679058240397
"499328",0.203584558823529
"499330",0.112979012216769
"499331",0.126081582200247
"499334",0.723443854690839
"499335",0.120478137779176
"499337",0.115264430163316
"499342",0.0844180394274912
"499352",0.153868485992161
"499353",0.606924190136925
"499356",0.127367896311067
"499358",0.619274714356682
"499360",0.10026216510007
"499367",0.530205379393314
"499368",0.582781456953642
"499374",0.475408655577159
"499377",0.918073042235914
"499380",0.118368819920606
"499390",0.0782497149372862
"499400",0.703829140171413
"499401",0.116622379687039
"499413",0.454276704769413
"499415",0.12684894666069
"499418",0.0912686470916985
"499419",0.542591042277103
"499421",0.286327608982827
"499422",0.166921898928025
"499429",0.538119911176906
"499430",0.0920686456400742
"499431",0.565582959641255
"499442",0.240295748613678
"499445",0.206806282722513
"499461",0.701397877297437
"499463",0.311119081779053
"499465",0.212689901697945
"499469",0.606999105545617
"499470",0.142180400244916
"499486",0.102765303710707
"499497",0.0849210669569951
"499506",0.0787693650447305
"499508",0.0779652564209126
"499512",0.49474471666355
"499518",0.106286020640665
"499520",0.633941500144802
"499522",0.465310845089226
"499523",0.177584942556832
"499525",0.360784515069056
"499528",0.50930945086024
"499532",0.0885228546518869
"499536",0.210238716570047
"499537",0.169820594740723
"499539",0.136156907333712
"499558",0.116770508826584
"499563",0.228412653177543
"499566",0.202664129400571
"499567",0.0986883591877916
"499570",0.687272029180265
"499579",0.751075293158872
"499583",0.17128987517337
"499586",0.412687738175297
"499587",0.0515500216058768
"499588",0.193052844646859
"499589",0.559061053084957
"499602",0.0973807924781733
"499603",0.969489710955156
"499607",0.414946970319822
"499618",0.40140093110665
"499626",0.180350128509772
"499630",0.112541462644132
"499640",0.674618320610687
"499643",0.639087018544936
"499653",0.0701111020563388
"499655",0.095443023050168
"499656",0.206606309237516
"499660",0.962635596625151
"499668",0.312951712579868
"499670",0.506811547194291
"499675",0.780313403316598
"499688",0.0952851635860433
"499691",0.0712848925433179
"499697",0.120739891962678
"499702",0.362406139120389
"499709",0.153846153846154
"499716",0.0909175119262656
"499719",0.952424415288078
"499721",0.332349817065974
"499723",0.505246386707636
"499725",0.0976813024173656
"499731",0.117303370786517
"499732",0.215388808139535
"499745",0.208283416053397
"499746",0.413920056100982
"499747",0.0938361559669161
"499749",0.0952380952380952
"499754",0.596057642051818
"499758",0.123756445648211
"499759",0.63946445648709
"499762",0.0767372331108628
"499765",0.303881465321334
"499772",0.0930267418155654
"499776",0.155293312809988
"499780",0.0810065262732961
"499781",0.439566395663957
"499783",0.160521543908125
"499794",0.30566534914361
"499798",0.132390868277772
"499800",0.133596274073763
"499801",0.10358648331145
"499803",0.447228212609413
"499806",0.245885873049797
"499818",0.367873250838441
"499839",0.0839340885684861
"499846",0.112772837510105
"499847",0.528440366972477
"499848",0.272057801861887
"499856",0.353029922051798
"499864",0.125
"499865",0.516522210184182
"499867",0.598591549295775
"499870",0.147933816936996
"499873",0.38882011237025
"499877",0.062106458941902
"499882",0.0692169069462647
"499885",0.16582406471183
"499886",0.394736842105263
"499895",0.108459026589955
"499903",0.102306327616795
"499911",0.4
"499914",0.276951108411783
"499918",0.359493670886076
"499923",0.377627324171382
"499924",0.37923364674957
"499925",0.329087830376206
"499926",0.439114391143911
"499927",0.644540982559254
"499929",0.161924119241192
"499931",0.219524727039178
"499933",0.132819194515853
"499940",1.02763981861369
"499941",0.0969976905311778
"499943",0.156737407312708
"499947",0.260393873085339
"499949",0.63451293759513
"499951",0.698630136986301
"499952",0.630823229100191
"499953",0.585623372866647
"499957",0.112517791594876
"499958",0.471428571428571
"499964",0.667209113100081
"499966",0.0926125125785073
"499967",0.441617288253747
"499968",0.544110596132332
"499971",0.580161357054199
"499973",0.323165652034604
"499975",0.143162393162393
"499979",0.0480181335560261
"499980",0.631264178181068
"499985",0.316316316316316
"499990",0.0880359744125657
"499991",0.243700109563312
"499993",0.375
"499994",0.219467736055414
"500007",0.158904631806341
"500011",0.154724313820743
"500017",0.391304347826087
"500023",0.123419101613607
"500028",0.868181818181818
"500032",0.125821264570823
"500034",0.0930878777353248
"500037",0.523727230266231
"500039",0.662459720730397
"500040",0.154010369014944
"500046",0.144279661016949
"500047",0.263221153846154
"500048",0.677762757688408
"500050",0.467889908256881
"500052",0.486739469578783
"500057",0.154542349726776
"500059",0.129385744445561
"500060",0.391304347826087
"500066",0.190091174952692
"500068",0.173302317258656
"500076",0.258466842425472
"500077",0.1
"500085",0.55752998667259
"500087",0.0923509849066257
"500088",0.976030164287638
"500089",0.327566408941285
"500101",0.379817444219067
"500105",0.0749374329638899
"500108",0.106259097525473
"500110",0.0983757278577996
"500112",0.197685281295412
"500113",0.416666666666667
"500116",0.124026271574767
"500117",0.121012101210121
"500118",0.408532972149327
"500120",0.636583101207057
"500123",0.588453538703693
"500124",0.168627450980392
"500131",0.178043185952701
"500132",0.0959055699004057
"500133",0.108919634972034
"500137",0.102631578947368
"500139",0.388159224085674
"500148",0.7004783196423
"500152",0.54352040321799
"500153",0.115575361173004
"500156",0.375
"500157",0.770613763174209
"500159",0.377768662838392
"500180",0.394736842105263
"500181",0.377627324171382
"500200",0.192752740560292
"500219",0.0511191772534785
"500221",0.163982750150117
"500223",0.375
"500224",0.60724416321187
"500225",0.102419767526866
"500230",0.249510124101894
"500235",0.0957166786312515
"500237",0.605389096962131
"500243",0.263527054108216
"500245",0.366095403569736
"500247",0.179243452958293
"500249",0.149781659388646
"500252",0.0906307409675444
"500253",0.405505670081362
"500257",0.602308499475341
"500258",0.127247579529737
"500262",0.178821697378666
"500266",0.119424760316799
"500267",0.325324363286881
"500270",0.431477422183253
"500280",0.102733270499529
"500282",0.0889780631353665
"500286",0.684836272040302
"500287",0.0568964512557543
"500292",0.414719626168224
"500294",0.394736842105263
"500300",0.24167392476463
"500303",0.163300678221552
"500304",0.0941728804197735
"500306",0.5
"500308",0.0886511393044247
"500316",0.203968192696673
"500317",0.140418161573673
"500318",0.763867739830324
"500319",0.393123270172451
"500324",0.183317674078714
"500331",0.275940614195648
"500336",0.630409603032537
"500337",0.142498255408234
"500340",0.591430209229005
"500348",0.391304347826087
"500349",0.493420757174294
"500354",0.763623216985473
"500356",0.375
"500359",0.5065755410583
"500361",0.132351065186886
"500362",0.445529676934636
"500364",0.0842557991962208
"500366",0.529950869236584
"500367",0.0532093707322198
"500371",0.517572517572518
"500377",0.0937418172296413
"500378",0.0777670216198774
"500390",0.124305801725157
"500392",0.272422010398614
"500394",0.0804284323271665
"500402",0.186832740213523
"500409",0.44640282751244
"500413",0.113861386138614
"500415",0.655802155992391
"500420",0.142148760330579
"500430",0.0959298341784295
"500432",0.807370184254606
"500434",0.491722869405273
"500441",0.12100113598886
"500442",0.253405994550409
"500445",0.678683385579937
"500449",0.378934501375166
"500450",0.0976377952755905
"500451",0.384615384615385
"500453",0.57503612991557
"500462",0.263696939782823
"500464",0.105636202548899
"500474",0.62158956109134
"500475",0.143736680085247
"500485",0.375
"500501",0.126760563380282
"500502",0.353263753759066
"500505",0.475112688213292
"500511",0.313174708085481
"500514",0.347504137991114
"500516",0.595660749506903
"500527",0.0757673426885506
"500528",0.127650044789489
"500531",0.157929787841309
"500534",0.513069139966273
"500536",0.090169992609017
"500537",0.111499553704255
"500540",0.138497280743439
"500545",0.167061611374408
"500546",0.0958191449110859
"500552",0.185392096006621
"500553",0.0948264740033544
"500554",0.246727684283043
"500558",0.0687464930984177
"500561",0.216292872524817
"500562",0.452673620535887
"500563",0.208559272545257
"500564",0.106478102189781
"500566",0.156164093888771
"500567",0.755233339734972
"500568",0.632131446827933
"500572",0.0728878787096108
"500573",0.124257158292815
"500574",0.91247395058053
"500576",0.580792130468548
"500577",0.288329519450801
"500578",0.14623499454347
"500582",0.335247114530926
"500584",0.272187592757495
"500585",0.25812274368231
"500587",0.0493398343113566
"500590",0.193251533742331
"500592",0.261259890444309
"500595",0.110268012530456
"500598",0.571583396553593
"500606",0.171525084448893
"500608",0.159357628165534
"500612",0.375
"500620",0.61438202247191
"500622",0.334014346681195
"500624",0.370466321243523
"500625",0.106062772574534
"500633",0.233515329693406
"500637",0.720665083135392
"500638",0.639005439005439
"500640",0.0639561643835617
"500650",0.414244878513578
"500651",0.11672818702188
"500655",0.80842151675485
"500665",0.547277936962751
"500666",0.177700348432056
"500668",0.0942324755989352
"500679",0.226434638491817
"500685",0.123672602515929
"500688",0.277103415446864
"500692",0.18866342445078
"500693",0.0956026197159139
"500697",0.479495268138801
"500700",0.0937597019559143
"500705",0.515730961645358
"500707",0.332214765100671
"500717",0.153539062272343
"500724",0.575058149937377
"500726",0.0661907445675997
"500727",0.0982600442897817
"500750",0.13033318909563
"500762",0.101510574018127
"500789",0.313810556760665
"500790",0.0938799762329174
"500797",0.459193857965451
"500798",0.163794937247394
"500800",0.638699153838312
"500801",0.093812375249501
"500804",0.716963448922212
"500817",0.494026284348865
"500818",0.0981539846915804
"500820",0.645418326693227
"500823",0.30009009009009
"500825",0.51800951446047
"500826",0.105324627063758
"500827",0.695035460992908
"500832",0.0797302407664188
"500841",0.178181818181818
"500853",0.425592417061611
"500864",0.163898117386489
"500870",0.204838202953189
"500871",2.97690086621752
"500873",0.745661874070402
"500874",0.110047846889952
"500875",0.55241935483871
"500876",0.617060307268975
"500881",0.340926157697121
"500882",0.526478905977608
"500885",0.324418895276181
"500889",0.137685134393856
"500892",0.371014492753623
"500893",0.154065620542083
"500895",0.691477053605862
"500896",0.269217269217269
"500902",0.429584775086505
"500904",0.31023881023881
"500906",0.101671187330475
"500907",0.155424753420299
"500909",0.118465227817746
"500910",0.714285714285714
"500911",0.258850964596142
"500913",0.0746225913349425
"500914",0.985971446306642
"500917",0.445959970348406
"500921",0.115083251714006
"500923",0.563940520446097
"500925",0.102370003537319
"500926",0.62761131670049
"500927",0.635315860215054
"500931",0.401385266578306
"500938",0.553387134321409
"500944",0.861987880980374
"500945",0.496174863387978
"500946",0.367236880255146
"500950",0.117032577903683
"500959",0.164556061468412
"500961",0.623488120950324
"500972",0.1
"500973",0.139370691572159
"500974",0.13013393760369
"500982",0.6243
"500986",0.27399958532034
"500987",0.0835509138381201
"500990",0.377627324171382
"500991",0.111725796752856
"500992",0.285190615835777
"500993",0.138144661678333
"500995",0.4162342903263
"500996",0.0888888888888889
"500997",0.432402674007078
"501002",0.0744643484369512
"501003",0.252794096575441
"501005",0.234265734265734
"501023",0.128846579588222
"501028",0.700946372239748
"501031",0.256294072668574
"501033",0.247463410254108
"501036",0.383163571000599
"501039",0.0913814302145718
"501042",0.531874257987921
"501043",0.657596591459282
"501046",0.469745532245532
"501047",0.251406752411576
"501048",0.084678824486003
"501049",0.100829392007677
"501056",0.623412155559898
"501058",0.269450720135555
"501059",0.103370533198061
"501061",0.233935688158541
"501065",0.199795344077769
"501070",0.357714285714286
"501072",0.151724137931034
"501084",0.405573479997994
"501095",0.116660454714871
"501096",0.612631166029224
"501097",0.354794520547945
"501100",0.351538461538462
"501105",0.543235572374645
"501110",0.105603145625614
"501116",0.135914613375724
"501121",0.793019752259792
"501125",0.23155011279407
"501126",0.261412082770095
"501127",0.126760563380282
"501129",0.792233787029624
"501138",0.538209185642609
"501143",0.496931238947259
"501145",0.101285500747384
"501146",0.0508328283106532
"501147",0.384615384615385
"501150",0.422619047619048
"501157",0.0720843559676393
"501158",0.576915342851397
"501160",0.330805953383881
"501164",0.0970277573077868
"501176",0.223734729493892
"501177",0.657697687813709
"501183",0.315433060201801
"501185",0.375
"501194",0.098
"501196",0.535276073619632
"501199",0.892036017134365
"501201",0.0869653629770216
"501204",0.332973415742051
"501206",0.483556800747115
"501231",0.128440366972477
"501232",0.288154897494305
"501283",0.406847056541558
"501285",0.0844140249759846
"501406",0.152072072072072
"501467",0.30390823626796
"501502",0.998414585810543
"501506",0.115222795945688
"501512",0.203396019718824
"501516",0.54675640842045
"501520",0.434466660794504
"501526",0.123213175885643
"501539",0.185714285714286
"501546",0.0570840455055044
"501550",0.116839762611276
"501552",0.257667513186169
"501555",0.200873362445415
"501558",0.469613259668508
"501559",0.157654022060802
"501560",0.0987406461033035
"501563",0.10439756882374
"501568",0.430113977204559
"501569",0.110373302685906
"501570",0.366057137313867
"501584",0.0957923460450074
"501592",0.424057697261097
"501624",0.109182935647144
"501625",0.0757517838939857
"501630",0.116061637906158
"501644",0.835824879871863
"501647",0.13323833273958
"501658",0.155988857938719
"501659",0.174821330401319
"501661",0.157476899049933
"501664",0.0671302767682415
"501665",0.0978459581909228
"501675",0.29325410695561
"501699",0.14940041890119
"501702",0.0889086463658591
"501712",0.254564102564103
"501736",0.215910585141354
"501740",0.560548722800378
"501742",0.375
"501745",0.70185016681832
"501747",0.642082429501085
"501794",0.391304347826087
"501795",0.0814297401044616
"501797",0.377627324171382
"501828",0.454669084315503
"501854",0.0903532608695652
"501861",0.592779601110831
"501864",0.487179487179487
"501869",0.136968375136314
"501872",0.109990855052583
"501907",0.37923364674957
"501925",0.0816434181221428
"501926",0.0821403006442377
"501934",0.526800058419746
"501996",0.454824453719617
"501998",0.643094204748532
"502017",0.130764411027569
"502020",0.100124830958078
"502083",0.632109004739337
"502086",0.246888137828703
"502091",0.0843309485018063
"502113",0.57875698783295
"502115",0.687152057635629
"502125",0.724743083003953
"502128",0.384615384615385
"502129",0.591831905730917
"502143",0.684920940994987
"502160",0.255301455301455
"502201",0.226182690211467
"502208",0.118375610337025
"502225",0.117056376416583
"502285",0.851166701702754
"502286",0.377837391663227
"502291",0.496361431170406
"502292",0.230580137659784
"502300",0.275062193236065
"502301",0.461538461538462
"502308",0.478783096615816
"502316",0.0816796990262614
"502320",0.13528956033314
"502338",0.718330441136177
"502348",0.331895083456342
"502353",0.573389651531151
"502367",0.109929658105676
"502372",0.336419160296547
"502380",0.729061675065995
"502389",0.0642422806601911
"502479",0.0601780415430267
"502504",0.481366459627329
"502510",0.609670108285067
"502541",0.105844189818448
"502570",0.772762797967956
"502584",0.240530467192511
"502585",0.385595126847333
"502595",0.774834437086093
"502596",0.881623877576831
"502603",0.0872929676893836
"502617",0.624978114969361
"502618",0.524038461538462
"502632",0.0822372464658881
"502640",0.262310833533509
"502663",0.0850460175766383
"502684",0.648971193415638
"502689",0.349380335995593
"502694",0.201499250374813
"502710",0.0566552520949915
"502715",0.552408372889269
"502725",0.394736842105263
"502727",0.0859333214476734
"502731",0.636986301369863
"502733",0.194513715710723
"502736",0.375861370085124
"502741",0.629872636047858
"502750",0.293212420994779
"502755",0.394736842105263
"502769",0.375
"502774",0.8579963633215
"502776",0.093984962406015
"502782",0.0650977415069273
"502784",0.251671025864574
"502815",0.393519974834854
"502831",0.391304347826087
"502857",0.375
"502858",0.377837391663227
"502859",0.447435897435897
"502872",0.0548956228956229
"502887",0.370967741935484
"502900",0.37923364674957
"502901",0.501059322033898
"502902",0.745477230193387
"502907",0.377627324171382
"502908",0.394736842105263
"502916",0.07657047929613
"502918",0.577650380764952
"502919",0.187488293687957
"502935",0.0866161616161616
"502946",0.791384615384615
"502957",0.0794957100332691
"502959",0.391304347826087
"502961",0.500634786288616
"502987",0.576374692715746
"502988",0.0920923859855158
"502992",0.347047580726285
"503000",0.0995708836617927
"503006",0.37923364674957
"503009",0.108304681301243
"503029",0.377837391663227
"503049",0.236567553468962
"503103",0.674605229096557
"503122",0.606000090772931
"503127",0.377627324171382
"503139",0.826341255915351
"503162",0.498921484037964
"503164",0.436215217779896
"503169",0.177732621331695
"503183",0.606676028951064
"503194",0.427505595622979
"503208",0.273316809832615
"503214",0.205040871934605
"503227",0.868556701030928
"503229",0.391304347826087
"503257",0.109668535457854
"503306",0.122216599190283
"503429",0.79009318293281
"503442",0.391304347826087
"503444",0.540334302325581
"503446",0.375
"503462",0.619799139167862
"503568",0.167501527183873
"503651",0.377627324171382
"541457",0.211779066219103
"541589",0.0852248794870595
"548106",0.13252465706836
"548326",0.371678743961353
"553106",0.0996588918595003
"553129",0.550717291022457
"554172",0.103852596314908
"554302",0.675271739130435
"554353",0.151518664502666
"574523",0.482982518729932
"574531",0.224125560538117
"613267",0.739433729995897
"619382",0.077319587628866
"619393",0.114294222751638
"619476",1.265856
"619549",0.136141636141636
"619550",0.126678657074341
"619558",0.0936098290320484
"619561",0.113781606001667
"619566",0.130164776020535
"619582",0.0561122244488978
"641315",0.107857358718646
"641386",0.0952012383900929
"641519",0.392071881606765
"641520",0.143859522867115
"641525",0.0586284516384006
"641603",0.11055421686747
"641627",0.444002838892832
"641632",0.394736842105263
"641640",0.602312511516492
"641642",0.6288532675709
"641644",0.515151515151515
"641650",0.594642857142857
"641657",0.377837391663227
"652928",0.102331403536223
"652957",0.162011173184358
"654441",0.204470422687666
"654482",0.170834835622275
"654517",0.691176470588235
"664630",0.384615384615385
"678704",0.107520100898628
"678708",0.506326376121985
"678726",0.113711166412459
"678739",0.0803094693254876
"678741",0.0522701083198894
"678743",0.227807053100932
"678760",0.453720050441362
"678769",0.0851856375183195
"678772",0.0873493975903614
"679082",0.114677972945689
"679110",0.115591750952318
"679119",0.76044226044226
"679135",0.0696965876617919
"679149",0.516694963214488
"679155",0.155050847457627
"679158",0.173934807573393
"679168",0.111737807948754
"679247",0.544783010156971
"679312",0.709932991722507
"679342",0.205776173285199
"679346",0.115595525334503
"679357",0.0935850263957767
"679383",0.116560877091748
"679462",0.0952277184571802
"679504",0.10679164105716
"679509",0.449603933351543
"679519",0.229584098347569
"679534",0.15237515225335
"679539",0.127011973159072
"679552",0.513028816676885
"679565",0.232173459503763
"679566",0.148756243509223
"679571",0.565810723514212
"679572",0.113738913956745
"679578",0.0546630604796663
"679583",0.698214835333949
"679584",0.359528270693266
"679586",0.660806375996249
"679594",0.550086730268864
"679600",0.208076533897526
"679629",0.186902654867257
"679640",0.115507338864071
"679641",0.231245776075693
"679651",0.0530399853934636
"679663",0.4375
"679682",0.741268709907341
"679693",0.0819739547635367
"679701",0.598566308243728
"679711",0.177855841790268
"679739",0.0896125309150866
"679747",0.100017892288424
"679748",0.304281132338586
"679784",0.514846304774362
"679787",0.976873661670235
"679791",0.213895394223263
"679794",0.375
"679802",0.377627324171382
"679805",0.237150068838917
"679806",0.1580259222333
"679812",0.0689395807644883
"679819",0.324345146379045
"679825",0.597871744609353
"679834",0.522448074974671
"679837",0.0809985885673959
"679841",0.591958536202293
"679845",0.100993593933848
"679869",0.134713208209086
"679870",0.506826909401223
"679875",0.240434997528423
"679886",0.144558351454903
"679894",0.112847507813785
"679906",0.145547945205479
"679921",0.150468883205456
"679924",0.31073916207506
"679932",0.528545491224531
"679937",0.175842019799906
"679942",0.63479804704838
"679944",0.102077843535358
"679957",0.569720814103049
"679958",0.150806552457171
"679960",0.298996819182775
"679963",0.287735294117647
"679975",0.216598689902361
"679979",0.406388415672913
"679989",0.495950554134697
"679990",0.136708276876063
"680017",0.191449814126394
"680018",0.565015479876161
"680019",0.349781386633354
"680020",0.193907049143874
"680021",0.0580669929935694
"680026",0.484547774312447
"680047",0.0887886798320634
"680066",0.061530670380452
"680076",0.173504813002998
"680077",0.837718303470175
"680080",0.0802991353119888
"680089",0.161653355461052
"680102",0.435448747861254
"680110",0.0985388453314326
"680111",0.17880496054115
"680115",0.180137731061979
"680121",0.0948758584257792
"680122",0.106430402318065
"680127",0.214796283059328
"680130",0.117255043227666
"680155",0.124772644598036
"680177",0.325134635479463
"680178",0.614530171119784
"680188",0.421052631578947
"680200",0.261329687579118
"680201",0.112689954608249
"680203",0.138058409327023
"680210",0.401421252685507
"680216",0.165769831626454
"680224",0.375
"680229",0.061713710599753
"680244",0.414946970319822
"680246",0.377627324171382
"680254",0.144004944375773
"680258",0.140350877192982
"680262",0.107726864330638
"680264",0.189519413521586
"680266",0.0898033126293996
"680270",0.154792560801145
"680273",0.507477034821619
"680280",0.229017083436494
"680282",0.0701279197618601
"680308",0.0846223156630125
"680309",0.106766405984359
"680312",0.348057631176981
"680315",0.37923364674957
"680317",0.224242424242424
"680319",0.271769228701239
"680322",0.512618949110467
"680329",0.596988087210609
"680338",0.457971014492754
"680378",0.377627324171382
"680385",0.528530443098502
"680403",0.629139072847682
"680404",0.0739446992971676
"680415",0.480940794809408
"680419",0.0914201906624297
"680434",0.130012936610608
"680438",0.155244709428029
"680440",0.0802008873551886
"680445",0.0912596401028278
"680451",0.0804525455688246
"680456",0.12463768115942
"680460",0.693118686868687
"680465",0.106169723067785
"680466",0.109871012589789
"680476",0.101205857019811
"680477",0.139272271016311
"680486",0.574863295563448
"680489",0.493128411598467
"680491",0.1428735852676
"680493",0.117197787727153
"680498",0.655860995850622
"680515",0.325424306068002
"680522",0.757569616148514
"680523",0.35060121890957
"680531",0.167989245913013
"680551",0.259196378041879
"680558",0.112132352941176
"680562",0.706217228464419
"680575",0.382499819063473
"680576",0.0615816319478042
"680579",0.583101207056639
"680581",0.11185510428101
"680586",0.113289071556539
"680591",0.126232741617357
"680602",0.225003681342954
"680609",0.21875
"680611",0.626569729015202
"680620",0.776435045317221
"680627",0.394736842105263
"680647",0.149717514124294
"680663",0.445842744971496
"680665",0.504325118328709
"680668",0.0847492115169397
"680671",0.103991596638655
"680678",0.466961120474226
"680692",0.0888604353393086
"680700",0.625381186957542
"680712",0.368127425614489
"680717",0.0933547942055645
"680723",0.113975681083577
"680726",0.0763689171103961
"680728",0.724833962755567
"680734",0.377627324171382
"680751",0.091018444266239
"680752",0.129213286100102
"680770",0.0755028025057699
"680778",0.155017301038062
"680782",0.164001747487986
"680794",0.524772222474049
"680799",0.27422480620155
"680810",0.491441772550667
"680835",0.0843546484795652
"680844",0.178969729155603
"680858",0.421052631578947
"680860",0.365468998410175
"680862",0.377768662838392
"680867",0.170812681193304
"680874",0.101864483856298
"680875",0.097976845946426
"680883",0.125451263537906
"680885",0.597377049180328
"680899",0.344231134765254
"680906",0.213240954580447
"680912",0.391304347826087
"680915",0.0912586362270952
"680920",0.485294117647059
"680923",0.506260995550036
"680931",0.380752787325006
"680933",0.232044198895028
"680944",0.682112550245645
"680945",0.0952529783791734
"680955",0.738879159369527
"680959",0.461538461538462
"680964",0.755818501858009
"680987",0.101988997037664
"680990",0.784640522875817
"681004",0.109182872590913
"681006",0.391304347826087
"681021",0.102599448601812
"681031",0.159353348729792
"681033",0.763431903373594
"681037",0.223867456379062
"681048",0.714834491213731
"681050",0.221526418786693
"681056",0.936103076518538
"681062",0.0940272569285649
"681070",0.479020979020979
"681086",0.0943661971830986
"681092",0.478543947913584
"681096",0.0844598497978047
"681109",0.804016477857878
"681124",0.378225298930145
"681126",0.37923364674957
"681145",0.421052631578947
"681162",0.377805178791615
"681177",0.218611905380816
"681178",0.091503887729945
"681182",0.378934501375166
"681185",0.306290129502666
"681186",0.607081059496872
"681190",0.197868955209488
"681210",1.20767423649178
"681211",0.121366459627329
"681217",0.167462422634836
"681219",0.0640328092959672
"681224",0.0666146239916732
"681241",0.443400889767672
"681249",0.356376205202838
"681288",0.340227507755946
"681292",0.0829701307529289
"681300",0.222113979542133
"681303",0.873327237968581
"681305",0.449361539927578
"681309",0.0992575224697147
"681314",0.376064545047064
"681316",0.163955119214586
"681319",0.660190745319675
"681325",0.405505670081362
"681337",0.202115494568325
"681341",0.490566037735849
"681354",0.774364406779661
"681355",0.190820998828666
"681367",0.137744157163825
"681370",0.213297515110813
"681371",0.126410835214447
"681377",0.481660231660232
"681381",0.0988227206324654
"681383",0.261145055442408
"681386",0.416651139680765
"681389",0.0916075650118203
"681395",0.591436823922524
"681398",0.0839276436971615
"681408",0.542857142857143
"681429",0.0734644277507733
"681458",0.234771573604061
"681578",0.11013809363422
"681658",0.298206062931696
"681665",0.191844919786096
"681682",0.4375
"681694",0.274895321318041
"681740",0.0677097383328837
"681766",0.211123723041998
"681820",0.110122829309615
"681849",0.0745051914341337
"681896",0.173152652304841
"681901",0.564773980154355
"681908",0.123425692695214
"681924",0.351580135440181
"681936",0.114261650758001
"682006",0.487179487179487
"682010",0.632149901380671
"682033",0.122909090909091
"682102",0.506010786925726
"682138",0.59272547321539
"682147",0.264750779850003
"682206",0.122095540482032
"682225",0.593926247288503
"682329",0.48561803576056
"682357",0.140824044585987
"682404",0.123349339735894
"682408",0.388112989604116
"682416",0.446080408766976
"682431",0.18913383929647
"682507",0.130382196419932
"682787",0.248479582971329
"682829",0.571740316421168
"682837",0.377768662838392
"682865",0.0934070467860385
"682870",0.237618891439816
"682908",0.0951166180758018
"682930",0.43373665480427
"682934",0.513422818791946
"682937",0.0807943647627939
"682967",0.0936056581986143
"682978",0.130617136009587
"682999",0.0638516992790937
"683163",0.377627324171382
"683206",0.0636602432509988
"683282",0.384615384615385
"683404",0.473561026352289
"683410",0.390728476821192
"683415",0.097736700385707
"683422",0.491703539823009
"683456",0.249746501723788
"683460",0.0843664797571892
"683463",0.33662812383439
"683470",0.16978639066285
"683504",0.0938136456211813
"683506",0.859221765264157
"683514",0.621790757381258
"683522",0.19258115197188
"683573",0.385817060637205
"683581",0.375
"683598",0.497514667535854
"683603",0.151912978244561
"683613",0.318986235525453
"683713",0.0773616974614836
"683720",0.48
"683722",0.107415254237288
"683753",0.515003808073115
"683891",0.12399630498117
"683923",0.119073275862069
"683927",0.0922364672364672
"683961",0.541571830231624
"683980",0.875675675675676
"683983",0.111872146118721
"684015",0.145011907912146
"684024",0.117582718074925
"684028",0.112890725910617
"684050",0.230177421887266
"684085",0.11044776119403
"684111",0.125294791456101
"684122",0.125129202894145
"684158",0.69620253164557
"684173",0.188739946380697
"684179",0.375
"684233",0.126635398666996
"684270",0.0834753861253164
"684293",0.0891483643777222
"684297",0.141654812707444
"684327",0.0641802772632879
"684352",0.0866123399301513
"684372",0.498892988929889
"684381",0.760460251046025
"684395",0.465791055026182
"684425",0.255800367217493
"684427",0.548704318936877
"684439",0.277416356877323
"684440",0.493081255028158
"684441",0.0937692782233189
"684480",0.460043400320785
"684509",0.278546839522449
"684516",0.121739130434783
"684527",0.0771132642833278
"684529",0.115017409861844
"684538",0.277715565509518
"684545",0.391304347826087
"684555",0.455276012395609
"684623",0.205816804100735
"684681",0.107981220657277
"684709",0.520409285950049
"684762",0.289946576007771
"684771",0.441168864753039
"684773",1.0974930362117
"684785",0.128401604124893
"684792",0.203536754507628
"684797",0.614802990842645
"684828",0.408553118067538
"684830",0.228084986632897
"684871",0.385763490241102
"684903",0.110682662096544
"684932",0.509433962264151
"684961",0.139773340528872
"684969",0.173438758327842
"684976",0.38798737885959
"684979",0.722024983563445
"684980",0.0708798244009512
"684984",0.69397318780401
"684988",0.133383571966843
"684993",0.0773786179308181
"685001",0.718141346688926
"685004",0.0962360992301112
"685007",0.741038771031456
"685029",0.107770930407335
"685045",0.0620496736458422
"685046",0.6
"685055",0.207964601769912
"685067",0.218354772457032
"685068",1.03477697375527
"685069",0.540948275862069
"685072",0.0975303998997117
"685076",0.112533692722372
"685078",0.846599496221662
"685081",0.406881485527034
"685085",0.253301856696229
"685088",0.128019323671498
"685099",0.421703950499762
"685102",0.577074450639554
"685113",0.515151515151515
"685116",0.393685093884402
"685125",0.257335257335257
"685136",0.391304347826087
"685153",0.303068758652515
"685157",0.633720930232558
"685158",0.572825869984696
"685161",0.802325581395349
"685169",0.0772159862256217
"685170",0.502560273095797
"685173",0.377837391663227
"685180",0.891866028708134
"685183",0.307228915662651
"685190",0.405505670081362
"685199",0.882894736842105
"685202",0.253307064452575
"685226",0.740656112289864
"685227",0.502191380569759
"685229",0.530349667569564
"685233",0.053566219995539
"685243",0.258915486077186
"685244",0.0622645513874887
"685245",0.335128007911219
"685256",0.384615384615385
"685269",0.366908906540477
"685271",0.601300844578196
"685279",0.778087371877799
"685284",0.103945907760622
"685291",0.243064008394544
"685311",0.552368615840118
"685322",0.0784433488940273
"685332",0.059021561973976
"685351",0.686475712387421
"685355",0.677483598875351
"685357",0.178492094603423
"685360",0.70323488045007
"685365",0.643882143160397
"685378",0.829998869673335
"685385",0.25
"685398",0.103478773584906
"685402",0.447368421052632
"685425",0.133881824981301
"685431",0.100290785727267
"685433",0.112714156898106
"685440",0.36258637709773
"685448",0.0954809038192362
"685451",0.177234716245839
"685453",0.600664355863663
"685462",0.119848806121508
"685465",0.166197183098592
"685472",0.0904279587553609
"685474",0.099377200108313
"685487",0.0926965705817279
"685504",0.0843400447427293
"685513",0.541364050940783
"685524",0.377627324171382
"685545",0.145864301126828
"685560",0.5483
"685567",0.0943899109406488
"685580",0.460570636021399
"685587",0.104536060045687
"685596",0.518170096939019
"685610",0.137038578961976
"685611",0.121720185658805
"685612",0.258291457286432
"685619",0.055644945025476
"685621",0.691244239631336
"685645",0.550890157877057
"685646",0.24375
"685655",0.355494281045752
"685679",0.183100791336943
"685680",0.244016579756652
"685692",0.428130391355671
"685699",0.487784330244313
"685700",0.259697732997481
"685718",0.32678837983695
"685719",0.397103401818794
"685729",0.108358171882762
"685750",0.521836007130125
"685756",0.079435157724454
"685767",0.375
"685776",0.575107296137339
"685781",0.193307452105663
"685839",0.729682260897334
"685849",0.488266384778013
"685859",0.0997624703087886
"685860",0.64873430579822
"685868",0.22206800832755
"685881",0.42
"685882",0.122316572846102
"685894",0.801398215435563
"685899",0.0902451960344335
"685900",0.592787177203918
"685925",0.134765100671141
"685933",0.0611232845115904
"685936",0.279606899983414
"685940",0.504518236254763
"685963",2.29693967139094
"685984",0.394736842105263
"685989",0.169851887243192
"686008",0.532751091703057
"686013",0.720923717281678
"686019",0.227787973658642
"686030",0.314457028647568
"686048",0.391304347826087
"686050",0.801273362086671
"686066",0.672741155510308
"686074",0.26650496923805
"686075",0.715711434274309
"686087",1.96844338371785
"686092",0.717119764878766
"686095",0.375
"686104",0.184089962515618
"686106",0.646833013435701
"686117",0.143841424634301
"686120",0.481012658227848
"686132",0.271714922048998
"686140",0.2264
"686151",0.529691924826225
"686189",0.123656444137659
"686240",0.146135527170383
"686298",0.101018413743442
"686310",0.147596289007591
"686323",0.134576612903226
"686326",0.0524397776405188
"686412",0.416677838852393
"686432",0.520328364657593
"686506",0.0767046261323943
"686539",0.419637522405895
"686581",0.625558534405719
"686596",0.371967516447368
"686611",0.189629016687353
"686660",0.7
"686711",0.402555910543131
"686753",0.218637377724386
"686779",0.102537796976242
"686809",0.242018537590113
"686841",0.563581263975521
"686911",0.377768662838392
"686922",0.377627324171382
"686932",0.864320096269555
"686977",0.377768662838392
"687001",0.0542334498174648
"687030",0.755539499036609
"687064",0.0848122015537025
"687071",0.0661130489353318
"687105",0.45558263181214
"687399",0.111912979813827
"687403",0.969844020797227
"687424",0.0921497856981728
"687508",0.111170497060396
"687536",0.260416666666667
"687553",0.550211565585331
"687560",0.729109400769654
"687561",0.346785817238397
"687615",0.352393617021277
"687679",0.12916747275424
"687696",0.168693729268678
"687707",0.568594849586266
"687758",0.273138832997988
"687780",0.170351915291187
"687808",0.117189249720045
"687813",0.34864593781344
"687827",0.180434295948064
"687861",0.0963845848232022
"687866",0.316425120772947
"687992",0.719110267191103
"688047",0.635928143712575
"688111",0.596596103804768
"688126",0.57113326289678
"688146",0.119915922228061
"688155",0.449144811858609
"688163",0.310991840118689
"688173",0.129605435066632
"688228",0.361884175448077
"688276",0.32239548454989
"688280",0.114978902953587
"688282",0.578211973190958
"688283",0.164683961588075
"688285",0.246001321877065
"688286",0.150801006222693
"688292",0.456967213114754
"688293",0.0821303753228993
"688297",0.231327800829876
"688298",0.111160449970397
"688308",0.385657370517928
"688314",0.0963770089893762
"688320",0.636363636363636
"688324",0.085972850678733
"688328",0.402597402597403
"688333",0.5007136485281
"688340",0.763223810225431
"688386",0.215203591887289
"688389",0.718322909427843
"688390",0.251429968222928
"688394",0.421732283464567
"688400",0.143822393822394
"688405",0.080812781138514
"688407",0.0984564339296018
"688416",0.783790371724558
"688422",0.559423769507803
"688430",0.444392794886694
"688433",0.757984705353126
"688442",1.16937191249118
"688452",0.0864553314121038
"688459",0.414212248714352
"688470",0.399699576676226
"688473",0.381707794751273
"688478",0.0849911860992193
"688481",0.607310137169622
"688510",0.461932855738165
"688517",0.107363420427553
"688518",0.266109843150585
"688526",0.394296537935389
"688536",0.38135593220339
"688542",0.696902654867257
"688553",0.645979020979021
"688555",0.0902312217813654
"688570",0.375844089238396
"688581",0.12282309807516
"688600",0.311256898885765
"688605",0.456865817380839
"688606",0.496266334785314
"688611",0.124883570967973
"688618",0.112860892388451
"688621",0.225499396701971
"688622",0.464797507788162
"688634",0.0596777275332781
"688642",0.729694465586604
"688684",0.325510515086864
"688685",0.738919667590028
"688699",0.860390905464699
"688705",0.0538573937685416
"688708",0.526076191997444
"688717",0.109562638991846
"688730",0.189333084251821
"688737",0.541692789968652
"688746",0.0764604810996564
"688750",0.375
"688754",0.142466689443116
"688757",0.498693834900731
"688778",0.381807973048849
"688784",0.34086156419908
"688786",0.0950721153846154
"688790",0.29522586169985
"688800",0.199102276370632
"688801",0.195510229463342
"688802",0.391304347826087
"688812",0.591463414634146
"688815",0.204022191400832
"688822",1.05811334354446
"688841",0.0988805970149254
"688843",0.113516367476241
"688845",0.564742124614926
"688848",0.37923364674957
"688858",0.377837391663227
"688862",0.306572769953052
"688884",0.999567286888793
"688893",0.508988520684427
"688900",0.622956008017723
"688903",0.106094447989789
"688915",0.0606571187868576
"688924",0.377768662838392
"688932",0.213643737121312
"688948",0.377837391663227
"688968",0.0875602277704774
"688972",0.552745441434017
"688980",0.507592418054247
"688981",0.378934501375166
"688990",0.0531250765050065
"688996",0.456105934281511
"688999",0.378934501375166
"689004",0.377627324171382
"689008",0.222316373300466
"689025",0.193472409152086
"689029",0.534314381270903
"689030",0.0752191731078487
"689035",0.142883651883466
"689039",0.192888455918169
"689042",0.44417738818983
"689043",0.811641171895255
"689046",0.13463098134631
"689048",0.923612350526504
"689054",0.761561993881591
"689055",0.110758057194734
"689064",0.17814371257485
"689065",0.537123745819398
"689069",0.19130025310495
"689079",0.0857142857142857
"689081",0.190625
"689088",0.185636139050644
"689090",0.359174311926605
"689093",0.404233456637896
"689102",0.156786985256736
"689103",0.558134715025907
"689106",0.139920424403183
"689108",0.414946970319822
"689118",0.399924471299094
"689130",0.176396168443882
"689142",0.0956078166610405
"689151",0.54286858974359
"689153",0.324965132496513
"689174",0.111290373604125
"689176",0.0791071970847252
"689197",0.0849931955956947
"689207",0.120768688293371
"689210",0.204282066391672
"689230",0.378934501375166
"689232",0.692407809110629
"689248",0.178390137781001
"689253",0.141589238663154
"689256",0.253826752478692
"689257",0.083828069342199
"689258",0.591244820753017
"689268",0.218381586334109
"689271",0.615327747658945
"689274",0.720628887353144
"689284",0.09535717262649
"689296",0.247601535017589
"689303",0.189678669856749
"689314",0.110824742268041
"689316",0.137561779242175
"689322",0.500634786288616
"689364",0.0991695163654128
"689374",0.379817444219067
"689377",0.184749878581836
"689388",0.277777777777778
"689396",0.391304347826087
"689399",0.515716329450235
"689404",0.375
"689408",0.377898769913289
"689414",0.0870194137799772
"689415",0.0791358319407973
"689421",0.113328369322413
"689458",0.4
"689481",0.377627324171382
"689484",0.514705882352941
"689500",0.100880206799516
"689523",0.111400543146927
"689524",0.500634786288616
"689560",0.0741962322457954
"689561",0.154965004374453
"689576",0.116160813602415
"689582",0.194158486952358
"689588",0.401459304949601
"689613",0.121918083928751
"689616",0.0653971341988103
"689619",0.0873066598491627
"689621",0.701204819277108
"689623",0.0772957874935872
"689625",0.280160857908847
"689629",0.375
"689637",0.119038951583546
"689639",0.439658759883479
"689656",0.206425115337009
"689662",0.555009823182711
"689695",0.377627324171382
"689704",0.544183971849135
"689710",0.0745080787074068
"689711",0.500158344769344
"689712",0.384615384615385
"689717",0.391304347826087
"689721",0.346222161497472
"689755",0.085023853047394
"689757",0.432326335552142
"689770",0.585329341317365
"689786",0.246982108212977
"689788",0.124809741248097
"689790",0.457651415601481
"689800",0.719840035547656
"689823",0.147373885139918
"689830",0.579188818384497
"689844",0.0721315957349859
"689864",0.634661304511751
"689872",0.377627324171382
"689885",0.414635830169141
"689890",0.0916767189384801
"689897",0.663349091813884
"689899",0.110235851268345
"689907",0.512675542586175
"689909",0.151831549638911
"689914",0.288066226397544
"689917",0.327130852340936
"689918",0.585967808501857
"689926",0.478319563691344
"689931",0.220248667850799
"689932",0.707223952577112
"689933",0.261389880327525
"689936",0.569143356643357
"689938",0.0692942190330467
"689947",0.500703539344085
"689949",0.243517578665682
"689954",0.0581152621158647
"689955",0.106353591160221
"689959",0.34331589392026
"689961",0.483183117168608
"689963",0.595802098950525
"689965",0.428867993650018
"689966",0.606175514626219
"689968",0.798511312550667
"689972",0.375613665965334
"689986",0.311344608641906
"689991",0.0508857538876336
"689995",0.0792497931414912
"689996",0.235461757683124
"690020",0.25302777576329
"690026",0.67559314070942
"690028",0.391304347826087
"690032",0.152054794520548
"690035",0.136075949367089
"690037",0.331921917611598
"690038",0.112122591412532
"690041",0.755849440488301
"690050",0.0951697029253912
"690068",0.112929623567921
"690076",0.580999450851181
"690079",0.634065550906555
"690082",0.342812436220151
"690096",0.666666666666667
"690102",0.5019666604233
"690105",0.375
"690114",0.63135593220339
"690115",0.1604
"690116",0.657984144960362
"690120",0.428104575163399
"690130",0.0847822487166749
"690131",0.578901859057501
"690136",0.0936949630151462
"690137",0.101992658626114
"690138",0.37923364674957
"690139",0.0832428288506996
"690142",0.773573606271777
"690155",0.0855971296770887
"690158",0.593406593406593
"690161",0.163835233884105
"690164",0.165825522710887
"690183",0.0812186513096786
"690195",0.102914065784793
"690209",0.46288290677629
"690211",0.0505651575862688
"690235",0.826507689649214
"690237",0.174766599773144
"690246",0.447368421052632
"690251",0.453036991931801
"690252",0.0717982190311903
"690253",0.0580339672849652
"690262",0.080143358243099
"690263",0.13742437337943
"690276",0.284276522026068
"690282",0.691495650705177
"690285",0.104551451187335
"690286",0.108025736539113
"690288",0.443102352193261
"690294",0.0946361462248035
"690299",0.810642278112658
"690303",0.138359201773836
"690308",0.0611213652455445
"690315",0.100898240433124
"690323",0.242432581177766
"690326",0.431826727833346
"690329",0.346690679873931
"690343",0.123767426045563
"690344",0.081984041808595
"690348",0.375
"690349",0.0718510018536499
"690352",0.71527352297593
"690356",0.528855721393035
"690358",0.0676161233422617
"690366",0.116886208538327
"690368",0.291024120205615
"690369",0.400494819854647
"690374",0.14201798935324
"690384",0.379817444219067
"690393",0.949748743718593
"690410",0.497038437303088
"690414",0.578462649732137
"690416",0.788148636763413
"690419",0.175693101225016
"690422",0.107849393746011
"690423",0.333035315154224
"690442",0.309484376725185
"690468",0.134887275506305
"690470",0.943690296631473
"690475",0.444679351656096
"690479",0.912851139128511
"690483",0.475292960747357
"690489",0.0919076440260031
"690492",0.144040790312301
"690507",0.430702372562838
"690512",0.0810810810810811
"690521",0.523579029789657
"690528",0.450044736057262
"690538",0.171197007481297
"690544",0.191803465572275
"690547",0.405505670081362
"690559",0.261087470449173
"690566",0.528995857734609
"690599",0.130631166052538
"690610",0.648026694281441
"690617",0.64904663016802
"690625",0.483684992570579
"690657",0.606256815703381
"690661",0.149458717078688
"690675",0.803057881325082
"690729",0.377627324171382
"690743",0.325661336123151
"690745",0.313295423774709
"690746",0.550632911392405
"690751",0.0596755914435472
"690752",0.0802071636455302
"690755",0.133751353302057
"690758",0.419148151562644
"690781",0.394736842105263
"690784",0.507802441159808
"690795",0.124562191288729
"690810",0.133794225294835
"690816",0.402597402597403
"690825",0.148136246786632
"690845",0.0943205075726566
"690861",0.668481812241342
"690865",0.130914826498423
"690871",0.106924315619968
"690880",0.0938198064035741
"690888",0.758620689655172
"690893",0.2747917226552
"690894",0.708721248630887
"690899",0.0958823529411765
"690906",0.434774902516838
"690911",0.085096119057382
"690914",0.656852919067903
"690918",0.472932778108269
"690919",0.253180309734513
"690930",0.477763182585851
"690945",0.118549033070145
"690965",0.0904244894759534
"690971",0.393685093884402
"690976",0.154237420768448
"691000",0.486137975499678
"691001",0.102887090842221
"691002",0.105557859809208
"691018",0.279237351748987
"691033",0.59454432734036
"691041",0.139458086367485
"691042",0.0566534914361001
"691066",0.764309453471196
"691067",0.391304347826087
"691069",0.772497353252559
"691074",0.377768662838392
"691083",0.384615384615385
"691092",0.513333333333333
"691105",0.119445943515021
"691113",0.075449499215639
"691123",0.244323144104803
"691125",0.396669537754809
"691135",0.107833633384111
"691138",0.466457870276824
"691141",0.224829012247495
"691143",0.119586688953047
"691145",0.0861441267801692
"691153",0.173486360612109
"691161",0.484493670886076
"691162",0.611408804178254
"691170",0.0999520613614573
"691171",0.0840034880341052
"691172",0.149920891925062
"691173",0.982758620689655
"691189",0.487905369484317
"691196",0.375
"691215",0.556062389640965
"691221",0.125976187427986
"691223",0.580859037186509
"691228",0.300748430709802
"691246",0.248397435897436
"691254",0.15
"691259",0.678470080197409
"691275",1.08543189818576
"691280",0.0818597477001047
"691300",0.37923364674957
"691306",0.258512334677798
"691307",0.298478154148257
"691308",0.265542907180385
"691309",1.24593716143012
"691312",0.437876960193004
"691317",0.0913917232091987
"691354",0.558567279767667
"691362",0.752339812814975
"691375",0.578898514851485
"691379",0.1096547314578
"691380",0.0750410808836955
"691392",0.906651108518086
"691394",0.232771822358346
"691397",0.0815947118363974
"691408",0.40140093110665
"691411",0.378934501375166
"691414",0.13961057664612
"691416",0.60618052726532
"691418",0.206658378229037
"691422",0.154925701706109
"691426",0.0853634065096119
"691431",0.0496959893704597
"691446",0.519932978969263
"691447",0.249828884325804
"691448",0.87745995423341
"691455",0.220772125773947
"691464",0.589614987461277
"691484",0.124309392265193
"691485",0.659811104245741
"691488",0.764753739282809
"691496",0.947608481262327
"691499",0.142957425151802
"691504",0.110702614379085
"691517",0.0795196990885856
"691519",0.380891001369532
"691531",0.106765067650677
"691532",0.0936494845360825
"691533",0.62461467324291
"691538",0.141257966195622
"691543",0.198967741935484
"691546",0.562658227848101
"691551",0.377627324171382
"691556",0.154093097913323
"691572",0.289308176100629
"691610",0.162790697674419
"691636",0.693166242412375
"691644",0.13168330370573
"691657",0.165870201942346
"691665",0.176145945117277
"691675",0.524365760175214
"691688",0.543168931207874
"691693",0.375
"691703",0.154529307282416
"691716",0.616689324787985
"691722",0.320251679641676
"691729",0.117190961453257
"691736",0.377837391663227
"691750",0.0993540233113327
"691764",0.436937315944468
"691767",0.378934501375166
"691774",0.16379784641987
"691797",0.391304347826087
"691799",0.0880681818181818
"691835",0.0918963001115976
"691842",0.082246740220662
"691849",0.0946475195822454
"691857",0.171244080929832
"691889",0.0797957229492499
"691893",0.391304347826087
"691903",0.438095238095238
"691905",0.609593352637543
"691907",0.196761818063593
"691909",0.119596408405073
"691920",0.0616839509434793
"691921",0.103792415169661
"691931",0.18999662428266
"691932",0.406388415672913
"691937",0.498854019746121
"691947",0.0912408759124088
"691966",0.123543664295288
"691970",0.468400466616345
"691975",0.681378513201119
"691976",0.24130640405052
"691979",0.266504985179197
"691981",0.227316602316602
"691982",0.621706118803037
"691984",0.135640917405375
"691992",0.461673493270919
"691993",0.723895299746693
"691998",0.557201947745955
"692004",0.274870108903044
"692032",0.103680253264741
"751812",0.566616567942711
"767613",0.107138624422234
"791259",0.111426456071076
"100034253",0.0463855421686747
"100036765",0.0596596466062463
"100049583",0.101542159022632
"100124593",0.377837391663227
"100125361",0.163793103448276
"100125362",0.106421356421356
"100125363",0.279069767441861
"100125364",0.100421151146467
"100125366",0.17930029154519
"100125368",0.111004682843763
"100125369",0.377837391663227
"100125371",0.0945372204924993
"100125372",0.394736842105263
"100125374",0.104664805599385
"100125384",0.629807692307692
"100125595",0.37923364674957
"100134871",0.143274991744115
"100137086",0.295973100632455
"100147704",0.17105033966208
"100158223",0.0904828652907342
"100158225",0.10297418630752
"100158232",0.0784054910242872
"100169747",0.0933436717165692
"100174909",0.100225225225225
"100174910",0.123396150761828
"100188932",0.0789208887438471
"100188933",0.10923671910219
"100188934",0.713558836176007
"100188936",0.0976190476190476
"100188937",0.0898565005850835
"100188984",0.124727866473149
"100189544",0.309011373578303
"100190895",0.379817444219067
"100192205",0.499157145532871
"100192314",0.132751091703057
"100216475",0.0886045677388497
"100233176",0.098251787944148
"100233177",0.0958629605688429
"100270669",0.151122953939855
"100301568",0.0990135184508586
"100302372",0.16607833655706
"100302405",0.147182870120039
"100302447",0.115176964607079
"100302453",0.0546137376715454
"100302465",0.134778295046936
"100303643",0.242895142097158
"100310845",0.219993581514763
"100310874",0.718682082934886
"100310886",0.377768662838392
"100312945",0.377627324171382
"100312982",0.152206619859579
"100312983",0.162576687116564
"100312984",0.172381684952026
"100314029",0.365777080062794
"100314118",0.37923364674957
"100314178",0.379632449994923
"100314247",0.403815580286169
"100322897",0.575
"100328908",0.0483302770002896
"100359421",0.2
"100359438",0.623472787856349
"100359478",0.749635391346621
"100359479",0.470726794797392
"100359484",0.226300206692364
"100359495",0.546534653465347
"100359505",0.225025845234904
"100359515",0.847039852568533
"100359517",0.611768927161823
"100359528",0.892044206982361
"100359529",0.142712294043093
"100359539",0.452200636593129
"100359546",0.377627324171382
"100359562",0.164046479835953
"100359563",0.690015090543259
"100359574",0.199072953703531
"100359583",0.0878936216848104
"100359592",0.167578065109623
"100359595",0.0881265611990008
"100359600",0.18737415610565
"100359613",0.678403755868545
"100359616",0.153779677976894
"100359649",0.384615384615385
"100359656",0.476008461945286
"100359662",0.256142680960061
"100359668",0.16235
"100359671",0.37923364674957
"100359675",0.487179487179487
"100359678",0.0587056975711912
"100359680",0.0776098901098901
"100359681",0.0913110342176086
"100359692",0.331781140861467
"100359700",0.440849923430322
"100359701",0.134183581821448
"100359711",0.391304347826087
"100359714",0.136541943270972
"100359720",0.394736842105263
"100359731",0.680755757192902
"100359732",0.587390882638215
"100359752",0.236010275885178
"100359753",0.408667287977633
"100359775",0.524691358024691
"100359776",0.168302945301543
"100359777",0.507965358708436
"100359816",0.0639593542807726
"100359823",0.0769636545866962
"100359826",0.421052631578947
"100359829",0.165856155618121
"100359832",0.0972844534962661
"100359836",0.191869131018035
"100359861",0.098273199494595
"100359865",0.283083349155117
"100359879",0.149357665986313
"100359886",0.571970016002695
"100359907",0.402838427947598
"100359918",0.632468211113046
"100359922",0.0961119186046512
"100359928",0.269452736318408
"100359930",0.391304347826087
"100359946",0.456927426955702
"100359951",0.87171576770519
"100359967",0.0908529048207664
"100359972",0.293152047753275
"100359977",0.107782469423413
"100359982",0.079345196959226
"100359993",0.375
"100360015",0.0894472361809045
"100360017",0.0961248112732763
"100360041",0.209745238684145
"100360054",0.198435754189944
"100360057",0.255292959133432
"100360061",0.711522041971869
"100360087",0.106408385299191
"100360106",0.428770532603285
"100360117",0.174256951102589
"100360120",0.128511315819402
"100360197",0.479048233018813
"100360200",0.983050847457627
"100360205",0.0902728001011932
"100360218",1.87219917012448
"100360238",0.333618314809537
"100360252",0.630847457627119
"100360260",0.310351201478743
"100360291",0.413235914008712
"100360302",0.0666989050464578
"100360307",0.567048282727725
"100360316",0.171680540674194
"100360334",0.0735536174917086
"100360358",0.108767123287671
"100360368",0.153303637713437
"100360380",0.229264729751664
"100360390",0.375
"100360413",0.452398255813953
"100360437",0.148986889153754
"100360439",0.380041621246655
"100360449",0.128863572695863
"100360453",0.171949771525204
"100360464",0.120649651972158
"100360475",0.18417287483349
"100360476",0.397138827322184
"100360491",0.276134604416198
"100360508",0.229140618487955
"100360518",0.398068124046772
"100360522",0.0961140184834651
"100360533",0.111942625506704
"100360552",0.120454349140537
"100360558",0.550135857656236
"100360573",0.86646366370827
"100360582",0.116918569811572
"100360594",0.092081412812678
"100360601",0.899068560085509
"100360613",0.44640282751244
"100360621",0.119272237196765
"100360623",0.0885796941727511
"100360638",0.1229577227556
"100360642",0.743987587276959
"100360645",0.219637564251679
"100360664",0.0797703580601299
"100360666",0.375
"100360679",0.164994984954865
"100360690",0.379817444219067
"100360692",0.133774683255336
"100360696",0.530159320562891
"100360731",0.429902115566782
"100360735",0.660872781065089
"100360752",0.287885148182352
"100360754",0.742794635213545
"100360757",0.507592418054247
"100360777",0.137809187279152
"100360791",0.179137603043754
"100360795",0.70926876202694
"100360801",0.884556340190359
"100360821",0.550779327317473
"100360828",0.224561403508772
"100360841",0.345757054718317
"100360843",0.170608108108108
"100360846",0.215225189318454
"100360856",0.0919002026696485
"100360868",0.282295539033457
"100360880",0.147869281045752
"100360933",0.576263328697265
"100360940",0.531333438039893
"100360950",0.371129771778888
"100360977",0.0928693947561872
"100360982",0.112565445026178
"100361007",0.3968
"100361008",0.423827748561359
"100361016",0.391304347826087
"100361018",0.540784807230294
"100361025",0.0830152671755725
"100361036",0.289430125325136
"100361053",0.538961038961039
"100361056",0.537782263151255
"100361060",0.285492739320457
"100361067",0.178747701538759
"100361079",0.538305374505823
"100361083",0.0714374335342077
"100361087",0.186937928432174
"100361092",0.633951137320977
"100361104",0.555258126195029
"100361126",0.647445972495088
"100361133",0.114046180506768
"100361134",0.100272055965799
"100361147",0.417992455305888
"100361180",0.396330275229358
"100361188",0.11772496241678
"100361226",0.391304347826087
"100361240",0.187052268506235
"100361259",0.541838842975207
"100361265",0.427790973871734
"100361269",0.0530840127614321
"100361272",0.204790129430265
"100361292",0.499175213368715
"100361294",0.0859720108393036
"100361314",0.803604074170802
"100361323",0.0833014636859855
"100361371",0.421052631578947
"100361376",0.0894766791593901
"100361383",0.34678044996121
"100361388",0.429902115566782
"100361431",0.331665475339528
"100361444",0.547682472029835
"100361451",0.443440277150173
"100361457",0.0563320626853028
"100361460",0.204209242031417
"100361465",0.610124175628305
"100361476",1.60153396639883
"100361492",0.452830188679245
"100361506",0.390608324439701
"100361529",0.260145312776892
"100361543",0.353176338309701
"100361556",0.431267792379987
"100361568",0.096961919541602
"100361574",0.0879426266248319
"100361582",0.85891953005948
"100361584",0.287294615259476
"100361585",0.0866129161012214
"100361588",0.625867577393412
"100361631",0.334408602150538
"100361636",1.39128443368449
"100361639",0.37923364674957
"100361655",0.282490597576264
"100361660",0.0691421720015987
"100361693",0.734214507524484
"100361710",0.111436950146628
"100361715",0.148486105350477
"100361756",0.500924850518346
"100361818",0.158439024390244
"100361826",0.421052631578947
"100361830",0.158205430932704
"100361833",0.377613900393979
"100361854",0.770919665576154
"100361866",0.391304347826087
"100361879",0.846894138232721
"100361891",0.22591671845867
"100361898",0.256125237367422
"100361902",0.646642051691448
"100361907",0.37923364674957
"100361913",0.882855515473704
"100361920",0.289012003693444
"100361931",0.638223646992269
"100361933",0.171760654326302
"100361934",0.160074993304169
"100361939",0.122245736337607
"100361944",0.595929764269989
"100361946",0.194247996228194
"100361947",0.432402674007078
"100361960",0.501140402058028
"100361974",0.25352431209951
"100361993",1.03368197128169
"100362023",0.125556398843101
"100362027",0.219866071428571
"100362043",0.377627324171382
"100362054",0.573833205814843
"100362059",0.177383592017738
"100362068",0.599295484697379
"100362069",0.349193120690961
"100362083",0.148844297688595
"100362089",0.294727075923921
"100362099",0.4375
"100362109",0.223250016400971
"100362120",0.235613463626493
"100362123",0.214988644965935
"100362139",0.533429632686752
"100362149",1.49604975626156
"100362169",0.394736842105263
"100362176",0.142941176470588
"100362202",0.0887905604719764
"100362205",0.202331645957969
"100362216",0.094129063561378
"100362241",0.169997370496976
"100362255",0.100937672366244
"100362279",0.129408335762168
"100362283",0.258346442929558
"100362296",0.394736842105263
"100362298",0.429788699057538
"100362311",0.0996902826171119
"100362331",0.216969296797623
"100362333",0.133075248003871
"100362339",0.178502395159257
"100362342",0.155606407322654
"100362344",0.736668886886338
"100362345",0.242772196022145
"100362347",0.114727153188692
"100362365",0.636986301369863
"100362366",0.475460387907432
"100362384",0.219380505825519
"100362400",0.632724446171784
"100362431",0.134132420091324
"100362432",0.331079653496725
"100362441",0.392071881606765
"100362453",0.146546776353549
"100362470",0.0689359085801514
"100362479",0.303921568627451
"100362495",0.092690473121052
"100362547",0.152271622934888
"100362555",0.204885238997684
"100362565",0.422015683996515
"100362572",0.068240057400574
"100362580",0.519146557346502
"100362601",0.375
"100362606",0.168153821857233
"100362611",0.377837391663227
"100362623",0.28268304057205
"100362641",0.192727272727273
"100362676",0.300067552353074
"100362684",0.207155222158107
"100362709",0.204954553555516
"100362710",0.0721430091508832
"100362724",0.983681081711155
"100362725",0.0705105668190164
"100362733",0.120983490147346
"100362738",0.0958333333333333
"100362745",0.583333333333333
"100362748",0.230660899305905
"100362751",0.318407960199005
"100362783",0.226241034352586
"100362785",0.151699704271953
"100362814",0.0687476575467152
"100362817",0.377627324171382
"100362820",0.345903977182697
"100362826",0.560908136983688
"100362827",0.377627324171382
"100362830",0.101859184673983
"100362836",0.0892289639661663
"100362843",0.776538301786032
"100362895",0.190693174370338
"100362908",0.339449541284404
"100362909",0.389872890185455
"100362912",0.62520827207684
"100362915",0.130764103496334
"100362927",0.522020725388601
"100362967",0.375
"100362980",0.136958710976838
"100362987",0.462248813162515
"100362999",0.25064838829196
"100363017",0.42612022720101
"100363048",0.391308922558923
"100363064",0.443557168784029
"100363074",0.141995981245814
"100363095",0.188336520076482
"100363111",0.104071750590368
"100363116",0.0923248053392659
"100363145",0.140951320638821
"100363146",0.32967032967033
"100363171",0.290083410565338
"100363177",0.800579710144928
"100363178",0.46239406779661
"100363184",0.377837391663227
"100363196",0.194480268248646
"100363225",0.105663756436087
"100363228",0.172717271727173
"100363238",0.602392206038391
"100363266",0.270244382657745
"100363268",0.278095238095238
"100363270",0.378934501375166
"100363275",0.101133461047254
"100363276",0.0937818552497452
"100363280",0.399885137629733
"100363282",0.384615384615385
"100363294",0.623376623376623
"100363314",0.252530541012216
"100363321",0.183447548761202
"100363332",0.145318782309018
"100363335",0.158921980077868
"100363341",1.28375171724741
"100363350",0.645286686103013
"100363368",0.364934549781833
"100363372",0.101228978007762
"100363376",0.123158940995753
"100363379",0.176972725379971
"100363423",0.603560280097866
"100363433",0.609927797833935
"100363436",0.6
"100363439",0.123181786241304
"100363452",0.194139194139194
"100363455",0.20139211136891
"100363469",0.283377872795297
"100363472",0.85839398051067
"100363484",0.209154929577465
"100363494",0.628851635672594
"100363500",0.972373862696443
"100363502",0.194310897435897
"100363520",0.825800789820097
"100363535",0.298593497809546
"100363537",0.2052738336714
"100363539",0.0769375234756479
"100363642",0.257830177444325
"100363835",0.375
"100363869",0.236074847693647
"100363914",0.377768662838392
"100363993",0.502330623306233
"100364016",0.767986377181779
"100364027",0.181818181818182
"100364062",0.0919044338904398
"100364116",0.653739612188366
"100364132",0.19946191668986
"100364162",0.10359944623904
"100364191",0.33192199127534
"100364194",0.55308169536731
"100364265",0.499463404163984
"100364335",0.64327868852459
"100364350",0.0777268285349169
"100364427",1.07904893177119
"100364435",0.226136545328572
"100364457",0.231471535982814
"100364509",0.263242375601926
"100364561",0.384615384615385
"100364568",0.0543562252487202
"100364835",0.703343508199049
"100364958",0.203468979319546
"100364984",0.240294050080404
"100365043",0.747309197651663
"100365062",0.0774731823599523
"100365259",0.0905967091786163
"100365363",0.102505515285219
"100365450",0.299287410926366
"100365679",0.0657702705935833
"100365683",0.647430932093984
"100365733",0.549714412466034
"100365744",0.146135265700483
"100365773",0.864690382081686
"100365810",0.255874673629243
"100365839",0.159749670619236
"100365872",0.0941265060240964
"100365928",0.455358664167661
"100365935",0.128510638297872
"100366024",0.0947229140722291
"100366030",0.171370595831027
"100366121",0.102120619642051
"100366237",0.115173879011517
"100526607",0.393248855286977
"100526613",0.391304347826087
"100526622",0.377627324171382
"100526628",0.377627324171382
"100526643",0.377837391663227
"100526644",0.427790973871734
"100534597",0.150326086956522
"100568448",0.774193548387097
"100861533",2.13300207996302
"100861534",1.58728227813105
"100861535",0.273726851851852
"100909405",0.128650476483246
"100909408",0.157269388636855
"100909433",0.857142857142857
"100909445",0.0909197766676462
"100909489",0.436476469574211
"100909490",0.246017699115044
"100909497",0.391304347826087
"100909539",0.107796145945417
"100909569",0.211009174311927
"100909598",0.183452768729642
"100909600",0.322151224707135
"100909629",0.22531017369727
"100909637",0.21221343071617
"100909643",0.377627324171382
"100909648",0.779962894248608
"100909671",0.375
"100909672",0.160369437447523
"100909675",0.514105058365759
"100909682",0.182681242807825
"100909683",0.446428571428571
"100909688",0.0791365469867008
"100909694",0.412059560666372
"100909701",0.200035155563368
"100909729",0.275082797584259
"100909737",0.521716487865847
"100909739",0.428819243668324
"100909772",0.486842105263158
"100909776",0.363596976844943
"100909777",0.477748691099476
"100909782",0.684670469717199
"100909793",0.104776902887139
"100909803",0.509025270758123
"100909859",0.496793487290248
"100909866",0.0726714431934493
"100909886",0.256217512994802
"100909904",0.280701754385965
"100909907",0.200159444222994
"100909911",0.4375
"100909912",0.110271903323263
"100909916",0.757106540328172
"100909928",0.185755788361652
"100909941",0.37923364674957
"100909946",0.571542606266214
"100909947",0.478646699944537
"100909949",0.0914366373902133
"100909963",0.409397861564434
"100909964",0.37923364674957
"100909970",0.636422581481802
"100909977",0.357623695725345
"100910017",0.237486095661847
"100910046",0.140209578245432
"100910047",0.556915620728222
"100910054",0.120582524271845
"100910069",0.0727684553053021
"100910081",0.275974025974026
"100910087",0.473458115986499
"100910088",0.123995621010885
"100910095",0.605757696921231
"100910099",0.526879597176285
"100910102",0.434969253973779
"100910104",0.216941717150616
"100910189",0.377768662838392
"100910198",0.123363338788871
"100910200",0.292246704157832
"100910201",0.252112676056338
"100910203",0.745070422535211
"100910205",0.210845597932162
"100910231",0.138432427049099
"100910237",0.192936524898483
"100910258",0.24791426004364
"100910280",0.806629834254144
"100910299",0.0926573426573427
"100910304",0.688433775390297
"100910318",0.0727598380230506
"100910319",0.621279225460913
"100910342",0.0900263852242744
"100910343",0.391304347826087
"100910401",0.50721508919441
"100910413",0.350540806293019
"100910419",0.628674052714119
"100910424",0.35695067264574
"100910434",0.0663400314231374
"100910451",0.435448747861254
"100910460",0.285225328009127
"100910475",0.393288507035238
"100910482",0.704457995382156
"100910497",0.605938914027149
"100910508",0.0676924477625529
"100910524",0.308652542977388
"100910536",0.0607973588114652
"100910554",0.5
"100910558",0.0860603366853714
"100910577",0.160711290052005
"100910596",0.154433352906635
"100910604",0.48
"100910615",0.74982674982675
"100910616",0.0971204188481675
"100910620",0.680327868852459
"100910621",0.478438438438438
"100910623",0.421224558170701
"100910628",0.373868046571798
"100910657",0.818181818181818
"100910660",0.274929775280899
"100910669",0.740954664341761
"100910676",0.567307013207147
"100910678",0.301474405565362
"100910714",0.34418683941357
"100910729",0.127377955412525
"100910768",0.198643916250652
"100910797",0.142832529290145
"100910802",0.272962006639616
"100910806",0.212700709806354
"100910809",0.192055494202098
"100910811",0.333544158233671
"100910813",0.377627324171382
"100910823",0.0713834823776959
"100910827",0.106711409395973
"100910839",0.114803625377644
"100910848",0.388323410793163
"100910864",0.119068464367011
"100910867",0.148342059336824
"100910872",0.0972858077174624
"100910895",0.664659926470588
"100910905",0.316989893471729
"100910940",0.127959884854675
"100910945",0.122947039835408
"100910949",0.4387936132466
"100910973",0.095429406240217
"100910986",0.118544600938967
"100910996",0.101284832304355
"100911002",0.581014594616943
"100911030",0.605058158147476
"100911041",0.798754192620987
"100911047",0.716537801979602
"100911055",0.424095427435388
"100911068",0.127148326138307
"100911069",0.220315527262663
"100911081",0.599517364389886
"100911093",0.668089257407633
"100911165",0.425033025099075
"100911193",0.370534614437053
"100911221",0.153582554517134
"100911235",0.0790483874911367
"100911237",0.212209302325581
"100911239",0.170858283433134
"100911251",0.391304347826087
"100911252",0.202866204628216
"100911253",0.219799215477694
"100911320",0.139342152674113
"100911353",0.417270929466051
"100911357",0.366591080876795
"100911360",0.236811926605505
"100911361",0.73632328654005
"100911367",0.738531187122736
"100911370",0.75763225355395
"100911384",0.377837391663227
"100911395",0.0945244677239439
"100911432",0.126692878986457
"100911462",0.0526022189624181
"100911489",0.776978417266187
"100911498",0.734308348567946
"100911506",0.580155801558015
"100911508",0.377768662838392
"100911510",0.474156171284635
"100911534",0.107910522369408
"100911553",0.130546623794212
"100911555",0.620481528155469
"100911574",0.908318557919622
"100911581",0.0854650736641501
"100911652",0.15995444950561
"100911661",0.162414618483274
"100911664",0.0597172478793591
"100911669",0.522010153589101
"100911671",0.354463437796771
"100911682",0.534188034188034
"100911717",0.195174493752693
"100911723",0.429494455601153
"100911728",0.391304347826087
"100911740",0.731755780346821
"100911757",0.228155339805825
"100911790",0.401385266578306
"100911796",0.196250732278852
"100911806",0.11239092495637
"100911813",0.246477162293489
"100911827",0.302487225728885
"100911831",0.0901731927710843
"100911847",0.143779574132492
"100911848",0.655801825293351
"100911859",0.443076490965265
"100911864",0.248189469563515
"100911923",0.739601237538673
"100911946",0.172639756797838
"100911949",0.157558835261268
"100911956",0.664201443916182
"100911962",0.378934501375166
"100911970",0.0855232673595022
"100911984",0.377917997455272
"100911990",0.095475113122172
"100911992",0.107116034547503
"100912002",0.128641772671317
"100912009",0.166305864242074
"100912012",0.37491559756921
"100912027",0.626972010178117
"100912028",0.552689275551616
"100912031",0.11728169528681
"100912037",0.164948453608247
"100912041",0.0795921383183094
"100912066",0.110908514349136
"100912071",0.0897614622057001
"100912076",0.410577220941039
"100912083",0.217122647262084
"100912096",0.126528890763391
"100912108",0.388268156424581
"100912124",0.531148484723878
"100912132",0.580365530788282
"100912143",0.549519520584376
"100912188",0.214706670238414
"100912195",0.391103336248907
"100912202",0.0859633303276225
"100912209",0.557455540355677
"100912214",0.632953957578893
"100912216",0.0965250965250965
"100912218",0.244449166046956
"100912227",0.190421234852856
"100912259",0.156312625250501
"100912286",0.115853658536585
"100912291",0.208860759493671
"100912292",0.0753141714136626
"100912294",0.151024223070333
"100912302",0.115715326694195
"100912312",0.392282272678819
"100912314",0.515151515151515
"100912332",0.543115601503759
"100912336",0.227471218737594
"100912338",0.236002349256069
"100912347",0.436799501867995
"100912357",0.0688577154308617
"100912365",0.544085231447465
"100912373",0.199723423661988
"100912402",0.646857338585374
"100912416",0.332748290262059
"100912427",0.174959349593496
"100912447",0.114997860504921
"100912456",0.479190084600367
"100912473",0.086866512090096
"100912483",0.108661304222924
"100912521",0.375
"100912526",0.339221726284026
"100912536",0.161368599854404
"100912563",0.0966614643414535
"100912568",0.476500950828579
"100912606",0.159631330089769
"100912617",0.819323892188214
"100912622",0.405150874495483
"100912629",0.70993413830955
"100912642",1.92884990253411
"100912656",0.608837797932926
"100912659",0.244117342178916
"100912683",0.542341151855522
"100912787",0.107843137254902
"100912823",0.166692367000771
"100912845",0.402776338961981
"100912849",0.482769254490787
"100912924",0.0665407332517427
"100912936",0.833170282557403
"100912942",0.72244474113633
"100912943",0.639423076923077
"100912974",0.79301233118027
"100912991",0.116874840683151
"100912998",0.364505386875612
"100913063",0.750587809730512
"101241893",0.13298310671611
"102216270",0.50851099688211
"102238592",0.0688532862369118
"102465158",0.37923364674957
"102466149",0.391304347826087
"102546300",0.375
"102546303",0.572384487642864
"102546310",0.379817444219067
"102546322",0.377768662838392
"102546327",0.279677315952559
"102546330",0.406593406593407
"102546344",0.630057803468208
"102546345",0.615106468461229
"102546350",0.59113753804771
"102546353",0.696296296296296
"102546356",0.24320652173913
"102546359",0.160088838200426
"102546363",0.583224920497253
"102546367",0.375
"102546371",0.402152251893185
"102546373",0.194469925304678
"102546375",0.35698837523655
"102546379",0.468899521531101
"102546403",0.717677772252611
"102546410",0.148978305878117
"102546414",0.659347181008902
"102546421",0.193241030221825
"102546431",0.111729038736338
"102546446",0.40140093110665
"102546453",0.128521599141401
"102546455",0.755815517009547
"102546462",0.584241669261912
"102546473",0.590909090909091
"102546477",0.591549295774648
"102546480",0.733757669591146
"102546482",0.655466161855182
"102546484",0.741469194312796
"102546488",0.403096209667242
"102546491",0.30161149825784
"102546496",0.375
"102546497",0.5483
"102546512",0.619630881782409
"102546520",0.592727272727273
"102546534",0.7721027479092
"102546541",0.392282272678819
"102546542",0.595127446838473
"102546543",0.487179487179487
"102546547",0.269342829394626
"102546554",0.394296537935389
"102546557",0.54878857434328
"102546572",0.119621342512909
"102546589",0.259286090621707
"102546590",0.68633640404561
"102546594",0.529801324503311
"102546596",0.800796812749004
"102546597",0.555113019189986
"102546598",0.54036557501904
"102546604",0.558890147225368
"102546610",0.394736842105263
"102546616",0.730912092447379
"102546618",0.704468644386031
"102546620",0.37987012987013
"102546625",0.317884290540541
"102546629",0.965307364576993
"102546644",0.37923364674957
"102546647",0.61317100166021
"102546657",0.645617039494809
"102546680",0.429902115566782
"102546683",0.581749843391105
"102546689",0.515151515151515
"102546692",1.06560222145089
"102546693",0.615079365079365
"102546698",0.299982492997199
"102546709",0.539496654058772
"102546723",0.341342756183746
"102546726",0.862885924820446
"102546727",0.524724856722625
"102546740",0.200958441354388
"102546746",0.184659444651974
"102546758",0.465798045602606
"102546759",0.438637424171722
"102546764",0.105431309904153
"102546766",0.378326805262629
"102546778",0.184689858877584
"102546782",0.426068208545668
"102546790",0.453125
"102546809",0.522602355580482
"102546816",0.67782474580144
"102546819",0.2882358942965
"102546822",0.377837391663227
"102546824",0.184726909136358
"102546827",0.352950432730134
"102546830",0.435448747861254
"102546833",0.784758942457232
"102546835",0.235987665517867
"102546838",0.699661590524535
"102546843",0.608958228485153
"102546853",0.375
"102546856",0.511429803752426
"102546862",0.375
"102546864",0.278503046127067
"102546868",0.394736842105263
"102546875",0.495649881360401
"102546892",0.156191892896988
"102546895",0.0900509439616422
"102546903",0.37923364674957
"102546938",0.466457870276824
"102546946",0.221668990240988
"102546950",0.496342512908778
"102546966",0.247524752475248
"102546975",0.258503401360544
"102546977",0.406593406593407
"102547003",0.317178211816086
"102547008",0.279900510313478
"102547011",0.663548752834467
"102547024",0.583441138421734
"102547034",0.168813890059206
"102547042",0.0769230769230769
"102547047",0.443313953488372
"102547056",0.980543512741884
"102547058",0.374022830602165
"102547078",0.303621169916435
"102547081",0.375
"102547086",0.557628719886632
"102547088",0.329997167406288
"102547090",0.391304347826087
"102547093",0.48993288590604
"102547102",0.709803921568628
"102547107",0.256892778993435
"102547109",0.545267489711934
"102547111",0.395833333333333
"102547113",0.132178669097539
"102547118",0.6409351272146
"102547120",0.394736842105263
"102547123",0.377627324171382
"102547136",0.378934501375166
"102547139",0.446428571428571
"102547155",0.122879301987397
"102547159",0.642215445479271
"102547160",0.152598950882213
"102547162",0.356117647058824
"102547165",0.384615384615385
"102547167",0.260860351769443
"102547177",0.41681838871188
"102547183",0.249009165221699
"102547184",0.701826484018265
"102547212",0.739821882951654
"102547219",0.120881057268722
"102547227",0.483124209707227
"102547233",0.917104111986002
"102547234",0.169646114556731
"102547235",0.271954674220963
"102547236",0.496931238947259
"102547242",0.165979912438836
"102547244",0.33669134603714
"102547254",0.479417497993349
"102547261",0.339465615418309
"102547265",0.448694654298556
"102547266",0.237666237666238
"102547276",0.28960909300361
"102547278",0.406760600648277
"102547286",0.199853019229984
"102547287",0.10730620382315
"102547290",0.142954700660141
"102547293",0.56873413130214
"102547294",0.328240206093986
"102547300",0.6467750126968
"102547313",0.48936170212766
"102547319",0.492043992043992
"102547322",0.169832660126948
"102547352",0.400871987404626
"102547357",0.669728470293037
"102547360",0.435897435897436
"102547371",0.423068050749712
"102547383",0.705595455032694
"102547387",0.377627324171382
"102547393",0.502330623306233
"102547395",0.248559077809798
"102547396",0.311023033203709
"102547398",1.04826862539349
"102547411",0.436476469574211
"102547413",0.0679961224207174
"102547415",0.463505747126437
"102547416",0.548759376803231
"102547424",0.490351703953569
"102547438",0.924284395198523
"102547442",0.735218508997429
"102547443",0.111348866698367
"102547455",0.172757475083056
"102547456",0.794625719769674
"102547461",0.0601508648718949
"102547466",0.358627968337731
"102547473",0.428309945088469
"102547478",0.515814948221522
"102547484",0.567184869789088
"102547493",0.756222164003144
"102547495",0.468159262759924
"102547496",0.126403326403326
"102547499",0.276959551691932
"102547502",0.793154486586494
"102547503",0.200043029259897
"102547504",0.566506970985627
"102547511",0.363683207090225
"102547513",0.435776350585569
"102547518",0.180503623308296
"102547534",0.504518236254763
"102547538",0.384615384615385
"102547544",0.304200254560883
"102547573",0.560466946484785
"102547579",0.158978873239437
"102547586",0.378934501375166
"102547588",0.735428281804359
"102547595",0.377627324171382
"102547604",0.5
"102547609",0.464797507788162
"102547612",0.695972282373322
"102547621",0.834422140396722
"102547623",0.587489063867017
"102547634",0.542027194066749
"102547637",0.338796040889177
"102547645",1.05726231594256
"102547647",0.378934501375166
"102547663",0.841076165214096
"102547665",0.157697914685935
"102547667",0.574663499604117
"102547668",0.617787578096288
"102547683",0.649898467786598
"102547686",0.214058636524196
"102547687",0.479592918477685
"102547688",0.794520547945205
"102547695",0.384615384615385
"102547697",0.278390033540968
"102547698",0.242590929501572
"102547700",0.199640646835696
"102547708",0.37923364674957
"102547711",0.366656754881554
"102547718",0.673807095092372
"102547720",0.604699282692661
"102547728",0.101319310765764
"102547734",0.548064787547329
"102547750",0.437954818705309
"102547753",0.286435179622732
"102547755",0.595611641655298
"102547779",0.630527817403709
"102547807",0.642940038684719
"102547811",0.182542845755281
"102547814",0.857707006369427
"102547822",0.377627324171382
"102547829",0.403249630723781
"102547830",0.142416423603321
"102547832",0.733565259117083
"102547837",0.504542278127184
"102547847",0.378934501375166
"102547851",0.710576314122862
"102547852",0.482947505705902
"102547853",0.420429074607749
"102547858",0.649536321483771
"102547863",0.403920568099673
"102547871",0.377837391663227
"102547888",0.377837391663227
"102547890",0.412833558301319
"102547892",0.78298023856151
"102547897",0.214651858180265
"102547905",0.604841858648965
"102547920",0.250885158495439
"102547925",0.362527716186253
"102547932",0.0872426236467841
"102547938",0.785315648329347
"102547942",0.865529894236996
"102547943",0.694174757281553
"102547949",0.21632725973562
"102547952",0.560697878995211
"102547954",1.15666178623719
"102547955",0.0714615029967727
"102547956",0.778537611783272
"102547958",1.06470543403704
"102547959",0.435448747861254
"102547969",0.162207357859532
"102547978",0.394736842105263
"102547986",0.800903006059646
"102547989",0.391304347826087
"102547991",0.382080670046286
"102548003",0.377837391663227
"102548009",0.766583452211127
"102548010",0.665044539755856
"102548014",0.324207492795389
"102548019",0.675436532216313
"102548022",0.0875262054507338
"102548033",0.379817444219067
"102548035",0.750334672021419
"102548041",0.5
"102548045",0.538164570924333
"102548046",0.43254376930999
"102548047",0.13343809784094
"102548056",0.435448747861254
"102548061",0.636363636363636
"102548076",0.633168163518117
"102548078",0.429459528038569
"102548079",0.5
"102548080",0.0605090608704631
"102548092",0.379817444219067
"102548095",0.606032205844764
"102548124",0.385595126847333
"102548126",0.537708840746913
"102548134",0.375
"102548137",0.384615384615385
"102548155",0.128492013229189
"102548160",0.829650748396294
"102548161",0.307038074831053
"102548162",0.137784090909091
"102548165",0.377768662838392
"102548175",0.378934501375166
"102548186",0.369919396329961
"102548189",0.616303005351997
"102548198",0.568727383925386
"102548205",0.434687953555878
"102548210",0.246915092317585
"102548220",0.765415420245103
"102548223",0.650928527376139
"102548225",0.185486926866237
"102548228",0.125
"102548236",0.377627324171382
"102548237",0.443444227005871
"102548241",0.617485135432724
"102548245",0.772727272727273
"102548247",0.446428571428571
"102548249",0.112665624228459
"102548251",0.317138077858881
"102548260",0.493964592274678
"102548271",0.435287902799789
"102548277",0.459701492537313
"102548278",0.375
"102548282",0.249834765366821
"102548285",0.495950554134697
"102548286",0.344873501997337
"102548287",0.339965768078733
"102548297",0.391304347826087
"102548304",0.82685829777678
"102548315",0.625909837990139
"102548320",0.148808146262439
"102548322",0.331516281738631
"102548323",0.88276976628543
"102548326",0.35493119266055
"102548331",0.61312036508842
"102548337",0.735209235209235
"102548345",0.471096023278371
"102548349",0.697258771929825
"102548350",0.5
"102548352",0.824949113114277
"102548357",0.391304347826087
"102548358",0.384615384615385
"102548361",0.218821697803999
"102548367",0.143060026510131
"102548369",0.560045591130453
"102548370",0.591397849462366
"102548372",0.15678703913998
"102548374",0.748018409613909
"102548378",0.449482465626448
"102548389",0.0838237882017089
"102548399",0.520833333333333
"102548408",0.743368700265252
"102548409",0.503796941641527
"102548417",0.481481481481481
"102548435",0.475409836065574
"102548446",0.700453857791225
"102548458",0.521779908295123
"102548459",0.145127258341026
"102548461",0.197916666666667
"102548462",0.391304347826087
"102548467",0.387975951903808
"102548468",0.413685847589425
"102548472",0.377627324171382
"102548484",0.122555842778551
"102548492",0.340377697841727
"102548505",0.497916345114987
"102548506",0.726802147239264
"102548513",0.877697841726619
"102548522",0.0663145539906103
"102548530",0.173442566990954
"102548532",0.278072400276689
"102548534",0.40140093110665
"102548542",0.622677080527875
"102548546",0.691276931161324
"102548553",0.570147526757304
"102548561",1.00128435653737
"102548568",0.54776933775543
"102548571",0.568196544276458
"102548575",0.915824915824916
"102548579",0.696296296296296
"102548586",0.531618435155413
"102548590",0.455797101449275
"102548600",0.0755400969970117
"102548601",0.378934501375166
"102548621",0.706822071888499
"102548624",0.605223200728819
"102548626",0.435575694202393
"102548633",0.540598197570639
"102548635",0.897225305216426
"102548639",0.710039148032645
"102548648",0.67693661971831
"102548655",0.666980835689601
"102548661",0.268807563778629
"102548671",0.483211840070687
"102548672",0.201793139293139
"102548682",0.352941176470588
"102548683",0.625586854460094
"102548692",0.306879594916987
"102548693",0.111698015975264
"102548695",0.087064040248998
"102548697",0.457425742574257
"102548703",0.446428571428571
"102548714",0.727780515853458
"102548719",0.471428571428571
"102548728",0.15458923826395
"102548729",0.530257421631721
"102548730",0.157343182940709
"102548743",0.384615384615385
"102548754",0.446428571428571
"102548758",0.420094507707801
"102548759",0.434456928838951
"102548772",0.325682311293822
"102548773",1.06459583480409
"102548778",0.153356810178348
"102548779",0.737949850591139
"102548791",0.515594541910331
"102548792",0.541415141019297
"102548800",0.118408203125
"102548818",0.375
"102548820",0.415502851004049
"102548822",0.54729179853513
"102548829",0.524110671936759
"102548836",0.666803166803167
"102548847",0.10124980224648
"102548848",0.862858464384829
"102548851",0.41458263865733
"102548867",0.377768662838392
"102548889",0.391304347826087
"102548890",0.444958491871325
"102548897",0.777187173231091
"102548900",0.487179487179487
"102548902",0.130097268986158
"102548914",0.354704412989176
"102548918",0.531355360755226
"102548944",0.803692195211113
"102548945",0.211143695014663
"102548949",0.107325746799431
"102548950",0.391304347826087
"102548964",0.484485768230558
"102548977",0.5
"102548988",0.584186182030083
"102549007",0.375
"102549016",0.186994571840035
"102549024",0.486404833836858
"102549032",0.394736842105263
"102549052",0.405183872396987
"102549056",0.665795839380745
"102549061",0.513145627447324
"102549070",0.48613251155624
"102549072",0.389005136009131
"102549085",0.840336134453782
"102549086",0.784153005464481
"102549088",0.738590468497577
"102549089",0.265614519629118
"102549097",0.351240760295671
"102549099",0.724279379157428
"102549100",0.752593044539353
"102549102",0.275679806406419
"102549117",0.235677689799721
"102549131",0.408017057569296
"102549141",0.674182726066942
"102549144",0.202740630675252
"102549153",0.90134780980906
"102549158",0.310951188986233
"102549163",0.441155743481325
"102549170",0.623412155559898
"102549173",0.644967880085653
"102549176",0.624527882692735
"102549184",0.417640807651435
"102549197",0.697952083498063
"102549202",0.554428477505401
"102549203",0.541972717733473
"102549211",0.61288680781759
"102549214",0.228279069767442
"102549233",0.21580875728272
"102549239",0.170877354157097
"102549242",0.704879160966712
"102549247",0.419624217118998
"102549249",0.0690859773138254
"102549265",0.35350545974079
"102549269",0.110813226094727
"102549281",0.132346393588602
"102549288",0.624760863623941
"102549291",0.661647475642161
"102549294",0.278794402583423
"102549303",0.219997970264373
"102549305",0.239984308341097
"102549313",0.568196544276458
"102549320",0.167599277978339
"102549328",0.264302442288391
"102549329",0.541147132169576
"102549342",0.281456953642384
"102549347",0.182575664746967
"102549350",0.391304347826087
"102549362",0.51952770208901
"102549375",0.328876292097366
"102549381",0.31215
"102549383",0.503796941641527
"102549385",0.30677930601131
"102549394",0.651525579261298
"102549399",0.375
"102549402",0.354452054794521
"102549403",0.38135593220339
"102549406",0.461278821012598
"102549408",0.927157001414427
"102549410",0.119675456389452
"102549417",0.392071881606765
"102549418",0.377627324171382
"102549457",0.863453815261044
"102549458",0.421052631578947
"102549462",0.521781301395859
"102549466",0.377837391663227
"102549468",0.303438627494294
"102549473",0.804460093896714
"102549483",0.393685093884402
"102549484",0.777252047315742
"102549494",0.760077305356157
"102549502",0.394736842105263
"102549517",0.394736842105263
"102549521",0.291201117318436
"102549525",0.506260995550036
"102549526",0.250867052023121
"102549532",0.379642407151857
"102549543",0.455949817432825
"102549556",0.57743830787309
"102549557",0.626737338044759
"102549578",0.616526138279933
"102549579",0.295177295998989
"102549581",0.303126198695819
"102549583",0.123284710967045
"102549584",0.394736842105263
"102549592",0.233303847854931
"102549596",0.197719498289624
"102549608",0.0945619627161209
"102549611",0.310565635005336
"102549616",0.55410447761194
"102549636",0.544511485127554
"102549638",0.500213986133699
"102549654",0.314606741573034
"102549662",0.647798742138365
"102549668",0.713692351761673
"102549675",0.0875187326054378
"102549680",0.378934501375166
"102549694",0.403919694072658
"102549710",0.156534007021228
"102549715",0.548165137614679
"102549716",0.72463295269168
"102549721",0.280184174624829
"102549725",0.678973105134474
"102549733",0.605062486761279
"102549737",0.277364864864865
"102549740",0.37267330717376
"102549747",0.526115669401641
"102549759",0.649598042642433
"102549766",0.486842105263158
"102549772",0.529785629645589
"102549780",0.477243544014838
"102549783",0.442113949730083
"102549787",0.570682451253482
"102549789",0.0970996216897856
"102549795",0.192877492877493
"102549803",0.137309980171844
"102549805",0.232636469221835
"102549817",0.212328767123288
"102549824",0.789852866565195
"102549835",0.0928968253968254
"102549836",0.144986216402481
"102549842",0.14885760443111
"102549852",0.376722817764165
"102549857",0.35003203821285
"102549861",0.379817444219067
"102549865",0.625890661454064
"102549869",0.348055870139675
"102549876",0.469468743332622
"102549878",0.480156512017887
"102549885",0.221479831724821
"102549886",0.379817444219067
"102549893",0.378877400295421
"102549898",0.708044382801664
"102549899",0.84368787276342
"102549910",0.545131845841785
"102549917",0.377627324171382
"102549918",0.394736842105263
"102549926",0.429669552924545
"102549948",0.375
"102549964",0.544636609017295
"102549965",0.585993466674308
"102549967",0.744396240057845
"102549980",0.375
"102549983",0.763487387221506
"102549991",0.37923364674957
"102549998",0.5
"102550010",0.843926380368098
"102550011",0.0975255543763615
"102550017",0.165842768298517
"102550019",0.588202559821925
"102550021",0.393123270172451
"102550036",0.255514082117408
"102550037",0.435897435897436
"102550045",0.35157801809755
"102550046",0.312455851189075
"102550049",0.444154147615937
"102550060",0.645759924829692
"102550061",0.732843919565911
"102550067",0.37923364674957
"102550073",0.507477034821619
"102550082",0.157957244655582
"102550088",0.427790973871734
"102550090",0.396785857774207
"102550095",0.631704545454545
"102550105",0.552874646559849
"102550111",0.566265060240964
"102550112",0.69702988590697
"102550122",0.693140794223827
"102550123",0.617311608961303
"102550135",0.693654266958424
"102550137",0.597651775486827
"102550154",0.406572411157814
"102550162",0.613236034222446
"102550168",0.279613290782805
"102550180",0.094190924113385
"102550182",0.098008094595667
"102550189",0.0878161509821543
"102550192",0.687272029180265
"102550196",0.422401560837176
"102550203",0.572500144250187
"102550206",0.499463404163984
"102550211",0.377768662838392
"102550214",0.4784
"102550217",0.898728627794827
"102550221",0.378934501375166
"102550225",0.178627348643006
"102550239",0.621702339472374
"102550245",0.236317621006011
"102550246",0.264308012486993
"102550248",0.350935038131434
"102550255",0.375
"102550272",0.377768662838392
"102550275",0.662608374838591
"102550284",0.378934501375166
"102550291",0.261695906432749
"102550295",0.379817444219067
"102550297",0.542427701674277
"102550304",0.668831750582333
"102550306",0.626730564430245
"102550325",0.428571428571429
"102550328",0.557201947745955
"102550331",0.378934501375166
"102550334",0.345650838234003
"102550337",0.345408054549329
"102550339",0.515151515151515
"102550344",0.0574223823689613
"102550353",0.679813279984757
"102550354",0.69106912838128
"102550355",0.608973181484203
"102550363",0.645317673025382
"102550366",0.217692974848222
"102550373",0.216253443526171
"102550375",0.40322869955157
"102550392",0.769480925578487
"102550394",0.382916908773969
"102550397",0.328941875028993
"102550402",0.67714528462192
"102550403",0.540842005032987
"102550409",0.377837391663227
"102550417",0.262396466040861
"102550418",0.377837391663227
"102550420",0.502560273095797
"102550424",0.266456237259157
"102550425",0.503796941641527
"102550429",0.845252051582649
"102550466",0.782707881829588
"102550474",0.166545730969904
"102550477",0.303173431734317
"102550498",0.603448275862069
"102550499",0.144230769230769
"102550503",0.298374242907236
"102550505",0.607135698536781
"102550510",0.639829116003943
"102550523",0.167913751881697
"102550524",0.139896082010953
"102550525",0.710376050248797
"102550527",0.307454079453225
"102550529",0.550048278081751
"102550532",0.37923364674957
"102550534",0.843013809910642
"102550543",0.117083925618636
"102550544",0.422583139984532
"102550560",0.298002031832035
"102550562",0.546717654557043
"102550565",0.566274970622797
"102550566",0.208002759572266
"102550575",0.352004110996917
"102550600",0.378320658401917
"102550603",0.467934442637308
"102550635",0.384615384615385
"102550644",0.653822172340691
"102550645",0.378934501375166
"102550657",0.200566234540307
"102550659",0.377837391663227
"102550662",0.421052631578947
"102550675",0.515151515151515
"102550684",0.562714293024922
"102550701",0.908777498084711
"102550706",0.388079233834989
"102550711",0.0935327893623451
"102550720",0.391304347826087
"102550725",0.659176029962547
"102550729",0.348231183578396
"102550733",0.26566475826972
"102550734",0.463689391177543
"102550737",0.349184581171238
"102550742",0.401385266578306
"102550745",0.506260995550036
"102550746",0.500634786288616
"102550768",0.153141361256545
"102550774",0.464402618657938
"102550778",0.415727699530516
"102550782",0.40282327250039
"102550787",0.539657666345227
"102550789",0.37923364674957
"102550790",1.12313708910263
"102550792",0.166500994035785
"102550793",0.35389507154213
"102550812",0.372047917855106
"102550842",0.421520711481452
"102550846",0.231470471660721
"102550849",0.464797507788162
"102550851",0.0837867247007617
"102550858",0.827836515701436
"102550864",0.601404378356051
"102550875",0.429669552924545
"102550889",0.461538461538462
"102550895",0.257974807786684
"102550898",0.37923364674957
"102550910",0.140350877192982
"102550932",0.46421204620462
"102550940",0.364708101480713
"102550944",0.567127344521224
"102550950",0.310469314079422
"102550953",0.535017852238396
"102550954",0.240790319126151
"102550955",0.518557794273595
"102550957",0.437376237623762
"102550965",0.650382577987051
"102550980",0.627279185413213
"102550982",0.885714285714286
"102550985",0.209089746867809
"102550986",0.709872804360993
"102550999",0.326340326340326
"102551006",0.391304347826087
"102551009",0.244205193160228
"102551013",0.378934501375166
"102551014",0.219330586279187
"102551017",0.48733187363153
"102551020",0.545454545454545
"102551022",0.391304347826087
"102551023",0.661866992068334
"102551027",0.433421705293766
"102551030",0.408267851042023
"102551034",0.36871437618746
"102551038",0.146042112374733
"102551048",0.380952380952381
"102551050",0.732584269662921
"102551060",0.158791208791209
"102551062",0.799628252788104
"102551071",0.428683631793905
"102551073",0.787348837209302
"102551074",0.417690417690418
"102551085",0.24746192893401
"102551086",0.58347876672484
"102551095",0.204742897393754
"102551100",0.904241967871486
"102551107",0.55501375343836
"102551110",0.720012693039983
"102551114",0.0612221569011693
"102551125",0.127154772937905
"102551127",0.160040567951318
"102551137",0.572551485615469
"102551138",0.639027607650994
"102551149",0.874891398783666
"102551152",0.384934756820878
"102551157",0.307292668847412
"102551164",0.191957614454558
"102551177",0.272727272727273
"102551184",0.353640572390572
"102551194",0.360533200448486
"102551208",0.691665047600544
"102551210",0.391304347826087
"102551211",0.106849315068493
"102551214",1.00231220726863
"102551220",0.341791658105609
"102551227",0.535550053059781
"102551249",0.391304347826087
"102551251",0.284932798868191
"102551257",0.170283806343907
"102551259",0.391304347826087
"102551260",0.488789237668161
"102551263",0.764055484822087
"102551271",0.869653052261748
"102551272",0.573389651531151
"102551287",0.375
"102551309",0.540930979133226
"102551319",0.379817444219067
"102551320",0.428552097428958
"102551322",0.432485845529324
"102551327",0.186725452812202
"102551331",0.653420195439739
"102551333",0.350666093682854
"102551339",0.6288532675709
"102551340",0.136883189294675
"102551354",0.763280521901212
"102551361",0.472235693501455
"102551372",0.138305218506461
"102551374",0.384615384615385
"102551377",0.408955778520996
"102551387",0.671501434491553
"102551403",0.389511201629328
"102551409",0.375
"102551435",0.180326042556352
"102551452",0.502560273095797
"102551469",0.384615384615385
"102551474",0.524252933631051
"102551486",0.267866596082583
"102551509",0.720034893864495
"102551518",0.0661654135338346
"102551528",0.379817444219067
"102551534",0.421052631578947
"102551541",0.269284891902264
"102551544",0.467292707292707
"102551552",0.486528559453958
"102551556",0.378934501375166
"102551557",0.890012642225032
"102551559",0.519955282280604
"102551562",0.466101694915254
"102551566",0.655091819699499
"102551569",0.504518236254763
"102551574",0.24793956043956
"102551575",0.59776581865623
"102551589",0.500634651999154
"102551594",0.377837391663227
"102551595",0.391304347826087
"102551596",0.475296991229044
"102551607",0.585704451583295
"102551611",0.539039218023602
"102551612",0.490990990990991
"102551615",0.182477139246153
"102551617",0.760933448573898
"102551633",0.375
"102551647",0.333333333333333
"102551656",0.544275700934579
"102551660",0.0921137685843568
"102551665",0.552389358214601
"102551667",0.622418879056047
"102551690",0.378934501375166
"102551693",0.1156557399019
"102551701",0.594865525672372
"102551705",0.429902115566782
"102551711",0.640096618357488
"102551714",0.154097077244259
"102551716",0.0909033440799039
"102551719",0.396164193352426
"102551724",0.38206513801665
"102551730",0.613351877607789
"102551736",0.678396246534442
"102551737",0.642463086159338
"102551744",0.377837391663227
"102551750",0.401146345094536
"102551752",0.544856968959221
"102551753",0.379817444219067
"102551758",0.245472276400111
"102551773",0.377627324171382
"102551787",0.666666666666667
"102551788",0.932216170925848
"102551789",0.195707333305603
"102551791",0.495950554134697
"102551795",0.791227640284244
"102551806",0.700222057735011
"102551809",0.840147924371061
"102551813",0.222567873303167
"102551814",0.681804863756226
"102551815",0.138935386675594
"102551819",0.0726922403222981
"102551821",0.681295156542681
"102551825",0.550626988583193
"102551831",0.202016607354686
"102551846",0.0919889502762431
"102551848",0.550297973778308
"102551879",0.737383177570093
"102551882",0.846031746031746
"102551884",0.375
"102551889",0.13086614713859
"102551890",0.439252336448598
"102551891",0.503819157720892
"102551895",0.616590719780489
"102551899",0.152930529351311
"102551904",0.471239388794567
"102551907",0.629213483146067
"102551922",0.222990216928966
"102551925",0.414946970319822
"102551929",0.211412151067323
"102551934",0.58403869407497
"102551937",0.470753768844221
"102551938",0.375
"102551940",0.173045930701048
"102551951",0.356363636363636
"102551963",0.35377150419056
"102551968",0.450318898959382
"102551976",0.191922934420156
"102551980",0.230366249420491
"102551987",0.285307939648776
"102551996",0.315778030101708
"102552000",0.10752688172043
"102552001",0.391304347826087
"102552031",0.391304347826087
"102552040",0.379817444219067
"102552043",0.561754385964912
"102552044",0.306084533209475
"102552055",0.859057501080847
"102552060",0.311367934440008
"102552068",0.191906350971979
"102552073",0.507832134127449
"102552075",0.429216701553377
"102552078",0.445132776791448
"102552091",0.712483399734396
"102552092",0.528846153846154
"102552093",0.132720333102012
"102552096",0.38135593220339
"102552104",0.514776281355716
"102552122",0.287453183520599
"102552138",0.263866451265482
"102552141",0.100276478094428
"102552144",0.349080059671805
"102552157",1.00913376546847
"102552170",0.238775992438563
"102552179",0.0808092419104546
"102552199",0.814032121724429
"102552207",0.423076923076923
"102552214",0.377768662838392
"102552223",0.281495409799801
"102552229",0.4054327563249
"102552233",0.52991452991453
"102552250",0.173643300292377
"102552268",0.432402674007078
"102552269",0.486842105263158
"102552278",0.377837391663227
"102552286",0.375
"102552290",0.687770897832817
"102552293",0.391304347826087
"102552294",0.263046245226983
"102552297",0.45965815107517
"102552298",0.605918386005547
"102552306",0.375
"102552313",0.271625132300587
"102552318",0.402597402597403
"102552343",0.406083373727581
"102552344",0.432181971356361
"102552347",0.394736842105263
"102552357",0.830370237882311
"102552358",0.626356211142265
"102552371",0.270740146847835
"102552372",0.680648236415634
"102552378",0.530310621242485
"102552388",0.518292682926829
"102552389",0.15216643741403
"102552397",0.34691145534519
"102552398",0.507326774126021
"102552402",0.375
"102552404",0.412433661865049
"102552412",0.249718604277215
"102552414",0.659393238340607
"102552420",0.344161067474212
"102552424",0.240781014745597
"102552429",0.393248855286977
"102552432",0.377627324171382
"102552448",0.551601055299778
"102552450",0.661398656657448
"102552452",0.537397654348307
"102552459",0.504127263984613
"102552469",0.391304347826087
"102552470",0.58376323649199
"102552476",0.578237225528422
"102552482",0.790929451287794
"102552485",0.384615384615385
"102552490",0.802411873840445
"102552504",0.340945962810433
"102552514",0.379817444219067
"102552523",0.561333127603765
"102552527",0.244971019434027
"102552530",0.243130395531231
"102552540",0.239861949956859
"102552546",0.575714904679376
"102552550",0.394736842105263
"102552551",0.783459750428187
"102552563",0.5004
"102552566",0.618698923861154
"102552572",0.939071566731141
"102552590",0.346675274370562
"102552601",0.464217252396166
"102552617",0.427790973871734
"102552627",0.719520789288231
"102552634",0.265442132639792
"102552638",0.600332225913621
"102552663",0.394818195200942
"102552664",0.0930324531813423
"102552673",0.709103012148444
"102552675",0.639188891337888
"102552685",0.392071881606765
"102552690",0.207549048899512
"102552692",0.269010006603342
"102552707",0.642618251313903
"102552709",0.138881109088363
"102552716",0.379817444219067
"102552721",0.177779838634888
"102552722",0.24634448574969
"102552725",0.289375233819678
"102552728",0.789115646258503
"102552729",0.36312925170068
"102552731",0.512354651162791
"102552749",0.375
"102552752",0.365666458289922
"102552762",0.556390977443609
"102552764",0.391304347826087
"102552767",0.167255594817432
"102552770",0.385984677782785
"102552773",0.467643719682114
"102552777",0.222625090645395
"102552779",0.674128648342307
"102552805",0.177587262706675
"102552808",0.112811370276829
"102552812",0.769257260934451
"102552813",0.756183745583039
"102552816",0.130091352428051
"102552817",0.654707468636417
"102552818",0.143299479811741
"102552819",0.665927363459939
"102552822",0.596931659693166
"102552823",0.201086956521739
"102552827",0.70500381000762
"102552828",0.4
"102552838",0.704284514141697
"102552854",0.339309428950863
"102552874",0.646179616028862
"102552880",0.0783264593319214
"102552882",0.520409285950049
"102552888",0.46158038147139
"102552895",0.174064679771718
"102552907",0.490566037735849
"102552931",0.377627324171382
"102552951",0.627180371861223
"102552958",0.160463811483075
"102552962",0.540095592140202
"102552965",0.375
"102552971",0.58310667128233
"102552982",0.384615384615385
"102552984",0.141025641025641
"102552988",0.453056678491874
"102552995",0.792159877017679
"102553001",0.196418279127213
"102553003",0.377837391663227
"102553013",0.421052631578947
"102553016",0.375
"102553018",0.928864699704001
"102553020",0.122543155016237
"102553021",0.139723801787165
"102553022",0.377627324171382
"102553043",0.663931965982991
"102553046",0.379921773142112
"102553072",0.695583596214511
"102553078",0.54839845124956
"102553085",0.13683143614533
"102553092",0.807834378489821
"102553109",0.699905926622766
"102553115",0.650073637702504
"102553117",0.122869826722039
"102553121",0.664297430289776
"102553126",0.224095539164032
"102553129",0.273588458530085
"102553131",0.724393300672211
"102553145",0.5065755410583
"102553148",0.340679109512031
"102553156",0.394736842105263
"102553173",0.342869434286943
"102553183",0.33061797752809
"102553190",0.377837391663227
"102553206",0.454545454545455
"102553210",0.56196498804658
"102553232",0.255968169761273
"102553244",0.235494880546075
"102553246",0.424974260920724
"102553253",0.140727699530516
"102553274",0.307164039331981
"102553276",0.515151515151515
"102553278",0.161986561866126
"102553281",0.4375
"102553289",0.557724115117433
"102553296",0.442922544385305
"102553299",0.553489263803681
"102553301",0.590027878360624
"102553320",0.305931198102017
"102553326",0.573598792224948
"102553329",0.31687881610266
"102553338",0.43095652173913
"102553339",0.207629768605378
"102553345",0.568189180434078
"102553349",0.445270050619979
"102553350",0.441852789085708
"102553361",0.525285151912789
"102553369",0.391304347826087
"102553373",0.713178294573643
"102553382",0.419469026548673
"102553386",0.23312076410535
"102553391",0.755865102639296
"102553402",0.473684210526316
"102553424",0.723199166341019
"102553429",0.224286633769577
"102553430",0.457831325301205
"102553441",0.604228438829444
"102553444",0.652937895128301
"102553445",0.566998244587478
"102553447",0.585755491457732
"102553451",0.362529002320186
"102553455",0.58453670276775
"102553457",0.587412587412587
"102553460",0.140833504413878
"102553465",0.234105744125326
"102553484",0.814067278287462
"102553493",0.204813972260953
"102553495",0.113659847075842
"102553498",0.394296537935389
"102553507",0.392282272678819
"102553524",0.13121647092939
"102553526",0.810167238896888
"102553528",0.19009900990099
"102553529",0.507592418054247
"102553536",0.671846671846672
"102553539",0.795652173913043
"102553541",0.825854261012762
"102553542",0.517241379310345
"102553545",0.0761808926246005
"102553550",0.812481644640235
"102553558",0.198412698412698
"102553561",0.383491172687946
"102553565",0.311765592045797
"102553568",0.355242566510172
"102553574",0.306666017431952
"102553576",0.102892287234043
"102553587",0.0963193554294085
"102553602",1.22849564228875
"102553609",0.282708531428918
"102553625",0.976680818706039
"102553626",0.631578947368421
"102553634",0.290939700030609
"102553657",0.378271013304748
"102553663",0.374204355108878
"102553678",0.465542924343395
"102553680",0.40140093110665
"102553685",0.377768662838392
"102553694",0.377837391663227
"102553697",0.8671826625387
"102553702",0.5065755410583
"102553709",1.0158836689038
"102553721",0.520028532578409
"102553722",0.292426156530109
"102553731",0.43397041356225
"102553733",0.48035451813176
"102553736",0.676837270341207
"102553737",0.414946970319822
"102553750",0.391304347826087
"102553760",0.102591792656587
"102553765",0.588592321755027
"102553770",0.391304347826087
"102553772",0.515151515151515
"102553773",0.883905013192612
"102553788",0.0727030998530544
"102553796",0.377837391663227
"102553798",0.75109952761036
"102553801",1.12084884586746
"102553820",0.0955624756714675
"102553821",0.444018666767842
"102553824",0.403054572546098
"102553825",0.123881131399928
"102553826",0.870069605568445
"102553828",1.37631532013554
"102553843",0.39551114681663
"102553847",0.541273154187321
"102553848",0.377768662838392
"102553857",0.355566335192821
"102553862",0.6243
"102553866",0.110838445807771
"102553868",0.5
"102553878",0.64327917282127
"102553881",0.163338453661034
"102553884",0.377837391663227
"102553885",0.366659260904984
"102553894",0.542850647874517
"102553902",0.502040136564243
"102553921",0.774936467598475
"102553924",0.714145671992942
"102553927",0.590236001850995
"102553935",0.5065755410583
"102553940",0.651449348550652
"102553943",0.483082265709325
"102553944",0.391304347826087
"102553962",0.116118294712585
"102553980",0.229554783706978
"102553981",0.261976394353159
"102553989",0.324587783884683
"102554003",0.928950741622413
"102554019",0.246004781678621
"102554026",0.496059002364599
"102554040",0.311460674157303
"102554045",0.528846153846154
"102554047",0.517715858273134
"102554055",0.0942125893474752
"102554058",0.489489173849065
"102554065",0.1168470312957
"102554068",0.580717910167262
"102554070",0.231352718078382
"102554073",0.379817444219067
"102554074",0.430766702276276
"102554078",0.811621233859397
"102554082",0.0919881305637982
"102554092",0.167894194979013
"102554095",0.601533966398831
"102554102",0.694915254237288
"102554106",0.523754612546125
"102554129",0.396129766647695
"102554136",0.111491628614916
"102554140",0.775417141672712
"102554142",0.346865654798849
"102554145",0.394830557151063
"102554159",0.639760837070254
"102554169",0.402110524854207
"102554173",0.307868983423208
"102554174",0.599943693693694
"102554186",0.406593406593407
"102554193",0.608433734939759
"102554198",0.695652173913043
"102554200",0.162352941176471
"102554214",0.255866692959968
"102554231",0.393685093884402
"102554241",0.645366629942465
"102554243",0.173719897124152
"102554253",0.166044866514851
"102554269",0.686136676570766
"102554272",0.625935162094763
"102554276",0.507513407316944
"102554278",0.803719008264463
"102554279",0.282972253895857
"102554284",0.505509641873278
"102554288",1.53112430568857
"102554302",0.120081411126187
"102554306",0.435739770743187
"102554307",0.375
"102554309",0.732203389830508
"102554311",0.375
"102554315",0.118818105616094
"102554317",0.449179248389069
"102554318",0.36675544414852
"102554337",0.34219833073985
"102554346",0.514814814814815
"102554355",0.575624082232012
"102554363",0.258308157099698
"102554367",0.391304347826087
"102554371",0.377627324171382
"102554372",0.316851099593781
"102554376",0.792267254536205
"102554391",0.18972190957257
"102554393",0.598669526018644
"102554395",0.465871039752726
"102554396",0.40407204385278
"102554398",0.0658437535112923
"102554403",0.378934501375166
"102554412",0.897238827213208
"102554416",0.486404833836858
"102554419",0.569698248575649
"102554430",0.394736842105263
"102554448",0.555863539445629
"102554451",0.534247220651969
"102554453",0.384615384615385
"102554457",0.118127659574468
"102554462",0.536231884057971
"102554478",0.431908384322805
"102554482",0.406593406593407
"102554489",0.595458971862026
"102554492",0.297331161508583
"102554501",0.444471490293921
"102554502",0.374625673787183
"102554505",0.605877268798617
"102554507",0.778917910447761
"102554514",0.734117647058823
"102554517",0.439686537923314
"102554533",0.689685314685315
"102554537",0.698089527262586
"102554553",0.276159871460133
"102554555",0.346661170651278
"102554563",0.543887904654534
"102554565",0.391304347826087
"102554570",0.465095143425163
"102554586",0.191411364231474
"102554599",0.377837391663227
"102554603",0.251683501683502
"102554605",0.115527407730946
"102554609",0.722833236857338
"102554624",0.814191134139321
"102554637",0.584178272980501
"102554647",0.844827586206897
"102554651",0.269656542719273
"102554654",0.595127446838473
"102554658",0.47244094488189
"102554661",0.587923166719728
"102554664",0.843765743073048
"102554669",0.212550607287449
"102554670",0.324067872292922
"102554672",0.414946970319822
"102554677",0.125420293860255
"102554680",0.653390629913007
"102554685",0.166865850014939
"102554693",0.854331784640612
"102554696",1.12045319022063
"102554698",0.289797191887675
"102554702",0.466666666666667
"102554726",0.673567645642754
"102554730",0.765069551777434
"102554734",0.377627324171382
"102554737",0.61629392971246
"102554746",0.358343583435834
"102554773",0.320269919543213
"102554786",0.548600120067675
"102554789",0.555009823182711
"102554799",0.721649484536082
"102554813",0.638849820284419
"102554815",0.603302456705598
"102554819",0.57255921091489
"102554838",0.539963167587477
"102554851",0.678523714094856
"102554854",0.375
"102554857",0.71259842519685
"102554859",0.655997056659308
"102554874",0.357142857142857
"102554878",0.741194486983155
"102554881",0.0931983766075008
"102554883",0.162859473791556
"102554897",0.421052631578947
"102554907",0.585777777777778
"102554909",0.20565236818588
"102554918",0.542484442316898
"102554921",0.294823788546256
"102554922",0.793271839392295
"102554929",0.506326376121985
"102554932",0.383714596949891
"102554935",0.644750254841998
"102554942",0.523376623376623
"102554945",0.317986494782075
"102554953",0.42392854927743
"102554959",0.433262711864407
"102554989",0.504713949003643
"102555003",0.45
"102555022",0.403096209667242
"102555023",0.280436099333737
"102555025",0.427790973871734
"102555028",0.933606717438
"102555030",0.601428571428571
"102555033",0.209924429880292
"102555035",0.631623803078157
"102555037",0.254807692307692
"102555039",0.467963963963964
"102555043",0.1981220657277
"102555048",0.443850267379679
"102555049",0.520462671778745
"102555052",0.384752804320731
"102555063",0.391304347826087
"102555070",0.627735583684951
"102555077",0.667088607594937
"102555078",0.779385171790235
"102555079",0.182344827586207
"102555094",0.545454545454545
"102555103",0.698630136986301
"102555109",0.637235612395475
"102555110",0.498921484037964
"102555114",0.738349808351826
"102555115",0.502330623306233
"102555119",0.881272084805654
"102555129",0.193285417973084
"102555134",0.836527957096037
"102555145",0.543730369654506
"102555148",0.438661710037175
"102555170",0.679190751445087
"102555172",0.189807178203743
"102555173",0.223572794318492
"102555191",0.24976613657624
"102555216",0.48380917632035
"102555217",0.113444232342514
"102555219",0.696875
"102555239",0.659770792955254
"102555240",0.220355004726394
"102555243",0.384615384615385
"102555254",0.11920605782469
"102555256",0.424087342204026
"102555257",0.523376623376623
"102555272",0.861538461538462
"102555274",0.0921954291217543
"102555284",0.513833664678595
"102555289",0.140228589001076
"102555298",0.106469689251146
"102555308",0.708305320245619
"102555317",0.115430970802068
"102555319",0.11001386962552
"102555324",2.01137642946021
"102555329",0.214517437145174
"102555331",0.116424802110818
"102555336",0.517972281923961
"102555338",0.224462022624819
"102555340",1.08197246237592
"102555354",0.432178470979289
"102555358",0.419928217398735
"102555368",0.667583333333333
"102555374",1.13312034078807
"102555375",0.535264700810485
"102555377",0.169184475558831
"102555378",0.444580886278697
"102555380",0.690313919867823
"102555382",0.187809470674385
"102555390",0.375
"102555396",0.375
"102555398",0.168687332066322
"102555410",0.379817444219067
"102555425",0.678333162270348
"102555426",0.505729564553094
"102555433",0.36875
"102555435",0.48983031801326
"102555437",0.403096209667242
"102555439",0.153846153846154
"102555445",0.421052631578947
"102555453",0.100969766115231
"102555456",0.424894316580554
"102555465",0.377768662838392
"102555469",0.254112915861493
"102555470",0.138354526681882
"102555473",0.683557165576957
"102555482",0.278255966923511
"102555487",0.391304347826087
"102555497",0.575285338015803
"102555502",0.65875
"102555503",0.376122448979592
"102555506",0.470035252643948
"102555525",0.502330623306233
"102555532",0.500703539344085
"102555540",0.275071963154865
"102555545",0.651087459509486
"102555554",0.278777589134126
"102555557",0.627197097641834
"102555566",0.429902115566782
"102555570",0.397788084195505
"102555573",0.63682277318641
"102555574",0.171703123024403
"102555576",0.377837391663227
"102555578",0.378934501375166
"102555600",0.437606064034393
"102555617",0.122121423586881
"102555619",0.561333127603765
"102555623",0.393784421715185
"102555624",0.349720379763298
"102555625",1.01015228426396
"102555634",0.353211009174312
"102555644",0.244813278008299
"102555648",0.357421875
"102555663",0.14479484571041
"102555670",0.563636363636364
"102555672",0.152801099068844
"102555687",0.282908132710504
"102555689",0.375
"102555690",0.719853836784409
"102555694",0.487179487179487
"102555727",0.22091161850198
"102555739",1.03348192174344
"102555751",0.71300380611499
"102555754",0.283084873782548
"102555762",0.313136962465822
"102555770",0.449558431848979
"102555775",0.67096194186395
"102555779",0.502958579881657
"102555783",0.262144445745054
"102555790",0.768315591734502
"102555798",0.648853583679365
"102555808",0.789771094722728
"102555814",0.179118007785421
"102555817",0.575971093044264
"102555822",0.526162790697674
"102555825",0.291311929428659
"102555826",0.391304347826087
"102555830",0.578374129800135
"102555849",0.511726602635694
"102555866",0.116071428571429
"102555869",0.855384615384615
"102555870",0.575724637681159
"102555876",0.45988475177305
"102555900",0.614498319731157
"102555902",0.115547205260686
"102555909",0.450326492537313
"102555911",0.109885832900882
"102555913",0.255958887579677
"102555914",0.520257024613374
"102555916",0.718430481517085
"102555924",0.830909090909091
"102555928",0.356096874119966
"102555965",0.37923364674957
"102555969",0.498892988929889
"102555978",0.350071394574012
"102555980",0.205290157101635
"102555981",0.751622840796567
"102555989",0.394736842105263
"102555997",0.171335807050093
"102556000",0.829338446788111
"102556005",0.535047216181596
"102556008",0.422400493674792
"102556012",0.169117647058824
"102556026",0.49003984063745
"102556031",0.0998993687677248
"102556034",0.665793413173653
"102556038",0.203707424897016
"102556039",0.459074733096085
"102556043",0.37923364674957
"102556051",0.566037735849057
"102556053",0.505834053586863
"102556078",0.601398601398601
"102556079",0.659806803863923
"102556082",0.440941231018894
"102556088",0.732292917166867
"102556095",0.825690727614639
"102556096",0.602137926412439
"102556098",0.232660455486542
"102556100",0.391304347826087
"102556108",0.260869565217391
"102556109",0.518921721099015
"102556115",0.52938354521468
"102556116",0.247549019607843
"102556119",0.0891022835517339
"102556133",0.512523012373164
"102556139",0.258780036968577
"102556145",0.797598627787307
"102556157",0.437968200580951
"102556178",0.0778273752260746
"102556190",0.61674226433736
"102556194",0.396471198754541
"102556201",0.426105717367853
"102556219",0.511191335740072
"102556241",0.292650033715442
"102556249",0.0895225934596013
"102556253",0.754454392341104
"102556271",0.617505674989985
"102556277",0.638787436084733
"102556284",0.467741935483871
"102556287",0.56596794081381
"102556290",0.243312101910828
"102556293",0.384615384615385
"102556298",0.260250173731758
"102556299",0.558843384338434
"102556302",0.126796634087702
"102556316",0.505834053586863
"102556319",0.377627324171382
"102556322",0.548527239551655
"102556333",0.71192942079018
"102556347",0.161361954108068
"102556358",0.38189914051983
"102556362",0.743362831858407
"102556392",0.912349914236707
"102556393",0.435364041604755
"102556395",0.636363636363636
"102556416",0.846586589630531
"102556459",0.287084038353074
"102556461",0.496513605442177
"102556463",0.137163861481911
"102556470",0.106274007682458
"102556477",0.791887125220459
"102556484",0.836065573770492
"102556485",0.27130112961582
"102556488",0.553729456384324
"102556495",0.299089550210626
"102556502",0.489463756399892
"102556504",0.44640282751244
"102556513",0.490091796590412
"102556543",0.679377075460896
"102556609",0.815343511450382
"102556624",0.612390294269489
"102556643",1.57320660782983
"102556650",0.491190316072629
"102556677",0.152794175521448
"102556679",0.689189189189189
"102556681",0.180716228049961
"102556684",0.480340710320177
"102556774",0.74395520488674
"102556805",0.223668754894283
"102556834",0.402154973151737
"102556873",0.47568988173456
"102556878",0.375
"102557019",0.399410297119528
"102557028",0.403145873734109
"102557104",0.376271186440678
"102557105",0.380281690140845
"102557108",0.273214375979376
"102557111",0.111740279350698
"102557118",0.785169643314058
"102557137",0.31094392950663
"102557169",0.417883211678832
"102557182",0.545439045183291
"102557192",0.372566817952597
"102557194",0.407162898168015
"102557195",0.184509803921569
"102557230",0.375
"102557269",0.205933080372542
"102557303",0.35935551932483
"102557304",0.377768662838392
"102557368",0.625739644970414
"102557393",0.552877639851685
"102557426",0.340380112932103
"102557478",0.572830420116529
"102557516",0.146541925330069
"102557532",0.694348327566321
"102557538",0.316268103738633
"102557539",0.607114624505929
"102557561",0.375
"102557607",0.315947516156407
"102723236",1.08643888693202
"103689926",0.151696420226189
"103689947",0.12152479220407
"103689966",0.328103683492497
"103689969",0.0973919071137683
"103689976",0.391447368421053
"103689991",0.3846227225031
"103690021",0.559941690962099
"103690031",0.0964884192549899
"103690045",0.056139067426103
"103690059",0.234654331791474
"103690066",0.406837080381891
"103690071",0.859087269815853
"103690083",0.220019436345967
"103690087",0.384615384615385
"103690100",0.223818932998024
"103690110",0.111869995289684
"103690119",0.65899573552576
"103690152",0.408143939393939
"103690158",0.422594142259414
"103690166",0.392849292988497
"103690174",0.710913203279615
"103690190",0.484958804368653
"103690194",0.507965358708436
"103690204",0.156717093939668
"103690221",0.131651954602774
"103690224",0.234600810139814
"103690230",0.165402124430956
"103690234",0.333618233618234
"103690241",0.338513319965626
"103690290",0.408035087719298
"103690313",0.552607913669065
"103690326",0.464797507788162
"103690331",0.988313498445374
"103690342",0.393186003683241
"103690344",0.443332334432125
"103690347",0.584273624823695
"103690391",0.482428115015974
"103690393",1.48055832502493
"103690421",0.401385266578306
"103690428",0.630659253375695
"103690435",0.331586852492228
"103690438",0.583073112953591
"103690449",0.708704253214639
"103690476",0.524481826374287
"103690477",0.495684210526316
"103690480",0.270604395604396
"103690495",0.343005748699699
"103690501",0.487179487179487
"103690517",0.742329798429531
"103690528",0.391304347826087
"103690538",0.611111111111111
"103690541",0.393685093884402
"103690543",0.3183776022972
"103690545",0.390728476821192
"103690550",0.315523278433407
"103690558",0.677105662152977
"103690562",0.379817444219067
"103690569",0.417709524587486
"103690592",0.210414578050363
"103690642",0.121212121212121
"103690707",0.522020725388601
"103690757",0.550363571343426
"103690791",0.569786643767752
"103690810",0.497090420769919
"103690816",0.496738370738526
"103690819",0.378934501375166
"103690821",0.656016177957533
"103690826",0.379817444219067
"103690827",0.138483058750389
"103690828",0.375871610403985
"103690851",0.650328058664608
"103690862",0.460419031891836
"103690870",0.104636225621862
"103690877",0.427790973871734
"103690878",0.486404833836858
"103690904",0.391304347826087
"103690912",0.193760086067778
"103690914",0.182011887406078
"103690921",0.70404984423676
"103690933",0.377837391663227
"103690944",0.394736842105263
"103690958",0.289739884393064
"103690969",0.631490787269682
"103690977",0.377627324171382
"103690996",0.132259197911961
"103691003",0.192815349027079
"103691005",0.237010676156584
"103691035",0.377627324171382
"103691043",0.502601192742038
"103691049",0.562306672558551
"103691050",0.487179487179487
"103691053",0.891445940078159
"103691054",0.236146331324049
"103691061",0.375
"103691073",0.907159264931087
"103691074",0.384615384615385
"103691076",0.212253829321663
"103691088",0.917454666814996
"103691095",0.165587419056429
"103691102",0.507592418054247
"103691104",0.280673338346735
"103691107",0.569273127753304
"103691112",0.753399456087026
"103691134",0.23413771583108
"103691146",0.139054925401233
"103691157",0.691805656272661
"103691162",0.377627324171382
"103691165",0.0854741458066874
"103691188",0.378934501375166
"103691200",0.366638620109382
"103691204",0.392574913815964
"103691207",0.221204431515752
"103691223",0.614469650521153
"103691235",0.220496306118583
"103691239",0.684029634155656
"103691241",0.374852483639095
"103691250",0.576770087509944
"103691253",0.0998013662128773
"103691261",0.156581911812037
"103691274",0.34211986681465
"103691276",0.158094322491054
"103691283",0.274779776445333
"103691288",0.362637362637363
"103691294",0.934155263514429
"103691302",0.448973607038123
"103691306",0.378934501375166
"103691337",0.808752025931929
"103691373",0.0595012426808206
"103691375",0.821231766612642
"103691380",0.394462575007896
"103691381",0.510058779700306
"103691392",0.127524064558153
"103691411",0.500703539344085
"103691412",0.764783180026281
"103691419",0.406593406593407
"103691422",0.522794552989935
"103691423",0.246516917827694
"103691428",0.555631109222269
"103691446",0.567554400779474
"103691451",0.583952451708767
"103691452",0.392282272678819
"103691456",0.505721083040671
"103691468",0.377627324171382
"103691472",0.442105263157895
"103691475",0.419682044279723
"103691511",0.696541646371164
"103691515",0.606638630219285
"103691517",0.375
"103691527",0.117361570703728
"103691564",0.144690966719493
"103691573",0.48340234878827
"103691599",0.508722214043869
"103691600",0.707179572210247
"103691602",0.743135081886467
"103691621",0.669250104733976
"103691645",0.716731609398985
"103691652",0.256047349459599
"103691658",0.443351244985999
"103691660",0.612306530766327
"103691662",0.500634786288616
"103691685",0.393123270172451
"103691688",0.0960199980394079
"103691690",0.767899845266564
"103691697",0.160406331207182
"103691705",0.375
"103691735",0.561752158984497
"103691752",0.615067466266867
"103691754",0.463008881475136
"103691765",0.592592592592593
"103691768",0.924958310172318
"103691771",0.37923364674957
"103691779",0.0885613668970914
"103691784",0.134579672212875
"103691796",0.659033789444289
"103691814",0.377837391663227
"103691816",0.566807139315816
"103691818",0.391304347826087
"103691820",0.719132606444539
"103691830",0.265248226950355
"103691844",0.88427839312283
"103691847",0.777553329023917
"103691849",0.377768662838392
"103691860",0.911532385466035
"103691864",0.497421631157552
"103691871",0.281481481481481
"103691872",0.0800624133148405
"103691888",0.513521664823565
"103691893",0.496124031007752
"103691906",0.0977373454630278
"103691911",0.536977133296152
"103691916",0.569023569023569
"103691922",0.44
"103691931",0.54627539503386
"103691939",0.101231798580628
"103691943",0.162958780350085
"103691945",0.841762643965949
"103691947",0.560170523751523
"103691954",1.02760761936729
"103691964",0.908274785323966
"103691969",0.558066434457565
"103691970",0.544503953073196
"103691971",0.684457661605885
"103691977",0.416544655929722
"103691983",0.538344392472533
"103691986",0.421052631578947
"103691988",0.503819157720892
"103691993",0.837513935340022
"103691999",0.751659292035398
"103692025",0.0952380952380952
"103692026",0.5
"103692030",0.641454081632653
"103692033",0.376673609044927
"103692036",0.401385266578306
"103692048",0.375
"103692052",0.435130204013933
"103692063",0.391304347826087
"103692065",0.816247582205029
"103692071",0.710266715381805
"103692077",0.457622257278073
"103692085",0.406593406593407
"103692087",0.208803524501469
"103692099",0.774202092438088
"103692103",0.284254603009236
"103692109",0.237720915103545
"103692150",0.543115601503759
"103692187",0.266349829527844
"103692226",0.85273492286115
"103692227",0.161162373178573
"103692231",0.358544685990338
"103692250",0.690547723596025
"103692282",0.171093094772155
"103692286",0.607681755829904
"103692300",0.536217098551316
"103692301",0.507326774126021
"103692303",0.402597402597403
"103692322",0.482142857142857
"103692323",0.384615384615385
"103692325",0.538686131386861
"103692331",0.420119502399843
"103692336",0.375886524822695
"103692338",0.499115860690397
"103692343",0.677453136454079
"103692353",0.403920568099673
"103692368",0.0718192506261821
"103692371",0.405108194395176
"103692377",0.502330623306233
"103692393",0.459552845528455
"103692399",0.432402674007078
"103692411",0.401507330167252
"103692418",0.729602817452553
"103692427",0.860824742268041
"103692433",0.370967741935484
"103692449",0.582369365775828
"103692460",0.850045682960256
"103692469",0.3666204345816
"103692495",0.399696425252463
"103692503",0.558134715025907
"103692512",0.318563041655018
"103692514",0.346114779075673
"103692519",0.443815016994541
"103692526",0.432571218975425
"103692527",0.43441020389163
"103692528",0.466666666666667
"103692531",0.114238990772106
"103692532",0.660469919958688
"103692550",0.340600181227013
"103692554",0.795199779932604
"103692563",0.696405919661734
"103692567",0.402597402597403
"103692581",0.12
"103692584",0.708630245447348
"103692619",0.595641895364375
"103692627",0.601921024546425
"103692628",0.719960728041689
"103692636",0.449558431848979
"103692665",0.640570862893912
"103692755",0.377837391663227
"103692757",0.347050983005665
"103692776",0.377627324171382
"103692782",0.0852856176597184
"103692784",0.418743768693918
"103692785",0.151766053025632
"103692815",0.682974559686888
"103692822",0.462633175208025
"103692829",0.479729253331453
"103692831",0.630940279542567
"103692848",0.706190061028771
"103692863",0.478297161936561
"103692893",0.394736842105263
"103692925",0.536842417765111
"103692937",0.162716885315277
"103692938",0.253430787589499
"103692944",0.527950310559006
"103692946",0.890129522108084
"103692950",0.0721012282144468
"103692951",0.465368656240026
"103692978",0.41438202247191
"103692984",0.129695885509839
"103692985",0.429095354523227
"103692988",0.599656357388316
"103693000",0.618452935694315
"103693002",0.421052631578947
"103693014",0.666224046354418
"103693031",0.853817504655493
"103693043",0.610740477880293
"103693045",0.443119395276774
"103693048",0.534836795252225
"103693081",0.417159763313609
"103693088",0.525
"103693090",0.227956989247312
"103693092",0.207706444880541
"103693093",0.697211155378486
"103693097",0.389744952178533
"103693100",0.889432920858186
"103693101",0.675675675675676
"103693102",0.596026490066225
"103693103",0.490566037735849
"103693105",0.371771576898118
"103693111",0.245840752989061
"103693112",0.218774860779634
"103693113",0.488789237668161
"103693122",0.690501043841336
"103693135",0.566019417475728
"103693140",0.412002243409983
"103693143",0.375452153896745
"103693157",0.307176558231934
"103693194",0.330870123581549
"103693202",0.248395199553447
"103693204",0.608265630519251
"103693208",0.377768662838392
"103693236",0.255396999634102
"103693253",0.477296093214531
"103693257",0.0903097209444956
"103693272",0.286580543105721
"103693274",0.400536403480081
"103693290",0.8746875
"103693305",0.568831168831169
"103693320",0.652724691492847
"103693330",0.151643690349947
"103693340",0.427083333333333
"103693341",0.381589618815896
"103693350",0.749306930693069
"103693354",0.244736842105263
"103693367",0.922229423201556
"103693375",0.537037037037037
"103693395",0.0972752402264051
"103693406",0.391304347826087
"103693410",0.570126527986275
"103693415",0.223882762623331
"103693419",0.0990081154192967
"103693420",0.14833438089252
"103693430",0.171683557706852
"103693432",0.191471571906355
"103693436",0.821415866239772
"103693460",0.47498549042368
"103693474",0.451585663351473
"103693490",0.583682425693198
"103693494",0.647539669818881
"103693495",0.115848479701036
"103693496",0.626107318174124
"103693502",0.21934509986066
"103693505",0.200557103064067
"103693508",0.13585774593834
"103693516",0.526164716272908
"103693538",0.393123270172451
"103693540",0.437971213159698
"103693543",0.5483
"103693549",0.769513190100625
"103693553",0.717752659574468
"103693556",0.664394504207051
"103693572",0.777912474239302
"103693581",0.271344455348381
"103693593",0.409256900212314
"103693635",0.225306871630148
"103693640",0.708333333333333
"103693653",0.830170777988615
"103693666",0.18574351243674
"103693683",0.201741105223316
"103693688",0.377768662838392
"103693695",0.496931238947259
"103693700",0.897245910806655
"103693717",0.209003215434084
"103693719",0.683781581092095
"103693729",0.118590298206149
"103693748",0.377837391663227
"103693764",0.586191970565956
"103693769",0.353253652058433
"103693771",0.394736842105263
"103693790",0.566262093227792
"103693799",0.235971647962197
"103693803",0.379817444219067
"103693818",0.0648056815940028
"103693859",0.196779964221825
"103693862",0.55893536121673
"103693867",0.171682169128822
"103693868",0.356121449559256
"103693876",0.675106567097208
"103693880",0.322038567493113
"103693912",0.459459459459459
"103693914",0.134596447000433
"103693925",0.453416149068323
"103693929",0.4
"103693959",0.284795713328868
"103693975",0.515151515151515
"103693978",0.37923364674957
"103693990",0.375
"103694002",0.375
"103694011",0.377627324171382
"103694018",0.121799234084571
"103694025",0.517830731306491
"103694026",0.373874098034337
"103694034",0.377627324171382
"103694036",0.394736842105263
"103694039",0.30561797752809
"103694041",0.657611111111111
"103694081",0.377627324171382
"103694084",0.194302918017601
"103694097",0.332093640085337
"103694102",0.662413660782809
"103694107",0.452830188679245
"103694125",0.379817444219067
"103694135",0.727572559366755
"103694167",0.365940476582842
"103694169",0.4880533006586
"103694176",0.149521093807121
"103694180",0.364405574516496
"103694196",0.593919223826715
"103694199",0.379817444219067
"103694233",0.796052631578947
"103694247",0.604682470002927
"103694249",0.397161448509996
"103694260",0.375
"103694271",0.698453013160933
"103694278",0.461538461538462
"103694285",0.377551020408163
"103694288",0.432896227942367
"103694298",0.582565556343019
"103694321",0.075592382613752
"103694327",0.670064794816415
"103694328",0.042645124929551
"103694333",0.379817444219067
"103694354",0.148436838092011
"103694391",0.693945771945029
"103694394",0.70281543274244
"103694404",0.378778778778779
"103694416",0.727123107307439
"103694417",0.429693818601964
"103694419",0.391304347826087
"103694426",0.421107055961071
"103694446",0.309258168462631
"103694460",0.129509962304793
"103694470",0.179649265905383
"103694491",0.0907693698580598
"103694504",0.515151515151515
"103694532",0.452830188679245
"103694534",0.378934501375166
"103694537",0.0614180697178089
"103694540",0.503819157720892
"103694543",0.82001518859168
"103694552",0.253364737550471
"103694557",0.538461538461538
"103694790",0.394736842105263
"103694973",0.378934501375166
"103694999",0.421052631578947
"103695057",0.273910387506308
"103695171",0.585093167701863
"103695230",0.403096209667242
"103695237",0.378934501375166
"103695239",0.375
"104798324",0.207565470417071
"104845258",0.256410256410256
"104845260",0.145387611374913
"104940696",0.15010183299389
"105841163",0.384615384615385
"105841230",0.231960471212076
"106146145",0.234216199568833
"106182183",0.352426961122613
"106345158",0.113186042433807
"106345160",0.13691761801913
"106455137",0.282914080365893
"106456572",0.658515130190007
"106736471",0.822429906542056
"106736478",0.341948908220311
"108348040",0.996573934493627
"108348073",0.0988868557487039
"108348097",0.666666666666667
"108348102",0.174716369529984
"108348108",0.148296202408229
"108348123",0.155952919873246
"108348125",0.148501622447032
"108348150",0.414698162729659
"108348166",0.130813953488372
"108348171",0.63
"108348181",0.602983917845379
"108348201",0.136656493726687
"108348204",0.517428184475016
"108348215",0.35547306902543
"108348219",0.564621433466796
"108348224",0.128195197521301
"108348225",0.0928735632183908
"108348229",0.240956275558352
"108348230",0.15079612862941
"108348241",0.421675977653631
"108348293",0.0826870880186119
"108348301",0.871222611387147
"108348331",0.280717659970416
"108348336",0.136946667952551
"108348337",0.211817553559088
"108348374",0.517720475685859
"108348383",0.105572795448668
"108348384",0.167749188108918
"108348385",0.441022130960529
"108348388",0.52967390164622
"108348397",0.75914907490423
"108348401",0.8
"108348402",0.18342448464451
"108348409",0.820388349514563
"108348410",0.855555555555556
"108348411",0.432530999270605
"108348412",0.604622871046229
"108348413",0.247531270572745
"108348437",0.435738049378393
"108348449",0.66708043694141
"108348486",0.435575694202393
"108348488",0.5
"108348493",0.739767915947938
"108348495",0.24227331650406
"108348498",0.739372268573699
"108348502",0.694736842105263
"108348503",0.742616033755274
"108348505",0.472702484972424
"108348509",1.41625089094797
"108348510",0.545776727702304
"108348512",0.649003342825306
"108348513",0.394736842105263
"108348514",0.644435197094651
"108348525",0.22301083302204
"108348527",0.573380206479174
"108348529",0.633085752869683
"108348536",0.841115290993583
"108348537",0.558620689655172
"108348545",0.414946970319822
"108348547",0.69905100020482
"108348552",0.523980763398466
"108348554",0.799170795833755
"108348555",0.394736842105263
"108348562",0.714285714285714
"108348564",0.377627324171382
"108348573",0.859866638883101
"108348574",0.520166107287104
"108348578",0.205063868613139
"108348590",0.378608527599952
"108348591",1.58895089285714
"108348614",0.391304347826087
"108348616",0.266572060147914
"108348619",0.226231273866641
"108348621",0.621484414661387
"108348625",0.837992495309568
"108348727",1.06883449031787
"108348739",0.223926855726019
"108348741",0.377627324171382
"108348747",0.375
"108348750",0.394736842105263
"108348751",0.551850345668971
"108348755",0.49003984063745
"108348758",0.488789237668161
"108348765",0.678926794598436
"108348767",0.487179487179487
"108348771",0.103389561150589
"108348772",0.406786309698931
"108348778",0.890134529147982
"108348781",0.459593658892128
"108348786",0.589416058394161
"108348790",0.500154910668181
"108348793",0.151342281879195
"108348794",0.272599388379205
"108348798",0.179447115384615
"108348800",0.776871756856931
"108348801",0.377768662838392
"108348805",0.461622264038823
"108348808",0.375
"108348809",0.5
"108348813",0.506260995550036
"108348823",0.328830926874709
"108348824",0.524916943521595
"108348828",0.660268956373508
"108348829",0.539657666345227
"108348833",0.07569582935923
"108348835",0.379817444219067
"108348860",0.684139133804864
"108348868",0.640463917525773
"108348893",0.702983138780804
"108348901",0.430469144106272
"108348906",0.100946555992428
"108348917",0.391304347826087
"108348918",0.533104041272571
"108348923",0.394736842105263
"108348937",0.394736842105263
"108348942",0.378934501375166
"108348948",0.377837391663227
"108348955",0.527525665823538
"108348963",0.540415891253338
"108348964",0.46875
"108348965",0.375
"108348969",0.375
"108348970",0.477495107632094
"108348974",0.75204765450484
"108348977",0.498100972672534
"108348980",0.256812849666125
"108348984",0.377627324171382
"108348989",0.399141072358147
"108348999",0.175159147138131
"108349002",0.568340667874709
"108349007",0.400561973150172
"108349010",0.0498136610622742
"108349017",0.72127417519909
"108349024",0.391304347826087
"108349027",0.210472213299068
"108349032",0.230702942262711
"108349035",0.5065755410583
"108349036",0.637763371150729
"108349039",0.550716905635212
"108349043",0.595971959497051
"108349045",0.568540521369037
"108349047",0.823734341412794
"108349051",0.456620486032251
"108349058",0.743273542600897
"108349059",0.375432719151312
"108349062",0.27490871152843
"108349071",0.391304347826087
"108349079",0.377768662838392
"108349084",0.271839292296351
"108349085",0.624147613317288
"108349099",0.172331747110809
"108349100",0.533104041272571
"108349102",0.13937741822019
"108349162",0.407407407407407
"108349187",0.161024917724495
"108349189",0.131210048222496
"108349194",0.58215047778087
"108349205",0.530487804878049
"108349225",0.359879336349925
"108349234",0.467454577526901
"108349236",0.307672502574665
"108349237",0.254625327363352
"108349241",0.0921381431408983
"108349244",0.17298937784522
"108349247",0.391304347826087
"108349256",0.0526315789473684
"108349434",0.462878858096209
"108349446",0.15421234369238
"108349447",0.5
"108349449",0.228160254555973
"108349450",0.711486118671747
"108349455",0.197222643800273
"108349463",0.435897435897436
"108349465",0.378934501375166
"108349467",0.452830188679245
"108349468",0.271884498480243
"108349469",0.540585647094523
"108349471",0.132250463728882
"108349475",0.538083968796564
"108349479",0.180628272251309
"108349487",0.486238532110092
"108349488",0.37923364674957
"108349489",0.503796941641527
"108349497",0.461538461538462
"108349499",0.415014314494751
"108349512",0.488534396809571
"108349515",0.141788276032649
"108349518",0.392282272678819
"108349524",0.120051299208208
"108349526",0.166649436576036
"108349528",0.476129269188395
"108349532",0.171483097055616
"108349540",0.470010405827263
"108349548",0.296528470342404
"108349549",0.531634249944109
"108349559",0.375
"108349563",0.374273181679078
"108349564",0.310148514851485
"108349566",0.465694069009381
"108349570",0.11162176439514
"108349578",0.45347533632287
"108349586",0.504051740536428
"108349625",0.461145270020001
"108349628",0.139812192577135
"108349630",0.6243
"108349640",0.254507852388031
"108349642",0.392407762849222
"108349643",0.190426435055182
"108349644",0.421052631578947
"108349648",0.383014998393912
"108349659",0.528929333782721
"108349660",0.83263422818792
"108349665",0.384615384615385
"108349679",0.757142857142857
"108349682",0.976103799122562
"108349685",0.343539340297432
"108349691",0.954975035663338
"108349708",0.506260995550036
"108349710",0.200222882615156
"108349720",0.549295774647887
"108349721",0.61095850802371
"108349732",0.37923364674957
"108349752",0.699113409678611
"108349756",0.377768662838392
"108349781",0.0589299171062547
"108349783",0.129981024667932
"108349814",0.4225432211101
"108349828",0.576694052913243
"108349831",0.393305439330544
"108349848",0.742568868793436
"108349908",1.05259026687598
"108349914",0.898763082778306
"108349917",0.264278187565859
"108349921",0.711136787841081
"108349932",0.351276126457305
"108349939",0.377627324171382
"108349941",0.514895932526187
"108349943",0.434658866313543
"108349945",0.442719181973111
"108349957",0.567638507510903
"108349962",0.3
"108349968",0.513801756587202
"108349973",0.22031510183169
"108349981",0.605696293115787
"108349983",0.346777233320769
"108349988",0.37923364674957
"108349997",0.194704416121902
"108350009",0.835861650485437
"108350015",0.116238909069255
"108350017",0.393248855286977
"108350022",0.697095435684647
"108350028",0.667811069496463
"108350029",0.128167436651267
"108350036",0.515347067096881
"108350043",0.544088375796178
"108350048",0.406388415672913
"108350049",0.402597402597403
"108350052",0.536133631534806
"108350055",0.565178571428571
"108350066",0.163526517392794
"108350069",0.647619047619048
"108350082",0.588190764572294
"108350091",0.908142319534725
"108350096",0.6243
"108350099",0.145226751367567
"108350102",0.84990253411306
"108350107",0.673026040941373
"108350109",0.427790973871734
"108350123",0.384615384615385
"108350125",0.341103873842989
"108350126",0.537787400762965
"108350152",0.717139614074915
"108350175",0.108461101646792
"108350210",0.19710515112814
"108350211",0.394736842105263
"108350241",0.528523489932886
"108350243",0.504943584971502
"108350287",0.382464454976303
"108350290",0.396765498652291
"108350291",0.37923364674957
"108350339",0.377627324171382
"108350340",0.10598197213876
"108350341",0.583368961094485
"108350345",0.506768397735663
"108350352",0.148864592094197
"108350355",0.490407596408501
"108350365",0.562289562289562
"108350366",0.384615384615385
"108350367",0.377837391663227
"108350369",0.555826380425612
"108350373",0.498921484037964
"108350374",0.120251572327044
"108350379",0.391304347826087
"108350383",0.24120145631068
"108350387",0.192428035043805
"108350389",0.571385602566673
"108350393",0.122743682310469
"108350396",0.378934501375166
"108350414",0.506260995550036
"108350417",0.230812897366031
"108350422",0.545793163891323
"108350427",0.456528501438681
"108350445",0.359500693481276
"108350448",0.537697012467655
"108350455",0.391304347826087
"108350458",0.690606060606061
"108350459",0.424253296259754
"108350462",0.474452554744526
"108350472",0.438669438669439
"108350484",0.369240348692403
"108350487",0.723688969258589
"108350489",0.198080857562747
"108350501",0.439816281279696
"108350502",0.215031722791606
"108350503",0.386523808285439
"108350508",0.288245850157021
"108350509",0.507965358708436
"108350515",0.496172516803585
"108350520",0.384615384615385
"108350521",0.63323782234957
"108350523",0.410430531033546
"108350531",1.00594388968141
"108350532",0.431266846361186
"108350535",0.379817444219067
"108350538",0.485386447282962
"108350541",0.555009823182711
"108350542",0.283437283437283
"108350561",0.552023121387283
"108350574",0.403416300634456
"108350578",0.375
"108350580",0.497488567358872
"108350588",0.569191972260166
"108350599",0.651125767568797
"108350624",0.76694045174538
"108350647",0.607924528301887
"108350659",0.255460588793922
"108350685",0.373700676152992
"108350687",0.958444764451759
"108350688",0.150776053215078
"108350691",0.514285714285714
"108350703",0.709391534391534
"108350705",0.691375968992248
"108350719",0.430252100840336
"108350721",0.114501275934761
"108350725",0.454894836140032
"108350727",0.309947944027891
"108350739",0.394736842105263
"108350742",0.484627410109432
"108350745",0.15037037037037
"108350763",0.394736842105263
"108350764",0.59358726380003
"108350772",0.528980257199783
"108350781",0.237120359955006
"108350830",0.377768662838392
"108350834",0.160510281797411
"108350839",0.488789237668161
"108350862",0.377627324171382
"108350876",0.557932263814617
"108350878",0.378934501375166
"108350923",0.261904761904762
"108350931",0.402780923049051
"108350932",0.369409367153099
"108350947",0.185264011350968
"108350948",0.688206416257564
"108350949",0.378934501375166
"108350950",0.314281008071158
"108350951",0.379817444219067
"108350959",0.485563041385948
"108350962",0.32964267740312
"108350963",0.611111111111111
"108350968",0.429494455601153
"108350978",0.52112676056338
"108350981",0.391304347826087
"108350985",0.217808817110432
"108350992",0.269819542353934
"108350993",0.377837391663227
"108350995",0.377837391663227
"108350996",0.259766056058265
"108350998",0.375
"108351007",0.377627324171382
"108351012",0.6625
"108351020",0.391304347826087
"108351021",0.301980198019802
"108351024",0.143181818181818
"108351027",0.245443645083933
"108351029",0.52991452991453
"108351031",0.802366040361865
"108351032",0.743400996356607
"108351035",0.331939325205557
"108351036",0.696954228347797
"108351039",0.194450328320271
"108351040",0.490853658536585
"108351041",0.375
"108351043",0.394736842105263
"108351047",0.243554580362041
"108351048",0.336306098964327
"108351054",0.373305439330544
"108351056",0.435211773151472
"108351058",1.24476126686442
"108351059",0.625630676084763
"108351065",0.769736287808577
"108351067",1.19666931007137
"108351073",0.358723103343772
"108351097",0.846927775781531
"108351105",0.483624898291294
"108351136",0.464797507788162
"108351144",0.482840029729375
"108351157",0.375
"108351161",0.8247869636717
"108351164",0.455735180908391
"108351172",0.7268446943078
"108351176",0.216185942313078
"108351178",0.391304347826087
"108351183",0.80486086650229
"108351184",0.567750677506775
"108351187",0.393186200985644
"108351190",0.377837391663227
"108351200",0.11710248497645
"108351214",0.459819324430479
"108351220",0.56907659269864
"108351221",0.722920696324952
"108351223",0.659462574742454
"108351230",0.924944812362031
"108351240",0.377627324171382
"108351250",0.375
"108351251",0.63381555153707
"108351255",0.64195540173831
"108351259",0.682155309033281
"108351262",0.611947264029868
"108351266",0.409341219661432
"108351280",0.6875
"108351288",0.244690553745928
"108351290",0.391304347826087
"108351291",0.252156469408225
"108351292",0.308262108262108
"108351293",0.555392131113095
"108351299",0.238718775181305
"108351300",0.507940359675375
"108351302",0.665537459283388
"108351305",0.231529411764706
"108351315",0.571428571428572
"108351349",0.758251414135867
"108351362",0.507965358708436
"108351370",0.391304347826087
"108351377",0.627898866608544
"108351379",0.377627324171382
"108351405",0.254367728051939
"108351412",0.43037037037037
"108351419",0.455679637061595
"108351425",0.283734249713631
"108351427",0.460579064587973
"108351430",0.687329079307201
"108351432",0.447568564185296
"108351461",0.276527331189711
"108351462",0.510869565217391
"108351469",0.194103194103194
"108351471",0.393519974834854
"108351472",0.296926290659505
"108351482",0.447990543735225
"108351485",0.527232351566152
"108351495",0.298407000224366
"108351497",0.125239005736138
"108351498",0.296551010910595
"108351507",0.612655800575264
"108351520",0.78174856413529
"108351522",0.47898872565767
"108351526",0.573979591836735
"108351528",0.377627324171382
"108351529",0.194086387791252
"108351533",0.446132339235788
"108351537",0.384615384615385
"108351542",0.512494639585201
"108351545",0.629757204066202
"108351546",0.620847853897393
"108351548",0.658662535502195
"108351553",0.395825128003151
"108351554",0.318418718119317
"108351555",0.303956993037807
"108351558",0.377627324171382
"108351572",0.38216348289649
"108351584",0.101172529313233
"108351587",0.234788123835573
"108351591",0.243498362550568
"108351593",0.463403476669716
"108351595",0.296300380437779
"108351597",0.375
"108351599",0.864353692326226
"108351603",0.103014294592915
"108351606",0.202138813168379
"108351649",0.580764242242841
"108351654",0.91031149301826
"108351659",0.138297872340426
"108351660",0.591762568140521
"108351663",0.729145211122554
"108351664",0.511527603513174
"108351669",0.854812398042414
"108351684",0.486842105263158
"108351685",0.234129973293159
"108351686",0.563944286166508
"108351689",0.717129515851561
"108351691",0.722983257229832
"108351693",0.377627324171382
"108351703",0.240080506037953
"108351705",0.855088360755637
"108351706",0.515761171889486
"108351715",0.858367578291059
"108351719",0.16343243724408
"108351727",0.40884712136314
"108351729",0.703608512388198
"108351734",0.126751096646385
"108351742",0.502330623306233
"108351748",0.762452107279693
"108351750",0.198808234019502
"108351752",0.215896181071397
"108351754",0.668874172185431
"108351758",0.541089566020314
"108351767",0.585755491457732
"108351773",0.284037558685446
"108351778",0.5
"108351781",0.506072611547704
"108351782",0.304974363215349
"108351789",0.401385266578306
"108351790",0.768450039339103
"108351802",0.765240904621436
"108351804",0.377837391663227
"108351806",0.143290919606709
"108351821",0.575460542693552
"108351843",0.60398078242965
"108351848",0.681196581196581
"108351878",0.206102556858313
"108351887",0.406388415672913
"108351892",0.853815762112705
"108351893",0.794627383015598
"108351895",0.52605459057072
"108351896",0.375
"108351903",0.752475247524752
"108351918",0.453867524491885
"108351921",0.561156235069278
"108351926",0.681918547595682
"108351929",0.471547662196448
"108351931",0.537863282848956
"108351932",0.384615384615385
"108351935",0.393519974834854
"108351936",0.41400574421355
"108351943",0.507965358708436
"108351945",0.502330623306233
"108351947",0.425220429213109
"108351952",0.375
"108351955",0.39722798415991
"108351956",0.234171800136893
"108351964",0.502560273095797
"108351965",0.844269596199525
"108351966",0.627323263518446
"108351970",0.42156862745098
"108351974",0.520408163265306
"108351976",0.419912609238452
"108351978",0.542069682787311
"108351980",0.634245429561477
"108351981",0.415718322767891
"108351992",0.377768662838392
"108351994",0.70950509021268
"108351999",0.729831144465291
"108352001",0.401385266578306
"108352013",0.311672138571267
"108352017",1.17669358826438
"108352024",0.46234309623431
"108352025",0.550297973778308
"108352034",0.414946970319822
"108352035",0.375
"108352046",0.391304347826087
"108352048",0.57875698783295
"108352053",0.199553090459279
"108352059",0.166757791142701
"108352061",0.327134896980692
"108352063",0.572891072891073
"108352064",0.313533374157991
"108352066",0.37923364674957
"108352067",0.480734651939378
"108352068",0.539039218023602
"108352070",0.448048756512336
"108352076",0.545047015088563
"108352082",0.163771712158809
"108352083",0.378934501375166
"108352086",0.413667977018446
"108352105",0.507326774126021
"108352107",0.643498817966903
"108352110",0.505617184882101
"108352124",0.520469856624633
"108352129",0.787988714228134
"108352130",0.877381088171552
"108352132",0.328037255170525
"108352133",0.64225352112676
"108352136",0.548334115438761
"108352137",0.32015496639283
"108352143",0.563161711385062
"108352144",0.514854517611026
"108352146",0.570789259560618
"108352148",0.575
"108352150",0.0981164980816184
"108352151",0.574236721037223
"108352157",0.375
"108352160",0.352412020561487
"108352161",0.195497691788993
"108352162",0.377837391663227
"108352165",0.175230514618961
"108352174",0.627305665349144
"108352182",0.180875915719761
"108352184",0.377768662838392
"108352191",0.701863354037267
"108352196",0.852204408817635
"108352198",0.230210065915111
"108352200",0.379817444219067
"108352204",0.73371104815864
"108352208",0.179776867674057
"108352212",0.711941008563273
"108352213",0.580717910167262
"108352222",0.378934501375166
"108352227",0.776831345826235
"108352292",0.589815792561305
"108352294",0.517236024844721
"108352304",0.676751158353775
"108352305",0.51843137254902
"108352311",0.630357378346301
"108352312",0.797297297297297
"108352316",0.223739495798319
"108352323",0.144984802431611
"108352328",0.506832871652816
"108352332",0.391304347826087
"108352339",0.283829462435939
"108352341",0.539942387409541
"108352342",0.610925363921609
"108352343",0.5
"108352348",0.124376336421953
"108352349",0.828004901414726
"108352352",0.572166349551509
"108352363",0.160450183969411
"108352364",0.369000786782061
"108352369",0.586694345591143
"108352379",0.642138364779874
"108352383",0.450608272506083
"108352384",0.301629132726402
"108352385",0.491087891825446
"108352389",0.390728476821192
"108352392",0.529411764705882
"108352411",0.606707147234137
"108352413",0.585074626865672
"108352416",0.972833117723157
"108352417",0.585755491457732
"108352423",0.506324506324506
"108352424",0.133273426336491
"108352432",0.627485011044494
"108352435",0.594594594594595
"108352444",0.804974271012007
"108352445",0.390728476821192
"108352447",0.325202422263047
"108352448",0.634243395600752
"108352451",0.371159811868308
"108352455",0.155187835420394
"108352458",0.530214424951267
"108352460",0.377627324171382
"108352466",0.391304347826087
"108352468",0.719954932398598
"108352469",0.322462693942089
"108352470",0.63716814159292
"108352502",0.49003984063745
"108352518",0.5483
"108352526",0.23440262035978
"108352532",0.339910485235522
"108352533",0.392282272678819
"108352538",0.391304347826087
"108352541",0.254933678421223
"108352551",0.248621025308241
"108352560",0.658450704225352
"108352565",0.446428571428571
"108352567",0.297078889845665
"108352568",0.724156058728549
"108352569",0.540675409075084
"108352577",0.715307582260372
"108352578",0.427218152778543
"108352579",0.18580140028608
"108352580",0.556685465606821
"108352581",0.831803191015242
"108352582",0.117309697601668
"108352583",0.650899182561308
"108352584",0.480615550755939
"108352585",0.394736842105263
"108352586",0.556313993174061
"108352595",0.45879294043492
"108352599",0.2781510346681
"108352604",0.66789667896679
"108352650",0.205365949891497
"108352653",0.377627324171382
"108352654",0.445608167576131
"108352688",0.244227971408691
"108352690",0.314814814814815
"108352694",0.37923364674957
"108352699",0.378934501375166
"108352702",0.264218009478673
"108352705",0.619326683291771
"108352706",0.871801304565981
"108352708",0.551319497822188
"108352710",0.595057034220532
"108352720",0.976458752515091
"108352727",0.826797385620915
"108352734",0.529411764705882
"108352735",0.506849315068493
"108352740",0.41296801962327
"108352745",0.109536435951358
"108352749",0.394736842105263
"108352757",0.109316101238557
"108352765",0.523456790123457
"108352768",0.171018139876271
"108352771",0.57238158772515
"108352775",0.344227604044204
"108352780",0.39153383299905
"108352788",0.790322580645161
"108352789",0.42
"108352794",0.507965358708436
"108352804",0.488789237668161
"108352807",0.190719114935464
"108352810",0.374583178955169
"108352814",0.411706308169597
"108352815",0.377837391663227
"108352823",0.377768662838392
"108352824",0.747311827956989
"108352829",0.846927775781531
"108352839",0.769607843137255
"108352841",0.432402674007078
"108352846",0.307305246786515
"108352851",0.427029600825331
"108352861",0.307221447388811
"108352868",0.550232006042948
"108352871",0.365534393612147
"108352872",0.74823137744486
"108352885",0.365219958665486
"108352894",0.120234604105572
"108352895",0.51534756161879
"108352900",0.487897742725048
"108352908",0.466202876750964
"108352909",0.232521326180635
"108352922",0.180301384362553
"108352923",0.197830928633679
"108352925",0.454545454545455
"108352928",0.258490566037736
"108352942",0.512978986402967
"108352943",0.706342311033884
"108352944",0.333333333333333
"108352945",0.394736842105263
"108352946",0.93458064516129
"108352947",0.367202913947488
"108352949",0.227015035740695
"108352954",0.500703539344085
"108352955",0.377627324171382
"108352956",0.393685093884402
"108352959",0.22279792746114
"108352963",0.582242582897033
"108352964",0.394736842105263
"108352965",0.51560520557411
"108352966",0.391304347826087
"108352970",0.391304347826087
"108352977",0.377768662838392
"108352979",0.379817444219067
"108352981",0.485495165055018
"108352982",0.668028177351566
"108353015",0.652941176470588
"108353024",0.363493385142011
"108353025",0.530487804878049
"108353026",0.331897979463398
"108353033",0.375
"108353034",0.394736842105263
"108353040",0.507965358708436
"108353065",0.6243
"108353073",0.800276000501819
"108353079",0.375
"108353080",0.377627324171382
"108353112",0.92140659870921
"108353117",0.5483
"108353137",0.186836935166994
"108353138",0.813089993706734
"108353148",0.515653894818804
"108353155",0.378934501375166
"108353164",0.592592592592593
"108353168",0.533906922174423
"108353179",0.391304347826087
"108353188",0.106225511536787
"108353189",0.432699755705178
"108353197",0.410431186336831
"108353202",0.425097228375917
"108353207",0.149952696310312
"108353232",0.639357429718876
"108353238",0.274737322978529
"108353239",0.142018040696455
"108353253",0.203528929011079
"108353263",0.454572713643178
"108353310",0.435897435897436
"108353311",0.461538461538462
"108353316",0.576079644827122
"108353403",0.780905752753978
"108353413",0.378934501375166
"108353425",0.371468784558158
"108353429",0.708740991263035
"108353803",0.682129762474095
"113939903",0.375
"117903915",0.0568680104694245
"120093044",0.384615384615385
"120093050",0.394736842105263
"120093052",0.757269590931493
"120093053",0.124178082191781
"120093056",0.13960840301856
"120093057",0.214589235127479
"120093063",0.378934501375166
"120093064",0.435897435897436
"120093065",0.440807707535964
"120093066",0.582392776523702
"120093068",0.394736842105263
"120093070",0.283592824504992
"120093071",1.39304713596437
"120093072",0.114316727605119
"120093073",0.131541725601132
"120093074",0.249815614792962
"120093075",0.167047861075815
"120093077",0.533104041272571
"120093083",0.224438902743142
"120093085",0.666041275797373
"120093086",0.500204960032794
"120093089",0.392407762849222
"120093092",0.0824445573048925
"120093093",0.379817444219067
"120093094",0.5
"120093097",0.265871489034244
"120093098",0.500204960032794
"120093100",0.573363880864628
"120093101",0.334683357879234
"120093103",0.656322541233965
"120093105",0.260686333534016
"120093108",0.454545454545455
"120093109",0.485427855352667
"120093110",0.406593406593407
"120093114",0.881913035690296
"120093115",0.25602785060386
"120093117",0.373700676152992
"120093118",0.128935979704522
"120093119",0.533104041272571
"120093120",0.542372881355932
"120093124",0.133866481223922
"120093125",0.794660894660895
"120093129",0.378934501375166
"120093131",0.357928802588997
"120093134",0.202822906711755
"120093136",0.460103074462413
"120093142",0.132089369015468
"120093143",0.693788819875776
"120093145",0.190561682482688
"120093149",0.286283626702092
"120093153",0.375
"120093155",0.114963567883417
"120093156",0.067445532049258
"120093158",0.724086625888577
"120093159",0.398589065255732
"120093163",0.968146214099217
"120093165",0.5
"120093167",0.170157684160979
"120093168",0.1578509185769
"120093171",0.647058823529412
"120093172",0.571428571428571
"120093174",0.559064482029598
"120093186",0.765355110121257
"120093187",0.694910407929851
"120093188",0.502560273095797
"120093190",0.15449968533669
"120093191",0.636363636363636
"120093192",0.509732360097324
"120093193",0.442895948978387
"120093194",0.443058443058443
"120093195",0.158969598514737
"120093196",0.27214128498061
"120093197",0.841211653482539
"120093199",0.377837391663227
"120093200",0.974907328200741
"120093201",0.481719050673509
"120093202",0.391304347826087
"120093203",0.520011858879336
"120093204",0.667413715822501
"120093205",0.438422350041085
"120093206",0.876807895184618
"120093208",0.661239344890336
"120093209",0.878798777198346
"120093210",0.746447193538493
"120093214",0.541459051999489
"120093215",0.377837391663227
"120093216",0.38362361456684
"120093217",0.696682464454976
"120093218",0.809636454183267
"120093226",0.434774902516838
"120093230",0.589989039093898
"120093231",0.6767279441278
"120093238",0.850773483912711
"120093240",0.377768662838392
"120093243",0.616566178581683
"120093247",0.692888186487554
"120093250",0.446428571428571
"120093251",0.377837391663227
"120093256",0.713564213564214
"120093257",0.377768662838392
"120093261",0.431626888043353
"120093266",0.543168931207874
"120093273",0.507326774126021
"120093274",0.556699889258029
"120093291",1.38102409638554
"120093302",1.96820809248555
"120093313",1.38102409638554
"120093324",1.96820809248555
"120093335",1.96820809248555
"120093414",0.632384577196757
"120093420",0.748855043135584
"120093421",0.391304347826087
"120093422",0.485022098543133
"120093427",0.453504838329006
"120093477",0.718835205584033
"120093479",0.490196078431373
"120093523",0.5
"120093524",0.5146771037182
"120093526",0.107975721435417
"120093527",0.830274605764002
"120093528",0.548334115438761
"120093529",0.683303234280085
"120093530",0.524689547276816
"120093532",0.928476527900797
"120093534",0.504713949003643
"120093535",0.377837391663227
"120093536",0.574148296593186
"120093537",0.109905189620758
"120093538",0.102082324455206
"120093540",0.393046754581264
"120093542",0.475484187300809
"120093543",0.618183758403586
"120093545",0.783018867924528
"120093546",0.403920568099673
"120093550",0.469169126950654
"120093551",0.447135460163688
"120093552",0.638525620142412
"120093553",0.377837391663227
"120093554",0.546643226019119
"120093556",0.4575760618536
"120093557",0.622051154705736
"120093558",0.370785946385053
"120093559",0.197294385250808
"120093560",0.365682510260823
"120093562",0.495352839931153
"120093563",0.689855072463768
"120093564",0.5
"120093565",0.507477034821619
"120093566",0.391304347826087
"120093567",0.162150611163347
"120093569",0.377627324171382
"120093570",0.445840324098703
"120093576",0.71588819418904
"120093578",0.584505585436492
"120093580",0.397818415142765
"120093582",0.394296537935389
"120093583",0.43744998666311
"120093584",0.467118160755658
"120093585",0.504713949003643
"120093589",0.166666666666667
"120093590",0.451836185348971
"120093591",0.663987635239567
"120093592",0.375
"120093593",0.500419023674838
"120093594",0.499463404163984
"120093595",0.526112185686654
"120093597",0.378934501375166
"120093598",0.751105868475376
"120093599",0.764003294892916
"120093600",0.486842105263158
"120093601",0.614579294300116
"120093603",0.378934501375166
"120093607",0.394736842105263
"120093608",0.449535254905643
"120093609",0.660759493670886
"120093610",0.407407407407407
"120093611",0.260472972972973
"120093612",0.391304347826087
"120093614",0.377837391663227
"120093616",0.394736842105263
"120093617",0.399589743589744
"120093618",0.384615384615385
"120093620",0.505834235534705
"120093621",0.377627324171382
"120093622",0.106986128625473
"120093625",0.325712428215408
"120093628",0.597225693576606
"120093629",0.335598536330371
"120093631",0.463424038779332
"120093634",0.391304347826087
"120093635",0.767233661593554
"120093636",0.587395957193817
"120093637",0.181609547123623
"120093638",0.761904761904762
"120093639",0.675041505257333
"120093640",0.845212943400423
"120093645",0.931766398848783
"120093648",0.518659933489346
"120093650",0.377627324171382
"120093651",0.378934501375166
"120093655",0.459552845528455
"120093657",0.572289156626506
"120093659",0.373809523809524
"120093662",0.6876220703125
"120093663",0.484724292101341
"120093666",0.223030907278166
"120093667",0.391304347826087
"120093668",0.827601809954751
"120093671",0.500308397215614
"120093672",0.404328949852136
"120093676",0.258854781582054
"120093677",0.760168598524763
"120093678",0.690410760775239
"120093681",0.377768662838392
"120093682",0.58974358974359
"120093683",0.511338199513382
"120093684",0.872181232463889
"120093686",0.706500833440185
"120093687",0.290310335009965
"120093688",0.131178707224335
"120093690",0.368415984593163
"120093691",0.612201726180403
"120093692",0.423076923076923
"120093694",0.710461049284579
"120093696",0.817766008666346
"120093698",0.526711980688604
"120093699",0.521279806821612
"120093700",0.72648835202761
"120093701",0.492203806015961
"120093702",0.702436598707111
"120093705",0.155432419162517
"120093706",0.451281616024444
"120093707",0.604651162790698
"120093710",0.367574190035393
"120093713",0.627789623312011
"120093714",0.458421845428914
"120093715",0.31813104988831
"120093716",0.377768662838392
"120093717",0.345506842151137
"120093718",0.565064147751304
"120093722",0.375
"120093724",0.500204960032794
"120093725",0.401433691756272
"120093728",0.509613589695725
"120093729",0.403096209667242
"120093731",0.493882455757046
"120093732",0.353000125266191
"120093733",0.504518236254763
"120093734",0.842589118198874
"120093735",0.524235341936795
"120093737",1.05676855895197
"120093738",0.611240671641791
"120093741",0.388374563666717
"120093742",0.375
"120093744",0.470868347338936
"120093746",0.570099386762529
"120093754",0.782410423452769
"120093755",0.370694774346793
"120093766",0.543552728162466
"120093769",0.544856968959221
"120093771",0.478225411841461
"120093772",0.164556962025316
"120093774",0.502560273095797
"120093775",0.549824782100818
"120093780",0.706048657093966
"120093786",0.40140093110665
"120093787",0.322272884018545
"120093788",0.24635675110995
"120093789",0.37923364674957
"120093791",0.295053003533569
"120093792",0.294122172641945
"120093795",0.504851752021563
"120093797",0.399109665268385
"120093799",0.319384129490722
"120093800",0.85027428202646
"120093801",0.423076923076923
"120093803",0.795930346311876
"120093804",0.600950810129039
"120093805",0.594446474241871
"120093806",1.11439021314163
"120093807",0.607512010481875
"120093810",0.590653652765454
"120093815",0.490246484197792
"120093816",0.454064454064454
"120093817",0.448794740686633
"120093818",0.599715325003954
"120093819",0.241622809939378
"120093820",0.498892988929889
"120093822",0.591339648173207
"120093823",0.429624289033085
"120093824",0.253892847717076
"120093825",0.239922027290448
"120093826",0.530214424951267
"120093827",0.192883366280712
"120093830",0.452574967405476
"120093831",0.739970594412938
"120093851",0.500703539344085
"120093860",0.293194725190105
"120093869",0.503819157720892
"120093870",0.375
"120093887",0.477276158840405
"120093890",0.466666666666667
"120093942",1.26416322986759
"120093944",0.37396694214876
"120093958",0.34970870729019
"120093960",0.378934501375166
"120093961",0.52997393570808
"120094011",0.470170796247294
"120094022",0.353072938541229
"120094037",0.413793103448276
"120094045",0.454982517482517
"120094075",0.708333333333333
"120094076",0.746820809248555
"120094077",0.391304347826087
"120094078",0.605070118662352
"120094080",0.230322216921809
"120094081",0.558841227542336
"120094082",0.377837391663227
"120094083",0.580717910167262
"120094090",0.634361233480176
"120094091",0.186273899233979
"120094093",0.487179487179487
"120094096",0.441006460387623
"120094098",0.377837391663227
"120094099",0.504713949003643
"120094101",0.626631853785901
"120094102",0.705997074597757
"120094104",0.5065755410583
"120094115",0.129347954250678
"120094116",0.86740713184886
"120094117",0.394736842105263
"120094120",0.384686959989366
"120094121",0.571600877192982
"120094122",0.488977118378435
"120094123",0.079370395177495
"120094124",0.683626271970398
"120094125",0.282849239280775
"120094126",0.515095042862467
"120094127",0.42257525083612
"120094128",0.25979843225084
"120094131",0.521144278606965
"120094132",0.509678092554912
"120094133",0.496931238947259
"120094134",0.54270765206017
"120094136",0.37923364674957
"120094138",0.571481757259866
"120094139",0.265842935112189
"120094140",0.260722891566265
"120094142",0.467673716012085
"120094145",0.740980573543016
"120094147",0.500419023674838
"120094148",0.1442721791559
"120094150",0.774127310061602
"120094154",0.377837391663227
"120094159",0.461622264038823
"120094161",0.880129589632829
"120094163",0.601432532347504
"120094171",0.417180277349769
"120094172",0.445138080626389
"120094174",0.45645821157218
"120094178",0.644628099173554
"120094181",0.161612620508326
"120094182",0.129918063039787
"120094183",0.541300735817707
"120094185",0.829420970266041
"120094187",0.768328445747801
"120094189",0.76779126105703
"120094190",0.210755024443237
"120094191",0.678534571723426
"120094192",0.0899210957272592
"120094193",0.477861353933726
"120094195",0.394736842105263
"120094200",0.899159663865546
"120094201",0.270052539404553
"120094203",0.399913532209252
"120094204",0.451558142354796
"120094206",0.206773618538324
"120094210",0.574964250357496
"120094211",0.299465240641711
"120094214",0.56712962962963
"120094215",0.555555555555555
"120094216",0.608351331893448
"120094217",0.377627324171382
"120094218",0.37923364674957
"120094219",0.705196479623297
"120094220",0.421052631578947
"120094222",0.162374561721678
"120094223",0.52671839143263
"120094224",0.7107868681605
"120094227",0.424093473005641
"120094231",0.390728476821192
"120094233",0.817713526088401
"120094234",0.663744843842074
"120094236",0.696053918904229
"120094237",0.780926916221034
"120094238",0.657862349711256
"120094239",0.268044302386085
"120094240",0.685265911072363
"120094241",0.405505670081362
"120094245",0.343065693430657
"120094246",0.252783964365256
"120094247",0.56267539756782
"120094251",0.842829076620825
"120094252",0.439624308364718
"120094253",0.536820083682008
"120094257",0.541147132169576
"120094258",0.267702070808283
"120094259",0.492341356673961
"120094260",0.927458120903132
"120094262",0.536968386365977
"120094263",0.711151736745887
"120094265",0.334531935641151
"120094266",0.52
"120094267",0.39153383299905
"120094271",0.391304347826087
"120094272",0.456272442951465
"120094274",0.506849315068493
"120094275",0.446835945248959
"120094276",0.537635677206229
"120094279",0.391304347826087
"120094280",0.744027613770551
"120094281",0.755765022723447
"120094282",0.548334115438761
"120094283",0.37923364674957
"120094287",0.604187437686939
"120094288",0.500204960032794
"120094289",1.18221599859968
"120094290",0.284420289855072
"120094292",0.266018405973259
"120094293",0.564773980154355
"120094295",0.799870501268008
"120094296",0.573252279635258
"120094297",0.680313178002075
"120094298",0.45536624435707
"120094299",0.160377358490566
"120094300",0.500703539344085
"120094301",0.406593406593407
"120094302",0.744725008647527
"120094303",0.434901174715644
"120094304",0.503819157720892
"120094305",0.16655350353069
"120094306",0.504713949003643
"120094308",0.391304347826087
"120094309",0.461075843635149
"120094314",0.401980198019802
"120094315",0.372395833333333
"120094317",0.582820925172642
"120094318",0.720930232558139
"120094319",0.628571428571428
"120094322",0.13217259651779
"120094323",0.397613659740794
"120094324",0.283818274629913
"120094325",0.605666244385581
"120094326",0.400245398773006
"120094332",0.0666718091124139
"120094333",0.384615384615385
"120094334",0.104200391922979
"120094335",0.904525464604908
"120094336",0.299256505576208
"120094337",0.809555189456343
"120094339",0.71865345690849
"120094340",0.523042836041359
"120094341",0.670781527531084
"120094342",0.632860040567951
"120094343",0.433663897078531
"120094346",0.250500610500611
"120094347",0.394736842105263
"120094348",0.571034398185051
"120094349",0.379683377308707
"120094351",0.798904538341158
"120094353",0.788299348777624
"120094354",0.25603985836493
"120094360",0.340410219503418
"120094367",0.379817444219067
"120094369",0.31818378753087
"120094371",0.375
"120094375",1.00320769847634
"120094379",0.486842105263158
"120094380",0.433551198257081
"120094384",0.392458521870287
"120094385",0.346645541958042
"120094388",0.378920349723269
"120094427",0.377837391663227
"120094429",0.987801712950947
"120094435",0.357975864516783
"120094436",0.498892988929889
"120094441",0.391304347826087
"120094454",0.69954644345293
"120094458",0.391304347826087
"120094464",0.594594594594595
"120094472",0.362284129585277
"120094514",0.375
"120094521",0.371428571428571
"120094522",0.371428571428571
"120094536",0.413793103448276
"120094548",0.490196078431373
"120094550",0.454982517482517
"120094582",0.375997520725188
"120094586",0.627200704225352
"120094592",0.377768662838392
"120094596",0.521430449645017
"120094597",0.251543711407215
"120094598",0.394736842105263
"120094604",0.348176100628931
"120094605",0.387225798387601
"120094606",0.111425539441104
"120094607",0.598002496878901
"120094610",0.554751662104028
"120094611",0.682092555331992
"120094612",0.752731643356643
"120094618",0.0768003403893203
"120094619",0.129243827160494
"120094622",0.598053937173404
"120094629",0.25031847133758
"120094631",0.694522868435912
"120094633",0.566473988439306
"120094634",0.229055280630642
"120094635",0.447193149381541
"120094637",0.377627324171382
"120094640",0.510204081632653
"120094644",0.37923364674957
"120094645",0.740277777777778
"120094648",0.416373681567052
"120094649",0.851752021563342
"120094650",0.377627324171382
"120094652",0.13259307642064
"120094653",0.12451299992049
"120094657",0.394736842105263
"120094658",0.792
"120094661",0.214788732394366
"120094662",0.614270407555855
"120094663",0.521194605009634
"120094664",0.384615384615385
"120094665",0.378934501375166
"120094666",0.646464646464646
"120094669",0.678650036683786
"120094670",0.502330623306233
"120094671",0.447897133672649
"120094673",0.561731299146448
"120094674",0.500419023674838
"120094677",0.0961538461538461
"120094678",0.119138056975895
"120094680",0.582584657912923
"120094681",0.481751824817518
"120094682",2.58333333333333
"120094683",0.530575539568345
"120094685",0.877402819307988
"120094687",0.589759520502887
"120094689",0.706359368331199
"120094691",0.379734975237585
"120094692",0.420357239722577
"120094693",0.901325099704104
"120094694",0.539975475168608
"120094695",0.297515527950311
"120094697",0.581110625273284
"120094704",0.378522693562741
"120094707",0.377627324171382
"120094708",0.399133730373579
"120094710",0.224093866171004
"120094711",0.568037480478917
"120094712",0.416974645466266
"120094713",0.446857068335942
"120094714",0.391304347826087
"120094719",0.523235410652629
"120094722",0.855218855218855
"120094723",0.377627324171382
"120094724",0.375
"120094725",0.500634786288616
"120094726",0.377837391663227
"120094727",0.206373292867982
"120094729",0.139099941554646
"120094731",0.377837391663227
"120094732",0.384615384615385
"120094733",0.905038396703503
"120094734",0.570241778388908
"120094735",0.689115863389722
"120094736",0.377768662838392
"120094740",0.703060380479735
"120094741",0.599621212121212
"120094742",0.604841858648965
"120094743",0.390728476821192
"120094744",0.361320067944674
"120094747",0.296381639366161
"120094748",0.525
"120094754",0.446062610940778
"120094759",0.379817444219067
"120094760",0.69050643397581
"120094761",0.392282272678819
"120094764",0.504713949003643
"120094765",0.258670520231214
"120094766",0.705941951248585
"120094769",0.466666666666667
"120094770",0.553260869565217
"120094772",0.124161550704866
"120094777",0.375
"120094778",0.768740113282645
"120094781",0.0991131351869607
"120094783",0.521144278606965
"120094784",0.235701906412478
"120094785",0.58787609636949
"120094786",0.799098136940786
"120094790",0.370967741935484
"120094793",0.172110678253921
"120094794",0.586015053998036
"120094796",0.540268456375839
"120094797",0.389232127096205
"120094798",0.375
"120094799",0.151973997146028
"120094800",0.582242582897033
"120094801",0.377627324171382
"120094808",0.310855369496347
"120094811",0.43440697869485
"120094812",0.72570123939987
"120094814",0.560808496060295
"120094815",0.150048292710641
"120094816",0.327688960363258
"120094817",0.111381454447148
"120094818",0.443868739205527
"120094820",0.254468423143122
"120094827",0.394736842105263
"120094832",0.682815233481362
"120094840",0.391304347826087
"120094841",0.433421705293766
"120094843",0.744838753204696
"120094850",0.61974800215718
"120094853",0.384615384615385
"120094855",0.379817444219067
"120094856",0.672937487752303
"120094857",0.28862660944206
"120094889",0.34970870729019
"120094896",0.561522017956392
"120094897",0.677211482132396
"120094898",0.420980392156863
"120094899",0.393123270172451
"120094944",0.377837391663227
"120094954",0.875469234535662
"120094955",0.875469234535662
"120094956",0.496372070893303
"120094957",0.341795195954488
"120094958",0.498921484037964
"120095004",0.359391052582423
"120095005",0.37923364674957
"120095007",0.430220356768101
"120095009",0.770132629882025
"120095012",0.45849124244597
"120095013",0.397434538322909
"120095015",0.668667466986795
"120095016",0.46157880933648
"120095019",0.378934501375166
"120095020",0.683251767264818
"120095021",0.104461321569876
"120095023",0.664375444418109
"120095026",0.506040546131568
"120095029",0.681003584229391
"120095030",0.639080459770115
"120095031",0.249690976514215
"120095032",0.515151515151515
"120095036",0.459513965917112
"120095038",0.964713715046605
"120095039",0.424353301565691
"120095041",0.252984264785676
"120095044",0.404882600691029
"120095045",0.383545770567787
"120095046",0.114238171031689
"120095048",0.686508968027034
"120095049",0.5081589958159
"120095050",0.259717314487633
"120095051",0.23889260995758
"120095052",0.499006236721266
"120095053",0.529008366479221
"120095054",0.383913869537682
"120095055",0.586666666666667
"120095057",0.670633841131665
"120095058",0.37923364674957
"120095059",0.801463860933211
"120095060",0.862700018392496
"120095062",0.320129735698019
"120095066",0.288134814950868
"120095067",0.492537313432836
"120095070",0.377768662838392
"120095074",0.438155418123151
"120095077",0.394736842105263
"120095081",0.770170082860881
"120095082",0.379817444219067
"120095083",0.5
"120095084",0.366666666666667
"120095086",0.783671036948749
"120095087",0.394736842105263
"120095088",0.43639896373057
"120095089",0.620385232744783
"120095090",0.39887862275922
"120095091",0.657432121491026
"120095092",0.541396979503776
"120095095",0.508638321946125
"120095096",0.522916826076976
"120095099",0.86299181146395
"120095100",0.35672827063652
"120095102",0.48
"120095103",0.509365060666745
"120095108",0.597122302158273
"120095110",0.981267795594186
"120095112",0.245826663617654
"120095114",0.373795761078998
"120095115",0.778689499345939
"120095118",0.556254536656182
"120095120",0.377837391663227
"120095122",0.593785641626337
"120095123",0.875160724722385
"120095125",0.377768662838392
"120095126",0.154625253207292
"120095128",0.537731226264854
"120095129",0.723854696899584
"120095131",0.457169195858743
"120095134",0.17671009771987
"120095135",0.431275349256422
"120095137",0.962962962962963
"120095139",0.105266795687033
"120095140",0.407062753519446
"120095141",0.495726495726496
"120095142",0.383870967741936
"120095144",0.43857601400642
"120095146",0.13758176830555
"120095147",0.559439528023599
"120095148",0.810742320291736
"120095149",0.648424789232362
"120095151",0.379817444219067
"120095152",0.421052631578947
"120095153",0.159081150708459
"120095155",0.554011083855728
"120095157",0.5
"120095158",0.182842830306825
"120095162",0.454545454545455
"120095164",0.551624845742493
"120095166",0.373645484949833
"120095168",0.445096178728543
"120095169",0.486404833836858
"120095170",0.350589622641509
"120095171",0.470338564801106
"120095172",0.0712093308778392
"120095177",0.675531914893617
"120095179",0.216062094091557
"120095180",0.198064035740879
"120095181",0.315092898956477
"120095182",0.476409666283084
"120095183",0.384615384615385
"120095184",0.657042982910409
"120095185",0.225146198830409
"120095186",0.517241379310345
"120095187",0.502878260251581
"120095188",0.65184029132527
"120095189",0.425025448281262
"120095190",0.464935840047747
"120095191",0.658322312488192
"120095192",0.54104036110259
"120095195",0.318181818181818
"120095197",0.251841881552848
"120095199",0.403920568099673
"120095200",0.769178547182621
"120095201",0.831202046035806
"120095202",0.391822366639588
"120095203",0.210536980749747
"120095204",0.433688147295742
"120095206",0.178427550357375
"120095209",0.378934501375166
"120095210",0.226157725813847
"120095213",0.577931866144106
"120095215",0.35452210603559
"120095216",0.401314783672221
"120095217",0.375
"120095218",0.413647477217159
"120095219",0.415658331092588
"120095220",0.48646106430244
"120095221",0.436265578310619
"120095223",0.459138486312399
"120095224",0.677758845344292
"120095225",0.745367919534145
"120095229",0.289252324279278
"120095234",0.1905398552395
"120095241",0.318672037422037
"120095243",0.529426882549473
"120095244",0.576881134133043
"120095246",0.507744055068836
"120095247",0.228314238952537
"120095248",0.607074291698179
"120095249",0.448742456613816
"120095251",0.378934501375166
"120095252",0.793561931420574
"120095254",0.117488952667304
"120095255",0.136458575075424
"120095256",0.336476998847323
"120095257",0.67406122196059
"120095259",0.471867007672634
"120095261",0.0938399394092401
"120095262",0.722889778964545
"120095265",0.121815806662312
"120095266",0.667001003009027
"120095267",0.627112706892022
"120095269",0.647058823529412
"120095270",0.460043400320785
"120095271",0.243137658065179
"120095272",0.278094634558513
"120095274",0.229754049190162
"120095275",0.669625684272821
"120095278",0.38628389154705
"120095279",0.400552486187845
"120095280",0.273911273911274
"120095281",0.155063877059804
"120095284",0.375
"120095288",0.712559502013914
"120095289",0.440807929680195
"120095290",0.22730939895119
"120095292",1.04277498202732
"120095295",0.477272727272727
"120095296",0.720784023668639
"120095297",0.731250498127042
"120095298",0.405113636363636
"120095299",0.378934501375166
"120095301",0.130505505505506
"120095302",0.656322541233965
"120095304",0.320359281437126
"120095306",0.380959312904869
"120095308",0.154679117822372
"120095309",0.803610858553059
"120095310",0.288983159789176
"120095311",0.286457479927904
"120095312",0.56327216024949
"120095321",0.287692827384304
"120095324",0.399197048611111
"120095326",0.504181013280866
"120095327",0.997216638317612
"120095337",0.391304347826087
"120095338",0.377768662838392
"120095339",0.464376313691382
"120095340",0.377837391663227
"120095344",0.558713069604407
"120095349",0.391304347826087
"120095361",0.414946970319822
"120095374",0.529879740980574
"120095383",0.394736842105263
"120095384",0.37396694214876
"120095385",1.79891724671307
"120095396",0.377837391663227
"120095398",0.535714285714286
"120095401",0.403920568099673
"120095403",0.375
"120095406",0.37923364674957
"120095407",0.942780337941628
"120095411",0.394736842105263
"120095413",0.34970870729019
"120095419",0.377627324171382
"120095426",0.696651314526962
"120095429",0.378934501375166
"120095433",1.0761105092091
"120095449",0.394736842105263
"120095463",0.691244239631336
"120095472",0.461538461538462
"120095474",0.615384615384615
"120095476",0.875469234535662
"120095477",0.875469234535662
"120095478",0.875469234535662
"120095479",0.875469234535662
"120095480",0.875469234535662
"120095481",0.875469234535662
"120095489",0.802631578947368
"120095490",0.802631578947368
"120095491",0.802631578947368
"120095492",0.425
"120095536",0.397263030790904
"120095538",0.76937984496124
"120095542",0.461538461538462
"120095544",0.526229508196721
"120095551",0.518518518518518
"120095555",0.527220077220077
"120095559",0.641749595001157
"120095588",0.516849090752392
"120095591",0.256806176351077
"120095595",0.233769111455794
"120095596",0.435575694202393
"120095599",0.503311543093067
"120095601",0.391304347826087
"120095603",0.474962063732929
"120095605",0.329054842473746
"120095606",0.432337680549713
"120095607",0.582880564293204
"120095608",0.446428571428571
"120095611",0.426150121065375
"120095612",0.182136092088008
"120095613",0.37027825275921
"120095616",0.194160759341584
"120095617",0.352358536824556
"120095618",0.602899268987734
"120095619",0.341456310679612
"120095620",0.46875
"120095623",0.131531933899062
"120095624",0.556209077793808
"120095625",0.132736238301298
"120095626",0.483172194345857
"120095627",0.411184395963696
"120095628",0.166915701656083
"120095632",0.363981492466485
"120095633",0.363981492466485
"120095637",0.293524243410348
"120095638",0.329714285714286
"120095641",0.488970588235294
"120095643",0.78941499399554
"120095647",0.272148058252427
"120095649",0.356267864434463
"120095650",0.375765185999058
"120095651",0.394736842105263
"120095654",0.394736842105263
"120095655",0.552156958323178
"120095656",0.498921484037964
"120095660",0.530791788856305
"120095661",0.528383753163794
"120095664",0.699761478831246
"120095665",0.383733826247689
"120095666",0.464749247222511
"120095667",0.185314685314685
"120095668",0.461538461538462
"120095670",0.375
"120095671",0.110101290412099
"120095672",0.796823138928402
"120095674",0.173804573804574
"120095676",0.627960583184464
"120095678",0.605839416058394
"120095680",0.375
"120095682",0.502560273095797
"120095684",0.697385793504093
"120095686",0.597857035815975
"120095689",0.579951146185644
"120095690",0.421564956944964
"120095691",0.461826478675481
"120095692",0.749177631578947
"120095693",0.896574440052701
"120095694",0.724277435579692
"120095695",0.451834268450583
"120095700",0.229298551217232
"120095702",0.551724137931035
"120095703",0.499463404163984
"120095704",0.521149019243283
"120095705",1.09268645908762
"120095706",0.402354570637119
"120095726",1.01943005181347
"120095727",0.429285045270059
"120095729",0.535714285714286
"120095733",0.775659824046921
"120095751",1.96820809248555
"120095772",0.377627324171382
"120095775",0.391304347826087
"120095776",0.391304347826087
"120095780",0.357142857142857
"120095781",0.871753895325609
"120095826",0.697211155378486
"120095829",0.401385266578306
"120095830",0.699346405228758
"120095831",0.592044298790824
"120095832",0.375
"120095833",0.272997800491655
"120095834",0.390728476821192
"120095835",0.805171062940716
"120095836",0.401385266578306
"120095841",0.94288186932064
"120095843",0.106629578117756
"120095844",0.492203623022243
"120095845",0.819090191953721
"120095846",0.375
"120095847",0.77611093927209
"120095848",0.458623356535189
"120095849",0.377627324171382
"120095852",0.660215329402717
"120095855",0.378934501375166
"120095867",0.431763619575254
"120095868",0.198159219634991
"120095870",0.25
"120095871",0.107553251121076
"120095873",0.277954388389772
"120095875",0.91146934460888
"120095876",0.502560273095797
"120095878",0.699939649969825
"120095879",0.0979884592568624
"120095880",0.580931263858093
"120095881",0.471246006389776
"120095882",0.56516681647544
"120095883",0.583953413134908
"120095889",0.401385266578306
"120095890",0.440498548745091
"120095892",0.477678571428571
"120095894",0.378934501375166
"120095895",0.643016938318952
"120095898",0.619200785040615
"120095904",0.391304347826087
"120095906",0.569842912237795
"120095907",0.38412234341617
"120095908",0.54957921697768
"120095909",0.377837391663227
"120095910",0.115183246073298
"120095911",0.392282272678819
"120095913",0.391304347826087
"120095916",0.46421204620462
"120095917",0.377837391663227
"120095918",0.37923364674957
"120095920",0.691432779641601
"120095924",0.394736842105263
"120095926",0.39153383299905
"120095927",0.549528301886792
"120095931",0.397491148528493
"120095933",0.377768662838392
"120095934",0.709073790749676
"120095935",0.375
"120095937",0.391566265060241
"120095938",0.523977357684503
"120095943",0.576719576719577
"120095947",0.391304347826087
"120095951",0.340846088947812
"120095953",0.513409961685824
"120095954",0.654392328026065
"120095955",0.538287296293966
"120095957",0.375
"120095960",0.391304347826087
"120095961",0.440555637945524
"120095962",0.548334115438761
"120095963",0.49003984063745
"120095966",0.5
"120095967",0.713164466642883
"120095968",0.564145599496486
"120095969",0.371278875922839
"120095970",0.375
"120095971",0.17568838988898
"120095972",0.504713949003643
"120095973",0.420232717316906
"120095974",0.378934501375166
"120095975",0.856435643564356
"120095976",0.464388587368485
"120095977",0.782982320208495
"120095978",0.708036138849263
"120095980",0.377627324171382
"120095984",0.659176029962547
"120095990",0.556621552167209
"120095994",0.375
"120095995",0.375
"120095996",0.382261410788382
"120095997",0.392077909916659
"120096000",0.64464670189861
"120096001",0.782881002087683
"120096002",1.63308528906697
"120096005",0.284933056760324
"120096006",0.262676112393537
"120096007",0.356727760393384
"120096009",0.731804586241276
"120096010",0.732406326292326
"120096011",0.507457257184431
"120096012",0.700109973775484
"120096013",0.3
"120096017",0.191776759234295
"120096084",1.1966053748232
"120096085",1.57559523809524
"120096086",0.391304347826087
"120096108",0.391304347826087
"120096111",0.7
"120096112",0.558060109289618
"120096115",0.461538461538462
"120096121",0.671102912109632
"120096124",0.634641255605381
"120096182",0.502330623306233
"120096185",0.377768662838392
"120096186",0.0760581542550264
"120096188",0.37923364674957
"120096189",0.752718519133394
"120096190",0.243383199079402
"120096193",0.500419023674838
"120096194",0.7408325720997
"120096206",0.528846153846154
"120096207",0.83752299202943
"120096209",0.776637942825879
"120096210",0.587086727359847
"120096211",0.377768662838392
"120096214",0.403920568099673
"120096217",0.360559825628083
"120096222",0.734450774518574
"120096223",0.151657837943889
"120096230",0.0779517441583781
"120096233",0.147231736618782
"120096237",0.375
"120096238",0.492896174863388
"120096239",0.384615384615385
"120096242",0.566725978647687
"120096244",0.526666666666667
"120096246",0.462115153938425
"120096247",0.497894080024959
"120096248",0.0986053339858087
"120096251",0.39960396039604
"120096252",0.207936507936508
"120096253",0.394736842105263
"120096255",0.378934501375166
"120096256",0.687385936661299
"120096257",0.391304347826087
"120096258",0.455493482309125
"120096268",0.395587790873376
"120096270",0.660215329402717
"120096277",0.493569131832797
"120096278",0.679033232628399
"120096279",0.441022130960529
"120096280",0.391645591697916
"120096281",0.254293570537767
"120096282",0.38135593220339
"120096286",0.5
"120096289",0.399030694668821
"120096291",0.502330623306233
"120096293",0.435448747861254
"120096294",0.0693262658669271
"120096296",0.378934501375166
"120096297",0.518645227505987
"120096300",0.647277996274063
"120096301",0.38076062639821
"120096302",0.652510660516926
"120096304",0.715239386669448
"120096305",0.472338994450984
"120096307",0.921798365122616
"120096308",0.69366705135603
"120096311",0.403096209667242
"120096314",0.377627324171382
"120096315",0.47931942628697
"120096316",0.381700690262887
"120096317",0.672799208704253
"120096318",0.710890657364003
"120096319",0.558298518799848
"120096321",0.306492059069379
"120096323",0.535714285714286
"120096325",0.583141257820217
"120096326",0.365682510260823
"120096327",0.737242253196636
"120096334",0.329582696089141
"120096335",0.420384829894032
"120096337",0.429624289033085
"120096338",0.652892561983471
"120096339",0.966713175204305
"120096345",0.160486567932086
"120096346",0.581780902167545
"120096347",0.656083312166624
"120096349",0.391304347826087
"120096352",0.455359363342452
"120096354",0.515151515151515
"120096356",0.744
"120096357",0.549333112418192
"120096358",0.502330623306233
"120096359",0.314477676636324
"120096360",0.377768662838392
"120096361",0.710296904611497
"120096364",0.5483
"120096365",0.495977224904072
"120096374",0.429902115566782
"120096427",0.431267792379987
"120096454",0.375
"120096504",1.02688172043011
"120096505",0.25245318914589
"120096506",0.414776712649053
"120096507",0.29003617231174
"120096513",0.527037826318594
"120096514",0.391304347826087
"120096523",0.28823895457374
"120096524",0.316188870151771
"120096526",0.601086835976489
"120096529",0.825892056661288
"120096542",0.381264400921659
"120096549",0.724326599326599
"120096550",0.359366262814539
"120096552",0.592943909403281
"120096554",0.375
"120096555",0.893181818181818
"120096556",0.391304347826087
"120096558",0.749615612063868
"120096559",0.51503682487725
"120096561",0.536415452818239
"120096562",0.975725721399056
"120096567",0.37923364674957
"120096572",0.826855123674912
"120096573",0.353850115889776
"120096575",0.372006965607314
"120096576",0.391304347826087
"120096578",0.768602540834846
"120096579",0.512563965477736
"120096582",0.480033099390113
"120096583",0.619799139167862
"120096591",0.676470588235294
"120096592",0.687301723398782
"120096594",0.400370070544698
"120096595",0.396263961997689
"120096596",0.471619897959184
"120096597",0.558085539714868
"120096599",0.112748710390567
"120096601",0.375
"120096602",0.645883777239709
"120096604",0.340981516889739
"120096607",0.52112676056338
"120096608",0.628925940286933
"120096612",0.56267539756782
"120096616",0.560276312857461
"120096618",0.703703703703704
"120096619",0.386428626632661
"120096621",0.872302755339161
"120096622",0.575689783743475
"120096623",0.429902115566782
"120096624",0.527950310559006
"120096625",0.678843506195503
"120096626",0.820269976050512
"120096631",0.378934501375166
"120096632",0.12432153011114
"120096634",0.676470588235294
"120096639",0.377837391663227
"120096642",0.257895795614564
"120096643",0.394736842105263
"120096644",0.298994413407821
"120096646",0.384615384615385
"120096647",0.717864745374161
"120096648",0.392071881606765
"120096651",0.378934501375166
"120096653",0.547103918228279
"120096654",0.724585062240664
"120096656",0.377768662838392
"120096665",0.377627324171382
"120096667",0.781062173613164
"120096668",0.43720506664459
"120096674",1.0829825616356
"120096676",0.577269900497512
"120096678",0.651722432833361
"120096679",1.01812688821752
"120096680",0.377627324171382
"120096681",0.320503362985463
"120096682",0.377627324171382
"120096684",0.174614874327412
"120096685",0.100961538461538
"120096686",0.394736842105263
"120096687",0.5
"120096688",0.199450016175995
"120096689",0.20054844606947
"120096690",0.251599147121535
"120096691",0.394462575007896
"120096692",0.373700676152992
"120096693",0.52112676056338
"120096694",0.37923364674957
"120096696",0.790458175704077
"120096698",0.494021895707289
"120096701",0.754137115839243
"120096706",0.504713949003643
"120096707",0.640625
"120096710",0.297845618780794
"120096711",0.605757696921231
"120096713",0.403920568099673
"120096724",0.504201680672269
"120096729",0.694315337861995
"120096730",0.299846912105145
"120096733",0.391304347826087
"120096735",0.394736842105263
"120096737",0.774725274725275
"120096777",0.433333333333333
"120096786",0.384615384615385
"120096790",0.518957099823413
"120096812",0.377768662838392
"120096887",0.421052631578947
"120096888",0.743799854967368
"120096890",0.839997054708784
"120096893",0.345133991537377
"120096894",0.393083483295517
"120096895",0.522388059701493
"120096896",0.435575694202393
"120096897",0.677373944202713
"120096898",0.737747205503009
"120096899",0.739283545840923
"120096901",0.260784661814309
"120096902",0.536231884057971
"120096903",0.789319779990253
"120096907",0.379817444219067
"120096910",0.53556609365738
"120096911",0.44383470127887
"120096912",0.299475753604194
"120096914",0.185823097509092
"120096915",0.533333333333333
"120096916",0.391304347826087
"120096917",0.503796941641527
"120096920",0.206570048309179
"120096922",0.454060077069502
"120096925",0.177870563674321
"120096926",0.375
"120096929",0.705630791161796
"120096930",0.450140056022409
"120096932",0.553398058252427
"120096933",0.427039810800158
"120096942",0.524916943521595
"120096943",0.26088004822182
"120096945",0.314978582285477
"120096946",0.213691658391261
"120096947",0.526112185686654
"120096949",0.523456790123457
"120096952",0.499463404163984
"120096954",0.587527352297593
"120096960",0.685201026518392
"120096962",0.507592418054247
"120096963",0.629786589980324
"120096966",0.643212404915155
"120096968",0.42611564507727
"120096971",0.656992084432718
"120096976",0.588930873527451
"120096979",0.391304347826087
"120096980",0.745229007633588
"120096981",0.45385587863464
"120096982",0.379817444219067
"120096983",0.461538461538462
"120096984",0.379817444219067
"120096986",0.510857250755287
"120096987",0.45
"120096988",0.366520787746171
"120096989",0.246926970354302
"120096999",0.318185982592762
"120097001",0.20595690747782
"120097002",0.719957587181904
"120097003",0.489466779844124
"120097004",0.523566265060241
"120097005",0.608958315353413
"120097006",0.630845771144279
"120097007",0.40823787472581
"120097010",0.375
"120097011",0.526153212520593
"120097012",0.692371134020619
"120097013",0.655668780731134
"120097015",0.392053073611405
"120097016",0.349818900230491
"120097017",0.519303672701908
"120097018",0.567888307155323
"120097019",0.663318698502436
"120097020",0.507592418054247
"120097023",0.452830188679245
"120097026",0.17153786641451
"120097027",0.375
"120097028",0.292241442230494
"120097029",0.377627324171382
"120097030",0.0747880776592836
"120097031",0.850727520150738
"120097034",0.464935840047747
"120097036",0.403096209667242
"120097037",0.37923364674957
"120097039",0.377837391663227
"120097040",0.521453539738025
"120097042",0.43328991440268
"120097043",0.574211298606016
"120097044",0.569591029023747
"120097046",0.626727758686522
"120097047",0.668256766566421
"120097048",0.518312248736768
"120097049",0.517859714820683
"120097050",0.349986405655247
"120097062",0.394736842105263
"120097064",0.524239492636784
"120097070",0.694382943829438
"120097076",0.70625057534751
"120097080",0.302058724265947
"120097082",0.504713949003643
"120097083",0.765799256505576
"120097084",0.49003984063745
"120097085",0.589904776074989
"120097086",0.561431119504774
"120097087",0.354492415402567
"120097089",0.808419303468808
"120097091",0.572335189742261
"120097092",0.609446175976984
"120097094",0.537811484290358
"120097095",0.222058099458395
"120097099",0.546523297491039
"120097102",0.540675409075084
"120097103",0.672070744288873
"120097109",0.377768662838392
"120097113",0.392407762849222
"120097114",0.335929050400173
"120097117",0.57307012374779
"120097118",0.326984292647289
"120097121",0.375
"120097122",0.202804252199414
"120097124",0.901064495929868
"120097140",0.813832853025937
"120097141",0.851924211147154
"120097142",0.771077712609971
"120097154",0.377837391663227
"120097162",0.13602785985648
"120097163",0.609808379343943
"120097165",0.526245505906523
"120097167",0.543115601503759
"120097170",0.869638962927066
"120097171",0.562700964630225
"120097172",0.685979381443299
"120097179",0.317770394133822
"120097182",0.52671839143263
"120097183",0.394736842105263
"120097195",0.799934512115259
"120097209",0.510376958915714
"120097216",0.377627324171382
"120097217",0.391304347826087
"120097224",0.377837391663227
"120097268",0.614388794567063
"120097335",0.1325
"120097338",0.391304347826087
"120097339",0.790807143846047
"120097344",0.486404833836858
"120097345",0.134436681815099
"120097346",0.441017540942722
"120097347",0.423695994190972
"120097348",0.259163583048244
"120097349",0.643859270451112
"120097350",0.563455263609823
"120097351",0.543701799485861
"120097353",0.360916767189385
"120097355",0.570694376711558
"120097357",0.336166337835787
"120097358",0.427029600825331
"120097360",0.503819157720892
"120097361",0.722329856960303
"120097363",0.513841349906924
"120097368",0.298660084626234
"120097369",0.55989110707804
"120097370",0.188496879334258
"120097371",0.756513474225651
"120097373",0.612947344426715
"120097375",0.286566390041494
"120097376",0.119948358827902
"120097378",0.678342196955804
"120097380",0.754538609554087
"120097381",0.256324626012169
"120097382",0.0789527095595697
"120097383",0.680116803822671
"120097384",0.416666666666667
"120097385",0.664658392577419
"120097390",0.26305180407176
"120097392",0.384169884169884
"120097393",0.445383676152907
"120097394",0.343631778058008
"120097396",0.339622641509434
"120097398",0.369461617722823
"120097399",0.435637285986049
"120097406",0.375
"120097407",0.39077315144474
"120097408",0.388933960733409
"120097409",0.378934501375166
"120097411",0.685051514590659
"120097413",0.551820728291316
"120097415",0.377768662838392
"120097416",0.476190476190476
"120097418",0.521173724574858
"120097421",0.608321187226713
"120097422",0.477562739259889
"120097424",0.500204960032794
"120097428",0.547270306258322
"120097429",0.421391579681756
"120097431",0.260335917312662
"120097433",0.506833712984055
"120097435",0.456403704886618
"120097436",0.451989552926717
"120097437",0.391180846746923
"120097442",0.373253063857235
"120097443",0.516424404704982
"120097447",0.394462575007896
"120097448",0.570652173913043
"120097449",0.37923364674957
"120097450",0.222821821036107
"120097451",0.535714285714286
"120097452",0.634602076124568
"120097458",0.378934501375166
"120097465",0.435897435897436
"120097467",0.222932846048424
"120097468",0.552156958323178
"120097469",0.497065131504685
"120097471",0.457230937329275
"120097473",0.539039218023602
"120097474",0.377768662838392
"120097475",0.315192218619731
"120097484",0.606198897128732
"120097487",0.558946877912395
"120097490",0.377837391663227
"120097492",0.391304347826087
"120097493",0.491796718687475
"120097494",0.421052631578947
"120097495",0.386085751548745
"120097496",0.428819243668324
"120097504",0.158949257627672
"120097505",0.557465091299678
"120097506",0.170399515738499
"120097507",0.291358695652174
"120097508",0.4375
"120097510",0.126746647847565
"120097511",0.289950855787155
"120097513",0.391304347826087
"120097515",0.430805521579591
"120097520",0.375
"120097526",0.432407081721187
"120097527",0.391304347826087
"120097528",0.225789738353931
"120097529",0.587923166719728
"120097532",0.121329347634957
"120097534",0.19236645462374
"120097537",0.372323950077435
"120097544",0.402597402597403
"120097547",0.428645622944198
"120097548",0.757106382978723
"120097550",0.375
"120097557",0.197118670802881
"120097558",0.668504102671997
"120097562",0.900176012069399
"120097564",0.375
"120097567",0.40140093110665
"120097568",0.185501066098081
"120097569",0.562795748972151
"120097570",0.375
"120097571",0.41881206087475
"120097574",0.391304347826087
"120097575",0.435897435897436
"120097577",0.391936931162671
"120097581",0.748739946380697
"120097583",0.384615384615385
"120097584",0.647143542966875
"120097610",0.501645751902901
"120097633",0.8
"120097670",0.578125
"120097692",0.37923364674957
"120097694",0.591006119254305
"120097698",0.378934501375166
"120097699",0.522715425638558
"120097708",0.394736842105263
"120097710",0.653046984028532
"120097717",0.37923364674957
"120097720",1.1763461086292
"120097727",0.4141689373297
"120097728",0.150174912543728
"120097729",0.533104041272571
"120097730",0.422607578676943
"120097733",0.558374279000214
"120097734",0.405505670081362
"120097735",0.525
"120097736",0.411158130259254
"120097740",0.207719425110729
"120097742",0.245441293061559
"120097744",0.845673076923077
"120097746",0.734065934065934
"120097750",0.70608875128999
"120097753",0.730289532293987
"120097754",0.146110648918469
"120097756",0.504518236254763
"120097757",0.812627291242363
"120097770",0.390243902439024
"120097771",0.524210861095651
"120097772",0.391304347826087
"120097773",0.627336448598131
"120097777",0.425
"120097779",0.503493401353
"120097783",0.38135593220339
"120097784",0.658227848101266
"120097786",0.538300741739717
"120097791",0.391304347826087
"120097792",0.216156603253377
"120097793",0.165991902834008
"120097794",0.630452674897119
"120097796",0.560173997100048
"120097797",0.569933920704846
"120097798",0.640643041122658
"120097800",0.525579261298463
"120097801",0.497783213575906
"120097802",0.6177043916982
"120097803",0.280825845918562
"120097804",0.661857364624235
"120097810",0.430196483971044
"120097813",0.378934501375166
"120097814",0.766367137355584
"120097815",0.576674486522717
"120097816",0.79406998379449
"120097817",0.630218687872763
"120097819",0.377627324171382
"120097821",0.596435421247135
"120097822",0.69300415855135
"120097825",0.463913620003789
"120097826",0.377837391663227
"120097831",0.377837391663227
"120097834",0.37923364674957
"120097836",0.839779005524862
"120097837",0.696053918904229
"120097839",0.607215447154472
"120097840",0.125947702305431
"120097842",0.878339288752765
"120097847",0.391304347826087
"120097850",0.502104770813845
"120097851",0.597126795752655
"120097854",0.585613760750586
"120097855",0.443809883419078
"120097856",0.43295165394402
"120097857",0.364522417153996
"120097858",0.407163601161665
"120097862",0.323049001814882
"120097864",0.634328358208955
"120097866",0.848462115528882
"120097867",0.542949756888168
"120097869",0.591612721643681
"120097871",0.37923364674957
"120097872",0.45
"120097874",0.397201017811705
"120097875",0.130018612071258
"120097877",0.391304347826087
"120097881",0.617830777967064
"120097883",0.547081545064378
"120097884",0.156804409724757
"120097887",0.394736842105263
"120097889",0.705310157869558
"120097891",0.79729073344487
"120097893",0.773584905660377
"120097894",0.568178606754274
"120097896",0.834762721555174
"120097897",0.543115601503759
"120097900",0.581418146171441
"120097901",0.762094933820174
"120097904",0.562792438704848
"120097906",0.498893222304206
"120097907",0.391304347826087
"120097908",0.800826446280992
"120097916",0.860542168674699
"120097918",0.379817444219067
"120097920",0.447192214980805
"120097922",0.286770177092118
"120097923",0.260352947545066
"120097924",0.298583490335636
"120097928",0.235496052179883
"120097931",0.218097155801661
"120097934",0.849367088607595
"120097935",0.267392723399869
"120097943",0.188174807197943
"120097944",0.62171002969151
"120097948",0.566957210776545
"120097952",0.226262827538109
"120097954",0.391304347826087
"120097958",0.502217594199545
"120097982",0.394736842105263
"120097988",0.378934501375166
"120098012",0.837479548600914
"120098013",0.646075798269173
"120098029",0.641504178272981
"120098036",0.4
"120098048",0.568196544276458
"120098076",0.636368186595926
"120098082",0.377768662838392
"120098083",0.378934501375166
"120098084",0.561027837259101
"120098108",0.379817444219067
"120098112",0.37923364674957
"120098113",0.573883161512028
"120098114",0.286677437395141
"120098116",1.2103706908986
"120098120",0.377768662838392
"120098122",0.733937311256899
"120098124",0.142910021900737
"120098126",0.503819157720892
"120098127",0.375
"120098128",0.465737593473827
"120098138",0.379817444219067
"120098139",0.85635289682041
"120098141",0.457167090754877
"120098144",0.647924392869961
"120098146",0.5625
"120098148",0.372764988801997
"120098149",0.391304347826087
"120098151",0.442597801073894
"120098155",0.379817444219067
"120098157",0.391304347826087
"120098158",0.384615384615385
"120098162",0.377837391663227
"120098163",0.391458980978977
"120098165",0.232865427705285
"120098166",0.115472547571313
"120098167",0.124589674723963
"120098169",0.391304347826087
"120098177",0.4656097928059
"120098179",1.01086956521739
"120098180",0.509433962264151
"120098181",0.449179248389069
"120098182",0.927104612407268
"120098186",0.704819277108434
"120098187",0.74152397260274
"120098188",0.425
"120098189",0.137064446500154
"120098195",0.143867924528302
"120098197",0.550959488272921
"120098199",0.422371701258279
"120098203",0.851819377466024
"120098206",0.377627324171382
"120098207",1.02376811594203
"120098208",0.507326774126021
"120098209",0.577007943512798
"120098210",0.377627324171382
"120098212",0.256954165320699
"120098218",0.466666666666667
"120098219",0.585099939430648
"120098220",0.582381729200652
"120098222",0.435897435897436
"120098223",0.500419023674838
"120098224",0.613923343390323
"120098226",0.378934501375166
"120098227",0.528523489932886
"120098228",0.669217186580341
"120098229",0.678470080197409
"120098230",0.865767878077374
"120098232",0.405505670081362
"120098235",0.374795903221018
"120098236",0.585253456221198
"120098240",0.506326376121985
"120098241",0.827276042299745
"120098244",0.474553101997897
"120098245",0.55400935325653
"120098249",0.430649854510184
"120098252",0.225241847013065
"120098255",0.6
"120098256",0.611117781246248
"120098258",0.534813596491228
"120098259",0.724919093851133
"120098262",0.468864125854481
"120098267",0.248148148148148
"120098269",0.0960195530726257
"120098270",0.921335820360141
"120098271",0.489018606348048
"120098275",0.569312742707487
"120098276",0.375
"120098282",0.485900662591813
"120098285",0.110431235431235
"120098287",0.787478210342824
"120098288",0.718135671435164
"120098291",0.170854271356784
"120098292",0.394736842105263
"120098293",0.276354264756901
"120098294",0.507477034821619
"120098295",0.643330179754021
"120098296",0.704108164326573
"120098297",0.549813972715998
"120098301",0.159974905897114
"120098310",0.562380038387716
"120098312",0.617407570422535
"120098313",0.415543613063249
"120098318",0.476190476190476
"120098325",0.376358695652174
"120098326",0.521417512472045
"120098328",0.0862980482569464
"120098329",0.187400318979266
"120098330",0.101729399796541
"120098331",0.384429294040026
"120098332",0.680925871667155
"120098334",0.182337610264635
"120098337",0.431267792379987
"120098339",0.6428167740477
"120098348",0.809149165662077
"120098357",0.377627324171382
"120098358",0.377627324171382
"120098360",0.515151515151515
"120098367",0.375
"120098368",0.56495170510546
"120098408",0.377768662838392
"120098443",1.61845730027548
"120098479",0.379817444219067
"120098482",0.241963970328506
"120098483",0.337349397590361
"120098485",0.801122592167368
"120098486",1.04679595278246
"120098489",0.37923364674957
"120098490",0.764705882352941
"120098491",0.356537753222836
"120098492",0.905579399141631
"120098494",0.377768662838392
"120098495",0.641341383226732
"120098496",0.58967484312607
"120098497",0.772084576469062
"120098498",0.519796380090498
"120098500",0.563035751620322
"120098501",0.293461803165864
"120098502",0.394736842105263
"120098503",0.772185014650481
"120098507",1.01930501930502
"120098508",0.391304347826087
"120098509",0.345008756567426
"120098511",0.475563680682511
"120098513",0.436882026276581
"120098514",0.294732740144184
"120098516",0.496402877697842
"120098517",0.852017937219731
"120098520",0.37923364674957
"120098521",0.257313014538448
"120098522",0.449956229938722
"120098523",0.427790973871734
"120098524",0.60901389916934
"120098526",0.555555555555556
"120098529",0.646577380952381
"120098530",0.428819243668324
"120098532",0.65
"120098533",0.380347724164876
"120098536",0.326388888888889
"120098537",0.778779840848806
"120098538",0.666666666666667
"120098539",0.402916785816414
"120098540",0.689951305887561
"120098541",1.15057179161372
"120098543",0.217383365288049
"120098544",0.379817444219067
"120098545",0.378934501375166
"120098547",0.39858046448747
"120098550",0.54611598544832
"120098551",0.649677797305214
"120098556",0.49902887478959
"120098557",0.478863758750673
"120098559",0.564454669638364
"120098560",0.394736842105263
"120098561",0.190482739650667
"120098563",0.702120383036936
"120098564",0.494373429476674
"120098567",0.774697695642254
"120098570",0.377627324171382
"120098571",0.377837391663227
"120098572",0.49003984063745
"120098573",0.519922380336352
"120098575",0.44182047460736
"120098576",0.393123270172451
"120098580",0.753870073683499
"120098581",0.391347820290628
"120098582",0.794520547945205
"120098585",0.197452229299363
"120098587",0.632860040567951
"120098588",0.500837801608579
"120098591",0.384615384615385
"120098592",0.375
"120098593",0.37923364674957
"120098594",0.953807740324594
"120098595",0.528641642381802
"120098596",0.494424179260031
"120098598",0.618032786885246
"120098600",0.399800498753117
"120098602",0.501115241635688
"120098606",0.305899851264254
"120098608",0.681235122983338
"120098609",0.265899864682003
"120098610",0.313218390804598
"120098611",0.248798341932354
"120098612",0.546448879069936
"120098614",0.377837391663227
"120098615",0.377627324171382
"120098619",0.71028333803214
"120098625",0.391304347826087
"120098626",0.816071874220115
"120098630",0.375
"120098633",0.753872013446993
"120098635",0.375
"120098636",0.427790973871734
"120098637",0.375
"120098638",0.375
"120098645",0.573256767842494
"120098646",0.346409656361621
"120098652",0.422086745749018
"120098655",0.769381939667878
"120098656",0.50224355629761
"120098663",0.538703587161737
"120098665",0.391304347826087
"120098677",0.394736842105263
"120098678",0.515130626594058
"120098679",0.932432432432432
"120098680",0.74025974025974
"120098684",0.379817444219067
"120098726",0.384615384615385
"120098733",0.376293508936971
"120098737",0.376293508936971
"120098745",0.504713949003643
"120098765",1.53553994523158
"120098768",0.37923364674957
"120098771",0.447368421052632
"120098774",0.604455925088796
"120098775",0.149090909090909
"120098776",0.375
"120098782",0.377837391663227
"120098783",0.377627324171382
"120098785",0.37923364674957
"120098786",0.377808344795965
"120098787",0.5
"120098789",0.377627324171382
"120098792",0.568862275449102
"120098793",0.6875
"120098794",0.638141809290954
"120098796",0.279962980101805
"120098798",0.393248855286977
"120098800",0.401084010840108
"120098801",0.459658828953435
"120098802",0.210434782608696
"120098806",0.625
"120098808",0.227536914860195
"120098809",0.10110551061036
"120098811",0.218993305231837
"120098812",0.739099429502852
"120098816",0.466666666666667
"120098819",0.531201803298137
"120098822",0.690839694656488
"120098823",0.685961761909792
"120098826",0.606084867894315
"120098827",0.539042244929083
"120098828",0.735063864853729
"120098829",0.814187116564417
"120098830",0.879034887512227
"120098831",0.488266384778013
"120098832",0.699545128082356
"120098833",0.522901797813714
"120098834",0.491563919532771
"120098835",0.377768662838392
"120098836",0.371519490851233
"120098837",0.486404833836858
"120098838",0.466666666666667
"120098841",0.243163340724316
"120098842",0.427192276749799
"120098843",0.357239218416815
"120098848",0.389028598163635
"120098849",0.891113892365457
"120098850",0.486781115879828
"120098852",0.815410465674508
"120098856",0.377627324171382
"120098857",0.768957871396896
"120098858",0.820939781021898
"120098859",0.194537013301433
"120098860",0.377768662838392
"120098861",0.671091339599627
"120098862",0.384615384615385
"120098863",0.384615384615385
"120098864",0.601921274601687
"120098865",0.537811484290358
"120098867",0.699735992959812
"120098869",0.50748646065626
"120098872",0.777076761303891
"120098873",0.203282578603915
"120098874",0.649056125680983
"120098875",0.137686710072769
"120098879",0.223787511923105
"120098880",0.405505670081362
"120098882",0.12404559035078
"120098883",0.375
"120098884",0.515453555574169
"120098885",0.530631340490495
"120098886",0.554428477505401
"120098887",0.375
"120098888",0.698630136986301
"120098893",0.782166367444644
"120098894",0.378934501375166
"120098895",0.15811697574893
"120098896",0.447528187337381
"120098897",0.485663082437276
"120098901",0.149906141056584
"120098902",0.207320480581168
"120098903",0.379817444219067
"120098907",0.699704967705924
"120098914",0.483111469041641
"120098915",0.639112903225806
"120098916",0.377627324171382
"120098917",0.391304347826087
"120098918",0.337226277372263
"120098920",0.421879280431011
"120098921",0.299367226707397
"120098927",0.0837730583053508
"120098928",0.709526592635885
"120098929",0.378934501375166
"120098932",0.752710985384253
"120098933",0.846293568973981
"120098934",0.851418162893573
"120098935",0.78619153674833
"120098936",0.765625
"120098939",0.762659503022162
"120098940",0.375
"120098941",0.443008225616921
"120098942",0.524289831206258
"120098944",0.0741644870677129
"120098948",0.377627324171382
"120098949",0.555135579293344
"120098950",0.804793331017714
"120098952",0.314889574922821
"120098953",0.2633530521262
"120098955",0.192358917767038
"120098959",0.419194350826513
"120098961",0.529403991013612
"120098963",0.159301402487431
"120098965",0.863522884882108
"120098966",0.589164785553047
"120098967",0.293359438733888
"120098968",0.778841473308454
"120098970",0.885626263598729
"120098971",0.42495143916652
"120098975",1.00557793616362
"120098976",0.68972242085419
"120098978",0.265837498547018
"120098979",0.488147365242337
"120098980",0.394736842105263
"120098982",0.488293179504581
"120098983",0.455684502413474
"120098989",0.379817444219067
"120098996",0.799320778017907
"120099009",0.379817444219067
"120099014",0.553549060542798
"120099037",1.09260609596033
"120099051",0.391304347826087
"120099060",0.377915836361505
"120099071",0.446132339235788
"120099072",0.828490249257394
"120099099",0.321590909090909
"120099100",0.678751258811682
"120099102",0.419662509170946
"120099103",0.320479346589007
"120099105",0.685592618878637
"120099107",0.246660692186233
"120099110",0.596880827258857
"120099111",0.391304347826087
"120099112",0.63562091503268
"120099114",0.45322398077725
"120099115",0.0836588282184137
"120099116",0.444082164982067
"120099117",0.571428571428571
"120099118",0.37923364674957
"120099119",0.828451407811081
"120099120",0.716776443239055
"120099122",0.225315354501957
"120099123",0.493278289404044
"120099124",0.717138364779874
"120099125",0.56267539756782
"120099129",0.225243565508216
"120099132",0.101731180704143
"120099136",0.392071881606765
"120099138",0.602344296710987
"120099156",0.536231884057971
"120099165",0.209951781409054
"120099169",0.478260869565217
"120099179",0.378448881308317
"120099187",0.394736842105263
"120099193",0.507326774126021
"120099195",0.575440786394133
"120099197",0.422259788915795
"120099209",0.321832061068702
"120099210",0.475015812776724
"120099211",0.423220192508269
"120099214",0.5
"120099218",0.146279306829766
"120099219",0.510782279166291
"120099221",0.792899408284024
"120099224",0.600297176820208
"120099226",0.391304347826087
"120099231",0.37923364674957
"120099236",0.459632493556165
"120099237",0.601757025675873
"120099238",0.470322698712865
"120099242",0.710215053763441
"120099244",0.452540251219407
"120099249",0.75609756097561
"120099251",0.370241667982941
"120099253",0.981505944517833
"120099257",0.377768662838392
"120099258",0.46922024623803
"120099259",0.394736842105263
"120099266",0.901162337155784
"120099267",0.394736842105263
"120099268",0.522020725388601
"120099275",0.392078022072034
"120099276",0.449387993005634
"120099281",0.348863006100943
"120099283",0.7
"120099284",0.473354538781502
"120099286",0.447368421052632
"120099288",0.321670595167943
"120099292",0.391304347826087
"120099296",0.281783851825211
"120099301",0.612048192771084
"120099304",0.747060179847821
"120099319",0.230649754077142
"120099339",0.584743359485774
"120099340",0.5625
"120099341",0.377837391663227
"120099344",0.427039810800158
"120099355",0.47043254161733
"120099358",0.396765498652291
"120099362",0.836239270386266
"120099364",0.470149253731343
"120099367",0.477718360071301
"120099369",0.196100124464113
"120099372",0.655466161855182
"120099378",0.259320984715014
"120099381",0.393685093884402
"120099382",0.290144268464795
"120099388",0.27880257194055
"120099441",0.939097103918228
"120099449",0.377915836361505
"120099460",0.379817444219067
"120099462",0.66476157487588
"120099477",0.377837391663227
"120099513",0.384615384615385
"120099516",0.461538461538462
"120099517",0.533104041272571
"120099577",0.52997393570808
"120099587",0.320377479206654
"120099591",0.753708622141608
"120099620",0.249132798343257
"120099622",0.680886075949367
"120099623",0.704918032786885
"120099624",0.703249249565538
"120099627",0.393685093884402
"120099628",0.226462332144754
"120099632",0.831481481481481
"120099637",0.686734336716836
"120099648",0.457831325301205
"120099669",0.397197680177661
"120099682",0.370967741935484
"120099687",0.689772219740956
"120099689",0.456528018486424
"120099690",0.254013220018886
"120099694",0.802714398111723
"120099695",0.73073803730738
"120099696",0.459560792715587
"120099697",0.459560792715587
"120099698",0.378934501375166
"120099700",0.37923364674957
"120099725",0.378934501375166
"120099762",0.373700676152992
"120099763",0.464952985712541
"120099765",0.643692940722644
"120099767",0.354601341281669
"120099769",0.337209302325581
"120099772",0.377768662838392
"120099776",0.234897550635893
"120099779",0.377627324171382
"120099780",0.442426108374384
"120099781",0.174235555921866
"120099783",0.378934501375166
"120099784",0.377627324171382
"120099785",0.198197201791738
"120099788",0.164719132760805
"120099789",0.153842605406403
"120099790",0.731644417475728
"120099791",0.498892988929889
"120099792",0.80326496442026
"120099793",0.362045060658579
"120099794",0.629771970279272
"120099798",0.202046905094603
"120099799",0.663723325974982
"120099801",0.496931238947259
"120099802",0.785976774952227
"120099804",0.413138603170995
"120099806",0.249171417208007
"120099807",0.507965358708436
"120099809",0.393519974834854
"120099810",0.246464646464646
"120099811",0.68984962406015
"120099813",0.505834053586863
"120099814",0.531345494953236
"120099820",0.695615015449346
"120099822",0.633169533169533
"120099825",0.676520847573479
"120099826",0.585960264900662
"120099829",0.487179487179487
"120099830",0.18614931237721
"120099831",0.435897435897436
"120099832",0.515151515151515
"120099833",0.431265958323038
"120099835",0.391304347826087
"120099836",0.346763202725724
"120099837",0.431267792379987
"120099839",0.709656048142218
"120099841",0.537187433212225
"120099844",0.298625067789581
"120099847",0.422207107634756
"120099848",0.375
"120099849",0.931873479318735
"120099850",0.460473524095058
"120099854",0.642923884137138
"120099856",0.806979280261723
"120099858",0.10135998539613
"120099863",0.269964952873524
"120099864",0.783361107550314
"120099865",0.0580035044320759
"120099866",0.110091743119266
"120099868",0.554825737265416
"120099870",0.327397260273973
"120099871",0.602226720647773
"120099872",0.391304347826087
"120099874",0.797429802406775
"120099877",0.418076764341725
"120099878",0.26036032372199
"120099879",0.983935935551932
"120099880",0.631244585619405
"120099881",0.558658370010624
"120099882",0.543223729144307
"120099883",0.337564175698802
"120099885",0.40963280877444
"120099887",0.653822172340691
"120099888",0.427039810800158
"120099889",0.200404858299595
"120099890",0.664053075995175
"120099891",0.583954271715831
"120099893",0.173741212236367
"120099894",0.554724409448819
"120099895",0.298839458413927
"120099897",0.376267529665588
"120099898",0.665872069924513
"120099899",2.01137642946021
"120099906",0.518831553973903
"120099907",0.377627324171382
"120099908",0.475908567669791
"120099911",0.154183238467218
"120099912",0.250295998105612
"120099913",0.202675014228799
"120099914",0.710888888888889
"120099916",0.710170597557565
"120099917",0.87655183116077
"120099918",0.378500451671183
"120099919",0.644969463195114
"120099923",0.393963891134465
"120099924",0.337139462741733
"120099925",0.692947533058439
"120099926",0.462543295398318
"120099927",0.651306413301663
"120099930",0.534529147982063
"120099932",0.787229975148155
"120099934",0.574575586095392
"120099935",0.316535433070866
"120099936",0.423163700175483
"120099937",0.454768928220256
"120099938",0.60594439117929
"120099939",0.553438828289036
"120099941",0.528846153846154
"120099943",0.61893955023726
"120099944",0.692151763176012
"120099945",0.514794448808589
"120099948",0.575714904679376
"120099949",0.500703539344085
"120099950",0.848066675775379
"120099953",0.304017788682717
"120099955",0.375
"120099956",0.391304347826087
"120099957",0.393123270172451
"120099958",0.721970657489585
"120099959",0.377837391663227
"120099960",0.156414490659511
"120099961",0.124226051977758
"120099962",0.65719742181905
"120099963",0.39024984765387
"120099964",0.477309356179489
"120099967",0.716703786191537
"120099969",0.375
"120099971",0.385367075920822
"120099973",0.593722172751558
"120099974",0.386823222439661
"120099976",0.210620976902688
"120099977",0.5
"120099978",0.598839110529758
"120099979",0.160531940156732
"120099980",0.660351397121084
"120099981",0.962495264553605
"120099983",0.486404833836858
"120099984",0.991758241758242
"120099985",0.609537350978891
"120099988",0.686893203883495
"120099989",0.34478527607362
"120099991",0.384615384615385
"120099993",0.213288232373386
"120099997",0.391304347826087
"120100000",0.237035130613821
"120100001",0.644962302947224
"120100003",0.577014218009479
"120100009",0.37923364674957
"120100010",0.372789115646258
"120100011",0.637253811060421
"120100013",0.490428247305729
"120100014",0.199013355793527
"120100015",0.634633682207421
"120100016",0.415135528470075
"120100019",0.219879518072289
"120100022",0.456026960897465
"120100024",0.315785082596362
"120100025",0.316620241411328
"120100026",0.756534727408514
"120100027",0.208807588075881
"120100032",0.452830188679245
"120100035",0.6288532675709
"120100038",0.663475919832486
"120100040",0.686765120872919
"120100041",0.433421705293766
"120100043",0.182024269902654
"120100045",0.667667592523084
"120100046",0.204164502573304
"120100048",0.314838709677419
"120100049",0.375
"120100050",0.49003984063745
"120100051",0.394736842105263
"120100055",0.455827067669173
"120100056",0.6858074222668
"120100058",0.446428571428571
"120100061",0.456159476717022
"120100062",0.37923364674957
"120100064",0.543030303030303
"120100065",0.393123270172451
"120100066",0.725969645868465
"120100067",0.427790973871734
"120100068",0.689597644749755
"120100076",0.702525613533476
"120100087",0.292779036548123
"120100088",0.330721935739786
"120100089",0.202126481337911
"120100090",0.567341458376369
"120100091",0.591389114541024
"120100093",0.330577313606034
"120100094",0.156893065302724
"120100095",0.377627324171382
"120100096",0.647266482205896
"120100097",0.863435718226963
"120100098",0.216546762589928
"120100100",1.00199203187251
"120100101",0.394604338907192
"120100103",0.441841299740994
"120100104",0.577467857921116
"120100105",0.531355763487955
"120100106",0.0909674314134446
"120100136",0.391304347826087
"120100137",0.375
"120100157",0.333333333333333
"120100182",0.377627324171382
"120100225",1.23328989015081
"120100226",0.391304347826087
"120100233",0.792207792207792
"120100257",0.391304347826087
"120100289",0.875469234535662
"120100294",0.394736842105263
"120100309",0.47324306898775
"120100310",0.47324306898775
"120100312",0.47324306898775
"120100339",0.37923364674957
"120100346",0.81691580426728
"120100350",1.03486193695528
"120100353",0.393685093884402
"120100358",0.4333
"120100362",0.371095763323369
"120100370",0.34970870729019
"120100381",0.615384615384615
"120100389",0.433122847301952
"120100390",0.53448275862069
"120100393",0.479759669545625
"120100467",0.458670585012328
"120100488",0.391304347826087
"120100542",0.346148639501828
"120100548",0.275956284153005
"120100553",0.378934501375166
"120100557",0.377768662838392
"120100558",0.40053278336341
"120100567",0.50864604164216
"120100569",0.466666666666667
"120100575",0.710437354743292
"120100577",0.425125313283208
"120100581",0.127590723476385
"120100590",0.476190476190476
"120100611",0.384615384615385
"120100612",0.710463515374025
"120100621",0.394736842105263
"120100622",0.406593406593407
"120100635",0.504713949003643
"120100636",0.7
"120100640",0.208086001402197
"120100644",0.453476616617366
"120100647",0.621166566446182
"120100648",0.849628359062321
"120100649",0.515151515151515
"120100651",0.209228601620289
"120100652",0.810081300813008
"120100653",0.591428965137109
"120100656",0.474868717179295
"120100657",0.546442151004889
"120100659",0.111057845957175
"120100660",0.496548101455801
"120100661",0.402597402597403
"120100662",0.346920012258658
"120100663",0.25848896434635
"120100666",0.736213235294118
"120100667",0.458333333333333
"120100669",0.846529473317056
"120100671",0.41692036532607
"120100672",0.140473661188527
"120100673",0.209993468321359
"120100676",0.391304347826087
"120100677",0.209438448875069
"120100678",0.156011173773257
"120100679",0.293124742692466
"120100680",0.528846153846154
"120100682",0.368820512820513
"120100684",0.284342688330872
"120100685",0.851134846461949
"120100687",0.253358036127837
"120100688",0.599221789883268
"120100691",0.574365045200172
"120100692",0.507592418054247
"120100693",0.370967741935484
"120100694",0.384530080399224
"120100696",0.478244972577696
"120100697",0.391304347826087
"120100698",0.311435523114355
"120100699",0.420211458077207
"120100700",0.546643226019119
"120100701",0.490683544303797
"120100702",0.360670305954043
"120100704",0.37923364674957
"120100708",0.617814603832211
"120100709",0.37923364674957
"120100710",0.629306930693069
"120100712",0.412828089692334
"120100713",0.391304347826087
"120100714",0.542107181917608
"120100715",0.51098560506922
"120100717",0.470420035495957
"120100719",0.394736842105263
"120100720",0.641283826305853
"120100722",0.802987285520306
"120100724",0.528523489932886
"120100725",0.242081447963801
"120100726",0.449600448619094
"120100727",0.370967741935484
"120100730",0.605313612708847
"120100732",0.379817444219067
"120100733",0.391304347826087
"120100734",0.446132339235788
"120100736",0.498066818677506
"120100737",0.324134098907205
"120100741",0.499386421677556
"120100745",0.374599260172626
"120100748",0.081635301752109
"120100751",0.391304347826087
"120100757",0.888160383306014
"120100760",0.462562518387761
"120100761",0.125751344511231
"120100762",0.390738274892736
"120100764",0.542204069934079
"120100766",0.377627324171382
"120100768",0.391304347826087
"120100773",0.383474576271186
"120100774",0.502560273095797
"120100776",0.375
"120100778",0.109317291550084
"120100780",0.369841966637401
"120100782",0.394736842105263
"120100783",0.175885473552816
"120100784",0.0786120067557193
"120100786",0.580165640263326
"120100787",0.391304347826087
"120100788",0.663240628778718
"120100792",0.755367314152183
"120100793",0.294447661792385
"120100795",0.467553405884724
"120100797",0.3681592039801
"120100798",0.248723064644852
"120100799",0.713420022724404
"120100800",0.56968773800457
"120100803",0.598267478182462
"120100810",0.377768662838392
"120100812",0.188241046326855
"120100819",0.744918562390631
"120100820",0.617255163224517
"120100821",0.354079469478719
"120100824",0.34934889986529
"120100825",0.280573025856045
"120100826",0.325413223140496
"120100827",0.16793893129771
"120100828",0.337891309792136
"120100829",0.316953316953317
"120100830",0.527035830618893
"120100831",0.367606026785714
"120100832",0.5065755410583
"120100833",0.203722672597969
"120100834",0.609479305740988
"120100835",0.379817444219067
"120100836",0.802829141119104
"120100839",0.378934501375166
"120100841",0.65263317881298
"120100842",0.695652173913043
"120100844",0.173223543763342
"120100845",0.389015885876327
"120100846",0.465393794749403
"120100847",0.409797822706065
"120100852",0.0800138252829863
"120100853",0.378934501375166
"120100855",0.446428571428571
"120100856",0.439903042460715
"120100858",0.378934501375166
"120100859",0.535719725818736
"120100860",0.712200495731204
"120100862",0.516875418300029
"120100863",0.394736842105263
"120100865",0.343514237040642
"120100866",0.668016740920751
"120100869",0.405505670081362
"120100871",0.662809257781325
"120100872",0.485495165055018
"120100873",0.223875046485682
"120100874",0.598131892865181
"120100875",0.12317044381492
"120100876",0.746373420683201
"120100877",0.726166328600406
"120100878",0.496613225476341
"120100879",0.378402632366138
"120100880",0.837136113296617
"120100883",0.579275905118602
"120100887",0.599620493358634
"120100891",0.209591474245115
"120100892",0.615971515768057
"120100894",0.502560273095797
"120100896",0.760095011876485
"120100897",0.500634786288616
"120100898",0.364942155206031
"120100902",0.683339440576524
"120100903",0.357512953367876
"120100906",0.274992015330565
"120100907",0.320036264732548
"120100909",0.394736842105263
"120100910",0.454034663093746
"120100911",0.384615384615385
"120100912",0.375
"120100914",0.612836290784202
"120100915",0.315141511986579
"120100916",0.572554002541296
"120100918",0.167928676111383
"120100921",0.621225533589063
"120100923",0.409949934599251
"120100925",0.308952603861908
"120100926",0.836211548839719
"120100927",0.377837391663227
"120100929",0.391304347826087
"120100931",0.219407507153678
"120100932",0.267620286085826
"120100935",0.211598746081505
"120100938",0.812343714480564
"120100942",0.444145635084816
"120100943",0.762159409218233
"120100945",0.731248801074238
"120100946",0.263542409123307
"120100947",0.385711528564076
"120100948",0.671990320629159
"120100950",0.392071881606765
"120100951",0.418470493464647
"120100952",0.609951845906902
"120100955",0.723496950334011
"120100957",0.5483
"120100958",0.567382081357624
"120100959",0.302061586638831
"120100960",0.529644268774704
"120100962",0.596849778703463
"120100963",0.374273181679078
"120100965",0.37923364674957
"120100967",0.435448747861254
"120100968",0.517653622379852
"120100973",0.612995059867705
"120100974",0.377837391663227
"120100975",0.485513153019637
"120100976",0.587579371225027
"120100977",0.548907277742415
"120100978",0.377627324171382
"120100979",0.649594659036719
"120101002",0.0942766617230686
"120101003",0.515668710616293
"120101017",0.378934501375166
"120101047",0.507965358708436
"120101048",0.250080642796399
"120101052",0.377768662838392
"120101061",0.311854103343465
"120101070",0.572644826947992
"120101071",0.77839170350221
"120101072",0.375
"120101075",0.570125610048804
"120101076",0.441156385158206
"120101078",0.375
"120101079",0.215372297838271
"120101081",0.377768662838392
"120101082",0.377627324171382
"120101085",0.391304347826087
"120101086",0.378934501375166
"120101089",0.187601078167116
"120101090",0.28176179665964
"120101091",0.559032021510633
"120101092",0.804020979020979
"120101095",0.593549812237685
"120101096",0.369701986754967
"120101099",0.399488926746167
"120101101",0.72785622593068
"120101102",0.495247784530535
"120101103",0.763649529326575
"120101131",0.393248855286977
"120101157",0.4
"120101240",0.69031903190319
"120101245",0.34970870729019
"120101246",0.34970870729019
"120101254",0.404242046163444
"120101255",0.362284129585277
"120101277",1.38102409638554
"120101288",1.96820809248555
"120101299",1.38102409638554
"120101300",0.377627324171382
"120101310",0.661764705882353
"120101316",0.394736842105263
"120101322",0.777777777777778
"120101333",0.632352941176471
"120101355",0.461538461538462
"120101372",0.353072938541229
"120101374",0.98074369189907
"120101376",1
"120101377",0.375
"120101393",0.407438095541604
"120101397",0.578353563647681
"120101450",0.379817444219067
"120101453",0.882628758559095
"120101454",0.478294109138996
"120101456",0.703032197561738
"120101462",0.6
"120101470",0.730110392082223
"120101472",0.377627324171382
"120101473",0.747165259348613
"120101475",0.730994152046784
"120101486",0.459352952393059
"120101502",0.566544632281684
"120101503",0.900648399916335
"120101504",0.375
"120101506",0.6467750126968
"120101507",0.531964809384164
"120101511",0.605515587529976
"120101513",0.453388244103332
"120101515",0.0988195377111755
"120101516",0.483184347065075
"120101517",0.844049567453823
"120101518",0.635162525335936
"120101519",0.493938280675974
"120101521",0.4
"120101523",0.691711738049993
"120101525",0.5625
"120101526",0.151993117292802
"120101527",0.258981355161437
"120101528",0.466233262177372
"120101529",0.391304347826087
"120101530",0.503325635103926
"120101531",0.394736842105263
"120101532",0.705839942321557
"120101533",0.0867306852902663
"120101534",0.402094517292968
"120101535",0.451685623527001
"120101537",0.520114942528736
"120101539",0.737882653061224
"120101542",0.682541851725316
"120101544",0.520851433536056
"120101545",0.669747565096402
"120101547",0.68525538707103
"120101548",0.489520774604731
"120101550",0.257522074124065
"120101551",0.401385266578306
"120101554",0.587489063867017
"120101557",0.722036082474227
"120101560",0.816301703163017
"120101561",0.378934501375166
"120101562",0.104299547242143
"120101563",0.740147629175529
"120101564",0.485294117647059
"120101566",0.394736842105263
"120101572",0.370967741935484
"120101574",0.481658545554841
"120101575",0.454943899018233
"120101576",0.911144905496415
"120101577",0.47121799844841
"120101578",0.819107479572596
"120101579",0.665175332527207
"120101580",0.377627324171382
"120101581",0.482144362338794
"120101585",0.246676514032496
"120101590",0.678389545498222
"120101591",0.449106389506788
"120101592",0.378934501375166
"120101595",0.0715179162681186
"120101596",0.40625
"120101598",0.102208624151449
"120101599",0.537075156671698
"120101600",0.515151515151515
"120101602",0.843765903307888
"120101603",0.681386514719848
"120101608",0.247996814811128
"120101609",0.395069695405266
"120101611",0.145391422160125
"120101612",0.780296425457716
"120101613",0.578837490385672
"120101616",0.559121321570253
"120101617",0.377627324171382
"120101618",0.524908668216539
"120101622",0.503796941641527
"120101623",0.814503981063051
"120101624",0.139099624843685
"120101625",0.530526315789474
"120101626",0.502560273095797
"120101628",0.198926687283973
"120101629",0.925770727327148
"120101632",0.769199839163651
"120101638",0.582820925172642
"120101639",0.700737482209859
"120101641",0.394253891912416
"120101644",0.858079292370874
"120101645",0.596415265330782
"120101646",0.489768534048977
"120101648",0.570212765957447
"120101649",0.375
"120101650",0.449106389506788
"120101651",0.367432862994993
"120101654",0.376068376068376
"120101655",0.425304878048781
"120101656",0.5
"120101659",0.498194130925508
"120101661",0.41586584478732
"120101662",0.493202600744063
"120101665",0.0854359780047133
"120101666",0.526666666666667
"120101669",0.527203180834466
"120101671",0.659390999730531
"120101672",0.790393013100437
"120101677",0.230637202317099
"120101678",0.527950310559006
"120101680",0.626666666666667
"120101682",0.989236182984889
"120101685",0.377837391663227
"120101698",0.633024373498112
"120101704",0.243955139417636
"120101705",0.676992153839176
"120101710",0.442202784048157
"120101712",0.0760651767976058
"120101713",0.187873612297182
"120101714",0.429078014184397
"120101715",0.520917206371433
"120101717",0.552234253469575
"120101719",0.265074868474302
"120101720",0.444764470872433
"120101722",0.466666666666667
"120101724",0.297607835750612
"120101727",0.627586206896552
"120101728",0.429902115566782
"120101733",0.667468956840435
"120101738",0.375
"120101744",0.394736842105263
"120101746",0.583079900470003
"120101747",0.309457579972184
"120101750",0.134796375150126
"120101752",0.649536321483771
"120101754",0.394736842105263
"120101755",0.285674348017093
"120101756",0.62313338395343
"120101757",0.162921348314607
"120101759",0.575884935089194
"120101761",0.713646532438479
"120101763",0.375
"120101764",0.0520898707167064
"120101765",0.578144962098629
"120101766",0.45205738014345
"120101767",0.485886163813049
"120101769",0.527301587301587
"120101770",0.329614939679392
"120101774",0.870524412296564
"120101775",0.384615384615385
"120101776",0.574448884878175
"120101777",0.391304347826087
"120101778",0.377768662838392
"120101779",0.233364573570759
"120101781",0.558620689655172
"120101783",0.807649579431836
"120101784",0.402147265195705
"120101785",0.375
"120101787",0.767785998861696
"120101788",0.69797924631349
"120101790",0.404866895312755
"120101791",0.351973684210526
"120101792",0.599516300190025
"120101793",0.391304347826087
"120101795",0.384615384615385
"120101797",0.1794779800879
"120101801",0.488075462743237
"120101803",0.562566905177757
"120101805",0.62596015362458
"120101806",0.377768662838392
"120101807",0.393685093884402
"120101809",0.880706152721195
"120101815",0.452830188679245
"120101817",0.416666666666667
"120101819",0.625160133230848
"120101820",0.148325358851675
"120101821",0.460034013605442
"120101828",0.706488725264611
"120101829",0.375
"120101831",0.515151515151515
"120101832",0.391304347826087
"120101833",0.418882730273401
"120101835",0.82993931220499
"120101836",0.249213302893811
"120101839",0.776776960784314
"120101849",0.12059620596206
"120101859",0.687049978822533
"120101860",0.857619457597934
"120101872",0.167478091528724
"120101873",0.381414973996664
"120101874",0.368808567603748
"120101875",0.146005837850718
"120101877",1.47996031746032
"120101878",0.355517389437527
"120101879",0.502560273095797
"120101880",0.391304347826087
"120101881",0.530612244897959
"120101882",0.216147719044171
"120101883",0.487816307403936
"120101884",0.430482560917343
"120101885",0.40140093110665
"120101886",0.529411764705882
"120101887",0.179145100838836
"120101890",0.223064644852354
"120101891",1.38439981317142
"120101892",0.483861432962875
"120101900",0.58630713712911
"120101903",0.632058926692389
"120101907",0.583732057416268
"120101908",0.334208158368326
"120101909",0.222100450901804
"120101910",0.432402674007078
"120101912",0.502252016340212
"120101913",0.466666666666667
"120101914",0.948475492087997
"120101919",0.63858234295416
"120101921",0.391304347826087
"120101922",0.377627324171382
"120101925",0.120183239019132
"120101928",0.594147710191402
"120101929",0.473684210526316
"120101957",0.802714398111723
"120101968",0.37243947858473
"120101979",0.37243947858473
"120101981",0.442105263157895
"120101985",0.596491228070175
"120101986",0.75
"120101987",0.425
"120101988",0.707610736772341
"120101989",0.391304347826087
"120101990",0.8
"120102001",0.533037475345168
"120102017",0.49003984063745
"120102036",0.377837391663227
"120102039",0.504156275976725
"120102047",0.502560273095797
"120102082",0.498892988929889
"120102083",0.463199013157895
"120102088",0.391304347826087
"120102093",0.391304347826087
"120102096",0.550297973778308
"120102100",0.875469234535662
"120102105",0.73073803730738
"120102106",0.496372070893303
"120102107",0.487179487179487
"120102147",0.685256078634247
"120102155",0.82571522525485
"120102163",0.509906085166602
"120102170",0.505834053586863
"120102177",0.585206481965499
"120102178",0.394736842105263
"120102190",0.214730019340338
"120102191",0.160174269605331
"120102192",0.726230260140227
"120102194",0.402216006884682
"120102195",0.42500421798549
"120102197",0.907344632768362
"120102200",0.608695652173913
"120102201",0.403353222959913
"120102204",0.629987908101572
"120102210",0.719141663501709
"120102213",0.591798032475999
"120102216",0.673922182259797
"120102217",0.375
"120102222",0.5
"120102223",0.391304347826087
"120102224",0.743470149253731
"120102225",0.375
"120102227",0.373928124096734
"120102229",0.609056265411343
"120102230",0.132213154104657
"120102233",0.0864245534904217
"120102238",0.595768487437697
"120102239",0.581088150667015
"120102240",0.272892662219527
"120102244",0.498892988929889
"120102245",0.375
"120102246",0.45
"120102248",0.729166666666667
"120102250",0.314628400085671
"120102252",0.224222737819026
"120102257",0.540488870681415
"120102259",0.566544632281684
"120102260",0.78844696969697
"120102261",0.630948056665456
"120102262",0.0951774629953844
"120102263",0.392282272678819
"120102264",0.454545454545455
"120102265",0.553892215568862
"120102270",0.644296951819076
"120102277",0.518292682926829
"120102278",0.40140093110665
"120102279",0.540297053810567
"120102283",0.375
"120102284",0.486404833836858
"120102286",0.224705599615477
"120102287",0.486842105263158
"120102291",0.55204280155642
"120102292",0.201099633455515
"120102307",0.20348001150417
"120102308",0.376080995570555
"120102310",0.740528949249464
"120102311",0.492204899777283
"120102315",0.394736842105263
"120102317",0.7084938985228
"120102319",0.372566817952597
"120102320",0.092741935483871
"120102321",0.283448275862069
"120102323",0.513896609227349
"120102324",0.24033479473894
"120102325",0.691421991940127
"120102326",0.375
"120102327",0.529594708002172
"120102328",0.37923364674957
"120102329",0.695074946466809
"120102330",0.37432242521582
"120102331",0.290252930289944
"120102332",0.709935897435897
"120102333",0.268380790480238
"120102336",0.381979263009298
"120102337",0.417450812660394
"120102339",0.377627324171382
"120102340",0.377837391663227
"120102342",0.355990289875768
"120102343",0.421052631578947
"120102347",0.828388433644155
"120102348",0.857570914902117
"120102354",0.378934501375166
"120102358",0.435897435897436
"120102359",0.495950554134697
"120102360",0.278556739577491
"120102361",0.365682510260823
"120102363",0.441543700340522
"120102364",0.39041095890411
"120102367",0.211693995683831
"120102369",0.741440958255118
"120102372",0.689716993212959
"120102374",0.375
"120102375",0.584898865614309
"120102376",0.328874305906108
"120102377",0.104098642378416
"120102378",0.264285714285714
"120102380",0.490380549682875
"120102382",0.361598965628704
"120102383",0.473865502463251
"120102384",0.195273264401773
"120102385",0.117067833698031
"120102386",0.450713182520214
"120102387",0.618330001537752
"120102388",0.394736842105263
"120102389",0.374747882210569
"120102390",0.840021119324182
"120102392",0.264280387770321
"120102393",0.179817459149124
"120102394",0.694524495677233
"120102395",0.121215850356879
"120102398",0.542553191489362
"120102402",0.37923364674957
"120102404",0.461827671620665
"120102405",0.585193385950502
"120102407",0.552156958323178
"120102409",0.5
"120102413",0.377768662838392
"120102415",0.652160300563557
"120102417",0.682333425490738
"120102418",0.171093194213896
"120102420",0.841448189762797
"120102421",0.375
"120102423",0.440223766128305
"120102424",0.707250144425188
"120102426",0.75836392239119
"120102427",0.37923364674957
"120102428",0.533801717408275
"120102429",0.394736842105263
"120102431",0.26530612244898
"120102432",0.537635677206229
"120102434",0.629857901044342
"120102439",0.391304347826087
"120102453",0.393519974834854
"120102455",0.391304347826087
"120102456",0.204085180356367
"120102461",0.377627324171382
"120102464",0.664901387874361
"120102467",0.269020749908992
"120102471",0.563583287721219
"120102473",0.374063989108237
"120102475",0.25389787925811
"120102477",0.384615384615385
"120102478",0.983846284645469
"120102479",0.770935824443093
"120102481",0.500204960032794
"120102482",0.901538921261019
"120102483",0.139584376564847
"120102485",0.113760355627399
"120102486",0.171804462788598
"120102488",0.415463352220801
"120102490",0.522748091603053
"120102491",0.406388415672913
"120102496",0.507592418054247
"120102498",0.630096153846154
"120102499",0.203519510328998
"120102500",0.450629711128798
"120102508",0.219428007889546
"120102509",0.481518394938683
"120102516",0.239190374733676
"120102542",0.409854423292273
"120102550",0.700787401574803
"120102569",0.39254577157803
"120102602",0.379817444219067
"120102608",0.375
"120102625",0.461538461538462
"120102637",0.485022098543133
"120102642",0.433122847301952
"120102644",0.420980392156863
"120102744",0.914268218003674
"120102747",1.0015503875969
"120102748",1.12743322770484
"120102752",0.375
"120102801",0.282514523657611
"120102802",0.727165532879819
"120102805",0.229146152764102
"120102808",0.616120841200599
"120102809",0.540983606557377
"120102811",0.429902115566782
"120102812",0.480095939238482
"120102814",0.44638005433914
"120102815",0.163373225716671
"120102820",0.542997297026729
"120102821",0.360627110093523
"120102823",0.401385266578306
"120102824",0.472958754208754
"120102825",0.635443037974684
"120102826",0.150309789343247
"120102828",0.400858023863789
"120102831",0.681767874271379
"120102832",0.162970680160738
"120102833",0.3036149370991
"120102834",0.142146017699115
"120102835",0.679620366807747
"120102838",0.819215336602764
"120102842",0.64036060357711
"120102844",0.5065755410583
"120102845",0.734308348567946
"120102846",0.375
"120102848",0.24225334262721
"120102849",0.895882953385505
"120102852",0.535474435125213
"120102853",0.0989056656046544
"120102855",0.173929518757105
"120102856",0.384615384615385
"120102858",0.188403216712662
"120102860",0.403590219746209
"120102861",0.773279352226721
"120102862",0.555126285797073
"120102865",0.793903074517978
"120102867",0.377837391663227
"120102868",0.574365045200172
"120102870",0.581209442302267
"120102871",0.338275862068966
"120102873",0.152574996479039
"120102874",0.703398351095918
"120102879",0.571931949567803
"120102881",0.610719322990127
"120102889",0.598809080759211
"120102894",0.182926829268293
"120102897",0.496931238947259
"120102898",0.574303405572755
"120102899",0.498892988929889
"120102902",0.258159077584522
"120102903",0.625
"120102904",0.507592418054247
"120102905",0.364037236648702
"120102906",0.600636841267314
"120102907",0.543115601503759
"120102909",0.738372626364554
"120102910",0.616506581287798
"120102916",0.161806451612903
"120102922",0.307452030343597
"120102923",0.375
"120102924",0.394462575007896
"120102925",0.455001139211665
"120102932",0.507744746947405
"120102933",0.5063677242854
"120102934",0.107244839046921
"120102935",0.284573886418313
"120102940",0.385318210459987
"120102941",0.455993415956623
"120102942",0.865950257574918
"120102943",0.581632653061224
"120102944",0.80855614973262
"120102945",0.494375540813383
"120102946",0.507592418054247
"120102947",0.694192823537673
"120102950",0.0946079450915141
"120102951",0.377768662838392
"120102955",0.377768662838392
"120102957",0.406388415672913
"120102958",0.147657359204922
"120102960",0.743302884121934
"120102961",0.60655737704918
"120102963",0.570802279701885
"120102964",0.524691358024691
"120102966",0.375
"120102967",0.373239436619718
"120102968",0.391304347826087
"120102970",1.25333333333333
"120102971",0.38135593220339
"120102972",0.361654968599926
"120102973",0.278177458033573
"120102974",0.573579920739762
"120102975",0.575020955574183
"120102976",0.41543418987028
"120102977",0.793798177995795
"120102978",0.0849673202614379
"120102979",0.270866507430998
"120102984",0.689483572843142
"120102985",0.602713178294574
"120102986",0.707277187244481
"120102987",0.884917175239756
"120102988",0.377627324171382
"120102989",0.478957915831663
"120102991",0.64616003216727
"120102992",0.0856963482264309
"120102993",0.599325225151688
"120102994",0.378934501375166
"120102997",0.378378378378378
"120102998",0.378934501375166
"120102999",0.734328358208955
"120103000",0.281833150384193
"120103001",0.51745999798732
"120103002",0.515151515151515
"120103005",0.144282924712519
"120103006",0.587462501293059
"120103007",0.730666666666667
"120103008",0.490566037735849
"120103010",0.602342158859471
"120103011",0.779601527820791
"120103012",0.468439139084826
"120103013",0.391304347826087
"120103014",0.670327764610671
"120103015",0.0957860682255621
"120103016",0.230653643876784
"120103019",0.765432098765432
"120103020",0.394736842105263
"120103021",0.713573407202216
"120103022",0.472170822686287
"120103023",0.426214312198739
"120103024",0.0975916606757728
"120103025",0.49003984063745
"120103026",0.829576779633533
"120103027",0.339141414141414
"120103028",0.798333333333333
"120103029",0.83786078098472
"120103033",0.378699675225198
"120103034",0.449149338374291
"120103036",0.127274904214559
"120103037",0.482006125574273
"120103038",0.227826086956522
"120103039",0.508585776769804
"120103040",0.429773462783172
"120103042",0.5065755410583
"120103044",0.42117872544322
"120103045",0.715763263742578
"120103046",0.46583850931677
"120103048",0.36933907744037
"120103049",0.514544375185515
"120103051",0.386695822304063
"120103052",0.537626826497434
"120103059",0.704841614577815
"120103060",0.684602991944764
"120103061",0.34322927652394
"120103064",0.483782051282051
"120103068",0.722065063649222
"120103072",0.393519974834854
"120103073",0.584080412931269
"120103100",0.664921465968586
"120103107",0.394736842105263
"120103108",0.332484133369089
"120103113",0.515151515151515
"120103114",0.171043034281546
"120103115",0.450539568345324
"120103118",0.258496918874277
"120103121",0.496931238947259
"120103122",0.37923364674957
"120103125",0.459552845528455
"120103128",0.529268622414492
"120103129",0.37923364674957
"120103130",0.37923364674957
"120103131",0.760583067092652
"120103135",0.839873166864843
"120103144",0.283582089552239
"120103146",0.5483
"120103147",0.391304347826087
"120103152",0.503819157720892
"120103158",0.377837391663227
"120103161",0.500634786288616
"120103163",0.403920568099673
"120103166",0.728232189973615
"120103172",0.504518236254763
"120103175",0.732735994207621
"120103176",0.294916254703756
"120103178",0.377627324171382
"120103181",0.554020100502512
"120103185",0.604291287386216
"120103202",0.465116279069767
"120103239",0.821453942694767
"120103240",0.875912408759124
"120103252",0.512033195020747
"120103255",0.394736842105263
"120103261",0.572916666666667
"120103264",0.375
"120103273",0.34970870729019
"120103274",0.34970870729019
"120103281",0.498892988929889
"120103283",0.680367018602313
"120103284",0.442808607021518
"120103286",0.420980392156863
"120103287",0.752212389380531
"120103288",0.375
"120103350",0.375
"120103368",1.1966053748232
"120103424",0.157979463974939
"120103456",0.500204960032794
"120103457",0.508161128988485
"120103460",0.499558693733451
"120103461",0.515151515151515
"120103462",0.138616251005632
"120103463",0.376837520416894
"120103464",0.240284005979073
"120103465",0.530201342281879
"120103466",0.495475589225589
"120103467",0.637861545756283
"120103469",0.372787137603695
"120103471",0.502560273095797
"120103473",0.29114927344782
"120103476",0.507326774126021
"120103477",0.394736842105263
"120103480",0.287864534336783
"120103484",0.500634786288616
"120103487",0.131670015628488
"120103488",0.501055743243243
"120103489",0.251699864010879
"120103492",0.0547917762251772
"120103494",0.722446273686537
"120103495",0.492053930005737
"120103497",0.744278418763004
"120103499",0.590572715572716
"120103500",0.55221093516582
"120103502",0.429004165088981
"120103506",0.378934501375166
"120103507",0.102379302379302
"120103508",0.658087307595256
"120103509",0.541666666666667
"120103510",0.378934501375166
"120103511",0.352072538860104
"120103513",0.522443890274314
"120103518",0.5
"120103519",0.600729927007299
"120103520",0.189620471535365
"120103521",0.421052631578947
"120103522",0.335746146020815
"120103523",0.54986441699307
"120103526",0.622019939315128
"120103527",0.447368421052632
"120103529",0.4575760618536
"120103531",0.99641652613828
"120103533",0.282119053091243
"120103535",0.23220007490325
"120103536",0.697846743963037
"120103539",0.5065755410583
"120103540",0.482971428571429
"120103541",0.506325270721587
"120103544",0.530487804878049
"120103545",0.608695652173913
"120103546",0.498921484037964
"120103548",0.4375
"120103549",0.377768662838392
"120103550",0.288394109396914
"120103553",0.367964697685221
"120103554",0.544078361531612
"120103555",0.45446673944961
"120103556",0.35440251572327
"120103557",0.770906535488405
"120103559",0.430828651685393
"120103560",0.672319347319347
"120103561",0.600064479729185
"120103562",0.360920909000695
"120103563",0.552346570397112
"120103564",0.211895620992731
"120103565",0.430766702276276
"120103569",0.394462575007896
"120103571",0.326467559217302
"120103572",0.325064157399487
"120103573",0.543296226972712
"120103576",0.31740955426744
"120103578",0.842582710779082
"120103580",0.629261363636364
"120103581",0.198146002317497
"120103582",0.394736842105263
"120103583",0.64480198019802
"120103584",0.652183147737962
"120103587",0.303868818857289
"120103588",0.285543465263661
"120103589",0.390774403698645
"120103599",0.504518236254763
"120103602",0.429632218048397
"120103604",2.16899297423888
"120103605",0.593964334705075
"120103606",0.476882430647292
"120103607",0.23074444086368
"120103609",0.378934501375166
"120103610",0.391304347826087
"120103611",0.711072231942014
"120103612",0.148159086434337
"120103614",0.158788155591079
"120103615",0.5483
"120103616",0.138747884940778
"120103617",0.485305763308403
"120103618",0.717171717171717
"120103619",0.5483
"120103620",0.393065963929836
"120103621",0.509464285714286
"120103623",0.24527141319391
"120103624",0.464505759442807
"120103625",0.391304347826087
"120103627",0.377768662838392
"120103628",0.60280759702725
"120103629",0.407172534441286
"120103631",0.426467823798484
"120103632",0.480423720012462
"120103633",0.507965358708436
