"","GSE179081_physical activity derived from voluntary running"
"11287",0.953907815631262
"11298",0.584629053753887
"11302",0.0951064418025988
"11303",0.121118545205009
"11304",0.829815809669992
"11305",0.0892758734707373
"11306",0.104511755983902
"11307",0.104184906321135
"11308",0.100353495679497
"11350",0.114974686917133
"11352",0.089925462851647
"11363",0.153728070175439
"11364",0.108164111065064
"11370",0.147876447876448
"11409",0.212355776252373
"11416",0.141071533360718
"11418",0.12439115773698
"11419",0.152293577981651
"11421",0.74031514875704
"11423",0.149677166894932
"11426",0.0846726773814191
"11428",0.0997914804885314
"11429",0.0820547031354236
"11430",0.0840840840840841
"11431",0.111881684491979
"11432",0.0935770988693769
"11433",1.38658777120316
"11434",0.350340136054422
"11435",0.323526690720696
"11438",0.123212843775234
"11441",0.117400419287212
"11443",0.30970406056435
"11444",0.0966921119592875
"11448",1.1704836709384
"11459",0.275489942156609
"11461",0.0904222451081359
"11465",0.104188733750602
"11470",1.1084142394822
"11472",0.11238607664434
"11474",0.425148307549145
"11475",0.412001340931948
"11477",0.0890130090497738
"11479",0.114705882352941
"11480",0.137699412258606
"11481",0.147361332190523
"11482",0.201020929045431
"11484",0.381202900611403
"11486",0.513169073916737
"11487",0.0842599027102154
"11488",0.109211775878443
"11489",0.192063039969619
"11490",0.100781857628229
"11491",0.119630670413489
"11492",0.222400256369172
"11496",0.0890818858560794
"11497",0.8741391184573
"11498",0.537748428471649
"11499",0.596966413867822
"11501",0.498793363499246
"11502",0.09902130109384
"11504",0.141262296893998
"11512",0.148654810761514
"11513",0.164913700107875
"11514",0.215095896061044
"11515",0.105272485600354
"11516",0.462607777582263
"11517",0.283249460819554
"11518",0.080369159776966
"11519",0.180983606557377
"11520",0.253673238729122
"11522",1.13465783664459
"11529",0.786556396269576
"11532",0.106513976111316
"11534",0.107256637168142
"11535",0.482050124181531
"11536",0.449698024919745
"11538",0.410881339241753
"11539",0.0955719557195572
"11540",0.41958041958042
"11541",0.36028880866426
"11542",0.487603305785124
"11544",0.10872115760657
"11545",0.121680402930403
"11546",0.126760563380282
"11548",0.31500600240096
"11549",0.180581567274519
"11550",0.137200444373909
"11551",0.321518456375839
"11553",0.285723423308175
"11554",0.168988375444327
"11555",0.395650946060435
"11556",0.644968200523756
"11564",0.141212121212121
"11565",0.29247311827957
"11566",0.149108589951378
"11567",0.670063744392854
"11568",0.393833310892689
"11569",0.0968844984802432
"11593",0.236750752140708
"11595",0.352354181307098
"11596",0.665077202543143
"11600",0.167865124866388
"11601",0.414190418435415
"11602",1.07160135462022
"11603",0.0923325821921766
"11604",0.573609059576563
"11605",0.169522756587433
"11606",0.182831490869114
"11607",0.409716371805673
"11609",0.504714285714286
"11610",0.164921465968586
"11615",0.12869499097044
"11622",0.25632827071676
"11624",0.403240740740741
"11629",0.257763300760043
"11630",0.463738347290251
"11632",0.0983219390926041
"11634",0.637896709216536
"11636",0.0958338879275922
"11637",0.131217356368019
"11639",0.178268687387619
"11640",0.143075745983168
"11642",0.708121827411167
"11647",0.294455466221155
"11651",0.0948905109489051
"11652",0.153227832202964
"11655",0.102324695121951
"11656",0.321208926374978
"11658",0.187451286048324
"11666",0.130859124181328
"11668",0.176047450782433
"11669",0.160097098601318
"11670",0.460079216176777
"11671",0.115401301518438
"11674",0.0991101029488745
"11676",0.0965328729679183
"11677",0.11455360782715
"11682",0.252653927813163
"11684",0.560718144792619
"11686",0.454334877564527
"11687",0.224105461393597
"11688",0.248891516405557
"11689",0.507227332457293
"11690",0.372841444270016
"11692",0.165141882462397
"11694",0.94076124567474
"11695",0.57087075361187
"11702",0.0995252481657315
"11705",0.474481211441391
"11717",0.130347054075868
"11722",0.136702477526858
"11727",0.644553433144037
"11732",0.0839904776074989
"11733",0.204535438118514
"11735",0.164992466097438
"11736",0.0935828877005348
"11737",0.116591928251121
"11739",0.113517459544957
"11740",0.138031065251717
"11744",0.169201062032344
"11745",0.183202584217813
"11746",0.271404821280133
"11747",0.15086887835703
"11749",0.116449442030837
"11750",0.198325398128386
"11752",1.22222222222222
"11754",0.611076540136901
"11757",0.114350197479782
"11758",0.124624946420917
"11761",0.20666310350971
"11764",0.0888778550148957
"11765",0.0844739093242087
"11766",0.314858490566038
"11767",0.0925630386211299
"11768",0.785030269675289
"11769",0.136418414075681
"11770",1.29546904913848
"11771",0.087840585603904
"11772",0.0984773581174609
"11773",0.0919003115264798
"11774",0.124087591240876
"11775",0.090738305466842
"11776",0.0872160356347439
"11777",0.202517162471396
"11778",0.094192879363982
"11781",0.141486810551559
"11782",0.121308858739026
"11783",0.257272727272727
"11784",0.0934107203823831
"11785",0.106132075471698
"11787",0.137433392539964
"11789",0.104412874025647
"11790",0.112229940730355
"11792",0.121293265893087
"11793",0.11942866976424
"11796",0.329065300896287
"11797",0.102873030583874
"11798",0.102721152047877
"11799",0.39782446234327
"11800",0.0881545028102946
"11803",0.0941289701636189
"11804",0.0870312052676782
"11806",1.18256262042389
"11807",0.477345089395053
"11810",0.393513363028953
"11811",0.619237709848526
"11812",0.780332430255547
"11814",0.852989147481337
"11815",0.375581851831081
"11816",0.0842817748809225
"11818",0.777798612413276
"11819",0.338487972508591
"11820",0.114654195011338
"11821",0.142897954519483
"11826",2.46979767730626
"11829",0.0884872690963555
"11831",0.866413822166035
"11832",0.889950900163666
"11834",0.111552729199788
"11835",0.190404741363142
"11836",0.0902841867421952
"11837",0.0984890002348704
"11838",0.161748335058493
"11840",0.10289990645463
"11841",0.127244385428093
"11842",0.0927739216658404
"11843",0.0996262734858957
"11844",0.108818186053012
"11845",0.12561588865749
"11846",1.464463840399
"11847",0.626462836056932
"11848",0.0853080568720379
"11852",0.0920667826602007
"11853",0.228331367924528
"11854",0.854997885238968
"11855",0.106033559443056
"11856",0.382568359375
"11857",0.190746649649011
"11858",0.173500150738619
"11861",0.164843414843415
"11863",0.12880496054115
"11864",0.0989505247376312
"11865",0.177721328441058
"11867",0.227218769638992
"11870",1.00975081256771
"11876",0.599654803977973
"11877",0.114727272727273
"11878",0.175240087477417
"11881",0.115662445823064
"11883",0.132370932224125
"11886",0.104441776710684
"11889",0.529726077877411
"11891",0.170517051705171
"11898",0.161256681006388
"11899",0.102847282139776
"11905",0.84348641049672
"11906",0.235869274042325
"11907",0.114374524232428
"11908",0.144578313253012
"11909",0.0973684210526316
"11910",0.502123142250531
"11911",0.145584725536993
"11920",0.102710753649091
"11922",0.348234189839259
"11923",0.468731563421829
"11924",0.559403770276195
"11927",0.237817776953053
"11928",0.149206643778417
"11931",0.112338687215672
"11932",0.0941115968115197
"11933",0.177906137184116
"11936",0.347724230254351
"11937",0.594045801526717
"11938",0.0917665553153861
"11941",0.123796423658872
"11944",0.553200786541403
"11946",0.0997304582210243
"11947",0.107093459790555
"11949",0.129152148664344
"11950",0.121036481418343
"11951",0.132249322493225
"11957",0.163136750763297
"11958",0.198829109233734
"11964",0.0846938775510204
"11966",0.113733557083311
"11972",0.111374407582938
"11973",0.11731756651626
"11974",0.232093452197971
"11975",0.0843776906151344
"11977",0.20140915953699
"11979",0.245481294661623
"11980",0.101017186951947
"11981",0.0900205761316872
"11982",0.237582750841377
"11983",0.111731363792511
"11984",0.0982519590114527
"11987",0.127566431729633
"11988",0.161872726024576
"11989",0.318015453436356
"11990",0.0852941176470588
"11991",0.105120167189133
"11992",0.126921917395237
"11993",0.0987261146496815
"11994",0.155255747488757
"11998",1.12326807228916
"12000",0.690178571428571
"12005",0.129115226337449
"12006",0.171991516727099
"12009",0.157478165938865
"12010",0.130753296620017
"12012",0.556813417190776
"12013",0.152891136912289
"12014",0.155342080599813
"12015",0.189418941894189
"12017",0.108132112128782
"12018",0.159671746776084
"12021",0.528767123287671
"12023",0.677291821102051
"12028",0.201417601890136
"12029",0.48622618061309
"12032",0.0965486582605884
"12033",0.129370055477136
"12034",0.0974820974820975
"12035",0.163978494623656
"12036",0.197153240460327
"12038",0.253560239248077
"12039",0.126760563380282
"12040",0.155144989599902
"12041",0.112253069941271
"12042",0.162937062937063
"12043",0.151561699948797
"12044",1.17046732794764
"12045",1.10576364089361
"12048",0.0919881305637982
"12050",0.108044901777362
"12051",1.29152192282415
"12053",0.289898810580508
"12054",0.145730027548209
"12055",0.184844720496894
"12057",0.898955877399798
"12062",0.582647364935188
"12064",0.191464870395634
"12068",0.160322418913186
"12069",0.111876550013778
"12070",0.106159895150721
"12075",0.698614318706697
"12091",0.146125309150866
"12111",0.146536579244573
"12121",0.089535534415221
"12122",0.132574553315953
"12123",0.185615089646596
"12125",0.190767817499809
"12140",0.309510976968129
"12142",0.425098925946863
"12144",0.266553191489362
"12151",0.0993097619383012
"12153",0.257270259790617
"12156",0.769850402761795
"12159",0.372045220966084
"12160",0.395637583892617
"12161",0.667706708268331
"12162",0.531237070748862
"12163",1.26923076923077
"12164",0.464989517819707
"12166",0.0999250562078441
"12167",0.10637631207896
"12168",0.08
"12169",0.488730616660656
"12175",0.104166666666667
"12176",0.142561983471074
"12177",0.107179922634211
"12180",0.56752655538695
"12181",0.133160956690368
"12182",1.06068020552973
"12183",0.106508135168961
"12189",0.337837837837838
"12190",0.210077806595035
"12192",0.167676767676768
"12193",0.120603015075377
"12209",0.767929089443997
"12211",0.118950566960646
"12212",0.109687370231951
"12215",0.237579354126415
"12217",0.09833537622079
"12223",0.905897831931812
"12224",0.305614422589022
"12226",0.19250227007394
"12227",0.220020855057351
"12228",0.157561547479484
"12229",0.33775461866414
"12234",0.0887791286727457
"12235",0.566857440166493
"12236",0.393457382953181
"12237",0.0936995153473344
"12238",0.125253435458437
"12257",0.552159788232463
"12258",0.197321244590975
"12259",0.171267418712674
"12260",0.158006250331056
"12261",0.11192768428015
"12262",0.168747635262959
"12263",0.449365027678281
"12265",0.27207878290512
"12266",0.676056338028169
"12267",0.302927161334241
"12268",0.137679932260796
"12269",0.393428812131424
"12270",1.1969592259848
"12273",0.468737187371874
"12282",0.164089775561097
"12283",0.106706916918231
"12286",0.16998966179294
"12287",0.0946296802405029
"12288",0.128868880135059
"12289",0.134849498327759
"12290",0.152394775036284
"12291",0.133920296570899
"12292",0.418071476736345
"12293",0.120322394933794
"12294",0.179864636209814
"12295",0.100916995296242
"12296",0.137045813586098
"12297",0.0833333333333333
"12298",0.125071063104036
"12300",0.10105980317941
"12301",0.145593869731801
"12304",0.219490652141911
"12305",0.111399317406143
"12306",0.414373716632444
"12307",0.252035065748278
"12308",0.387679822943563
"12310",0.623601053324556
"12314",0.100470448277727
"12315",0.0868465430016863
"12316",0.488888888888889
"12317",0.166813768755516
"12319",0.332037756801777
"12321",0.0901227894045872
"12323",0.135245901639344
"12325",0.126736111111111
"12326",0.252146407591505
"12328",0.121140142517815
"12330",0.0993828060455849
"12331",0.0948225712623618
"12332",0.417866666666667
"12333",0.114059777509717
"12334",0.0979029014650962
"12335",0.24978317432784
"12336",0.11846467737822
"12337",0.101664514277515
"12338",0.757006369426752
"12339",0.0884978991596639
"12340",0.0992110747246204
"12343",0.102626641651032
"12345",0.120238095238095
"12348",0.105632047847486
"12349",0.1832892998679
"12350",0.773646801530891
"12351",0.122060321537712
"12352",0.901030927835052
"12354",0.194548741482409
"12355",0.648245355352403
"12359",0.116853101599334
"12361",0.0947462954647508
"12362",0.44213800086793
"12363",0.80482060533173
"12364",0.538767395626243
"12366",0.126575136355087
"12367",0.167037861915367
"12368",0.277277542372881
"12369",0.321428571428571
"12370",0.334250014945896
"12371",0.0998340977847175
"12372",0.587126436781609
"12373",0.522765154838144
"12374",0.438839979285344
"12380",0.223780487804878
"12385",0.138638027825238
"12386",0.0943396226415094
"12387",0.107939707701471
"12388",0.0844327176781003
"12389",0.144358268701526
"12390",0.161770268566385
"12391",0.620212765957447
"12393",0.193602448265812
"12394",0.489387793604377
"12395",0.268861985472155
"12396",0.0934651929416327
"12398",0.289314516129032
"12400",0.126250962278676
"12402",0.121128699242946
"12404",0.263157894736842
"12405",0.219014343508643
"12406",0.284147869674185
"12408",0.138092701118807
"12409",0.826553788973777
"12411",0.163135593220339
"12412",0.0982433748698485
"12416",0.254895561357702
"12417",0.126237339957959
"12418",0.116619718309859
"12419",0.117439690329716
"12421",0.100589925881107
"12424",0.304994686503719
"12426",0.331120655993752
"12427",0.472909461736277
"12428",0.220421537371591
"12442",0.496792587312901
"12443",0.236951431376992
"12444",0.120761075616092
"12445",0.186151368760064
"12447",0.147815533980583
"12448",0.218919424191438
"12449",0.285185185185185
"12450",0.104088050314465
"12452",0.109864327246761
"12453",0.108423045072755
"12454",0.121561544873576
"12455",0.10480943738657
"12457",0.091197462331483
"12460",0.174572127139364
"12461",0.0907285460436919
"12462",0.0971230802509193
"12464",0.096609625980235
"12465",0.113283416528009
"12466",0.105097700795167
"12467",1.12502186461431
"12468",0.0989309183640108
"12469",0.116316199376947
"12475",0.612001678556441
"12476",0.159316849349987
"12479",0.449205584978334
"12483",0.625042224974665
"12484",0.253744365275556
"12488",0.13144726712856
"12489",0.219068558864681
"12490",0.193077534503938
"12491",1.11780167264038
"12492",0.0919054242002782
"12493",0.260083584410536
"12494",0.226799007444169
"12495",0.166944159836066
"12496",0.253245324532453
"12497",0.103930131004367
"12499",0.104123123693711
"12503",0.795952782462057
"12504",1.34717461561062
"12505",0.628966495302251
"12506",0.609022556390977
"12507",1.24385749385749
"12508",0.174331550802139
"12509",0.575875118259224
"12511",0.532004263055608
"12512",0.268625678119349
"12514",0.22624912033779
"12517",1.23497661029147
"12518",1.13195415152362
"12519",0.402093663911846
"12520",0.109279828018631
"12521",0.409740197488256
"12522",0.180539718738122
"12523",0.250585823081429
"12524",0.280608755129959
"12525",1.0246657879872
"12527",0.185672595121414
"12530",0.192574120254918
"12531",0.162992125984252
"12532",0.610335195530726
"12534",0.7109375
"12537",0.0951801591015442
"12539",0.0943093775046754
"12540",0.11787333424921
"12544",0.274816057828837
"12545",0.13618062682561
"12549",0.112490807263676
"12550",1.00413750830056
"12552",0.160435678539888
"12554",0.173504213972278
"12555",0.274950801236997
"12558",0.0851565129585998
"12560",2.15401034928849
"12561",0.215489422732162
"12562",0.193250973709834
"12563",0.292379636518227
"12564",0.14567926248607
"12565",0.12331265961328
"12566",0.428507244748961
"12567",0.1512
"12568",0.104355144119503
"12569",0.0959452249688778
"12570",0.124364308830328
"12571",0.253268189621022
"12572",0.0898232984293194
"12575",0.226374486401878
"12576",0.11339889366933
"12577",1.14181748539692
"12579",0.568181818181818
"12580",0.252733785822021
"12581",0.135823637477036
"12583",0.193308550185874
"12585",0.722363353273785
"12587",0.693915007765071
"12589",0.104239894551845
"12593",0.144129758803261
"12606",0.160506236578791
"12607",0.092485549132948
"12608",0.320741518013291
"12609",0.242982852770338
"12611",0.115423901940756
"12614",0.238447319778189
"12615",0.379516317016317
"12616",0.131765122037496
"12617",0.113784860557769
"12626",0.120435263740317
"12627",1.0666497590667
"12628",0.219107299912049
"12631",0.121771217712177
"12632",0.157536945812808
"12633",0.112698412698413
"12638",0.704350314825415
"12642",1.73734851266985
"12643",0.527275094388752
"12648",0.107003400932107
"12649",0.283631232361242
"12651",0.125354509359047
"12652",0.125172481766213
"12653",0.173067454455933
"12654",0.177219585600185
"12655",1.42492339121553
"12659",0.186173680017382
"12660",0.0975681434134156
"12661",0.103761348897536
"12662",0.151320485367595
"12663",0.29608938547486
"12667",0.150294355304167
"12669",0.108973815778324
"12671",0.185775562253652
"12672",0.256281742849506
"12675",0.0952884324977348
"12677",0.587359606566093
"12683",0.190972222222222
"12684",0.476827896512936
"12695",0.182527639280295
"12696",0.200951248513674
"12700",0.281328193683641
"12702",0.400998091883165
"12703",1.02257224358179
"12704",0.104425187752744
"12705",0.466676474915404
"12709",0.11733032807413
"12716",0.106586499043454
"12721",0.117319508448541
"12722",0.524353120243531
"12723",0.214606417596902
"12724",0.0920285158781594
"12725",0.087253512050522
"12727",0.0928462709284627
"12728",0.14841745081266
"12729",0.103535353535354
"12737",1.08492907801418
"12738",1.53379174852652
"12739",0.935574526751153
"12741",0.294994438264739
"12745",0.158570437196391
"12747",0.112056820849965
"12748",0.175274177467597
"12750",0.109726808766136
"12751",0.0857949609035621
"12752",0.192975493600556
"12753",0.086687306501548
"12757",0.11921274601687
"12759",0.0860934664246824
"12763",0.356339900882388
"12764",0.158946251768034
"12767",0.256965944272446
"12768",0.989702015775635
"12769",0.576946658491723
"12772",0.80089485458613
"12774",0.179582366589327
"12777",0.761363636363636
"12778",0.198887067123764
"12780",1.03142857142857
"12785",0.0932779183230936
"12789",0.908852326637731
"12790",0.784153005464481
"12793",0.0976517501107665
"12794",0.156774457634057
"12795",0.268458357944477
"12797",0.633633633633634
"12798",0.314775323686215
"12799",0.228571428571429
"12801",0.201587301587302
"12802",0.898259979529171
"12803",0.333725490196078
"12804",0.14846703852057
"12805",0.109505634314795
"12807",0.128082736674622
"12808",0.190655377861399
"12810",0.694736842105263
"12812",0.111111111111111
"12813",0.750900900900901
"12814",0.339266220513551
"12815",0.179292842690079
"12816",0.275897762560713
"12817",0.319223985890653
"12818",0.59375
"12819",0.26430399826946
"12821",1.01857629041407
"12822",0.327331121992313
"12823",0.198224460050351
"12824",0.44293695131684
"12825",0.492285084496694
"12826",0.144787297783104
"12827",0.123257520176082
"12828",1.25334060539951
"12829",0.76171446986787
"12830",0.377622377622378
"12831",0.295057381324987
"12832",0.370602409638554
"12833",0.472146897032618
"12834",0.579307094037238
"12835",0.272408349412384
"12836",0.297476421106296
"12837",1.7577399380805
"12839",0.55481134181737
"12840",0.275969962453066
"12841",0.733378041770454
"12842",0.385381114903299
"12843",0.444521019986216
"12845",0.691367456073338
"12846",0.117723907678908
"12847",0.0895668549905838
"12848",0.143270440251572
"12850",0.164473684210526
"12854",0.37106056453823
"12856",0.210044929396662
"12857",0.127996066702176
"12858",0.283242466782018
"12859",0.220367352332291
"12861",0.185989110707804
"12862",0.458975236791053
"12864",0.143218666895428
"12865",0.508403361344538
"12866",0.154923599320883
"12867",0.114862339603837
"12868",0.283825473776994
"12870",0.332105985127428
"12874",0.100079113924051
"12876",0.13515862668405
"12877",0.0941123796731587
"12879",0.37016798218984
"12889",0.159911427746221
"12891",0.0913867946081791
"12892",0.0948275862068966
"12894",0.182047657512116
"12895",1.56732472791698
"12896",0.389194880933096
"12902",0.58635661196556
"12903",0.811133097271402
"12904",0.689979123173278
"12905",0.250579150579151
"12908",0.114305064338927
"12909",0.134464751958225
"12912",0.107695524884985
"12913",0.138495517734182
"12914",0.15460006323111
"12915",0.171314741035857
"12916",0.139018344075359
"12918",0.427394885132206
"12919",0.485319693094629
"12921",0.196907013396375
"12922",0.55507639887132
"12925",0.486709850346214
"12927",0.126582278481013
"12928",0.0894553582942871
"12929",0.114130434782609
"12931",0.188064516129032
"12933",0.0853036624942049
"12934",0.165912187403859
"12936",0.176309616888194
"12937",0.893437688139675
"12939",0.174091512736931
"12941",0.135470527404343
"12942",0.24182808716707
"12943",0.338028169014084
"12946",0.153193699151809
"12950",0.106336329752247
"12952",0.15878107457899
"12953",0.102374606251514
"12954",0.929388287665976
"12955",0.255747711088505
"12959",0.794558162755866
"12960",0.471830985915493
"12962",0.376513206162876
"12964",0.722397476340694
"12970",0.868778502427304
"12971",0.309421841541756
"12972",0.168151619714683
"12974",0.0895582329317269
"12977",0.167528438469493
"12978",0.129790715700629
"12982",0.127949635400154
"12983",0.330163043478261
"12984",0.265681658277859
"12985",1.27132196162047
"12986",0.257347627077813
"12988",0.162746344564526
"12995",0.0822926441925937
"13000",0.112600536193029
"13001",0.0929519315836037
"13002",0.0804471166059785
"13003",0.129380053908356
"13004",0.137246621621622
"13006",0.121140142517815
"13007",0.104936530324401
"13008",0.596991701244813
"13010",0.147432024169184
"13011",1.14836469943358
"13014",0.1696
"13016",0.0874808031397531
"13017",0.113272311212815
"13018",0.0890090976149496
"13019",0.626535626535627
"13024",0.3271484375
"13025",0.553959829326673
"13026",0.123180291153415
"13030",0.0972579912134525
"13032",0.366822429906542
"13033",0.143924250394529
"13036",0.201657610187167
"13038",0.279954409460037
"13039",0.116801546080444
"13040",0.114982057416268
"13041",0.576147042564953
"13043",0.086892177589852
"13046",0.134504900304157
"13047",0.093711314681852
"13048",0.138183503243744
"13051",0.122146822948797
"13052",0.176506390748631
"13056",0.281247645596323
"13057",0.474457566602582
"13058",0.583193277310924
"13063",0.150677038317488
"13070",0.231858948226661
"13074",0.834600072385089
"13075",0.808951512639868
"13076",1.15954535887182
"13078",0.194202572889164
"13079",0.910909628461614
"13081",1.38458225667528
"13082",0.72876352902591
"13087",0.964442780948816
"13106",0.694111232279171
"13110",0.144876679366353
"13113",0.539903846153846
"13115",0.492937853107345
"13116",0.128378378378378
"13120",1.05996787435303
"13121",0.146313692001139
"13123",0.172663607824197
"13131",0.129479466387654
"13132",0.552122437193185
"13134",0.237113402061856
"13135",0.117647058823529
"13136",0.338527673293928
"13137",0.930153961697334
"13138",0.128343835453573
"13139",0.125841381328651
"13142",0.557281116362818
"13143",0.515245901639344
"13144",0.152594099694812
"13162",0.523299161230196
"13163",0.133685717432001
"13164",0.211896617255796
"13166",0.321428571428571
"13167",0.156362275449102
"13168",0.483794089609152
"13169",0.0985051743963204
"13170",0.313893653516295
"13171",0.106705052005944
"13175",0.0941900103749815
"13176",0.157297830374753
"13177",0.236468607168631
"13178",0.132956152758133
"13179",0.715638490460939
"13180",0.306493506493506
"13185",0.128553287095829
"13190",0.759829968119022
"13191",0.0892817516088468
"13193",0.140432098765432
"13194",0.0913269384492406
"13195",0.453623846270238
"13196",0.152365977837676
"13197",0.389839572192513
"13198",0.133854645814167
"13199",0.184549356223176
"13200",0.0956883509833585
"13202",0.246213455442057
"13204",0.0954517326732673
"13205",0.124760076775432
"13206",0.264860381531656
"13207",0.0851063829787234
"13209",0.0848429740505001
"13211",0.0821814997810995
"13244",0.150956937799043
"13340",0.183764135702746
"13345",0.368547418967587
"13346",0.428851815505397
"13347",0.112526539278132
"13349",0.918263090676884
"13350",0.137470804137471
"13353",0.145181575224021
"13356",0.100658659434328
"13358",0.163058757379814
"13360",0.125161290322581
"13361",0.18695652173913
"13363",0.672727272727273
"13367",0.166666666666667
"13368",0.186347782760339
"13371",0.200388233537405
"13382",0.112173688291548
"13383",0.0943245403677058
"13384",0.137047353760446
"13385",0.100257578759659
"13386",0.808888207016467
"13388",0.253091163115613
"13389",0.369700547386498
"13390",0.182767925983038
"13392",0.312780921156999
"13395",0.366512166859791
"13396",0.366200521450581
"13400",0.148580318942046
"13401",0.0861797162375197
"13404",0.479634564141606
"13405",0.116064902791989
"13406",0.324362606232295
"13411",1.01660332066413
"13417",0.294098625707357
"13418",0.123020408163265
"13419",0.336300309597523
"13421",0.892857142857143
"13423",0.265469061876248
"13424",0.0969839114512612
"13426",0.10885136863648
"13427",0.0910791097811857
"13429",0.100813389644924
"13430",0.118868401111392
"13433",0.142936058555448
"13434",0.156421738245471
"13435",0.127931769722815
"13436",0.329519450800915
"13437",0.140485705502613
"13445",0.121291831068245
"13446",0.2343621736989
"13447",0.375156838143036
"13448",0.402241594022416
"13449",0.38971016179723
"13476",0.157314629258517
"13478",0.12770848899362
"13479",1.13225722468107
"13480",0.184333854050435
"13481",0.125189239548154
"13482",0.376016732512201
"13483",0.117208182912154
"13486",0.140989138458294
"13487",0.617050557728524
"13488",0.256989849928389
"13489",0.245960245960246
"13490",0.469517022961204
"13491",0.989032397719893
"13492",0.377916018662519
"13494",0.113782423538521
"13495",0.105534105534106
"13496",0.202322967403522
"13497",0.0901511203751954
"13498",0.105516059235114
"13505",1.03343272219755
"13506",0.419498725573492
"13507",1.18280406332937
"13508",0.130002615746796
"13511",0.278881312382647
"13516",0.513201320132013
"13518",0.111358264979842
"13521",0.214723926380368
"13522",1.06254248810333
"13524",0.626892069759789
"13527",0.16125
"13528",0.104203963207605
"13537",0.529649595687331
"13542",0.0955284552845529
"13543",0.178213309024613
"13544",0.099750167570532
"13548",0.092948973888046
"13549",0.151085714285714
"13555",0.186322400558269
"13557",0.098714069591528
"13559",0.141753940547974
"13560",0.169144070565175
"13589",0.0960519980741454
"13590",0.963549522373052
"13591",0.344036697247706
"13592",0.722470238095238
"13593",0.274460266421681
"13595",0.165898617511521
"13599",0.308224833280407
"13601",0.227482946005319
"13602",0.0786440677966102
"13603",0.605293440736479
"13605",0.371966527196653
"13607",0.154368029739777
"13608",1.23973973973974
"13609",0.0940061063795597
"13610",0.180793991416309
"13611",1.23743512701448
"13612",0.168026101141925
"13614",0.433333333333333
"13616",0.355435522286492
"13617",0.262952326249282
"13618",0.137566844919786
"13619",0.118437612369651
"13626",0.152801565940788
"13628",0.0861013174986083
"13629",0.0958454106280193
"13631",0.119716228199823
"13636",0.374883720930233
"13637",0.245229105010715
"13638",0.123000898472597
"13639",0.549499897938355
"13640",0.326472520253996
"13641",0.180770871853221
"13642",0.273623188405797
"13643",0.193548387096774
"13644",0.247873163186388
"13645",0.277308954524144
"13649",0.149621212121212
"13650",0.206879675592533
"13653",0.201941658231343
"13654",0.552110156398233
"13655",0.0967785967785968
"13656",0.271664204825209
"13660",0.182648401826484
"13663",0.0961436561672064
"13664",0.142775556824672
"13665",0.106091165792658
"13666",0.121225983531565
"13667",0.127830862989993
"13669",0.0886620096722192
"13680",0.142857142857143
"13681",0.102330963795669
"13682",0.103976563250408
"13684",0.0962532036939099
"13685",0.459586924703204
"13688",0.181562432373945
"13690",0.0926174496644295
"13709",0.217998700454841
"13710",1.05756233978094
"13711",0.485539000876424
"13712",0.188405797101449
"13713",0.223495286439449
"13714",0.224800304298212
"13716",0.144679408399373
"13717",0.24873344320332
"13722",0.104111080860332
"13723",0.341754548615135
"13726",0.123450134770889
"13728",0.142432833805859
"13730",0.832698461069633
"13731",0.129146823795302
"13732",0.508850885088509
"13733",0.2265625
"13796",0.192971796040306
"13797",0.117972350230415
"13799",0.833333333333333
"13800",0.0831345826235094
"13803",0.084237300815441
"13804",0.387705204331121
"13805",0.179332887601218
"13806",0.10623192216671
"13807",0.113793103448276
"13808",0.183006535947712
"13809",0.355045329128892
"13813",0.317246111619396
"13819",0.0927813163481953
"13821",0.118825100133511
"13822",0.0955537775745799
"13823",0.227502070939077
"13824",0.218339341783928
"13828",1.05469706688437
"13829",0.122004655620978
"13830",0.15513078470825
"13831",0.144682291225992
"13835",0.630278063851699
"13836",0.5139189607176
"13837",0.156833897307636
"13838",0.107100429498309
"13839",0.205409227505745
"13840",0.159121427201228
"13841",0.159256141424964
"13842",0.246687662901825
"13844",0.153049354677893
"13845",0.186569632815084
"13846",0.230447292702066
"13848",0.160866621530129
"13849",0.242189698846046
"13850",0.179688077463227
"13852",0.140426731835699
"13853",0.131937597865801
"13854",0.0928255695341721
"13855",0.139129311458468
"13857",0.439100562148657
"13858",0.17440132122213
"13859",0.107588943500023
"13860",0.120779838326201
"13861",0.69206974128234
"13864",0.148778809769522
"13865",0.137995512341062
"13866",0.255212580081538
"13867",0.211368277739959
"13869",0.204275381038491
"13870",0.158526740665994
"13871",0.126484254001033
"13872",0.1238924763478
"13875",0.165630910564712
"13876",0.260854845535336
"13877",0.125887537745858
"13885",0.101346947642842
"13924",0.504615091826054
"13929",0.126100628930818
"13972",0.248078060319338
"13982",0.339067702552719
"13983",0.685221739702592
"13990",0.132352941176471
"13992",0.243066171653199
"13996",0.352874938419312
"13998",0.149643095568223
"14000",0.0896271258054294
"14004",0.204791628419313
"14007",0.0927004030452306
"14009",0.264690982776089
"14011",0.15497636386866
"14012",0.814118016979352
"14013",0.377792523777925
"14017",0.214136262586635
"14020",0.096262436138747
"14025",0.158012462054641
"14026",0.0943419283881217
"14027",0.299311208515967
"14030",0.104036880139546
"14038",1.25355346599606
"14042",0.160973641742873
"14043",0.131849968213605
"14048",0.16421052631579
"14049",0.583450869769629
"14050",0.102545401502443
"14051",0.216120906801008
"14055",0.104765241765943
"14056",0.206946549792394
"14057",0.101772195457674
"14061",1.18085222915982
"14062",0.218322218322218
"14063",0.702467343976778
"14064",0.451848948124918
"14065",0.724473376243417
"14066",0.107306459001374
"14067",2.16080863772111
"14068",0.709571086606757
"14069",0.227138425173585
"14070",0.200175824175824
"14071",0.633321938295872
"14073",0.0951248513674197
"14077",0.147950819672131
"14081",0.127598566308244
"14082",0.319702602230483
"14083",0.129384805217698
"14084",0.121860282574568
"14085",0.130952380952381
"14086",0.135779816513761
"14087",0.230193459235375
"14088",0.209145427286357
"14089",1.37087741132545
"14102",0.38277215451353
"14103",0.914869888475836
"14104",0.0984965954291108
"14105",0.0923326133909287
"14106",0.799781976744186
"14107",0.111475830234645
"14109",0.111910914236496
"14113",0.129032258064516
"14114",0.216923076923077
"14115",0.254317434210526
"14118",0.197083021690351
"14119",0.228639084391239
"14121",0.72707491451663
"14123",0.13892220889422
"14127",0.24861683343143
"14128",0.238982918649091
"14129",0.352083333333333
"14130",0.247411569993457
"14131",0.204051565377532
"14132",0.154792933680857
"14133",1.18935367735299
"14137",0.17617760068308
"14148",0.201598837209302
"14149",0.215839333080712
"14151",0.125
"14154",0.0954773869346734
"14155",0.086950558869917
"14156",0.157798423423423
"14158",0.113416320885201
"14159",0.288548057259714
"14160",0.730885009030704
"14161",0.667116812964213
"14163",0.150813397129187
"14164",0.123462630085147
"14165",0.179918450560652
"14166",0.217506925207756
"14167",0.183958793230316
"14168",0.119791666666667
"14169",0.123478496077901
"14171",0.869190295235311
"14172",0.397689768976898
"14173",0.248754448398576
"14176",0.192426108374384
"14178",0.453405528640638
"14180",0.151791988756149
"14181",1.13488481153643
"14182",0.160525436936435
"14183",0.141356403522324
"14184",0.159021829234595
"14187",0.472283005105762
"14190",0.357066761363636
"14194",0.113586432838697
"14198",0.276064610866373
"14199",0.169615728328865
"14200",0.329791132282888
"14201",0.421198716280683
"14202",0.323479932708484
"14204",0.390154711673699
"14205",0.397812713602187
"14208",0.0945945945945946
"14211",0.145958083832335
"14218",0.132983135194913
"14219",0.291293213828425
"14221",0.109244712990937
"14225",0.125
"14226",0.236525918297288
"14227",0.113379835129994
"14228",0.13106976744186
"14229",0.211764705882353
"14230",0.241883116883117
"14231",0.257637474541752
"14232",0.110643804593983
"14234",0.885647607934656
"14235",0.345826626810761
"14236",0.145387453874539
"14238",0.316956670078472
"14239",1.02477902472937
"14245",0.150950755728913
"14247",0.216395650918888
"14248",0.10293549633063
"14251",0.142070484581498
"14252",0.106203341628155
"14254",0.130025484995059
"14255",0.260798753717604
"14256",0.240290778729337
"14257",0.297913950456323
"14260",0.183335855147022
"14261",0.214974551299223
"14263",0.226021606387976
"14264",0.586969236167973
"14265",0.101584342963653
"14266",0.115394369769211
"14268",0.214772386077557
"14269",0.0848478331003334
"14270",0.122514379622021
"14272",0.123033787957991
"14275",3.30569800569801
"14276",0.859420808008581
"14281",0.316773882733018
"14282",0.208842829124192
"14284",0.177960057061341
"14287",0.179215728637788
"14293",0.882116158711903
"14296",0.160876285195887
"14297",0.24719232569022
"14299",0.148014087262767
"14300",0.125766388932558
"14302",0.977483112334251
"14312",0.0942437232088181
"14313",0.415289765721332
"14314",0.170844744048873
"14319",0.14016539307024
"14325",0.124428179322964
"14339",0.0969736413927758
"14344",0.564681058269761
"14345",0.756683320185818
"14347",0.748625083836351
"14348",0.122650993735983
"14349",0.243969802982876
"14356",0.169585804256884
"14357",0.0979631425800194
"14359",0.0911917098445596
"14360",0.0870748299319728
"14362",0.225593667546174
"14365",0.0993860766824974
"14366",0.222010351402888
"14367",0.265177823015208
"14368",0.273130300693909
"14369",0.347334410339257
"14370",0.181269062855092
"14371",0.283653846153846
"14373",0.272820381513251
"14375",0.148402839396628
"14376",0.0973717321403607
"14381",0.115605095541401
"14385",0.135664538595473
"14387",0.104554959541777
"14388",0.108226064858295
"14389",0.151212180618179
"14390",0.120481927710843
"14391",0.0962025316455696
"14394",0.0943851188425767
"14395",0.118922700244841
"14396",0.365440464666021
"14397",0.111443381180223
"14400",0.0851991858098284
"14401",0.116553350908839
"14402",0.103230103230103
"14403",0.29192455054524
"14404",0.671159029649596
"14405",0.148065594650533
"14406",0.0981745785500052
"14407",0.157170428799194
"14408",0.66247191011236
"14409",0.655022437003797
"14411",0.481520591341077
"14412",0.764981677085579
"14415",0.102250225022502
"14417",0.166891777815296
"14419",0.439102254038889
"14420",0.101350897237718
"14421",0.118396793587174
"14422",0.593319152288663
"14423",0.109338521400778
"14425",0.160714285714286
"14426",0.221055701370662
"14427",0.89169514188085
"14428",0.555555555555556
"14430",0.169510303567472
"14431",0.238312082574378
"14432",0.210768522779567
"14433",0.111412708204812
"14447",0.203442363492482
"14450",0.143623607098638
"14451",0.169120682537498
"14453",0.176533714898945
"14455",0.120553981743783
"14456",0.204379562043796
"14457",0.088302752293578
"14461",0.389130589829541
"14465",0.955721649484536
"14466",0.116539905651295
"14467",0.101504847344813
"14469",0.375056866185741
"14470",0.192693749192263
"14479",0.0848806366047745
"14489",0.114011076452989
"14527",1.04382470119522
"14528",0.495019920318725
"14533",0.164602346805737
"14534",0.102094923504868
"14536",0.200296945701357
"14537",0.180941889286698
"14538",0.17515923566879
"14539",0.744047619047619
"14544",0.124137220562481
"14545",0.128139085640695
"14547",0.115097159940209
"14548",0.195187662578967
"14555",0.208659049909802
"14559",2.84337660104874
"14560",0.142837616183707
"14561",0.110043449197861
"14563",0.546870920010445
"14566",0.50179211469534
"14567",0.0906403940886699
"14569",0.115599612431989
"14570",0.203339617559925
"14571",0.106404782237404
"14573",0.839090566511745
"14579",0.326883910386965
"14580",0.112967459932006
"14583",0.0929308975377283
"14584",0.20911528150134
"14585",0.225109956017593
"14586",0.335899409802412
"14588",0.104262295081967
"14590",0.18493006255711
"14593",0.105571847507331
"14594",0.22835105003889
"14595",0.215078675547833
"14598",0.422523633374435
"14600",0.179611650485437
"14601",0.758885139576669
"14603",0.811589291765503
"14605",0.129730294794062
"14608",0.210589112602535
"14609",0.0880430603613995
"14611",0.636398321251431
"14612",0.418950665622553
"14613",0.585808580858086
"14615",0.289719626168224
"14617",0.304552590266876
"14618",0.279105955580705
"14619",0.339841688654354
"14620",0.801472392638037
"14621",1.38544018058691
"14623",0.128065664556962
"14626",0.740128248396895
"14628",0.104976958525346
"14629",0.120872602649443
"14630",0.155405405405405
"14632",0.385324625432194
"14633",0.21749468784782
"14634",0.160540768905788
"14635",0.272078501338091
"14645",0.150064267352185
"14651",0.147021193747566
"14652",0.333075135553834
"14657",0.492921983114327
"14658",0.122710622710623
"14659",0.825623700623701
"14660",0.118710096309923
"14661",0.100562355276216
"14663",0.865214832254267
"14664",0.130521625566567
"14667",0.111284451378055
"14670",0.092485549132948
"14672",0.0908308222126561
"14673",0.12611622962438
"14674",0.107161417732044
"14675",0.797822321207622
"14676",0.37471126305091
"14677",0.203030303030303
"14678",0.0982232651692927
"14679",0.0986357836882913
"14680",0.149733390978527
"14681",0.090216375530156
"14682",0.0862151204388266
"14683",0.158878504672897
"14686",0.562148301161051
"14687",0.09414787992057
"14688",0.0924260834345889
"14693",0.101098551186117
"14694",0.137296704635439
"14696",0.125841321639812
"14697",0.114478114478114
"14700",0.0996512207274539
"14701",0.0914868459946793
"14702",0.111677115987461
"14704",0.180067655477492
"14705",0.112765491569958
"14706",0.169745381927109
"14707",0.240796334334018
"14708",0.227306640139269
"14709",0.580371185907518
"14710",0.467021642047406
"14711",0.75
"14712",0.101303911735206
"14714",0.507352941176471
"14718",0.112367636475789
"14719",0.0983791933660008
"14723",0.229484386347131
"14724",0.321533706211363
"14725",0.267787953504755
"14726",0.197106690777577
"14728",1.08649130628622
"14729",0.376510067114094
"14731",0.114678899082569
"14732",0.0955370778890209
"14733",0.130434782608696
"14734",0.236977823620423
"14735",0.259397206567018
"14738",0.133634387021241
"14739",0.28807708902632
"14744",0.924351359799937
"14745",0.240516767454645
"14747",0.367001620745543
"14748",0.262909319899244
"14751",0.0799303135888502
"14755",0.0864637985309549
"14756",0.161048689138577
"14758",0.0868303571428571
"14760",0.150084159341687
"14761",0.136755646817248
"14762",0.901249619018592
"14763",0.113978867140135
"14764",1.01891600509654
"14765",0.488926746166951
"14766",0.12597605413847
"14767",0.964242942686056
"14768",0.0871618376820874
"14772",0.191318621192778
"14773",0.169145715413979
"14775",0.129757785467128
"14777",0.353081311516519
"14778",0.396299983407997
"14782",0.113344051446945
"14783",0.13570961412688
"14784",0.0830690412295682
"14786",0.827274121797822
"14787",0.239010989010989
"14788",0.108289118900583
"14789",0.140406763048272
"14790",0.134218009478673
"14791",0.145407335280753
"14792",0.131176999101527
"14793",0.382514358647096
"14794",0.432524707996406
"14797",0.127438560932354
"14799",0.100468131076701
"14800",0.102336122733612
"14802",0.184178743961353
"14803",0.0959016393442623
"14804",0.172838749233599
"14805",0.250683471572216
"14806",0.119546742209632
"14807",0.248310810810811
"14809",0.0920985901207019
"14810",0.0982905982905983
"14811",0.141742522756827
"14812",0.124
"14813",0.161030011787107
"14814",0.129703273172224
"14815",0.120844327176781
"14816",0.115267175572519
"14823",0.272867194371152
"14824",0.0997494519260883
"14825",1.85753858330036
"14827",0.103912248628885
"14828",0.271567964447879
"14829",0.27183320220299
"14840",0.672133465290541
"14841",0.750805128516741
"14842",0.813905755580262
"14843",0.6445213686593
"14852",0.103040701553713
"14853",0.10916264796142
"14854",0.193577981651376
"14859",0.537065518302061
"14860",0.188632378725891
"14862",0.120779672815872
"14863",0.482747479968984
"14864",0.696629213483146
"14865",0.153610079147149
"14866",0.0956497490239822
"14867",0.138026842477043
"14870",0.12739420935412
"14871",0.26844130853111
"14872",0.451074312303271
"14873",0.162805526036132
"14874",0.102140077821012
"14884",0.0968472109943411
"14885",0.210884353741497
"14886",0.0911227154046997
"14894",0.135
"14897",0.0814814814814815
"14904",0.105013192612137
"14910",0.275021498974664
"14911",0.12747198922427
"14912",0.499243243243243
"14913",0.969531430330076
"14917",1.33422459893048
"14919",0.18638871857756
"14923",0.173410404624277
"14924",0.171484222828204
"14933",0.122979666319082
"14934",1.07168544713498
"14936",0.141634980988593
"14950",0.0990990990990991
"14955",0.666812801402894
"14957",0.916817108734898
"14958",0.118550303202241
"14960",0.78169014084507
"14961",0.870400198240615
"14962",0.272158346674429
"14964",0.165919282511211
"14969",0.773796676019858
"14972",0.178782312032542
"14976",0.119924223704802
"14977",0.107228777637759
"14979",0.145671332296527
"14991",0.450239489089941
"14998",0.141323172843782
"14999",0.46524064171123
"15000",0.591862375567798
"15001",0.700395256916996
"15002",0.713848370250315
"15006",0.732806178742185
"15013",0.821398340951414
"15015",0.471727955713721
"15016",0.930682152308145
"15018",1.79008790542589
"15024",0.545282224094356
"15039",0.213969246807402
"15040",0.343345274180215
"15042",0.131519540297282
"15064",0.209909970892845
"15078",0.108555546604366
"15081",0.0905710172744722
"15107",0.129707881682895
"15108",0.131472081218274
"15112",1.04838709677419
"15114",0.211670088980151
"15115",0.114543114543115
"15116",0.133925335266401
"15117",0.661783385553391
"15118",0.1866112448042
"15122",0.406508875739645
"15139",1.17265902805215
"15159",0.122143023165724
"15160",0.339347536617843
"15161",0.122637994357801
"15162",0.308881118881119
"15163",0.258360168441912
"15165",0.26676093827982
"15166",0.196695921528136
"15168",0.154280390222514
"15170",0.219994013768333
"15182",0.0973540484649239
"15183",0.0935203740814963
"15184",0.0894929264027977
"15185",0.115812023028518
"15186",0.436066911464708
"15191",0.0908790482485129
"15193",0.108542319749216
"15194",0.116743471582181
"15199",0.158668437025797
"15200",0.205533596837945
"15201",0.2219795221843
"15203",0.187618789030681
"15204",0.150991449881754
"15205",0.245969498910675
"15208",0.276386226951292
"15211",0.108009024252679
"15212",0.102617276887872
"15213",0.128535353535354
"15214",0.358744394618834
"15216",0.327421845875273
"15220",0.337255646232682
"15223",0.544173829990449
"15227",0.624900239425379
"15228",0.152989449003517
"15229",0.633046943095505
"15234",0.398971103327496
"15235",0.424968671679198
"15239",0.104473366047934
"15242",0.335326476919397
"15245",0.307196710075394
"15247",0.115038864481244
"15248",0.242102853654815
"15251",0.112652232746955
"15254",0.180882118783504
"15257",0.100656455142232
"15258",0.100922691966846
"15259",0.0910596026490066
"15260",0.0996204933586338
"15267",0.323988044961341
"15270",0.192603787843008
"15273",0.0933693220158398
"15275",0.08606695975651
"15277",0.18853567805208
"15278",0.117857333404471
"15284",1.03379897785349
"15288",0.155500705218618
"15289",0.0930664916885389
"15312",0.113095083161977
"15331",0.103225806451613
"15353",0.172372648003671
"15354",0.181121099947118
"15356",0.185746040566824
"15357",0.133051856663419
"15360",0.302287876058368
"15361",0.136363636363636
"15364",0.711726123820189
"15365",0.371562317144529
"15366",0.423677771503858
"15368",0.267817122366652
"15369",0.0990969001708567
"15370",0.227198639359365
"15374",0.146848032762908
"15379",0.526010701545779
"15381",0.0959885386819484
"15382",0.123803919561992
"15384",0.102079022563799
"15387",0.091444921316166
"15388",0.0911901081916538
"15439",1.49771092217135
"15441",0.088490099009901
"15442",0.441590293016652
"15444",0.168052180585753
"15446",0.181606179857164
"15451",0.48364046634073
"15452",0.192556634304207
"15458",0.640844038489718
"15460",0.241262987451086
"15461",0.115286298568507
"15463",0.0978036646038102
"15464",0.508233104238259
"15465",0.249186359134003
"15466",0.153303805477719
"15467",0.0958731756416709
"15468",0.144853150841175
"15469",0.108567208271787
"15473",0.156330505812127
"15476",0.250415900534104
"15478",0.634042553191489
"15481",0.114234372994481
"15482",0.162244319645525
"15483",0.117888330246097
"15484",0.631070530633849
"15485",0.638768228358672
"15488",0.113087674714104
"15490",0.193337912087912
"15492",1.19650327817671
"15493",0.894504703181961
"15494",0.393494228751312
"15497",0.848533090743689
"15499",0.146412277063459
"15500",0.121424657534247
"15502",0.124972721321016
"15504",0.442766458482646
"15505",0.122471331014045
"15507",0.722741433021807
"15510",0.110532236102066
"15511",0.208605130631696
"15512",0.150621833256564
"15519",0.170818759368977
"15525",0.115173674588665
"15526",0.114917723226329
"15528",0.120003683919691
"15529",0.145476772616137
"15530",0.211749320993864
"15531",0.101041067892955
"15547",0.104984093319194
"15550",0.310955414012739
"15551",0.647229396040053
"15552",0.94343688274376
"15557",0.534839476813317
"15558",0.204678362573099
"15559",0.323763955342903
"15560",1.12296353762607
"15561",0.19592354891036
"15562",0.116105280509918
"15563",0.134155744024672
"15564",0.640028217273002
"15565",0.18869296491547
"15566",0.392220421393841
"15567",0.873485072420928
"15568",0.100190995907231
"15569",0.2485536270583
"15571",0.107926192410352
"15572",0.226223351375235
"15574",0.112927191679049
"15586",0.206556503198294
"15587",0.16
"15891",1.16443237739691
"15893",0.099537037037037
"15894",0.647865853658537
"15896",0.600657201314403
"15898",0.0974101726551563
"15900",0.249109963395678
"15901",0.401847575057737
"15902",0.119128658951668
"15903",0.184382938895574
"15904",0.130285826155051
"15925",0.0893739703459638
"15926",0.270456634998468
"15929",0.0918037949767735
"15930",1.1698621929299
"15931",0.140498180800448
"15932",0.116317836636414
"15936",0.278106237682754
"15937",0.396584440227704
"15939",0.148826830752586
"15944",0.199963823822013
"15945",0.948307921160283
"15950",0.170145676988081
"15951",0.53587764436821
"15953",0.651557857850232
"15957",0.376292852992446
"15958",0.201012769704976
"15959",0.190613487105558
"15975",0.0941011235955056
"15976",0.128115264797508
"15979",0.170145030067209
"15980",0.0989614243323442
"15982",0.12590799031477
"15983",0.259977758556777
"15985",0.699666491135685
"16000",0.168384879725086
"16001",0.104322941508043
"16002",0.92285866288349
"16004",0.120399251403618
"16005",1.17324449000513
"16007",0.268692340699421
"16008",0.764106012214938
"16009",0.352160831509847
"16010",0.397423622595526
"16011",0.260490844354018
"16012",0.299839861031946
"16019",0.71078374956842
"16068",0.180821086400486
"16069",0.427505330490405
"16145",0.251535959522949
"16147",0.907334109429569
"16149",0.632156233279829
"16150",0.135440180586907
"16151",0.0970934309982077
"16154",0.236104279390064
"16155",0.225150501672241
"16156",0.719251336898396
"16157",0.189695550351288
"16158",0.488789237668161
"16159",0.399187175434635
"16161",0.504422509934624
"16162",0.105608916274012
"16164",0.231489361702128
"16168",0.443943056674725
"16169",0.178467708477389
"16170",0.180696371398079
"16172",0.1877444589309
"16173",0.148482892188509
"16174",0.888592773821486
"16175",0.562423472858374
"16176",0.847978984831794
"16177",0.319444444444444
"16178",1.1755613407094
"16179",0.107121424284857
"16180",0.166608846487424
"16184",1.1618062088429
"16185",0.654402102496715
"16186",0.844732876379369
"16188",0.336923076923077
"16190",0.292423656745265
"16191",0.467388545808307
"16192",1.17704280155642
"16194",0.2886467308667
"16195",0.111058150619638
"16197",0.406888265919103
"16199",1.23066234367763
"16201",0.117032213845099
"16202",0.101537568900493
"16205",0.469099756690998
"16206",0.134377576257213
"16210",0.104888888888889
"16211",0.0857019810508183
"16319",0.180002465787203
"16322",0.18652754896577
"16323",0.205851575907245
"16324",0.268695149508645
"16328",0.132961099521414
"16329",0.134790528233151
"16330",0.102389843166542
"16331",0.212680909717436
"16332",0.123917882760326
"16337",0.106638418079096
"16341",0.102923508209852
"16348",0.122481468583653
"16351",0.140308604791252
"16362",0.159481618619413
"16363",0.116623036649215
"16364",0.52820874471086
"16367",0.124378109452736
"16369",1.04921626657898
"16370",1.22610434120335
"16371",0.727748691099476
"16391",0.209618426255437
"16396",0.0925
"16398",0.398210290827741
"16399",0.383869488305051
"16400",0.200347199897126
"16401",0.155345274304382
"16402",0.428695652173913
"16403",0.106883855851835
"16404",0.237243621810905
"16407",0.657475490196078
"16408",0.666408068269977
"16409",0.150754150678166
"16410",0.14670145359672
"16411",0.796090143904426
"16412",0.114415912309871
"16413",0.165025934158992
"16414",0.250267723281217
"16416",0.295426452410383
"16418",0.13431066749844
"16419",0.14392523364486
"16421",0.421823233942503
"16423",0.0879057465736956
"16425",0.548810339763047
"16426",0.183223992502343
"16428",0.384979302188054
"16430",0.103327615780446
"16431",0.237110704004187
"16432",0.103061587753649
"16433",1.08882082695253
"16434",0.126429163214582
"16438",0.230280197786673
"16439",0.141672103644328
"16440",0.244002041858091
"16443",0.147391494958352
"16449",0.213759213759214
"16450",0.110858069247694
"16451",0.0900735294117647
"16452",0.0974530206553813
"16453",0.205812475827394
"16456",0.311849381912817
"16467",0.09979633401222
"16468",0.115911772714895
"16469",0.171193935565382
"16470",0.451617460093234
"16475",0.425936544342508
"16476",0.153867327277732
"16477",0.216500994035785
"16478",0.245487916794127
"16480",0.159776965968083
"16485",0.0947136563876652
"16490",0.102699348433137
"16491",0.238516961873311
"16492",0.236126224156692
"16493",0.445658963148032
"16494",0.0993323562937632
"16495",0.855444893357136
"16497",0.0904627470234442
"16498",0.129973821989529
"16499",0.209362808842653
"16500",0.158986175115207
"16502",0.0894484015239357
"16504",0.197264906992133
"16506",0.175249741646573
"16508",0.135477420429928
"16509",1.25944010416667
"16510",0.125384142593731
"16511",0.200980392156863
"16512",0.145440844009043
"16513",0.0993699233280194
"16514",0.210547749949094
"16515",0.246135552913199
"16516",1.12378453465041
"16517",0.235063663075416
"16518",0.15227193895248
"16519",0.131222812953117
"16520",0.181401011425361
"16521",0.633276740237691
"16522",0.165816945860646
"16523",0.35919951760006
"16524",0.25256629597947
"16525",0.116362167536664
"16526",0.143845510529917
"16527",0.241360978203083
"16528",0.25347866419295
"16529",1.07462345960749
"16530",0.797360150848523
"16531",0.102757158006363
"16532",0.222025912838634
"16533",0.562836947406254
"16535",0.570633638485012
"16536",0.100877192982456
"16538",0.200908184738066
"16539",0.0954925967332915
"16541",0.777777777777778
"16542",0.210305105853051
"16543",0.717152976893237
"16545",1.10129830917874
"16548",0.204379562043796
"16549",0.135673047705864
"16551",0.229122055674518
"16553",0.134582274329753
"16554",0.141802976263682
"16558",0.134445630032011
"16559",0.197280563311885
"16560",0.101982611895671
"16561",0.0860043509789703
"16562",0.0870588235294118
"16563",0.133333333333333
"16564",0.0943439962911451
"16565",0.122342625527339
"16568",0.115003489183531
"16569",0.103471520053927
"16570",0.0861678004535147
"16571",0.430214956100515
"16572",0.0984362576199311
"16573",0.0858237066800603
"16576",0.266957062850031
"16578",0.329575513288827
"16579",0.113532110091743
"16580",0.424520433694746
"16581",0.0929818670248489
"16582",0.0997014925373134
"16588",0.157998856992131
"16589",0.145681305559241
"16590",0.376840039254171
"16591",0.685234899328859
"16592",0.118283828382838
"16593",0.126696832579186
"16594",0.135664069922098
"16596",1.0066841034583
"16597",0.0997168921044354
"16598",0.433095312014902
"16599",0.0977728897442948
"16600",0.292657157950343
"16601",0.108108108108108
"16619",0.694873881204231
"16621",1.09654889071487
"16625",0.647381242387333
"16633",0.708355118686605
"16646",0.0867125017538936
"16647",0.124587761084646
"16648",0.122110771914522
"16649",0.0925228167127188
"16650",0.0926056338028169
"16651",0.138766313022251
"16653",0.111111111111111
"16656",0.155885214007782
"16658",0.163656105024183
"16661",0.173830138115852
"16678",0.319970156677443
"16681",0.391451544646636
"16706",0.214413816007971
"16709",0.0952380952380952
"16716",0.348714953271028
"16728",0.125415042586978
"16763",0.349056603773585
"16764",0.146636432350718
"16765",0.100307963044435
"16768",0.357882623705408
"16772",0.484820704488558
"16773",0.115384615384615
"16774",0.171311159625016
"16775",0.282943271432206
"16776",0.198322295805739
"16777",0.0985453508271534
"16779",0.132604916811522
"16780",0.494970414201183
"16782",0.286021058464949
"16783",0.107186358099878
"16784",0.145850426001893
"16785",0.0946759259259259
"16790",0.416001653917718
"16792",0.122980397256266
"16795",0.136656493726687
"16796",0.127639605818864
"16797",0.75
"16798",0.113425925925926
"16800",0.131357322541835
"16801",0.119460149553164
"16803",0.991125699003161
"16816",0.177225029148853
"16818",0.433566433566433
"16819",2.94583963691377
"16822",0.228830685105203
"16825",0.108850368947299
"16826",0.388640948829247
"16828",0.121862657663397
"16832",0.118213228035538
"16834",0.108797573083287
"16835",0.234524847428073
"16840",0.569192060385798
"16842",0.22670744138634
"16847",0.666173986486487
"16848",0.200506115563054
"16852",0.259996245541581
"16854",0.749936916477416
"16855",0.287226534932957
"16859",0.199515738498789
"16865",0.131789937863299
"16866",0.881737731295253
"16867",0.540942498919153
"16869",0.517378655642321
"16870",0.114368869246524
"16873",0.578273123238535
"16874",0.178783026421137
"16876",0.150047184649261
"16878",0.421773004843125
"16880",0.112542284673432
"16881",0.181986220803226
"16882",0.125122189638319
"16885",0.12897487213698
"16886",0.116402116402116
"16889",0.17012764336064
"16890",0.170022371364653
"16891",0.282708372589661
"16897",0.120540634607576
"16898",0.102718792356552
"16904",0.362441712590081
"16905",0.132428845303053
"16906",0.191678058213583
"16907",0.159920068512703
"16909",0.134707903780069
"16911",0.181292087542088
"16912",0.642515379357485
"16913",0.324111259854232
"16917",1.29874355961312
"16918",0.141623954680335
"16922",0.198463508322663
"16923",0.137241566920566
"16924",0.177335444469577
"16939",0.426125654450262
"16948",0.778273477581976
"16949",0.276762402088773
"16950",0.191061910619106
"16952",0.993097389558233
"16956",0.248020434227331
"16969",0.107336956521739
"16970",0.542435973793925
"16971",0.144673388864533
"16973",0.147722874467811
"16974",0.10365454715394
"16975",0.102810387762362
"16976",0.121651175505741
"16977",0.73728813559322
"16978",0.102556109725686
"16979",0.171929824561403
"16980",0.100386872998933
"16981",0.119208769171167
"16985",0.26583820662768
"16987",0.169014084507042
"16988",0.581898362032759
"16992",1.15477214101462
"16993",0.115236746256576
"16994",0.854285714285714
"16995",0.868400315208826
"16997",0.525648213034338
"16998",0.182297154899895
"17000",0.211858922504449
"17001",0.511463533153686
"17002",1.46335299073294
"17005",0.265746773987479
"17022",0.205085200590366
"17025",0.152146857498444
"17035",0.1270556104364
"17057",0.666313746250221
"17059",0.992151977577079
"17060",0.27673280082453
"17064",0.210312158386979
"17067",0.240678703502284
"17069",0.191235440137483
"17075",0.503355704697987
"17076",0.411584236974345
"17079",0.285248226950355
"17082",0.516664083087893
"17083",0.181345733041576
"17084",0.186053077357425
"17085",0.623519313304721
"17087",0.504688042597523
"17089",0.193116279069767
"17095",0.357013163867453
"17096",0.174973073533732
"17101",0.295768471826354
"17105",0.463591433278418
"17110",0.977916432978127
"17112",0.343393148450245
"17113",0.0885228480340064
"17116",0.45801133436373
"17117",0.17685696317518
"17118",0.158048171027973
"17119",0.112903225806452
"17120",0.142481943532502
"17121",0.620203345359134
"17122",0.174226061915047
"17123",1.00152485513876
"17125",0.125943000838223
"17126",0.129654903489959
"17127",0.274581209031318
"17128",0.091210402192619
"17129",0.142748188636075
"17130",0.42879746835443
"17131",0.176367869615832
"17132",0.164853684694347
"17133",0.527608607389363
"17134",0.0940115204869036
"17135",0.24165915238954
"17136",0.264210526315789
"17147",1.22426868905742
"17149",0.165703377697651
"17150",0.271327143637357
"17151",0.111024723993158
"17152",0.419565217391304
"17153",0.300315576279968
"17155",0.344116714240406
"17156",0.0978632478632479
"17158",0.142191142191142
"17159",0.105096882898062
"17160",0.114597926590081
"17161",0.189438075549709
"17164",0.176955930887206
"17165",0.132039711191336
"17168",0.117647058823529
"17169",0.0956375838926175
"17171",0.127000787194962
"17172",0.222047984945899
"17173",1.01366366366366
"17174",0.203737745098039
"17175",0.588387813686452
"17178",0.834285714285714
"17179",0.0957536706453998
"17180",0.842566088567099
"17181",0.182692307692308
"17183",0.285134449518011
"17184",0.088914305079002
"17187",0.103017543859649
"17188",0.0998772001637331
"17189",0.521061869240895
"17190",0.104428116262436
"17191",0.0978406734171038
"17192",0.102235164489218
"17193",0.154735508394045
"17196",0.237619717670555
"17199",1.11374407582938
"17202",0.403763230105841
"17203",0.444100751215201
"17207",0.159982657706482
"17210",0.114369501466276
"17215",0.251298701298701
"17216",0.24853711117955
"17217",0.13946971330028
"17218",0.176084099868594
"17219",0.236408364083641
"17220",0.162162162162162
"17221",0.189449364651521
"17222",0.102516150969058
"17237",0.101231190150479
"17240",0.782140672782875
"17242",0.184426229508197
"17245",0.277301387137453
"17246",0.103492884864166
"17248",0.100779844031194
"17250",0.119370591427021
"17252",0.12684124386252
"17254",0.108529741863075
"17256",0.107889413351315
"17257",0.110177865612648
"17258",0.10538728897716
"17259",0.652762631770265
"17260",0.186653771760155
"17261",0.163470692234462
"17263",0.124675245285326
"17268",0.469176351692774
"17274",0.10120152388395
"17279",0.887541504258698
"17281",0.160078925593533
"17283",0.0951768094625237
"17285",0.387065164135228
"17289",0.18892997457823
"17292",0.867677668748142
"17293",0.553202160493827
"17294",0.139928942333971
"17295",0.438732448400215
"17299",0.158684083212385
"17300",0.324907194626127
"17304",0.175238962221211
"17305",0.291845493562232
"17306",0.255131964809384
"17308",0.108007448789572
"17309",0.0963249063670412
"17311",0.223918575063613
"17312",0.743875278396437
"17313",0.441344614680997
"17314",0.727398899258196
"17318",0.178810278071102
"17319",0.129131513647643
"17330",0.108658743633277
"17341",1.06134536736709
"17342",0.159245610231953
"17344",0.0863874345549738
"17345",0.251004016064257
"17346",0.114411664971177
"17347",0.148174095805237
"17349",1.41915398934463
"17350",0.127720504009164
"17354",0.106944632462434
"17355",0.153398627155533
"17356",0.0896380504377368
"17357",0.189536311266409
"17364",0.937252073566535
"17380",0.184554885076954
"17385",0.390188103711235
"17387",0.244097134694563
"17388",0.234517222916295
"17389",0.14378612716763
"17390",0.414386049891015
"17391",0.172217447357112
"17395",0.294618305617389
"17420",0.126758711374096
"17423",0.131401617250674
"17425",0.228666508200618
"17427",0.280057943022694
"17428",0.129906920275192
"17433",0.397258151963442
"17434",0.12291933418694
"17436",0.239130434782609
"17441",0.244957050477753
"17444",0.71021377672209
"17448",0.0999146029035013
"17449",0.153413833398253
"17450",0.527410320581576
"17454",0.190578654661017
"17463",0.114765570328901
"17470",0.142700596615122
"17472",0.316211293260474
"17475",0.14301759640584
"17476",0.157431133888533
"17480",0.497087106057416
"17523",0.561641697877653
"17524",0.167424012925376
"17527",0.0988835725677831
"17532",0.145038167938931
"17533",0.400723949679563
"17534",0.288659793814433
"17535",0.134852446768771
"17536",0.707797815595631
"17537",0.151241697949755
"17540",0.421405304792927
"17681",0.418933823529412
"17684",0.159102000976086
"17685",0.110895232401734
"17686",0.103646353646354
"17687",0.549244070907598
"17688",0.110552763819095
"17690",0.145833333333333
"17691",0.313244116289802
"17692",0.101138469684935
"17698",0.114452285977294
"17700",0.5
"17701",1.09437507576676
"17702",0.59243136071721
"17713",0.103356820520941
"17714",0.111552653988078
"17748",0.153512217306818
"17749",0.223011027497752
"17750",0.183017732302421
"17751",0.190864079220572
"17754",0.143060125635657
"17755",0.137482556516885
"17756",0.117194063287595
"17758",0.107516275399487
"17760",0.107587216394242
"17761",0.0901576805696847
"17762",0.0797109630800497
"17763",0.190383786114705
"17764",0.112398537703699
"17765",0.117532647957766
"17766",0.312772585669782
"17768",0.260594708499181
"17769",0.124662201856421
"17771",0.88468809073724
"17772",0.169279676323965
"17773",0.988461538461539
"17775",0.141405135520685
"17776",0.0963302752293578
"17777",0.161485319516408
"17826",0.169346195069668
"17827",0.130402750491159
"17828",0.14751049790042
"17829",0.377790443621165
"17831",0.451486325802616
"17846",0.158221419704322
"17847",0.11890243902439
"17850",0.118599175985874
"17855",0.166379310344828
"17858",0.434382194934766
"17859",0.154836941627843
"17863",0.523321830123567
"17864",0.236065573770492
"17865",0.407687711611233
"17868",0.473276647433951
"17869",0.219193793219767
"17872",0.124279629165623
"17873",0.237683089214381
"17874",0.25697896749522
"17876",0.0834652793485637
"17879",0.78512213993589
"17880",0.247618819126221
"17882",0.667494020488289
"17883",0.510578279266573
"17884",0.45829244357213
"17885",0.264551398863758
"17886",0.168211813286911
"17888",0.304807805336781
"17896",0.270394424204023
"17901",0.449001453822022
"17904",0.135494657265392
"17906",0.827658402203857
"17907",0.891289390394936
"17909",0.117257640337354
"17910",0.51655737704918
"17912",0.172007120605251
"17913",0.169611771661302
"17916",0.273998986315256
"17918",0.0955545008701155
"17919",0.0948839548753323
"17920",0.0904816368026433
"17921",0.140174072377462
"17925",0.134768558554458
"17926",0.230551587737611
"17927",0.807238272755514
"17928",0.78720943679889
"17929",0.245912276148456
"17930",0.552622438346648
"17931",0.0852941176470588
"17932",0.162247946228529
"17933",0.0943181818181818
"17936",0.151706910907577
"17937",0.111845730027548
"17938",0.0909140192995771
"17939",0.1457852799329
"17940",0.417946645109135
"17948",0.405385392123864
"17951",0.399924532370223
"17952",0.340140654584799
"17954",0.134431012922051
"17955",0.103574702108158
"17957",0.153934851542231
"17960",0.31906234738727
"17961",0.374322860238353
"17965",0.187265917602996
"17966",0.0957975598734749
"17967",0.133853541416567
"17968",0.151095275798364
"17969",0.252057167605024
"17970",0.282750342935528
"17972",0.565099882491187
"17973",0.114627285513361
"17974",0.103105590062112
"17975",0.0915104032879527
"17977",0.122679580306699
"17978",0.128448483873562
"17979",0.110264418072038
"17984",0.181719951693892
"17986",0.23252966660388
"17988",0.213635558703736
"17991",0.17215886297209
"17992",0.121073250055436
"17993",0.11984392419175
"17995",0.112797281993205
"17996",0.23641218975809
"17997",0.221639784946237
"17999",0.106597522327859
"18000",0.0981325521786891
"18002",0.151785714285714
"18003",0.166949340019173
"18004",0.165034134758088
"18005",0.333630157316711
"18007",0.103448275862069
"18008",0.170860927152318
"18010",0.0984958757884522
"18011",0.125959780621572
"18012",0.173475097929491
"18013",0.12057574327513
"18014",1.02004531985358
"18015",0.0942535291601312
"18016",0.0883652430044183
"18018",0.202729186325034
"18019",0.204329933798533
"18020",0.172350418623647
"18021",0.148735244519393
"18023",0.0897435897435897
"18024",0.123709038128733
"18025",0.268742216687422
"18027",0.171980868872061
"18028",0.136917562724014
"18029",0.095888204260803
"18030",0.213163064833006
"18032",0.103396388650043
"18033",0.143780905287181
"18034",0.297900552486188
"18035",0.202148022118248
"18036",0.208137715179969
"18037",0.356707317073171
"18038",0.216443431176974
"18039",0.15217246212374
"18040",0.150970050857035
"18041",0.111363544160006
"18044",0.264623955431755
"18045",0.107532724129415
"18046",0.129434954007884
"18049",0.294088425235966
"18053",0.626558793113936
"18054",0.971917098445596
"18071",0.383943922761539
"18072",0.230056613484303
"18073",0.242209529318198
"18074",0.567147766323024
"18080",0.089565895150632
"18081",0.219343696027634
"18082",0.108885017421603
"18087",0.0895642458100559
"18088",0.272047033671833
"18095",0.317038711500424
"18099",0.0890207715133531
"18100",0.145369418750714
"18101",0.272073921971253
"18102",0.142177304616592
"18103",0.112238147739802
"18104",0.475977814593388
"18105",0.164615518896744
"18106",0.892234548335975
"18107",0.135944700460829
"18108",0.126760563380282
"18109",0.183028025677157
"18111",0.318938193343899
"18113",0.5341126868532
"18114",0.0889061978413263
"18115",0.123478883321403
"18117",0.0888071466106148
"18119",0.666732128829537
"18120",0.117567567567568
"18121",0.350799941288713
"18124",0.23710407239819
"18125",0.129876102364335
"18126",0.680912914398812
"18127",0.217459422197155
"18128",0.163469963976244
"18129",0.170342073276611
"18130",0.105490438001234
"18131",0.158783783783784
"18132",0.3
"18133",0.672897196261682
"18139",0.0920410783055199
"18140",0.314541960281871
"18141",0.0966783688900891
"18142",0.179470198675497
"18143",0.132101777622865
"18145",0.0982166224249448
"18146",0.110554796945329
"18148",0.099381593306657
"18150",0.229090909090909
"18155",0.255089820359281
"18159",0.498727735368957
"18160",0.287167159763314
"18162",0.543239841783531
"18163",0.10107948969578
"18164",0.134526685701735
"18166",0.184190181677619
"18167",0.106719367588933
"18168",0.215335878482658
"18169",1.13576739911438
"18173",0.356483191725157
"18174",0.103092783505155
"18175",0.670271940667491
"18176",0.0906344410876133
"18181",0.10681613194176
"18183",0.116040955631399
"18185",0.460532505409728
"18186",0.107696419027258
"18187",0.100314375535867
"18188",0.884021944111092
"18189",0.114783226723525
"18190",0.0915083365645599
"18191",0.150360144057623
"18193",0.119099294628323
"18194",0.18495767473219
"18195",0.0792079207920792
"18196",0.111677941665742
"18197",0.102513661202186
"18198",1.00780015797788
"18201",0.101384767556874
"18203",0.148343373493976
"18205",0.265945945945946
"18207",0.371054947818433
"18208",0.17595792637115
"18209",0.157583144697893
"18212",0.0809698587476365
"18213",0.135018050541516
"18214",0.159677136339709
"18216",0.322670172363424
"18217",0.119276133209991
"18218",0.107202400800267
"18220",0.110981308411215
"18221",0.128854206318995
"18222",0.134201954397394
"18223",0.131789137380192
"18226",0.152300524170064
"18227",0.139255855510881
"18230",0.19037040614285
"18231",0.177131189382338
"18232",0.344916621839699
"18242",0.111451519417074
"18245",0.167200040638017
"18247",0.141339142806331
"18260",0.237305053025577
"18263",0.107305785123967
"18286",0.123726150392817
"18292",0.247719787180137
"18293",0.0989729225023343
"18294",0.209850107066381
"18295",0.266822279459111
"18301",0.300622780978988
"18302",0.877626139645507
"18330",0.905655191369477
"18332",1.41700476274475
"18345",0.440385160011328
"18349",0.973338950409244
"18362",0.444675723049956
"18377",0.150092081031308
"18378",0.639841487578113
"18383",0.643262586377098
"18386",0.2626936829559
"18387",0.752990430622009
"18389",0.178571428571429
"18390",0.368452938260726
"18391",0.115858668857847
"18392",0.233378459687124
"18393",0.112796833773087
"18399",0.454042762349472
"18400",0.809442460009318
"18408",0.148919949174079
"18412",0.0881385145722344
"18414",0.19463505926388
"18415",0.153061224489796
"18416",0.919077417029781
"18417",0.291825373571638
"18419",0.852473387601753
"18420",0.932745736731175
"18423",0.222222222222222
"18424",2.15548760220701
"18426",0.419734389561976
"18430",0.236441798941799
"18431",1.04230339172568
"18432",0.0923076923076923
"18436",0.454791279364543
"18438",0.206125591741288
"18439",0.203174603174603
"18440",0.197829036635007
"18441",0.262726834751887
"18442",0.572650697551987
"18451",0.169794188861985
"18452",0.188344699318041
"18453",0.0981997882103777
"18457",0.164744110479285
"18458",0.0960817007086286
"18472",0.117340218135834
"18475",0.110274178969569
"18476",0.229243353783231
"18477",0.115242974941958
"18479",0.11920746684133
"18481",0.0977862994596479
"18483",0.123633879781421
"18484",0.099276459700488
"18488",0.244074844074844
"18491",0.2890447699608
"18504",0.91190921853065
"18507",0.607905497501136
"18508",0.190117252931323
"18514",0.133944699180214
"18515",0.118829337094499
"18516",0.518333333333333
"18518",0.107968948035488
"18519",0.158967391304348
"18521",0.0939007913530207
"18526",0.178349368414163
"18530",0.124000376328911
"18536",0.116815826660386
"18537",0.11635565312843
"18538",0.100130827403555
"18541",0.115997603355303
"18542",1.03763837638376
"18545",0.495969629205887
"18546",0.174649250120948
"18548",0.323226544622426
"18549",0.131365740740741
"18550",0.121036176864672
"18551",0.364303178484108
"18552",0.299598889231719
"18553",0.153112731351655
"18554",0.155023923444976
"18555",0.0942954656265236
"18557",0.26186146470491
"18559",0.325585626563566
"18563",0.112165296226017
"18566",1.00326943082182
"18567",0.156635242929659
"18569",0.101024890190337
"18570",0.12523291589028
"18571",0.0872374798061389
"18572",0.145242070116861
"18573",0.319691735317566
"18574",0.184729897372279
"18575",0.253895429362881
"18576",0.114420062695925
"18577",0.137045394212902
"18578",0.122608079376329
"18582",0.130366982014762
"18583",0.100646352723915
"18584",0.249271523178808
"18585",0.182145372036617
"18587",0.691993720565149
"18588",0.84688995215311
"18590",0.133634602969658
"18591",0.100546503390345
"18595",0.111910241657077
"18596",0.136942894537439
"18597",0.153431085043988
"18600",0.153337189963121
"18604",0.11696784250332
"18605",0.363106796116505
"18606",1.19848163160265
"18607",0.0947980182926829
"18610",0.355579605579606
"18611",0.0973344103392569
"18612",0.209512578616352
"18613",0.188482815698915
"18616",0.0974630407008578
"18618",0.454395241242565
"18619",0.190105765950188
"18624",0.148102815177479
"18626",0.168301267812596
"18627",0.235851110143666
"18628",0.312013248590099
"18631",0.153291722395601
"18632",0.127926360803073
"18633",0.191026064005279
"18634",0.222700880314666
"18636",0.281492706952074
"18637",0.10574516148727
"18639",0.413404507710558
"18640",0.101116217990808
"18641",0.0935162094763092
"18642",0.0917480998914224
"18643",0.164179104477612
"18645",0.147165697674419
"18647",0.1
"18648",0.150120122069995
"18654",0.291113992221003
"18655",0.155817412195401
"18667",0.154684095860566
"18669",0.192458960328317
"18670",0.152138603140227
"18671",0.160664573831665
"18673",0.148146035367941
"18674",0.149975726472016
"18675",0.389490744689926
"18676",0.15499784575614
"18679",0.109737870774891
"18682",0.119900864090026
"18685",0.0978470561000077
"18689",0.532239876986161
"18693",0.106237623762376
"18700",0.184910179640719
"18701",0.219281218751838
"18703",0.911355907141801
"18704",0.112308329879818
"18705",0.5686428772127
"18706",0.0867633302151544
"18707",0.121396269078575
"18708",0.106417736289382
"18709",0.0971085651936716
"18710",0.0854043392504931
"18711",0.085543690435182
"18712",0.350798872180451
"18715",0.133996212121212
"18717",0.103441295546559
"18718",0.117855398143625
"18719",0.176342525399129
"18720",0.123217922606925
"18733",0.948013732221677
"18736",1.11267361111111
"18738",0.125825242718447
"18739",0.0867497320471597
"18744",0.0880681818181818
"18746",0.0916878907154434
"18747",0.089458413926499
"18749",0.131656804733728
"18750",0.255936142265333
"18751",0.138374813869389
"18752",0.167871246553908
"18753",0.396479142747799
"18754",0.0836372783297698
"18755",0.284722222222222
"18759",0.0876685934489403
"18760",0.209654980523094
"18761",0.252851091560769
"18762",0.103687716993525
"18763",0.186890645586298
"18764",0.0993949870354365
"18766",0.307803468208093
"18767",0.112304250559284
"18768",0.171060551342241
"18769",0.163018433179723
"18771",0.129336931380108
"18772",1.00097612254092
"18777",0.194747649411002
"18779",0.611714259647842
"18781",0.630232558139535
"18782",0.617466517857143
"18783",0.272244671579114
"18784",1.69953765664923
"18786",0.107825567502987
"18787",0.642526673590785
"18789",0.105175292153589
"18791",0.13021159383999
"18792",0.381944444444444
"18793",0.82105525136884
"18795",0.116616616616617
"18796",0.268280332185538
"18797",0.142836019517965
"18798",0.20229656932237
"18799",0.211573236889693
"18802",0.172029940502847
"18803",0.0894531941249336
"18805",0.163305360043313
"18806",0.125512774379273
"18807",0.0870547237996902
"18810",0.110789738430583
"18813",0.0913884007029877
"18816",0.429618768328446
"18817",0.324050632911392
"18821",0.638679245283019
"18822",0.22651523192867
"18823",0.238102375777561
"18824",0.219101123595506
"18826",0.148111612175874
"18828",0.649905521730002
"18829",0.773096774193548
"18830",0.382106844024887
"18844",0.159759921772263
"18845",0.121939846117976
"18846",0.189132776730407
"18854",0.155100949324776
"18857",0.931054461181924
"18858",0.160833333333333
"18861",0.11956079707198
"18933",0.162358133669609
"18938",0.192614492106878
"18947",0.653493413373353
"18948",1.08942951597864
"18949",0.106607669616519
"18950",0.1527665317139
"18951",0.122847919655667
"18952",0.196963206244943
"18968",0.151111111111111
"18969",0.20733882612758
"18970",0.137176325524044
"18971",0.259337561663143
"18972",0.155309124339232
"18973",0.247397918334668
"18974",0.522197140707299
"18975",0.134348410210479
"18976",0.520861372812921
"18983",0.111233750306598
"18984",0.107135170038743
"18986",0.122838616714697
"18987",0.24925077228088
"18988",0.529291770255626
"18991",1.04679432013769
"18992",0.181538017046275
"18993",0.121083627797409
"18994",0.229464855501869
"19009",0.096000921977642
"19011",0.523341232227488
"19012",0.131379924767373
"19013",0.167602686928752
"19014",0.102728512960437
"19015",0.192786189603626
"19016",0.25657071339174
"19017",0.14864962189413
"19018",0.611653098297786
"19023",0.516626481816355
"19024",0.393645403832161
"19025",0.0976963641409936
"19027",0.137435450755926
"19035",0.12510931351115
"19038",0.320386658538709
"19039",0.241002570694087
"19041",0.323960302457467
"19042",0.0871204733112281
"19043",0.110813738609571
"19044",0.163872293955162
"19045",0.0951417004048583
"19046",0.0884278788641944
"19047",0.123188405797101
"19049",0.312663705728277
"19051",0.718680228231208
"19052",0.118280802292264
"19053",0.114814814814815
"19054",0.140690817186184
"19055",0.116367076631977
"19056",0.134417808219178
"19057",0.145244075570602
"19058",0.101462196861626
"19059",0.622311237928007
"19060",0.104801670146138
"19062",0.101354955723888
"19063",0.102026390197926
"19069",0.0942231731402238
"19070",0.136393138618452
"19072",0.109691492676846
"19073",0.237441376976261
"19075",0.209677419354839
"19076",0.176313709996049
"19079",0.167887730884326
"19082",0.105240948603258
"19084",0.0951319212188777
"19085",0.140072315673636
"19087",0.0915354330708661
"19088",0.1334395037928
"19089",0.103129445234708
"19090",0.090961207720237
"19091",0.108814385345769
"19092",0.296702634275725
"19094",0.165995231439612
"19099",0.10972996142306
"19106",0.229382676662945
"19108",0.116381242714965
"19109",0.856957761077999
"19116",0.873304562268804
"19118",1.10121457489879
"19122",0.103216374269006
"19124",0.79108635097493
"19125",0.158924205378973
"19126",0.152317880794702
"19128",0.164713140037014
"19130",0.359255202628697
"19132",0.581477658162513
"19133",0.782662795520531
"19134",0.0877449190702203
"19139",0.127970350991934
"19141",0.113236034222446
"19142",0.219500164419599
"19143",0.581997533908755
"19144",0.781296241491566
"19152",0.662615459406903
"19153",0.195990789651903
"19155",0.101751014307068
"19156",0.096462452345066
"19157",0.154123711340206
"19158",0.110693940963231
"19159",0.0931351114997814
"19164",0.0990597922939839
"19165",0.13127886155876
"19166",0.107147738144048
"19167",0.125461667599328
"19170",0.104514452744398
"19171",0.167666870789957
"19172",0.132232002894007
"19173",0.122821240372923
"19175",0.106894777463339
"19177",0.119823537782838
"19179",0.0913705583756345
"19181",0.0909090909090909
"19182",0.106502682192856
"19183",0.302141916955845
"19184",0.0880121396054628
"19185",0.0956408588158751
"19186",0.1808935706502
"19188",0.174577306987166
"19192",0.0841196546878137
"19193",0.396586501163693
"19197",0.757947976878613
"19200",0.319097502014504
"19201",0.126353790613718
"19204",0.298783425680559
"19205",0.114006052581804
"19206",0.150724637681159
"19207",0.344617092119867
"19208",0.73024625603108
"19210",0.117279500120163
"19211",0.100751552118506
"19212",0.26380042462845
"19214",0.83323029366306
"19215",0.469947081589132
"19216",0.172323303009097
"19217",0.532224241576961
"19218",0.494969256567915
"19219",0.289690721649485
"19220",0.653557458505127
"19221",0.263049992114808
"19222",0.968487394957983
"19223",0.620964831375065
"19224",0.182340574632095
"19225",0.225688393168351
"19227",0.433428338762215
"19228",0.321593533487298
"19229",0.112730517549078
"19230",0.0970772442588727
"19231",0.115189816682354
"19240",0.196923076923077
"19241",0.134025029414911
"19242",0.0950375389122871
"19243",0.113090832187797
"19244",0.111447302067574
"19245",0.112141244759755
"19246",0.118215329858904
"19247",0.0918606082994705
"19248",0.103399315125699
"19249",0.127141450607155
"19250",0.139575238598212
"19252",0.263161456218704
"19253",0.786431240383911
"19255",0.0994318181818182
"19256",0.78125
"19258",0.0846230299588244
"19259",0.102806109504237
"19260",0.495814552479073
"19261",0.0961575970353033
"19262",0.0887417218543046
"19263",0.145201617193318
"19264",0.249420289855072
"19265",0.887908496732026
"19266",0.10115549498907
"19267",0.109160305343511
"19268",0.139923954372624
"19270",0.170225269343781
"19271",0.219178082191781
"19272",0.119626378573036
"19273",0.413041221057003
"19274",0.154258921594165
"19275",0.093779208640565
"19276",0.121157206653291
"19277",0.186589722451223
"19279",0.147359454855196
"19280",0.0808308605341246
"19281",0.118847232848763
"19283",0.120906113537118
"19285",0.327967806841046
"19286",0.144151754857538
"19288",0.588671128107075
"19289",0.327015415718979
"19290",0.112796208530806
"19291",0.0963215775502465
"19293",0.366656778404034
"19294",0.256438969764838
"19296",0.106031128404669
"19298",0.0969120725750174
"19299",0.115862905671823
"19300",0.163415070699839
"19301",0.321501014198783
"19302",0.134930906358285
"19303",0.0935241477017987
"19305",0.116840696117805
"19309",0.244299674267101
"19317",0.0900389357560026
"19324",0.128112924001717
"19325",0.111872146118721
"19326",0.101289629231596
"19328",0.132075471698113
"19330",0.127819892227601
"19331",0.802457757296467
"19332",1.07686158063042
"19334",0.110844657607248
"19335",0.112363116965561
"19336",0.109303576230169
"19337",0.155974965773518
"19338",0.122155688622754
"19339",0.134195193008012
"19340",0.136156351791531
"19341",0.146699584199584
"19342",0.182516810758886
"19344",0.0966129927817879
"19345",0.0886387618712628
"19346",0.169550173010381
"19347",0.0871559633027523
"19348",0.399393837346355
"19349",0.0957854406130268
"19352",0.124308373293987
"19353",0.0854616895874263
"19354",0.378132623641606
"19355",0.189099526066351
"19356",0.139003372049457
"19357",0.0929164844774814
"19358",0.113965267727931
"19359",0.139030612244898
"19360",0.129884948179139
"19361",0.394526974198593
"19362",0.278735632183908
"19363",0.677097339363566
"19364",0.110906446921958
"19365",0.119747899159664
"19366",0.270634231103388
"19367",0.184604419101924
"19373",0.535535738413728
"19376",0.167972501642825
"19377",0.103909991166488
"19378",0.58905866011326
"19383",0.141383263278563
"19384",0.112324732304483
"19385",0.150617919670443
"19386",0.0967741935483871
"19387",0.113885554221689
"19395",0.254919958877956
"19400",0.843381485849057
"19401",0.215002180549498
"19411",0.223440589609923
"19414",0.103293807641634
"19415",0.142790480634624
"19416",0.351243894127002
"19417",0.107315389924086
"19418",0.206417714392944
"19419",0.244604316546763
"19428",0.8
"19645",0.109548680862461
"19646",0.0938183455551267
"19647",0.0983129726585224
"19649",0.235870384325546
"19650",0.243407892344063
"19651",0.0937829293993678
"19652",0.263503281171126
"19653",0.123724489795918
"19654",0.087459588225285
"19655",0.109693266235322
"19656",0.10260751777853
"19659",0.531933767001774
"19661",0.395061728395062
"19662",0.314253647586981
"19663",0.264411990776326
"19664",0.10662177328844
"19668",1.12251403229159
"19671",0.220782457014702
"19672",0.232215259859934
"19674",0.516467065868264
"19679",0.301970756516211
"19682",0.914509389558619
"19683",1.04259037807009
"19684",0.114394172565918
"19687",0.0975
"19691",0.113083084655254
"19696",0.214144714451024
"19697",0.155836118331477
"19698",0.279600570613409
"19699",0.131695767978692
"19700",0.926476339460305
"19703",0.364379827351204
"19704",0.141244188620766
"19707",0.0946633825944171
"19708",0.162320306291989
"19711",0.362109542148053
"19712",0.161885656970913
"19713",0.29670920080591
"19714",0.113636363636364
"19716",0.137947448591013
"19718",0.116059003618146
"19719",0.0982505971209089
"19720",0.120177957988399
"19724",0.123155616761755
"19725",0.285091814503579
"19726",0.253884679594195
"19727",0.217913353886094
"19729",0.125626204238921
"19730",0.113789092788834
"19731",0.139100346020761
"19732",0.158980127484065
"19733",0.486076475477972
"19734",0.242959123802073
"19735",0.108271617815792
"19736",0.143478260869565
"19737",0.240643233243205
"19739",0.240585323864859
"19744",0.156810035842294
"19752",0.54500377277137
"19762",0.13060297704146
"19763",0.123846153846154
"19765",0.0962239393497595
"19766",0.177357456140351
"19769",0.134250573274964
"19771",0.191553133514986
"19773",0.649825315775329
"19775",0.167472598323662
"19777",0.15561700212205
"19782",0.607840557784648
"19799",0.640821129707113
"19817",0.261580270949947
"19819",0.180347513481126
"19820",0.0972188633615478
"19821",0.110599078341014
"19822",0.0901348474095103
"19823",0.16617033948779
"19826",0.0861698865378718
"19848",1.64752950590118
"19871",0.955578162088844
"19872",0.958242495388227
"19874",1.63197969543147
"19876",0.168298930239566
"19877",0.120244619172425
"19878",0.0847889374090248
"19879",0.347381296563994
"19881",0.257763593960967
"19882",0.52498853736818
"19883",0.112559241706161
"19885",0.346752648549056
"19888",0.84089838228365
"19889",0.135341398067711
"19891",0.192008303061754
"19893",0.184120037511722
"19894",0.11957671957672
"19895",0.19324391455539
"19896",0.105388444059727
"19899",0.143487615159707
"19921",0.107600341588386
"19933",0.0944263551043861
"19934",0.0938134732566012
"19935",0.160749786992332
"19941",0.140195869704066
"19942",0.102123179505176
"19943",0.101131935424012
"19944",0.125169803997671
"19946",0.189314041663035
"19951",0.0990499793473771
"19981",0.164339720766492
"19982",0.132221232912586
"19988",0.0927322907083717
"19989",0.0962508294625083
"20005",0.148608121934869
"20014",0.0998898273962541
"20016",0.148620245440369
"20017",0.157284904264935
"20018",0.183275447502004
"20019",0.0959950270846284
"20020",0.120667187907219
"20021",0.132932330827068
"20022",0.154673679177624
"20024",0.111462597692594
"20042",0.107266910420475
"20044",0.151682824218036
"20054",0.114210669323431
"20055",0.156392453888772
"20068",0.124067164179104
"20084",0.149875207986689
"20085",0.169575607247648
"20088",0.0923847349335175
"20090",0.243631795659153
"20091",0.0849350910737647
"20102",0.118514915693904
"20103",0.110685842418619
"20104",0.198245614035088
"20111",0.14630332812151
"20112",0.255503144654088
"20115",0.097675647120972
"20116",0.108087847405392
"20128",0.266277217206585
"20130",0.213562686073437
"20132",0.904394757131843
"20133",0.127650176678445
"20135",0.328877836493628
"20147",0.589667728720983
"20148",0.212283694857421
"20163",0.131929957645869
"20166",0.138060872293693
"20167",0.0991992882562278
"20168",0.109856262833676
"20170",0.178686298334644
"20174",0.122027255722811
"20181",0.180168269230769
"20182",0.124543795620438
"20183",0.358611825192802
"20184",0.143065693430657
"20185",0.130918299933935
"20186",0.987730061349693
"20187",0.134831460674157
"20190",0.273763273763274
"20191",0.135709541731238
"20192",0.121919196572534
"20193",0.146278870829769
"20194",0.273444816053512
"20195",0.419704730340464
"20196",0.210349827804966
"20197",0.73050139275766
"20198",0.3812744749021
"20200",0.265378200725988
"20202",1.86301369863014
"20203",0.143381812839724
"20204",0.711158906882591
"20215",0.269215660599712
"20216",0.907363156432342
"20218",0.107124224682627
"20220",0.136271795255556
"20222",0.156346441015431
"20224",0.0878209428554004
"20226",0.0940391943385955
"20227",0.10278940027894
"20229",0.154617339734538
"20230",0.106734743496231
"20238",0.144398709533875
"20239",0.0853278200231279
"20249",0.165838068181818
"20250",0.0909090909090909
"20254",0.118157869060396
"20255",0.0918123275068997
"20256",0.273892347125595
"20257",0.213340838727836
"20259",1.65231158961368
"20262",0.140339281780128
"20265",0.14760348583878
"20266",0.185062789160608
"20269",0.19279841224837
"20271",0.569540229885057
"20272",0.430985915492958
"20273",0.108319055777651
"20274",0.315335035874985
"20276",0.305230654065687
"20278",0.988002156915611
"20280",0.106426041490977
"20284",0.126001067805659
"20286",0.113797093995114
"20288",0.921097445600757
"20289",0.366616019101367
"20292",0.899310344827586
"20295",0.578092327489143
"20299",0.666083150984683
"20300",0.220622796709753
"20301",0.150229357798165
"20303",0.901758767821834
"20304",0.97331404227956
"20305",0.350038749677086
"20308",0.369980250164582
"20311",0.939061934081854
"20312",0.113041516245487
"20315",0.177007299270073
"20316",0.113896457765668
"20317",0.165142776761851
"20318",0.0823529411764706
"20319",0.577443028196215
"20320",0.0864719843153441
"20321",0.26370636550308
"20322",0.174545454545455
"20324",0.204672422549518
"20333",0.101664219285365
"20334",0.0970064670978065
"20335",0.153055033944822
"20336",0.0956359567325625
"20338",0.0894366197183099
"20340",0.0934579439252337
"20341",0.257549157303371
"20344",2.05660377358491
"20345",0.177849306374105
"20346",0.369374811235276
"20347",0.775605103135805
"20348",0.214630779848171
"20349",0.252869996897301
"20350",0.849319306930693
"20351",0.17046818727491
"20352",0.192615912993703
"20353",0.184424150177575
"20354",0.135579231692677
"20355",0.14053751399776
"20356",0.249785038693035
"20357",0.19672268907563
"20358",0.172924378635643
"20359",0.105204301075269
"20360",0.144975644957604
"20361",0.162842465753425
"20362",0.120519093713435
"20363",0.11613286891513
"20364",0.106121762529432
"20365",0.218269313396924
"20370",0.255872704649146
"20371",0.456691026716185
"20375",0.320545977011494
"20377",0.379966561762392
"20378",0.134174311926606
"20379",0.409677632885417
"20382",0.0959008097165992
"20383",0.111923623806622
"20384",0.141933880188914
"20389",0.642186728140952
"20391",0.837203676826318
"20392",0.161702127659574
"20393",0.180520570948783
"20394",0.183776076842263
"20397",0.114481409001957
"20399",0.133264614931527
"20400",1.07537753580919
"20401",0.292413629348213
"20402",0.100420609884332
"20403",0.0909595999682514
"20404",0.187421383647799
"20405",0.220580611715915
"20408",0.131652227722772
"20409",0.247582205029014
"20410",0.193357058125741
"20411",0.130756407584914
"20416",0.171718494271686
"20418",0.114501076812635
"20419",0.433816099696868
"20420",0.199316005471956
"20422",0.138773294734938
"20423",0.549835706462212
"20425",0.206674251042852
"20429",0.937360523278184
"20430",0.0832525683271952
"20431",0.614171010001409
"20437",0.118983657935975
"20438",0.2056940861756
"20439",0.136696778592125
"20440",0.154986204178163
"20441",0.111035883547732
"20442",0.394010416666667
"20443",0.188992929485955
"20444",0.10655737704918
"20446",0.66888670779585
"20447",0.22658060244952
"20448",0.14495331258337
"20449",0.149583828775268
"20450",0.299844479004666
"20451",0.127986348122867
"20452",0.162271805273834
"20454",0.0851762820512821
"20459",0.961511546536039
"20460",0.460902514640028
"20462",0.092759875960631
"20463",0.0981481481481482
"20465",0.564345991561181
"20466",0.0994284588096177
"20467",0.157928802588997
"20469",0.204872000583473
"20471",1.06072514273004
"20473",1.03580458363918
"20474",0.332631578947368
"20475",0.421501302391665
"20479",0.0930535725370911
"20480",0.103886925795053
"20481",0.127698951264651
"20482",0.0998176845943482
"20491",0.226385390428212
"20492",0.191945687393921
"20493",0.468263194605906
"20495",0.638492033809559
"20496",0.208969980226496
"20498",0.179716399506782
"20499",0.23795898903195
"20501",0.168654378990483
"20502",0.198046581517656
"20503",0.125947073679587
"20509",0.16364888801417
"20510",0.110071013557134
"20512",0.105758331444117
"20513",0.161941516995695
"20514",0.588869960249858
"20515",0.151685393258427
"20516",0.107537688442211
"20518",1.27749229188078
"20519",0.712036733355198
"20520",0.14934434191355
"20521",0.55793991416309
"20522",0.360915492957746
"20523",0.112974105875194
"20524",0.11638677082846
"20525",0.141248900615655
"20527",0.125825385179751
"20528",0.50616085430513
"20529",0.299504710109741
"20530",0.165945879154825
"20532",0.663265306122449
"20533",0.842848466443972
"20534",0.0936863543788187
"20535",0.399206912878788
"20536",0.095337327429018
"20537",0.430336633663366
"20539",0.146666666666667
"20540",0.33318517201529
"20541",0.234755560772346
"20544",0.114798040484333
"20556",0.903240697996492
"20557",1.12435017675192
"20558",1.20766378244747
"20562",0.146768217373405
"20563",0.246698362387744
"20564",0.148183556405354
"20583",0.420920080591001
"20585",0.105490438001234
"20586",0.110729077127452
"20587",0.102040816326531
"20588",0.0890862944162436
"20589",0.145909593938878
"20591",0.159619750283768
"20592",0.122448979591837
"20595",0.126624172591321
"20597",0.0972049689440994
"20598",0.200956937799043
"20602",0.173477564102564
"20603",0.202041912950027
"20604",0.205203442879499
"20605",0.339676113360324
"20606",0.316831683168317
"20607",0.159521435692921
"20608",0.211773917995444
"20610",0.0986585893552575
"20612",0.685565939771547
"20615",0.114954577218728
"20616",0.123076923076923
"20617",0.892913385826772
"20618",0.322212467076383
"20619",0.1407110665999
"20620",0.145778364116095
"20621",0.138427464008859
"20623",0.107053453099691
"20624",0.126660558863949
"20630",0.16243654822335
"20637",0.0924243686973915
"20638",0.151391425808531
"20639",0.159671121790059
"20641",0.140155818860575
"20643",0.171706605035884
"20646",0.172723642172524
"20648",0.140659340659341
"20649",0.463247863247863
"20650",0.196161353285621
"20652",0.130563798219585
"20655",0.104668924752607
"20656",0.11607088484258
"20657",0.217870544090056
"20658",0.0921490069047822
"20660",0.155190866928291
"20661",0.0775464488074845
"20662",0.0996737185559415
"20663",0.116894574327305
"20664",0.173539009196084
"20665",0.17184133823343
"20666",0.225392886683209
"20667",0.144062297209604
"20668",0.261274420303086
"20670",0.72025615099427
"20671",0.285515441496303
"20672",0.41924778761062
"20674",0.187286980231766
"20675",0.607601246105919
"20677",0.184367816091954
"20678",0.276036913091979
"20679",0.134397870924817
"20680",0.390686922060766
"20681",0.172574525745257
"20682",0.142952812693179
"20683",0.0964912280701754
"20684",0.381669509971175
"20686",0.337254014928749
"20687",0.0965732087227414
"20688",0.131996219678673
"20689",0.291301517351895
"20692",0.140445527323355
"20698",0.484042553191489
"20708",0.588668941979522
"20713",0.170087976539589
"20715",1.35858920550769
"20716",0.176300054357674
"20719",0.182101387708864
"20720",0.115323011211959
"20723",0.187034277198212
"20725",0.200858279254762
"20729",0.0957014886898241
"20732",0.452913559790113
"20733",0.449582073626178
"20737",0.306153677997595
"20740",0.133291219204043
"20741",0.180870083432658
"20742",0.10566762728146
"20743",0.133029266438616
"20744",0.0985027580772262
"20745",0.291743929359823
"20747",0.0848450383849872
"20750",0.425792788273979
"20751",0.197004123537827
"20768",0.119235741991093
"20773",0.11700812433769
"20775",0.198018292682927
"20776",0.29721706864564
"20778",0.161659877800407
"20779",0.127463863337714
"20787",0.134960609582849
"20788",0.0843310775637689
"20807",0.154100294985251
"20810",0.137241283511599
"20811",0.670434782608696
"20813",0.116504854368932
"20815",0.0865420214735283
"20817",0.0850515463917526
"20818",0.12353745631363
"20821",0.256439480282653
"20822",0.0898836799436024
"20823",0.112066961171821
"20826",0.115397146022024
"20832",0.140035177919091
"20833",0.0887073241902539
"20840",0.669728544008774
"20841",0.150753768844221
"20842",0.127666611542914
"20843",0.0876931273308471
"20844",0.100975816716165
"20845",0.161423302234758
"20846",0.100845234625474
"20847",0.149730331307251
"20848",0.175706214689266
"20850",0.297676709629751
"20851",0.153781512605042
"20852",0.180206506916034
"20853",0.0933804879791376
"20855",0.332174944905916
"20856",0.355335025771213
"20866",0.0980703986429177
"20867",0.11270220100769
"20868",0.154283548142532
"20869",0.0983050847457627
"20871",0.819467905405405
"20872",0.109373942470389
"20873",0.218925752025179
"20874",0.102706621556307
"20877",0.611117824773414
"20878",0.285466126230457
"20887",0.136017002125266
"20892",0.263002364066194
"20893",0.242736486486486
"20897",0.173514733027962
"20901",0.107185463889144
"20907",0.109906988650909
"20908",0.112719324156673
"20909",0.112850688242093
"20910",0.085965521231054
"20911",0.118261056709351
"20912",0.164261590420632
"20913",0.117690660517213
"20916",0.155384742540706
"20917",0.148183723367097
"20918",0.126469219131851
"20922",0.134378224340392
"20924",0.0956301456618113
"20926",0.143941523755974
"20927",0.239007891770011
"20928",0.192368214004721
"20930",0.108079748163694
"20931",0.127429253324241
"20932",0.105810992960911
"20933",0.151315789473684
"20935",0.138599976627323
"20937",0.129080118694362
"20947",0.160195599022005
"20955",0.13221725879848
"20962",0.427446833509576
"20963",0.268999646518204
"20964",0.133010882708585
"20965",0.13115754155864
"20969",0.459105779716467
"20970",0.103590544157003
"20971",0.132530120481928
"20972",0.108124253285544
"20973",0.222586123241145
"20974",0.0955555555555555
"20975",0.157173384422666
"20977",0.103599221789883
"20979",0.148324623424531
"20980",0.366202379854257
"20981",0.10464135021097
"20983",0.121695465957761
"21331",0.430034447444372
"21333",0.270102651839179
"21334",0.386703601108033
"21335",0.265961945031712
"21336",0.400403336694472
"21337",0.827768014059754
"21338",0.819146311374291
"21339",0.190717911530094
"21340",0.106328710345927
"21341",0.205380116959064
"21343",0.117015679259181
"21345",0.411201179071481
"21346",0.240387225187732
"21349",0.465510597302505
"21350",0.563177264363116
"21351",0.107258805513017
"21353",0.113270018297464
"21354",0.26366930171278
"21355",0.197822419874252
"21356",0.133588257061798
"21357",0.154330312185297
"21366",0.107244871461958
"21367",0.166127552744653
"21371",0.133613824192337
"21372",0.138096114895968
"21374",0.142129360933772
"21375",0.17192046556741
"21376",0.113351498637602
"21378",0.365079365079365
"21379",0.109190887666929
"21380",0.786679591720363
"21384",0.614035087719298
"21385",0.534031413612565
"21386",0.347534384434753
"21387",0.861155272919979
"21389",0.521262837580829
"21390",0.454137587238285
"21391",0.274665344571145
"21393",0.711467736542962
"21399",0.107074945905187
"21400",0.130726439790576
"21401",1.4475138121547
"21402",0.138713974327924
"21405",0.621863799283154
"21406",0.0946795140343527
"21407",0.401263389178797
"21408",0.185714285714286
"21410",0.428348909657321
"21411",0.120977680405313
"21413",0.0836054866100588
"21414",0.156992813709232
"21415",0.250611047743197
"21416",0.2116953762466
"21417",0.10286599535244
"21419",0.694
"21420",0.674418604651163
"21422",0.107547764014277
"21423",0.122169754207531
"21425",0.242476354256234
"21427",0.126521679660785
"21428",0.102564102564103
"21429",0.118129003426188
"21452",0.309550728949717
"21453",0.119615448093745
"21454",0.0895089508950895
"21461",1.1081822016027
"21462",0.579966171772223
"21463",0.563009404388715
"21645",0.544951854323577
"21646",0.34296218487395
"21648",0.499510603588907
"21652",0.150322328579801
"21664",0.243739565943239
"21665",0.412361590771531
"21667",0.473415069927916
"21672",0.120881670533643
"21676",0.199797160243408
"21677",0.322867298578199
"21678",0.352660841938046
"21679",0.526930475405331
"21681",0.141045958795563
"21682",0.361419068736142
"21683",0.479074347612014
"21684",0.403
"21685",0.198977164605138
"21687",0.206167030108267
"21689",0.685721864845149
"21743",0.893162393162393
"21745",0.174732552215996
"21749",0.142884633888194
"21750",0.104463437796771
"21752",0.294313099041534
"21753",0.35426251691475
"21754",0.112901951489294
"21756",1.11551724137931
"21761",0.0985887096774194
"21762",0.081919857788312
"21763",0.0920741989881956
"21766",0.117542297417631
"21767",0.114390392835335
"21769",0.104942450914015
"21770",0.0910745305649764
"21771",0.124740352027987
"21778",0.227128838239949
"21780",0.117814889489101
"21781",0.117134559535334
"21787",0.0962441314553991
"21788",0.264276228419655
"21802",0.204809930178433
"21803",0.253109926377253
"21804",0.184035476718404
"21807",0.102770618556701
"21808",0.115018737388296
"21809",0.235958227490827
"21810",0.509414225941423
"21812",0.18743961352657
"21813",0.157894736842105
"21814",0.139569230769231
"21815",0.439237668161435
"21816",0.684466019417476
"21817",0.313988095238095
"21818",0.77183293061788
"21819",0.896551724137931
"21821",0.156121045392022
"21822",1.75587586027789
"21823",1.22311631309437
"21824",0.2004586362063
"21825",0.570552147239264
"21826",0.230029440628067
"21827",0.22889033847938
"21828",0.676460693058203
"21830",0.532430398796087
"21832",0.1986108983198
"21833",0.09
"21834",0.104960460100647
"21835",0.20374531835206
"21838",0.0969630442736919
"21841",0.0894133666174969
"21843",0.0945347119645495
"21844",0.250605326876513
"21846",0.256506132216572
"21847",0.159435261707989
"21848",0.118255728011826
"21849",0.11666059059424
"21853",0.279691749773345
"21854",0.110329261816251
"21855",0.185419968304279
"21856",0.0989293175487465
"21857",0.415535750455742
"21858",0.338318512530315
"21859",0.148194271481943
"21869",0.601769911504425
"21871",0.118580375782881
"21872",0.129290124934182
"21873",0.112305641936917
"21877",0.520348475420037
"21881",0.106995884773663
"21885",0.192826486817903
"21886",0.125732899022801
"21887",0.252133909766101
"21888",0.108791379578304
"21892",0.268421052631579
"21894",0.122689756443364
"21897",0.504567580182703
"21898",0.300813008130081
"21899",0.442253521126761
"21907",0.159601706970128
"21912",0.117776037588097
"21915",0.129778247096093
"21916",0.117054751415985
"21917",0.108194965184788
"21922",0.723416370106762
"21923",0.231458316520055
"21924",0.410841041084104
"21927",0.0946745562130177
"21928",0.514742014742015
"21929",0.232086470731115
"21930",0.233320537428023
"21933",0.428144272098673
"21934",0.357305936073059
"21935",0.776415340464388
"21936",0.240157480314961
"21937",0.21875
"21938",0.216729525862069
"21939",0.593820879053516
"21940",0.682622748961059
"21941",0.318795831725203
"21942",0.410140805992925
"21944",0.219495646273889
"21945",0.104686774941995
"21946",0.402545210984595
"21950",0.741414409630023
"21951",0.131962413182623
"21952",0.416537804183283
"21954",0.546092426808614
"21955",0.409293443666454
"21956",0.607776321537789
"21957",1.01099490480021
"21960",0.161045531197302
"21961",0.145725335308154
"21968",0.113380575239683
"21969",0.124711848778239
"21973",0.347474747474747
"21974",0.097333106845592
"21975",0.174622391329413
"21976",0.0963203463203463
"21981",0.176945174500336
"21982",0.156101227762466
"21983",0.294227188081937
"21985",0.146259769259397
"21987",0.132136463099264
"21990",0.476661392405063
"21991",0.109715054969711
"22003",0.102369668246445
"22004",0.300425903680245
"22017",0.157461240310078
"22018",0.515248475152485
"22019",0.0952996981457525
"22021",0.120166567519334
"22022",0.17219730941704
"22025",0.140102157823413
"22026",0.0970487054137244
"22027",0.102621617832609
"22029",0.590976994323275
"22030",0.247664915353182
"22031",0.0901582931865107
"22032",0.1875
"22033",0.364584658440402
"22034",0.102095267990269
"22035",0.392702273929138
"22036",0.229592782549589
"22038",0.47953216374269
"22040",0.583727639930756
"22041",0.266506602641056
"22042",0.247577338799851
"22044",0.622810956443646
"22045",0.576174797964681
"22051",0.314591700133869
"22057",0.145699831365936
"22059",0.138665132336018
"22061",0.248796498905908
"22062",0.170344302834316
"22063",0.118223234624146
"22065",0.353428786737001
"22066",0.136673151750973
"22067",0.128117359413203
"22068",0.289592760180996
"22070",0.160168302945302
"22083",0.102534351145038
"22084",0.103592429253951
"22088",0.09765625
"22092",0.581920903954802
"22094",0.48158690624444
"22095",0.698521246127769
"22097",0.38001638001638
"22099",0.0918585866175752
"22110",0.0876297430661902
"22114",1.11863896416742
"22115",0.928418219287547
"22116",0.910875662200062
"22117",0.183067211288526
"22121",0.12548465266559
"22122",0.161074880176004
"22123",0.0934875095451075
"22127",1.1196222455404
"22130",0.146419371458011
"22134",0.0951184493898062
"22137",0.400512214342002
"22138",0.307828394515701
"22139",3.72555613036731
"22141",0.152837259100642
"22142",0.0882849901436215
"22143",0.125348189415042
"22144",1.08131167763158
"22145",0.114321834928662
"22146",1.43396975350296
"22151",0.0950634265627388
"22152",0.168734491315136
"22153",0.163179328745963
"22154",0.0959501557632399
"22156",0.377705627705628
"22158",0.140594059405941
"22160",0.465571526351814
"22163",0.440097341819543
"22166",0.14364426843442
"22169",0.122097299569192
"22171",0.235587978748711
"22174",0.229166666666667
"22177",0.259124087591241
"22178",0.489047619047619
"22183",0.104819537497298
"22184",0.111161939615737
"22185",0.109649573527901
"22186",0.129840446573777
"22187",0.108876176416313
"22190",0.11811631497684
"22192",0.111677768526228
"22193",0.0895798227971952
"22194",0.127463762558478
"22195",0.0966514459665145
"22196",0.0897257896563693
"22200",0.123574268396011
"22201",0.0851282051282051
"22202",0.730005367686527
"22209",0.133924583678938
"22210",0.12350332594235
"22213",0.155862863728032
"22214",0.104767246214246
"22215",0.111854684512428
"22217",0.102846883816363
"22218",0.120966062877368
"22221",0.108513053348468
"22222",0.0994426518040481
"22223",0.181818181818182
"22224",0.0955066741868772
"22225",0.0951113262342691
"22228",0.288516647463736
"22229",0.327844311377246
"22230",0.091841574765801
"22232",0.142008954642788
"22234",0.0943546778376222
"22235",0.146548672566372
"22239",0.252269469660774
"22240",0.124976613657624
"22241",0.107357928981796
"22245",0.124223602484472
"22247",0.124358243011979
"22248",0.156618610747051
"22249",0.0898744573506981
"22253",0.223880597014925
"22256",0.392307692307692
"22258",0.0924899675138544
"22259",0.353640634174985
"22260",0.161538461538462
"22262",1.12
"22264",0.987341772151899
"22268",0.364306280806208
"22271",0.333333333333333
"22272",0.158512950020556
"22273",0.122321945570353
"22275",0.125988798429471
"22276",0.120401337792642
"22278",0.121502164238249
"22282",0.0911093311974369
"22283",0.84324935977607
"22284",0.0908153916628493
"22288",0.113055229560084
"22289",0.123893805309735
"22290",0.137799375216939
"22293",0.835825481360098
"22294",0.258415251712839
"22295",0.285714285714286
"22306",1.02313448204847
"22310",0.851817334575955
"22317",0.163897620116749
"22318",0.0873184266362004
"22319",0.114835711915035
"22320",0.425303909526028
"22321",0.0975978498236183
"22323",0.20907044065616
"22324",0.242283950617284
"22325",0.171471471471471
"22326",0.349274406332454
"22327",0.167283335705137
"22329",0.208197787898504
"22330",0.110421045926492
"22333",0.108114957676517
"22334",0.096312209094164
"22335",0.114409009577939
"22337",0.681140819964349
"22339",0.104201680672269
"22340",0.165294924554184
"22341",0.35062177737337
"22342",0.152793802538322
"22343",0.152233479895495
"22344",0.109779179810726
"22346",0.109266375289666
"22348",0.226436781609195
"22349",0.656921451215217
"22350",0.12592466143166
"22351",0.589164983756256
"22352",0.137873371006804
"22353",0.271713147410359
"22354",0.203376703841388
"22355",0.446884435904474
"22359",0.115749525616698
"22360",0.128870216458124
"22361",0.840712468193384
"22365",0.100191260850375
"22367",0.142
"22368",0.16076249242466
"22370",0.249911441728657
"22371",0.352412713537058
"22375",0.0963884238220521
"22376",0.356230327717089
"22377",0.184483811850947
"22378",0.103994154895275
"22379",0.191575771640752
"22380",0.105263157894737
"22381",0.126623376623377
"22384",0.0955877162019061
"22385",0.167130919220056
"22388",0.0905815748841997
"22390",0.15424739195231
"22393",0.267586097570642
"22401",0.121328224776501
"22402",0.324313648034762
"22404",0.112438063778427
"22408",0.683575752100461
"22409",0.429333333333333
"22410",0.466666666666667
"22411",0.851570545829042
"22412",0.400665311402698
"22413",0.45462270564242
"22414",0.330864787386527
"22415",0.319969495587755
"22417",0.308085345311623
"22418",0.141180612604154
"22419",0.415214143426295
"22420",0.835925986572785
"22421",0.186144824764762
"22422",0.216255654457902
"22423",0.598984771573604
"22427",0.151140883399623
"22428",0.100822587816807
"22433",0.184181135140623
"22436",0.356834447270361
"22437",1.40029412794566
"22439",0.100068306010929
"22441",0.434415295686972
"22445",1.02330895795247
"22589",0.122696772819257
"22590",0.176825028968714
"22591",0.126566217287867
"22592",0.109364977549711
"22594",0.194333230674469
"22596",0.166666666666667
"22599",0.808199121522694
"22601",0.17540356132468
"22608",0.108770718232044
"22612",0.176470588235294
"22619",0.13739079790332
"22625",0.184030092372155
"22626",0.515198237885462
"22627",0.0970628282435324
"22628",0.0867872681474697
"22629",0.1206652512385
"22630",0.191489361702128
"22631",0.0967241871659936
"22632",0.0863723608445297
"22634",0.577795896181546
"22635",0.559517686724956
"22637",0.258169934640523
"22640",0.14267061281337
"22642",0.118351324828263
"22643",0.156053880300015
"22644",0.115690733371234
"22646",0.191030186211407
"22648",0.16008537886873
"22652",0.533333333333333
"22654",0.116224529027297
"22658",0.154756805171541
"22661",0.100515892827426
"22666",0.0994314039947514
"22668",0.106810909644979
"22670",0.127424680148576
"22671",0.113061192509598
"22673",0.400213147857303
"22678",0.113259668508287
"22680",0.0990859991690902
"22682",0.144345909113683
"22685",0.104636802514876
"22687",0.114173928507914
"22688",0.0955597068544331
"22689",0.115669132481506
"22690",0.184129974099364
"22691",0.165781083953241
"22693",0.133488831075626
"22694",0.109606540623403
"22695",0.305047932893948
"22696",0.113903526550466
"22697",0.129668645853285
"22698",0.127426160337553
"22700",0.117357406647517
"22701",0.184238056491921
"22704",0.203566121842496
"22709",0.230031948881789
"22710",0.141847029404156
"22712",0.421294171638366
"22715",0.1654549628836
"22717",0.150545768939803
"22718",0.112867808519982
"22719",0.121758557408442
"22720",0.11198738170347
"22722",0.143150929899857
"22724",0.139792334707589
"22746",0.192470463763005
"22750",0.114535768645358
"22751",0.134369552585706
"22754",0.221800947867299
"22755",0.13018352702102
"22756",0.155492957746479
"22757",0.125571646341463
"22758",0.146792696719987
"22759",0.166863144357518
"22761",0.229206198608476
"22762",0.128735632183908
"22763",0.0946509519492294
"22764",0.117709437963945
"22770",0.0904255319148936
"22771",0.263928234183192
"22772",0.214095350903169
"22773",0.368345530205194
"22774",0.329951948745328
"22775",0.122464115876271
"22776",0.300334066650371
"22778",0.251758472640906
"22779",0.161014534055286
"22781",0.162659028841671
"22782",0.14705665115592
"22784",0.263639387890885
"22785",0.121916010498688
"22787",0.64533807302081
"22789",0.679242636746143
"22791",0.125777041027766
"22793",0.115664010155864
"23789",0.116422349691948
"23790",0.141143776510165
"23792",0.161299004216381
"23794",0.353827423527621
"23796",0.544112030553787
"23797",0.0912599318955732
"23801",0.191888808214915
"23802",0.101512869212129
"23805",0.104247721579705
"23806",0.0916073968705548
"23807",0.0978153745072273
"23808",0.100371195248701
"23821",0.0878186968838527
"23825",0.17852975495916
"23827",0.106813996316759
"23828",0.303101334294987
"23829",0.253505933117584
"23830",0.162987317989667
"23831",0.821932948544762
"23832",0.931847968545216
"23833",0.570390365448505
"23834",0.562779156327543
"23836",0.13689635696131
"23837",0.0883720930232558
"23845",0.316211453744493
"23849",0.125201250118382
"23850",0.314171001003741
"23853",0.478239608801956
"23854",0.10436617432235
"23856",0.105734223300971
"23857",0.0943701903604698
"23863",0.196803196803197
"23871",0.143816811729657
"23872",0.156393332587538
"23873",0.120212468549063
"23874",0.103194103194103
"23876",0.51077246452969
"23877",0.13355900907832
"23879",0.0979720079977149
"23880",0.203741220961642
"23881",0.0933944374209861
"23882",0.208400646203554
"23885",0.118024132730015
"23887",0.377937831690675
"23888",0.193263646922184
"23890",0.156680932001902
"23892",0.737130089827185
"23893",0.106171132238548
"23894",0.111992786293959
"23897",0.135523613963039
"23908",0.105296542974944
"23912",0.110960655984353
"23917",0.115689865689866
"23918",0.111159169550173
"23919",0.549959382615759
"23921",0.265549468256526
"23922",0.149233765928985
"23923",1.26835592221567
"23924",0.19332985930172
"23925",0.936821832871436
"23928",0.297942469037155
"23934",0.170502858818355
"23936",0.17557003257329
"23938",0.114044056139046
"23939",0.1711140760507
"23942",0.101449275362319
"23943",0.185344827586207
"23945",0.10656734569778
"23947",0.109062170706006
"23948",0.129963898916968
"23950",0.115220802510648
"23954",0.274179236912156
"23955",0.108855498721228
"23956",0.49903437620703
"23959",0.167728471001757
"23961",0.799586776859504
"23962",0.319263725801333
"23963",0.167272727272727
"23964",0.148678612093246
"23965",0.165492446252179
"23966",0.274072612470402
"23967",0.321434491904736
"23969",0.0857853810264386
"23970",0.220806062693765
"23971",0.0951421664556233
"23972",0.14424081945509
"23980",0.151055465344842
"23983",0.118715301198568
"23984",0.172700235873244
"23985",0.170971399773214
"23986",0.121671446128636
"23988",0.133714956700426
"23989",0.0863124744853327
"23991",0.233791121047589
"23992",0.158737256304776
"23993",0.621761658031088
"23994",0.0984113594826374
"23996",0.09533527696793
"23997",0.105662983425414
"23999",0.149191444966093
"24000",0.160609742626754
"24001",0.265385614126201
"24004",0.21012101210121
"24010",0.100237529691211
"24012",0.123674911660777
"24014",0.203093133922502
"24015",0.090722556060384
"24017",0.126582278481013
"24018",0.111352525801195
"24030",0.154915590863952
"24044",0.153355106888361
"24045",0.240280174601563
"24047",0.776269482151835
"24050",0.0881450739805124
"24051",0.101824602707475
"24052",0.271518680252305
"24053",0.838319472945243
"24055",0.250842200951821
"24056",0.1030676421512
"24057",0.226130653266332
"24058",0.544684854186265
"24059",0.168138897349985
"24060",0.124655543864923
"24061",0.0897832817337461
"24063",0.19656236227413
"24064",0.130839123463389
"24066",0.149289099526066
"24067",0.234503458175649
"24068",0.154854996613509
"24069",0.196798493408663
"24070",0.122098890010091
"24071",0.101361573373676
"24074",0.166999894770073
"24075",0.165426323623219
"24082",0.536755871108684
"24083",0.13073538654934
"24084",0.369211514392991
"24086",0.129934210526316
"24087",0.539173921096499
"24088",0.389641143967454
"24099",0.498545666084933
"24100",0.132179386309992
"24105",0.0907514836300593
"24109",0.114668013127998
"24110",0.709496709941313
"24115",0.347555991499101
"24116",0.137654320987654
"24117",0.538638985005767
"24127",0.136544952439399
"24128",0.107226715366554
"24131",0.28397723869422
"24132",0.122496147919877
"24135",0.119408691219574
"24136",0.0992275698158051
"26356",0.142303969022265
"26357",0.143992932862191
"26358",0.75165204854019
"26360",0.517262265293761
"26361",1.73592513694461
"26362",0.116187140355266
"26363",0.248800468110006
"26364",0.190197934241389
"26365",0.255487100500578
"26367",0.294639942547496
"26370",0.138713238984242
"26371",0.0946107784431138
"26372",0.0886990801576873
"26373",0.109869646182495
"26374",0.104783599088838
"26377",0.171353251318102
"26378",0.107134220072551
"26379",0.162681241934259
"26380",0.28509756518736
"26381",0.191448007774538
"26382",0.230452674897119
"26383",0.0832882639264467
"26384",0.129909365558912
"26385",0.1005206247497
"26386",0.215548829058467
"26388",1.13226633409548
"26390",0.137621772073604
"26394",0.157782515991471
"26395",0.0911992704058367
"26396",0.10955710955711
"26397",0.168208924532182
"26398",0.147843942505133
"26399",0.163232382488817
"26400",0.0870877844867627
"26401",0.147572231139647
"26403",0.134858886346301
"26404",0.0988812702995309
"26405",0.115384615384615
"26406",0.120852909288038
"26407",0.223216233907921
"26408",0.136174519284831
"26409",0.0943396226415094
"26410",0.305555555555556
"26411",0.29538734476641
"26412",0.101396954952127
"26413",0.106052374225796
"26414",0.125872120806652
"26415",0.761480971580293
"26416",0.0999083409715857
"26417",0.17006989173633
"26419",0.165137614678899
"26420",0.0878582202111614
"26422",0.138309549945115
"26424",0.85863625564267
"26425",0.165027903268669
"26426",0.147169811320755
"26427",0.255057867302765
"26428",0.118380062305296
"26429",0.110526315789474
"26430",0.0989571525731127
"26431",0.147172313999759
"26432",0.224042338709677
"26433",0.130807850296668
"26434",0.675977223761157
"26436",0.173711779753929
"26440",0.101240694789082
"26441",0.114141645656658
"26442",0.107965255960081
"26443",0.0982478097622028
"26444",0.0942497618689527
"26445",0.0984926698327483
"26446",0.129609473638382
"26447",0.143982998317542
"26448",0.210073955626624
"26450",0.116731196968449
"26451",0.121023329798515
"26456",0.196365352843993
"26457",0.111819595645412
"26458",0.195499691375344
"26459",0.5939909926584
"26462",0.177558897910289
"26465",0.114118507681053
"26466",0.153812095988666
"26549",0.356228956228956
"26554",0.148111332007952
"26556",0.117773019271949
"26557",0.263079292481449
"26558",0.167217448777264
"26559",0.242790937178167
"26561",0.4513353115727
"26562",0.231061565746136
"26563",0.209901490275322
"26564",0.535526315789474
"26565",1.12553418803419
"26568",0.262765560939247
"26569",0.0954236610711431
"26570",0.128277204173199
"26572",0.12271897810219
"26611",0.138732496030027
"26754",0.118205283935621
"26757",0.176470588235294
"26874",0.135846757817788
"26875",0.120675300647549
"26877",0.108938547486034
"26878",0.113821138211382
"26879",0.0975783475783476
"26885",0.160498674781584
"26886",0.687508440243079
"26887",0.721043647890758
"26888",0.68135115475541
"26889",0.109155667295202
"26891",0.112562814070352
"26893",0.0959909278900674
"26894",0.102168227452965
"26895",0.13575254126134
"26896",0.101137411620043
"26897",0.220821965267853
"26900",0.147508038585209
"26901",0.171203765499315
"26903",0.222530403243013
"26905",0.097871627283392
"26908",0.167322834645669
"26909",0.447819314641745
"26912",0.213935574229692
"26913",0.158004158004158
"26914",0.0898562300319489
"26918",0.795197740112994
"26919",0.110537805120064
"26920",0.113025382921577
"26921",0.0905195032359629
"26922",0.139889832453523
"26926",0.133079490433883
"26927",1.40186335403727
"26931",0.137110481586402
"26932",0.1
"26934",0.220586762791629
"26936",0.118500176865936
"26938",0.0956973293768546
"26939",0.113553113553114
"26940",0.122778473091364
"26941",0.133467387206234
"26942",0.15308569757239
"26943",0.080168094391466
"26945",0.810810810810811
"26946",0.319737458977965
"26949",0.127313516545149
"26950",0.190221031480241
"26951",0.142654364797729
"26961",0.112600370599135
"26965",0.0994500458295142
"26968",0.200455980357769
"26971",0.457227555053642
"26987",0.0968436154949785
"26992",0.107687420584498
"27008",0.150347779561263
"27015",0.133675446781023
"27027",1.16272189349112
"27028",0.462365591397849
"27029",0.147286821705426
"27041",0.10995085995086
"27045",0.135165361878894
"27047",0.75974025974026
"27049",0.110129310344828
"27050",0.130741476466534
"27053",0.107142857142857
"27054",0.109090909090909
"27055",0.209302325581395
"27056",0.305723785773661
"27057",0.0936379928315412
"27058",0.133584476123367
"27059",0.170731707317073
"27060",0.183471816752751
"27061",0.149661648219063
"27062",0.161333333333333
"27078",0.1779324055666
"27081",0.122845617895123
"27083",1.20021610372979
"27096",0.104733200904172
"27103",0.11492681357568
"27176",0.0996371622266781
"27204",0.271465076660988
"27205",0.140922966421261
"27207",0.163859191655802
"27208",0.937289691037014
"27209",0.638755980861244
"27210",0.649306518723994
"27212",1.35825892857143
"27214",0.316388947479435
"27215",0.103953039084559
"27218",0.856411131978829
"27219",0.430773602330042
"27220",0.842039800995025
"27221",0.170411050091529
"27222",0.474797219003476
"27223",0.111753817677001
"27224",0.0966643975493533
"27225",0.0864522930943595
"27226",0.107586206896552
"27260",0.974469984378487
"27261",0.334901649566351
"27267",0.10589697770181
"27273",0.268817204301075
"27274",0.20288
"27275",0.116432366987287
"27276",0.15707389528407
"27277",0.133858267716535
"27278",0.546541911835632
"27279",0.462029595132577
"27280",0.249546279491833
"27281",0.314586994727592
"27354",0.153895139036298
"27355",0.156964656964657
"27356",0.895974908520648
"27357",0.136514983351831
"27359",0.38060384263495
"27360",0.086960336960337
"27361",0.167397719116357
"27362",0.121314532105815
"27364",0.0871543577178859
"27366",0.101288204091942
"27367",0.127334007414897
"27368",0.142857142857143
"27369",0.191409193669932
"27370",0.106271777003484
"27371",1.06795088907705
"27373",0.0926392675273906
"27374",0.113020489094514
"27375",0.535612903225806
"27376",0.174669867947179
"27377",0.0936903354850441
"27384",0.965954773869347
"27385",0.348947282519993
"27386",0.169675090252708
"27387",0.247549019607843
"27388",0.111469279865902
"27389",0.531891368944786
"27390",0.678768476261835
"27392",0.118560179977503
"27393",0.135604770017036
"27395",0.115836818432889
"27397",0.11287988422576
"27398",0.169573160604551
"27399",0.116160759708326
"27401",0.26803231390652
"27402",0.118734289516487
"27403",0.144527457684353
"27404",0.123537204680945
"27405",0.795174692161377
"27406",0.0973787359137678
"27407",0.0975351179432812
"27410",0.0841499959504333
"27411",0.676946448917584
"27412",0.848623853211009
"27414",0.147085819183112
"27416",0.0935762816553428
"27418",0.0967741935483871
"27419",0.1953143676787
"27421",0.394034247836494
"27425",0.141501976284585
"27426",0.205285512033978
"27428",0.205156616236949
"27493",0.218299631326109
"27494",0.105531914893617
"27528",0.152815865824093
"27632",0.159420289855072
"27643",0.117058504608408
"27660",0.446440415653327
"27681",0.12389235313423
"27756",0.268845897264843
"27762",0.66686674669868
"27784",0.0977295831921383
"27801",0.125126033474491
"27878",0.148683429023956
"27883",0.122324159021407
"27886",0.110084559974945
"27965",0.131818782195219
"27966",0.219146183699871
"27967",0.124102898685805
"27973",0.205099981654742
"27979",0.0901060070671378
"27981",0.144844809133072
"27984",0.15496062992126
"27993",0.219425656946446
"27998",0.288591290124719
"27999",0.133541314615018
"28000",0.0987859637452187
"28006",0.134471419576016
"28010",0.174660697790094
"28015",0.114459871317304
"28018",0.0951127819548872
"28019",0.135922330097087
"28028",0.106283422459893
"28030",0.125834282923653
"28035",0.111701186050628
"28036",0.133618385889898
"28040",0.102020519262982
"28042",0.0941096398960525
"28064",0.118539401261914
"28071",0.182196669310071
"28075",0.124268446097468
"28077",0.131666666666667
"28080",0.143466366269714
"28081",0.112153518123667
"28084",0.112589559877175
"28088",0.089219998204829
"28105",0.291734860883797
"28106",0.134496546710287
"28109",0.127402135231317
"28113",0.157483639434241
"28114",0.0946745562130178
"28126",0.163045605793697
"28135",0.111905043108539
"28146",0.163445924001299
"28169",0.0844131803035913
"28185",0.125667828106853
"28193",0.112468559108875
"28199",0.112903225806452
"28200",0.1904
"28240",0.154180238870793
"28250",0.270149395756019
"28253",0.950441655044166
"28295",0.126833885470894
"29805",0.228198370867274
"29806",0.181818181818182
"29807",0.285234899328859
"29808",0.132757379409647
"29809",0.108610567514677
"29810",0.258296588535623
"29811",0.0961862976712791
"29812",0.0992592592592593
"29813",0.134692828378031
"29815",0.185881157948197
"29816",0.119746689694876
"29817",0.463458110516934
"29818",1.20195838433293
"29819",0.121763255240444
"29820",0.0933597621407334
"29856",0.217428127793723
"29857",0.213711990820425
"29858",0.122650840751731
"29859",0.146946564885496
"29861",0.155022781514428
"29862",0.540112994350283
"29863",0.288456952062962
"29864",0.161112535247372
"29867",0.194379391100703
"29869",0.0885403491019479
"29870",0.375176703420978
"29871",0.0899261603375528
"29873",0.136021449932969
"29875",0.13861506632591
"29876",0.172912165685763
"29877",0.135214266702156
"30044",0.471672458075238
"30045",0.204441391941392
"30046",0.113987967339923
"30049",0.323884667835574
"30050",0.104312938816449
"30051",0.706043956043956
"30052",0.289741015860269
"30054",1.17291001735819
"30055",0.168371886120996
"30056",0.12939712702183
"30057",0.101058086806305
"30058",0.193794506612411
"30059",0.131470780961458
"30060",0.597290285384837
"30785",0.128497009453984
"30791",0.126217616580311
"30794",0.274563204424519
"30795",0.120338983050847
"30805",0.216542024779551
"30806",0.346307296746165
"30838",0.131617219313554
"30839",0.0949826443673083
"30840",0.1414223669924
"30841",0.125929978118162
"30843",0.164259321464562
"30853",0.131210191082803
"30877",0.116009280742459
"30878",0.281295311744804
"30924",0.584983268265477
"30925",0.694865100087032
"30926",0.209794348276372
"30928",0.0975943138326955
"30930",0.113456790123457
"30931",0.11472602739726
"30932",0.138433171008463
"30933",0.180653427290199
"30934",0.126623376623377
"30935",0.172407932011331
"30937",0.225299710624225
"30938",0.199324746780042
"30939",0.200873362445415
"30940",0.108552631578947
"30941",0.128749797308254
"30942",1.05430601282273
"30944",0.104854368932039
"30945",0.138678223185265
"30946",0.135860058309038
"30947",0.186993751446424
"30948",0.086964999512528
"30949",0.104794134235759
"30951",0.172065563582692
"30953",0.0948295672156262
"30954",0.260978855537483
"30955",0.324018673154054
"30956",0.217213784092765
"30957",0.0808457711442786
"30959",0.155112219451372
"30960",0.124919811045664
"30963",0.178126442085833
"50490",0.951720341315717
"50492",0.132517838939857
"50493",0.154306220095694
"50496",0.109056295893391
"50497",0.113300492610837
"50498",0.452978939069715
"50500",0.193173565722585
"50501",0.868568589880065
"50505",0.106573069559668
"50518",0.354166666666667
"50523",0.232643271901035
"50524",0.112323943661972
"50525",0.166851441241685
"50527",0.0950819672131148
"50528",0.947999144018832
"50529",0.11657659644866
"50530",0.848260750479321
"50540",0.458333333333333
"50706",0.648853583679365
"50708",0.608010118043845
"50709",0.916645585631166
"50720",0.114543114543115
"50721",0.153082549634274
"50722",0.425058004640371
"50723",0.255284784570804
"50724",0.126275730842415
"50753",0.12750074649149
"50754",0.117617804301877
"50755",0.0978021978021978
"50758",0.0942462692522544
"50759",0.18504631671813
"50760",0.427689384944194
"50762",0.15406162464986
"50764",1.24180100055586
"50765",0.258064516129032
"50766",0.155445355712378
"50767",0.112642482555368
"50768",0.187758199140039
"50769",0.129815819912804
"50770",0.0878390679046059
"50771",0.0933852140077821
"50772",0.1330329618212
"50773",0.143674052894925
"50776",0.333558081294548
"50778",1.24727272727273
"50779",0.167391103301581
"50780",0.287037037037037
"50781",0.219685438863521
"50782",0.112625438863241
"50783",0.19889080130044
"50784",0.358797691843941
"50785",0.130957314546208
"50786",0.261271458215431
"50787",0.161784287616511
"50788",0.47488138431482
"50789",0.10028328611898
"50790",0.139030612244898
"50791",0.117277486910995
"50793",0.0876543209876543
"50794",0.171840031137491
"50795",0.275616275616276
"50797",0.0956215740678081
"50798",0.0973939340033799
"50799",0.426971623801841
"50817",0.175898203592814
"50849",0.0911985630306989
"50850",0.0951704545454545
"50868",0.103679609676764
"50873",0.187182571504945
"50874",0.577878970757667
"50875",0.110790071996969
"50876",0.0819305824519589
"50877",0.245454545454545
"50878",0.295081967213115
"50880",0.165567416876317
"50883",0.394871794871795
"50884",0.0801947586996993
"50887",0.162813495629442
"50905",0.407438114414308
"50907",0.105225737646641
"50908",0.464263517712865
"50909",0.283154398702402
"50911",0.112391395251591
"50912",0.122430122430122
"50913",0.185573935678898
"50914",0.215103165984462
"50915",0.105276073619632
"50917",0.176145339652449
"50918",0.252229090312346
"50926",0.155572755417957
"50927",0.127255756067206
"50928",0.58600583090379
"50931",0.457559416816457
"50932",0.0995901388634
"50933",0.143215360366815
"50934",0.130052221188926
"50935",0.099060014461316
"50994",0.407105218425973
"50995",0.0906252869341658
"50996",0.152942993974973
"50997",0.111154849185652
"51786",0.0883661439216995
"51788",0.12606695408119
"51789",0.123172028715767
"51791",0.241074966677474
"51792",0.104166666666667
"51793",0.248289887224995
"51795",0.634757422157857
"51796",0.100427269633607
"51797",0.106443113772455
"51798",0.10547087642896
"51799",0.0955171403457369
"51800",0.229111434191397
"51801",0.19360786724032
"51810",0.100764609503004
"51812",0.091874637260592
"51813",0.105966939927429
"51869",0.119815668202765
"51875",0.194471153846154
"51885",0.128936486056622
"51886",0.0938839111803662
"51897",0.0916636152813377
"51902",0.103972366148532
"51938",0.139126772427348
"51944",0.471025062988994
"51960",0.154893502291723
"52004",0.247427293064877
"52009",0.218447805603769
"52013",0.120540997464074
"52014",0.110699778908941
"52020",0.331632653061224
"52023",0.128372853638594
"52028",0.141677995727326
"52033",0.515391213189746
"52036",0.0921334557698194
"52040",0.118777424723861
"52055",0.122969837587007
"52064",0.128094302554028
"52065",0.0998257406024396
"52076",0.199316451763244
"52118",0.197686116700201
"52120",0.11644591611479
"52123",0.100663210855313
"52132",0.126015383509453
"52150",0.272657039282106
"52163",0.183138895003302
"52174",0.101609657947686
"52184",0.123055934515689
"52187",0.0863788454666537
"52202",0.137392661982826
"52206",0.0943593314763231
"52231",0.144686423824999
"52245",0.158483672071249
"52250",0.122843121735001
"52276",0.45970695970696
"52285",1.17027816197941
"52323",0.0923254472013849
"52331",0.339350180505415
"52335",0.0939879233394592
"52348",0.100444225074038
"52357",0.11112023653088
"52372",0.726214865197083
"52377",0.209445585215606
"52389",0.195200498649491
"52392",0.121121393576483
"52397",0.10036832412523
"52398",0.127200704225352
"52401",0.860488669451829
"52428",0.274866446196896
"52430",0.163414253376005
"52432",0.14992774566474
"52440",0.114897178383549
"52443",0.115254237288136
"52463",0.159519533004041
"52466",0.294734275962945
"52468",0.13102119460501
"52469",0.122294004306925
"52477",0.0918023582257159
"52480",0.124418839700829
"52502",0.10917664127675
"52504",0.191338535771728
"52513",0.101665709362435
"52521",0.157480848756017
"52530",0.154193436360479
"52535",0.14537663789356
"52538",0.323645609231371
"52551",0.112281700835232
"52552",0.178694158075601
"52563",0.106856084002471
"52570",0.464166918657393
"52575",0.164383561643836
"52585",0.104804270462633
"52588",0.149983803045028
"52589",0.114911641464748
"52592",0.0979810465595385
"52609",0.13047068538398
"52614",1.22311369067941
"52615",0.10489057281021
"52626",0.100717948717949
"52633",0.180011357183419
"52635",0.0972449217837964
"52637",0.116117000392619
"52639",0.146090534979424
"52653",0.148043375766148
"52662",0.101491951315273
"52665",0.137490007993605
"52666",0.0925925925925926
"52668",0.480431335236283
"52670",0.384471817842478
"52679",0.65954475631895
"52683",0.101496792587313
"52685",0.627293208883167
"52686",0.123434107232337
"52690",0.0884109916367981
"52696",0.0988843813387424
"52700",0.128617021276596
"52705",0.094775
"52708",0.117790719519068
"52710",0.162066345910357
"52712",0.139495079161318
"52713",0.149253731343284
"52715",0.123748957464554
"52717",0.141977928692699
"52808",0.104065388108339
"52815",0.151918356801447
"52822",0.0891089108910891
"52829",0.163244561902826
"52830",0.108287122612446
"52837",0.110377664754897
"52838",0.13390868596882
"52840",0.10030959752322
"52846",0.104772353263851
"52850",0.115684968823779
"52855",0.177328471992045
"52856",0.179361179361179
"52857",0.0915878546540567
"52858",0.104661389621812
"52864",0.148242767382448
"52874",0.107557028163629
"52882",0.107625743645214
"52892",0.16480084562533
"52897",0.109552264657487
"52898",0.09375
"52906",0.119442797866034
"52915",0.100801650924677
"53310",0.128071319852142
"53311",0.80671155756706
"53312",0.0945971563981043
"53313",0.308328884143086
"53314",1.08562224482876
"53317",0.107848673066064
"53318",0.356930986751038
"53319",0.106156242314944
"53320",0.199165768901412
"53321",0.0945247326988603
"53322",0.161470298654414
"53323",0.0965505721206047
"53324",0.323041474654378
"53325",0.285604013894249
"53328",0.164926931106472
"53330",0.0987459513329458
"53331",0.119384546271339
"53332",0.0894558104862089
"53333",0.11686143572621
"53334",0.093121261555193
"53356",0.107204327514138
"53357",0.132874125097211
"53374",0.331408600516639
"53375",0.267342965467773
"53376",0.174593839594207
"53378",0.117974423744869
"53379",0.105327768229806
"53380",0.143791550503967
"53381",0.276985476906974
"53382",0.135371805914442
"53404",0.472055888223553
"53412",0.143337066069429
"53413",0.124585218702866
"53414",0.110658682634731
"53415",0.256053860354002
"53416",0.205073265136854
"53417",0.379577217052032
"53418",0.103884689752153
"53419",0.732195075936232
"53420",0.104127739086122
"53421",0.114130434782609
"53422",0.194356195103719
"53424",0.0874413380931371
"53598",0.135222769304672
"53599",0.158645392380332
"53600",0.109286813750641
"53601",0.45268691588785
"53602",0.215971762629605
"53603",0.896246390760347
"53604",0.293100833965125
"53605",0.136588041689523
"53607",0.119047619047619
"53608",0.253700867789689
"53609",0.119813742463137
"53610",0.0905562742561449
"53611",0.0957120980091884
"53612",0.10698282300224
"53614",0.232928759894459
"53618",0.0893730546909738
"53619",0.109844271412681
"53620",0.485871391477012
"53621",0.0912416315825799
"53623",0.0844881537773804
"53625",0.147332592386774
"53626",0.374885844748858
"53627",0.106792014365691
"53761",0.131826504198497
"53791",0.473684210526316
"53814",0.518558951965066
"53817",0.105337078651685
"53857",0.294955628211116
"53858",0.165525573902537
"53859",0.311151676070362
"53860",0.144063415474754
"53861",0.111111111111111
"53867",0.24932537411072
"53868",1.02567865003668
"53869",0.162414089347079
"53870",0.267497603068073
"53871",0.33551912568306
"53872",0.0842271293375394
"53881",0.21333749804779
"53883",0.11347941928117
"53885",0.123433708580294
"53886",0.15879917184265
"53890",0.118946474086661
"53892",0.141382868937049
"53893",0.126685151544125
"53895",0.112071124467819
"53896",0.245634595101371
"53897",0.304013308380121
"53901",0.163233747757778
"53902",0.116335845451651
"53945",0.141673807483576
"53951",0.122203440389778
"53970",0.111050413610114
"53972",0.17058539612494
"53975",0.156024716786818
"53978",0.525332305914082
"54003",0.106234096692112
"54004",0.159095848728537
"54006",0.110526315789474
"54120",0.556567328918322
"54122",0.118418825122736
"54123",0.399272825208726
"54124",0.411658653846154
"54125",0.22967032967033
"54126",0.122959183673469
"54127",0.20844386747192
"54128",0.160357294768184
"54130",0.0958207147183525
"54131",0.195026274887129
"54132",0.307195767195767
"54135",0.213011542497377
"54137",0.328075364223902
"54138",0.104923863510059
"54139",0.485319000696725
"54140",0.596971307120085
"54141",0.364686071686312
"54151",0.110740122426266
"54152",0.131255361738633
"54153",0.251154607433473
"54156",0.300753110674525
"54159",0.736867182846933
"54160",0.126593738211995
"54161",0.0941614906832298
"54167",0.780154486036839
"54169",0.134297520661157
"54170",0.092272688969411
"54188",0.164476665156321
"54189",0.0985501926959075
"54194",0.0969369150358576
"54195",0.0897861601806349
"54196",0.380867014341591
"54197",0.0952176710272357
"54198",0.107561235356763
"54199",0.581422222222222
"54200",0.197749581039023
"54201",0.12004048582996
"54204",0.530600118835413
"54208",0.173043793634962
"54214",0.0908069229040234
"54215",0.353892440767206
"54216",0.192926045016077
"54217",0.168678894822382
"54218",0.263679245283019
"54219",0.150976909413854
"54324",0.311386138613861
"54325",0.232989690721649
"54326",0.123492967180174
"54338",0.084393327747734
"54342",0.129362792187
"54343",0.108699426983851
"54351",0.110070850202429
"54353",0.209043250327654
"54354",0.205670757511638
"54357",0.143350524958556
"54364",0.148539246744104
"54366",0.270868736804161
"54367",0.113481699466618
"54368",0.715260763038152
"54369",0.255095923261391
"54371",0.14609032521154
"54373",0.517084282460137
"54375",0.110749728963389
"54376",0.194197292069632
"54377",0.129480060575467
"54378",0.359447567831826
"54380",0.114853195164076
"54381",0.354320160750167
"54383",0.130522388059701
"54384",0.147382920110193
"54387",0.13166144200627
"54391",0.151725835230419
"54392",0.547883843064566
"54393",0.0809720150890429
"54394",0.108757427021441
"54396",0.233839235525576
"54397",0.168539325842697
"54399",0.148463256407529
"54401",0.107486914966244
"54402",0.194059405940594
"54403",0.135159817351598
"54405",0.207785767418795
"54409",0.140179910044978
"54411",0.102794653705954
"54418",0.0955684406709464
"54422",1.3287221165485
"54426",0.677566024958886
"54427",0.786530738337967
"54445",0.15343045112782
"54446",0.103578059918703
"54447",0.239799331103679
"54451",0.096031357177854
"54473",0.105671991792467
"54484",0.0934694435583102
"54485",0.339900835073069
"54486",0.185270425776755
"54519",0.182731554160126
"54524",0.16721957287995
"54525",0.156632403328439
"54526",0.319605173587474
"54561",0.198394783044896
"54562",0.194305876627327
"54563",0.136128120584079
"54598",0.153664302600473
"54601",0.153838454609148
"54604",0.115354938271605
"54607",0.114597060314242
"54608",0.119913731128684
"54609",0.118347783181786
"54610",0.178772205981561
"54611",0.200833649109511
"54612",1.44102643376101
"54613",0.198144911950531
"54614",0.10231061041499
"54615",0.588848952397651
"54616",0.106522659889877
"54624",0.101630434782609
"54630",0.405024509803922
"54631",0.211092908963258
"54632",0.158471656749139
"54633",0.117742396796644
"54634",0.558191859275926
"54635",0.217137074103227
"54636",0.109056295893391
"54637",0.123481781376518
"54638",0.144827586206897
"54644",0.11507750117426
"54645",0.105006297229219
"54646",0.12696029362696
"54648",0.221595309215621
"54650",0.0993788819875776
"54651",0.193459608224057
"54652",0.503431322339445
"54667",0.109574835810577
"54670",0.563718539524991
"54672",1.00068331941386
"54673",0.0875810713427816
"54678",0.184658521930703
"54683",0.119912756972481
"54709",0.106472993935975
"54710",0.762103505843072
"54711",0.158138881079561
"54712",0.136809643958509
"54713",0.183563781370552
"54720",0.106414613423959
"54721",0.216403254465538
"54722",0.159642401021711
"54723",0.110639403916132
"54725",0.125455281262647
"55927",0.188463467647551
"55932",0.230339492909325
"55934",0.158843053579896
"55935",0.118324399444114
"55936",0.116827944300212
"55942",0.25433658816772
"55943",0.149037421587714
"55944",0.101875689591762
"55946",0.114953726254262
"55947",0.175750621533754
"55948",0.441023211747987
"55949",0.104574727218125
"55950",0.205747424911278
"55951",0.0987415295256534
"55960",0.147036181678214
"55961",0.797333333333333
"55963",0.129099110081677
"55978",0.111377168004142
"55979",0.107936507936508
"55980",0.101621854625788
"55981",0.177264876746742
"55982",0.1212375219081
"55983",0.205905252440558
"55984",0.170183736583591
"55987",0.457642725598527
"55988",0.0938367139563059
"55989",0.132887588800669
"55990",0.374152043058696
"55991",0.145658263305322
"55992",0.105070160856598
"55993",0.89555381451376
"55994",0.125340599455041
"56009",0.307594128908743
"56012",0.296475392220073
"56013",0.0816901408450704
"56014",0.984870848708487
"56016",0.340777893441847
"56017",0.166566806470941
"56018",0.163125204315136
"56030",0.126056734923915
"56031",0.179666624252449
"56032",0.116742081447964
"56036",0.116296296296296
"56040",0.182377837629858
"56041",0.101426533523538
"56043",0.119972849143051
"56044",0.123976090325437
"56045",0.148498635122839
"56046",0.109351574212894
"56047",0.523723288663528
"56048",0.13668430335097
"56050",0.393422277381322
"56055",0.0982215695872083
"56068",0.199167119319211
"56069",1.08884150675195
"56070",0.129458717884759
"56072",0.954253721152533
"56075",0.146940206908645
"56077",0.127996131795261
"56078",0.229815303430079
"56079",0.194248769661295
"56085",0.0938997125519004
"56086",0.0974350433044637
"56087",0.462064936148902
"56088",0.19425636236283
"56089",0.440387722132472
"56095",0.108731808731809
"56149",0.145357686453577
"56150",0.211586901763224
"56173",0.689369828134946
"56174",0.13617960986382
"56175",0.945750452079566
"56176",0.21661156650514
"56177",0.117207988702844
"56185",0.811722538477757
"56187",0.117460317460317
"56188",0.308863702412089
"56190",0.346960574868907
"56191",0.111667347772783
"56193",0.167888563049853
"56194",0.126120218579235
"56195",0.119453924914676
"56196",0.164742415797436
"56198",0.320976491862568
"56199",0.148052994811345
"56200",0.121614628255994
"56205",0.110398783005542
"56207",0.186835443037975
"56208",0.0889553648744391
"56209",0.143909693118832
"56210",0.112169485958285
"56212",0.17489160617723
"56213",0.133392520253024
"56214",0.10833848903554
"56215",0.133730484798685
"56216",0.0800884955752212
"56217",0.100223713646532
"56218",0.121979734996103
"56219",0.132519616390584
"56220",0.136894564709547
"56221",0.976463488231744
"56222",0.593640350877193
"56224",0.113880967712262
"56226",0.260683149921395
"56228",0.154058313632782
"56229",0.1982421875
"56233",0.181431909921394
"56248",0.0935332289102707
"56249",0.0961670559142739
"56258",0.0952380952380952
"56264",0.184122058443238
"56273",0.111072783718524
"56274",0.123203719357566
"56275",0.139052848318463
"56277",0.530612244897959
"56278",0.168431183830606
"56279",0.120818505338078
"56280",0.1
"56282",0.131576425491136
"56284",0.104621904383525
"56289",0.157168299198575
"56291",0.155013423602194
"56292",0.124646015771359
"56293",0.660684895142023
"56294",0.103906050548889
"56295",0.147879733898242
"56296",0.604972726119498
"56297",0.140524166995917
"56298",0.0936525116190234
"56299",0.152991829345858
"56305",0.0920695707675124
"56306",0.299479796757803
"56307",0.0843602382419388
"56309",0.167111111111111
"56310",0.18001249219238
"56312",0.328332618945564
"56314",0.131437706977275
"56315",0.48535054063481
"56316",0.10752688172043
"56317",0.111440291704649
"56318",0.732238010657194
"56320",0.149427769380263
"56321",0.103436543041851
"56322",0.141099720410065
"56323",0.16570367313248
"56324",0.111453518233179
"56325",0.124060508039197
"56327",0.141812865497076
"56330",0.188957639219419
"56332",0.17622591943958
"56334",0.0891238670694864
"56335",0.164969450101833
"56336",0.217391304347826
"56338",0.185404924354791
"56347",0.0865639936271907
"56348",0.157169961441949
"56349",0.300842358604091
"56350",0.108253836582331
"56351",0.149753595494318
"56353",0.0901015228426396
"56354",0.0947986577181208
"56356",0.126652791380999
"56357",0.112285012285012
"56358",0.401891252955083
"56360",0.194138039710054
"56361",0.169401744910677
"56363",0.167621857799467
"56364",0.117054532823897
"56367",0.167332268370607
"56368",0.191555858620298
"56369",0.161874959254189
"56370",0.100374064837905
"56371",0.10412147505423
"56372",0.0914897614127372
"56373",0.961881868131868
"56374",0.135762065741207
"56375",0.163450437077354
"56376",0.100859788359788
"56378",0.123143315937375
"56380",0.221152514198642
"56381",0.166312972873224
"56382",0.126617375231054
"56384",0.0914083954491958
"56386",0.0916377557124058
"56389",0.0985091526703152
"56390",0.17749655760278
"56392",0.124334784712143
"56395",0.130124281209423
"56397",0.105195965785778
"56398",0.12313003452244
"56399",0.0982975514901385
"56401",0.164303844487092
"56403",0.109923011120616
"56404",0.0964882372996931
"56405",0.163846954711088
"56406",0.112343009614942
"56407",0.0910518053375196
"56409",0.0885255560465459
"56410",0.655987923515599
"56412",0.138691322901849
"56417",0.13341792803408
"56418",0.0997707328642581
"56419",0.376489163197933
"56420",0.1347063532494
"56421",0.128587830080367
"56422",0.105296009987036
"56424",0.111008325624422
"56426",0.160105855110817
"56427",0.232647082756937
"56428",0.10030618968257
"56430",0.0837978089563713
"56431",0.161913276709879
"56433",0.120780487804878
"56434",0.167887601137109
"56436",0.105154510196422
"56437",0.764265044149291
"56438",0.098864916385062
"56440",0.119864071671301
"56441",0.173536494998147
"56442",0.115732568402471
"56443",0.116794472065391
"56444",0.113560246125088
"56445",0.106545597073426
"56447",0.124286788447079
"56448",0.113142857142857
"56449",0.141969887076537
"56451",0.132903805813605
"56452",0.12239284895714
"56453",0.0930232558139535
"56454",0.1446869556307
"56455",0.145072233567809
"56456",0.154086088583905
"56457",0.0875486381322957
"56458",0.169724770642202
"56459",0.117674794557457
"56460",0.904291297159176
"56461",0.115491719185109
"56462",0.114276865902756
"56463",0.102712160979878
"56464",0.103444003964321
"56468",0.0855153435623749
"56469",0.0918266048974189
"56470",0.143780125115373
"56471",0.0998307952622673
"56473",0.11607731166264
"56480",0.0943978826643141
"56484",0.186652197504069
"56485",0.231328020311729
"56486",0.099399235390497
"56488",0.205029756191208
"56489",0.402087912087912
"56490",0.202803142917817
"56491",0.094231174857625
"56494",0.0975911906400551
"56495",0.118900077459334
"56496",0.152623285131628
"56501",0.296124684077506
"56503",0.148576984267279
"56504",0.26431718061674
"56505",0.127067365873336
"56506",0.214586994727592
"56508",0.127989760819134
"56513",0.156593902219015
"56515",0.131726798889867
"56516",0.142162818955043
"56517",0.249871200412159
"56520",0.319708753930167
"56522",0.645210420841683
"56524",0.0948275862068965
"56525",0.143522833178006
"56526",0.150404448938322
"56527",0.127563649222065
"56529",0.136113695964808
"56530",0.138793273986152
"56531",0.106020942408377
"56532",0.719398853074946
"56533",0.10261337432744
"56534",0.59823431507345
"56535",0.134979793444095
"56538",0.58392148213498
"56541",0.14830736163353
"56542",0.104056841622737
"56543",0.134464751958225
"56544",0.271644525881814
"56546",0.487678608407538
"56550",0.1226826608506
"56551",0.104469987228608
"56612",0.106552059682128
"56613",0.116910785619174
"56615",0.342852314971274
"56620",0.839650145772595
"56622",0.259030837004405
"56626",0.16875
"56629",0.979825474341526
"56631",0.243055555555556
"56632",0.151257361877162
"56637",0.0875312611647017
"56642",0.736580516898608
"56643",0.935239206534422
"56644",0.763245033112583
"56690",0.140495867768595
"56692",0.113640786145164
"56693",0.285327249393983
"56695",0.11962708005854
"56697",0.085041761579347
"56698",0.097165991902834
"56699",0.239190432382705
"56700",0.136631632914637
"56703",0.146614821591949
"56705",0.108766564729867
"56706",0.111111111111111
"56707",0.144663443659353
"56708",0.454000272590977
"56709",0.108443485298085
"56710",0.117002781641168
"56711",0.193143312736695
"56715",0.107390300230947
"56716",0.128010847025044
"56717",0.0910212897253934
"56720",0.223424850404787
"56722",0.261168384879725
"56724",0.15231885119789
"56726",0.193553991833898
"56734",0.813361611876988
"56736",0.125692938057363
"56737",0.104946136916483
"56738",0.168964328795451
"56739",0.327902240325866
"56741",0.107514776245426
"56742",0.225710785893882
"56743",0.349153084052413
"56744",1.10872354073124
"56745",0.32
"56747",0.151329243353783
"56748",0.123516201475778
"56749",0.152679777811139
"56752",0.125112309074573
"56758",0.124584717607973
"56760",1.11538461538462
"56771",0.140820226370719
"56772",0.116089613034623
"56773",0.517479403250946
"56784",0.098974358974359
"56786",0.137404580152672
"56788",0.335995571722284
"56790",0.106612941455321
"56791",0.229641065225782
"56792",0.284451901565996
"56794",0.194573901464714
"56795",0.122645773692934
"56805",0.101041725963454
"56807",0.0976711852624261
"56808",0.171547860256646
"56809",0.106204379562044
"56811",0.701410410473721
"56812",0.116374871266735
"56838",0.358769299122515
"56839",0.0975111441307578
"56844",0.142231443061319
"56846",0.143631833504324
"56847",0.628259838786155
"56856",0.605186640471513
"56857",0.527662474443963
"56860",0.795749704840614
"56869",0.18008834522596
"56873",0.105796576865402
"56874",0.13855421686747
"56876",0.098120764017252
"56878",0.258507462686567
"57028",0.0931628135759961
"57080",0.186223712282841
"57138",0.10061832490163
"57170",0.141210191082803
"57230",0.119135901982911
"57247",0.120433701228043
"57248",1.1994750656168
"57249",0.633012248781068
"57257",0.186046511627907
"57258",0.131886087768441
"57259",0.136285784193785
"57260",1.06969067955218
"57261",0.125937623371496
"57264",0.640163562017265
"57265",0.267070882055724
"57266",0.117429837518464
"57267",0.183929117018026
"57274",0.623625599097829
"57275",0.216529429704178
"57276",0.29707230380694
"57278",0.344851416724257
"57279",0.169859733150872
"57294",0.292489400363416
"57295",0.120994659546061
"57296",0.109195402298851
"57312",0.131346578366446
"57314",0.105977476176725
"57315",0.186612576064909
"57316",0.14056956262363
"57317",0.0919016424570398
"57319",0.153883999344011
"57320",0.117453121780342
"57321",0.102469135802469
"57330",0.126958863858962
"57339",0.184666772705583
"57340",0.114363719096011
"57342",0.126207126207126
"57344",0.181978798586572
"57349",0.926719965582763
"57354",0.111712757042481
"57355",0.872002230897936
"57357",0.151769087523277
"57370",0.14435261707989
"57373",0.462304409672831
"57376",0.09882284551664
"57377",0.143291139240506
"57385",0.745122075799367
"57423",0.186235741444867
"57429",0.602455871066769
"57431",0.191767881241565
"57432",0.188717091516924
"57434",0.196527521241226
"57435",0.368860404997846
"57436",0.107958209725268
"57437",0.11371237458194
"57438",0.101229020747985
"57439",0.124579124579125
"57440",0.182552504038772
"57441",0.391012314089237
"57442",0.648303114830311
"57443",0.103017745191797
"57444",0.592120245957641
"57738",0.207894736842105
"57740",0.20318591957224
"57741",0.0876587942550312
"57742",0.406095420456359
"57743",0.0910871694417238
"57745",0.13677130044843
"57746",0.304904372270468
"57748",0.0984933035714286
"57749",0.735387212492087
"57750",0.101185492045304
"57751",0.103114044132811
"57752",0.0987403494514425
"57753",0.130541202066902
"57754",0.129770992366412
"57755",0.780179314761447
"57756",1.28937841793114
"57764",0.345023462583354
"57765",0.719623374682409
"57773",0.152342627191722
"57775",0.0966763005780347
"57776",0.0923482849604222
"57778",0.116309504335024
"57780",0.211251621271077
"57781",0.905940594059406
"57782",0.142932862190813
"57783",0.112192797331336
"57784",0.139275147928994
"57785",0.223263213717518
"57808",0.171082282721238
"57810",0.240080971659919
"57813",0.134768954688201
"57814",0.520964166974511
"57815",0.138389545169206
"57816",0.195883025649404
"57837",0.156927551560021
"57869",0.120859444941808
"57874",0.101920693928129
"57875",0.404141616566466
"57890",1.11060638073104
"57895",0.14583218858179
"57896",0.152313913434177
"57905",0.124895455812657
"57908",0.100900640562539
"57911",1.18992911268638
"57912",0.107756973633932
"57913",0.278504868600147
"57914",0.23611752038148
"57915",0.112799810021373
"57916",0.466221232368226
"58172",0.116826370256803
"58175",0.155458314140949
"58178",0.212857914640735
"58180",0.202380952380952
"58182",0.6998730964467
"58184",0.106918238993711
"58185",0.759210209487118
"58186",0.156485355648536
"58187",0.125978382407752
"58188",0.199108469539376
"58193",0.0891670159889814
"58194",0.185087173100872
"58198",0.123602082627314
"58200",0.128207051762941
"58202",0.119984012789768
"58205",0.808333333333333
"58206",0.195649161701538
"58207",0.557976653696498
"58208",0.263157894736842
"58212",0.118376276130287
"58220",0.185158087274628
"58222",0.252561154087393
"58223",0.317603842893473
"58226",0.236047575480329
"58227",0.177109742846795
"58229",0.15001822821728
"58230",0.121429353179381
"58231",0.109058188362328
"58233",0.137784522003035
"58234",0.0997259439707674
"58235",0.165119196988708
"58237",0.17047619047619
"58238",0.179451632778805
"58239",0.151179516685846
"58240",0.145391304347826
"58242",0.116968054614623
"58243",0.173203883495146
"58244",0.0933195592286501
"58245",0.139356678250022
"58246",0.0934497816593886
"58248",0.148104265402844
"58249",0.126564989756431
"58250",0.122032764961551
"58251",0.61969696969697
"58520",0.0977035490605428
"58521",0.147468818782098
"58523",0.0859142153686666
"58799",0.100240818783865
"58800",0.101850481125093
"58801",0.491096394407653
"58802",0.126391720244629
"58804",0.70054810875346
"58805",0.265518596123625
"58807",0.241970213529517
"58809",0.148771021992238
"58810",0.109331535024867
"58859",0.311245740249905
"58861",0.419149447381067
"58864",1.10609086370444
"58867",0.645195195195195
"58869",0.145723661721474
"58875",0.128580134064595
"58887",0.125748502994012
"58894",0.20179494152842
"58909",0.155324482406462
"58911",0.118340073852646
"58988",0.139727649496744
"58991",0.384831460674157
"58992",1.0048465266559
"58994",0.109953840691206
"58996",0.130679933665008
"58998",0.242203439230545
"59001",0.154965753424658
"59002",0.126422579176692
"59003",0.100634294547199
"59004",0.147310145625226
"59005",0.133877656817004
"59007",0.117245359238242
"59008",0.096674182638106
"59009",0.238952536824877
"59010",0.254256462469597
"59011",1.1779966370406
"59012",0.153556424742865
"59013",0.122292374939291
"59014",0.123539232053422
"59015",0.120967741935484
"59016",0.141144158628081
"59020",0.513651877133106
"59021",0.11063829787234
"59022",0.166935583964255
"59024",0.153416512769695
"59025",0.132808022922636
"59026",0.114941095805024
"59027",0.114381067961165
"59028",0.139309764309764
"59029",0.0933472027497626
"59030",0.146266829865361
"59031",0.163111938162038
"59032",0.173333333333333
"59033",0.138036598789213
"59035",0.0892876742399298
"59036",0.275286170013136
"59038",0.131794871794872
"59040",0.090788267644363
"59041",0.105217391304348
"59042",0.109266202463846
"59043",0.092087617344658
"59044",0.0837751855779428
"59045",0.158862229102167
"59046",0.103041216486595
"59047",0.124747219413549
"59048",0.166821016237575
"59049",0.120743899881144
"59050",0.104927408710955
"59052",0.110721418481173
"59053",0.2008218593233
"59054",0.136679675234379
"59056",0.147563559322034
"59057",0.0987460815047022
"59058",0.153590873736064
"59069",0.0885617214043035
"59079",0.122931985294118
"59083",0.71594926180079
"59090",0.129565217391304
"59091",0.922225837943378
"59092",0.0956323742496378
"59093",0.116279069767442
"59095",0.182497331910352
"59125",0.103687605159843
"59126",0.124537409493162
"59287",0.106683804627249
"59288",0.108537392455328
"59289",0.766430171769978
"59308",0.27453154451713
"60315",0.125191619826265
"60321",0.0853714390400293
"60322",0.322815210140093
"60344",0.343100852985449
"60345",0.305681515070685
"60364",0.119348742549789
"60365",0.0935672514619883
"60367",0.255938498747517
"60406",0.293729372937294
"60409",0.125227331774487
"60411",0.320869171570847
"60425",0.282464076636509
"60440",0.321795565170362
"60441",0.114271701814615
"60455",0.119132149901381
"60504",0.352438411261941
"60507",0.224238943136129
"60510",0.401347896816175
"60525",0.125153374233129
"60527",0.151932954852663
"60530",0.405823661168805
"60532",0.0999707687810582
"60533",0.294048509456138
"60534",0.175070028011204
"60594",0.842987804878049
"60595",0.1
"60596",0.121570540178027
"60597",0.0864543227161358
"60599",0.107270693512304
"60611",0.126046811251879
"60613",0.222135007849294
"63828",0.144725520564447
"63830",0.161309523809524
"63856",0.144620284662088
"63857",0.514136374435733
"63872",0.465943907612538
"63873",1.51278698052892
"63913",0.364791288566243
"63953",0.270422649468646
"63954",0.840095465393795
"63955",0.267130540009076
"63958",0.0882094148702156
"63959",0.192281185389387
"63985",0.112331288343558
"63986",0.850548511183929
"63993",0.505647058823529
"64008",0.301928240175738
"64009",0.17139090309822
"64010",0.119485294117647
"64011",0.113734410542003
"64050",0.164251207729469
"64051",0.0852375770765325
"64058",0.71181921205253
"64074",0.189505637467476
"64075",0.214477867449254
"64082",0.722262907359941
"64085",0.0958883994126285
"64095",0.372948328267477
"64099",0.283179297597043
"64103",1.01843134125908
"64113",0.246910806560324
"64136",0.346394904458599
"64138",0.14680140756113
"64143",0.141153081510934
"64144",0.129756871035941
"64176",0.285117325618772
"64177",0.318181818181818
"64209",0.131578947368421
"64213",0.172305140961857
"64242",0.566828816307621
"64291",0.225474929928371
"64292",0.252216891990115
"64293",0.275300243554212
"64294",0.146054944038479
"64295",0.168017658027933
"64296",0.135205442902882
"64297",0.163636363636364
"64337",0.261427837699024
"64339",0.1008348552048
"64340",0.136711782604134
"64378",0.778688524590164
"64379",0.754406706792777
"64380",1.24317351107289
"64383",0.105463076751201
"64384",0.151565074135091
"64385",0.205483977535514
"64424",0.188592456301748
"64436",0.106960556844548
"64450",0.0923482849604222
"64451",0.114218009478673
"64453",0.112451529513141
"64540",0.159697280656747
"64580",0.148735533647664
"64602",0.0902075969532533
"64652",0.102896007020623
"64654",0.483897202342225
"64655",0.144491579894588
"64656",0.111865618298785
"64657",0.154832466432805
"64658",0.118873826903024
"64659",0.201262870470448
"64660",0.242883419462205
"64685",0.349910661107802
"64704",0.133709390995508
"64706",0.217795907960992
"64707",0.182157200229489
"64817",0.5766541910882
"64833",0.817153628652215
"64898",0.113487738419619
"64899",0.399484536082474
"64918",0.839069111424542
"64929",0.298243474018053
"64930",0.0927780144865786
"64933",0.0936944937833037
"64934",0.116552399608227
"64945",0.139625802848366
"65019",0.256830601092896
"65020",0.128440366972477
"65079",0.149247822644497
"65086",1.14089870525514
"65098",0.108712637006942
"65099",0.140822140822141
"65100",0.290322580645161
"65102",0.13592039800995
"65103",0.164626974792587
"65105",0.170984455958549
"65106",0.0937098844672657
"65107",0.186843129622421
"65111",0.106182709045194
"65112",0.202417854928704
"65113",0.156611868332131
"65114",0.108103284150405
"65115",0.251110543783508
"65116",0.272727272727273
"65221",0.31489250131096
"65246",0.102517623363545
"65247",0.1158183779543
"65254",0.190995907230559
"65255",0.71000680735194
"65256",0.457123715944618
"65257",0.151804804427116
"65945",0.0910545260631916
"65960",0.125973586183542
"65961",0.12278211497516
"65962",0.147343991748324
"65963",0.199152928317697
"65964",0.155023286759814
"65967",0.154414177879882
"65969",0.27555988315482
"65970",0.140566517258907
"65971",0.234603871482738
"65972",0.396796116504854
"65973",0.145512945298813
"66011",0.153181189488243
"66039",0.50578231292517
"66042",1.1578022572143
"66043",0.143590731112395
"66044",0.115884115884116
"66046",0.135195767195767
"66047",0.200715015321757
"66048",0.139213602550478
"66049",0.143916913946588
"66050",0.206349206349206
"66052",0.141750371604883
"66053",0.100542138984722
"66054",0.101674890541386
"66055",0.123845646437995
"66056",0.232078016391742
"66058",0.263929618768328
"66059",0.151754385964912
"66060",0.149603324518323
"66061",0.164041459234473
"66066",0.53765690376569
"66067",0.136542157600067
"66069",0.119016083254494
"66070",0.0965849255303144
"66071",0.226309806758293
"66072",0.102184087363495
"66073",0.127653746062183
"66074",0.0896146788990826
"66075",0.0956230511606421
"66077",0.146888567293777
"66078",0.11702791529725
"66079",0.155649196734264
"66082",0.110441103584999
"66083",0.145606218598919
"66084",0.143448990160539
"66085",0.0950617283950617
"66086",0.115012305168171
"66087",0.0960669077757685
"66089",0.130741053817977
"66090",0.109875562615833
"66091",0.186587478346944
"66092",0.122117906944636
"66094",0.207627118644068
"66096",0.132147665273152
"66098",0.149025844930417
"66101",0.14543429844098
"66102",0.639267315397825
"66104",0.129678682483013
"66105",0.119722955145119
"66108",0.109750353273669
"66109",0.143544857768053
"66111",0.159294593813241
"66112",0.922649203014951
"66114",0.143018654607123
"66116",0.182457683007254
"66117",0.257051686101481
"66118",0.133333333333333
"66119",0.111809045226131
"66120",0.693901893544058
"66121",0.163154373641077
"66123",0.858687918030454
"66124",0.165995975855131
"66125",0.176225800615162
"66126",0.186058700209644
"66128",0.163380651945321
"66129",0.169253667871571
"66131",0.19142549697004
"66132",0.158747640025173
"66136",0.208156117087816
"66138",0.137124770267511
"66139",0.566110243785277
"66140",0.143832153690597
"66141",0.384884228920926
"66142",0.160026814786439
"66143",0.1499099727014
"66144",0.150928974600188
"66146",0.101439790575916
"66147",0.120882891125343
"66148",0.177989130434783
"66151",0.139052231061916
"66152",0.171120487576184
"66153",0.584255842558426
"66154",0.139480797033126
"66155",0.145056522519289
"66156",0.156238809024403
"66158",0.184113527460376
"66161",0.139822325222093
"66162",0.181010158013544
"66163",0.155
"66164",0.114752778225157
"66165",0.120876585928489
"66167",0.145334796926454
"66168",0.0943630214205186
"66169",0.14579159814621
"66170",0.21513353115727
"66171",0.190817431880677
"66172",0.252538930264049
"66174",0.274864624031805
"66175",0.545454545454545
"66176",0.217054263565891
"66177",0.120293847566575
"66179",0.268074735987002
"66180",0.242800397219464
"66181",0.193503920048247
"66183",0.46710837671557
"66184",0.217125860989355
"66185",0.0972222222222222
"66190",0.130221305059418
"66191",0.127507059590182
"66192",0.202040427154844
"66193",0.112379717804258
"66194",0.218693284936479
"66196",0.210262366045505
"66197",0.494438212750047
"66199",0.150641599522531
"66200",0.14415287072913
"66201",0.113337507827176
"66202",0.152965393027145
"66204",0.176009501187648
"66205",0.197209302325581
"66206",0.120542613473757
"66208",0.21503251831728
"66209",0.128846535636291
"66211",0.57711038961039
"66212",0.17954573257758
"66213",0.140965450824606
"66214",0.289855072463768
"66218",0.105353608999063
"66220",0.238802105808233
"66222",0.395280235988201
"66223",0.111111111111111
"66225",0.127457002457002
"66226",0.115761994779008
"66229",0.128449302023591
"66230",0.233742727860375
"66231",0.109374130737135
"66233",0.12739965095986
"66234",0.181968114348543
"66235",0.116268512739034
"66236",0.101654550012534
"66237",0.114684987118432
"66240",0.265397923875433
"66241",0.103315199702422
"66242",0.158342964900541
"66244",0.0973170731707317
"66245",0.118970690053081
"66246",0.177350427350427
"66248",0.130944096497332
"66249",0.136087366334059
"66251",0.14320193081255
"66253",0.165339578454333
"66254",0.115783343040186
"66255",0.345206292668448
"66256",0.112900019876764
"66257",0.103789126853377
"66258",0.110461956521739
"66259",0.103386325887258
"66260",0.842952275249723
"66262",0.132896583996256
"66263",0.258067885117493
"66264",0.23489932885906
"66266",0.0952552899545028
"66268",0.197975149562816
"66270",0.13537281317242
"66271",0.194005311749083
"66272",0.280822632842677
"66273",0.176795580110497
"66274",0.138243626062323
"66276",0.174492965466837
"66277",0.133872767857143
"66278",0.200581536224861
"66279",0.175177394830208
"66282",0.169492881139018
"66286",0.12046824495501
"66290",0.146007753200638
"66291",0.201547660921562
"66292",0.166340307121509
"66293",0.351841486622635
"66294",0.145038167938931
"66296",0.128846605590792
"66297",0.184210526315789
"66300",0.327020464793618
"66302",0.144430538172716
"66306",0.130554858147125
"66307",0.19453125
"66308",0.160336526771386
"66309",0.14671345660683
"66310",0.154736842105263
"66311",0.271791767554479
"66313",0.103846153846154
"66314",0.108742421279093
"66315",0.0975788701393984
"66317",0.11943793911007
"66320",0.193815866902049
"66323",0.288200723327306
"66329",0.460552201343192
"66330",0.667929457870673
"66333",0.173855046687417
"66335",0.129299452477889
"66336",0.29454806312769
"66337",0.245006128465896
"66338",0.915512608515916
"66340",0.148811842617842
"66341",0.459392945036916
"66343",0.171270718232044
"66349",0.112817904374364
"66350",0.137849779086892
"66352",0.102129391021294
"66353",0.389728821694264
"66354",0.107550376304928
"66355",0.162176274018379
"66356",0.12214498510427
"66357",0.112230125259646
"66358",0.147261782410806
"66359",0.386796250503192
"66361",0.1709896751448
"66362",0.182257617179761
"66364",0.300015617679213
"66365",0.147217806041335
"66366",0.100818280067933
"66367",0.138487311534405
"66368",0.154359141184125
"66369",0.161434977578475
"66371",0.927782819116758
"66373",0.281938821412506
"66374",0.15318796577422
"66375",0.132625395390872
"66377",0.200946665976928
"66379",0.169712970484701
"66381",0.190379746835443
"66383",0.187616560984707
"66384",0.146742826057392
"66385",0.110695587135378
"66387",0.262295081967213
"66388",0.188292319164802
"66390",0.158164165931156
"66391",1.43828905219521
"66394",0.108695652173913
"66395",0.138200861354308
"66396",0.142814478556923
"66397",0.106183949557444
"66398",0.17763277143375
"66399",0.187962340282448
"66400",0.255755027225187
"66401",0.178739184177998
"66402",0.82967032967033
"66403",0.172188139059305
"66404",0.110840210052513
"66405",0.150473672615113
"66406",0.215377417342483
"66407",0.169238552997723
"66408",0.103204419889503
"66409",0.0914819313695718
"66410",0.126033519553073
"66411",0.108770357089496
"66412",0.171582600074359
"66413",0.118835737462653
"66414",0.149068322981366
"66416",0.162226584408301
"66419",0.104105571847507
"66420",0.100746268656716
"66421",0.130189460606688
"66422",0.264513648596694
"66423",0.170762494576151
"66425",0.399925825194709
"66427",0.0926191329272662
"66431",0.347365455057763
"66432",0.138033238064994
"66433",0.120759616945301
"66435",0.128144601065624
"66437",0.121452223273415
"66439",0.173497417866169
"66440",0.136794582392777
"66441",0.238882554161916
"66442",0.454430379746835
"66443",0.133333333333333
"66445",0.119966176936899
"66446",0.169352417175458
"66447",0.173306772908367
"66448",0.104521868050408
"66449",0.177971869328494
"66454",0.169256198347107
"66455",0.191697830964847
"66456",0.217161417025455
"66457",0.220583736156152
"66459",0.128821850794945
"66460",0.132329209252286
"66461",0.135153315768821
"66462",0.226411068037131
"66464",0.154105392156863
"66467",0.109368572603867
"66469",0.170962777724344
"66471",0.088172426077663
"66475",0.114273220857778
"66477",0.177202878817351
"66480",0.0961492402267344
"66481",0.173632610939112
"66482",0.132599724896836
"66483",0.113315886098199
"66487",0.226203807390817
"66488",0.1188100805404
"66489",0.114051247697203
"66491",0.143478586964674
"66492",0.0945584299732382
"66493",0.146568160152526
"66494",0.11322634200332
"66495",0.1109375
"66496",0.132277397260274
"66497",0.212159863945578
"66498",0.120587362800356
"66500",0.110702033302652
"66503",0.814758347309041
"66505",0.0953386252322243
"66506",0.306147972617167
"66508",0.105600238308013
"66510",0.110071013557134
"66511",0.0950990521539913
"66513",0.118660519291434
"66514",0.0918981481481481
"66515",0.129179331306991
"66520",0.150839164518335
"66521",0.137806637806638
"66522",0.144491299500751
"66523",0.177240684793555
"66525",0.163366336633663
"66526",0.133735979292494
"66528",0.28253164556962
"66530",0.118097207859359
"66531",0.22323879231473
"66532",0.508180395504339
"66536",0.199302466639709
"66537",0.114729428760609
"66538",0.196698996086439
"66540",0.127798243128365
"66541",0.136277905421625
"66548",0.321666255854079
"66549",0.104353393085787
"66552",0.117473373405041
"66556",0.145096833691977
"66559",0.124156100773917
"66566",0.18193510091017
"66568",0.135584677419355
"66569",0.107824784724822
"66570",0.366605019815059
"66573",0.132884645484426
"66576",0.16668526163115
"66578",0.220775839625098
"66580",0.114919522975565
"66583",0.144311377245509
"66585",0.154513778904023
"66586",0.150144369586141
"66587",0.097742170429716
"66588",0.169241253975466
"66589",0.0869481022463207
"66590",0.119512814006597
"66591",0.189873417721519
"66592",0.108584005869406
"66593",0.114995563442768
"66594",0.140695915279879
"66595",0.155851970715074
"66596",0.148121674211739
"66597",0.151425762045231
"66599",0.303411725736999
"66602",0.125836253583944
"66603",0.219151977131968
"66606",0.109925677295613
"66609",0.0937421462679065
"66610",0.171102111657506
"66611",0.477014110150205
"66612",0.122967556530288
"66614",0.120559000098416
"66615",0.119332406119611
"66616",0.134889240506329
"66617",0.137680501316865
"66618",0.125
"66620",0.48575712143928
"66622",0.104395604395604
"66624",0.100817720732843
"66625",0.107015634276667
"66626",0.100954198473282
"66627",0.156458459672529
"66628",0.163378663091362
"66629",0.119079238601151
"66631",0.0997798122609804
"66632",0.123169107856192
"66634",0.227168234064786
"66637",0.133373703731739
"66641",0.110292965690114
"66642",0.169700910273082
"66643",0.101289348356371
"66645",0.124316793484085
"66646",0.111013319251306
"66647",0.130081300813008
"66648",0.112
"66653",0.142131979695431
"66656",0.103302286198137
"66658",0.332644628099174
"66659",0.17286084701815
"66660",0.113415594644264
"66661",0.103233830845771
"66662",0.278159629681582
"66663",0.136688201292078
"66664",0.194473349520176
"66665",0.111644657863145
"66667",0.162997191265743
"66671",0.1355587217586
"66673",0.198957994138717
"66674",0.160866859050529
"66676",0.119861030689056
"66679",0.108255877528704
"66680",0.140477727566172
"66681",0.143370912615416
"66682",0.127131782945736
"66684",0.136788048552754
"66686",0.181664619164619
"66687",0.107676130389064
"66689",0.107762856207009
"66690",0.115473441108545
"66691",0.0854963874765855
"66694",0.141970250850876
"66695",0.363259853039412
"66696",0.589152754918097
"66700",0.0975549922315807
"66701",0.22554347826087
"66704",0.113415710503089
"66705",0.385129310344828
"66706",0.153696917439103
"66707",0.576614102945552
"66711",0.121385571893812
"66713",0.105350944416896
"66714",0.156028368794326
"66715",0.304170905391658
"66716",0.919223695673217
"66717",0.302147449049378
"66720",0.386142467886337
"66722",1.26760563380282
"66724",0.104579207920792
"66725",0.107142857142857
"66727",0.811594202898551
"66729",0.278865883230741
"66730",0.269068052701559
"66733",0.31492092596837
"66734",0.190143559109741
"66736",0.154894817252321
"66737",0.561045584953778
"66743",0.100868055555556
"66748",0.528065861220999
"66752",0.125911199469848
"66753",0.138364779874214
"66756",0.110091743119266
"66757",0.181935483870968
"66758",1.15399239543726
"66765",0.630493806210758
"66766",0.361447138918584
"66768",0.201991302357519
"66769",0.815672832574907
"66771",0.121081392004602
"66774",0.542843465773097
"66775",0.168819794175608
"66776",0.142932012006289
"66779",0.342508513053349
"66783",1.32163742690058
"66784",0.707049387927395
"66787",0.152022566318569
"66789",0.229252577319588
"66790",0.248092630823086
"66793",0.217125771359501
"66795",0.18672224987556
"66797",0.19577752553916
"66799",0.0964781873173732
"66801",0.158166189111748
"66805",0.780635304602457
"66808",0.299734042553192
"66809",0.357356647763075
"66810",0.12282309807516
"66812",0.1426855632957
"66815",0.245819397993311
"66816",0.107765451664025
"66817",0.234991974317817
"66818",0.152455130375889
"66821",0.126614987080103
"66822",0.0996068152031455
"66824",0.355460385438972
"66826",0.121821460775473
"66827",0.104750071681162
"66830",0.0958237253394825
"66832",0.152859468979497
"66834",0.114864864864865
"66836",0.154250386398764
"66838",0.399790827393864
"66839",0.10958904109589
"66840",0.092378752886836
"66841",0.122369446609509
"66844",0.29700272479564
"66845",0.179982555604012
"66847",0.128762643086427
"66848",0.127693535514765
"66849",0.184561128526646
"66853",0.161134986796458
"66854",0.0925087983911513
"66855",0.107619795758052
"66857",0.868334503529064
"66859",0.634835175214886
"66860",0.159047005795235
"66861",0.114880631843475
"66863",0.108591885441527
"66864",0.239973844812555
"66865",0.0833333333333333
"66866",0.124293785310734
"66867",0.0936170212765958
"66868",0.110832970541286
"66869",0.126984126984127
"66870",0.0949003067484663
"66871",0.502462656439241
"66873",0.127051871306632
"66874",0.114861356319452
"66875",0.158703806185821
"66877",0.11617670177645
"66878",0.105946601941748
"66880",0.121571837904216
"66881",0.0969458583988894
"66882",0.11239300334946
"66884",0.0897555417443547
"66885",0.108341810783316
"66887",0.100377358490566
"66889",0.143392070484581
"66890",0.157258064516129
"66892",0.117062937062937
"66894",0.115122443827316
"66895",0.237016700983757
"66897",0.219960895840739
"66898",0.698713608666215
"66899",0.0929760454730004
"66901",0.158869847151459
"66902",0.175135135135135
"66904",0.0939925265881
"66905",0.190273912406621
"66910",0.333532695374801
"66911",0.148688389601223
"66912",0.103392568659128
"66913",0.131956558437904
"66914",0.116822429906542
"66915",0.214637579169599
"66916",0.12012291647267
"66917",0.10025527964725
"66921",0.101726427622842
"66922",0.134607325454698
"66923",0.0909090909090909
"66925",0.124725316359779
"66926",0.112589559877175
"66928",0.173297761280594
"66929",0.508986340762042
"66930",0.413793103448276
"66931",0.297632192369034
"66932",0.11455773955774
"66934",0.254433307632999
"66935",0.112984822934233
"66938",0.427210984792559
"66939",0.148148148148148
"66940",0.128318584070796
"66942",0.12206013694552
"66943",0.175091095954405
"66945",0.0884275278738947
"66948",0.201401479884353
"66949",0.233701657458564
"66950",0.150440251572327
"66952",0.387397899649942
"66953",0.405838353081353
"66958",0.109587228788146
"66959",0.239390069856531
"66960",0.0944477972238986
"66961",0.297304370583617
"66962",0.17398826538288
"66964",0.113720884713251
"66965",0.165384615384615
"66966",0.116266493618862
"66967",0.0923987882126136
"66968",0.360692913385827
"66970",0.0936866125760649
"66971",0.187095102358124
"66972",0.0984837849220834
"66973",0.133787465940055
"66975",0.105815361162175
"66977",0.389950980392157
"66978",0.104700162074554
"66979",0.204976101058382
"66980",0.106341989674039
"66983",0.181128257019985
"66985",0.546485614692264
"66988",0.118244762161676
"66989",0.117933196411199
"66990",0.15093984962406
"66991",0.497803963577932
"66993",0.112081835775505
"66994",0.114729829755736
"66995",0.112434325744308
"66997",0.111792639493471
"66998",0.0946795646916566
"66999",0.129279587034085
"67003",0.0979970688812897
"67005",0.126587715530466
"67006",0.105258418872681
"67008",0.121132516053707
"67009",0.235801404459776
"67010",0.100663285212641
"67011",0.137001078748652
"67013",0.174489795918367
"67014",0.134542705971277
"67015",0.12161854967038
"67016",0.152027174149719
"67017",0.173770491803279
"67019",0.153140319269284
"67020",0.309643723185973
"67023",0.117758568395511
"67025",0.117609663064209
"67026",0.160700079554495
"67027",0.091886082751209
"67028",0.142512077294686
"67030",0.226490377092787
"67031",0.114671163575042
"67035",0.0945730247406225
"67036",0.13035734164533
"67037",0.288201160541586
"67038",0.894859134475748
"67039",0.105524367423318
"67040",0.0832817975675118
"67041",0.100092735703246
"67042",0.189713322091062
"67043",0.159879429133858
"67044",0.111642361941191
"67045",0.116245487364621
"67046",0.185099111414901
"67048",0.150280084991308
"67049",0.159117305458769
"67050",0.11608359836438
"67052",0.460456942003515
"67053",0.124421419168542
"67054",0.102771051923594
"67057",0.144310179953056
"67059",0.155828220858896
"67062",0.146897374701671
"67063",0.105439773931473
"67064",0.116260162601626
"67065",0.162882696938424
"67067",0.18825601879037
"67068",0.123643227937706
"67070",0.0939086294416244
"67071",0.210693488618317
"67072",0.0918330308529945
"67073",0.277665995975855
"67074",0.114742934967654
"67075",0.13296270558258
"67077",0.410874053682037
"67078",0.121650694308625
"67080",0.207306125267592
"67081",1.26451349141455
"67087",0.104266826923077
"67088",0.211302211302211
"67089",0.103448275862069
"67091",0.300635248928941
"67092",0.160425361614545
"67095",0.108187430422022
"67096",0.117384588982324
"67097",0.119823987363195
"67099",0.190196717748071
"67101",0.320599695070303
"67102",0.200436849543878
"67103",0.30282675622726
"67105",0.135858234885337
"67106",0.132108678913211
"67109",0.193150227955076
"67111",0.113170086035738
"67112",0.425799228759796
"67115",0.114367352919628
"67116",0.0974610974610975
"67117",0.195972347460174
"67118",0.120810405202601
"67119",0.167970787689098
"67120",0.106361426256078
"67121",0.35553152039555
"67122",0.180470162748644
"67123",0.0994677312042582
"67125",0.108181000899011
"67126",0.204122403678453
"67128",0.0971449758991472
"67130",0.170558111275063
"67131",0.132313231323132
"67134",0.0912029087970912
"67136",0.13528990694345
"67138",0.171573875802998
"67139",0.11561600837039
"67141",0.349222533775172
"67143",0.0980891719745223
"67144",0.115091015854375
"67145",0.167047747141896
"67148",0.144137484985679
"67149",0.12613623611267
"67150",0.0923225391378941
"67151",0.130293159609121
"67153",0.184601611459266
"67154",0.146485227768884
"67155",0.130888650963597
"67157",0.119414893617021
"67158",0.166053921568627
"67160",0.0941922889214251
"67161",0.156526875369167
"67163",0.0884508205181133
"67164",0.228179961794348
"67166",0.121399176954733
"67168",0.224247721313522
"67169",0.554083885209713
"67170",0.301794606783802
"67171",0.134155455904335
"67177",0.634092827004219
"67178",0.151175406871609
"67179",0.100225127716685
"67180",0.103526734926052
"67181",0.110367253251721
"67184",0.139095349331068
"67186",0.116152777062851
"67187",0.119644263282227
"67188",0.291610587707492
"67194",0.310905423044974
"67196",0.453300987697106
"67197",0.154074074074074
"67198",0.187342682488314
"67199",0.144761459307764
"67200",0.183335348893458
"67201",0.11399772257602
"67203",0.184662847069193
"67204",0.100537503053995
"67205",0.170241376991864
"67207",0.168276563294357
"67210",0.117891241178912
"67211",0.111078286558346
"67212",0.161464110283632
"67213",0.128579195360638
"67216",0.103575106664705
"67217",0.28921568627451
"67219",0.314728994559742
"67220",0.174077481345191
"67222",0.123445244552511
"67223",0.15128449096099
"67224",0.1715374841169
"67225",0.136708505058074
"67226",0.101957831325301
"67228",0.122850890903407
"67229",0.105358160744822
"67230",0.102091199535289
"67231",0.101227206545102
"67235",0.180340632603406
"67236",0.106382978723404
"67238",0.125628140703518
"67239",0.119604895855701
"67241",0.112418300653595
"67242",0.238441780821918
"67245",0.103839953099809
"67246",0.166666666666667
"67247",0.220318868995408
"67248",0.184640704168054
"67249",0.11756077116513
"67252",0.111522198731501
"67254",0.0917286098371027
"67255",0.128774730996182
"67260",0.0989497866754184
"67261",0.448394891266828
"67263",0.134127916736612
"67264",0.134041229784965
"67266",0.124656781987919
"67267",0.1428475756764
"67268",0.213347921225383
"67269",0.0875182329652011
"67270",0.12319899770307
"67272",0.158566456104164
"67273",0.167657045840407
"67276",0.164239675340177
"67277",0.385650224215247
"67278",0.150580488650147
"67279",0.180912596401028
"67280",0.912922483055792
"67281",0.184192859322551
"67282",0.157005855894085
"67283",0.141503572538055
"67285",0.146813694063341
"67286",0.110169491525424
"67287",0.0880609033013689
"67288",0.155759570413996
"67289",0.821272885789015
"67290",0.224305437191069
"67291",0.146615824594852
"67292",0.159451722043897
"67293",0.271816605663649
"67295",0.184204909284952
"67296",0.186904005085823
"67298",0.109691808596918
"67299",0.132612966601179
"67300",0.0902255639097744
"67302",0.0891415994130594
"67303",0.632266325224072
"67304",0.456883355444433
"67305",0.277060967201812
"67306",0.140631953716066
"67307",0.407731958762887
"67308",0.180986798436463
"67311",0.158083260367747
"67313",0.298056508247591
"67317",0.672307057366901
"67325",0.371008684034736
"67326",0.156664656212304
"67329",0.662101759391346
"67330",0.342603858856249
"67331",0.741552172298552
"67332",0.102796376526191
"67333",0.123996431757359
"67337",0.115809255344139
"67338",0.179487179487179
"67339",1.06666666666667
"67341",0.538152610441767
"67342",0.479635306764343
"67343",1.14844533600802
"67344",0.871359223300971
"67345",0.128227960819234
"67349",0.381379523662233
"67350",0.907407407407407
"67356",0.363044566850275
"67358",0.427085795320255
"67367",0.11360378440367
"67369",0.126865671641791
"67370",0.145772932853995
"67371",0.10455241542531
"67374",0.111753006913533
"67375",0.77819660014782
"67378",0.116734143049933
"67379",0.1306266548985
"67381",0.131981580510992
"67382",0.127420362273579
"67383",0.127868068833652
"67384",0.108958014618392
"67387",0.131786582505225
"67388",0.116928856539094
"67389",0.226923306120017
"67390",0.173052362707535
"67391",0.162197054163488
"67392",0.115377003760142
"67393",0.106316054353296
"67394",0.337121212121212
"67397",0.113322959703815
"67398",0.09765625
"67399",0.130553335527244
"67405",1.13616233191078
"67412",0.134629455419672
"67414",0.13472706155633
"67416",0.115762273901809
"67417",0.187301832804887
"67418",0.117095508068033
"67419",0.168091686374386
"67420",0.111271308625223
"67422",0.108669108669109
"67425",0.227759276879163
"67426",0.111493461803166
"67427",0.12610472541507
"67429",0.118147794819109
"67430",0.430838178294574
"67432",0.299886835156545
"67433",0.0921326076199901
"67434",0.143060385709769
"67437",0.0923706518561824
"67439",0.100656342939186
"67440",0.102520831135956
"67441",0.227832512315271
"67442",0.159729929707732
"67443",0.109810126582278
"67444",0.165191740412979
"67445",0.144817128208831
"67446",0.21353507217017
"67448",0.110088781275222
"67451",0.118526040911069
"67452",0.10009789525208
"67453",0.157953696788648
"67454",0.165849499040716
"67455",0.181668042939719
"67456",0.11624649859944
"67457",0.191398682681131
"67458",0.0953456845910529
"67459",0.103748034247772
"67460",0.172710670493086
"67463",0.105592841163311
"67464",1.29702601240715
"67465",0.0989611809732094
"67466",0.101226456416995
"67467",0.104022988505747
"67468",0.121553455115334
"67469",0.13666205943331
"67471",0.113342686258584
"67472",0.192780337941628
"67473",0.723661485319516
"67474",0.108757508694278
"67475",0.134312072215058
"67477",0.400772430184195
"67480",0.135426889106968
"67483",0.511606456571868
"67484",0.181902876441132
"67486",0.182779456193353
"67487",0.0938103411285132
"67488",0.0948217474293455
"67489",0.137242809889555
"67490",0.116266522794713
"67492",0.205384615384615
"67493",0.126164596273292
"67495",0.0892686042797828
"67498",0.258081896551724
"67500",0.104637711641603
"67501",0.120754716981132
"67503",0.938494167550371
"67507",1.1597776383036
"67509",0.280676240683512
"67510",0.151511572980633
"67511",0.138162219008808
"67512",0.510426839777101
"67513",0.223047436511739
"67515",0.0923442763722835
"67516",0.12936760034652
"67525",0.183750836244704
"67526",0.100869565217391
"67528",0.452871601024265
"67529",0.148550724637681
"67530",0.160024650780608
"67531",0.723684210526316
"67532",0.105891016200295
"67533",0.157518210197711
"67534",0.145948860135551
"67538",0.156634746922025
"67542",0.106376548806286
"67544",0.112434847356664
"67547",0.233144933387162
"67548",0.712282081531
"67549",0.103151862464183
"67552",0.847457627118644
"67553",0.188410541823539
"67554",0.263416815742397
"67556",0.136155169119052
"67557",0.103913043478261
"67561",0.0893066980023502
"67563",0.133420966151824
"67564",0.11321560049085
"67568",0.102981264333002
"67569",0.300779701334743
"67573",0.448534201954397
"67574",0.168471112010523
"67576",0.246696849302412
"67579",0.124866595517609
"67580",0.971152537760239
"67581",0.113376326190972
"67582",0.137996351901221
"67586",0.155435247186209
"67588",0.0949413876861337
"67590",0.115275704062194
"67592",0.821552471812663
"67602",0.104923446412489
"67603",0.169844715311404
"67604",0.121618992021794
"67605",0.142731535756155
"67606",0.465798045602606
"67607",0.134909377462569
"67608",0.109505703422053
"67609",0.119015957446808
"67610",0.113183279742765
"67615",0.105263157894737
"67618",0.115802706500037
"67619",0.130857544517338
"67620",0.467355684396269
"67621",0.269879107781372
"67622",0.149518874907476
"67623",0.113564668769716
"67628",0.107040913415794
"67629",0.471571072319202
"67630",0.0924960660896932
"67636",0.162982514021775
"67637",1.09063852813853
"67639",0.906062366840984
"67644",0.658274713069234
"67647",0.248162707229533
"67652",1.00857843137255
"67655",0.129750130140552
"67657",0.186657101865136
"67661",0.125368731563422
"67664",0.340945584299732
"67665",0.0867281428738181
"67666",0.390534821085033
"67667",0.0921396708198739
"67669",0.14803999646049
"67671",0.121335896203748
"67672",0.397590361445783
"67673",0.119073123978125
"67674",0.162196805363834
"67675",0.164735099337748
"67676",0.230914463963224
"67678",0.150243902439024
"67680",0.123713671830827
"67681",0.128683648912501
"67683",0.119416590701914
"67684",0.105525362318841
"67685",0.244511479805597
"67689",0.280927047025011
"67693",0.125233333333333
"67694",0.134719296638886
"67695",0.139561270801815
"67698",0.186101007274762
"67702",0.110293441265753
"67703",0.165921787709497
"67704",0.182307071793493
"67705",0.187540418193576
"67706",0.34295415959253
"67707",0.153301886792453
"67708",0.109669522643819
"67710",0.10565396748362
"67711",0.200099181750558
"67712",0.105876283060881
"67713",0.150780421275951
"67723",0.107309675462542
"67724",0.213340623291416
"67725",0.129157427937916
"67726",0.172034131571704
"67727",0.148842337375965
"67728",0.18804347826087
"67729",0.22318339100346
"67731",0.219385374308379
"67732",0.271239398898973
"67733",0.243404109197047
"67736",0.16980491942324
"67737",1.13324784332012
"67738",0.0984833563127831
"67739",0.0996773645780268
"67742",0.317647058823529
"67745",0.857846586910626
"67746",0.511904761904762
"67747",0.452750146284377
"67749",1.17610308473253
"67752",0.339285714285714
"67753",0.237179487179487
"67755",0.103528050896472
"67759",0.149766573295985
"67760",0.0890467431978182
"67763",0.110394122902809
"67765",0.628252788104089
"67767",0.204753409679461
"67768",0.151446398184912
"67769",0.106666666666667
"67770",0.161444630471179
"67771",0.162103901702953
"67772",0.114250614250614
"67773",0.157284299858557
"67774",0.132979351032448
"67775",0.31409452112087
"67776",0.176041219407471
"67778",0.119429590017825
"67781",0.0892184557438795
"67784",0.150040010669512
"67785",0.092531394580304
"67788",0.116859122401848
"67789",0.094414697647001
"67790",0.122734334541688
"67791",0.692705741864862
"67792",0.121846739647787
"67795",0.453248330297511
"67797",0.117230453825366
"67800",0.267746381805651
"67801",0.225110448987979
"67803",0.14247701983551
"67804",0.102806166637797
"67808",0.121188428459734
"67809",0.106925577131428
"67811",0.104177825388324
"67812",0.0948891568500139
"67815",0.101018377619103
"67819",0.113165816796707
"67824",0.184988839285714
"67826",0.102299072642968
"67830",0.121916282030877
"67832",0.107278614669858
"67834",0.143978310502283
"67836",0.180884983280193
"67838",0.113504321949837
"67839",0.117889994368312
"67840",0.129893171265713
"67841",0.120732722731057
"67842",0.163283880950214
"67843",0.111111111111111
"67844",0.288320402600126
"67845",0.162700228832952
"67846",0.171017845340383
"67847",0.314076111875287
"67848",0.128862695125836
"67849",1.04520123839009
"67850",0.611807732497388
"67851",0.137751786874594
"67855",0.308602867622541
"67856",0.458003169572108
"67857",0.112140281411299
"67860",0.144953200101189
"67861",0.193160656847808
"67862",0.192631889183613
"67863",0.116687259248492
"67864",0.118191964285714
"67865",0.139301820611325
"67866",0.445385644226482
"67867",0.114569237708615
"67869",0.121192052980132
"67870",0.130482456140351
"67871",0.137634408602151
"67872",0.11892387649037
"67873",0.184360995209396
"67874",0.209709226702471
"67876",0.195623775310255
"67877",0.140925382860867
"67878",0.103994421755155
"67880",0.282573876831905
"67881",0.107051282051282
"67883",0.1024317617866
"67884",0.118181818181818
"67885",0.197268777157045
"67886",0.088059842817915
"67887",0.101774895728681
"67888",0.169168285361116
"67889",0.100170745589072
"67890",0.14246947082768
"67891",0.109761341646958
"67892",0.213248976553777
"67893",0.176764472640761
"67894",0.121197941038839
"67895",0.128575421596944
"67896",0.229394740153517
"67897",0.0956407365652011
"67898",0.109882847702013
"67899",0.198163294590329
"67900",0.110611272823498
"67902",0.182839434437343
"67903",0.106895449216668
"67905",0.192181743757675
"67911",0.0999877164967449
"67912",0.142195395845031
"67914",0.127725572484262
"67916",0.0879551482999759
"67917",0.14747191011236
"67920",0.126760563380282
"67921",0.117424242424242
"67922",0.0986547085201794
"67923",0.144142595139844
"67933",0.184049079754601
"67934",0.554293464440112
"67935",0.579083837510804
"67936",0.160493827160494
"67937",0.104251968503937
"67938",0.123480140502567
"67939",0.288279569892473
"67941",0.219519634006862
"67942",0.117291414752116
"67943",0.0994677705499704
"67945",0.112839366515837
"67946",0.469579913085466
"67948",0.0941625110002933
"67949",0.102446256486286
"67951",0.264026402640264
"67952",0.105852119319476
"67955",0.118856121537087
"67956",0.125177809388336
"67958",0.118300086730269
"67959",0.10365296803653
"67963",0.137542611531051
"67966",0.179292929292929
"67967",0.125542168674699
"67968",1.50723095525998
"67971",0.19277885235332
"67972",0.102526002971768
"67973",0.129392536093707
"67974",0.0919061384118347
"67976",0.208609271523179
"67978",0.158952781673679
"67979",0.0967166839994057
"67980",0.120891810268254
"67983",0.394956683168317
"67988",0.129648354117515
"67991",0.111111111111111
"67993",0.165785434078117
"67994",0.149546106067845
"67996",0.091766854360067
"67997",0.178075457785425
"67998",0.100228347740988
"68001",0.135552428909953
"68002",0.229686309582961
"68010",0.291229789318961
"68011",0.250986910450862
"68014",0.21959923140269
"68015",0.0958030106669325
"68016",0.427550357374919
"68017",0.216636744464393
"68018",0.114216281895504
"68020",0.128752501667779
"68021",0.189124056999162
"68023",0.131410592553749
"68024",0.271937398812736
"68026",0.42760786137923
"68027",0.10808114399734
"68028",0.274938125470785
"68031",0.117742196344816
"68032",0.113505415994469
"68033",0.182496782496783
"68034",0.184256010056041
"68035",0.133700967641244
"68036",0.109251646232765
"68038",0.114920427116148
"68039",0.34281036834925
"68040",0.20211161387632
"68041",0.131635969664139
"68043",0.2222518854702
"68044",0.143739087054128
"68045",0.148235294117647
"68046",0.12761780104712
"68047",0.0954716981132075
"68048",0.128842832469775
"68050",0.110110432078911
"68051",0.111392405063291
"68052",0.150791671861364
"68053",0.116204690831557
"68054",0.965136575930556
"68055",0.14
"68058",0.169373696517727
"68059",0.110058541777541
"68066",0.14937106918239
"68067",0.152113330236879
"68070",0.380104581673307
"68073",0.213615023474178
"68074",0.143051589313833
"68075",0.200159172304019
"68077",0.110280855449626
"68079",0.187967787778304
"68080",0.171298877120331
"68082",0.155715571557156
"68083",0.0992429516185172
"68087",0.224828375286041
"68089",0.109271117999755
"68090",0.2198314775805
"68092",0.0998992823870074
"68094",0.0900543081786496
"68095",0.107794238070424
"68097",0.177647092246939
"68098",0.113677879886463
"68099",0.141538461538462
"68106",0.1127847862926
"68107",0.340425531914894
"68108",0.152682669877342
"68112",0.0933660933660934
"68114",0.119244554728426
"68115",0.129186602870813
"68117",0.237393328161365
"68118",0.131578947368421
"68119",0.245622382946327
"68121",0.121173235563703
"68126",0.185025197984161
"68127",0.122295081967213
"68128",0.200825309491059
"68133",0.156763033554897
"68134",0.102513007860069
"68135",0.0924766611751785
"68137",0.0994357175537593
"68140",0.143613770625382
"68142",0.110130246020261
"68144",0.380724538619275
"68145",0.152210526315789
"68146",0.142446043165468
"68147",0.184409313916362
"68149",0.195592286501377
"68151",0.316017316017316
"68152",0.10349632632379
"68153",0.147960033305579
"68159",0.597933659597607
"68161",0.291194420226678
"68162",0.646038114343029
"68165",0.187314839752222
"68166",0.0856004396812311
"68169",0.105828251524543
"68170",0.143715723837428
"68173",0.206942294936989
"68176",0.299089566929134
"68177",0.212114422286952
"68178",0.56378132118451
"68180",0.344731610337972
"68183",0.115418502202643
"68184",0.174299835255354
"68185",0.317085477848421
"68187",0.164323648859731
"68188",0.107273580478649
"68190",0.243555555555556
"68192",0.124229263846443
"68193",0.115067331833447
"68194",0.102216341382732
"68196",0.0981559176505025
"68197",0.151849236952153
"68198",0.195731959983425
"68201",0.184050397308326
"68202",0.132627749297172
"68203",0.0950944386149003
"68205",0.122518220658457
"68209",0.27729793977813
"68212",0.164056247856408
"68214",0.465979038429546
"68215",0.0996168582375479
"68219",0.121128318584071
"68222",1.11385918003565
"68226",0.138223938223938
"68229",0.106507592190889
"68230",0.72758348672101
"68232",0.701640328065613
"68235",0.0964547677261614
"68238",0.62010962010962
"68240",0.241366551554021
"68241",0.247658688865765
"68250",0.167179014243263
"68251",0.0946002511511092
"68255",0.205767250257467
"68259",0.104838709677419
"68260",0.152457996266335
"68262",0.115429459774582
"68263",0.116944629753169
"68267",0.124951037994516
"68268",0.112112112112112
"68270",1.50510708401977
"68271",0.174886033982594
"68272",0.129973474801061
"68273",0.106511150986926
"68275",0.100970511384845
"68276",0.179366209720491
"68277",0.118461905899212
"68278",0.178872326636423
"68281",0.121042830540037
"68283",0.187006541845252
"68285",0.143254984961568
"68291",0.120070040857167
"68292",0.125171206817836
"68294",0.155323013058895
"68295",0.107577710929666
"68298",0.195544554455446
"68299",0.090064620355412
"68303",0.249598715890851
"68304",0.168011475703783
"68306",0.357403008709422
"68310",0.131480578579555
"68312",0.144118106545852
"68316",0.151885888256188
"68318",0.188185372365786
"68323",0.257318395374051
"68327",0.141595186275765
"68328",0.226144902878208
"68332",0.210270100502513
"68337",0.162998102466793
"68339",0.17737364194615
"68342",0.0976294798337266
"68344",0.881224391419619
"68346",0.141890350543685
"68347",0.173637864611998
"68349",0.158171448939583
"68350",0.142123963679431
"68352",0.4025
"68355",0.280677592618097
"68364",0.110459662288931
"68365",0.10261770587166
"68366",0.122168002788428
"68371",1.21433933933934
"68375",0.129892326098103
"68379",0.14657780505985
"68385",0.193207240187106
"68393",0.987485101311084
"68394",0.292762392366767
"68396",0.290331530031905
"68400",0.463658249244481
"68401",0.137178720860729
"68404",0.0942610764198632
"68420",0.21674806090204
"68421",0.0985437696508357
"68423",0.106562703053931
"68427",0.144864341085271
"68428",0.268202764976959
"68431",0.370263739653488
"68436",0.142857142857143
"68440",0.317297627355199
"68441",0.116996312437144
"68449",0.100818094321463
"68458",0.629591174561973
"68463",0.202428550273952
"68465",0.0990338164251208
"68472",0.167836713468539
"68473",0.155847010550996
"68475",0.156474498731191
"68477",0.0930568948891032
"68479",0.149261891744122
"68480",0.266721044045677
"68481",0.162523900573614
"68487",0.878218177463777
"68488",0.408028438244073
"68490",0.1600953603521
"68493",0.115454822026164
"68497",0.0936288947450008
"68498",0.422979797979798
"68499",0.164006462035541
"68501",0.136823319452707
"68505",0.119908896034298
"68507",0.0901447921531994
"68509",0.817259978425027
"68510",0.105892700087951
"68511",0.812105296067029
"68512",0.134123696614769
"68514",0.140100071479628
"68515",0.3110025368787
"68519",0.117618469015796
"68520",0.224080267558528
"68521",0.0960544856740254
"68523",0.239885265700483
"68524",0.142336694060832
"68525",0.109518447947341
"68526",0.108498705780846
"68527",0.396770983080836
"68528",0.534877153346512
"68531",0.637313432835821
"68533",0.147013601419279
"68537",0.165426655644346
"68539",0.157769036246137
"68544",0.240906717716672
"68545",0.288294047143428
"68549",0.281844062815686
"68550",0.198373023086711
"68552",0.101311623699683
"68553",0.665344109723243
"68554",0.151121076233184
"68556",0.129193697868397
"68558",0.105811580191213
"68559",0.230555187491719
"68563",0.250478743776331
"68564",0.0920674064940403
"68565",0.126083691719571
"68566",0.116626236238104
"68567",0.205251093977912
"68572",0.149171270718232
"68576",0.127474150664697
"68581",0.103330111589491
"68585",0.119609211444522
"68588",0.205395253542769
"68591",0.270189802754001
"68592",0.113573808489063
"68597",0.117532525002213
"68598",0.121002240782237
"68603",0.112299465240642
"68606",0.144704648724222
"68607",0.243348115299335
"68611",0.139596804868771
"68612",0.579883805374002
"68614",0.095489443378119
"68616",0.569559228650138
"68617",0.172799254774103
"68618",0.188517416418694
"68625",0.861024172604382
"68626",0.105609065155807
"68628",0.153943034295679
"68631",0.173255316112459
"68632",0.465648854961832
"68634",0.130774359462806
"68636",0.165938864628821
"68642",0.204037306758656
"68644",0.143649722597091
"68646",0.0926524696175716
"68652",0.112040777072514
"68653",0.0934844192634561
"68655",0.190141760957212
"68659",0.251574212893553
"68666",0.102476067374884
"68667",0.158013205282113
"68671",0.117600317838697
"68675",0.125379696243006
"68680",0.912729895420123
"68682",0.106799230275818
"68690",0.780623608017817
"68691",0.141961356179366
"68693",0.0802750118539592
"68695",0.152263374485597
"68703",0.121865889212828
"68705",0.153498871331828
"68708",0.123049038364717
"68709",0.430122116689281
"68713",0.519743911174785
"68718",0.146906101254868
"68721",0.17374241883696
"68723",1.0921442687747
"68724",0.0999051747493904
"68725",0.197371419889083
"68728",0.124814893166913
"68729",0.0945406125166445
"68730",0.120462704427603
"68731",0.128157383419689
"68732",0.209085328422345
"68734",0.0964995269631031
"68735",0.195819042952801
"68736",0.16342082980525
"68737",0.166859791425261
"68738",0.134561473768522
"68742",0.178465122298434
"68743",0.291417793146809
"68744",0.0871535181236674
"68750",0.233105218135158
"68755",0.194294525828836
"68758",0.150114810562572
"68760",0.481565485956954
"68763",0.25601714474118
"68764",0.394385026737968
"68767",0.113714401131085
"68770",0.128059729704187
"68774",0.560633932361681
"68775",0.501821668264621
"68776",0.114103149246919
"68777",0.483649715948455
"68778",0.155328352339756
"68789",0.185893316195373
"68790",0.488798773552248
"68792",0.443269621797479
"68794",0.31629255719042
"68795",0.111111111111111
"68796",0.145610475839174
"68797",0.456559766763848
"68799",0.169143665958953
"68800",3.47604669887279
"68801",0.0954815994634923
"68802",0.508318366575291
"68808",0.322737593253325
"68810",0.29269118742803
"68813",0.319129582983487
"68815",0.124604384011253
"68816",0.163345999794598
"68817",0.182983955966741
"68818",0.14968814968815
"68828",0.33640246796393
"68832",0.111709874745121
"68833",0.127619047619048
"68836",0.215881495871782
"68837",0.0841121495327103
"68839",0.0981302984554639
"68841",0.299749373433584
"68842",0.110828025477707
"68845",0.14200092208391
"68846",0.089007411512087
"68852",0.54312762973352
"68854",0.411494477568175
"68857",0.236618546901919
"68859",0.234151329243354
"68861",0.175394001016777
"68865",0.147086975942824
"68867",0.190191869046022
"68870",0.557872638208537
"68874",0.276940820298421
"68875",0.117559227553255
"68876",0.174577067669173
"68877",0.112029584511638
"68879",0.089986766651963
"68888",0.397938961553706
"68889",0.113441870173241
"68895",0.21940049958368
"68897",0.224944748726818
"68904",0.0964711071901191
"68910",0.142334007902091
"68911",0.149366525894643
"68915",0.163942171406973
"68916",0.134662129314536
"68917",0.301471574898242
"68918",0.446036552395371
"68920",0.241649870429024
"68922",0.316632048229394
"68925",0.162434115955918
"68926",0.0913121046656215
"68927",0.113827193932828
"68929",0.149692937563971
"68936",0.204781704781705
"68938",0.125504587155963
"68939",0.327566320645905
"68941",0.145312105130149
"68942",0.14911800153391
"68943",0.0904820766378245
"68944",0.124943259192011
"68947",0.333194877120111
"68948",0.12352582350549
"68949",0.216175071360609
"68952",0.145713420175704
"68953",0.1012909632572
"68954",0.706169296987088
"68955",0.141845088161209
"68957",0.248543689320388
"68961",0.100361663652803
"68964",0.0985248588599526
"68966",0.179797191887676
"68968",0.132299414464314
"68969",0.12424573300385
"68970",0.10998245452027
"68971",0.199507780247698
"68972",0.18096990406098
"68975",0.149731471535983
"68977",0.13261073196842
"68979",0.11878453038674
"68980",0.188679245283019
"68981",0.151850507982583
"68982",0.199147590568502
"68986",0.794230545539142
"68988",0.104193138500635
"68991",0.0995748489594988
"68992",0.232106547376982
"68994",1.14073482428115
"68995",0.151015401390214
"68999",0.157337538011037
"69002",0.239652357629886
"69004",0.354236812570146
"69008",0.397855285961872
"69009",0.166408010012516
"69010",0.198419590135464
"69017",0.109428032683847
"69019",0.137039640906387
"69020",0.192307692307692
"69024",0.145624656026417
"69028",0.206930141942666
"69029",0.146864131044542
"69031",0.753873756320339
"69032",0.50517836593786
"69035",0.0971520440973817
"69038",0.210093001982009
"69042",0.712973431317128
"69046",0.131136516476126
"69047",0.433160106147722
"69048",0.106156083373728
"69049",0.400660883932259
"69051",0.18817591925018
"69053",0.127535556073677
"69055",1.07802791076704
"69060",0.678901437371663
"69064",0.155502392344498
"69065",0.328878406708595
"69066",0.239913700107875
"69068",0.504665203073546
"69069",0.544761904761905
"69071",0.163495419309373
"69072",0.122384817651766
"69073",1.01765274867
"69076",0.186846871952069
"69077",0.104116945107399
"69080",0.135224107368954
"69082",0.135728654447921
"69085",0.146522131887986
"69086",0.693980233602875
"69089",0.0972169271826153
"69090",0.145888129054883
"69091",0.0949367088607595
"69094",0.186945500633714
"69097",0.650752996619199
"69101",0.197608654393623
"69104",0.109813640913207
"69106",0.125061425061425
"69109",0.184934031104887
"69113",0.138864241348713
"69116",0.131634278432622
"69120",0.428908774546358
"69121",0.445959059193198
"69125",0.121128699242946
"69126",0.161748329621381
"69129",0.257914955623261
"69131",0.118306169965076
"69136",0.391213968957871
"69137",0.216898505924781
"69146",0.397072278133577
"69149",0.134903802454174
"69150",0.107938659662798
"69151",0.139389795743954
"69155",0.099625468164794
"69156",0.300411017728974
"69159",0.313626834381551
"69161",0.117319058771049
"69162",0.0966057441253264
"69163",0.136286715822555
"69168",0.24972197309417
"69170",0.158287816296957
"69171",0.14191386616734
"69178",0.121536703798915
"69179",0.128497717801151
"69181",0.152380952380952
"69183",0.604419251561434
"69185",0.173708920187793
"69186",0.172177080414682
"69187",0.585393417149315
"69188",0.122035666856384
"69189",0.772567615033368
"69190",0.107671601615074
"69191",0.940979616671737
"69192",0.14150342411212
"69195",0.419167473378509
"69202",0.104263824117255
"69207",0.0961538461538461
"69215",0.180661577608142
"69216",0.246185057775426
"69217",0.360879064387611
"69219",0.0957966764418377
"69221",0.173173803526448
"69225",0.114932126696833
"69226",0.155888030888031
"69227",0.134683144885617
"69228",0.125970527650135
"69232",0.0944954128440367
"69234",0.283589691351737
"69237",0.101416853094705
"69239",0.796104686548996
"69241",0.158621736490589
"69248",0.842814774871933
"69253",0.690076988879384
"69256",0.0957547169811321
"69257",0.122188449848024
"69259",0.115889716611627
"69260",0.136025848142165
"69263",0.204797867614394
"69269",0.136501516683519
"69270",0.5
"69274",0.137405063291139
"69276",0.112099427318143
"69277",0.173176950535441
"69281",0.735659481183778
"69282",0.348011204481793
"69287",1.04162260886283
"69288",0.259902498476539
"69291",0.223413762287757
"69295",0.526200873362445
"69296",0.954566276600175
"69297",0.578588297034899
"69303",0.694258266309205
"69305",0.179022801302932
"69306",0.596984391574481
"69308",0.395339525944907
"69309",0.206211812627291
"69310",0.155844155844156
"69311",0.60318362706083
"69312",0.372758262931673
"69315",0.204762527803219
"69318",1.12813504823151
"69319",0.742950285248574
"69320",0.519386106623586
"69327",1.02954856361149
"69329",1.05462582886012
"69338",0.543624161073825
"69349",0.34727675066029
"69352",0.195141700404858
"69354",0.404023926046765
"69358",0.236306729264476
"69367",0.121390065460146
"69368",0.121923727221492
"69372",0.213943950786056
"69379",0.2986160397445
"69386",1.414915797915
"69387",1.16449704142012
"69388",0.815826660386246
"69397",0.635674931129477
"69398",0.538788334734699
"69399",0.133042529989095
"69408",0.186417946842234
"69430",0.29984544049459
"69431",0.398710865561694
"69432",1.17915515199368
"69434",0.389738529847065
"69440",0.148872718597161
"69441",0.496642492613484
"69454",0.393424333902087
"69456",0.132210463556417
"69457",1.01087789183392
"69459",0.0992689968671294
"69470",0.0843468026677128
"69478",0.241129372102823
"69479",0.199846860643185
"69480",0.161859482303222
"69482",0.140916808149406
"69487",0.114363663176523
"69496",0.801419226078279
"69499",0.0944758930314269
"69504",0.111260957518544
"69511",0.502694795195565
"69513",1.1577828397874
"69519",0.203652871621622
"69524",0.222305249392864
"69527",0.12140645731977
"69528",0.174492154239144
"69534",0.193957270408163
"69535",0.16586680138082
"69536",0.241723278011867
"69537",0.454337152209493
"69538",0.247344646563301
"69539",0.191176470588235
"69540",0.4383788254756
"69543",0.490536601387691
"69544",0.190453573972928
"69546",0.104019465630995
"69547",0.731059739070726
"69548",0.16556927297668
"69549",0.266577659101024
"69550",0.401545479936691
"69551",0.141283857525548
"69553",0.751149718957588
"69554",0.134383561643836
"69556",0.112512734463954
"69562",0.0990574988930356
"69564",0.789545908183633
"69568",0.112572330352446
"69572",0.274857243774651
"69573",0.273299084502404
"69574",0.215965346534653
"69576",0.835673426937078
"69577",0.135676053060275
"69578",0.957894736842105
"69579",0.463417613289361
"69581",0.130460104834013
"69582",0.0930870161237679
"69583",0.247023114639272
"69585",0.761667810569664
"69587",0.0946114420279817
"69590",0.600047472110135
"69591",0.65502384982305
"69593",0.667877686951256
"69596",0.187974683544304
"69597",0.0956130483689539
"69601",0.113008661546004
"69602",0.750915750915751
"69605",0.146696252465483
"69606",0.151543238483641
"69608",0.216338028169014
"69612",0.0982375036116729
"69617",0.0954169797145004
"69623",0.12214983713355
"69627",1.00207039337474
"69631",0.873510094867429
"69632",0.113207547169811
"69634",0.16518771331058
"69635",0.260131036156273
"69638",0.143115942028986
"69639",0.196527856575513
"69640",0.919393139841689
"69641",0.120551154747294
"69642",0.195434726853039
"69654",0.111764705882353
"69655",0.471522610188895
"69656",0.259833134684148
"69657",0.272583915296238
"69659",0.375
"69660",0.185944027928804
"69662",0.102289758534555
"69663",0.130017046335038
"69666",0.289855072463768
"69668",0.133755548338205
"69671",0.709896485791521
"69672",0.122746425364371
"69674",0.182391826923077
"69675",0.117571251548947
"69678",0.657393850658858
"69681",0.322033898305085
"69683",0.123452714969467
"69684",0.108653524891413
"69692",0.170431338572931
"69693",0.507057694943127
"69694",0.149064056328353
"69697",0.1106998264893
"69698",0.425790754257908
"69700",0.304485823106221
"69702",0.140491404914049
"69707",0.367606497088569
"69709",0.129166666666667
"69710",0.186851211072664
"69713",0.143214441061331
"69714",0.13322632423756
"69716",0.448648648648649
"69718",0.092234296315929
"69719",0.25877808988764
"69721",0.134407309449387
"69723",0.194520547945206
"69724",0.152467445101148
"69726",0.127070849488897
"69727",0.135081148564295
"69731",0.176225911085671
"69732",0.872130685818899
"69736",0.310606060606061
"69737",0.178368121442125
"69739",0.702183406113537
"69740",0.149824032176973
"69742",0.118204804045512
"69743",0.500314070351759
"69745",0.182899955927721
"69747",0.258146397182473
"69748",0.249759476621128
"69749",0.280204342273308
"69750",0.576405311988357
"69752",0.184697798998486
"69754",0.137143302666459
"69757",0.256521739130435
"69769",0.341229724632214
"69770",0.640625
"69772",0.638673732844136
"69773",0.112081924088688
"69774",0.410606541759289
"69780",0.0889281507656066
"69784",0.251320838663033
"69786",0.140272575117558
"69787",1.11739538766566
"69788",0.543662674650699
"69790",0.222222222222222
"69792",0.140914992744214
"69798",0.952746485893729
"69802",0.196482657547631
"69804",0.174529371739623
"69806",0.135468402123651
"69807",0.0893432603622625
"69808",1.0014075695965
"69812",0.693249111725227
"69815",0.465112665112665
"69816",1.26014028667277
"69821",0.149875683739433
"69823",0.0956204603267032
"69824",0.815036420395421
"69833",0.196178821178821
"69834",0.11024339966701
"69837",0.202826267664173
"69847",0.313907284768212
"69852",0.715189873417722
"69860",0.127920910724985
"69862",1.10042138999347
"69863",0.160839160839161
"69870",0.128096249115357
"69871",0.391174792366703
"69875",0.127648210788677
"69876",0.218838768321782
"69878",0.24380537618261
"69881",0.380554103502352
"69882",0.116409266409266
"69885",0.710588935157644
"69890",0.108464701850583
"69893",0.153167864141084
"69894",0.155169308357349
"69895",0.339103159851301
"69900",0.103967780429594
"69902",0.12921372625384
"69903",0.269685767097967
"69906",0.121365360303413
"69908",0.130069524913094
"69909",0.688180718031464
"69912",0.247314115519626
"69917",0.103546910755149
"69918",0.348751835535977
"69920",0.184514003294893
"69922",0.295956154643756
"69923",0.122625215889465
"69926",0.291218637992832
"69928",0.377323420074349
"69930",0.101442741208296
"69934",0.141274238227147
"69938",0.115130235976157
"69940",0.089567966280295
"69941",1.33521192908301
"69942",0.246492985971944
"69944",0.153946340192759
"69952",0.236980584285973
"69953",0.217178042162388
"69955",0.15735744494677
"69956",0.0983735365757838
"69957",0.102189781021898
"69961",0.271319520174482
"69962",0.258706467661692
"69964",0.539583029596151
"69976",0.166110183639399
"69981",0.145295295295295
"69983",0.774042346856312
"69987",1.13446506119226
"69993",0.151677373304782
"69994",0.284110950777617
"70004",0.48551724137931
"70005",0.225790246541464
"70008",0.363376972138301
"70012",0.151174799896721
"70020",0.185979628520072
"70021",0.215810165683797
"70024",0.485387164808677
"70025",0.136860068259386
"70028",0.0883742596659347
"70031",0.832336091661362
"70036",0.367953536043731
"70040",0.369363503174345
"70044",0.133045822102426
"70045",0.758957984896863
"70047",0.0955343868729695
"70052",0.127112417340191
"70054",0.512020460358056
"70059",0.24716236223063
"70060",0.458174904942966
"70061",0.644325290437891
"70078",0.119413202933985
"70081",0.180977542932629
"70082",0.121498539267915
"70083",0.241487323113208
"70086",0.88567335243553
"70088",0.0974729241877256
"70093",0.10732538330494
"70097",0.0917826375082836
"70099",0.175843253968254
"70101",0.248089568153545
"70103",0.123483146067416
"70110",0.263288778364936
"70113",0.408187984496124
"70118",0.178036206689845
"70120",0.136217948717949
"70122",0.10137207425343
"70123",0.167553191489362
"70127",0.189189189189189
"70129",0.568616548042705
"70134",1.00341426403642
"70144",0.13455584663015
"70152",0.126102941176471
"70153",0.245122918318795
"70155",0.175563097809318
"70160",0.100490697198937
"70162",0.56432545201669
"70178",0.0951108902279928
"70186",0.166289080199366
"70194",0.773559624832515
"70207",0.149346733668342
"70208",0.116125404189512
"70209",0.131754705525197
"70218",0.672969488611947
"70223",0.114635615338285
"70225",0.177928870292887
"70226",0.482981620149762
"70227",0.148360735480105
"70230",0.139318885448916
"70231",0.0846435100548446
"70233",0.0893343231873299
"70235",0.187128544744439
"70237",0.100828729281768
"70238",0.107317073170732
"70239",0.115997638724911
"70240",0.255965292841649
"70247",0.100589390962672
"70248",0.138242894056848
"70252",0.203672787979967
"70257",0.184664830119376
"70258",0.755108991825613
"70261",0.507756643733981
"70266",0.172789935086663
"70274",0.654239454622923
"70281",0.691797235023042
"70285",0.169516365412799
"70291",0.315735344532053
"70292",0.133108978948876
"70294",0.0969192714189341
"70296",0.107883817427386
"70297",0.116579634464752
"70300",0.179324894514768
"70310",0.14903196758217
"70312",0.124126326689102
"70314",0.167562879444926
"70315",0.201882505679974
"70316",0.289539482656726
"70317",0.147899910634495
"70319",0.431631455399061
"70325",0.191567529741078
"70333",0.127781309599491
"70335",0.160098234124664
"70337",0.323245331616227
"70345",1.02285103072734
"70348",0.341832129963899
"70349",0.0891327063740857
"70350",0.194611762129011
"70351",0.154540481400438
"70354",0.100609756097561
"70355",0.24868998725393
"70356",0.0972753346080306
"70357",0.248820461882295
"70359",0.13189448441247
"70361",0.0995575221238938
"70362",0.346826586706647
"70363",0.149989726731046
"70369",0.110599078341014
"70370",0.633282847406285
"70373",0.0957613814756672
"70375",0.0943196162585206
"70377",0.425009100837277
"70380",0.209292382241858
"70381",0.113892572944297
"70382",0.121951219512195
"70383",0.135443037974684
"70385",0.496161898115841
"70387",0.0982905982905983
"70393",0.747400346620451
"70394",0.186224489795918
"70396",0.193268186753529
"70397",0.154926055583339
"70408",0.124592629731762
"70415",0.182515337423313
"70417",0.123252858958069
"70419",0.580188679245283
"70420",0.142267843438219
"70422",0.117625368731563
"70423",0.179458239277652
"70425",0.113382899628253
"70426",0.349452810775419
"70427",0.131386861313869
"70428",0.108380087274023
"70430",0.12278211497516
"70432",0.109739776951673
"70433",0.432574430823117
"70435",0.230427046263345
"70439",0.104860856829
"70441",0.364059818582986
"70445",0.296961325966851
"70448",0.728616024973985
"70450",0.431680773881499
"70451",0.265044031311155
"70454",0.426386233269598
"70456",0.175659400216789
"70458",0.815606513386595
"70461",0.161031276415892
"70465",0.104878048780488
"70466",0.331602689590603
"70470",0.116710875331565
"70472",0.175718849840256
"70478",0.111171513998369
"70481",0.236281535290076
"70484",0.671404682274247
"70489",0.434187536400699
"70491",0.914529914529915
"70494",0.250675535231761
"70495",0.204648124965983
"70497",0.132496378561082
"70503",0.127494571399028
"70508",0.123914037494284
"70510",0.103703703703704
"70511",0.265993265993266
"70523",1.01168661712146
"70527",0.129199604743083
"70530",0.206990945462203
"70533",0.137959866220736
"70536",0.150793650793651
"70544",0.165581055579229
"70546",0.162337662337662
"70549",0.102431834929993
"70551",0.204081632653061
"70552",0.217200140696447
"70556",0.164992918758852
"70560",0.14405684754522
"70561",0.0913748932536294
"70564",0.103207704557519
"70567",0.145395799676898
"70568",0.136660094039132
"70571",0.297522688251165
"70572",0.0868347338935574
"70573",0.132823052678973
"70574",0.203645100797
"70575",0.173590957690545
"70579",0.107995707002951
"70584",0.314467224949466
"70591",0.101863354037267
"70592",0.274298966898587
"70598",0.243143068939956
"70599",0.114906832298137
"70601",0.107671471413369
"70603",0.371415427081736
"70604",0.0888504753673293
"70605",0.132171656316619
"70611",0.114935298346513
"70612",0.122694768535943
"70615",0.156054368055947
"70616",0.118550426069857
"70617",0.326075481657429
"70620",0.150698347811276
"70625",0.219815917704385
"70626",0.24255975813309
"70638",0.109927632249516
"70640",0.0842950664776945
"70645",0.415086809020156
"70646",0.136970518468316
"70650",0.154557718250145
"70652",0.119796264855688
"70661",0.120134785368951
"70673",0.165673981191223
"70675",0.108840864440079
"70676",0.407591344448386
"70681",0.17312234293812
"70683",0.115424252834078
"70686",0.169614512471655
"70691",1.41876046901173
"70693",0.129793510324484
"70699",0.127586206896552
"70713",0.134649910233393
"70717",0.306400839454355
"70719",0.21406263942179
"70726",0.25472972972973
"70727",0.0885310290652003
"70729",0.131977965812937
"70730",0.521674140508221
"70737",0.383066093077826
"70747",0.246655198776758
"70750",0.106631179568492
"70753",0.777061747114818
"70757",0.112707456031707
"70762",0.0894457770483525
"70767",0.154831820608649
"70769",0.100581107814046
"70771",0.131799163179916
"70772",0.287662891243454
"70779",0.317439146382127
"70784",0.323627075351213
"70785",0.393091505650747
"70789",1.24510638297872
"70790",0.0867129733363209
"70791",0.116706317737246
"70796",0.131426502534395
"70797",0.0917001338688086
"70799",0.125075066877764
"70802",0.101974448315912
"70804",0.138652445902984
"70807",0.173691315434228
"70808",0.10806480327577
"70821",0.451923943408128
"70823",0.109538002980626
"70827",0.0890166534496432
"70829",0.133526850507983
"70832",0.240640620218301
"70834",0.0893255917820456
"70839",0.137244201909959
"70843",0.659663865546218
"70846",0.524420820379099
"70852",0.361467889908257
"70853",0.266389177939646
"70858",0.725621594538736
"70859",0.786766606358232
"70873",0.149588631264024
"70876",0.906506349027981
"70882",0.675907420540262
"70884",0.312895701432856
"70885",0.113207547169811
"70887",0.216232111350716
"70891",0.61044613710555
"70892",0.16821639898563
"70894",0.508347130242826
"70897",0.630128470783257
"70898",0.294419134396355
"70902",0.880216613672496
"70911",0.0945267112217709
"70917",1.13357843137255
"70918",0.118055555555556
"70920",0.814694972772473
"70924",0.632254788160186
"70925",0.122368620324095
"70930",0.101148573545758
"70933",0.689853681938115
"70934",0.631299734748011
"70942",0.588461217333222
"70951",0.363636363636364
"70955",0.928616550852811
"70957",0.774384573973474
"70966",0.492887686534602
"70967",0.411764705882353
"70974",0.109278350515464
"70976",0.832225913621263
"70979",0.496036372114712
"70981",0.463752665245203
"70984",0.155342258145996
"70986",0.6629734990268
"70987",0.54041687849517
"70989",1.14256678281069
"70997",0.338348117957324
"70998",0.0945046439628483
"70999",0.124601657106437
"71000",0.744800587227795
"71001",0.716128355704698
"71004",1.2151982622142
"71007",0.225897920604915
"71008",0.883243974806101
"71020",0.260129659643436
"71027",0.690637065637066
"71040",0.381011097410604
"71041",0.133609333835152
"71045",0.349480968858132
"71046",0.6
"71054",0.423076923076923
"71059",0.18184145404898
"71063",0.100105203528364
"71069",0.147088693297224
"71071",0.220962119451545
"71085",0.257459606085623
"71086",0.176470588235294
"71091",0.158717748240813
"71093",0.466507177033493
"71096",0.121127741037243
"71099",0.521148423481159
"71101",0.194929968746383
"71106",1.30007587253414
"71111",0.255222524977293
"71116",0.118938759739842
"71130",0.696653361989561
"71131",0.211864406779661
"71132",0.259632697155203
"71137",0.140818625610214
"71141",0.381337316580265
"71145",0.862459404897744
"71146",0.167467563671312
"71147",0.151127191761759
"71148",0.126264949402024
"71149",0.502798982188295
"71151",0.114607390300231
"71153",0.573097961213327
"71161",0.519359642591214
"71163",0.119275230167368
"71166",0.715878439129653
"71169",0.116992481203008
"71175",0.14863247076158
"71176",0.654153118533846
"71177",0.129091338768758
"71182",0.746252285191956
"71186",0.361919504643963
"71198",0.215629767757247
"71200",1.18948296122209
"71206",0.207409274193548
"71207",0.132493840678894
"71213",0.215093186678888
"71223",1.0604683677036
"71226",0.581405221821269
"71227",1.75204792761951
"71228",0.130695078640284
"71233",0.378947368421053
"71235",0.491037735849057
"71236",0.821688093907211
"71238",0.248825264998361
"71240",0.148543243863271
"71242",0.257624808314875
"71254",0.293957909029192
"71263",0.157392686804452
"71264",0.33806146572104
"71265",0.383734397117488
"71268",0.123929881777415
"71275",0.383839838686447
"71276",0.194449797648873
"71279",0.139532149994122
"71281",0.732379623168179
"71287",0.938999065517599
"71296",0.91466568156631
"71300",0.95760861911133
"71301",0.8629884286433
"71302",0.118909090909091
"71304",0.548484848484848
"71306",0.134774316592498
"71310",0.163193217944189
"71313",0.597315436241611
"71323",0.17381974248927
"71326",0.779342723004695
"71330",0.153540175019889
"71336",0.31955688112484
"71339",0.149439498846027
"71340",0.158290005777007
"71354",0.181279009798865
"71355",0.456659619450317
"71361",0.310788381742739
"71365",0.138653960690887
"71367",0.229647198339757
"71368",1.09235378403022
"71371",0.189967982924226
"71373",0.322122697312827
"71375",0.100801832760596
"71382",0.126137052759248
"71388",0.946411351425816
"71389",0.100125427100904
"71393",0.150169683257919
"71398",0.598889011109889
"71405",0.735661505981703
"71406",0.692281879194631
"71409",0.120718462823726
"71425",0.916539050535988
"71435",0.115451174289246
"71436",0.159469240048251
"71445",0.150504686373468
"71446",0.0995989304812834
"71448",0.143971970058927
"71449",0.156266666666667
"71452",0.0845155448234229
"71458",0.120200333889816
"71461",0.29636000825707
"71472",0.121308858739026
"71474",0.100084961767205
"71481",0.161354740793993
"71484",0.461149825783972
"71489",0.604448938321537
"71492",0.106427818756586
"71508",0.169998870439399
"71514",0.116629874908021
"71517",0.115310451214809
"71519",0.205142537730576
"71520",0.298044217687075
"71521",0.101316752011704
"71522",0.659757942511346
"71523",0.196183082645965
"71529",0.127007746509694
"71532",0.115384615384615
"71538",0.10572625698324
"71544",0.146600406595889
"71562",0.262928139691068
"71564",0.128454231433506
"71566",0.220640569395018
"71567",0.176825919824272
"71583",1.04456415279138
"71584",0.190535766853106
"71586",0.286887527839644
"71591",0.094885745375408
"71592",0.0916457110924839
"71599",0.135996507312814
"71602",0.243047158403869
"71607",0.521731917717319
"71609",0.33266818700114
"71617",0.118219608638345
"71624",0.630897317298797
"71640",0.103680253264741
"71643",0.164401415006517
"71648",0.194777265745008
"71653",0.150369350194065
"71660",0.268729641693811
"71661",0.583341003221353
"71665",0.175722956087112
"71667",0.0994411425530028
"71670",0.34988649262202
"71673",0.141166281755196
"71675",0.131526648599819
"71678",0.0919852034525278
"71679",0.121229128665638
"71682",0.363187429854097
"71683",0.314442700156986
"71684",0.232931726907631
"71685",0.121723937099592
"71687",0.103589082312487
"71690",0.673151750972763
"71691",0.137348439674021
"71693",0.448296053402038
"71699",0.229832268370607
"71701",0.154250172771251
"71702",0.108010335917313
"71703",0.128527562509139
"71704",0.192493757802747
"71706",0.16329739442947
"71707",0.141705069124424
"71709",0.15871635010391
"71710",0.206565252201761
"71711",0.171493212669683
"71712",0.386639185257032
"71713",0.108739837398374
"71715",0.150690387679235
"71718",0.188536953242836
"71720",0.196476063829787
"71721",0.134663341645885
"71722",0.13237958393203
"71723",0.146081992734821
"71724",0.519526904385503
"71726",0.171443551205872
"71728",0.118367346938776
"71729",0.109878610297195
"71732",0.0912818299525248
"71733",0.348336871903751
"71735",0.190433616450603
"71738",0.424560799173269
"71740",0.209298518457887
"71742",0.156620470863249
"71743",0.151678657074341
"71745",0.121659682626915
"71746",0.279471544715447
"71750",0.0967670749200044
"71751",0.115218870492175
"71752",0.0967340590979782
"71753",1.10907541542395
"71755",0.14917344528995
"71760",0.383958495936826
"71764",0.148894983061784
"71765",0.101299975472161
"71766",0.132534077845295
"71767",0.167338340355376
"71768",0.530887134231305
"71769",0.177377690802348
"71770",0.0944416286534888
"71772",0.137764489420423
"71774",0.20654351212998
"71775",1.029282696961
"71776",0.348596986315958
"71777",0.115686274509804
"71778",0.0894941634241245
"71779",0.133299543841865
"71780",0.27480500634863
"71781",0.198999791623255
"71782",0.108714984437528
"71785",0.195831694848604
"71787",0.170047651463581
"71790",0.392739273927393
"71791",1.13618876635035
"71793",0.122852576907711
"71795",0.203293010752688
"71799",0.22253199847928
"71801",0.178303198887344
"71803",0.12060072815534
"71804",0.347879785920132
"71805",0.119320094244362
"71807",0.135592011412268
"71810",0.0937794040773654
"71816",0.162480739599384
"71817",0.0953184310417545
"71818",0.855361596009975
"71819",0.514245014245014
"71820",0.140891089108911
"71827",1.26109258784304
"71831",0.858473606798496
"71832",1.28771228771229
"71833",0.118562874251497
"71834",0.144295302013423
"71835",0.129708558921783
"71836",0.29112426035503
"71837",0.193298099628922
"71838",0.279508370417461
"71839",0.907986111111111
"71840",0.794833153928956
"71843",0.129707112970711
"71844",0.0947505584512286
"71846",0.404616945712836
"71853",0.186256631299735
"71856",0.483495756051556
"71860",1.42822452601102
"71861",1.34449404761905
"71862",0.490272373540856
"71864",0.434198565801434
"71865",0.177989206031269
"71868",0.736049601417183
"71870",0.48073753605274
"71872",0.374652865438021
"71876",0.308821584446502
"71877",0.557934637844483
"71878",0.616413304377643
"71881",0.130659181455994
"71883",0.101552299434209
"71884",1.04472173144876
"71885",0.157522658610272
"71889",1.10611050128064
"71890",0.239719698136455
"71891",0.0980412057241449
"71893",0.406220122602778
"71897",0.279886355358053
"71900",0.0833007583457118
"71901",0.109560362875087
"71902",0.0920770877944325
"71904",0.2
"71907",1.01651055723131
"71908",1.18987341772152
"71909",0.240694789081886
"71910",0.134703695604636
"71911",0.100071098471383
"71912",0.289731051344743
"71913",0.412550651626328
"71914",0.389589748683818
"71916",0.178763318459157
"71918",0.113057972192861
"71919",0.151126126126126
"71920",1.12873563218391
"71923",0.179417498670763
"71924",0.297203349660294
"71927",0.134199134199134
"71929",0.145892351274788
"71932",0.568815503262804
"71934",0.640564826700899
"71941",0.145325049249886
"71943",0.141403462402537
"71946",0.155878179238074
"71947",0.108137432188065
"71949",0.120023419203747
"71951",0.277351247600768
"71952",0.16989247311828
"71954",0.0935801630434783
"71955",0.102189781021898
"71956",0.266522014284423
"71957",0.152880075542965
"71960",0.119199535962877
"71962",0.360406091370558
"71963",0.1931330472103
"71966",0.195506982392228
"71967",0.415171473995003
"71968",0.140028549062946
"71970",0.364039955604883
"71971",0.132273152478952
"71972",0.144694266987472
"71973",0.216751297997375
"71974",0.107885636354781
"71978",0.122618061309031
"71981",0.302027200410572
"71982",0.136083824492469
"71983",0.224910394265233
"71984",0.189261901976839
"71985",0.273851132686084
"71986",0.171988461155874
"71988",0.523897058823529
"71989",0.257885763000853
"71990",0.124397299903568
"71991",0.129442573887018
"71994",0.113958396141091
"71995",0.534962406015038
"71997",0.118280894033619
"71998",0.173120728929385
"71999",0.10302489117089
"72003",0.170630294551955
"72007",0.136309992132179
"72008",0.147710093374833
"72012",0.261917206773991
"72014",0.175543709015427
"72016",0.165481710458527
"72017",0.159510122469383
"72018",0.114489951368137
"72020",0.105633802816901
"72022",0.230927835051546
"72023",0.136101728591297
"72026",0.173801259802031
"72027",0.85967705253582
"72029",0.115368682684341
"72033",0.122630560928433
"72039",0.116724992709245
"72041",0.186016900104179
"72042",0.294788273615635
"72043",0.18660452269981
"72045",0.72608353033885
"72046",0.117391753642658
"72047",0.0878048780487805
"72049",0.724392915829834
"72050",0.168291337134449
"72053",0.0927593971938334
"72054",0.724903575523819
"72055",0.115332657885849
"72056",0.131652449611233
"72057",0.112088464438301
"72058",0.920013971358715
"72061",0.177130434782609
"72065",0.14988137118547
"72068",0.0870418848167539
"72074",0.47847295864263
"72075",0.123580313683072
"72080",0.380921997128729
"72083",0.159301130524152
"72084",0.190491947937348
"72085",0.21490523610665
"72088",0.80351048269137
"72091",0.250054904027759
"72093",0.304303899777733
"72096",0.147120934816275
"72097",0.185836501901141
"72098",0.109849178726262
"72102",0.115392583385125
"72103",0.177076484768792
"72104",0.820968203953022
"72106",0.11524780649751
"72107",0.825995807127883
"72108",0.0857142857142857
"72113",0.12867592177937
"72114",0.143573577876487
"72117",0.108953582590578
"72119",0.276940382452193
"72121",0.492445178193303
"72122",0.78421052631579
"72123",0.127906976744186
"72124",0.0920334667151692
"72125",0.0877460240082871
"72128",0.116151478656497
"72129",0.138681169272604
"72133",0.111436289959478
"72135",0.0893612285777877
"72136",0.434930535866175
"72137",0.165923724616147
"72139",0.167737948084054
"72140",0.153546592489569
"72141",0.135714285714286
"72144",0.105980439313773
"72145",0.09616653228762
"72147",0.178304239401496
"72148",0.128106549498833
"72149",0.124965818977304
"72151",0.148341635281254
"72154",0.0966674545024817
"72155",0.557686359418497
"72157",0.122291529875246
"72160",0.303868797308663
"72162",0.102145876232795
"72167",0.181454367984383
"72168",0.156149681376072
"72169",0.746045694200351
"72170",0.15260158117301
"72171",0.204292704626335
"72175",0.135827338129496
"72179",0.136495443247722
"72180",0.144061740746034
"72181",0.216224018475751
"72183",0.10632579482137
"72184",0.278613904999633
"72185",0.162459455648005
"72190",0.122042341220423
"72193",0.0955414012738854
"72194",0.0935550935550936
"72195",0.134831460674157
"72198",0.102582582582583
"72199",0.120438726007171
"72201",0.0899604174163368
"72203",0.146281047064337
"72205",0.113413932066782
"72215",1.2257806244996
"72219",0.915118631598308
"72224",0.868383087337698
"72225",0.132070365358593
"72230",0.213592233009709
"72231",1.47018399467967
"72236",0.753350370878265
"72238",0.0962412852379509
"72243",0.44358593363051
"72244",0.108269598470363
"72246",0.374630987524998
"72249",0.717737003058104
"72254",0.212765957446809
"72258",0.218136200716846
"72265",0.112457349766729
"72269",0.502401207464325
"72273",0.665716152795105
"72277",0.586698858647937
"72278",0.104880362601455
"72284",0.127055109825069
"72285",0.938915650302347
"72287",0.331453634085213
"72290",0.227960605332693
"72293",0.295339266915494
"72296",0.10188261351052
"72297",0.641539272535583
"72301",0.17018594390167
"72306",0.115591397849462
"72307",0.164078866296981
"72308",0.0900981266726137
"72309",0.277978339350181
"72313",0.0935553946415641
"72315",0.162570180910792
"72318",0.19559585492228
"72320",0.0853696257346118
"72322",0.0964197530864197
"72323",0.152030162412993
"72324",0.207576343254735
"72325",0.104895104895105
"72326",0.155688622754491
"72330",0.248867611857853
"72333",0.17268479184367
"72338",0.251193887297039
"72341",0.167211023220209
"72344",0.118272727272727
"72345",0.158308107665876
"72349",0.130932896890344
"72350",0.443828288100209
"72351",0.0946006247211067
"72354",0.118402846412334
"72355",0.210518824282969
"72357",0.0898510242085661
"72361",0.892896294672221
"72365",0.981481481481481
"72368",0.124449814447225
"72371",0.2
"72386",0.194178525226391
"72388",0.609133744110185
"72391",1.00073556454579
"72392",0.124145299145299
"72393",0.10889414947582
"72395",1.04642086032221
"72397",0.112814688623888
"72399",0.0932159502848265
"72400",0.207739740591112
"72401",0.831504845492777
"72404",0.110992529348986
"72413",0.204968944099379
"72415",0.558705612829324
"72416",0.0972491909385113
"72421",0.160233516483516
"72425",0.16199953714418
"72429",0.199886749716874
"72433",0.608695652173913
"72440",0.173835762531106
"72446",0.382769230769231
"72454",0.109011338770639
"72459",0.117981072555205
"72461",0.178497516556291
"72462",0.227890540050743
"72465",0.122107969151671
"72469",0.293418940609952
"72472",0.288899660688318
"72475",0.114247669773635
"72477",0.111162119622246
"72479",0.160246533127889
"72480",0.0928459393516905
"72481",0.441782322863404
"72482",0.14715947980835
"72484",0.787337333962646
"72486",0.118673647469459
"72495",0.997688906752412
"72500",0.301397282420416
"72502",0.115722147850662
"72503",0.10327901040644
"72504",0.228962818003914
"72507",0.132645803698435
"72508",0.0931127356675645
"72511",0.305624483043838
"72512",0.282517482517483
"72514",0.247846012832264
"72515",0.115877930119416
"72518",1.16815613764766
"72519",0.136023429873088
"72522",0.206025631417222
"72535",0.237745098039216
"72536",0.575027382256298
"72542",0.113631626485097
"72543",0.125
"72544",0.209933142311366
"72549",0.375240496251576
"72552",0.108362591765081
"72554",0.118551367331855
"72555",0.225650332728373
"72556",0.210945273631841
"72560",0.320864160994377
"72562",0.275054906947174
"72565",0.229409080538444
"72567",0.0969995889847924
"72568",0.270411117544876
"72569",0.145526410348545
"72572",0.0984944868532655
"72575",0.708586626139818
"72578",0.199175554537722
"72580",0.154071756769968
"72584",0.167105263157895
"72585",0.242015005359057
"72587",0.122242990654206
"72588",0.668520578420467
"72590",0.096362261614719
"72599",0.448427212874909
"72605",0.244988864142539
"72607",0.25179499876207
"72608",1.33158247653107
"72609",0.86304966090571
"72611",0.12930202637504
"72612",0.147317854283427
"72614",0.469212962962963
"72615",0.135814113006945
"72621",0.107245165910719
"72630",0.29474082482028
"72632",0.289882987431983
"72634",0.0938697318007663
"72635",0.142166042446941
"72640",0.207280832095097
"72648",0.557193207305351
"72649",0.101757539444777
"72650",0.186623625542217
"72654",0.207451085499866
"72655",0.187179487179487
"72656",0.129639468690702
"72657",0.237738100311075
"72658",0.316467845879611
"72661",0.195898277276456
"72662",0.193928571428571
"72665",0.383422240459582
"72667",0.168390433096315
"72668",0.127338877338877
"72669",0.160616124599175
"72672",0.136557177615572
"72674",0.121486612495005
"72677",0.194621281018579
"72685",0.113660810326282
"72690",0.572974620836826
"72691",0.241687979539642
"72692",0.123498735777497
"72693",0.247160627366144
"72699",0.181717840658238
"72701",0.233416628805089
"72709",0.423615897082472
"72713",0.295616113744076
"72720",0.143046357615894
"72722",0.108362369337979
"72723",0.126196172248804
"72726",0.190430276003375
"72727",0.139756617739305
"72729",0.0917421243832348
"72735",1.07329520457545
"72736",0.144181199956126
"72739",0.137429264349232
"72745",0.0948397609994568
"72747",0.105458089668616
"72748",0.227072310405644
"72749",0.299903319368353
"72750",0.0992326924734891
"72753",1.41094700260643
"72754",0.215794104707435
"72759",0.0988415268082578
"72772",0.118884248210024
"72774",0.204398082886947
"72775",0.199387357282094
"72776",0.16805058276834
"72778",1.04073756432247
"72780",0.15406611800809
"72787",0.115379754833818
"72789",1.01164725457571
"72792",0.139477668433005
"72795",0.107251908396947
"72805",0.141787941787942
"72807",0.252312435765673
"72813",0.982983345401883
"72821",0.0994378074490513
"72823",0.234419746352107
"72825",0.159841241205124
"72826",0.15564441710243
"72828",0.116297706100371
"72831",0.0970254957507082
"72832",0.145424836601307
"72834",0.184803199326458
"72836",0.123519458544839
"72843",0.125530110262935
"72844",0.0915932452276065
"72852",0.137396883593034
"72865",0.121630094043887
"72873",0.127822023300204
"72881",0.159901284997022
"72886",0.186486486486486
"72895",0.095372460496614
"72898",0.149405772495756
"72899",0.139784946236559
"72900",0.138967183410509
"72902",0.121970495258166
"72925",0.167155425219941
"72927",0.0868159203980099
"72930",0.265925609234716
"72931",0.0971005738447599
"72935",0.112578744157692
"72938",0.190792596108211
"72946",0.104011223773994
"72947",0.2375
"72948",0.114789337919175
"72949",0.105644355644356
"72958",0.201568265682657
"72960",0.130031856356791
"72961",0.0807097882083572
"72962",0.537671701729567
"72972",0.0990393013100437
"72973",0.264196054991034
"72978",0.248069864574105
"72981",0.0915411355735805
"72982",0.178621659634318
"72993",0.0870274680446016
"72997",0.125449871465296
"72999",0.120428084205575
"73010",0.146798194281893
"73016",0.657746478873239
"73024",0.0946605764687352
"73032",0.206007957075592
"73040",0.13490099009901
"73046",0.197922752353132
"73047",0.148082069580731
"73061",0.302314633189486
"73062",0.114285714285714
"73067",0.203716725263687
"73068",0.135319297632567
"73072",0.142494765662748
"73075",0.23800505050505
"73078",0.103896103896104
"73086",0.170745272525028
"73093",0.412272727272727
"73094",0.0951320040102484
"73095",0.185994977101492
"73100",0.142857142857143
"73102",0.0922259136212625
"73103",0.355413895048041
"73106",0.330502269732025
"73112",0.27529869008205
"73121",0.461654387139987
"73122",0.0896490863787375
"73124",0.118517895445178
"73129",0.882086956521739
"73130",0.149767896408502
"73132",0.120889926863745
"73137",0.116979484941074
"73139",0.181113801452785
"73144",0.187174272276598
"73149",0.395027624309392
"73158",0.0848533763788001
"73162",0.120710343172546
"73166",0.178281359671112
"73167",0.783253445176753
"73172",0.19167776298269
"73173",0.331306990881459
"73174",0.106700361517672
"73178",0.105432959091496
"73181",0.518899204244032
"73182",0.278145695364238
"73183",0.499249123977974
"73187",0.264583841835489
"73192",0.0862194943738127
"73204",0.155320555188367
"73205",0.104663518299882
"73208",0.445360429447853
"73212",0.197688030436055
"73216",0.644284982060482
"73218",0.121552878179384
"73225",0.123764333728747
"73229",0.135573713891127
"73230",0.254348748408995
"73233",0.161946259985476
"73242",0.115854410857495
"73246",1.11591355599214
"73247",0.130293887585205
"73251",0.103148970528866
"73254",0.216880791912384
"73261",0.328803322008305
"73274",0.0890756302521008
"73284",0.204616998950682
"73287",0.350637382890493
"73288",0.123985853962971
"73293",0.250505939287286
"73296",0.111513939242405
"73297",0.538305084745763
"73301",0.629080118694362
"73303",0.53819139596137
"73314",0.233333333333333
"73316",0.346173086543272
"73318",0.878260349365877
"73324",0.601545595054096
"73326",1.0246062992126
"73327",0.297218155197657
"73331",1.0298648223829
"73332",0.151861943687557
"73338",0.487242955064737
"73340",0.794691482049384
"73341",0.260857588834818
"73365",0.453223767383059
"73368",0.168690958164642
"73373",0.116814159292035
"73379",0.126543209876543
"73382",0.547481033160003
"73385",0.226498889711325
"73389",0.126066923483647
"73390",0.169559199318569
"73396",1.09063342318059
"73405",0.486535552193646
"73407",0.371394588165329
"73419",0.16206373292868
"73420",0.112115732368897
"73422",0.259960552268245
"73430",0.130403968816442
"73431",0.246816675388104
"73435",0.82639751552795
"73442",0.106977679469133
"73447",0.0899653979238754
"73451",0.118095896002763
"73452",1.15920611401388
"73453",1.22128158374577
"73455",1.06107843831928
"73463",0.622174516984468
"73467",0.155439631057685
"73469",0.107846649946256
"73472",1.35338884412212
"73473",0.0931098696461825
"73489",0.624107142857143
"73490",0.225848563968668
"73500",0.781670205237084
"73504",0.284754521963824
"73516",0.30838465182378
"73523",0.721346839242168
"73526",0.734920058139535
"73545",0.201612903225806
"73558",0.551251203079885
"73563",0.847669571807503
"73569",0.979011610598392
"73571",0.290076335877863
"73579",0.329322162985529
"73582",0.170621468926554
"73588",0.568702290076336
"73598",0.504510590947025
"73603",0.25296239052035
"73606",0.9485452200086
"73608",0.924144171316543
"73609",0.619455859430353
"73610",0.241293845830708
"73611",0.566755872732679
"73617",1.04346546310832
"73619",0.946567862714509
"73622",0.950483558994197
"73628",0.883160785970843
"73634",0.740117746005046
"73635",0.272791221159257
"73644",1.14091169724771
"73647",0.773967551622419
"73649",0.237199003598118
"73652",0.204751484839012
"73656",0.466874618566488
"73658",0.123653686826843
"73660",0.348309705561614
"73666",0.107124595193455
"73667",1.62890625
"73668",0.140255848795667
"73671",1.14412872304005
"73673",0.295880149812734
"73674",0.0987476349220651
"73677",0.795976466122604
"73680",0.30152914941064
"73681",0.18498577032536
"73683",0.143263047704501
"73689",0.144673473319206
"73690",0.382776383568881
"73692",0.118690878961541
"73694",0.106680805938494
"73699",0.148789808917197
"73703",0.672277227722772
"73707",0.245271335284846
"73710",0.0979428848015489
"73711",0.203817138435747
"73712",0.730115647864055
"73713",0.298055178652194
"73720",0.507021213026591
"73721",0.481154624011767
"73723",0.147767332549941
"73724",0.138023630504834
"73728",0.100985957573947
"73729",0.133903986591644
"73736",0.16046046046046
"73737",0.178109917484042
"73738",0.209156785243742
"73739",0.122221124394823
"73744",0.118763595537155
"73747",0.184531886024423
"73748",0.579004920721706
"73750",0.248751486325803
"73754",0.170010729613734
"73761",0.638640056664306
"73772",1.21653151230616
"73774",0.305196726161128
"73804",0.545023696682465
"73811",0.583525893706674
"73813",1.1050600719109
"73822",0.109256844850065
"73824",0.26269908894278
"73825",0.114769090077732
"73826",0.122699386503067
"73827",0.168764697745193
"73828",0.119309654827414
"73830",0.104442112626793
"73833",0.226190476190476
"73834",0.0955186850674523
"73836",0.125707814269536
"73844",0.207291666666667
"73845",0.163049853372434
"73847",0.228172471996317
"73852",0.226109215017065
"73855",0.918830790730173
"73862",0.588298213712697
"73863",0.833139534883721
"73867",0.915446030049664
"73873",0.356029704005857
"73874",1.25619335347432
"73884",0.217855223766024
"73893",0.480774193548387
"73894",0.749010740531374
"73895",0.874127617148554
"73902",0.297805642633229
"73904",1.05392060043452
"73906",0.504166666666667
"73910",0.285714285714286
"73914",0.516984258492129
"73915",1.06686726847208
"73916",0.119582348305753
"73919",0.161200279134682
"73921",1.09380741381174
"73936",0.715926071569013
"73940",0.373608903020668
"73941",0.431723563696919
"73942",0.213332366168577
"73945",0.0966386554621849
"73968",0.540655339805825
"73989",1.01606425702811
"73990",0.567964921330926
"73991",0.103973168214654
"73998",0.0965461288827075
"74002",0.1437444076004
"74004",0.0961945031712474
"74006",0.103767169862641
"74007",0.251751950284279
"74008",0.31812865497076
"74011",0.102327255278311
"74012",0.18314000980232
"74013",0.125768865329799
"74015",0.118291836127368
"74016",0.344630013409728
"74018",0.178652708238507
"74019",0.123745819397993
"74020",0.133750067360026
"74022",0.0808425275827482
"74023",1.35424580321039
"74025",0.162959854525108
"74026",0.0932811480756686
"74030",0.125
"74032",0.174927113702624
"74034",0.142999006951341
"74035",0.122631959508315
"74038",0.156227150865221
"74039",0.31063008410313
"74041",0.347496206373293
"74043",0.157775576623744
"74044",0.316831053133948
"74048",0.152324195470799
"74051",0.43979969518833
"74052",1.30863346544891
"74053",0.130265344718895
"74055",0.151527016444792
"74057",0.808931072039832
"74062",0.673325567850903
"74071",0.659266354876881
"74075",0.872702973605078
"74076",0.524624004718372
"74080",0.335820895522388
"74081",0.106115214180207
"74090",0.34770537318308
"74091",0.231775700934579
"74092",0.668777943368107
"74094",0.203004119360997
"74096",0.272924045651318
"74097",0.196066921044908
"74098",0.128883291351805
"74100",0.107929515418502
"74102",0.106485617294979
"74103",0.119308600337268
"74104",0.142007926023778
"74105",0.106742572495997
"74106",0.100529100529101
"74107",0.819094114456197
"74108",0.124444444444444
"74111",0.167038739330269
"74112",0.100079428117554
"74114",0.132661469227356
"74116",1.1046676096181
"74117",0.0802242716411654
"74120",0.119559779889945
"74121",0.667711598746082
"74122",0.115893578492826
"74123",0.130057129532471
"74125",0.0874524714828897
"74126",0.13052896373419
"74127",0.928598639455782
"74129",0.578408715747772
"74131",0.293419633225458
"74132",0.0964258164052456
"74133",0.13148600923662
"74134",0.329133858267717
"74136",0.143861705244653
"74137",0.545661392077774
"74140",0.110065583119475
"74142",0.0971604515908313
"74143",0.0948366701791359
"74144",0.33029490616622
"74145",0.37974592175545
"74147",0.321722609246358
"74148",0.0865178844390095
"74149",0.164851671047691
"74150",0.188724271651586
"74153",0.309942430371869
"74154",0.121131270010672
"74155",0.115875584322186
"74156",0.364059080962801
"74157",0.106423323062337
"74158",0.0895119978430844
"74159",0.105545617173524
"74164",0.11376442178696
"74165",0.558259410213378
"74166",0.107566651255972
"74167",0.126896149358226
"74168",0.133259911894273
"74169",0.556087023607468
"74173",0.19983677276437
"74178",0.116280105061657
"74180",0.653781512605042
"74182",0.188679245283019
"74183",0.273170032946569
"74185",0.172963604852686
"74186",0.345388788426763
"74187",0.125486802250108
"74189",0.117691389813477
"74190",0.293199402741957
"74191",0.149284253578732
"74192",0.117749419953596
"74194",0.184960298925736
"74195",0.0875319862348893
"74196",0.148671096345515
"74197",0.114128776319805
"74198",0.228028503562945
"74199",1.30384999615769
"74200",0.0986864264061974
"74201",0.118367346938776
"74202",0.652012248468941
"74203",0.093000843271895
"74204",0.0924079453560493
"74205",0.10499964237179
"74206",0.211024713218878
"74211",0.146823375300196
"74213",0.116709732988803
"74220",0.729849424269265
"74227",0.711715367965368
"74228",1
"74229",0.128991946681477
"74230",0.633264581184829
"74237",0.126315789473684
"74238",0.113158821457918
"74239",0.133767204608417
"74241",0.103542234332425
"74243",0.160717196414018
"74244",0.107441118513653
"74245",0.16317215803737
"74246",0.20578363026078
"74249",0.244837758112094
"74251",0.299180327868852
"74252",0.0955709652164187
"74253",0.518317314389191
"74254",0.107171000788022
"74255",0.0972944849115505
"74256",0.102893890675241
"74257",0.192236598890943
"74264",0.532164464748734
"74268",0.216573092118944
"74270",0.0994671403197158
"74277",0.171685971685972
"74284",0.240053557765876
"74286",0.597870852436087
"74287",0.105340339728706
"74293",0.774481090029288
"74302",0.09317738791423
"74303",0.247964547047305
"74309",0.174097102791374
"74310",0.344621513944223
"74315",0.107257203842049
"74316",0.178784489187174
"74318",0.144545149378986
"74319",0.207462573143856
"74320",0.0952681388012618
"74322",0.111022008375657
"74325",0.105308588692274
"74326",0.0961976320582878
"74330",0.0962441314553991
"74333",0.402002751872802
"74334",0.112535852876666
"74335",0.292650379798809
"74337",0.230288909599254
"74338",0.538379530916844
"74340",0.179930534581697
"74341",1.29386955866847
"74342",0.100626959247649
"74343",0.132501117645036
"74347",0.166816009557945
"74349",0.10177304964539
"74351",0.094188376753507
"74352",0.10782953419227
"74354",0.192295933965148
"74355",0.138461538461538
"74356",0.124290409321781
"74359",0.201841858282496
"74360",0.179943767572634
"74361",0.799814668447303
"74362",0.575761165738657
"74363",1.1910447761194
"74365",0.195277755316568
"74369",0.300099276698341
"74370",0.105105105105105
"74374",0.107041396103896
"74375",0.114849187935035
"74376",0.333950513381586
"74377",0.723426758328927
"74383",0.0926448342123554
"74385",0.0967022067939499
"74386",0.15948275862069
"74387",0.405894736842105
"74388",0.0861618798955614
"74392",0.0916165546515741
"74393",0.229147571035747
"74396",0.260926835109568
"74400",1.01361752516282
"74403",0.6810635538262
"74405",0.258839264945336
"74407",0.477546059365404
"74410",0.115370705244123
"74411",0.220545017365749
"74412",0.0959286112660346
"74413",0.721390510022837
"74414",0.127494014365523
"74419",0.503429355281207
"74424",0.612136089908327
"74426",0.358933161953727
"74427",0.13038062283737
"74430",0.188535985456101
"74435",0.529172084958821
"74438",0.116570327552987
"74440",0.103834554071521
"74442",0.51185921958684
"74443",0.110321142375128
"74446",0.605067229692188
"74450",0.0996825396825397
"74451",0.0994277539341917
"74453",0.58557582668187
"74455",0.125562781390695
"74456",0.478360343183985
"74463",1.17703753804532
"74464",0.133815232722144
"74466",0.280914194065758
"74467",0.125054277029961
"74469",0.479138627187079
"74470",0.298192771084337
"74471",0.701412300683371
"74476",0.189040034855013
"74477",0.132703850095154
"74478",0.142530487804878
"74479",0.143913713405239
"74480",0.142711518858308
"74481",0.94345718901454
"74482",0.293785310734463
"74485",0.431818181818182
"74486",0.155911901081917
"74487",0.239624311565696
"74488",0.564904268399789
"74490",0.32378223495702
"74492",0.68671926364234
"74493",0.110232762406675
"74498",0.121884362848218
"74504",0.141935483870968
"74511",0.935893298913628
"74513",0.207149404216315
"74516",0.271194379391101
"74519",0.167524888431171
"74521",0.0964912280701754
"74522",0.0988934993084371
"74525",0.0987654320987654
"74528",0.234445865798349
"74530",0.501103752759382
"74533",0.0966442953020134
"74549",0.113097072419106
"74551",0.125
"74552",0.0922768304914744
"74558",1.65327765003989
"74559",0.517655512215151
"74563",0.276597394540943
"74568",0.711780728634661
"74569",0.131408176508761
"74570",0.0845092629089476
"74574",0.777009108728237
"74577",0.180216802168022
"74580",0.317683881064163
"74585",0.095995721639147
"74589",0.553363228699552
"74591",0.956668625146886
"74596",0.206828826106663
"74597",0.495894909688013
"74600",0.162338102664949
"74610",0.105467283873389
"74616",0.154980222941388
"74617",0.183033419023136
"74626",0.305891980360065
"74629",0.443273092369478
"74633",0.343983995427265
"74637",0.205853658536585
"74644",0.793887069564355
"74645",0.258896030746803
"74646",0.306975009324879
"74648",0.102573807721423
"74653",0.107985480943739
"74661",0.942122510713385
"74665",0.198018095648427
"74666",0.286679174484053
"74670",0.180371352785146
"74682",0.0937716529371006
"74684",0.214665444546288
"74685",0.687907058616441
"74687",0.68111658456486
"74691",0.627885170225043
"74693",0.490106997282609
"74694",0.106691499268325
"74706",1.079011966861
"74711",0.718960409372475
"74717",0.54580962893776
"74718",0.125240076824584
"74720",0.237039737513671
"74724",0.584382871536524
"74729",0.199421965317919
"74732",0.884045621394861
"74734",0.473684210526316
"74735",0.478167501789549
"74737",0.140792031098154
"74741",0.113530881827919
"74743",0.608378870673953
"74744",0.653460116217644
"74747",0.129980691592066
"74748",0.666869465287636
"74753",0.274670571010249
"74754",0.126315789473684
"74760",0.150217815832958
"74761",0.268027210884354
"74762",0.152638487792071
"74763",0.101709873138445
"74764",0.136054421768707
"74766",0.132134061462683
"74769",0.142253170853022
"74770",0.292299723756906
"74772",0.0896986685353889
"74775",0.201650943396226
"74776",0.205296343001261
"74777",0.215719536330223
"74778",0.109097156601667
"74781",0.087894397939472
"74782",0.378494623655914
"74838",0.0904124556132204
"74840",0.194099742449075
"74841",0.0949720670391062
"74843",0.347568208778173
"74844",0.435318998942545
"74845",1.28804815133276
"74846",0.526377491207503
"74855",0.282983070636311
"74868",0.182456140350877
"74879",0.808229813664596
"74890",0.859249894648125
"74892",0.64089121887287
"74895",0.138475021910605
"74901",0.198375584543441
"74917",0.726878492202485
"74918",0.442878182200715
"74919",0.133223490643757
"74925",0.341717879091039
"74926",0.767444629673732
"74931",0.367052023121387
"74934",0.687763713080169
"74945",0.575222800670608
"74959",1.03204555605181
"74972",0.459619582164016
"74973",0.701884284968437
"74978",0.305468025949954
"74989",0.855239248940036
"74992",0.298569203815456
"74995",0.839416058394161
"74996",0.0878604262432093
"74998",0.0969366916269571
"75001",0.751590594744122
"75007",0.131396957123098
"75013",0.750996898537882
"75015",0.788959029582869
"75016",0.222738349070972
"75019",1.25678546141138
"75029",0.121000211909303
"75033",0.57031536486982
"75040",0.442076830732293
"75044",0.595447106085404
"75050",0.26517571884984
"75051",0.227822580645161
"75060",0.221326720396776
"75062",0.113074204946996
"75064",0.897671136203246
"75079",0.193345694272765
"75083",0.536163522012579
"75084",1.26238791882964
"75087",0.899638699317543
"75089",0.159163987138264
"75099",0.116413593637021
"75104",0.1345300524405
"75106",1.02474415762945
"75116",0.525478740668614
"75124",0.72182052937379
"75129",0.857184083111553
"75135",0.345866819747417
"75137",0.104953264149555
"75138",0.743351444094939
"75141",0.153323449468742
"75145",1.15819964349376
"75146",0.119401751776566
"75160",1.00961841690319
"75170",0.570169252468265
"75172",0.605647840531561
"75173",1.22114591920857
"75180",0.239306130494776
"75193",0.845007923930269
"75196",0.26207729468599
"75202",0.132534105002067
"75203",1.05915813424346
"75209",0.376884422110553
"75210",0.110362429811128
"75212",0.133870156014092
"75216",0.191389874234118
"75219",0.192689459587207
"75221",0.128363288312241
"75234",0.132200188857413
"75258",0.524000845844787
"75259",0.559295929592959
"75273",0.129387804001438
"75275",1.02598339949477
"75276",0.593264248704663
"75284",0.292211483797612
"75286",0.748936170212766
"75288",0.201859398879266
"75291",0.301988592569755
"75292",0.12564225525793
"75296",0.167574190035393
"75302",0.137328543435663
"75304",0.238920845823544
"75305",0.36820652173913
"75311",0.51986195238766
"75316",0.12291270344536
"75317",0.514869888475836
"75320",0.0914496036240091
"75321",0.766369047619048
"75329",1.16554968423766
"75339",0.109162536535773
"75355",0.42741935483871
"75359",0.481634337598019
"75368",0.805545063080758
"75369",0.969399373754626
"75370",0.748193809239743
"75373",0.658496732026144
"75379",0.98129480890518
"75387",0.197454723445913
"75388",0.211433496121804
"75394",0.544344473007712
"75398",0.136558219178082
"75404",0.435062371703774
"75406",0.139703658905352
"75409",0.0987549217835479
"75410",0.135819040517027
"75415",0.143353864494337
"75416",0.107257164123558
"75420",0.154853050135836
"75422",0.174668948743356
"75423",0.091810374921455
"75424",0.559615384615385
"75425",0.116340668296659
"75426",0.439263322884013
"75429",0.235388310648519
"75430",0.1502227880331
"75434",1.41534144059869
"75452",0.11576367523596
"75453",0.582019747098562
"75454",0.200206043956044
"75458",0.356645230439443
"75465",1.22507524454477
"75467",0.664083799684316
"75472",0.95169946332737
"75475",0.132598331346841
"75479",0.698533131006576
"75480",0.603401153962952
"75482",1.09069968327095
"75495",0.864555848724714
"75500",0.974716304997014
"75501",0.543390357698289
"75504",0.419914193779049
"75507",0.880833333333333
"75516",0.303823501916425
"75517",1.0574304999428
"75528",0.774240691320371
"75530",0.126732673267327
"75533",0.235103821847728
"75538",0.243086218917035
"75539",0.645382766906969
"75540",0.0997671870720351
"75541",0.161699024701486
"75547",0.186493709666906
"75549",0.372863459380981
"75552",0.159276437847866
"75553",0.0950298210735586
"75555",0.297012570614281
"75556",0.75
"75558",0.713403653202984
"75560",0.133500594216295
"75561",1.39379825959064
"75563",0.81537631831256
"75564",0.250603275658469
"75565",0.168639053254438
"75568",0.41244635193133
"75570",0.338129496402878
"75571",0.35058503878347
"75572",0.158745476477684
"75576",0.526673061314838
"75578",0.187938288920056
"75579",0.562097623785556
"75580",0.0854982103683178
"75590",0.728621632174932
"75593",0.134625838014133
"75597",0.149748743718593
"75599",0.101582937968341
"75600",2.80432628797886
"75602",0.513939393939394
"75604",1.35079726651481
"75605",0.104066022544283
"75607",0.114754098360656
"75608",0.0981440023109699
"75610",0.957419608614416
"75612",0.0886772202844111
"75613",0.120707717378652
"75614",0.313808995974564
"75616",0.133358236832275
"75617",0.117099597166273
"75619",0.128525661159621
"75620",0.120663650075415
"75623",0.258278145695364
"75624",0.0983620051033007
"75625",0.115919383458248
"75627",0.120902869492136
"75641",0.875532821824382
"75642",0.903840428699018
"75646",0.246531483457844
"75656",0.374220623501199
"75657",0.784981684981685
"75659",0.200352526439483
"75660",0.192433137638617
"75662",0.973354231974922
"75665",0.112323585042922
"75668",0.25933729170657
"75669",0.104651162790698
"75677",0.192781316348195
"75678",0.211552888222056
"75686",0.175318677258452
"75687",0.110116636967439
"75689",0.326275631855031
"75690",0.268540898104567
"75691",0.272850492073782
"75692",0.209677419354839
"75693",0.415786202610317
"75695",0.22040685567836
"75697",0.732469365496888
"75698",0.209213051823417
"75705",0.0816485225505443
"75710",0.151968219573853
"75712",0.168804464897679
"75717",0.0963865836791148
"75718",0.397159586395914
"75723",0.143102215868477
"75725",0.125116713352007
"75729",0.139132701833666
"75731",0.29302925989673
"75732",0.350487924548874
"75734",0.137230919765166
"75735",0.134831460674157
"75736",0.421007957559682
"75739",0.246148304145422
"75740",0.164785062961355
"75744",0.110246527525271
"75745",0.176582579723941
"75746",0.217642140468227
"75747",0.133853876185165
"75751",0.0917439878810831
"75753",0.919324577861163
"75758",0.144977019041366
"75763",0.110648714810282
"75764",0.127660875948128
"75767",0.478666245259166
"75768",1.16284433055734
"75769",0.109094595964717
"75770",0.0899815372655719
"75778",0.115589804386485
"75782",0.172225591267435
"75784",0.651258440761203
"75785",0.0877862595419847
"75786",0.0855539971949509
"75788",0.12134320371031
"75789",1.01818181818182
"75796",0.110211165750651
"75799",0.519799219185722
"75801",0.324952594985603
"75805",0.120385232744783
"75809",0.534685165421558
"75812",0.137385717815666
"75813",0.731808377795436
"75814",0.576923076923077
"75823",0.991212814645309
"75826",0.0851880276285495
"75828",1.04773524477657
"75833",0.718918918918919
"75835",0.913218793828892
"75836",0.659536541889483
"75841",0.124732294512961
"75845",0.666144200626959
"75847",0.170023508482114
"75853",0.865505634421191
"75857",0.758090262661442
"75860",0.57442748091603
"75869",0.101792431953972
"75870",0.43046683046683
"75871",0.103301886792453
"75881",0.679447168970129
"75888",1.21679571173317
"75893",1.14962063732929
"75894",0.136301927776269
"75900",0.632075471698113
"75901",0.132218844984802
"75905",0.378630705394191
"75906",0.127519804212018
"75909",0.108725761772853
"75910",0.646470081790788
"75913",0.402850877192982
"75914",0.159877955758963
"75915",1.11428762720943
"75927",1.03160996517546
"75939",0.297915157369396
"75951",0.327580772261623
"75956",0.141755126260961
"75957",0.430809726748559
"75958",0.493146773272416
"75964",0.0872998932764141
"75965",0.10926694329184
"75973",0.594166366582643
"75974",0.165424739195231
"75985",0.107707641196013
"75986",0.752699228791774
"75990",0.255779109589041
"75991",0.106412005457026
"75995",0.234750368225913
"76000",0.322175260636799
"76003",0.68222495174592
"76007",0.0986413043478261
"76014",0.10068065796937
"76022",0.10599182932365
"76024",0.949235274975594
"76025",0.100852272727273
"76041",0.401615845712796
"76044",0.19934410869056
"76051",0.149204607789358
"76055",0.0913238041447626
"76071",0.0924466784404293
"76073",0.13312101910828
"76074",0.769674449559093
"76080",0.0923659025150234
"76082",0.386267307148912
"76088",0.249242699624379
"76089",0.0884344528710726
"76100",0.603979711275849
"76108",0.105313092979127
"76113",0.438226028745816
"76117",0.156709044199987
"76123",0.204886174347585
"76130",0.097525309336333
"76131",0.825531914893617
"76132",0.100251256281407
"76133",0.289720099205345
"76137",0.11430625449317
"76138",0.282939632545932
"76142",0.161102806842717
"76156",0.104239490902572
"76157",0.252318935631968
"76161",0.0961098398169336
"76166",0.418035871064844
"76167",0.139237855946399
"76178",0.1175506268081
"76179",0.105559465165376
"76183",0.128305037573059
"76184",0.215784453981879
"76187",0.139609952925353
"76192",0.108560090702948
"76199",0.173840445269017
"76205",0.131811780000722
"76206",0.215374149659864
"76217",0.0969706947645703
"76219",0.107741591030432
"76220",0.149556529717606
"76222",0.207662207662208
"76223",0.222786417010473
"76229",0.16271186440678
"76233",0.1551901336074
"76238",0.139563708477938
"76246",0.091552226383687
"76251",0.112391930835735
"76252",0.0869267624914442
"76257",0.218589321028345
"76260",0.109585188657136
"76261",0.244
"76263",0.273534828295959
"76265",0.229766431287344
"76267",0.087431693989071
"76273",0.145735707591378
"76281",0.23472845498672
"76282",0.226761721963257
"76293",0.181117002961229
"76294",0.416917601970983
"76295",0.189127324749642
"76299",0.109390315624387
"76302",0.120832118207446
"76303",0.0924937744574884
"76306",0.12694401244168
"76308",0.107522485690924
"76311",0.317774634606318
"76332",0.106163134648892
"76338",0.119970631424376
"76355",0.205303678357571
"76357",0.155491329479769
"76365",0.562981039984982
"76366",0.128064609172195
"76367",0.216893342877595
"76371",0.390969162995595
"76373",0.303929576186587
"76375",0.210703953712633
"76376",0.127556185462644
"76377",0.315834620003431
"76380",0.187383867740245
"76400",0.880261248185776
"76406",0.649007736293306
"76408",0.348616022436288
"76411",0.223064128626871
"76416",0.245379584873472
"76421",0.258003766478343
"76422",0.544698544698545
"76425",0.100305379375147
"76429",0.127385892116183
"76438",0.191363437088996
"76441",0.138332642820973
"76448",0.169962291915755
"76453",0.293624731061035
"76454",0.0939393939393939
"76455",0.245611851114154
"76457",0.237753882915173
"76459",0.275184466019417
"76464",0.409340057005043
"76467",0.142410767936546
"76469",0.141350931088103
"76477",0.372218132397078
"76478",0.205882352941176
"76479",0.101658476658477
"76482",0.126482213438735
"76483",0.147480872968304
"76484",0.109581606473258
"76485",0.125370605675561
"76487",0.35924784217016
"76491",0.229297186467707
"76497",0.108367228355607
"76498",0.126777251184834
"76499",0.0828571428571429
"76500",0.123616236162362
"76501",0.18508132361189
"76505",0.114784427284427
"76508",0.144007703755581
"76509",0.663307493540052
"76510",0.0882884088020868
"76516",0.321821684094661
"76522",0.143731899048407
"76524",0.133045237219566
"76527",0.125224282296651
"76539",0.153901647228568
"76547",0.190470914127424
"76551",0.126413502109705
"76559",0.104994903160041
"76560",0.712632535595274
"76561",0.313095562210727
"76563",0.164964249233912
"76566",0.231800889805919
"76568",0.115241080758322
"76571",0.944606413994169
"76574",0.277961863082213
"76577",0.094577553593947
"76580",0.124620637329287
"76582",0.09800850302081
"76594",0.087431693989071
"76602",0.3625
"76608",0.0983850931677019
"76612",0.196105072463768
"76614",0.0982839313572543
"76624",1.13642034196815
"76626",0.110641567422205
"76628",0.56442831215971
"76630",0.161824429865667
"76633",0.651177769598822
"76634",0.459216762284859
"76637",0.928006544859558
"76640",1.44735938465765
"76642",0.491264131551901
"76645",0.749340949033392
"76646",0.951411383618695
"76650",0.134175346510293
"76652",0.568093385214008
"76654",0.136109608797548
"76658",0.738514413972084
"76668",0.41544296411553
"76670",0.75790879211175
"76681",0.200230149597238
"76683",0.221695089113989
"76686",0.0895120247480291
"76687",0.0981889923108053
"76688",0.127965558303563
"76703",0.84171388101983
"76707",0.0983495145631068
"76709",0.131004366812227
"76710",0.25962325962326
"76719",0.0861970761344219
"76722",0.887886985272017
"76737",0.392574636386833
"76740",0.170012165450122
"76742",0.114069506726457
"76757",0.697231833910035
"76758",0.821383647798742
"76763",0.12961306195482
"76773",0.172961430668624
"76775",0.206260032102729
"76779",0.114444164355936
"76781",0.0983015954709213
"76784",0.102827763496144
"76786",0.710833775889538
"76787",0.110076259532442
"76788",0.0842961456696552
"76789",0.0908592894036625
"76792",0.177952755905512
"76793",0.142647633946031
"76794",0.497869750456482
"76795",0.0874217118997912
"76797",1.04813218390805
"76798",0.167384266212743
"76799",0.114326375711575
"76800",0.105611202956336
"76804",0.100164541341012
"76808",0.120521172638436
"76809",0.113736078299021
"76813",0.132530120481928
"76816",0.139211136890951
"76820",0.0910511918718249
"76824",0.100007446570854
"76826",0.267283928378427
"76829",0.153848974951406
"76832",0.185638957816377
"76843",0.487515665670491
"76846",0.106980887593132
"76850",0.182031862104988
"76854",0.252573781743308
"76856",0.566015178292962
"76857",0.114266509830281
"76863",0.0993798696136111
"76866",0.101449275362319
"76867",0.168265245707519
"76872",0.262645011600928
"76873",0.369348102415108
"76877",0.114394572995075
"76884",0.0977820948680589
"76886",0.116982654296087
"76889",0.167160959827447
"76890",0.109919571045576
"76892",0.111240535818288
"76893",0.139673696776761
"76894",0.179856115107914
"76895",0.122882710131032
"76897",0.147874306839187
"76898",0.108671615858474
"76899",0.0996115924708694
"76900",0.123971797884841
"76901",0.0970638271060425
"76905",0.661090013342913
"76915",0.530631188118812
"76916",0.130915308053978
"76917",0.213926776740847
"76925",0.5414129557626
"76927",0.434396076026977
"76932",0.0922553191489362
"76933",0.794335705812574
"76936",0.128218884120172
"76937",0.415577032404775
"76938",0.107652399481193
"76943",1.23478777085188
"76947",0.176258992805755
"76952",0.0881745416989414
"76954",0.216034785262034
"76959",0.0930365529916275
"76960",0.242261240231402
"76965",0.0963409620391942
"76967",0.151338514680484
"76969",0.134596211365902
"76972",0.316933066933067
"76974",0.694989844278944
"76976",0.13666047570547
"76980",0.127532128076672
"76982",0.240914709517923
"76983",0.114985032576158
"76987",0.111937377690802
"76992",0.393205115193342
"77006",0.100153727901614
"77011",0.569703937913193
"77015",0.125764192139738
"77017",0.826251350378106
"77018",0.0918668711308003
"77022",0.404664484451718
"77031",0.109798129000492
"77032",0.152832674571805
"77034",0.119266875279392
"77035",0.216235252685332
"77036",0.370088116218147
"77037",0.950669581852965
"77038",0.0979342004590666
"77040",0.101851851851852
"77041",0.15452847805789
"77044",0.159202405443899
"77045",0.0889877641824249
"77048",0.130182421227197
"77053",0.113143280266568
"77056",0.294633901705115
"77057",0.137472283813747
"77058",0.690902546567084
"77059",0.491800463638705
"77065",0.108568387440128
"77087",0.118928305631357
"77090",0.238051044083527
"77097",0.114738358137302
"77106",0.0971786833855799
"77110",0.101615941310598
"77113",0.108810366708971
"77116",0.113243761996161
"77117",0.266683768827647
"77124",0.191633301118321
"77125",0.217502618410334
"77127",1.01104807405196
"77128",0.0973584905660377
"77134",0.16050845009389
"77189",0.406454918032787
"77209",0.290197971994206
"77219",0.122482445444225
"77220",0.312571335398663
"77252",0.466792517590527
"77254",0.128667009778693
"77264",0.108698036634858
"77286",0.156543745480839
"77288",0.262388456426808
"77290",0.998936547323644
"77300",0.156776803776129
"77305",0.110799136069114
"77318",0.287539561598875
"77323",0.2997542997543
"77352",0.483750424640471
"77361",0.474626865671642
"77371",0.100669461302634
"77382",0.188746186049812
"77383",0.520486815415822
"77402",0.496294027565084
"77407",0.101967920204879
"77411",1.05640358340423
"77417",0.82091743119266
"77422",0.149005506236656
"77428",0.593038625348803
"77446",0.172413793103448
"77453",0.501091085427948
"77462",0.31038961038961
"77480",0.0843585237258348
"77485",0.975507573316146
"77505",0.180579756058926
"77519",0.0887419523229511
"77521",0.128114393009316
"77531",0.0902096046696736
"77532",0.166079770032339
"77533",0.191123026511766
"77552",0.111594573841822
"77558",0.292075379543327
"77559",0.110836762688615
"77560",0.339412360688956
"77569",0.160517674328762
"77573",0.0888030888030888
"77574",0.0963911525029104
"77577",0.555818074424099
"77578",0.089578171755848
"77579",0.0868778280542986
"77582",0.10880829015544
"77583",0.344916647100258
"77590",0.191285637439484
"77591",0.12020592020592
"77592",1.17472567225371
"77593",0.105783866057839
"77594",0.61083295402822
"77595",0.316093023255814
"77604",0.120571783716594
"77605",0.127069133398247
"77609",0.293838111832726
"77610",0.586934673366834
"77613",0.23144940276126
"77618",0.619718309859155
"77619",1.31440318643197
"77622",0.119767640526226
"77626",0.102788607678583
"77627",1.03098827470687
"77629",0.172772356422972
"77630",0.115063325249259
"77633",0.421458400256987
"77634",0.0977397678680513
"77644",0.106507304116866
"77647",0.517146776406036
"77652",0.124934036939314
"77665",0.949698083486479
"77675",0.551954560641497
"77683",0.149683766690091
"77697",0.123327515997673
"77700",0.846618357487923
"77705",0.890518042761768
"77717",1.05790838375108
"77721",0.119304861889716
"77727",0.840298962782184
"77733",0.123778501628664
"77739",0.260077383046078
"77741",0.876159138498355
"77744",0.30441400304414
"77766",0.109539207760711
"77767",0.25667107001321
"77771",0.0923198576653158
"77772",0.320269200316706
"77779",0.365726032517287
"77781",0.105627887442251
"77782",0.196582489036746
"77794",0.256464625568887
"77798",0.652962206332993
"77799",0.627230769230769
"77803",0.912572361585275
"77805",0.149050040139149
"77806",0.761660160262996
"77809",0.158200378996271
"77810",1.28410394870064
"77827",0.166288308740068
"77832",0.194923464444875
"77853",0.114321608040201
"77854",0.680833386591679
"77855",0.581909348815729
"77857",0.335483870967742
"77862",0.121577528727479
"77864",0.139967637540453
"77866",0.189244712990937
"77875",1.35927770859278
"77877",0.0971500949968334
"77883",0.846769582618639
"77889",0.133327087042069
"77891",0.108498949749556
"77920",0.262684817299551
"77929",0.0978921043229725
"77938",0.237296037296037
"77940",0.21576474682443
"77945",0.484210526315789
"77951",0.194659170765987
"77963",0.107882829245058
"77974",0.285396739862589
"77975",0.12040520984081
"77976",0.162978298115363
"77980",0.147555555555556
"77981",0.469571750563486
"77982",1.45782973673801
"77983",0.808052434456929
"77987",0.101952402957486
"77994",0.452721088435374
"77996",1.17951163677986
"77998",0.968151551127858
"78004",0.512366634335596
"78016",0.749717926594544
"78021",0.443396226415094
"78027",0.790618955512573
"78031",0.777927063339731
"78038",0.119404466501241
"78052",0.881352619233776
"78062",0.901729106628242
"78070",0.0893189023723625
"78071",0.763361344537815
"78082",0.577823691460055
"78088",0.355979786636721
"78100",0.103076834928093
"78102",0.592425735604674
"78103",0.407407407407407
"78105",1.04450304928301
"78108",0.265590769680152
"78111",1.0743625405656
"78115",0.42869342442357
"78119",0.743467224130208
"78134",0.217864923747277
"78151",0.394655305964369
"78167",1.18813993174061
"78170",0.97804574703942
"78174",0.679992064279337
"78176",0.598145285935085
"78177",0.17141893031888
"78183",0.923757834205595
"78185",0.328445747800586
"78200",0.817852577758841
"78202",1.1361168822465
"78217",0.564516129032258
"78229",0.795486164785902
"78232",0.172741014444071
"78244",0.139940174274938
"78245",0.604098360655738
"78246",0.108343195266272
"78248",0.142523364485981
"78249",0.251478550603915
"78250",0.535
"78251",0.159198734844491
"78252",0.541992775436484
"78255",0.11978221415608
"78257",0.316633266533066
"78266",0.112875288683603
"78267",0.19102130887525
"78283",0.126559714795009
"78284",0.84241342775888
"78286",0.147051314781721
"78287",0.0954413367235743
"78294",0.170827092694292
"78303",0.233641042398497
"78304",0.185043552156363
"78308",0.127773322641005
"78309",0.171315724512466
"78312",0.716944609886837
"78317",0.200047517224994
"78321",0.425021670037561
"78323",0.155154782932044
"78329",0.751023678119993
"78330",0.130028806993146
"78334",0.121553025106325
"78339",0.14273127753304
"78353",0.541159387914665
"78365",1.26680433660299
"78369",0.398174831892411
"78372",0.20307032396433
"78373",0.205283187821804
"78376",0.734621099554235
"78388",0.249830124575311
"78390",0.911269187570198
"78394",0.112008533983542
"78403",0.417721518987342
"78405",0.539325842696629
"78408",0.10877831046454
"78412",0.420673076923077
"78416",1.17886178861789
"78428",0.133296208170911
"78438",0.20829191275364
"78439",0.344667697063369
"78443",0.717728055077453
"78444",0.271972789115646
"78445",0.767637540453074
"78449",0.62208067940552
"78451",0.627838104639684
"78455",0.153559050919755
"78456",0.248974287097678
"78465",0.120347047299188
"78473",0.575491426181514
"78482",0.491965389369592
"78500",0.55522983845818
"78506",0.12922236596234
"78514",0.21929144039307
"78520",1.22494432071269
"78521",0.0940367811048956
"78523",0.128596004969894
"78536",0.559149846277236
"78541",0.106990521327014
"78550",0.987965659972405
"78552",1.0567185543031
"78558",0.280425593936744
"78560",0.168139787870547
"78568",0.305351839505425
"78569",0.249715261958998
"78575",0.49620357069567
"78581",0.136320754716981
"78586",0.168945686900958
"78593",0.294734633941682
"78600",0.82225874618455
"78603",0.333945628214548
"78610",0.125169540786669
"78611",0.243180046765394
"78616",1.20610597041315
"78617",0.259427787820233
"78618",0.157493907392364
"78619",0.175213013168087
"78623",0.256540278898237
"78625",0.281345812489914
"78635",0.364006709801102
"78651",0.1101243339254
"78653",0.154678618277219
"78655",0.108734139864267
"78656",0.0980112369571034
"78658",0.109952968094572
"78668",0.412844036697248
"78670",0.165447997380771
"78672",0.313247470101196
"78688",0.142857142857143
"78689",0.0918674698795181
"78697",0.137954836801104
"78703",1.14200954469238
"78706",0.82132211116956
"78709",1.30683611595647
"78733",0.589403973509934
"78739",0.367410714285714
"78748",0.432097380378078
"78749",0.228308592933305
"78751",0.193212996389892
"78752",0.115452151009658
"78754",0.438244221340182
"78755",0.202382998224208
"78757",0.0961140967341877
"78767",0.706040268456376
"78771",0.12536443148688
"78772",0.592082616179002
"78774",0.932812303037943
"78777",0.184674885182499
"78779",0.129508300998664
"78781",0.181220464351757
"78783",0.144963144963145
"78784",0.170159328153206
"78785",0.113505996871198
"78787",0.101178393483247
"78789",0.890749986578622
"78795",0.11908077994429
"78796",0.130261660978385
"78797",0.138649789029536
"78798",0.133529758397171
"78800",0.450724842990036
"78801",0.958933185677372
"78802",0.220779220779221
"78803",0.807228915662651
"78805",0.889830508474576
"78806",0.261548913043478
"78808",0.0980207351555137
"78809",0.728876080691643
"78816",0.290107761230173
"78825",0.105351370764995
"78829",0.138455044322499
"78830",0.104669887278583
"78832",0.105362343669693
"78833",0.285988729508197
"78834",0.147216764898494
"78849",0.651874046017299
"78878",0.117187917669072
"78883",0.67317880794702
"78885",0.144361109199752
"78887",0.130140031118026
"78889",0.161023622047244
"78890",0.222087378640777
"78891",0.102526971254797
"78892",0.394925634295713
"78893",0.0909473362144797
"78894",0.106255480853552
"78895",0.207181328545781
"78896",2.35831347917118
"78899",0.356946209233376
"78903",0.100525827404887
"78906",0.825505188421627
"78908",0.244622370936902
"78912",0.160301008093142
"78913",0.092523911770447
"78914",0.258182483086487
"78919",0.360011232799775
"78920",0.0920151478527113
"78921",0.213617658062103
"78923",0.278047678228449
"78925",0.146176594845796
"78926",0.109745762711864
"78928",0.096761500019675
"78929",0.127026132980483
"78933",0.288937568455641
"78934",0.227834811012599
"78935",0.158703359783893
"78937",0.0954938824231573
"78938",0.108747855917667
"78943",0.2348303870043
"78977",0.272708757637475
"79043",0.103061986557132
"79044",0.174085325584467
"79059",0.155347721822542
"79196",0.157033354050135
"79201",0.311145272867025
"79202",0.236992209237618
"79221",0.229426433915212
"79233",0.145198237885463
"79235",1.01367474302496
"79263",0.0994465274058204
"79264",0.0940690853791006
"79362",0.254823151125402
"79456",0.308879392212726
"79459",0.426673612920031
"79464",0.123172103487064
"79554",0.138376383763838
"79555",0.088218793828892
"79560",0.147532626427406
"79565",0.270262035344302
"79566",0.151260504201681
"80280",0.122259383128948
"80281",0.12412423456722
"80283",0.146341463414634
"80284",0.13881309686221
"80285",0.219649122807018
"80286",0.137541345093716
"80287",0.20816122167981
"80288",0.14514468128926
"80289",0.139443535188216
"80290",0.153621495327103
"80291",0.181991606257154
"80292",0.113650167020954
"80294",0.150680126281327
"80297",0.121564354038019
"80334",0.136065282951925
"80385",0.100060236931932
"80509",0.121800402645959
"80515",0.163334034940013
"80517",0.105235042735043
"80707",0.160257251607823
"80708",0.144947151327662
"80718",0.135387948011028
"80719",0.364769647696477
"80720",0.26689455692874
"80721",0.354388750283511
"80732",0.122188449848024
"80733",0.297230984928146
"80743",0.0995024875621891
"80744",0.121489494487206
"80748",0.0994754589733983
"80749",0.131782945736434
"80750",0.109040286379908
"80751",0.0989010989010989
"80752",0.133363471971067
"80795",0.131987318538295
"80797",0.603404255319149
"80837",0.281706920827467
"80859",0.172258796821793
"80860",0.233116937863587
"80861",0.466435185185185
"80876",0.275120902740462
"80877",0.12391352796969
"80879",0.486820428336079
"80880",0.176506145476526
"80883",0.17091388400703
"80884",0.119510839355197
"80885",0.865445356917246
"80886",0.107250107250107
"80888",0.168676122931442
"80889",0.214302407104464
"80890",0.0881023266071232
"80891",0.143753014954173
"80892",0.260226006684705
"80893",0.482398956975228
"80898",0.21471048513302
"80901",0.803630363036304
"80902",0.149091668406766
"80903",0.757053166971311
"80904",0.109614340032591
"80905",0.174786845310597
"80906",0.136445242369838
"80907",0.131704726500266
"80909",0.212607790663098
"80910",0.507719714964371
"80911",0.123685995252628
"80912",0.130530432657052
"80913",0.0828729281767956
"80914",0.141951391334977
"80915",0.170553935860058
"80976",0.102042094713104
"80979",0.622310305775764
"80981",0.200904677846425
"80982",0.339459459459459
"80985",0.0849462365591398
"80986",0.434428794992175
"80987",0.0909657644552964
"81000",0.138215665612926
"81003",0.132408254549151
"81004",0.0920144476629832
"81006",0.174878556557946
"81018",0.103666370194683
"81489",0.13255033557047
"81500",0.144429766622633
"81535",0.111574746008708
"81600",0.627751428918886
"81601",0.116364639867537
"81630",0.136690647482014
"81701",0.533099824868651
"81702",0.0851975595583963
"81703",0.214764112754839
"81799",0.643979057591623
"81840",0.159438775510204
"81845",0.17322914552466
"81877",0.163838585484101
"81879",0.331156419241797
"81896",0.175915524601213
"81897",0.329840188629814
"81898",0.0908282971916104
"81904",0.0989692110759281
"81905",0.146766169154229
"81906",0.175755963465461
"81907",0.158913608783589
"81909",0.133317974119725
"81910",0.128450106157113
"81913",0.561047079507716
"83379",0.291920731707317
"83382",0.393295561850803
"83383",0.244349005424955
"83395",0.466415568110483
"83396",0.142438795829917
"83397",0.224100156494523
"83398",0.188433181430847
"83408",0.893289705020512
"83409",0.123555555555556
"83410",0.0875602300398943
"83429",0.122660137429903
"83430",1.07809523809524
"83431",0.104079933388843
"83433",0.275147928994083
"83435",0.103631462099588
"83436",0.279706228781265
"83453",0.262364082777973
"83454",0.877688888888889
"83456",0.711785297549592
"83485",0.131497882171737
"83486",0.0915791413303851
"83490",0.281923714759536
"83493",0.112874583795782
"83553",0.778
"83554",0.602487198244331
"83555",0.748563218390805
"83558",0.892627714897522
"83560",0.400539014373717
"83561",0.316899013940836
"83602",0.12204528489674
"83603",0.165503875968992
"83669",0.205139868091881
"83671",0.206728640991589
"83673",0.277580365259069
"83674",0.132132132132132
"83675",0.230443974630021
"83679",0.145539906103286
"83691",0.206483644859813
"83701",0.129208258416517
"83703",0.152304609218437
"83704",0.160662455181834
"83762",0.49021794221997
"83766",0.107123075218788
"83767",0.0814103198969991
"83768",0.170321978534764
"83771",0.442335517916418
"83796",0.174935423532555
"83797",0.0969198625058974
"83814",0.240872451398767
"83815",0.231467793030623
"83885",1.33995037220844
"83921",0.189806678383128
"83922",0.160916878907154
"83924",0.196964856230032
"83925",0.169172932330827
"83945",0.0967440992629909
"83946",0.0960295475530933
"83961",0.321325327996442
"83962",0.113916548127074
"83964",0.171861019982106
"83965",0.0956758597208035
"83997",0.09375
"84004",0.247001968856274
"84035",0.148040416411513
"84036",0.145003265839321
"84092",0.0995834911018554
"84094",0.262558869701727
"84095",0.119545454545455
"84111",0.843891153464801
"84113",0.1
"84505",0.129637907912383
"84544",0.845143830810865
"84585",0.0906783246368636
"84652",0.145475819032761
"84653",0.69102777422245
"84682",0.571558441558441
"84704",0.174725531417893
"85029",0.976270678943035
"85030",0.413333333333333
"85031",0.444612667171335
"85305",0.0996611520829181
"85308",0.187134146341463
"89867",0.349665246500304
"93670",0.763779527559055
"93671",0.430445065577295
"93673",0.667934970598409
"93674",0.477777777777778
"93679",0.107494322482967
"93681",0.142372668466997
"93683",0.170417124039517
"93684",0.142767137096774
"93685",0.138782542113323
"93686",0.104149715215622
"93687",0.104885993485342
"93688",0.460967855881314
"93689",0.391673091750193
"93690",0.163332212508406
"93691",0.143727161997564
"93692",0.165239294710327
"93694",0.434558349451966
"93695",0.267300115874855
"93696",0.173511589881697
"93697",0.124171341152473
"93699",0.107082426879381
"93700",0.133387888707038
"93701",0.154490106544901
"93702",0.151299504950495
"93703",0.135822401614531
"93704",0.144654088050314
"93705",0.279279279279279
"93706",0.112171147730558
"93707",0.15356216324087
"93708",0.114485165794066
"93709",0.137931034482759
"93710",0.119212663597331
"93711",0.157453497511134
"93712",0.121830209481808
"93713",0.14478527607362
"93714",0.119890195142329
"93715",0.110324349017816
"93716",0.145656624744077
"93717",0.194569445503775
"93722",0.176521739130435
"93723",0.102094681866682
"93724",0.136279926335175
"93728",0.253075773255145
"93730",0.0988051470588235
"93734",0.116682534645086
"93735",0.429220779220779
"93736",0.125748502994012
"93737",0.200290275761974
"93739",0.122274915062288
"93742",0.215463150058492
"93746",0.917547568710359
"93747",0.103105861767279
"93757",0.327712569570728
"93759",0.125949620151939
"93760",0.125908642196895
"93761",0.130130324839525
"93762",0.108243811303129
"93765",0.12117212249208
"93790",0.123173768027435
"93834",0.189526184538653
"93835",0.486122125297383
"93836",0.101123595505618
"93837",0.292945544554455
"93838",0.616986464376023
"93840",0.154550658271322
"93841",0.421956087824351
"93842",0.449388209121246
"93843",0.203665987780041
"93871",0.0951828206616367
"93872",1.25782463928968
"93873",0.270190895741557
"93874",0.186162996973808
"93875",0.236084452975048
"93876",0.201434752903667
"93877",0.199320498301246
"93878",0.178702807357212
"93879",0.291734461438334
"93880",0.163939899833055
"93881",0.22084987501838
"93882",0.20157215047726
"93883",0.170135746606335
"93884",0.177606177606178
"93885",0.156144686587284
"93886",0.188092448610076
"93887",0.186503229207856
"93888",0.147417195812597
"93889",0.212153518123667
"93890",0.257696266492
"93891",0.139242010217417
"93892",0.21747042766151
"93893",0.165208629139376
"93895",0.725586979722519
"93896",0.376450864070157
"93897",0.895492420439715
"93898",0.117615234797663
"93960",0.25129168623767
"93961",0.191004557162671
"94040",0.122608695652174
"94041",1.0168986083499
"94043",0.201618183518848
"94044",0.100185528756957
"94045",0.503240888322176
"94047",0.105499438832772
"94061",0.115460672343517
"94062",0.0961441076466758
"94063",0.132720775906075
"94064",0.13343376735177
"94065",0.208554172316036
"94066",0.170964660936008
"94067",0.138998462258474
"94088",0.769776283082322
"94089",0.370234726152822
"94090",0.102056962025316
"94091",0.130097371696317
"94092",0.325251483105494
"94093",0.087893864013267
"94094",0.346521145975443
"94109",0.133515943250457
"94112",0.127012723792366
"94176",0.200161136008862
"94178",0.0968078826681197
"94180",0.103279832519191
"94181",0.174292766280615
"94184",0.0927835051546392
"94185",0.123439667128988
"94186",0.0857320872274143
"94187",0.208921414880641
"94190",0.0918177198034897
"94191",0.146228657877675
"94192",0.153582447720261
"94212",0.113725989059916
"94213",0.094831013916501
"94214",0.114573923517013
"94216",0.365488768534138
"94217",0.122220980895989
"94218",0.113270485859318
"94219",0.125224416517056
"94220",0.157450948597373
"94221",0.102121361618155
"94223",0.162312312312312
"94224",0.663120567375887
"94226",0.282248520710059
"94227",0.30972323379461
"94229",0.108478637029149
"94230",0.120512820512821
"94232",0.107787351650138
"94242",0.455015373646451
"94244",0.990005330490405
"94245",0.156845670053217
"94246",0.114583333333333
"94249",0.12889099926137
"94253",0.155793573515093
"94254",0.170646172213102
"94275",0.0994014786996831
"94279",0.216634765964851
"94280",0.160779315367808
"94281",0.149711239449134
"94282",0.113266705859298
"94284",0.386156266386995
"94315",0.119049955834724
"94332",0.0975786924939467
"94346",1.20643019112407
"94352",0.878632478632479
"94353",0.130011943354376
"96875",0.756972111553785
"96935",0.0994393139841689
"96957",0.108716323296355
"96979",0.130906134248803
"97031",0.173605497170574
"97064",0.123409669211196
"97086",0.284764034635013
"97112",0.152737752161383
"97114",0.582053712480253
"97122",0.706115400243803
"97130",0.207207207207207
"97159",0.216120906801008
"97165",0.332308804917736
"97212",0.104614133748899
"97243",0.550541215653622
"97287",0.148554148554149
"97387",0.11194714626537
"97402",0.808782493758261
"97423",0.183387270765912
"97440",0.381282495667244
"97484",0.117808219178082
"97487",0.159218801721284
"97541",0.104758757435558
"97761",0.173530111878124
"97775",0.368653421633554
"97820",0.103969754253308
"97827",0.115297663903542
"97848",0.770833333333333
"97863",0.11278725504018
"97884",0.141895530425417
"97895",0.988191577208918
"97961",0.132760967437965
"97998",0.16606847045831
"98053",0.109079616474516
"98170",0.159461627596042
"98193",0.0878474980142971
"98221",0.0993763418873326
"98238",0.0882171499074645
"98258",0.0938299127926038
"98267",0.197475744826994
"98303",0.199142762940983
"98314",0.135483870967742
"98363",0.204026115342764
"98365",0.803113850145962
"98366",0.127659574468085
"98376",0.140675477239354
"98386",0.135199726869239
"98388",0.0915107547409953
"98396",0.117515937764701
"98402",0.152807254485819
"98403",0.100323624595469
"98404",0.100896458987001
"98415",0.132873614355096
"98417",0.109467455621302
"98432",0.107157983905125
"98452",0.336532002686882
"98488",0.121651639879786
"98496",0.21541057367829
"98582",0.817729083665339
"98660",0.10272536687631
"98682",0.128416200197563
"98685",0.121679026567787
"98710",0.116079105760963
"98711",0.178706353749284
"98732",0.0895522388059701
"98733",0.176382939094803
"98736",0.23586781554777
"98741",0.137701999452205
"98758",0.0974011299435028
"98766",0.107651460294473
"98828",0.120847176079734
"98845",0.299824172463879
"98870",0.894427375781333
"98878",0.217669351018475
"98910",0.160116448326055
"98932",0.215418994413408
"98952",0.103273614107495
"98956",0.125469081416218
"98970",0.653683454385825
"98985",0.223703536323579
"98999",0.118116122601545
"99003",0.11787421846267
"99010",0.10719841606562
"99011",0.167212041884817
"99031",0.0914516750096265
"99045",0.115514686324429
"99100",0.236473583704647
"99138",0.110890559987785
"99151",0.198670416773204
"99152",0.0987261146496815
"99167",0.131464344039194
"99237",0.106587942821628
"99296",0.220839096357769
"99311",0.147617807862536
"99326",0.155857385398981
"99334",0.152904518139328
"99349",0.213626103016622
"99371",0.099245177523064
"99375",0.0882324916626965
"99377",0.498757993763543
"99382",0.202427059127292
"99412",0.0924183238636364
"99439",0.601377468550144
"99470",0.159830023415142
"99480",0.116397849462366
"99512",0.090634246751576
"99526",0.107957666532391
"99542",0.210225921521998
"99543",0.12092726838206
"99571",0.908869987849332
"99586",0.12888665997994
"99633",0.347629009762901
"99650",0.0981518151815182
"99662",1.16733067729084
"99681",0.189620758483034
"99683",0.103209191759113
"99696",0.115328467153285
"99712",0.116218499225679
"99730",0.182325496294941
"99738",0.304057809894386
"99870",0.175778676954926
"99887",0.116356107660455
"99889",0.13255910410618
"99890",0.172528201725282
"99899",0.72207563764292
"99929",0.147066014669927
"99982",0.0980252200808946
"100017",0.262071756137038
"100019",0.126443287299072
"100061",0.331798447572688
"100072",0.090044671346522
"100087",0.157149561952441
"100088",0.202090592334495
"100090",0.195868683142752
"100102",0.683167642652867
"100121",0.1
"100129",0.168784108273303
"100155",0.426174757281553
"100163",0.18672591472062
"100165",1.0038573632779
"100169",0.170048494129658
"100177",0.0987691383968778
"100182",0.20774818401937
"100198",0.156958271552637
"100201",0.0969418590595914
"100206",0.172971412070459
"100210",0.209110584355354
"100213",0.0865578492558809
"100226",0.0997189493027781
"100273",0.105250820440694
"100317",0.110650069156293
"100336",0.121863799283154
"100340",0.353110312413602
"100342",0.714771953710007
"100382",0.203423766142757
"100383",0.0908831637988402
"100434",0.0943494038361846
"100465",0.156813335917814
"100470",0.593722755013078
"100473",1.31203173204055
"100494",0.107961280126432
"100515",0.110056925996205
"100532",0.212132089016511
"100561",0.184663536776213
"100604",0.137626527050611
"100608",0.129335494327391
"100609",0.199753221826158
"100637",0.114799446749654
"100678",0.160640189685833
"100683",0.182837794942334
"100702",0.230769230769231
"100705",0.28585235640648
"100710",0.0991387559808612
"100715",0.153276481149013
"100732",0.0936663693131133
"100737",0.1
"100740",0.640816326530612
"100756",0.101967924924715
"100763",0.0933970460469157
"100764",0.185516520830613
"100855",0.161227221249871
"100900",0.245157331930932
"100910",0.157721232100546
"100929",0.149337260677467
"100952",0.311410798233534
"100972",0.109557270933573
"100978",0.179624664879357
"100986",0.134952606635071
"101023",0.12792511700468
"101095",0.133960047003525
"101100",0.208532462991025
"101113",0.120184254606365
"101118",0.107870989304813
"101122",0.214882943143813
"101142",0.141627794756313
"101148",0.133445278546029
"101185",0.114107201578428
"101187",0.121145374449339
"101197",0.114269788182832
"101202",0.626421100500227
"101206",0.117122473246136
"101214",0.11958041958042
"101240",0.138819357530246
"101314",0.104600973459455
"101320",0.794341319813558
"101351",0.130910683012259
"101358",0.129013614179296
"101359",0.353073583793344
"101401",0.203007518796992
"101437",0.116019976949673
"101471",0.134699031850709
"101476",0.103932584269663
"101488",0.161221018709158
"101489",0.103469899665552
"101490",0.169369369369369
"101497",0.230792100233595
"101502",0.196248196248196
"101513",0.152356020942408
"101533",0.43271409152696
"101540",0.261087204707122
"101543",0.299298021697511
"101544",0.208654101406955
"101565",0.110364683301344
"101568",0.135045698077529
"101592",0.129450574451143
"101602",0.540512465373961
"101604",0.228689275893676
"101612",0.138779527559055
"101613",0.483130395446149
"101631",0.172805434667233
"101685",0.110151187904968
"101694",0.200224215246637
"101700",0.18632855567806
"101706",0.161594418052257
"101739",0.115310344827586
"101744",0.680021754894851
"101772",0.273916737468139
"101809",0.128072187048208
"101831",0.248612440191388
"101835",0.156818181818182
"101861",0.118138424821002
"101867",0.204585207396302
"101869",0.118000991010122
"101883",0.309859154929577
"101943",0.107557860366849
"101966",0.15811606391926
"101985",0.186836518046709
"101994",0.0909604200779177
"102015",0.490909090909091
"102032",0.167366293532338
"102058",0.0987821380243572
"102060",0.176100628930818
"102075",0.477006469662528
"102093",0.165529010238908
"102098",0.115729218516675
"102103",0.118299445471349
"102115",0.119278466741826
"102122",0.110819130565358
"102124",0.24031007751938
"102141",0.109452736318408
"102162",0.134915516574229
"102182",0.128627643876045
"102193",0.110835401157982
"102209",0.16406175088695
"102247",0.10752688172043
"102278",0.508512820512821
"102294",0.18978102189781
"102323",0.103407755581669
"102334",0.126819126819127
"102339",0.106328774470367
"102371",0.873090481786134
"102402",1.09058021427578
"102414",0.108838821490468
"102423",0.106690777576854
"102436",0.31326255404769
"102442",0.125745004090219
"102448",0.19549929676512
"102462",0.166237389997854
"102502",0.173012552301255
"102545",0.349194729136164
"102566",0.131884057971014
"102580",0.125613035912039
"102595",0.18144578313253
"102607",0.101482326111745
"102614",0.259785111281658
"102626",0.249907136076602
"102632",0.12599265141638
"102644",0.343687256407228
"102657",0.165076335877863
"102680",0.461459798031446
"102688",0.598252243741143
"102693",0.140872020075282
"102747",0.0979012779927307
"102774",0.0981254781943382
"102791",0.153967895093828
"102857",0.0865832720137356
"102866",0.143905191873589
"102871",0.468059701492537
"102920",0.468945393914131
"102941",0.162904689863843
"102954",0.173439911360848
"102991",0.832214156079855
"103012",0.0998983946352367
"103080",0.281970435281111
"103098",0.130450953045095
"103135",0.145507702687507
"103136",0.122999460528682
"103140",0.365669386521608
"103142",0.608505315822389
"103149",0.79786072909845
"103161",0.93240768996033
"103172",0.297213375796178
"103175",0.469926021228691
"103199",0.10781577110956
"103213",0.181818181818182
"103220",0.28859601936525
"103236",0.114474929044465
"103266",0.123300019596316
"103268",0.215924426450742
"103284",0.148987854251012
"103406",0.0928444707273802
"103425",0.121827411167513
"103466",0.107041251778094
"103468",0.13348588863463
"103511",0.308270676691729
"103534",0.106472214278906
"103537",0.108488612836439
"103551",0.236035730438716
"103554",0.153887982599239
"103573",0.0873104275554794
"103583",0.1334817766319
"103655",0.429715302491103
"103677",0.11885746500047
"103694",0.113835125448029
"103710",0.137496419364079
"103711",0.165415480196738
"103712",0.202347953693136
"103724",0.139525691699605
"103729",0.245
"103733",0.151986183074266
"103737",0.160070880094507
"103742",0.146159075458871
"103743",0.420134852359916
"103765",0.214809051416715
"103768",0.103575975002893
"103775",1.26193975018369
"103784",0.154885844748858
"103806",0.137629459148446
"103836",0.12853685001252
"103841",0.115521064301552
"103844",0.273098222092684
"103850",0.136204481792717
"103948",0.379151148355059
"103949",0.379151148355059
"103963",0.109112966531078
"103967",0.0965535858903986
"103968",0.763596004439512
"103978",0.131458699472759
"103988",0.390079365079365
"104001",0.0943725461683874
"104009",0.130952380952381
"104010",0.193003913894325
"104015",0.111794386628824
"104027",0.159519168291098
"104069",0.0996098104793757
"104079",0.507146941109205
"104080",1.05385464073921
"104082",0.0852282441442982
"104086",0.386013433425524
"104099",0.251863407869648
"104103",0.476283682390553
"104110",0.329689263858357
"104111",0.105299526922872
"104112",0.0868664328976729
"104130",0.155351889567776
"104156",0.128051589129433
"104174",0.120127688172043
"104175",0.147736513960423
"104184",0.115352697095436
"104215",0.157194060419867
"104245",0.706330318895764
"104248",0.114462165727305
"104252",0.293478260869565
"104263",0.0923928470053931
"104271",0.204164722846601
"104303",0.123549684089604
"104318",0.10166012138522
"104346",0.124701861806272
"104348",0.111994586364405
"104349",0.209054593874834
"104362",0.453265460846962
"104366",0.776148249204184
"104367",1.00441115272576
"104368",0.928347826086957
"104382",1.04049412075571
"104383",0.182466870540265
"104394",0.118150684931507
"104401",0.120374803365023
"104416",0.0864600326264274
"104418",0.0921334346294634
"104444",0.122307692307692
"104445",0.176095073674068
"104457",0.184668989547038
"104458",0.10560567963319
"104479",0.14089396788659
"104522",0.630769230769231
"104570",0.108870967741935
"104582",0.366567573747999
"104601",1.12930943035961
"104625",0.146017269816629
"104662",0.10468085106383
"104681",0.207592248473586
"104692",0.589001907183725
"104709",0.379250720461095
"104718",0.0829034635224761
"104721",0.109174487646045
"104725",0.15564678766926
"104732",0.416205648683499
"104759",0.249626456818408
"104771",0.116319194823868
"104776",0.103120759837178
"104798",1.11979166666667
"104799",0.0971082854799016
"104806",0.151073808936065
"104816",0.462333224861699
"104831",0.132478632478632
"104836",0.105436832181018
"104859",0.0866679132385939
"104871",0.180110497237569
"104884",0.159498500953938
"104885",0.131996974281392
"104886",0.138657604078165
"104910",0.417910447761194
"104923",0.150240384615385
"105000",0.0864084764340519
"105005",0.190652475705692
"105014",0.165993719156572
"105083",0.168539325842697
"105120",0.480432972522898
"105148",0.0876728449543984
"105171",0.100396918048097
"105193",0.144184581463107
"105203",0.114679463516673
"105239",0.100510677808728
"105243",0.284857808646863
"105245",0.0954246038810753
"105246",0.113863551168312
"105278",0.260793172690763
"105298",0.165846153846154
"105348",0.126549491211841
"105349",1.2120704845815
"105351",0.121447028423773
"105352",0.158041179744018
"105364",0.331002331002331
"105372",0.107457200889835
"105377",0.167610861496386
"105387",0.4806409980641
"105428",0.117005545286506
"105439",0.155863581970483
"105440",0.155936473658163
"105445",0.120501371779009
"105446",0.130699088145897
"105450",0.261382187556684
"105501",0.118158676283411
"105504",0.11024572180781
"105513",0.103254067584481
"105522",0.169243986254296
"105559",0.0999314755596162
"105590",0.876219512195122
"105638",0.140452972632903
"105651",0.21595598349381
"105653",0.121098806270675
"105663",0.110803802938634
"105670",0.0994361007202278
"105675",0.129487408465797
"105689",0.151488869615496
"105722",0.125389004149378
"105727",0.100242277407632
"105732",0.423318979794634
"105734",0.246324231430208
"105782",0.116498210149505
"105785",0.564320257925846
"105787",0.107361963190184
"105827",0.304072553045859
"105833",0.254128280896923
"105835",0.100781301293415
"105837",0.268965517241379
"105841",0.249388292866554
"105844",0.252844141069397
"105847",0.172752886580852
"105853",0.0924287118977384
"105855",0.166538756715272
"105859",0.126631042624581
"105975",0.382234524408656
"105988",0.353243670886076
"106014",0.113698630136986
"106021",0.0982905982905983
"106025",0.110749185667752
"106026",0.369891778387983
"106039",0.103550295857988
"106042",0.110267857142857
"106052",0.158440352777348
"106059",0.910575582553276
"106064",0.0913107511045655
"106068",0.109480549732122
"106073",0.136725935009197
"106143",0.0990654205607477
"106200",0.123788759689922
"106205",0.105655296229803
"106248",0.124201107797188
"106264",0.137943855735267
"106298",0.0972118496390341
"106326",0.111804472178887
"106338",0.184592201921266
"106344",0.291423057274224
"106347",0.752856676460986
"106369",0.12588592642592
"106389",0.379292501646439
"106393",0.154409551520016
"106489",0.210985626283368
"106504",0.107761714344304
"106512",0.318357487922705
"106522",0.202825428859738
"106529",0.0864941246467351
"106557",1.68523021413444
"106564",0.215679824561403
"106565",0.151356279917939
"106572",0.0942642378275885
"106581",0.185185185185185
"106582",0.34170614054148
"106583",0.0993940238211325
"106585",0.114589567699461
"106618",0.189676208352886
"106628",0.190774940355218
"106633",0.132116436153104
"106639",0.170019664196037
"106648",0.161470451372731
"106672",0.153140681778854
"106707",0.119090098126673
"106757",0.353282442748092
"106759",0.199431356620634
"106763",0.104966244335522
"106766",0.450532544378698
"106794",0.0952024689048911
"106795",0.299045915324985
"106821",0.181818181818182
"106840",0.117306897976043
"106861",0.123220973782772
"106869",0.401431877350304
"106877",0.177616501145913
"106878",0.26006711409396
"106894",0.106391158097069
"106931",0.13711132882999
"106947",0.138181818181818
"106952",0.224500978473581
"106957",0.179066022544283
"107003",0.481791697013838
"107022",0.154124021673691
"107029",0.124842723332867
"107035",0.0955109144970629
"107045",0.101466759794273
"107047",0.151350103854143
"107065",0.11075
"107071",0.14412265758092
"107094",0.0916314105871427
"107173",0.108878807517822
"107182",0.141414141414141
"107197",0.178396072013093
"107227",0.156369042088637
"107239",0.252331321996709
"107242",0.110894372378816
"107250",0.343343903500591
"107260",0.0890915468256752
"107271",0.0899073378412222
"107272",0.0936473165388828
"107305",0.1437758383096
"107321",0.367421475529584
"107328",0.236146323795726
"107338",0.103091153450866
"107350",0.461731188879011
"107351",0.12037422037422
"107358",0.10038127793847
"107368",0.112409513960703
"107371",0.103393509449944
"107372",0.388970468265622
"107373",0.290712986768671
"107375",0.276251474801955
"107376",0.27468413664015
"107392",0.137888112855266
"107435",0.163214990138067
"107448",0.139796276782578
"107449",0.205736485369483
"107476",0.0894354387926216
"107477",0.529427645788337
"107503",0.163698712549633
"107508",0.0858750370151022
"107513",0.0968386627906977
"107515",0.117475470697428
"107522",0.132634943181818
"107526",0.702425906854331
"107527",0.412615740740741
"107528",0.108208187615717
"107566",0.111767940610393
"107568",0.102585961921
"107569",0.177476505931289
"107581",0.180208085140179
"107585",0.77534473248759
"107589",0.233269929102542
"107605",0.472737989979369
"107607",0.245420888542479
"107650",0.119471276054906
"107652",0.14572864321608
"107656",0.260384012539185
"107684",0.109903479600941
"107686",0.147926879084967
"107701",0.129732572115385
"107702",0.147235291578538
"107723",0.0899100899100899
"107732",0.112660220373285
"107733",0.110730088495575
"107734",0.135505193578848
"107746",0.147528517110266
"107747",0.101752885848653
"107766",0.543352601156069
"107767",0.102188800859406
"107769",0.239789034711149
"107770",0.578225986182304
"107771",0.221036071468704
"107815",0.30188679245283
"107817",0.18432022231723
"107823",0.0942175495349778
"107829",0.106248564208592
"107831",0.115561251735555
"107869",0.416010219288908
"107885",0.763969602145731
"107895",0.0980392156862745
"107932",0.110650642353916
"107934",0.183150183150183
"107939",0.120484426195512
"107951",0.0985915492957746
"107971",0.165678842177808
"107975",0.0913264369223236
"107976",0.119662130455185
"107986",0.172720893830626
"107993",0.358260869565217
"107995",0.473170731707317
"107999",0.185308027762422
"108000",0.366047020229634
"108011",0.12924071082391
"108012",0.137132596162934
"108013",0.112232030264817
"108014",0.102493074792244
"108015",0.695607843137255
"108017",0.546931126034671
"108030",0.132617912029677
"108037",0.134775229557422
"108043",1.18235820652616
"108052",0.164252853978531
"108058",0.182040453434096
"108062",0.0976151145983894
"108067",0.165175185803125
"108068",0.366348740523355
"108069",0.142546245919478
"108071",0.0997458703939009
"108073",0.108604407135362
"108075",0.115178509290834
"108077",0.0984896161107615
"108079",0.2075382803298
"108083",0.0812883435582822
"108086",0.1333049766057
"108089",0.127212389380531
"108096",1.28435622480797
"108097",0.147644326476443
"108098",0.168997668997669
"108099",0.102883781439722
"108100",0.20388695729696
"108101",0.28
"108105",0.35170823726682
"108112",0.207815275310835
"108114",0.735324654580305
"108115",0.339698586539362
"108116",0.110454134844379
"108121",0.113446780113447
"108123",0.115966386554622
"108124",0.106518282988871
"108138",0.145550197281894
"108143",0.110994028802248
"108147",0.121772746099682
"108148",0.114087759815242
"108150",0.148413608562691
"108151",0.230412496948987
"108153",0.464988605759271
"108154",0.204988532110092
"108155",0.0883315158124318
"108156",0.110987791342952
"108159",0.118886198547215
"108160",0.140664961636829
"108176",0.595509469534664
"108645",0.109121273496074
"108652",0.145094806265458
"108653",0.123704215618521
"108654",0.0946899368733754
"108655",0.172130633736601
"108657",0.116569140745303
"108660",0.111141855746172
"108664",0.132138368216842
"108670",0.545525291828794
"108671",0.114063512637719
"108672",0.170395270661875
"108673",0.168030356931104
"108679",0.0953287890938252
"108682",0.159756807451006
"108686",0.131287128712871
"108687",0.142025089605735
"108689",0.148282302337427
"108699",0.0816988751081627
"108705",0.105931758530184
"108707",0.133304757822546
"108723",0.673623063683305
"108735",0.109148017275226
"108737",0.113921217547001
"108755",0.140332387515201
"108760",0.098481705799386
"108767",0.122969837587007
"108797",0.110745974367401
"108800",0.177183711532484
"108802",0.432006633499171
"108811",0.35725059254471
"108812",0.726504226752859
"108816",0.265461360379231
"108829",0.118885987815492
"108832",0.146655791190865
"108837",0.104164800716525
"108841",0.133900582176444
"108853",0.158387622149837
"108857",0.110799824214458
"108871",0.189594356261023
"108888",0.110204081632653
"108897",0.220118343195266
"108899",0.111053743252758
"108900",0.448470744680851
"108902",0.100244837621841
"108903",0.104683195592287
"108907",0.231876037631433
"108909",0.117991223793272
"108911",0.115252784918595
"108912",0.391751412429379
"108927",0.163990825688073
"108934",0.134314882977985
"108937",0.128218602207042
"108943",0.226748654880861
"108946",0.0982206018392556
"108954",0.107737927139226
"108958",0.115064848686398
"108960",0.117426514697061
"108961",0.582903463522476
"108989",0.104487098004322
"108995",0.554614355773518
"109006",0.133267326732673
"109019",0.192053520437301
"109032",0.39699945172706
"109042",0.268985952589991
"109050",0.106334041047417
"109054",0.22820891631181
"109065",0.163955757970072
"109075",0.142800079888157
"109077",0.138005780346821
"109079",0.115057208237986
"109082",0.171912555797184
"109093",0.12338593974175
"109095",0.121350546176763
"109108",0.126575121163166
"109113",0.160692212608158
"109115",0.157412022729538
"109129",0.110593147629125
"109135",0.186125211505922
"109136",0.121776635771313
"109145",0.178847807394669
"109151",0.11147301895965
"109154",0.115774240231548
"109161",0.118856121537087
"109168",0.11066168844638
"109169",0.139793917650494
"109181",0.0954801234343801
"109198",0.682402645113887
"109202",0.243545322454454
"109205",0.128047740835465
"109212",0.538055872291904
"109222",0.429489838241394
"109225",1.04660154660155
"109229",0.180871212121212
"109232",0.20702984537936
"109241",0.100153090000806
"109242",0.291819291819292
"109245",0.234666666666667
"109246",0.196858222310599
"109263",0.126929674099485
"109264",0.0998266897746967
"109267",0.578172782874618
"109270",0.332422147183363
"109272",0.580159094385804
"109275",0.195337820992271
"109280",0.657977059436914
"109284",0.113147045350435
"109294",0.111980006449532
"109299",0.114812073361296
"109304",0.728013486934532
"109305",0.179915688045769
"109323",0.646240036964306
"109331",0.0924550430023456
"109333",0.0940517574353032
"109334",0.189240691879214
"109335",0.762088974854932
"109342",0.738453877754264
"109344",0.561936936936937
"109346",0.206349206349206
"109349",0.226289816061014
"109359",0.108614232209738
"109361",0.809908735332464
"109552",0.0931200570850925
"109593",0.117844646606018
"109594",0.249877989263055
"109620",0.444927536231884
"109624",0.165583304823811
"109637",0.51126582278481
"109648",0.133239831697055
"109652",0.197191514789364
"109658",0.114220631304914
"109660",0.603922473465621
"109672",0.132256824298347
"109674",0.1376
"109676",0.0967493254529102
"109685",0.528366815476191
"109689",0.115078435963475
"109700",0.18604091456077
"109711",0.132935868514341
"109731",0.161790840738209
"109754",0.113225276015974
"109778",0.189045612749588
"109785",0.140237020316027
"109801",0.0952159003895196
"109815",0.121917428650596
"109857",0.220857142857143
"109880",0.100598151169114
"109889",0.191729323308271
"109900",0.16161342717921
"109901",0.43970396168916
"109904",0.254095656954371
"109905",0.097487098945479
"109910",0.0951276102088167
"109929",0.163487484879501
"109934",0.140071222655588
"109959",0.744202389318341
"109978",0.85419494976921
"109979",0.341484030670772
"110006",0.148864185596907
"110012",0.263858261729146
"110033",0.275132275132275
"110052",0.132315377192485
"110058",0.169623059866962
"110074",0.130239724475461
"110075",0.31429067546449
"110078",0.12108190091001
"110082",0.260869565217391
"110083",0.614925009145226
"110084",0.230731707317073
"110094",0.142459441297878
"110095",0.193473911035863
"110109",0.120639814993255
"110119",0.103448275862069
"110147",0.0964630225080386
"110153",0.371138130356787
"110157",0.100388349514563
"110168",0.529186320754717
"110172",0.130548850876272
"110173",0.177222545031958
"110175",0.156961118079197
"110196",0.162213740458015
"110197",0.115726326980029
"110198",0.148915187376726
"110208",0.115206764433875
"110213",0.102380952380952
"110253",0.182680901542112
"110257",0.229794933655006
"110265",0.140098893336473
"110279",0.208902909218367
"110304",0.306740289413557
"110308",0.522144522144522
"110312",1.16031756621522
"110323",0.153916139240506
"110326",0.252271743833838
"110332",0.45985401459854
"110333",0.446193109315185
"110350",0.135932944606414
"110351",0.120310155077539
"110355",0.0907515361588152
"110379",0.105000177185584
"110380",0.108911939034716
"110382",0.987179487179487
"110385",0.517460835509138
"110391",0.2228304620834
"110417",0.156284968295412
"110446",0.0994318181818182
"110454",0.316888577435179
"110460",0.147759430722312
"110521",0.101645782681878
"110524",0.103964757709251
"110532",0.0963197239792985
"110542",0.50796875
"110557",0.639470443349754
"110593",0.158102766798419
"110595",0.128019323671498
"110596",0.12293411817976
"110606",0.149743828598044
"110611",0.0878167303019785
"110616",0.103385178408051
"110637",0.147074258724744
"110639",0.125785175879397
"110648",1.6406976744186
"110651",0.120846730975348
"110695",0.105616605616606
"110749",0.518996960486322
"110750",0.0969669804273121
"110751",0.671468449529586
"110784",0.0824781451919422
"110789",0.224528752087807
"110796",0.270173805090006
"110809",0.0948605273213603
"110816",0.130388504523683
"110821",0.136363636363636
"110826",0.198164084911073
"110829",0.161013429322996
"110834",0.608706704798221
"110835",0.982502965599051
"110842",0.16908840624044
"110854",0.101949830799807
"110855",0.79636268252164
"110862",0.104930966469428
"110876",0.109101991060544
"110877",0.511721907841552
"110880",0.740725214839656
"110886",0.159776536312849
"110891",0.14517055242908
"110893",0.14162265962554
"110895",0.321259029927761
"110902",0.239740040919485
"110911",0.107265337228502
"110920",0.105616483881688
"110948",0.180681213411389
"110954",0.136760482481333
"110956",0.270588235294118
"110959",0.127742630232871
"110960",0.123855902370336
"110962",0.109376454164728
"111173",0.0983155530600786
"111175",0.208660480609089
"111241",2.08963997060985
"111970",0.15929368898024
"111975",1.31893805309735
"112403",0.155638548347812
"112405",0.130105900151286
"112406",0.122191011235955
"112407",0.271124489357128
"112415",0.111883252258513
"112418",0.537585421412301
"112419",0.40565965583174
"112422",0.59849710982659
"113868",0.120445090471656
"114128",0.197864768683274
"114142",0.460707339912123
"114143",0.116990291262136
"114229",0.213483146067416
"114249",0.340865074241446
"114255",0.124001278363694
"114301",0.131890874882408
"114332",0.615105827776167
"114479",0.349088453747468
"114565",0.108235948803561
"114570",0.435402761269087
"114584",0.241020856933431
"114585",0.181694575640475
"114601",0.233937397034596
"114602",0.569417897480452
"114604",0.188479029813037
"114606",0.357368493338827
"114615",0.0924821002386635
"114640",0.573593073593074
"114641",0.182488793054531
"114642",0.116666666666667
"114643",0.532104565714974
"114644",0.171730112249878
"114654",0.899199445770149
"114663",0.280298200009809
"114664",0.124648735447611
"114668",0.821523472099203
"114674",0.118418655492804
"114679",0.178571428571429
"114712",1.30719557195572
"114713",0.139151801965781
"114714",0.255998619022959
"114715",0.0977585232623846
"114716",0.0971530006144603
"114741",0.0925742574257426
"114774",0.382167431192661
"114863",0.125450612833453
"114872",0.661956963053187
"114873",0.174151991490368
"114874",0.097820678674495
"114875",0.2179114490161
"114886",0.242748187046762
"114889",1.05759059745348
"114893",0.115728328865058
"114896",0.119018100669477
"116701",0.173948751642576
"116731",0.352153000458085
"116732",0.540937461754987
"116733",0.102709139624888
"116748",0.257956223982812
"116837",0.109143449911085
"116838",0.16897880539499
"116847",0.317513237889782
"116848",0.103265167777652
"116870",0.0931832843523762
"116871",0.104561487415556
"116872",0.63681704828837
"116873",0.0951676528599606
"116891",0.112542431891374
"116903",0.645911568746214
"116904",0.426613306653327
"116905",0.19683908045977
"116914",0.178845607051464
"116939",0.122733024040489
"116940",0.0982465905928194
"116972",0.171505136221527
"117109",0.106330067822155
"117146",0.100563909774436
"117148",0.26113244546123
"117149",0.262475606356287
"117150",0.163024217365623
"117160",0.187714415172503
"117167",0.929590865842055
"117171",0.16066263476203
"117197",0.197665120742044
"117198",0.0879120879120879
"117229",0.451510333863275
"117589",0.119869706840391
"117590",0.899865138233311
"117591",0.195615514333895
"117592",0.145260372365561
"117599",0.202061855670103
"117600",0.190286790872933
"117606",0.145379537953795
"118445",0.171111493461803
"118446",0.21735925550539
"118449",0.235310734463277
"118451",0.102657004830918
"118452",0.0914057295136576
"118453",0.330388692579505
"118454",0.511627906976744
"121021",0.120117788783295
"121022",0.23166590644164
"140476",0.294419010246348
"140477",0.799579326923077
"140481",0.0948870839006526
"140482",0.122690876993884
"140483",0.210521397869557
"140484",0.126952285427712
"140486",0.795286404111106
"140488",0.210893194706994
"140489",1.17292576419214
"140492",0.171974522292994
"140493",0.264562316954116
"140494",0.465880533539532
"140497",0.295382585751979
"140498",0.877840909090909
"140499",0.146798118668596
"140500",0.0992016307117377
"140546",0.0998851894374282
"140557",0.492002206287921
"140559",0.0990327826756826
"140570",0.118504261754193
"140571",0.196545194574332
"140577",0.222914072229141
"140579",0.187328901055925
"140580",0.190374629080119
"140629",0.153121902874133
"140630",0.087282300526529
"140703",0.235186035829123
"140709",0.31478715459298
"140721",0.120811793988129
"140723",0.374133204321884
"140740",0.0928019036287924
"140741",0.812989921612542
"140742",0.187821522309711
"140743",0.29070290702907
"140780",0.164555543100549
"140781",0.334065934065934
"140792",0.396911384217335
"140795",0.279258400926999
"140806",0.757856494096276
"140810",0.0823883360333256
"140858",0.110106489853325
"140859",0.278155706727135
"140887",0.186780170255383
"140904",0.112494341330919
"140917",0.160130718954248
"140919",0.257617239247549
"142682",0.157098353360036
"142687",0.399269568650676
"142688",0.0987234042553191
"142980",0.136402387041773
"170439",0.104213510607097
"170441",0.351190476190476
"170442",0.338118022328549
"170459",0.27070796460177
"170460",0.221341898643826
"170461",0.2241186345831
"170472",0.146922428330523
"170483",0.492123030757689
"170484",1.08376198269815
"170571",0.216315613507188
"170574",0.713237292742593
"170625",0.109634551495017
"170638",0.100722481937952
"170639",0.726027397260274
"170643",0.198983789015243
"170644",0.128143256286513
"170658",0.444362331081081
"170676",0.238805970149254
"170677",0.173178654292343
"170706",0.570774888812864
"170707",0.0888061685721882
"170711",0.108115287554788
"170716",0.16979836979837
"170718",0.0968360498561841
"170719",0.179645653069633
"170720",0.80209324452902
"170721",0.373475609756098
"170725",0.930964876867178
"170728",0.13919684651392
"170729",0.170796797560046
"170731",0.0839520274129069
"170732",0.714979599766854
"170735",0.221947449768161
"170736",0.152340892465252
"170737",0.117272846926688
"170738",0.178490608735008
"170740",0.13149430974765
"170742",0.263048016701461
"170743",0.212638314891348
"170744",1.1790017211704
"170745",0.564057357780912
"170748",0.364026030911708
"170749",0.134412955465587
"170750",0.110018903591682
"170752",0.209043505331154
"170753",0.130756111426947
"170755",0.230966054472053
"170756",0.268356075373619
"170757",0.195722519971686
"170758",0.177654049501708
"170759",0.122248855959904
"170760",0.102435593071309
"170761",0.392059553349876
"170762",0.118351434140908
"170763",0.112488129154796
"170765",0.819119587381552
"170767",0.12571496663489
"170768",0.12733052667755
"170770",0.251533011847354
"170771",0.212256267409471
"170772",0.121142137308419
"170776",0.753592863829084
"170786",0.872502881290818
"170787",0.221257779233541
"170788",0.499692307692308
"170789",0.248927038626609
"170790",0.106703910614525
"170791",0.080770224864306
"170799",0.274954862006706
"170822",0.0853384357809137
"170823",0.154285714285714
"170826",0.15137529998154
"170829",0.465449503119945
"170833",0.207182320441989
"170835",0.223518661699585
"170930",0.109621115368242
"170935",0.342694856421584
"170936",0.101015499732763
"170938",0.120361687876758
"170942",0.190551457674745
"170952",0.363154613466334
"171095",0.467616307627535
"171167",0.226899383983573
"171170",1.25743683781581
"171171",0.145907473309609
"171180",0.21216915995397
"171188",0.934863701578192
"171207",0.225868166270508
"171209",0.537185660781166
"171210",0.166106254203093
"171211",0.425779782036828
"171212",0.156101426307448
"171281",0.181355439208842
"171282",0.260445138617727
"171285",0.239692522711391
"171286",0.390756302521008
"171388",0.995438596491228
"171395",0.615589016829052
"171429",0.239116414059981
"171463",0.203805056033359
"171469",0.111204013377926
"171486",0.101473483266718
"171504",0.370581527936146
"171508",0.133502860775588
"171531",0.374862425709883
"171543",0.249503538876725
"171567",0.181723625557207
"171580",0.188991426855239
"191578",0.140455178820251
"192119",0.114926895613737
"192120",0.373593300183198
"192136",1.20568142723743
"192140",0.8
"192156",0.167272379495027
"192157",0.0970992366412214
"192159",0.0953757225433526
"192160",0.122278605336389
"192161",0.215480735855606
"192163",0.240828966174369
"192164",0.156735592805579
"192166",0.164593627534503
"192167",0.156749913683968
"192169",0.134249003101462
"192170",0.102428827393988
"192173",0.127712031558185
"192174",0.137117677553136
"192176",0.0891224862888483
"192185",0.133595284872299
"192187",0.20844864698647
"192188",0.282124616956078
"192190",0.293936423470102
"192191",0.123684210526316
"192192",0.321935739785799
"192193",0.150383631713555
"192194",0.926784624771202
"192195",0.125696261995839
"192196",0.112208713272543
"192197",0.0985183624745453
"192198",0.107900677200903
"192199",0.35
"192212",0.573133570340274
"192216",0.116800261737281
"192231",0.106254203093477
"192232",0.199795918367347
"192236",0.153910248779907
"192285",0.135162094763092
"192287",0.115168539325843
"192289",0.165389696169089
"192292",0.0891689454286054
"192650",0.200648055832503
"192651",0.115796198690305
"192652",0.138888888888889
"192653",1.31051711216588
"192654",0.15592270246349
"192656",0.243899670865963
"192657",0.149916638879627
"192662",0.113010891205059
"192663",0.102161494003274
"192678",0.186948529411765
"192734",0.118560786178475
"192775",0.205623901581722
"192786",0.116191622170414
"192897",0.256951943844492
"192950",0.117279272451686
"192970",0.288785046728972
"192976",0.192670863309353
"192986",0.138102096335414
"193003",0.959962913014161
"193034",0.985017236807213
"193043",0.174863387978142
"193116",0.102251888799237
"193217",0.814882032667877
"193280",0.265871623991582
"193286",0.93101256539383
"193385",0.13023493360572
"193452",0.269571295433364
"193670",0.098078197481776
"193736",0.203611309099549
"193740",0.279503105590062
"193742",0.0983339369793553
"193796",0.128391135844182
"193813",0.115297736338732
"193838",0.156528351075386
"194126",0.17417760030424
"194219",1.13116390497105
"194231",0.747853032315184
"194237",0.164335664335664
"194268",0.158445440956652
"194309",0.15776673363646
"194388",0.130101512326497
"194401",0.173019092244213
"194590",0.145597544600038
"194655",0.232199787460149
"194744",0.549583085169744
"194908",0.672131147540984
"194952",0.097722263041881
"194974",1.03730210366515
"195018",0.119665942111887
"195040",0.115230390432642
"195046",0.524746147837819
"195208",0.316841705681387
"195209",0.236358697497538
"195434",0.167427701674277
"195522",0.186635721883764
"195531",0.34191866527633
"195646",0.623156136932925
"195727",0.21482906356562
"195733",0.180165289256198
"207165",0.130116098657108
"207175",0.314625850340136
"207181",0.173011196228639
"207182",0.0878966582420668
"207209",0.880825057295646
"207212",0.103579557210842
"207214",0.101427498121713
"207215",1.28127490039841
"207227",0.155820459798078
"207259",0.30731102850062
"207278",0.127102985510065
"207304",0.093812375249501
"207318",0.598558809855881
"207352",0.119467125053717
"207375",0.111111111111111
"207393",0.172962420693021
"207425",0.101865859808371
"207474",0.308625336927224
"207495",0.367039106145251
"207521",0.118624964778811
"207565",0.0891089108910891
"207592",0.176969165570656
"207596",0.255031272603497
"207607",0.35412416205188
"207615",0.0901575417251599
"207618",0.279325279234101
"207667",1.06645569620253
"207683",0.177200465296627
"207686",0.255218732982393
"207704",0.157917086894209
"207728",0.144734733130309
"207740",0.112880886426593
"207742",0.298429319371728
"207777",0.1746451768102
"207781",0.151720400975345
"207785",0.105132962275819
"207792",0.204189944134078
"207798",0.210209758664762
"207806",0.116699183467014
"207818",0.687631658140235
"207819",0.503105590062112
"207839",0.357608330534095
"207911",0.254292480757845
"207921",0.143716268311488
"207932",0.12694715387975
"207952",0.190783113116339
"207958",0.107177033492823
"207965",0.1760758907913
"208043",0.148520112652107
"208076",0.191908557677846
"208080",0.19705685962299
"208084",0.652680652680653
"208092",0.145266160493309
"208104",0.0930091431345578
"208111",0.155430711610487
"208117",0.137949688936976
"208144",0.126604307156841
"208146",0.106833141782468
"208151",0.107961213019579
"208154",0.543356769424914
"208158",0.106865671641791
"208164",0.733913919677559
"208166",0.58310546875
"208171",0.274845784784099
"208177",0.364978683581158
"208188",0.512645914396887
"208194",0.133719966859983
"208198",0.0989240404689256
"208211",0.160099311228576
"208213",0.214560940985601
"208228",0.219163717394154
"208263",0.10762331838565
"208266",0.154073324051808
"208285",0.255359246171967
"208292",0.108723458685086
"208366",0.210951441720672
"208372",0.339951703783204
"208426",0.545215047175591
"208431",0.160502283105023
"208439",0.135117909496495
"208440",0.10625
"208449",0.0996902988197874
"208501",0.32588510606175
"208518",0.142628205128205
"208583",0.399453823237339
"208595",0.173456940717248
"208606",0.106474510647451
"208613",1.11505338288209
"208618",0.174068767908309
"208624",0.17351243339254
"208628",0.245657568238213
"208638",0.16624895572264
"208643",0.081158706712621
"208647",0.18008658008658
"208650",0.206552706552707
"208659",0.217559359469906
"208666",0.096563981042654
"208677",0.510118632240056
"208691",0.182972367438387
"208715",0.213978879541793
"208718",0.117008728473697
"208727",0.130243214663377
"208748",0.153273017562533
"208768",0.105464089716058
"208777",0.132234708834895
"208795",0.213191601743034
"208820",0.244198500535523
"208836",0.331603473840288
"208846",0.0846133819317886
"208869",0.140570934256055
"208884",0.0984025559105431
"208890",0.819741356558459
"208898",0.27906976744186
"208908",0.257307228356686
"208922",0.115691489361702
"208936",0.218176094028754
"208943",0.501860053144376
"208967",0.0898192878869207
"208968",0.193969849246231
"208982",0.17258883248731
"208990",0.99808507728081
"208994",0.788685033331367
"209003",0.197590609555189
"209011",0.119546108358638
"209012",0.201149425287356
"209018",0.0967741935483871
"209027",0.311632601564471
"209032",0.125978382407753
"209039",0.168560566279485
"209047",0.27905604719764
"209086",0.299727091424373
"209131",0.116464919497003
"209176",0.30216020394472
"209195",2.33024990675121
"209200",0.181030086690464
"209212",0.137209618258389
"209224",0.145281018027572
"209225",0.140652402665731
"209239",0.195367490587658
"209268",0.250873515024458
"209318",0.107228915662651
"209334",0.276054996726385
"209354",0.118604814372938
"209357",0.14315298990422
"209361",0.135710819990296
"209378",0.134829763451255
"209387",0.292424619985049
"209416",0.0952259707192871
"209446",0.105232216343327
"209456",0.110441508217854
"209462",0.131386861313869
"209478",0.145446698316789
"209488",0.934218741131733
"209497",0.199705051001598
"209540",0.300978719583371
"209550",0.381209503239741
"209558",0.768699654775604
"209584",0.138301683984235
"209586",0.0969103494850582
"209601",0.124116205810291
"209630",0.1212348883273
"209645",0.262849979105725
"209683",0.205802603036876
"209692",0.205518553758325
"209707",0.167013336596109
"209737",0.340299216338162
"209743",0.31711542626146
"209760",0.138400492577136
"209773",0.126757249573554
"209776",0.381308411214953
"209815",0.136539953452289
"209837",0.402894135567403
"209966",0.186719463904965
"210004",0.184931506849315
"210009",0.233043950081389
"210027",0.109063557728469
"210029",0.196034092885719
"210035",0.181395348837209
"210044",0.0910352484041077
"210094",0.141006165668841
"210104",0.211123723041998
"210105",0.138530647732213
"210106",0.10519011934499
"210108",0.167244544156639
"210126",0.160845921450151
"210135",0.11890243902439
"210146",0.0916473317865429
"210148",0.141634241245136
"210162",0.167145397346464
"210172",0.167024474023186
"210274",0.122364237980925
"210293",0.324617346938776
"210297",0.132945320876091
"210356",0.16367552045944
"210373",1.09783420463032
"210376",0.0880608903442783
"210417",0.191954257708801
"210503",0.236005565664134
"210510",0.38304991520374
"210529",0.114725080207988
"210530",0.269993602047345
"210544",0.192172897196262
"210573",0.15011636927851
"210582",0.157676348547718
"210583",0.32390216338392
"210622",0.231789602821653
"210673",0.118142094189998
"210710",0.286097724638565
"210711",0.137820512820513
"210719",0.340918217106144
"210741",0.300515168860904
"210762",0.644900317827218
"210766",0.133877890073377
"210789",0.175641461663455
"210801",0.160583941605839
"210808",0.172811059907834
"210853",0.31799674267101
"210925",0.142211486012624
"210933",0.0872146118721461
"210973",0.0958996741870044
"210982",0.124139164654324
"210992",0.110766905931243
"210998",0.0882526564344746
"211001",0.691140134133427
"211006",0.117382322561605
"211007",0.0915926179084074
"211039",1.08302948223773
"211064",0.156618610747051
"211134",0.209987195902689
"211135",0.205265165967188
"211147",0.351003407800076
"211151",0.265795617139845
"211187",0.264788732394366
"211228",0.651263722236405
"211232",0.215151515151515
"211253",0.192765113974232
"211255",0.095586194133432
"211286",0.13619916051527
"211323",0.215757060947123
"211329",0.107913669064748
"211347",0.103371501272265
"211378",0.129640542133176
"211383",0.194349732099367
"211389",0.179699842022117
"211401",0.128826530612245
"211429",0.555549311604383
"211446",0.100103199174407
"211468",0.466109777353899
"211480",0.285956484882735
"211482",0.626754473491652
"211484",0.144409448818898
"211488",0.109141791044776
"211499",0.0962615134549395
"211535",0.466908713692946
"211548",0.0981147374822623
"211550",0.207814269535674
"211556",0.0928932659036465
"211577",0.807687665942554
"211586",0.0925790627283165
"211612",0.272573554277984
"211623",1.06451092219951
"211651",0.254517133956386
"211652",0.118767826583001
"211660",0.118023137812056
"211666",1.06734244160423
"211673",0.0990906971321987
"211712",0.130171184022825
"211739",0.0971589256278483
"211770",0.167207059306382
"211798",0.153593142629323
"211896",0.428925108314421
"211914",0.114433173162484
"211922",0.109906654622102
"211924",0.605371163454675
"211936",0.113920942794009
"211945",0.204351560263384
"211948",0.12571145756001
"211949",0.310835272821309
"211961",0.214424778761062
"211978",0.154260010583877
"211986",0.105256055596788
"212032",0.481345076060849
"212073",0.292880258899676
"212090",0.191723190521164
"212111",0.139713802123404
"212114",0.237569060773481
"212123",0.155482616095308
"212124",0.273497036409822
"212127",0.11663764445148
"212139",0.121189230022123
"212153",0.152454780361757
"212163",0.0992941176470588
"212167",0.149030282408983
"212168",0.153494391716997
"212190",0.351163560163229
"212198",0.172865013774105
"212276",0.152095995013246
"212281",0.136341100644522
"212285",0.192554696854251
"212307",0.0837343599615014
"212326",0.168599464763604
"212377",0.36168455821635
"212390",0.167990919409762
"212391",0.133133133133133
"212392",0.383928571428571
"212398",0.185053380782918
"212439",0.277230103390238
"212442",0.191609977324263
"212448",0.0943396226415094
"212483",0.129822968679074
"212503",0.184115523465704
"212508",0.148864758144126
"212514",0.145142180094787
"212516",0.217735550277118
"212517",0.172443674176776
"212518",0.0833428148822392
"212528",0.0957662365362056
"212531",0.153684210526316
"212539",0.397371714643304
"212541",0.567873303167421
"212547",0.114754098360656
"212555",0.163886473238991
"212569",0.159133794590709
"212627",0.102742625958508
"212632",0.111374407582938
"212647",0.151210033562975
"212670",0.191558986407115
"212679",0.15337909186906
"212706",0.317631041524847
"212712",1.04588974854932
"212728",0.207
"212772",0.0919867849970849
"212862",0.13170272812794
"212880",0.106705380636966
"212892",0.518694049499737
"212898",0.168027210884354
"212919",0.118697010263275
"212933",0.245201082509913
"212937",0.274501300954033
"212943",0.307990723170989
"212974",0.187399770904926
"212980",0.592282144551637
"212986",0.120553665326322
"212996",0.115257203575223
"212998",0.698357289527721
"212999",0.10286752160273
"213006",0.179638596905634
"213011",0.134072580645161
"213012",0.119912292723037
"213019",0.330508474576271
"213027",0.0889317009508421
"213053",0.133516053249804
"213054",0.171138743455497
"213056",0.084103601001348
"213068",0.557395498392283
"213081",0.117226103254387
"213084",0.156219864995178
"213109",0.105834136933462
"213119",0.409537166900421
"213121",0.207836456558773
"213208",0.388888888888889
"213211",0.117038649972782
"213233",0.213372980792413
"213234",0.658297465327594
"213236",0.482019810508183
"213248",0.894257826239887
"213262",0.290838584585555
"213272",0.934254143646409
"213311",0.212175470008953
"213326",0.120754716981132
"213332",0.284403669724771
"213350",0.143428285857071
"213389",0.211706102117061
"213391",0.214995583038869
"213393",0.762841954366265
"213402",0.232094776521271
"213409",0.79672131147541
"213417",0.311953352769679
"213435",0.350205644011891
"213436",0.379950495049505
"213438",0.626194834248526
"213452",0.0952922447123039
"213464",0.145669291338583
"213469",0.114406203237655
"213484",0.144489495023959
"213491",0.138063119327171
"213498",0.0935312384862361
"213499",0.105961923847695
"213527",0.545160341276846
"213539",0.177285937849318
"213541",0.0968379446640316
"213550",0.102933968209509
"213556",0.202734617775016
"213573",0.399773316062176
"213575",0.117183881426586
"213582",0.0929587235518557
"213603",1.01330500894454
"213649",0.178383329516831
"213673",0.0988022900495241
"213742",0.538461538461538
"213753",0.182588849038148
"213760",0.102766798418972
"213765",0.637362637362637
"213773",0.134316134316134
"213781",0.59127770769508
"213783",0.183452981732888
"213788",0.54322473854488
"213811",0.154880187025131
"213819",0.0955577864223867
"213827",0.091193626404894
"213895",0.114815260560838
"213945",0.664939550949914
"213948",0.350852927616413
"213956",0.951099643690871
"213980",0.328675770085741
"213988",0.132997404183845
"213989",0.883614088820827
"213990",0.0894970414201184
"213993",0.104099560761347
"214048",0.21118254432106
"214058",0.146522870955746
"214063",0.123755806237558
"214084",0.181761834663361
"214105",0.409390662094434
"214106",0.341485025695552
"214111",0.502304653204565
"214112",0.394337016574586
"214133",0.118385650224215
"214137",0.181137985035671
"214150",0.12124284351145
"214158",1.07854040885499
"214162",0.154214323420728
"214189",0.342048358561038
"214230",0.207171314741036
"214239",0.164633476206176
"214240",0.0891778202676864
"214253",0.505574234648735
"214254",0.172072985301571
"214290",0.108079096045198
"214292",0.117213663764233
"214301",0.873354729364249
"214305",0.272099689931551
"214321",0.315325809974518
"214345",0.253987240829346
"214359",0.268418688230009
"214384",1.05459272097054
"214424",0.212032477039798
"214425",0.821520381931693
"214444",0.1125953271482
"214459",0.181506849315068
"214469",0.0894792030758476
"214489",0.118109399893787
"214498",0.120435618193466
"214505",0.107381007128075
"214547",0.235548126480011
"214552",0.117591921946232
"214572",0.112927950945324
"214575",0.18457095709571
"214579",0.0899298597194389
"214580",0.185040983606557
"214585",0.112405898731566
"214593",1.08195336262251
"214597",0.105489847542216
"214601",0.279082177161153
"214616",0.229988131346433
"214627",0.105351773902586
"214639",0.912863070539419
"214642",0.360114243139203
"214663",0.162363455809335
"214669",0.100875953659226
"214685",0.198701767039308
"214704",0.376733879902504
"214742",0.123176661264182
"214763",0.238438210765732
"214764",0.0965435682416814
"214766",0.559011627906977
"214779",0.203980099502488
"214791",0.139309817903986
"214804",0.180182232346241
"214812",0.124617848303974
"214854",0.447783070721876
"214855",0.148461023753764
"214895",0.118857142857143
"214897",0.0952691680261012
"214899",0.0976450315910396
"214901",0.341542625169148
"214917",0.16290458767239
"214922",0.361646855073605
"214931",0.0926712099206792
"214932",0.129697372796807
"214944",0.211281543790203
"214951",0.12289240396315
"214952",0.116061339790153
"214968",0.123655913978495
"214987",0.179017627930857
"215001",0.657458563535912
"215008",0.0905114401076716
"215015",0.15706015605336
"215051",0.184122359796067
"215085",0.140692339774781
"215090",0.104449648711944
"215113",0.126277073968124
"215114",0.133891900772137
"215160",0.111111111111111
"215193",0.100207767300623
"215194",0.120541722745626
"215201",0.147058823529412
"215210",0.170373665480427
"215243",0.669009308920535
"215280",0.150182407782732
"215303",0.200590188122464
"215335",0.11541774332472
"215351",0.103606420679591
"215378",0.209557131019243
"215384",0.270056912061685
"215387",0.473879673186432
"215418",0.262174783188793
"215436",0.101888036159895
"215445",0.11455223880597
"215446",0.154701111444878
"215449",0.159514521022974
"215456",0.832649712879409
"215458",0.453012048192771
"215467",0.94555563089023
"215472",0.964407939767283
"215474",0.11614730878187
"215476",0.1266604303087
"215493",0.538158929976396
"215494",0.112898646730387
"215512",0.228972753426976
"215615",0.21004746835443
"215627",0.22395194900711
"215632",0.357421875
"215653",0.123897566677293
"215654",0.163727959697733
"215690",0.0925925925925926
"215693",0.168627450980392
"215705",0.233745146487822
"215707",0.0993351836313174
"215708",0.113822176801226
"215714",0.757878828288216
"215748",0.28542638947815
"215751",0.23012200252419
"215772",0.291807718348003
"215789",0.308517647058824
"215798",0.262640573806783
"215814",0.143148548116151
"215819",0.129346314325452
"215821",0.151550052788175
"215890",0.156534954407295
"215900",1.0561981221935
"215928",0.468643186208946
"215929",0.342659810445654
"215951",0.160829163688349
"215999",0.0915856936117428
"216001",0.108561835478456
"216011",0.141176470588235
"216019",0.311553561413348
"216021",0.245790070674461
"216028",0.231800766283525
"216033",0.468508187871154
"216049",0.0906724077504631
"216080",0.12641133495683
"216119",0.183048345429942
"216131",0.0972222222222222
"216134",0.120216118865376
"216136",0.188660937066815
"216148",0.0996511120802442
"216150",0.136328725038402
"216151",0.129569602016928
"216152",0.13509784244857
"216154",0.096542726679713
"216156",0.109756097560976
"216157",0.0938481433585812
"216161",0.1232602478551
"216166",0.304919263987983
"216169",0.134798020331728
"216177",0.208928370628584
"216188",0.201740076128331
"216190",0.0895028731792062
"216197",0.125027710042119
"216198",0.139670903844654
"216225",0.784361144699718
"216227",0.41757772463273
"216233",0.313371616078753
"216238",0.0975826125526724
"216274",0.140898058252427
"216292",0.158706047819972
"216343",0.347207179328485
"216344",0.126633559853633
"216345",0.098963885217243
"216363",0.0904522613065327
"216377",0.705325178997613
"216393",0.465826696778795
"216395",0.168925554900805
"216438",0.162815546948043
"216439",0.099781181619256
"216440",0.0834074733096085
"216441",0.310485133020344
"216443",0.0953711093375898
"216445",0.676227727075185
"216454",1.08442968450632
"216456",0.235955056179775
"216459",0.1847533632287
"216505",0.130253197598538
"216516",0.129589922272849
"216527",0.141441344392976
"216543",0.0961702127659574
"216549",0.0879899916597164
"216551",0.087224031849439
"216558",0.123214566002197
"216560",0.184954373469842
"216565",0.100214745884037
"216578",0.107590759075908
"216613",0.181272822117893
"216616",0.225390070921986
"216618",0.120524424331159
"216622",0.439907904834996
"216635",0.770535714285714
"216705",0.100839664134346
"216724",0.106357606022211
"216725",0.425355937782899
"216739",0.104705592510471
"216742",0.0980209978630493
"216749",0.521195274496178
"216760",0.221474251093908
"216766",0.124720893141946
"216767",0.183431952662722
"216792",0.194696888698813
"216795",0.366468196340401
"216797",0.6260017809439
"216799",0.47871982032566
"216805",0.145675455627231
"216810",0.100706968691387
"216820",0.169301260022909
"216821",0.132278481012658
"216825",0.0888580354043735
"216829",0.156113902847571
"216831",0.131539044730857
"216835",0.438878676470588
"216846",0.160880609652837
"216848",0.125892857142857
"216850",0.176261729647477
"216853",0.238834951456311
"216856",0.0886075949367089
"216858",0.348295357204043
"216860",0.0989556135770235
"216864",0.782811938151744
"216867",0.201576044129236
"216869",0.138982506820735
"216873",0.108798346619427
"216874",0.109293528269093
"216877",0.200839679750049
"216881",0.0956806998359759
"216892",0.195851851851852
"216961",0.176799778913915
"216963",0.13351907415345
"216964",0.350717703349282
"216965",0.0925174315745655
"216971",0.123439857358387
"216974",0.245024875621891
"216976",0.332184217613789
"216984",1.03473327336885
"216987",0.0964987190435525
"216991",0.193420058081712
"217011",0.230920191888356
"217012",0.450907868190989
"217026",0.127278541733291
"217030",0.104253544620517
"217031",0.118107302533532
"217038",0.191770785130341
"217039",0.105095541401274
"217057",0.116427432216906
"217069",0.173905398276772
"217082",0.266832440703902
"217109",0.128696398862234
"217116",1.41683688357164
"217119",0.130219656645925
"217124",0.0897352194414218
"217125",0.142721398707716
"217127",0.0903107153228148
"217138",0.54251012145749
"217140",0.313531353135314
"217143",0.334396751740139
"217149",0.171070931849791
"217151",0.398662455879621
"217154",0.244276153575203
"217166",0.211218568665377
"217169",1.04346051826158
"217194",0.0860311141801048
"217198",0.219286045433472
"217201",0.107221006564551
"217203",0.408306112925805
"217207",0.132086628723483
"217214",1.13098580251865
"217216",0.802267526523819
"217217",0.244891915901688
"217218",0.105582137161085
"217219",0.114678899082569
"217232",0.118741058655222
"217258",0.309590643274854
"217262",0.194463397992007
"217265",0.109940750493746
"217294",0.426356589147287
"217303",0.386795491143317
"217304",1.10282655648418
"217305",0.70137430807406
"217306",1.09724047306176
"217310",0.11523397237683
"217316",0.28885551860989
"217325",0.624677301913021
"217328",0.927869772663486
"217331",0.131749156355456
"217333",0.44416403785489
"217335",0.0972082555188431
"217337",0.113658223789676
"217340",0.0918588873812754
"217341",1.17398508699254
"217342",0.0910723447922011
"217344",0.502884615384615
"217351",0.123163003909937
"217353",0.340830846913014
"217356",0.491914009222576
"217364",0.209860733151913
"217365",0.0993799517740269
"217366",0.170221791298024
"217369",0.674060751398881
"217370",0.136888181456427
"217371",0.131187833634164
"217378",0.0932449233319519
"217379",0.148523206751055
"217410",0.125135176888614
"217430",0.412446460065508
"217431",0.108497723823976
"217449",0.094081942336874
"217463",0.102402022756005
"217473",0.106257170593946
"217480",0.190844233055886
"217517",0.2502689135891
"217536",0.287846252952545
"217558",0.147140221402214
"217578",0.315982741209951
"217588",0.123419721871049
"217593",1.10107928601079
"217648",0.212001318826245
"217653",0.368217054263566
"217664",0.132330046704722
"217666",0.124241743428443
"217682",0.303922633923721
"217684",0.134238227146814
"217692",0.125703794369645
"217695",0.146317711503348
"217698",0.24156417533901
"217700",0.193672316384181
"217705",0.134237605238541
"217707",0.161083392729865
"217708",0.131627056672761
"217715",0.137095315608609
"217716",0.106822120686939
"217718",0.0928798026083891
"217721",0.352732517346223
"217732",0.102040816326531
"217733",0.113008130081301
"217734",0.121138493578619
"217737",0.115654688145394
"217738",0.815583366976181
"217779",0.129498269896194
"217826",0.289626913952987
"217827",0.159031189306523
"217830",0.17016317016317
"217835",0.323866997988404
"217837",0.149625229811908
"217843",0.143471659919028
"217847",0.787405628002745
"217864",0.136916548797737
"217866",0.0862411347517731
"217869",0.124364765669113
"217882",0.0973768491688272
"217887",0.225740897544454
"217893",0.0973999510962588
"217935",0.113278974956319
"217944",0.095
"217946",0.282894736842105
"217951",0.336225596529284
"217980",0.105454545454545
"217995",0.115521064301552
"218030",0.545313469894475
"218035",0.13322632423756
"218038",0.10375
"218100",0.0953678474114441
"218103",0.901749663526245
"218121",0.308250149304667
"218138",0.160919540229885
"218194",0.0851924697948862
"218203",0.140127388535032
"218210",0.105781962630572
"218214",0.137277426766226
"218215",0.15341031341892
"218232",0.105731068423559
"218236",0.102719033232628
"218271",0.136166897506925
"218294",0.171491315631863
"218311",0.188210526315789
"218314",0.192713653387811
"218333",0.0883804627249357
"218335",0.0909707056254236
"218341",0.14840858623242
"218343",0.0964187327823691
"218397",0.163982746225737
"218440",0.204182041820418
"218441",0.106866757617099
"218442",0.0900352840978221
"218454",0.194477162675043
"218460",0.0998885172798216
"218461",0.14468085106383
"218476",0.207372561116681
"218490",0.0892147726715386
"218503",0.102602073196531
"218506",0.113768115942029
"218518",0.334273624823695
"218543",0.106790481717934
"218544",0.174585635359116
"218581",0.648290434114483
"218613",0.117021276595745
"218624",1.08278145695364
"218629",0.132345156167284
"218630",0.396316359696641
"218639",0.138454243717402
"218693",0.108534922116144
"218695",0.638664430553438
"218699",0.0976985354316383
"218734",0.158904109589041
"218739",1.53448680351906
"218756",0.11127220007249
"218763",0.235834880226288
"218772",0.204917095483133
"218793",0.0993412853836568
"218811",0.114329659061779
"218820",0.243411542310686
"218832",0.111487340172841
"218850",0.123240775960441
"218865",0.242307934310703
"218877",0.208574465572222
"218885",0.16555652936021
"218914",0.106252427184466
"218952",0.0909090909090909
"218963",0.251492598347919
"218973",0.247474747474747
"218975",0.094327836081959
"218977",0.691227140206732
"218989",0.155744488751787
"219022",0.103842832469775
"219024",0.120691301441803
"219072",0.256528772821817
"219094",0.124247400109469
"219103",0.217905021586003
"219105",0.0998043052837573
"219114",0.272122505334505
"219132",0.702992659514399
"219134",0.228767123287671
"219135",0.105769230769231
"219140",0.35
"219144",0.681990936997515
"219148",0.327077400983691
"219149",0.337885823545479
"219150",0.106484551120541
"219151",0.13023507160227
"219158",0.102420242024202
"219170",0.700691166554282
"219181",0.100143061516452
"219189",0.12107250755287
"219228",0.183556717881661
"219249",0.125702059374164
"219257",0.102219098303042
"223227",0.213661202185792
"223254",0.129893307468477
"223255",0.0924760601915185
"223262",0.762901307966706
"223267",0.153501443111044
"223272",0.262422360248447
"223332",0.17526455026455
"223433",0.122106218792556
"223435",0.112836374884009
"223453",0.24547833011034
"223455",0.0917495915639388
"223473",0.319371727748691
"223483",0.418206604059376
"223499",0.110845929461681
"223513",1.1180296111803
"223527",0.151020408163265
"223593",0.0983291438710631
"223601",0.110848259547144
"223604",0.191660047656871
"223626",0.178019981834696
"223642",0.1868568187343
"223645",0.562662807525326
"223646",0.261267444520705
"223648",0.232501521606817
"223649",0.160626268483618
"223650",1.26756867568676
"223658",0.123713080168776
"223664",0.137858117326057
"223665",0.211764705882353
"223666",0.161728302452929
"223669",0.161163961947398
"223690",0.214592274678112
"223691",0.0930576070901034
"223693",0.0958616637286997
"223696",0.11105094347482
"223697",0.123368920521945
"223701",0.197702506844168
"223722",0.157071132773848
"223723",0.160414206558271
"223726",0.39467375670139
"223732",0.107239263803681
"223739",0.103620474406991
"223752",0.125705288019945
"223753",0.112787421612288
"223754",0.10989010989011
"223770",0.097502218841131
"223773",0.134234828496042
"223774",0.168582375478927
"223775",0.153149657224162
"223776",0.158435207823961
"223827",0.134746321106962
"223828",0.0936807095343681
"223838",0.272329246935201
"223843",0.132084770823066
"223864",0.183473459031889
"223870",0.129092165500561
"223881",0.300554213443229
"223915",0.626315030984292
"223918",0.0950565343150145
"223920",1.12340896513558
"223921",0.140362842722685
"223922",0.107130787428185
"223970",0.77157670021348
"223978",0.120294916569655
"223989",0.0986443611191232
"224008",0.203915487497577
"224014",0.0894138755980861
"224019",0.148916116870877
"224020",0.0888021757124276
"224022",0.129270032495839
"224023",0.0873831236292278
"224024",0.442045578453822
"224045",0.0904007455731594
"224055",0.556227327690447
"224079",0.130847130686385
"224088",0.101997213190896
"224090",0.102660453930558
"224092",0.149503722084367
"224093",0.202020202020202
"224105",0.0913705583756345
"224109",0.177533542677705
"224111",0.0939437291368622
"224129",0.125578086090359
"224132",0.0910954516335682
"224139",0.0948528145980375
"224143",0.093491124260355
"224170",0.109341057204924
"224171",0.242808988764045
"224224",0.393018583626318
"224250",0.117724867724868
"224273",0.195044709388972
"224344",0.203102278235579
"224405",0.236953455571227
"224419",0.728682631172381
"224432",0.11075451925596
"224440",0.234272087213264
"224454",0.107202369931494
"224481",0.240229701706811
"224523",0.266657235818362
"224530",0.291064654128663
"224585",0.123539232053422
"224598",0.135892116182573
"224613",0.1144252572824
"224617",0.102979036410445
"224619",0.139083514536523
"224624",0.166666666666667
"224630",0.140425531914894
"224640",0.15041782729805
"224647",0.100179809915232
"224648",0.201183431952663
"224650",0.138819335398718
"224656",0.096223104626466
"224661",0.223559918503427
"224671",0.183282450784293
"224674",0.179898170846691
"224691",0.214720194647202
"224694",0.114342806394316
"224697",0.197092982822171
"224703",0.110709444193403
"224705",0.0934449093444909
"224727",0.0947621457489878
"224742",0.117401960784314
"224792",0.120524093881926
"224794",0.116236537289169
"224796",0.280624536693847
"224805",0.119402985074627
"224807",0.0905494883480953
"224813",0.157941213573862
"224814",0.162942942942943
"224823",0.162098576638043
"224824",0.131328840504579
"224826",0.107978898780086
"224829",0.195429945880938
"224833",0.75287631831256
"224836",0.15436770734784
"224860",0.162879754914475
"224893",0.184613492405141
"224897",0.11022738859998
"224902",0.124608229703771
"224903",0.101445868108616
"224904",0.182017773131208
"224907",0.104762547220723
"224912",1.32758795498327
"224938",0.0888801494444991
"224997",0.102948058025269
"225010",0.109617755856967
"225020",0.122866894197952
"225027",0.100859051861279
"225028",0.136503188223254
"225030",0.274694783573807
"225049",0.185969767936981
"225055",0.107962801511189
"225115",0.245324824957901
"225131",0.103994242533285
"225160",0.164028776978417
"225164",0.0855425075592434
"225182",0.317142857142857
"225187",0.226453243470935
"225207",0.168639053254438
"225215",0.106360316494218
"225266",0.578458086231768
"225280",0.124521072796935
"225283",0.0840022532037741
"225288",0.204203605936846
"225289",0.156342831994719
"225326",0.100719424460432
"225339",0.100122399020808
"225341",0.249644097716531
"225348",0.107433283701752
"225358",0.0947940947940948
"225362",0.0889188783925626
"225363",0.0965598123534011
"225372",0.113505108840515
"225392",0.140230207748456
"225432",0.114285714285714
"225467",0.0998258850841555
"225471",0.311911658218682
"225523",0.0915799432355724
"225579",0.713546947880754
"225583",0.121973857220203
"225594",0.852946610012932
"225608",0.302498269460701
"225609",0.660891089108911
"225631",0.137543484078138
"225638",0.742647058823529
"225642",0.456591945288754
"225651",0.133439943141436
"225655",0.114820435002529
"225659",0.169067405355494
"225724",0.110778853803737
"225742",0.197575089556352
"225743",0.0963528194516296
"225745",0.26790450928382
"225791",0.144245413010371
"225825",0.378137971931212
"225845",0.185279187817259
"225849",0.0982658959537572
"225861",0.092719249862107
"225870",0.128294380905022
"225872",0.199396868073974
"225875",0.132273749150416
"225876",0.102164066431807
"225887",0.120365194708403
"225888",0.102608422375864
"225895",0.170179547228728
"225896",0.1095559138209
"225898",0.145230439442658
"225908",0.173612974027558
"225912",0.162932790224033
"225913",0.160201218922318
"225929",0.117956456132787
"225994",0.220848056537102
"225995",0.13963963963964
"225997",0.604518736223365
"225998",0.118416952321596
"226016",0.13047538577845
"226025",0.139755052971673
"226026",0.110574601641719
"226040",0.684052946738103
"226041",0.243864554209382
"226043",0.118478126161854
"226049",0.861719516181759
"226075",0.235923869944489
"226089",0.154045068341337
"226090",0.140264423076923
"226098",0.163566739606127
"226101",0.627524575513852
"226115",0.331014214598453
"226122",0.231206210944897
"226123",0.120825147347741
"226139",0.0994382385226319
"226144",0.140461997019374
"226151",0.118173679498657
"226153",0.164659564613247
"226154",0.178391959798995
"226162",0.158881093057607
"226169",0.145680345572354
"226178",0.141840514720218
"226180",0.115029663810152
"226182",0.189300411522634
"226245",0.849344978165939
"226250",0.297165737614823
"226251",0.0889425716481827
"226252",0.138900785153462
"226255",0.0989685658153242
"226265",0.25
"226278",0.794734493529674
"226304",0.57700317877891
"226351",0.159525329527958
"226352",0.131490787269682
"226356",1.08164983164983
"226359",0.238065954339304
"226407",0.0983255696839985
"226409",0.136552060473055
"226412",0.0894308943089431
"226413",0.286903304773562
"226414",0.0970009789089615
"226418",0.164485377282275
"226419",0.173224322943281
"226421",0.330462925504248
"226422",0.297669491525424
"226432",0.0837755875663381
"226438",0.901087625692592
"226442",0.116253594413255
"226470",0.103085745494265
"226499",0.102028519783089
"226517",0.142057256389416
"226518",0.0995475113122172
"226519",0.15011002829299
"226525",0.17219336795845
"226527",0.27281288256898
"226539",0.131842713955281
"226541",0.123337363966143
"226548",0.101571527617287
"226551",0.118387372013652
"226562",0.141856987493203
"226591",0.150121501215012
"226594",0.24003815175922
"226610",0.101157308186884
"226641",0.139875916525663
"226646",0.0992712352256721
"226652",0.223902320692165
"226654",0.793604651162791
"226691",0.912751677852349
"226744",0.095045045045045
"226747",0.131415396952686
"226751",0.0865987460815047
"226757",0.0916866233321929
"226777",0.19484160358845
"226778",0.101057906458797
"226781",0.131313131313131
"226791",0.16797520661157
"226823",0.0906537007023231
"226830",0.106076000812843
"226841",0.290397473997028
"226844",0.119034250421112
"226849",0.0988894764674775
"226856",0.0945874934314241
"226861",0.354581072935503
"226866",0.269862513687797
"226922",0.340234110476928
"226970",0.0988150230970074
"226971",0.0974791928627028
"226976",0.115362374710871
"226977",0.0909090909090909
"226982",0.0986720197652872
"226999",0.295996941729015
"227058",0.247778624016248
"227059",0.105324751316559
"227094",0.20199203187251
"227095",0.125852184691664
"227099",0.229166666666667
"227102",0.207909475368614
"227120",0.260139416983523
"227154",0.123939235201676
"227157",0.312836624775583
"227195",0.114899579635684
"227197",0.0995306926975784
"227210",0.137936507936508
"227231",0.540554156171285
"227290",0.103448275862069
"227292",0.132466281310212
"227298",0.100435460029563
"227325",0.159949445302626
"227326",0.313115727002967
"227327",0.435379061371841
"227331",0.0936017761630841
"227333",0.131653595861839
"227334",0.116430134858434
"227357",1.10349219828044
"227358",0.977099236641221
"227377",0.207584177835894
"227394",0.16690415123017
"227399",0.129736511919699
"227446",0.110787586108941
"227449",0.129443938012762
"227485",0.268141926960461
"227522",0.244009351256575
"227525",0.128949780500748
"227526",0.325986394557823
"227541",0.155540570914812
"227545",0.445278298936836
"227580",0.268901334211827
"227612",0.370327478607733
"227613",0.179122664500406
"227615",0.242036227357901
"227618",0.336633663366337
"227619",0.0940470235117559
"227620",0.194642857142857
"227622",0.152146391989872
"227624",0.0947478364667264
"227632",0.16539070749736
"227634",0.107340922358435
"227638",0.0980870217554389
"227644",0.144050536780697
"227648",0.156073211314476
"227656",0.121527121527122
"227659",0.182890855457227
"227671",0.373288331726133
"227674",0.171694113810533
"227682",0.102231028915309
"227683",0.131147540983607
"227693",0.0936938232544762
"227695",0.126778783958603
"227696",0.177774639932223
"227697",0.157974377080601
"227699",0.163408276311502
"227700",0.101035992737371
"227707",0.12977796514896
"227715",0.173941798941799
"227717",1.23655413271246
"227720",0.138771563788102
"227721",0.167542016806723
"227723",0.131353880910118
"227731",0.120218579234973
"227733",0.307551766138855
"227736",0.353394555591997
"227737",0.152092618206035
"227738",0.102944162436548
"227743",0.116048814183744
"227746",0.146548160396858
"227753",0.218181818181818
"227800",0.0935199585277346
"227801",0.107872912042986
"227835",0.121301775147929
"227867",0.126058696080362
"227929",0.937547027840482
"227933",0.168054110301769
"227937",0.0904703321661777
"227960",0.158038147138965
"228003",0.651213885532242
"228005",0.0950819672131147
"228012",0.107089399918356
"228019",0.129718510831496
"228025",0.56424957841484
"228026",0.0967471339360611
"228033",0.164198125230098
"228061",0.0877713635254899
"228071",0.112240576027107
"228094",0.243869209809264
"228136",0.0897742471527581
"228139",0.269431857790171
"228140",0.130482009504413
"228151",0.732045310792939
"228355",0.0830875396516222
"228356",0.0926099158091675
"228357",0.149009745363093
"228359",0.0964554242749731
"228361",0.0939989378651089
"228366",1.01060820367751
"228368",0.164665354330709
"228410",0.0964019008825526
"228413",0.352537722908093
"228421",0.297819535543343
"228432",0.13698347107438
"228482",0.247120131651125
"228491",0.123771691407067
"228536",0.125
"228543",0.350547407560421
"228545",0.102503542749173
"228550",0.118325412356724
"228564",0.113013698630137
"228576",0.901693789438725
"228592",0.96553080978988
"228598",0.188426252646436
"228602",0.0913407535995099
"228607",0.168456004427227
"228608",0.167046955686322
"228662",0.180362259516987
"228714",0.110565658819592
"228715",0.283639236659779
"228730",0.184192974655402
"228756",0.73659616330546
"228765",0.33214902040402
"228767",0.422791332020003
"228769",0.106155778894472
"228775",0.742186331688351
"228777",0.209556233857713
"228778",0.377090724784592
"228787",0.298245614035088
"228788",0.345145720046435
"228790",0.0992422842358159
"228807",0.170924574209246
"228812",0.119803308001788
"228829",0.112849834486909
"228836",0.095781029488227
"228839",0.21084864391951
"228846",0.244001199760048
"228850",0.0824751746965796
"228852",0.29648939867918
"228858",0.12697998259356
"228859",0.145611015490534
"228866",0.110499265785609
"228869",0.146878483835006
"228875",0.132388861748901
"228876",0.10919995473577
"228880",0.13903743315508
"228889",0.130357708135486
"228911",0.202372881355932
"228913",0.251456310679612
"228942",0.234067207415991
"228960",0.0886484967687553
"228961",0.190278354798504
"228966",0.220911143033039
"228980",0.14378469935071
"228983",0.0921913327882257
"228993",0.640814081408141
"228994",0.0909248354693453
"228998",0.0936891854323047
"229003",0.222592527626732
"229004",0.11742195367573
"229007",0.16123098339465
"229011",0.139800811508668
"229055",0.226415094339623
"229096",0.100863422291994
"229211",0.108099506709807
"229214",0.755585955312358
"229227",0.115526665681785
"229228",0.420509291121817
"229277",1.13610229976209
"229279",0.0921354377445029
"229285",0.110383103368535
"229317",0.106986198780357
"229320",0.37863167760075
"229323",0.537215080479637
"229357",0.392112856684835
"229363",0.0971561894699771
"229445",0.134594129927545
"229473",0.138356764506751
"229474",0.303472079126314
"229487",0.124320036264733
"229488",0.341075625604867
"229499",0.565606361829026
"229503",0.134155665426372
"229504",0.138043225656519
"229512",0.106636105653787
"229517",0.0900936551906081
"229521",0.0864222537303356
"229524",0.146327356853673
"229534",0.150823353293413
"229541",0.138418911749101
"229542",0.107142857142857
"229543",0.131313131313131
"229584",0.126586397657013
"229588",0.829226847918437
"229589",0.113330696202532
"229593",0.115457894068335
"229595",0.296909402266982
"229599",0.451432946838766
"229600",0.279636835278859
"229603",0.092478421701603
"229613",0.341994286491634
"229615",0.178169790518192
"229644",0.211800302571861
"229658",0.21141088014153
"229663",0.10245841307228
"229672",0.35410075444147
"229675",0.105128205128205
"229681",0.0949456778460085
"229687",0.460659898477157
"229694",0.157977263818111
"229697",1.18301610541728
"229699",0.440323997267493
"229700",0.113433303725377
"229706",0.105164122935396
"229707",0.0944963655244029
"229709",0.0843881856540084
"229714",0.17246713070379
"229715",0.103367267032106
"229722",0.151266255989049
"229725",0.132778438367023
"229731",0.262688941925219
"229759",0.252384446074835
"229776",0.216022733482704
"229780",0.141083988415391
"229782",0.134003350083752
"229791",0.114841202753291
"229801",0.121345657781599
"229841",0.220004837929366
"229862",0.845623851678637
"229877",0.163484486873508
"229898",0.429902505244971
"229900",0.187778248887004
"229905",0.214705882352941
"229906",0.105072463768116
"229937",0.135317821396074
"229949",0.095075874883865
"230027",0.171117166212534
"230073",0.220852318413294
"230075",0.166144200626959
"230082",0.0940258224524035
"230085",0.101771139858975
"230088",0.146747352496218
"230098",0.744094315641846
"230099",0.743791641429437
"230101",0.164718108599636
"230103",0.130566801619433
"230119",0.177255256613158
"230125",0.0961864886273622
"230126",0.52067868504772
"230145",0.390673575129534
"230157",0.105790645879733
"230161",1.50661185047046
"230162",0.143661683391358
"230163",0.235850650447711
"230233",0.102553708958249
"230234",0.106479994862244
"230235",0.0893371757925072
"230249",0.0852009273570325
"230257",0.144413407821229
"230259",0.241010889665091
"230279",0.194592790387183
"230316",0.119778780381313
"230376",0.144109055501461
"230379",0.417284473628469
"230393",0.130666666666667
"230451",0.212531425256237
"230484",0.144308082945408
"230500",0.305079488173711
"230514",0.137854469326905
"230576",0.639423076923077
"230577",0.179597701149425
"230582",0.190889370932755
"230584",0.155063860406548
"230587",0.383275261324042
"230590",1.2281244315081
"230594",0.119508188033282
"230596",0.117459190915543
"230597",0.101811062163485
"230598",0.0840064620355412
"230603",0.321282279608192
"230648",0.0883472962680883
"230649",0.145922746781116
"230654",0.132013969732247
"230657",0.137161084529506
"230661",0.179401993355482
"230673",0.104479974671521
"230674",0.119434040782355
"230676",0.164443435318159
"230678",0.406417112299465
"230696",0.116499282639885
"230700",0.0987912087912088
"230709",0.0975645219920029
"230718",0.218076644974693
"230721",0.115925717501407
"230726",0.515964481390516
"230734",0.146027201145311
"230735",0.225012189176012
"230737",0.115535919627186
"230738",0.46047771484856
"230751",0.110291991905175
"230752",0.74975638277139
"230753",0.0951814396192742
"230757",0.114673664993154
"230761",0.150311706303394
"230766",0.557261490923136
"230767",0.153124065769806
"230770",0.145559554699925
"230775",0.135483870967742
"230777",0.243635458993283
"230779",0.384080859128238
"230784",0.132996736654147
"230787",0.492995689655172
"230789",0.0932942469769146
"230793",0.141553385665965
"230796",0.100374963945774
"230801",0.171569262666839
"230806",0.535966149506347
"230809",0.128177097567641
"230810",0.206830437387657
"230815",0.27438873795999
"230822",0.504856313207169
"230824",0.788633651551313
"230837",0.19221260815822
"230848",0.323090826931767
"230857",0.121733588272785
"230861",0.0907013219807304
"230863",0.161971830985915
"230866",0.122495088408644
"230868",0.281498034984973
"230872",0.14176245210728
"230895",0.0968902595733745
"230899",0.542488038277512
"230903",0.132295719844358
"230904",0.171394799054374
"230908",0.0846284969417427
"230909",0.684697179842811
"230917",0.0918340263646819
"230935",0.10719131614654
"230936",0.184862692565305
"230959",0.115483502356806
"230967",0.10063780203606
"230971",0.284562926224427
"230972",1.03461376108062
"230979",0.259805825242718
"230991",0.142774230992455
"230996",0.139253279515641
"231002",0.239617827479507
"231003",0.135644768856448
"231004",0.366990697188251
"231014",0.139066905921559
"231042",0.159033436358528
"231050",0.116793365583967
"231051",0.17094414893617
"231070",0.247735242548217
"231086",0.108750450126035
"231093",0.147745871150126
"231123",0.176029962546816
"231125",0.113448056086679
"231128",0.105068547698959
"231130",0.178885630498534
"231134",0.16730347954557
"231147",0.386126704089816
"231148",0.120733308327082
"231151",0.0978008035525481
"231162",1.34169278996865
"231201",0.87146529562982
"231207",0.167683906199807
"231214",0.136667770785028
"231225",0.0973867438285559
"231238",0.207860804722697
"231279",0.124899274778405
"231287",0.20414002019522
"231290",0.478710247349823
"231293",0.733443288505455
"231326",0.116925388082123
"231327",0.144538059267868
"231329",0.0922146636432351
"231380",0.118174409127954
"231386",0.10712717693546
"231413",0.105991337824832
"231430",0.168674698795181
"231440",0.189249720044793
"231452",0.105263157894737
"231464",0.134484659195297
"231470",0.244739478957916
"231474",0.15820698747528
"231503",0.142989173488249
"231506",0.14991136996708
"231510",0.330218068535826
"231532",0.204125803178898
"231549",0.166911193579011
"231571",0.132711131345322
"231580",0.0879394379342528
"231583",0.312815222375057
"231600",0.114407294832827
"231603",1.00825593395253
"231605",0.160236396074933
"231630",0.166283524904215
"231633",0.207650273224044
"231637",0.102927616413094
"231642",0.345420136260409
"231646",0.526672122609925
"231655",1.16104868913858
"231659",0.129418045915643
"231668",0.371785798537391
"231670",0.0909663865546218
"231672",0.112288613303269
"231691",0.386398763523957
"231712",0.100019592476489
"231713",0.100831024930748
"231717",0.232209737827715
"231724",0.235714285714286
"231727",0.43952802359882
"231736",0.527235772357724
"231760",0.118946144905076
"231769",0.123399232812039
"231798",0.18575481558907
"231801",0.107778427604645
"231803",0.100381027460255
"231805",0.738052182898476
"231807",0.102793805040996
"231821",0.109121199500208
"231830",0.331551976573938
"231832",1.26826972445661
"231834",0.177033492822967
"231841",0.128034862004565
"231842",0.206397842872901
"231855",0.183719384363655
"231858",0.185492824540483
"231861",0.131687774618765
"231863",0.186552406064601
"231866",0.127659574468085
"231868",0.153940283896231
"231871",0.124608108826186
"231872",0.138801261829653
"231874",0.115106018701436
"231876",0.0964603017910027
"231887",0.0983344741044946
"231889",0.114602975068091
"231912",0.0904907975460123
"231915",0.101761252446184
"231931",0.23200263939294
"231946",0.596017316017316
"231986",0.100631639391329
"231991",0.341498411396946
"231997",0.137118147579858
"231999",0.106882591093117
"232016",0.266177957532861
"232023",0.125943079106596
"232035",0.128928729526339
"232078",0.24519719911425
"232086",0.200197360305908
"232087",0.0924946551142118
"232089",0.192638664053847
"232146",0.208695652173913
"232156",3.16102973812694
"232157",0.114709851551957
"232164",0.116393979057592
"232174",0.358037311525684
"232187",0.0985221674876847
"232196",0.12987012987013
"232201",0.206532869137825
"232210",0.13653603034134
"232223",0.271334792122538
"232227",0.0913861744480637
"232232",0.144385026737968
"232236",0.135650494810524
"232237",0.197997775305895
"232286",0.13216957605985
"232288",0.26038062283737
"232313",0.233206140740083
"232314",0.0959319464330835
"232333",0.113910186199343
"232334",0.188235294117647
"232337",0.155292479108635
"232339",0.126541397533764
"232341",0.0809893801106097
"232345",0.708902239213545
"232370",0.0955005856818025
"232371",0.547571523619428
"232400",0.194905869324474
"232406",0.355885471898197
"232414",0.485233798195242
"232430",0.105263157894737
"232431",1.10975166565718
"232440",0.147747808044977
"232441",0.140697674418605
"232449",0.371266735324408
"232491",0.13642815396176
"232493",0.656584093872229
"232533",0.117382271468144
"232536",0.17498764211567
"232539",0.121377865704643
"232560",0.173701298701299
"232566",0.145631067961165
"232585",0.925287356321839
"232599",0.440586001085187
"232664",0.110042011112617
"232670",0.2625
"232679",0.13458740386614
"232680",0.4714213916937
"232685",0.399815720462116
"232714",1.05458383594692
"232748",0.521479558728099
"232784",0.169998473981383
"232785",0.181350626118068
"232790",0.340933304922225
"232791",0.161358961628484
"232798",0.0923161308785653
"232801",0.735002608242045
"232807",0.125538020086083
"232811",0.205582028590878
"232813",0.136310338088724
"232816",0.191428571428571
"232821",0.147749510763209
"232853",0.141317054162878
"232854",0.196332254584682
"232855",0.133260513380666
"232875",0.140071018847309
"232878",0.153344699628924
"232879",0.146149522203485
"232889",0.590594150469066
"232906",0.087433086923273
"232910",0.160577971646674
"232933",0.308057448880234
"232934",0.123969213853766
"232943",0.379162191192266
"232944",0.118610382383337
"232946",0.253758709204254
"232947",0.103552172534095
"232966",0.368160190325139
"232969",0.192115682561542
"232975",0.0886141164348274
"232976",0.111438028687017
"232983",1.09011943539631
"232984",0.623494447051463
"232987",0.208573784006595
"232989",0.10751325190136
"233011",0.205570291777188
"233016",0.215869311551925
"233020",0.121802679658952
"233033",0.102695305527459
"233040",0.159293593053274
"233045",0.794058911632551
"233046",0.251650715928481
"233056",0.138753387533875
"233057",0.104761904761905
"233058",0.106371866295265
"233060",0.0997395176875893
"233064",0.318796832273873
"233065",0.160051373004709
"233066",0.431398710251279
"233067",0.13469387755102
"233071",0.0989236098178703
"233073",0.126279863481229
"233103",0.100844305366948
"233107",0.193618065783014
"233115",0.0938375350140056
"233147",0.151917964299278
"233168",0.133373749621097
"233186",0.33080955154339
"233189",0.175813008130081
"233199",1.05593018643395
"233204",0.126492325184764
"233208",0.0862351016592662
"233210",0.147850873902933
"233246",0.457645644332714
"233271",0.145089285714286
"233274",0.138492871690428
"233276",0.112066961171821
"233280",0.111405737855854
"233315",0.14767547857794
"233328",0.263482441471572
"233332",0.374249863611566
"233335",0.102871354284422
"233405",0.117408906882591
"233406",0.27182855626327
"233410",0.134944945773657
"233424",0.242184929253044
"233489",0.0942698706099815
"233490",0.142702169625247
"233529",0.261371293800539
"233532",0.097799511002445
"233537",1.06978887399464
"233545",0.117947108216276
"233552",0.150837988826816
"233561",0.624873609706775
"233571",0.322222222222222
"233575",0.148604566872055
"233649",0.286352558895207
"233651",0.141600058663929
"233724",0.120010074297947
"233726",0.0868009405991207
"233733",0.131492916818017
"233744",0.247204968944099
"233752",0.283365460936614
"233765",0.160360155003419
"233781",0.144977963349571
"233789",0.140374942844079
"233802",0.0984690844233056
"233805",0.150575287643822
"233806",0.203339975329728
"233812",0.0976231315853957
"233813",0.218296357162421
"233824",0.0943326564519107
"233826",0.346266402341169
"233833",0.090111301369863
"233836",0.65180102915952
"233863",0.116578500848388
"233865",0.137879138689511
"233870",0.115043171591876
"233871",0.115062761506276
"233875",0.15800122624157
"233876",0.149080521335476
"233877",0.0882901554404145
"233878",0.0914807982559114
"233879",0.16092350103377
"233887",0.122744539411206
"233890",0.206806282722513
"233893",0.23121387283237
"233895",0.100944584382872
"233899",0.225188624492165
"233900",0.12
"233902",0.136303014137103
"233904",0.111125620266388
"233905",0.129211571185479
"233908",0.091340782122905
"233912",0.161677845630193
"233913",0.140883977900552
"233919",0.201567459032321
"233977",0.109889058913542
"233979",0.220485975466833
"233987",0.151729106628242
"234023",0.114051911520266
"234069",0.106706187476843
"234072",0.874546975188179
"234076",0.124471921689851
"234086",0.158945117605132
"234094",0.154522545708005
"234129",1.1229386787795
"234135",0.10504982266509
"234138",0.127523387493845
"234155",0.432387998355939
"234199",0.688194158782394
"234214",0.147251732101617
"234258",0.469508584961516
"234267",0.114679374287786
"234290",0.376976045000485
"234309",0.166116611661166
"234311",0.387084447841039
"234344",0.151259369302451
"234353",0.106875275451741
"234356",0.181274900398406
"234358",0.144021739130435
"234362",0.135765325310267
"234365",0.364368508204125
"234366",0.0991513144276547
"234371",0.141312184571017
"234373",0.119199710738821
"234374",0.128878523626039
"234378",0.109859154929577
"234384",0.194501718213058
"234388",0.158579881656805
"234395",0.35215330723264
"234396",0.649777225158015
"234404",1.36618521665251
"234407",0.119441105769231
"234413",0.119761223728392
"234463",0.152703505644682
"234479",0.43963963963964
"234515",0.172242424242424
"234542",0.321364221364221
"234549",0.103436880370126
"234577",0.444924406047516
"234582",0.689864794046746
"234593",0.0828814304558112
"234594",0.112614165087024
"234595",0.115183246073298
"234624",0.59995780145585
"234663",0.0921052631578947
"234664",0.13296626054358
"234678",0.100824350031706
"234683",0.279568538571309
"234684",0.300773320444659
"234686",0.248651717286404
"234695",0.175040961223375
"234699",0.122530803833366
"234700",0.940368750346049
"234723",0.131375113167689
"234724",0.868520578420467
"234725",0.154559505409583
"234728",0.164611469954981
"234729",0.116113261356692
"234730",0.136199690845595
"234733",0.0944924406047516
"234734",0.0921706516643225
"234736",0.107487401007919
"234740",0.176628010704728
"234776",0.0923601425693476
"234779",0.268827182525519
"234788",1.08186864014801
"234796",0.212001801396082
"234797",0.0864628820960699
"234814",0.126570583887657
"234825",0.118313752591569
"234839",0.234064785788924
"234847",0.109326570865032
"234852",0.124472197442759
"234854",0.110025220680958
"234857",0.165590794274488
"234863",0.751702786377709
"234865",0.102435150873478
"234875",0.105569900405754
"234878",0.363293310463122
"234889",0.137142857142857
"234912",0.222048757055362
"234915",0.248470337855813
"234959",0.112404125892621
"234964",0.375
"234967",0.125390673834229
"234988",0.815546772068511
"235028",0.115712747452994
"235036",0.147075445040972
"235040",0.130808550185874
"235041",0.184096385542169
"235043",0.251263358462431
"235044",0.112917023096664
"235047",0.126503794188414
"235048",0.154044380816034
"235050",0.165659851301115
"235072",0.118490566037736
"235086",0.126574307304786
"235106",0.109525678403229
"235130",0.265117555575885
"235132",0.117786902960882
"235134",0.138722361890028
"235169",0.10207100591716
"235180",0.0951998572448251
"235184",0.0958904109589041
"235281",0.140817650876055
"235283",0.0913978494623656
"235293",0.092032967032967
"235300",0.0976543800861656
"235302",0.8504753673293
"235312",0.837896486449051
"235315",0.0855018587360595
"235320",0.235955056179775
"235323",0.0988526037069726
"235330",0.332109573566789
"235339",0.156308411214953
"235344",0.164887595018599
"235345",1.92211440245148
"235379",0.247775175644028
"235380",0.101105845181675
"235386",0.17419212040726
"235402",0.180642069956876
"235406",0.185409652076319
"235415",0.421638910334179
"235431",0.110197214692962
"235435",0.728614558872862
"235439",0.0957226052613963
"235441",0.119678714859438
"235442",0.102266594711279
"235459",0.127226463104326
"235461",0.119311193111931
"235469",0.0904392764857881
"235472",0.26678445229682
"235493",0.111610685003967
"235497",0.119819487935163
"235504",0.128847845206684
"235505",0.301007705986959
"235527",0.236879770992366
"235533",0.264179867143587
"235534",0.185070355354162
"235542",0.115853658536585
"235559",0.104618284637135
"235567",0.089352910794658
"235574",0.0900699717135626
"235582",0.253481894150418
"235584",0.126106672424962
"235587",0.274069319640565
"235599",0.444283646888567
"235604",0.0960225425382031
"235606",0.185912867904015
"235610",0.440560997328584
"235611",0.124676749471045
"235623",0.0960161662817552
"235626",0.129213483146067
"235627",0.197731920431307
"235631",0.816956840771129
"235633",0.155774262607041
"235636",0.867441860465116
"235661",0.107142857142857
"235674",1.07199681782021
"235682",0.0865800865800866
"235779",1.43480812111255
"235907",0.145769430418574
"235956",0.184811742182514
"236069",0.660599005185734
"236082",0.333912037037037
"236193",0.179045745204132
"236266",0.12416476359638
"236285",0.332044418005156
"236293",1.22504682900723
"236312",0.998391636509851
"236366",0.313968389577104
"236451",0.851464435146443
"236511",0.128017556693489
"236539",0.132037533512064
"236573",0.286732230139568
"236576",0.137397634212921
"236598",0.395080560587282
"236604",0.162756952841596
"236643",0.182892282180612
"236690",0.239242685025818
"236727",0.0913453299057412
"236732",0.138250089831118
"236733",0.101357853095264
"236790",0.13177652970736
"236792",0.094488188976378
"236794",0.109107954135718
"236848",0.140770252324037
"236899",0.0971279373368146
"236900",0.116875372689326
"236904",0.135375388240334
"236915",0.0886186557926163
"236920",0.167881548974943
"236930",0.80383777442601
"237010",0.218433179723502
"237038",0.7052541648868
"237052",0.124170245997657
"237073",0.15058779623064
"237082",0.121101526211015
"237091",0.438256658595642
"237107",0.097008684464458
"237175",0.374274584625169
"237178",0.700782661047562
"237211",0.251986830154405
"237213",0.21736414740787
"237221",0.194444444444444
"237222",0.149235169755006
"237253",0.0837457175485345
"237300",0.594776233389339
"237313",1.15241635687732
"237320",0.774611398963731
"237336",0.100416016640666
"237339",0.131224923294784
"237353",0.141157256182921
"237360",0.428258871920536
"237362",0.190233236151603
"237387",0.214040219378428
"237397",0.369285397248114
"237400",0.198672006745363
"237403",0.215018656716418
"237411",0.167191844300278
"237412",0.167730702263494
"237422",0.096921322690992
"237433",0.610215053763441
"237436",0.25157913733983
"237459",0.0985880232325255
"237465",0.33985297978472
"237500",0.115489377156346
"237504",0.43119698397738
"237523",0.410238907849829
"237542",0.102702702702703
"237553",0.316923076923077
"237558",0.388581652569941
"237560",1.07828487899951
"237611",0.438893159108378
"237615",0.0895876876306289
"237625",0.240438871473354
"237636",0.362566844919786
"237711",0.115310568446651
"237716",0.152228499686127
"237730",0.145979253479918
"237749",0.874965536255859
"237758",0.208165548098434
"237759",0.369665211062591
"237761",0.213416444048679
"237775",0.15807759119861
"237781",0.225368502715283
"237782",0.120900321543408
"237806",0.161298254241456
"237823",0.13469387755102
"237831",0.255847531042449
"237847",0.12936760034652
"237858",0.589216944801027
"237859",0.142523364485981
"237860",0.105256442970145
"237868",0.117567042363
"237877",0.217666566174254
"237886",0.491682070240296
"237887",0.692834138486312
"237891",0.505113494637067
"237898",0.0928547909120843
"237911",0.596458411273226
"237926",0.158626013122347
"237928",0.256022170112982
"237930",1.12082232686344
"237940",0.248514988258047
"237943",0.0918234729050122
"237979",0.229909680407596
"237987",0.519490397413957
"237988",0.113968350578211
"238021",0.562883150659484
"238023",0.154399814255863
"238024",0.108348607579968
"238037",0.203471464921847
"238055",1.103934500796
"238076",0.223057644110276
"238123",0.133179044813802
"238130",0.114096132060204
"238161",0.0867785509619321
"238205",0.0938396237237582
"238247",0.133053221288515
"238252",0.152088661551577
"238266",0.112683438155136
"238271",0.218075574600701
"238276",0.105786026200873
"238317",0.205629397967162
"238323",0.113613669144569
"238328",0.148784760236479
"238330",0.111235567809754
"238331",0.24680377987771
"238333",0.215590145851207
"238377",0.108959245537218
"238384",0.289647058823529
"238386",0.125290697674419
"238393",1.2692380056444
"238505",0.1534140969163
"238555",0.460455764075067
"238564",0.465659981343284
"238662",0.705433455433455
"238663",0.798711755233494
"238673",0.240268456375839
"238680",0.234341252699784
"238690",0.161969826359237
"238692",0.120861629881154
"238693",0.153735009391706
"238722",0.140750146512991
"238725",0.323811915374474
"238799",0.107017132128608
"238803",0.347782890608659
"238831",0.137289121582315
"238871",0.176862673484295
"238988",0.0893783105659325
"239017",0.12187798553296
"239027",0.304982618771727
"239083",0.47012080883778
"239096",0.177187745483111
"239099",0.115328467153285
"239102",0.144347561207783
"239114",0.252664261139549
"239122",0.291062483522278
"239126",0.586938775510204
"239133",0.332976533552902
"239134",0.926803551609323
"239157",0.110059171597633
"239167",0.966441536513297
"239170",0.103779155594922
"239188",0.118820595569899
"239217",0.0855753003077534
"239250",0.475912929701439
"239273",0.137793851717902
"239283",0.541753123991331
"239318",0.278857410442519
"239319",0.38588160810383
"239336",0.261813537675607
"239337",0.4473604826546
"239364",0.111951938074057
"239368",0.45746659901911
"239393",0.093420484676574
"239405",0.324026918879593
"239408",0.0988602576808721
"239410",0.153747323340471
"239420",0.145806995364517
"239435",0.313514140009272
"239436",0.876831750339213
"239510",0.106824925816024
"239528",0.185878489326765
"239530",0.8061004784689
"239546",0.292223572296476
"239552",0.225777777777778
"239554",0.195582243191079
"239555",0.118745595489782
"239556",0.191289966923925
"239559",0.346876991714468
"239570",0.173165415354807
"239591",0.325741649147395
"239606",0.154349646091788
"239618",0.225142685491139
"239647",0.151408450704225
"239650",0.171436510141706
"239652",0.176145339652449
"239667",0.118686593214792
"239673",0.789301858362632
"239691",0.36785736395716
"239706",0.160287081339713
"239719",0.215367727771679
"239731",0.31275720164609
"239743",0.311787072243346
"239759",0.553191489361702
"239760",0.210022522522523
"239766",0.719882850634559
"239789",0.247658321060383
"239796",0.141048824593128
"239827",0.207646597152147
"239833",0.161290322580645
"239839",0.188451033944596
"239845",0.413605487040823
"239852",0.348482768090073
"239857",0.140540540540541
"239985",0.110158810184018
"240023",0.435600699358921
"240025",0.11531314897803
"240028",0.155101308947463
"240034",0.105172413793103
"240038",0.175468975468975
"240041",0.24845869297164
"240047",0.771657486229344
"240054",0.510783978089695
"240055",0.125883053876926
"240057",0.120464737056665
"240058",0.165314602295212
"240063",0.161708253358925
"240064",0.0935450309856607
"240066",0.163139931740614
"240067",0.109326050285163
"240068",0.109845580987844
"240069",0.196234186525449
"240084",0.247474409580518
"240087",0.154475009686168
"240095",0.23227495908347
"240119",0.154402559465851
"240120",0.217410747559067
"240121",0.126329787234043
"240168",0.159252602411443
"240174",0.142619542619543
"240185",0.129810629199756
"240186",0.205541125541126
"240215",1.01186209250725
"240239",0.515669515669516
"240255",0.108529650690496
"240261",0.157959017505767
"240263",0.13479248893673
"240283",0.103218645948946
"240322",0.508673995190656
"240327",1.04424778761062
"240328",0.679172056921087
"240332",0.198786477896562
"240334",0.125290023201856
"240354",0.177108172555821
"240396",0.102413715316941
"240411",0.545476390724498
"240427",0.174554329371817
"240442",0.107942430703625
"240444",0.172418042888834
"240476",0.121374386434627
"240479",0.167399172699069
"240505",0.210777922642329
"240514",0.22464859437751
"240518",0.122851215174867
"240549",1.09530376158737
"240590",0.562556472501657
"240595",0.986962444055264
"240613",0.0993996608771367
"240614",0.0938441098317095
"240638",0.632426988922457
"240641",0.340710382513661
"240660",0.240809582817018
"240665",0.129345112348761
"240667",1.10207500966619
"240672",0.543975535168196
"240675",0.894859134475748
"240690",0.123129752268825
"240697",0.239671931956258
"240725",1.08016048472939
"240726",0.322669104204753
"240752",0.144430844553244
"240753",0.127871636721194
"240754",0.780617548150413
"240756",0.118863284452136
"240776",0.146960401561629
"240816",0.353344115688327
"240817",0.6003600360036
"240819",0.812197092084006
"240832",0.0932203389830508
"240843",0.148130701040641
"240869",0.107641057672288
"240879",0.56379821958457
"240880",0.100667994843549
"240888",0.37899440501671
"240892",0.712692117005454
"240913",0.272254335260116
"240916",0.785312923851967
"240960",0.378767491926803
"241035",0.663867751246392
"241062",0.182186234817814
"241066",0.09780630812778
"241070",0.528123547337431
"241073",0.970959194488606
"241075",0.105482717520858
"241112",0.44145040881621
"241116",0.803389830508475
"241118",0.428725701943844
"241128",0.818711656441718
"241134",0.25
"241158",0.420648179084531
"241159",0.166990212731538
"241175",0.250212685509027
"241201",0.219708246501935
"241226",0.150749464668094
"241230",0.323667417417417
"241263",0.137845567206864
"241274",0.132675998773884
"241289",0.11600996045115
"241296",0.101484798491633
"241303",0.1875
"241308",0.0849748619467568
"241311",0.13125
"241322",0.105080467024298
"241324",0.264611043933898
"241327",0.481722459521208
"241391",0.551946441854699
"241431",0.750219276873599
"241447",0.141025641025641
"241489",0.43610443146685
"241490",0.1264191469776
"241494",0.25840590894058
"241514",0.277846027846028
"241520",0.0920757138273981
"241525",0.148491879350348
"241528",0.193897319987084
"241547",0.230761940864291
"241556",0.188841201716738
"241568",0.128227647988758
"241576",0.128813559322034
"241589",0.150120557710452
"241612",0.430660888407367
"241624",0.257291666666667
"241627",0.150772626931567
"241636",0.658777842907386
"241638",0.178131416837782
"241639",0.28615127919911
"241656",0.112965838509317
"241688",0.136875281404773
"241694",0.162839248434238
"241727",0.106008363289561
"241732",0.108634874990015
"241764",0.160627785312924
"241770",0.129287598944591
"241794",0.176118688681503
"241846",0.0966286169365543
"241877",0.717250052399916
"241915",0.100799376096705
"241919",0.148878240034851
"241944",0.106175514626219
"241950",0.138988326848249
"241989",0.564711585070286
"242022",0.189196381053752
"242037",0.817868626550299
"242050",0.183355006501951
"242083",0.113782406381564
"242109",0.162359178263751
"242125",1.29399499582986
"242126",0.13095679241088
"242202",0.159294117647059
"242235",0.659863945578231
"242248",0.265243902439024
"242253",2.17601799242424
"242259",0.193024596464258
"242274",0.110022725491733
"242291",0.112767987146659
"242297",0.097965281730222
"242316",0.85107421875
"242362",0.141335636154289
"242377",0.219554598890637
"242384",0.19671153518487
"242406",0.0936693487171702
"242408",0.478904721989382
"242409",0.0905299739357081
"242418",0.123735408560311
"242425",0.0905712958662332
"242443",0.163931005703158
"242466",0.168993096736916
"242474",0.115740198946752
"242484",0.453100284720025
"242505",0.656915489800493
"242506",0.269144648454993
"242509",0.841418671015084
"242521",0.0915166140709115
"242523",0.664592760180995
"242546",0.46622929662293
"242553",0.253602811950791
"242557",0.104722792607803
"242570",0.208476286579213
"242584",0.242877380764993
"242585",0.138694208779048
"242594",1.51528643514396
"242602",0.67645788336933
"242608",0.423885618166526
"242620",0.469729355450522
"242642",0.430684585550645
"242646",1.16567267683773
"242653",0.397611043559116
"242662",0.107344632768362
"242667",0.109166136218969
"242669",0.135414534288639
"242681",0.335711658698051
"242687",0.105482448526093
"242691",0.258857556037599
"242700",0.677504393673111
"242702",0.309973045822102
"242705",0.317500796939751
"242721",0.171234839079362
"242735",0.960208432022738
"242736",0.159810126582278
"242747",0.127969204769505
"242748",0.224181626187962
"242773",0.124111458629514
"242785",0.168218954248366
"242800",0.287567992660069
"242819",0.09589447790313
"242838",0.730330831248262
"242860",0.105653280230114
"242864",0.176385542168675
"242891",0.488866396761134
"242894",0.13946587537092
"242914",0.653343350864012
"242915",0.210180154418073
"242960",0.0958221158639944
"243025",0.581316652994258
"243043",0.248382515385829
"243078",0.680081239656988
"243197",0.407446487790172
"243219",0.178761699064075
"243270",0.369421571617363
"243272",0.0878835153406136
"243274",0.199206062793215
"243277",0.508053242569744
"243300",0.10902394106814
"243308",0.139231056364315
"243312",0.127609210243168
"243328",0.2516179135387
"243339",0.096815017928707
"243362",0.161290322580645
"243369",0.406144623454477
"243371",0.127586206896552
"243372",0.204474034620506
"243373",0.134980149977944
"243374",0.337008173351074
"243382",0.0957043370337172
"243385",0.227754056362084
"243407",0.645669291338583
"243499",0.242227629088943
"243510",0.164328932893289
"243529",0.207460623324397
"243538",0.203372035573123
"243547",0.203130316434161
"243548",0.0991717036042086
"243574",0.142559544476078
"243612",1.05047532820281
"243616",0.0987509430798893
"243621",0.115516296904958
"243634",0.430338356553881
"243653",0.396968455551004
"243659",0.504742333227948
"243725",0.125243348475016
"243743",0.187924674820423
"243753",0.462896371363191
"243755",1.16606757728253
"243764",0.398357700781094
"243771",0.184226073257188
"243780",0.105004605465152
"243813",0.194906953966699
"243819",0.100625126033474
"243833",0.153536257833483
"243834",0.157575757575758
"243842",0.187045644142534
"243846",0.118006103763988
"243853",0.119476653086807
"243864",0.414532410110953
"243866",0.40134011090573
"243867",0.182879377431907
"243897",0.384377416860015
"243905",0.240740740740741
"243906",0.145978467384421
"243910",0.285112211568855
"243911",0.349830047586676
"243912",0.352228012336488
"243914",0.108135168961201
"243923",0.404477275290403
"243931",0.289543186931429
"243937",0.19147917663954
"243958",1.07535460992908
"243961",0.101748440268043
"243963",0.419091624066064
"243967",0.417577515056882
"243983",0.120009796718099
"243996",1.16711440481704
"244049",0.277788517301372
"244058",0.136397923414829
"244059",0.121503573634519
"244071",0.657587548638132
"244091",0.565100342633382
"244141",0.140740740740741
"244144",0.164961787184009
"244152",0.346607669616519
"244180",0.952960750207971
"244198",0.157802527843824
"244202",0.552502256543977
"244209",0.368098159509202
"244216",0.3591821197455
"244219",0.13697219361483
"244233",0.439843137254902
"244234",0.806433355343835
"244237",1.3256559182856
"244238",0.233122875182127
"244281",0.19363206017768
"244310",0.110509941836873
"244329",0.118743343982961
"244349",0.156864654333009
"244373",0.095286676188533
"244416",0.527213532450987
"244418",0.130520926090828
"244421",0.139156573247281
"244431",0.381979417560762
"244484",0.146050670640835
"244548",0.120367637758759
"244550",0.859188544152745
"244551",0.605558128763316
"244556",0.162262357414449
"244562",0.603770595690748
"244579",0.211946185813904
"244585",0.111990008326395
"244608",0.691875361600132
"244631",0.153473344103393
"244646",0.208297170630099
"244650",0.146042363433668
"244653",0.393634496919918
"244654",0.105038507933562
"244666",0.128926866046745
"244667",0.285211267605634
"244668",0.428080721339631
"244672",0.125454545454545
"244682",0.234208658623137
"244694",0.52465483234714
"244713",0.102006335797255
"244721",0.101978021978022
"244723",0.135642135642136
"244745",0.15120355223183
"244757",0.529134144127791
"244810",0.487302483069977
"244853",0.225524475524476
"244859",0.938053097345133
"244864",0.49161007912902
"244867",0.251231527093596
"244871",0.141761504205839
"244879",0.150071672731282
"244882",0.195219123505976
"244885",0.620820093811469
"244886",0.188351589633983
"244891",0.112227969161706
"244895",0.166604308087017
"244911",0.534196740395809
"244923",1.32643454871488
"244954",0.280904016835941
"244958",0.304571940833707
"244962",0.0975609756097561
"245000",0.134263295553618
"245007",0.0990888382687927
"245020",0.140478833042651
"245026",0.480038948393379
"245038",0.357252578450735
"245049",0.0941975611752189
"245050",0.18913560666138
"245126",1.03613884926296
"245174",0.172354948805461
"245240",1.10905198776758
"245269",0.132730664370785
"245297",0.622752834885222
"245305",0.135079087545236
"245350",0.232628865979381
"245368",0.221432034911912
"245386",0.237160120845921
"245403",0.353428485876834
"245404",0.182311984593353
"245424",0.586309090025749
"245440",0.171782851958264
"245446",0.148593200468933
"245450",0.145831645467066
"245468",0.122868536853685
"245469",0.0971425259375181
"245474",0.105665839536807
"245522",0.108024691358025
"245525",0.80465212021408
"245526",0.607792207792208
"245527",0.562165605095541
"245532",1.03692826453473
"245537",0.167810831426392
"245555",0.121457489878543
"245578",0.199181446111869
"245595",0.210436432637571
"245596",0.183124854323673
"245607",0.146096654275093
"245615",1.31772414895317
"245622",0.157284949174773
"245631",0.195542774982027
"245638",0.164004342431762
"245643",0.210854017669331
"245650",0.297987616099071
"245666",0.143910007757952
"245670",0.101885974420117
"245671",0.213148529687207
"245683",0.117225609756098
"245684",0.118334892422825
"245688",0.0894404405214997
"245695",0.23535204332841
"245827",0.745299145299145
"245828",0.179105652653126
"245841",0.143992187846775
"245847",0.228241563055062
"245857",0.168385837747421
"245860",0.0933096856833186
"245865",0.374534848637232
"245866",0.116617210682493
"245867",0.0847343644922663
"245877",0.102915951972556
"245880",0.0847855642071437
"245884",0.412930724593026
"245886",0.0983068644179026
"245902",0.179020100502513
"245944",0.123612960497115
"245945",1.24990303813833
"246048",1.37111264685556
"246049",1.26552892458276
"246102",0.167926906112161
"246103",0.109464250541658
"246104",0.229620722481086
"246133",3.49568026444294
"246154",0.157189089227924
"246177",0.646656779934232
"246179",0.119739993157715
"246190",0.763598507851132
"246196",0.112717327603047
"246198",0.149113660062565
"246221",0.134396926161042
"246228",0.200664451827243
"246229",0.119164072921298
"246256",1.05454266891374
"246257",0.115323854660348
"246277",0.121450151057402
"246293",0.120727673649394
"246313",0.242435289828655
"246316",0.120311394196745
"246317",0.201056417172398
"246691",0.633258792437487
"246694",0.144083969465649
"246696",0.121446324605904
"246703",0.111757857974389
"246707",0.383215446377366
"246709",0.382088384825968
"246710",0.165169980756895
"246727",1.07238734419942
"246728",0.530638852672751
"246730",0.661396574440053
"246735",0.728210601209534
"246738",0.14373753851731
"246746",0.686396337475474
"246782",0.116428033157498
"246788",0.41566265060241
"252837",0.524115176964607
"252838",0.32596992760349
"252864",0.173280577214011
"252868",0.94602038006059
"252870",0.0908729369655995
"252875",0.136993329912776
"252876",0.14468544835037
"252903",0.210726351351351
"252966",0.155716502845318
"252967",0.634489866025421
"252972",0.120369763325247
"252973",0.421340629274966
"257632",0.74026728646136
"257633",0.154742096505824
"257635",0.308386312640239
"257871",0.651479444880859
"257882",0.682307692307692
"257926",1.10947925732521
"257931",0.838112440731542
"257947",0.483092638252906
"258055",0.679441736818786
"258064",0.387291981845688
"258201",0.833800186741363
"258268",1.36379126730564
"258352",0.416811306719564
"258356",1.07576647480324
"258380",0.940140845070423
"258383",1.22674418604651
"258405",0.813655602584094
"258463",0.79687118064043
"258470",1.07828226347573
"258513",1.03835407670815
"258571",0.467464862051015
"258783",0.6636553161918
"258837",1.19354094579008
"258915",1.23051258720049
"258938",0.444318359680701
"258962",0.461598138091544
"258963",0.316728624535316
"258964",0.93084255645832
"259051",1.2638217708248
"259063",1.12902164976706
"259096",1.17124856815578
"259097",0.484702577991775
"259104",0.938028169014085
"259108",0.454777070063694
"259116",0.822014051522248
"259172",2.02443004796993
"259277",0.235632183908046
"259279",0.0910298120974703
"259300",0.171156697973307
"259301",0.741702127659575
"259302",0.0857740585774059
"260297",0.132540786644745
"260299",0.140411413404114
"260301",0.723011363636364
"260302",0.136524231717885
"260305",0.169998046747835
"260315",0.138461538461538
"260408",0.641712454212454
"260409",0.346745562130178
"263406",0.158292903544116
"263764",0.091148115687993
"263803",0.594271492104941
"263876",0.167192429022082
"264064",0.142890799858641
"264134",0.168373261205564
"264895",0.158713923600302
"266614",0.35604468532242
"266632",0.336495187980337
"266645",0.691551312649165
"266690",0.122497055359246
"266692",0.105028571428571
"266781",0.101845806872811
"267019",0.10434488424919
"268281",0.0920353982300885
"268288",0.790519187358916
"268291",0.214590703916067
"268294",0.150117279124316
"268297",0.378143392188336
"268301",0.327304369444962
"268319",0.283832517177239
"268345",0.239798064787547
"268354",0.108109514886529
"268373",0.122676294361653
"268379",0.666914705608781
"268390",0.164478230822391
"268391",0.195652173913043
"268395",0.197307944845699
"268396",0.166666666666667
"268417",0.150246305418719
"268420",0.0947987616099071
"268445",0.102231660519355
"268448",0.11800539083558
"268449",0.104042754934919
"268451",0.0911829134720701
"268465",0.805963053518066
"268469",0.191707534551939
"268470",0.101174756397414
"268480",0.150731707317073
"268481",0.234610917537747
"268482",0.255255850852836
"268490",0.106050254308054
"268491",0.351469902006533
"268510",0.228619528619529
"268512",0.249935417204857
"268515",0.115092196102421
"268527",0.443138741470811
"268534",0.421897289586305
"268564",0.135390987082142
"268566",0.120150187734668
"268567",0.102040816326531
"268595",0.134206219312602
"268656",0.110980622431004
"268663",0.591440747121226
"268670",0.159217877094972
"268697",0.680122494432071
"268706",0.132879581151832
"268709",0.136690647482014
"268721",0.132423387361375
"268729",0.739575137686861
"268739",0.136553403687812
"268741",0.0854870775347912
"268747",0.0999926879204446
"268749",0.149382819716181
"268752",0.107077661294529
"268755",0.0970940004384576
"268759",0.368623621323529
"268780",0.320754716981132
"268783",0.109081934846989
"268807",0.478588016720855
"268816",0.39907192575406
"268822",0.210214992606074
"268857",0.224302541847489
"268859",0.119158878504673
"268860",0.126062322946176
"268878",0.192963212959838
"268880",0.117381818181818
"268882",0.125737943724603
"268890",0.133323598130841
"268902",0.148975109809663
"268903",0.108964588281167
"268930",0.256724870221803
"268932",0.0955860423501342
"268933",0.11806625577812
"268934",0.184205506453869
"268935",0.260218408736349
"268936",0.154049984944294
"268949",1.07545731707317
"268958",0.46319018404908
"268970",1.39587128111718
"268973",0.726737561716673
"268977",0.169036334913112
"268980",0.0916345624656027
"268996",0.198564593301435
"269003",0.111827956989247
"269019",0.235049019607843
"269023",0.153259361997226
"269033",0.1600515162159
"269037",0.117676640683933
"269053",0.883130255706195
"269060",0.161961936390344
"269061",0.0897530409141172
"269109",0.203340013360053
"269113",0.124408037885575
"269116",0.131507174196609
"269120",0.480651731160896
"269132",0.215900802334063
"269152",0.441522491349481
"269180",0.115037141136318
"269181",0.10655737704918
"269198",0.105570905352438
"269209",0.286433492315845
"269224",0.250814793821737
"269233",0.0957277219831022
"269252",0.100917431192661
"269254",0.0909803921568627
"269261",0.0975474145919565
"269275",0.10793820363218
"269295",0.102404158544509
"269328",0.377794911333847
"269336",0.109775325187229
"269338",0.109783301465902
"269344",0.222610352492855
"269356",0.595907114834058
"269378",0.19260752688172
"269389",0.181066609552367
"269397",0.0977011494252874
"269400",0.159741166021696
"269401",0.1355187563366
"269423",0.170274416226351
"269424",0.119582664526485
"269437",0.170974296816513
"269470",0.111896710728558
"269473",0.0962432223082882
"269513",0.170684667309547
"269514",0.160954999664677
"269523",0.0945435665061833
"269529",0.14807575655456
"269536",0.113238861228137
"269582",0.325503355704698
"269585",0.214638157894737
"269587",0.250194509280871
"269589",0.537791442480144
"269593",0.0954596334126207
"269604",0.295634920634921
"269608",0.19492385786802
"269610",0.0947669226647616
"269614",0.14416943097729
"269615",0.314454775993238
"269623",0.159963804544541
"269629",0.162962962962963
"269630",0.149804602692141
"269633",0.379654255319149
"269639",0.0981344360034619
"269642",0.105356566634398
"269643",0.0816481294236603
"269682",0.083955223880597
"269683",0.559818926492779
"269693",0.966082765106983
"269695",0.1133069828722
"269700",0.145885114609224
"269701",0.21975374732334
"269702",0.11979969183359
"269704",0.0911062906724512
"269713",0.0920475222091405
"269717",0.168028322440087
"269774",0.0942961398117918
"269784",0.192393736017897
"269788",0.104160868355135
"269799",1.24759245541056
"269800",0.116996463772478
"269823",0.670368818105616
"269831",0.14489912086522
"269854",0.155010149474073
"269855",0.349830601593261
"269862",0.731502090005971
"269870",0.17385305277682
"269878",0.102302495519096
"269881",0.116413593637021
"269902",0.341493268053856
"269941",0.145539906103286
"269951",0.105284525340009
"269952",0.187214611872146
"269954",0.500594613501224
"269955",0.201354567087681
"269959",0.310937015889877
"269966",0.111358822873704
"269994",0.24124453981148
"269997",0.183415705656233
"269999",0.158874421043433
"270028",0.117406422581305
"270035",0.140479742912889
"270049",0.292150288023386
"270058",0.114545225179765
"270066",0.0928762460491126
"270076",0.1175520288891
"270084",0.159829721362229
"270086",0.0826727066817667
"270091",0.489284658587053
"270096",0.098021052631579
"270097",0.777087737843552
"270106",0.220288170332528
"270109",0.16777208991765
"270110",0.220855243575752
"270118",0.365628496829541
"270120",0.126788819045072
"270150",0.995778838834683
"270151",0.244436435714929
"270152",0.552171095268957
"270156",0.116406056093323
"270160",0.27072864321608
"270162",0.100068634179822
"270163",0.0902196239532311
"270166",0.113078633515262
"270190",0.171641791044776
"270192",0.0929354265402844
"270198",0.148252184769039
"270201",0.121530237650544
"270210",0.121836587129429
"270624",0.392943548387097
"270627",0.0625
"270669",0.0993813175322412
"270672",0.47632555094916
"270685",0.168244246473645
"270711",1.33627410750923
"270802",0.163915094339623
"270893",0.284269806732369
"270906",0.418834002443707
"271005",0.124144578313253
"271127",0.370245887139572
"271144",1.14597279205355
"271221",0.35152779647328
"271278",0.493688007213706
"271305",0.25747392815759
"271375",1.08472121650978
"271377",0.097263956982445
"271424",0.641373926619828
"271457",0.162784222737819
"271508",0.409917355371901
"271564",0.109932914953473
"271639",0.523517654896736
"271711",0.111252653927813
"271786",0.186787804126886
"271813",0.241940389294404
"271842",0.136048879837067
"271844",0.796974985456661
"271849",0.174234846969394
"271944",0.568983479684477
"271970",0.294159113796576
"271981",0.0939153439153439
"272009",0.131371063737691
"272027",0.135392385392385
"272031",0.161832061068702
"272158",0.584854306756324
"272322",0.139346795796415
"272347",0.109570041608877
"272359",0.110028954988155
"272381",0.100587184069441
"272382",0.943262411347518
"272396",0.148947368421053
"272411",0.476516634050881
"272428",1.02745098039216
"272465",0.249494268374916
"272538",0.224720204201846
"272551",0.53205288101771
"272589",0.0960086916742909
"272636",0.363171521035599
"272643",0.862756104406399
"272667",0.27540500736377
"272790",0.169851887243192
"276770",0.106650481227781
"276829",0.412614306469533
"276846",0.0963418321072256
"276852",0.182926829268293
"276905",0.149850712635908
"276919",0.147465437788018
"276920",1.14993861264579
"276950",0.371006841566557
"276952",0.0911722141823444
"277010",0.171969097877
"277154",0.212983821421257
"277203",0.793634840871022
"277250",0.108082151300236
"277328",0.66607724523034
"277333",0.211766719926957
"277353",0.680232558139535
"277360",0.148305084745763
"277396",0.102218144530196
"277414",0.162344983089064
"277432",0.181818181818182
"277463",0.103580562659847
"277468",0.122543352601156
"277692",0.567698706099815
"277743",0.479177934018388
"277744",0.698995605775267
"277773",0.27262733602052
"277854",0.103699412397583
"277939",0.22064301117428
"277973",0.200230149597238
"277978",0.286793953858393
"278097",0.202789699570815
"278203",1.12553418803419
"278240",0.213928632994311
"278279",0.130485851575013
"278304",0.538461538461538
"278507",0.821913611763505
"278672",0.754314402259178
"278679",0.90441779035983
"278725",1.12771825607298
"278795",0.184309800600508
"279028",0.66746767364687
"279029",0.481637127717888
"279561",0.11326341764343
"279572",0.256749958074795
"279610",0.270905866123629
"279618",0.308493460358469
"279653",0.156435643564356
"279706",0.476651727627584
"279766",0.205179482051795
"280287",1.15547153024911
"280408",0.466176470588235
"280411",0.11023102310231
"280621",0.753219989696033
"280635",0.86609907120743
"280645",0.237847823576954
"280667",0.444379150261503
"280668",0.21359733660417
"282619",0.136896466923518
"282663",0.993763126073952
"286940",0.0900656977901653
"286942",0.287526427061311
"317677",0.460954446854664
"317717",0.123668639053254
"317750",0.382177596485723
"317757",0.655073968336361
"317758",0.692307692307692
"319149",1.18250298329356
"319151",0.936956071280564
"319154",1.49788263762855
"319155",1.09165824703208
"319156",1.08468257349808
"319158",1.16391151380789
"319160",0.698171783373577
"319162",0.235111799867168
"319165",0.730534625044851
"319166",1.33983942414175
"319179",0.392115804806992
"319181",0.621446775142129
"319189",0.574715707178394
"319190",0.164223356942843
"319195",0.12450541379392
"319196",0.314046706169397
"319197",0.266700150678051
"319200",0.266821760916249
"319207",0.214206437291898
"319211",0.101494275179507
"319215",0.55812101910828
"319216",0.820388349514563
"319224",0.539710053577056
"319229",0.492641906096706
"319236",0.328030083887764
"319239",1.35954645208486
"319245",0.73565670934092
"319247",0.339423076923077
"319251",0.325288322004124
"319262",0.145706526828355
"319263",0.135416666666667
"319266",0.203485517918508
"319272",0.399126637554585
"319277",0.104761904761905
"319278",0.0957864607601677
"319314",1.14102564102564
"319317",0.213425618659334
"319322",0.0865113279045392
"319336",0.321428571428571
"319352",0.119382504288165
"319370",0.155149934810952
"319371",0.188591549295775
"319387",0.101234567901235
"319403",0.368556005398111
"319405",0.994416272577061
"319415",0.372773536895674
"319430",0.518693918245264
"319433",1.12470588235294
"319448",0.117647058823529
"319454",0.492975734355045
"319455",0.288021345316669
"319463",0.134250731390183
"319467",1.59023136246787
"319468",0.0969674624389345
"319469",0.402290076335878
"319472",1.13583208395802
"319475",0.0903218364286538
"319476",0.489876852431643
"319477",0.0951259712738404
"319478",0.176554102018051
"319480",0.430223390275953
"319481",0.100872938894277
"319482",0.709931506849315
"319486",0.368421052631579
"319487",0.869354236655468
"319504",0.0897996776421828
"319506",0.728756844453458
"319508",0.515998846929951
"319513",0.121844127332602
"319518",0.100996126175982
"319520",0.201791211866779
"319530",0.482055826318121
"319535",0.113380575239683
"319545",0.2992742279778
"319551",1.45202838192195
"319552",0.325717492384159
"319554",0.29999154477044
"319555",0.130068027210884
"319556",0.419165839126117
"319560",1.00473933649289
"319562",0.415284511354937
"319564",0.306301515554374
"319565",0.102459605887712
"319581",0.802067183462532
"319582",0.282639434406913
"319583",0.142795698924731
"319586",0.107067236626583
"319587",0.557661927330174
"319594",0.111363636363636
"319601",0.163016707714837
"319604",0.106163453706218
"319613",0.123518984979942
"319615",0.134708737864078
"319616",0.982057416267943
"319618",0.167460246159375
"319622",0.209375
"319625",0.381568728967124
"319626",0.360309944037882
"319634",0.140284159932393
"319636",0.13838630806846
"319638",0.273162116417691
"319642",0.10135571336346
"319646",0.768266085059978
"319650",0.46946933149552
"319651",0.128577623590633
"319653",0.132894736842105
"319655",0.105190523652534
"319660",0.205859590934218
"319665",0.6292526491913
"319670",0.112783790381642
"319673",0.328882106066387
"319675",0.127323587800036
"319684",0.514380445678156
"319701",0.258604206500956
"319702",0.264282261962301
"319707",0.913595669373308
"319710",0.154029462738302
"319711",0.313679704222611
"319713",0.285071267816954
"319719",0.156735876388218
"319720",0.871725512528474
"319722",0.169183359013867
"319727",0.394823066841415
"319734",0.323405746320953
"319740",0.0979381443298969
"319742",0.198104693140794
"319743",0.549445362284635
"319748",0.113582208101668
"319750",0.53466324313648
"319752",0.14478078207476
"319757",0.18335734870317
"319758",0.113731139586019
"319760",0.345340642129992
"319764",0.449072876239759
"319765",0.494230427835967
"319767",0.282344531808435
"319772",0.591644632469593
"319776",3.07715244129706
"319781",0.38785046728972
"319783",0.288505621657024
"319786",0.352941176470588
"319798",0.536080288359601
"319801",0.115056009113347
"319803",0.768152360798836
"319804",0.107569721115538
"319807",0.103406692794694
"319812",1.00921015908457
"319817",0.0943431336062523
"319818",0.611302549965541
"319819",1.00289880534083
"319822",0.133790954265982
"319830",0.0968613041745982
"319832",0.13420365535248
"319845",0.135317237507019
"319849",0.500102103328569
"319859",0.518896359842337
"319865",0.194577616134898
"319870",0.292171717171717
"319876",0.152932143901726
"319880",0.0930426716141002
"319885",0.10182488837119
"319888",0.352941176470588
"319893",0.207073295745771
"319899",0.154306220095694
"319901",0.12171143303421
"319903",0.286168735158385
"319909",0.125652958495584
"319915",0.319148936170213
"319922",0.243582263710618
"319924",0.0933267424616906
"319931",0.545679623669225
"319934",0.128201689687542
"319939",0.13817404386729
"319940",0.387240356083086
"319942",0.720030836438391
"319944",0.0950836462956641
"319945",0.130539710399298
"319951",0.405006511358703
"319953",0.135802469135802
"319954",0.782730848473497
"319955",0.111224489795918
"319960",0.457903451789581
"319965",0.115923566878981
"319974",0.187880783797135
"319981",0.60396210163652
"319982",0.25559229721844
"319983",0.95315602974962
"319984",0.128043660789253
"319991",0.275762439807384
"319996",0.104615384615385
"319997",0.427865924135757
"319998",0.152711774911368
"320001",1.06977177456917
"320007",0.141483262437581
"320011",0.124251497005988
"320014",0.372459744586341
"320019",0.360544217687075
"320020",0.432548428256583
"320021",1.13943112102621
"320022",0.457765667574932
"320024",0.0896799922186558
"320026",0.166483794733288
"320027",0.247427983539095
"320038",0.156020761245675
"320046",0.248465080583269
"320051",0.193596425912137
"320054",0.562474969963957
"320064",0.17254849137931
"320069",0.827644689421242
"320072",0.842505854800937
"320078",0.283667621776504
"320080",0.137625453768952
"320088",0.634633240482823
"320091",0.275285171102662
"320092",0.716150365471632
"320095",0.31379164909321
"320099",0.593358063946299
"320100",0.180203045685279
"320106",0.21601583588267
"320110",0.205966101694915
"320111",0.273871661037765
"320116",0.174838112858464
"320118",0.607712009106431
"320119",0.137016387903362
"320127",0.201046663759267
"320129",0.121679704289521
"320135",0.35856992639327
"320145",0.619080459770115
"320148",0.973596627468383
"320150",0.104518353566554
"320152",0.226150121065375
"320155",0.722614614100424
"320158",0.131648235913639
"320159",0.59568786470181
"320162",0.179169992019154
"320163",0.23141186299081
"320165",0.206106870229008
"320172",0.373228615332081
"320174",0.16250515039143
"320181",0.761026075382661
"320183",0.281610548622557
"320184",0.102422400294741
"320187",0.510955302366345
"320191",0.098301073451103
"320202",0.631180079393721
"320203",0.115295480880649
"320204",0.209647495361781
"320207",0.28961482203803
"320208",0.316944847605225
"320209",0.351008215085885
"320210",0.270094370322161
"320213",0.0982142857142857
"320214",0.984256559766764
"320225",0.282187308712508
"320226",0.207274826789838
"320229",0.488693933028543
"320230",1.07202881152461
"320234",0.105257405180894
"320237",0.139497255128576
"320244",0.10812067662617
"320247",0.107821366888724
"320253",0.412233195285123
"320256",0.389051808406647
"320265",0.220838919747175
"320267",0.112341772151899
"320268",0.108274686366219
"320271",0.118932038834951
"320273",0.81450544973006
"320277",0.347536617842876
"320292",0.260377358490566
"320295",0.224477611940299
"320297",0.767503508498363
"320299",0.165033375940917
"320301",0.187897733616166
"320302",0.489855231410397
"320309",1.09953104786546
"320311",0.275298305755159
"320312",0.266742081447964
"320315",0.410051067780873
"320323",0.475973697521497
"320333",0.262798634812287
"320343",0.163213144682793
"320351",0.171864424428594
"320354",0.214427465767017
"320355",0.419315403422983
"320360",0.109821798590966
"320363",0.735060958941556
"320365",0.145527734188442
"320376",0.172732442422519
"320390",1.06528143898279
"320394",0.156838402648459
"320398",0.310853567492623
"320400",0.411809045226131
"320404",0.191134051920449
"320405",0.134389192966112
"320429",0.160213143872114
"320435",0.377720571027381
"320438",0.178763998340937
"320440",0.557386236269895
"320452",0.371212743246572
"320453",1.05861070911722
"320456",0.320221606648199
"320460",0.375522138680033
"320463",0.63756345177665
"320466",0.287818349186867
"320469",0.258347194612358
"320472",0.131534902038003
"320473",0.12838400666389
"320474",0.730496453900709
"320478",0.219876017047656
"320479",0.778842740504082
"320482",0.697007817413963
"320484",0.261082474226804
"320485",1.27951388888889
"320486",0.594244604316547
"320487",0.168417846809807
"320492",0.0966005456824718
"320495",0.337468982630273
"320500",0.416175870313138
"320506",0.112742480868482
"320507",0.340216154721274
"320508",0.207428523518068
"320522",0.313453233477286
"320528",0.205123339658444
"320534",0.132117866084612
"320538",0.108875653689715
"320541",0.0964501004688547
"320554",0.0969523419922275
"320557",0.117108112610361
"320558",0.343253968253968
"320560",0.0935960591133005
"320563",0.134931642559937
"320571",0.473647469458988
"320581",1.17017643710871
"320586",0.254770755885998
"320587",0.300684931506849
"320590",0.428693181818182
"320593",0.290731145653425
"320595",0.110861759425494
"320604",0.535735826296743
"320606",0.299328989594476
"320609",0.682441568475951
"320614",0.564345991561181
"320615",0.100846521899153
"320616",0.45196003074558
"320624",1.31290527654164
"320632",0.102771722204921
"320633",0.142095914742451
"320634",0.112676056338028
"320635",0.638195460336936
"320655",0.190039030289704
"320661",0.0864978902953587
"320662",0.33433734939759
"320664",0.353059682699572
"320678",0.111507052709725
"320679",0.130434782608696
"320683",0.0964727163099186
"320685",0.218976071229828
"320692",0.316825948450623
"320696",0.401354599082368
"320700",0.271609538002981
"320701",0.592290585618977
"320705",0.142212972597988
"320706",0.157711841753542
"320707",0.0912797281993205
"320709",0.172186792840979
"320712",0.392740865790426
"320713",0.109019983575144
"320714",0.0936794582392777
"320717",0.10796477886732
"320718",0.773055522670771
"320719",0.387404580152672
"320720",0.126501091703057
"320722",0.175988960441582
"320727",0.112270010547287
"320733",0.360393603936039
"320736",0.494339622641509
"320739",0.296979207532366
"320742",0.153344208809135
"320747",0.352332268370607
"320749",0.192541811949648
"320751",0.718142235123367
"320752",0.690324619621653
"320769",1.14239482200647
"320770",0.196137772013258
"320772",0.120697334096838
"320775",0.628646955159585
"320782",0.565806733712287
"320784",1.61172261970281
"320790",0.24135041302526
"320795",0.159193001812594
"320798",0.823223570190641
"320799",0.187571852120772
"320802",0.144805455274769
"320805",0.708142726440988
"320806",0.105028166075527
"320808",0.0872055186775999
"320816",0.120122852917757
"320817",0.132016086728449
"320825",0.333710919800634
"320827",0.194665605095541
"320840",0.153452685421995
"320842",0.662337662337662
"320844",0.228043215050759
"320845",0.144282376712761
"320846",0.305505142165759
"320858",0.740402193784278
"320864",0.745391842073968
"320865",0.2713529856387
"320869",0.164930555555556
"320871",0.499963953572201
"320873",0.252097483020376
"320878",0.114708068378892
"320879",0.238095238095238
"320893",0.798590965602984
"320896",0.78603515625
"320910",0.189315111042087
"320916",0.102580541753486
"320919",0.278657074340528
"320923",0.628101973405607
"320924",0.183641708455819
"320933",0.266375959806617
"320936",0.762313980297632
"320938",0.0944068400427503
"320939",0.141523917259211
"320940",0.125348993934726
"320949",0.626893939393939
"320950",0.291641967990516
"320951",0.108738930459257
"320952",1.27463731865933
"320961",0.130584192439863
"320965",0.222804718217562
"320973",0.420422816114878
"320974",0.245454545454545
"320975",0.427114322141946
"320977",0.159874994859986
"320981",0.191492047462762
"320982",0.163884673748103
"321000",0.154155495978552
"321003",0.113312202852615
"321006",0.127780407004259
"321007",0.122414341784237
"321008",0.150141072148327
"321014",0.335016227912009
"321017",0.725414522584334
"321019",0.4379227330047
"321022",0.242158273381295
"326618",0.143820336126122
"326622",0.111234705228031
"327655",0.0854700854700855
"327743",0.333542319749216
"327744",0.127873303167421
"327747",0.339035237769415
"327749",0.805010155721056
"327762",0.27851679414699
"327766",0.765811231611725
"327768",0.593699280036623
"327799",1.11657662780779
"327812",0.199154532644434
"327814",0.132197891321979
"327826",0.0993204391008887
"327900",0.10353110737449
"327942",0.126451992354066
"327951",0.105014749262537
"327954",0.21273166800967
"327958",0.126108458390177
"327959",0.27442265795207
"327978",0.236856668511345
"327987",0.114949374627755
"327992",0.47146529562982
"328019",0.321683209842024
"328035",0.139007960808328
"328059",0.894670050761421
"328066",0.80660447208648
"328075",0.269334684228301
"328092",0.168082945860724
"328099",0.132727631838831
"328108",0.0865970998780323
"328110",0.118390381548276
"328133",0.106271614169549
"328162",0.143418896777717
"328166",0.454793523740222
"328186",0.139165009940358
"328190",0.582625734813847
"328232",0.15210736990817
"328234",0.133220434659893
"328235",0.538726333907057
"328245",0.935004098840614
"328263",0.938567593948267
"328265",0.897938144329897
"328274",0.338778789501875
"328309",0.208377272535538
"328314",0.511976549413735
"328320",0.892575039494471
"328324",0.939912545235223
"328329",0.137724029928658
"328330",0.338881690421609
"328354",0.362779740871614
"328365",0.186728395061728
"328370",0.13520563429267
"328381",0.389830508474576
"328417",0.239808612440191
"328424",0.359201602959309
"328440",0.20575119175765
"328448",0.346378255300982
"328451",0.529625850340136
"328479",0.317404337859284
"328489",0.751620099861893
"328561",0.671707624448645
"328572",0.13332004782782
"328580",0.11598724818558
"328643",0.139886833123765
"328734",0.202975856260528
"328778",0.20675944333996
"328783",0.711425206124853
"328789",0.31741415948999
"328795",0.295700122535368
"328801",0.134812108559499
"328830",0.85903550609433
"328833",0.577039274924471
"328906",0.158607260420047
"328918",0.149667405764967
"328949",0.187674202539486
"328957",0.554115359688918
"328967",0.313330475782255
"328968",0.513339975644858
"328971",0.320652173913044
"328977",0.123664122137405
"329002",0.153148656517761
"329003",0.178964757709251
"329015",0.131152438568975
"329056",0.325938212730666
"329064",0.474888964810386
"329065",0.610858674123267
"329078",0.143016261973714
"329093",0.597197898423818
"329152",0.273597626752967
"329154",0.161290322580645
"329160",1.84209862529953
"329165",0.10355486862442
"329178",0.104942517441289
"329217",0.203416063235863
"329251",0.112621154656553
"329252",0.244312750908048
"329260",0.125479209672663
"329274",0.15755278830536
"329278",0.715224534501643
"329316",0.740495391705069
"329324",0.131099353321576
"329358",0.340407673860911
"329366",0.546374622356495
"329371",0.75717017208413
"329375",1.07072062001639
"329384",0.256667335071185
"329387",0.65450976340531
"329416",0.334040797075817
"329421",0.407874015748032
"329427",0.212857142857143
"329470",0.204264392324094
"329482",0.535734226689001
"329483",0.528427672955975
"329496",0.798989898989899
"329502",0.30545531734239
"329504",0.192899810596863
"329506",0.145168747110495
"329509",0.594643503438292
"329513",0.34273192882412
"329540",0.100797938955881
"329559",0.123410352856887
"329562",0.471281741233374
"329575",1.63149517835409
"329581",0.758405624539321
"329584",0.289783620925774
"329626",0.252938750257785
"329628",0.316856536010813
"329639",0.787178139779296
"329641",0.194601654331737
"329650",0.173939031679617
"329659",0.151417870518994
"329679",0.228190476190476
"329702",0.419180112891271
"329716",0.932054953720998
"329727",0.458579881656805
"329731",0.926928281461435
"329735",0.0863115306810519
"329738",0.850366032210835
"329739",0.159950231561485
"329753",1.1405415033844
"329763",0.526311006089248
"329777",0.112613784135241
"329782",0.192231731402238
"329790",0.201958031890005
"329795",0.164588528678304
"329828",0.148382204246714
"329831",0.440133037694013
"329851",0.763420427553444
"329872",0.498919419573943
"329877",0.129439696106363
"329908",0.105860675225868
"329910",0.13710843373494
"329934",0.229784328230809
"329941",2.21172638436482
"329942",0.159393889210897
"329970",0.65569404495579
"329972",0.592823712948518
"329977",0.230939303667846
"330031",0.76953125
"330050",0.159935379644588
"330052",0.716393102015375
"330064",0.165488099344602
"330096",0.951057579318449
"330119",0.160771704180064
"330133",0.423023936628207
"330143",0.167478430281102
"330149",0.231196054254007
"330164",0.223039402484567
"330166",0.149317884507569
"330171",0.0988498834849282
"330173",0.221868935045629
"330177",0.112789473684211
"330188",0.477741260830595
"330189",0.192483814937628
"330192",0.175386754736659
"330216",0.416322846828262
"330217",0.225606439682367
"330222",0.183794274623969
"330230",0.236363636363636
"330256",0.294637223974763
"330260",0.124227572981036
"330267",0.209044368600683
"330286",0.106471987531786
"330301",0.245616186388719
"330319",0.228375048631825
"330323",0.163712792547148
"330324",0.452025586353945
"330355",1.43400481058328
"330361",0.202445163610212
"330369",0.121832358674464
"330385",0.386359980698086
"330401",0.0877246420956442
"330403",0.765359859566998
"330406",0.345881310894597
"330409",0.269223027375201
"330427",0.103491383159211
"330440",1.13202559821925
"330450",0.156870509701872
"330460",0.457721518987342
"330463",0.211430263547527
"330474",0.131570137261466
"330483",0.644338915271182
"330485",0.168715083798883
"330502",0.234553089382124
"330503",0.0989010989010989
"330554",0.147712418300654
"330577",0.213745704467354
"330578",1.17570754716981
"330599",0.278792218641843
"330602",0.393070946376258
"330627",0.167907201546641
"330657",0.39238064619836
"330660",0.373651191969887
"330662",0.126801572281264
"330671",0.115155757787889
"330677",1.22439154854239
"330695",0.0878378378378378
"330721",1.77667223006804
"330723",0.305763557975947
"330734",0.362490733876946
"330738",1.34371063523484
"330788",0.0964693605426401
"330790",0.289866124385697
"330796",0.670443312295643
"330812",0.0992003998001
"330814",0.106382978723404
"330817",0.145027889978842
"330830",2.14285714285714
"330836",0.12756264236902
"330863",0.16274590727748
"330902",0.528485254691689
"330908",0.173000791765637
"330914",0.107569721115538
"330921",0.455557322308793
"330938",0.127853881278539
"330941",0.138105434140579
"330953",0.294031311154599
"330956",1.00934670907756
"330958",0.994400486914181
"330959",0.177623795842488
"330963",0.327543424317618
"330998",0.356607731495355
"331004",0.159496004917025
"331026",0.199794965258002
"331046",0.430816016218956
"331188",0.184516523867809
"331374",0.391914893617021
"331392",0.152439024390244
"331401",0.108926844988721
"331424",0.166384658770446
"331461",0.170933555608478
"331474",0.144725883102249
"331480",0.317960320222764
"331487",0.108934942685797
"331493",0.834889410354985
"331524",0.363698806559629
"331532",0.0959186680418447
"331547",0.462271644162033
"331578",0.379479247228667
"331623",0.138773191972738
"332110",0.922979797979798
"332175",0.213055729492799
"332221",1.29620366807747
"332309",0.733935321293574
"332359",0.324180895246885
"332397",0.136363636363636
"332579",0.348871085214858
"332713",0.84775442933663
"332934",0.686013900743812
"332937",0.842232035327178
"333050",0.136666399165396
"333088",0.311728009981285
"333182",1.07811550151976
"333193",0.410820158102767
"333307",0.84622144112478
"333315",0.266332440680077
"333329",0.445031114463511
"333424",0.937674790251698
"333433",0.093167701863354
"333588",1.06688301408897
"333605",0.121754946811442
"333639",0.14739755378984
"333654",0.252411879689766
"333669",0.975405546834118
"333670",0.643368965112181
"333715",0.43454176155598
"333789",0.213089209193611
"333883",0.674418604651163
"338320",0.0946383591219863
"338337",0.0969599571447703
"338346",0.315865510900972
"338348",0.461038961038961
"338349",0.172827703420438
"338350",0.524096385542169
"338351",0.1328
"338352",0.194218779520121
"338354",0.125102207686018
"338355",0.0976138828633406
"338359",0.115252947888931
"338360",0.229411764705882
"338362",0.134130146082337
"338363",0.156990106925152
"338364",0.235706769554542
"338365",0.115011547344111
"338366",0.0943500866551127
"338367",0.201138905836892
"338368",0.415948275862069
"338369",0.379134210190269
"338370",0.103174603174603
"338371",0.108296943231441
"338372",0.103153495440729
"338403",0.890252945538436
"338438",0.72093023255814
"338467",0.0955665024630542
"338521",0.278981904951283
"338523",0.191251744997673
"338535",0.291666666666667
"347722",0.157771604035678
"347740",0.133552786268516
"352968",0.427029804727646
"353025",0.907407407407407
"353047",0.188210553985674
"353123",0.260949746426925
"353155",0.404339963833635
"353156",0.136424813410009
"353169",0.705400281328359
"353170",0.115005246589717
"353172",0.0970053556611601
"353187",0.154799287108546
"353188",0.69268752774079
"353190",0.155126140633387
"353204",0.614498061180526
"353208",0.164286417807545
"353211",0.109509271822705
"353234",0.266305856230919
"353235",0.414616755793226
"353236",0.180300500834725
"353237",0.161287454432293
"353242",0.161199095022624
"353258",0.12119503945885
"353282",0.173799932863377
"353287",0.264815405894244
"353310",0.256623995236678
"353326",0.187732065943859
"353328",0.239217861600333
"353342",0.0827683615819209
"353344",0.853664070180746
"353346",0.548687142718729
"353371",0.659066034294053
"353499",0.381627445421038
"353502",0.10724385468784
"353504",1.43472124206069
"360013",0.123628241235311
"360213",0.115016738402678
"360216",0.100559460622579
"368202",0.913548387096774
"368203",0.860674771206119
"368204",0.750077944752759
"373852",0.166998451669985
"373864",0.236807858612149
"378425",0.827630375114364
"378430",0.514865696124667
"378431",0.275813094730862
"378435",0.5580900243309
"378460",0.354609929078014
"378462",0.206956724057701
"378466",0.16834025854109
"378702",0.121955493253899
"378775",0.282877169559413
"378776",0.189640768588137
"378937",0.175322963353546
"378954",0.253541076487252
"380601",0.194158075601375
"380608",0.141532258064516
"380614",0.213351375732972
"380629",0.118975249674338
"380654",0.271084337349398
"380660",0.446939193339248
"380664",0.0970337538356632
"380669",0.271096423934852
"380674",0.695419737032221
"380683",0.370953032375741
"380684",0.21041075839356
"380686",0.119977362761743
"380694",0.330828779599271
"380698",0.324957555178268
"380702",0.130229966568737
"380711",0.178931061192874
"380712",0.645785293364079
"380713",0.303266100133101
"380714",0.441981999419336
"380718",0.232476635514019
"380728",0.365674073108751
"380732",0.558696988322065
"380752",0.120355324450222
"380753",0.171155399946135
"380755",0.796169630642955
"380768",0.132592800899888
"380773",0.18950411385368
"380785",0.125559154712325
"380787",0.615568862275449
"380836",0.100518885000603
"380840",0.133220502901354
"380842",0.788818519327364
"380850",0.199054000788333
"380855",0.171551724137931
"380863",0.744760566678375
"380912",0.225035833731486
"380916",0.107566018740804
"380918",0.303318663018913
"380921",0.292377701934016
"380924",0.134698490791836
"380928",0.138589788120875
"380930",0.337050642875886
"380959",0.114864864864865
"380967",0.148075986361422
"380969",0.18300283286119
"380977",0.192125984251969
"380993",0.20362754859097
"381022",0.216471112431308
"381038",0.202237380627558
"381045",0.173441218467396
"381059",0.935247701944196
"381062",0.145640895862331
"381066",0.132126089872569
"381067",0.221124229979466
"381072",0.310861423220974
"381073",0.821151297102821
"381077",0.559155130583702
"381085",0.107356817637191
"381101",0.320684736091298
"381104",0.219567690557452
"381107",0.423231218088986
"381110",0.224759186585801
"381112",0.265957446808511
"381113",0.16858152894388
"381126",0.110959179569676
"381148",0.197866149369544
"381157",0.165750798722045
"381175",0.803651266766021
"381196",0.369598822230401
"381199",0.130359712230216
"381201",0.237971890439871
"381204",0.648530762167126
"381217",0.215838819070417
"381218",0.179839633447881
"381229",1.022401120056
"381232",0.468768846385802
"381236",0.196048958557011
"381259",0.167994207096307
"381260",0.235363103292738
"381269",0.167621397726271
"381270",0.149531024531025
"381280",0.0936718599730717
"381284",0.983729978272952
"381290",0.353688708951867
"381293",0.663208403579302
"381305",0.104471705579739
"381306",0.203149001536098
"381308",1.48538011695906
"381310",0.13469387755102
"381314",0.0951584015972283
"381318",0.412181464975431
"381319",0.694765589440146
"381334",1.00159535895577
"381337",0.992311313353209
"381338",0.0831643002028398
"381339",1.07003089598352
"381350",0.322921416628667
"381352",0.347131242740999
"381353",0.122149011657375
"381356",0.133850784096309
"381359",1.04005524861878
"381373",0.371794871794872
"381379",0.105916829472509
"381404",0.495371549893843
"381405",0.762216624685138
"381406",0.167995217218015
"381409",0.659710664447574
"381410",0.139007558330595
"381411",0.615347995810721
"381413",0.14484711211778
"381418",0.205357142857143
"381438",0.265755251750584
"381489",0.632029426328075
"381493",0.702332242225859
"381510",0.136304062909568
"381511",0.134079023823359
"381522",1.2627575895469
"381524",0.804072647220693
"381534",1.25767032967033
"381538",0.2856689917565
"381544",0.522727272727273
"381546",0.593062041360907
"381549",0.476373626373626
"381560",0.261346726190476
"381580",0.984293948126801
"381582",0.204823614110871
"381598",0.110303624771501
"381605",0.319514571706971
"381622",0.419292104239596
"381626",0.11060032449973
"381629",0.111807287547904
"381633",0.461849807660144
"381634",0.206880612783941
"381644",0.120439069011078
"381650",0.229122055674518
"381651",0.987068965517242
"381668",0.106666666666667
"381673",0.577170911322492
"381677",0.231975620633269
"381678",0.157361524061227
"381693",0.962643812008012
"381694",0.232332155477032
"381695",0.108367228355607
"381714",0.773852834174393
"381738",0.175647372429551
"381741",0.884149697303247
"381760",0.168412570507655
"381785",1.07278128481248
"381792",0.52146191506319
"381798",0.240193816335948
"381801",0.112119248217758
"381802",0.189424419082026
"381810",0.371664240659874
"381812",0.30617813291756
"381813",0.112002853575887
"381820",0.138772536878529
"381823",0.364582547703447
"381827",0.664472228369108
"381835",0.354838709677419
"381836",0.915279086815373
"381845",0.369294605809129
"381853",0.36814602193273
"381884",0.589670828603859
"381903",0.189718482252142
"381914",0.452865987617336
"381917",0.367387215146936
"381921",0.111572781145699
"381922",0.625964010282776
"381924",0.495828118481435
"381925",0.384921241780089
"381933",0.573131278733186
"381979",0.0976731601731602
"381983",0.0962988348183687
"381990",0.144286697104259
"381994",0.677804557405784
"382010",0.161616161616162
"382014",0.118051948051948
"382018",0.0978634577603143
"382019",0.196792371044647
"382030",0.132841328413284
"382034",0.201034158570981
"382038",0.146090534979424
"382051",0.159505907626208
"382056",0.178793616445767
"382062",0.475129918337045
"382066",0.120635474860335
"382073",0.130242665700833
"382077",0.316374599585453
"382083",0.158227848101266
"382089",0.340006903693476
"382090",0.117547700969659
"382105",0.702937525858502
"382111",0.21689497716895
"382114",0.482544043963148
"382117",0.116037303164654
"382118",0.209382716049383
"382137",0.233676207513417
"382139",0.588602329450915
"382207",0.134246575342466
"382221",0.773581560283688
"382231",1.41325536062378
"382236",0.1060116354234
"382245",0.164320281566212
"382252",0.132880098887515
"382253",0.179591577072333
"382265",0.662803138373752
"382384",0.572745606453472
"382395",0.650300054555374
"382406",0.1915504511895
"382421",0.425196850393701
"382423",0.094626635873749
"382427",0.275369458128079
"382450",0.888995829323067
"382522",1.12860310421286
"382523",0.699263228399196
"382543",0.41859649122807
"382551",1.37620578778135
"382562",0.168804742103866
"382571",0.124741353827963
"382620",0.0875420875420875
"382639",0.484271943176053
"382686",0.249810030395137
"382793",0.107444668008048
"382864",0.733333333333333
"382867",0.278124524280712
"382913",0.353506243996158
"382985",0.0931095931095931
"383103",0.0978759558198811
"383258",0.82091743119266
"383295",0.104234992157422
"383348",0.121992401857324
"383435",0.698850574712644
"383563",0.283494266747133
"383592",0.623914441942747
"383619",0.287231054435144
"383678",0.652975526540253
"383766",0.346584418551519
"383787",0.865258588304045
"384009",0.284719115485397
"384059",0.491891015244891
"384061",0.195943762120233
"384071",0.386654960491659
"384185",1.13157894736842
"384198",1.37141073657928
"384214",0.124547306473517
"384281",0.10480943738657
"384309",0.196217219772569
"384557",1.23193444251304
"384569",0.100174723354688
"384605",1.01705978341492
"384619",0.365500376222724
"384724",0.477139102165041
"384763",0.151953125
"384783",0.122078159240321
"384864",1.10041543869616
"385354",0.349053077498131
"385377",0.653120207620621
"385658",0.112106368089573
"385668",0.390129759625612
"385674",0.123337363966143
"386454",0.294101633393829
"386463",0.371948998178506
"386611",1.06823677338234
"386612",0.25584771737377
"386649",0.0915847716574449
"386655",0.14481015270326
"386750",0.0945468811298548
"386753",0.205566573206592
"387224",0.49079662039831
"387285",0.370060631402885
"387314",0.186057248384118
"387524",0.128049866429207
"387586",1.16324626865672
"387609",0.27447216890595
"394432",0.505080780758827
"394435",2.63902947305746
"396184",0.129564725833804
"399101",0.338188322473489
"399510",0.0981067125645439
"399548",0.332691602493583
"399558",0.216783216783217
"399566",0.116950247684687
"399568",0.184179914695618
"399570",1.07009407711674
"399591",0.384268742318722
"399599",0.269003464438557
"399603",0.145727769498261
"399609",0.180824057801211
"402727",0.429581668733067
"402728",1.06363430127042
"402730",1.19673416067929
"402757",0.334130781499203
"402767",0.414053672316384
"403174",0.261409757309699
"403175",0.944043693322341
"403178",0.17604897715395
"403180",1.01001070326764
"403185",0.446428571428571
"403187",0.103482062104311
"403201",0.365349660384579
"403202",0.997538629837276
"404545",0.690954773869347
"404634",0.165467625899281
"404710",0.425456858662966
"406217",0.169429097605893
"406218",0.102533081285444
"406219",1.59154315605928
"406220",0.250556297285269
"407243",0.1173712470695
"407785",0.146207584830339
"407786",0.111921097770154
"407788",0.314606741573034
"407790",0.385663806158506
"407795",0.715811518324607
"407800",0.324159525379038
"407803",0.298588164613998
"407809",0.52271186440678
"407810",0.410714285714286
"407812",0.180561203741358
"407819",0.0981476545842217
"407821",0.196386292834891
"407823",0.11289341645127
"407831",0.259550760523523
"408022",0.215671641791045
"408028",0.507404520654716
"408057",1.3353705118411
"408058",1.35288030355295
"408059",0.808046940486169
"408061",0.847364818617385
"408062",0.174990321331785
"408064",0.602520819266262
"408065",0.320710059171598
"408066",0.34087310563221
"408067",0.115151211194142
"408068",0.128694250403009
"408191",0.69943318988139
"408192",0.961077844311377
"414066",0.32069970845481
"414068",1.0607152508783
"414069",0.135725429017161
"414072",0.172876304023845
"414077",0.157928236136526
"414079",1.14426432948111
"414081",0.310051911278905
"414085",0.184067293419099
"414089",0.554627696590118
"414091",0.736852629474105
"414093",0.109970674486804
"414095",0.378615249780894
"414101",0.32731270614104
"414106",0.849766071738
"414108",0.257285776424532
"414111",0.285714285714286
"414115",0.422257300710339
"414116",1.3361566966649
"414118",0.197654087133906
"414121",0.956062767475036
"414123",0.298627450980392
"414124",0.819141449683322
"414126",0.397956867196368
"414758",0.103523651307161
"414801",0.332561565986108
"414872",0.0962526315789474
"415115",0.353036916475549
"425051",0.190620740924297
"431706",0.445562671546203
"432396",0.303562468640241
"432442",0.136289421672252
"432450",0.144004482629809
"432466",1.14155931193685
"432467",0.12134682682304
"432478",0.462627189962512
"432486",0.103807296951515
"432500",0.554748489579798
"432508",0.10028305701577
"432516",0.489557004123986
"432530",0.347169811320755
"432552",0.759608138658628
"432555",0.631402183039463
"432572",0.127419004131333
"432582",0.103270223752151
"432589",0.684421743889091
"432611",0.689393939393939
"432615",0.641080617495712
"432628",0.365874273639725
"432636",0.425454545454545
"432649",1.39571768437748
"432713",0.713768115942029
"432731",0.0899074940234903
"432745",0.734426229508197
"432754",0.47212389380531
"432763",0.171544349392166
"432769",0.191407614390499
"432770",0.301984469370147
"432779",0.164309848579652
"432812",0.593532022828155
"432825",0.979008402840222
"432839",0.275798958186682
"432842",0.224806859665506
"432855",0.257892206612895
"432870",0.603302063789869
"432879",0.345278623902526
"432939",0.303006768001775
"432940",0.13903743315508
"432945",0.527993779160187
"432964",0.652005943536404
"432999",0.250098309083759
"433003",0.455893633341856
"433004",0.280884911757395
"433022",0.205372616984402
"433078",0.369102682701203
"433091",0.752311756935271
"433100",0.17014122394082
"433111",0.529669089113102
"433171",0.692665971498088
"433182",0.244458591353666
"433198",0.404597064525062
"433202",0.201327907474834
"433215",0.537757437070938
"433256",0.121606055619549
"433273",1.04122383252818
"433278",0.940855473486936
"433287",0.56824467219782
"433294",0.937806257067471
"433315",1.13594156947118
"433323",0.303659931376287
"433365",0.516417910447761
"433367",1.13725490196078
"433374",0.361111111111111
"433375",0.119402985074627
"433406",1.28663960618361
"433408",0.203834241162021
"433415",0.321169130843518
"433416",0.301339057548809
"433424",0.325657894736842
"433456",0.718229801055623
"433466",0.284958391457021
"433470",1.13445378151261
"433481",0.484973482616382
"433485",0.234437086092715
"433503",0.875374027528426
"433520",0.809570632579482
"433586",0.255760368663594
"433638",0.407176446534451
"433667",0.0972105292697985
"433693",0.132624824543814
"433698",0.27436021245775
"433700",0.489021633839199
"433702",0.0904458598726115
"433752",0.1438127090301
"433759",0.145885286783042
"433771",0.110380116959064
"433791",0.511243689765948
"433809",0.363122318991291
"433813",0.168316831683168
"433864",0.115032957686583
"433868",0.745896530230625
"433873",0.48302957546655
"433904",0.3280276816609
"433926",0.100225456036073
"433931",0.104103119157729
"433938",0.231353591160221
"433940",0.445344129554656
"433956",0.225717656311443
"433966",0.752198821915598
"434003",1.13891939380628
"434008",0.207299270072993
"434064",0.190464762818974
"434128",0.18025493025493
"434130",0.296500920810313
"434147",0.736476713913798
"434156",0.126462593074105
"434178",0.121266427718041
"434179",0.22579001019368
"434197",0.421727395411606
"434198",0.418073582511955
"434204",0.122176488304387
"434215",0.416314677930306
"434219",0.882383419689119
"434223",0.831267874165872
"434232",0.258620689655172
"434233",0.312583304536703
"434234",0.433962264150943
"434246",0.568806533766576
"434249",0.626716247139588
"434280",0.155006218905473
"434310",1.08195336262251
"434341",0.562581770606193
"434350",0.200076825989135
"434353",0.272159753299989
"434377",0.166501486620416
"434402",0.579771980135693
"434436",0.651389808074123
"434437",0.166666666666667
"434438",0.683579335793358
"434484",0.522343324250681
"434689",0.712278106508876
"434756",0.504939316963026
"434778",0.32776886035313
"434784",0.439230664302278
"434794",1.87385799006251
"434797",1.15254448177181
"434800",0.941894674904384
"434858",0.927901157335002
"435145",0.596978175713486
"435350",0.775556393813655
"435366",0.17970185828058
"435376",0.503920386007238
"435391",0.854131404831513
"435528",0.961195395288557
"435529",0.235976301525274
"435626",0.987051025127177
"435653",0.580246913580247
"435684",0.136661395979218
"435766",1.08053863417762
"435811",0.898277543061423
"435965",0.10820451843044
"436008",0.840312093628088
"436015",0.977539643881583
"436022",0.692783505154639
"436062",0.626167029031845
"436090",0.176321820912037
"436100",0.370516357903035
"436188",0.588304093567251
"436230",0.295220563169019
"436240",0.337675185490519
"436332",0.878922815945717
"442801",0.286352698521829
"442803",0.539272727272727
"442804",0.38672739102147
"442805",0.273984920799613
"442821",0.468265162200282
"442825",0.322734327065363
"442827",0.910098844202709
"442829",1.06391875746714
"442838",0.434923797926123
"442846",0.91523354024626
"442848",0.427145708582834
"445007",0.146926536731634
"445267",0.760770072629589
"446101",0.322628458498024
"448850",0.147448383326841
"448987",0.285089043163296
"449000",0.260268714011516
"449521",0.205957446808511
"449562",1.10197044334975
"450219",0.763327948303716
"474156",0.112872369499863
"474160",0.66164095371669
"474332",0.528592375366569
"493800",0.585834109972041
"494448",0.155698778833107
"494468",0.209111488398415
"494504",0.174273858921162
"497071",0.984485815602837
"497097",0.140602961918195
"497652",0.137383177570093
"503610",0.136367850190044
"504186",1.28924814959096
"504193",0.131932021466905
"541610",0.486401673640167
"544678",0.139144342263095
"544696",0.10655737704918
"544717",0.350540806293019
"544752",0.10119429818929
"544763",1.47528957528958
"544767",0.447849864264075
"544817",0.14149282633571
"544848",0.21939586645469
"544864",0.202750544662309
"544896",0.790352836087539
"544922",0.203965282505106
"544963",0.216429170159262
"544971",0.113405905159559
"545007",0.924141835211775
"545030",0.305089485458613
"545056",0.27931781884554
"545085",0.104270873412851
"545086",0.959345115906474
"545091",0.835356046205586
"545126",0.42876784769963
"545136",0.141164231760821
"545140",0.588038238418171
"545156",0.155555555555556
"545182",0.41614629794826
"545192",0.414790076335878
"545205",0.733995815899582
"545207",0.224192957672788
"545253",0.311865902073225
"545260",0.312451768123837
"545261",0.540912773426951
"545276",0.106418595752822
"545370",0.19418873230007
"545389",0.101391141077068
"545391",0.205023013808285
"545428",0.15896843725943
"545466",1.02221578286487
"545474",0.183759539429643
"545481",0.499204002729134
"545527",0.271247150765223
"545539",0.653495125492636
"545551",1.35958698523232
"545554",0.116980048801493
"545557",0.85
"545605",1.50994282873478
"545611",0.389714285714286
"545622",0.0984790874524715
"545641",0.699142367066895
"545681",0.319030792529026
"545700",0.754033301699594
"545725",0.242589703588143
"545785",0.90182710662667
"545809",0.523844615222655
"545817",0.858657078819574
"545861",0.883169261459734
"545893",0.632501685772084
"545902",0.753158705701079
"545938",0.266074907988742
"545951",0.829138189698283
"545963",1.28177833437696
"545975",0.391866913123845
"546049",0.98850493152629
"546058",0.86102648230607
"546071",0.125420546123152
"546100",0.325944922757526
"546134",0.183899556868538
"546143",0.246087756980669
"546166",0.429522990975505
"546336",0.243322203672788
"546524",0.422808378588053
"546546",0.668951510535669
"546611",0.23972602739726
"546648",0.375328083989501
"546723",0.540106204583566
"546886",1.132847401834
"547109",0.569163477310005
"547127",0.0987994609824819
"547150",0.110002558199028
"547176",0.12568306010929
"547253",0.258131572511617
"547347",1.26318510858325
"552913",0.621259842519685
"553095",0.406481812051252
"553127",0.143175194300518
"554292",0.773080241587575
"554327",0.340937896070976
"574402",0.186603404967904
"574403",0.425388115631692
"574404",0.327797958830652
"574405",2.42522473440479
"574418",0.304906542056075
"574428",0.728315986122231
"574437",0.499265785609398
"574519",0.78238747553816
"594844",0.0966691982206792
"595136",0.139220426046231
"595139",0.257142857142857
"606496",0.0846210090177919
"606735",0.547475559126825
"613254",0.617368221463785
"613258",0.148368883312422
"613262",0.136090028788275
"613264",0.46458763854969
"619287",0.191068651410798
"619289",0.566365397030342
"619292",0.448732852824924
"619293",0.627861665854846
"619295",0.589008363201912
"619300",1.23490338164251
"619301",0.405897658282741
"619305",0.706124942721857
"619306",0.647397234852
"619308",0.768029245596544
"619309",0.216478683098898
"619310",0.704300038565368
"619312",1.16081504702194
"619313",0.819351518270716
"619321",0.502364217252396
"619325",0.8
"619326",1.27473621341828
"619327",0.871652502360718
"619331",0.147183979974969
"619332",0.696878789812983
"619371",0.542488736989281
"619547",0.876402603231598
"619597",0.766712141882674
"619605",0.108756345177665
"619665",0.911764705882353
"619719",0.128921430582934
"619808",0.785331415871356
"619883",1.11381215469613
"620016",0.188796341662584
"620078",0.918497624703088
"620079",0.873131607728764
"620246",0.2524089306698
"620292",0.259186126373626
"620419",0.163636363636364
"620592",0.183567003586567
"620631",1.09615384615385
"620678",0.498630136986301
"620695",0.162404371584699
"620760",0.20641326680364
"620913",0.818678707224335
"621080",0.290281193200043
"621239",0.803306406161939
"621304",0.675188843695526
"621427",0.499530138273594
"621580",1.05902651050134
"621603",0.534527732015376
"621628",0.819303688383316
"621697",0.610236220472441
"621823",1.11414600603583
"621976",0.12170125544453
"621998",0.321132700707938
"622129",0.915415297982168
"622175",0.099402880224798
"622208",0.300856031128405
"622282",0.760590195145169
"622319",0.706600756033731
"622320",0.165575304022451
"622404",0.186065352416959
"622408",0.623440836048994
"622434",0.172945891783567
"622459",0.457247298156389
"622480",0.518068939955523
"622552",0.211097964260793
"622645",0.327330031517335
"622665",0.356015779092702
"622675",0.169259384511329
"622708",0.961314878892733
"622976",1.05078385590394
"623078",1.23294951284322
"623121",0.905546556443054
"623131",0.770401772810483
"623169",0.601049339118152
"623223",0.379514963880289
"623230",0.536944270507201
"623273",1.10020162522148
"623279",0.11867525298988
"623474",0.373520836906191
"623661",0.165074699975508
"623734",0.343865871352571
"623781",0.282360182905382
"624086",0.113139778509428
"624224",0.52276672452931
"624251",1.21251190388982
"624341",0.896326317165642
"624367",0.667875729380224
"624549",0.790962431035993
"624582",0.464329175540006
"624685",0.696583916825801
"624713",0.827731092436975
"624759",1.16337285902503
"624784",0.205074730622176
"624866",0.155240346729708
"625018",0.42265399807836
"625054",0.23669391462307
"625060",1.04513259759512
"625068",0.27791771620487
"625098",0.124500665778961
"625109",0.448010519651293
"625121",0.282226007950028
"625131",0.258979206049149
"625167",0.797178599946766
"625175",0.657552189930413
"625222",0.353307623850489
"625237",0.219520872865275
"625249",0.161547306176084
"625253",0.793713163064833
"625286",0.50691857370942
"625342",0.66137953473239
"625349",0.513774429008712
"625421",0.288575096277279
"625424",0.401389181225005
"625464",0.331479800272356
"625540",0.772074962012494
"625638",0.183537756760751
"625662",0.385655496766608
"625785",0.963927034228326
"626009",0.667720930232558
"626049",0.973363222786312
"626058",0.66176232821342
"626082",0.21434460016488
"626115",1.16413916146298
"626175",0.501259445843829
"626215",0.57124183006536
"626275",0.338450018719581
"626316",0.883512544802867
"626359",0.688692098092643
"626391",0.221694465922898
"626410",0.785385500575374
"626415",0.170445698715453
"626578",1.60922085766056
"626596",0.343184559710495
"626693",0.942263770117385
"626802",0.144250871080139
"626832",0.46679101451626
"626834",0.747231715652768
"626848",0.171667965705378
"626854",0.179418103448276
"626858",0.365263440139429
"626870",0.411788617886179
"626877",0.349658806253779
"627035",0.497327261928331
"627049",0.121808751699481
"627191",0.400596691076756
"627214",0.162549230218403
"627268",0.92057761732852
"627280",1.63560885608856
"627302",0.943386215312782
"627352",0.132020117351215
"627427",0.486491777603759
"627626",0.353707414829659
"627782",1.25282396243178
"627821",1.04233340085072
"627828",0.344162587153241
"627872",0.617137648131267
"627984",0.60702420503085
"628004",0.25499249682558
"628110",0.203380796466915
"628133",0.512424401788062
"628147",0.253074820635463
"628308",0.245358090185676
"628431",0.488950276243094
"628686",0.548091603053435
"628779",0.36328125
"628813",1.10349219828044
"628850",0.446642066420664
"628870",0.432183908045977
"629016",0.308663589580349
"629059",0.187845303867403
"629091",0.877551020408163
"629133",0.881653099561678
"629147",0.449308755760369
"629159",0.331782027415806
"629242",0.879633217099316
"629300",0.435117773019272
"629378",0.10989010989011
"629499",0.617338104582708
"629557",0.46888542208355
"629595",0.436567164179104
"629678",0.948275862068966
"629750",0.747474747474748
"629777",0.163923150992709
"629945",0.455151515151515
"630146",0.594046912114014
"630499",0.418320044502132
"630579",0.286438737117618
"630836",0.127487896718666
"631145",0.511551155115512
"631323",0.792102759276879
"631584",1.28335115416064
"631624",0.131055014575451
"631990",0.13080394922426
"632671",1.05405405405405
"632687",0.394947627849661
"632778",1.15234315371699
"633030",1.12574257425743
"633057",0.685226906984229
"633285",0.375475687103594
"633395",0.290927930002302
"633640",0.221380471380471
"633947",0.531307550644567
"633979",0.638048547172067
"634104",0.216658823529412
"634650",0.644377729257642
"634720",0.9
"634731",0.279120879120879
"635169",0.359901251983777
"635253",0.286097052694254
"635504",1.19401744910677
"635702",0.201727115716753
"636104",0.290499065919402
"636741",0.19042189281642
"636791",0.177215189873418
"636808",0.281787979462398
"636931",0.313494401885681
"637079",0.393007582139848
"637277",0.895429934844453
"637515",0.303880440482433
"637776",0.3386762470637
"638247",0.347037936834237
"638411",0.683356017888392
"638695",0.957648296724977
"640524",0.346243284419854
"640543",0.436020293122886
"641340",0.12998361551065
"641376",0.138671875
"641387",0.911026741498845
"641454",0.674130210127454
"652925",0.223385177214777
"653030",0.80718085106383
"654309",0.591421143847487
"654318",0.201151707704527
"654359",0.474110546378653
"654409",0.181645168111652
"654424",0.29633350075339
"654440",0.1502849002849
"654467",0.137957351290685
"654469",0.269796111901375
"654470",0.153106762787504
"654472",0.397992760776571
"654494",1.06088840736728
"654788",0.16382252559727
"654795",0.105425846760934
"654796",0.686295044508973
"654798",0.369167717528373
"654801",0.164057663394357
"654803",0.0984326018808777
"654804",0.235828534868842
"654805",0.868397887323944
"654806",0.307459544796737
"654810",0.758410290237467
"654812",0.37661820354511
"654818",0.262468193384224
"654820",0.251215423302598
"654821",0.328996718237225
"654822",0.398331273176761
"654824",0.266569265506707
"664804",0.795580110497238
"664837",0.513275956784472
"664858",0.992193044712562
"664862",0.550840563991323
"664883",0.130671636441832
"664903",0.46798677238137
"664968",0.566558054518
"664969",1.06205894562059
"664987",0.095955369595537
"664994",0.21823080377189
"665001",0.120725122139367
"665004",0.68373268438787
"665005",0.340056474384833
"665033",0.425742574257426
"665037",0.637646577583856
"665054",0.358295674628793
"665095",0.718098958333333
"665113",0.127002179888162
"665119",0.194792494346311
"665155",0.205362236166572
"665180",0.154596100278552
"665205",0.197507305146401
"665211",0.149076976663184
"665268",0.349786241741158
"665270",0.319497440670079
"665306",0.615758417216244
"665562",0.137331510060559
"665563",0.230866807610994
"665574",0.243423799582463
"665577",0.532828672949173
"665578",0.16769468003084
"665596",0.459055430612515
"665622",0.459055430612515
"665635",0.919091271422878
"665700",0.366002707406691
"665726",0.681798623063683
"665775",0.123754980079681
"665828",0.330708661417323
"665845",0.725288396290432
"665858",0.353569046030687
"665931",0.866678346180799
"665934",0.698638336076612
"666043",1.03205128205128
"666048",0.320073704747453
"666060",0.189397005261028
"666105",0.367656007031303
"666145",0.848319473319473
"666173",0.102564102564103
"666182",0.637860082304527
"666190",0.371568501095502
"666244",0.388408401662361
"666257",0.248633879781421
"666266",0.725969835671944
"666279",0.528533801580334
"666311",0.130285357217246
"666329",1.46023329798515
"666348",0.90441779035983
"666389",0.473372781065089
"666422",1.15468287610973
"666427",0.253289473684211
"666468",0.16875
"666528",0.353741496598639
"666529",0.311537299909393
"666532",0.358682699599177
"666584",0.23396203002854
"666589",1.12078479460454
"666680",0.56795195954488
"666704",0.195338173481085
"666731",0.477582330379579
"666737",0.468518518518519
"666747",1.10654751675546
"666752",0.692794547224927
"666794",0.232856618995233
"666892",0.587623762376238
"666899",0.437454863354746
"666920",1.12741312741313
"666926",0.748770708828202
"666938",0.154062940347581
"666945",0.663814104566182
"667034",0.331084252522882
"667035",0.121740927746774
"667118",0.122086796878984
"667171",0.287953112059629
"667213",0.526255314259451
"667214",0.240395284327323
"667250",0.733465489277347
"667281",0.776896223421136
"667370",0.296796910495229
"667373",0.376076260762608
"667410",0.684607104413348
"667423",0.396999085086917
"667433",1.16747133373567
"667742",0.409707878430215
"667772",0.236574746008708
"667803",0.648789352192918
"667823",0.319045553145336
"667962",0.516372795969773
"668039",0.44628967836872
"668110",0.975880704563651
"668139",0.319653120903499
"668158",0.134357005758157
"668166",0.114132006710245
"668171",0.176739062008184
"668173",0.183385579937304
"668178",0.578395061728395
"668212",0.179653918218891
"668215",0.417524784138152
"668218",0.260702260702261
"668224",0.905960169674312
"668225",0.342630744849445
"668253",0.302475011899096
"668257",0.530410542321338
"668272",0.246468067093497
"668303",0.259770114942529
"668310",0.376781407586056
"668415",0.478879264249813
"668433",1.11992597162246
"668489",0.769577064328871
"668501",0.121725731895223
"668525",0.115806390622046
"668548",0.285219113641991
"668588",0.91321717900344
"668592",1.35933991917378
"668661",0.100405679513185
"668662",1.63023821098687
"668829",0.171231055570327
"668880",0.117713140636386
"668894",0.27926267281106
"668917",0.24881995954147
"668923",0.166759002770083
"668929",0.449631027973228
"668940",0.212296603691165
"669675",1.01968229368462
"670507",0.688621377089403
"670558",1.23252496433666
"670593",0.39039039039039
"671336",0.815467303672738
"671535",0.264421110050457
"671650",0.450466677583101
"672098",0.439024390243902
"672511",0.127807427173671
"672763",1.03345724907063
"673094",0.400519733636511
"674277",0.78465855940131
"674895",0.325884543761639
"675812",0.105446623093682
"675921",0.377058737793325
"677044",0.779472513504925
"677289",1.24682548600966
"677884",0.283965517241379
"692132",1.25189947399182
"735265",0.532703823122985
"735277",1.12180992641303
"751518",0.61904336164506
"751525",0.487579126549285
"751526",0.390820584144645
"751554",1.44515103338633
"751865",1.28044295862934
"767815",0.615540085335729
"768252",0.597344472624198
"768271",0.762526096033403
"790909",0.760119940029985
"790910",0.364993215739484
"790912",0.695652173913043
"790913",1.05101663585952
"791260",1.00021589878665
"791282",0.649640861931365
"791288",0.665187064045656
"791292",0.563835547965177
"791299",0.602743271221532
"791303",0.38696909727508
"791309",1.1244635193133
"791312",0.408280852204207
"791318",0.542166594734571
"791338",0.67186470459038
"791347",0.71264066998168
"791370",0.463675792897804
"791381",0.62088373655914
"791383",0.336879432624114
"791403",1.28131212723658
"791411",0.4155165202844
"791415",0.583178297927573
"791417",0.36937463471654
"100009600",0.429835825002293
"100034361",0.120779976717113
"100034363",0.757783882783883
"100034726",0.904340567612688
"100034739",0.366963171036205
"100034748",0.684539023955299
"100036521",0.145946342178566
"100036523",0.333405265429435
"100036537",1.09903326044424
"100036568",1.14196154917804
"100036569",1.06346381969158
"100036768",0.286095392077607
"100037258",0.117647058823529
"100037260",0.709210668394342
"100037262",0.434694793536804
"100037278",0.407723250201126
"100037282",0.109067017082786
"100037283",0.23583417013341
"100037396",0.191421400866986
"100038347",0.110520991401113
"100038353",0.631399317406143
"100038356",0.252212819764614
"100038371",0.47085201793722
"100038378",0.635897435897436
"100038384",0.883838383838384
"100038388",0.45300041963911
"100038392",0.32150342322202
"100038394",0.753428052205518
"100038410",0.829285973178688
"100038411",0.276108027265668
"100038417",1.1587044534413
"100038433",0.484857309260338
"100038453",0.319970304380104
"100038454",1.44608399545971
"100038460",0.555640535372849
"100038467",0.641687657430731
"100038489",1.01326412918108
"100038492",0.209279099328128
"100038497",0.216141220923368
"100038514",0.402667373255609
"100038516",0.604676982860315
"100038522",0.571357185688587
"100038526",0.215123456790123
"100038532",1.21481028151775
"100038538",0.205744993922334
"100038543",1.08463367513746
"100038560",0.510376105181181
"100038566",0.506915629322268
"100038570",0.543425414364641
"100038575",0.929615147149619
"100038577",0.373134328358209
"100038591",0.258003766478343
"100038595",0.477083828069342
"100038599",0.439320388349515
"100038602",1.08486972421149
"100038608",0.962348178137652
"100038610",0.892392392392392
"100038614",0.24146295063255
"100038617",0.841578036111798
"100038618",1.0531738565605
"100038627",1.09495944974849
"100038628",1.02729257641921
"100038631",1.03209520375045
"100038636",0.73134168540529
"100038638",0.630237027546445
"100038653",0.572675086107922
"100038654",0.837353471596032
"100038657",0.814139367330857
"100038689",0.649656170828809
"100038699",0.374326750448833
"100038700",0.797906602254428
"100038712",0.18968818380744
"100038713",0.277006172839506
"100038725",0.105922002888782
"100038732",0.39139438564197
"100038734",0.555396027757837
"100038735",0.619598428633784
"100038739",0.201658946461273
"100038743",0.436440677966102
"100038746",0.126476097402069
"100038752",0.683176286756002
"100038755",0.216367486889875
"100038847",0.745040650406504
"100038859",1.06495098039216
"100038860",1.04698383792397
"100038882",0.652173913043478
"100038949",1.2086103802918
"100039027",0.703658074298711
"100039043",0.958084991098382
"100039045",0.608450704225352
"100039060",2.54730939957947
"100039062",0.526226323457989
"100039123",0.167610419026048
"100039138",0.238554881412024
"100039184",0.854140046000511
"100039186",0.830865028609896
"100039222",0.982241772564353
"100039239",0.67563566140972
"100039284",0.456111929307806
"100039332",0.93521016234244
"100039374",0.344620182668746
"100039436",0.811891568069492
"100039440",0.620008276432857
"100039441",0.429336905559277
"100039495",0.326937835763622
"100039542",0.862823385618252
"100039596",0.432748204719024
"100039636",0.41958184599694
"100039641",1.27908895857402
"100039672",0.706439024390244
"100039674",1.4875799617845
"100039684",0.173281360737066
"100039691",0.475957080408001
"100039706",1.06364526507204
"100039707",0.156004007442393
"100039781",1.14704929714323
"100039786",0.189067564590742
"100039795",0.120302713987474
"100039796",1.66253469010176
"100039805",0.664
"100039815",0.370835495588998
"100039830",0.370835495588998
"100039837",0.956611346132986
"100039861",0.551348613397493
"100039863",0.381506338553318
"100039864",0.146571828358209
"100039899",0.548987184787102
"100039901",0.331473334048718
"100039953",0.518231921171297
"100039957",0.810878339419566
"100039964",0.210547407229302
"100039968",0.252238805970149
"100040048",0.747673672388898
"100040049",0.94512105649303
"100040293",0.563106796116505
"100040294",0.756676079064139
"100040298",1.04649026093348
"100040322",0.225870515027142
"100040328",0.806179775280899
"100040339",0.791558103178739
"100040421",0.266225473122025
"100040462",0.240008548835221
"100040500",0.987424331185315
"100040507",0.573716178906681
"100040525",0.178861788617886
"100040529",0.155415086388538
"100040531",0.567573303151417
"100040557",1.15406320541761
"100040563",0.321245932124593
"100040591",2.08530886710736
"100040599",0.589897575712917
"100040608",0.310886150234742
"100040671",0.480043577300188
"100040697",0.692837732919255
"100040724",0.176157876620645
"100040769",0.149305555555556
"100040771",1.07843137254902
"100040792",0.400685533485674
"100040807",0.603486037598102
"100040822",0.270705158542357
"100040846",0.849247121346324
"100040851",1.14121011707927
"100040852",0.370238699847638
"100040870",0.663638792412503
"100040926",0.73134328358209
"100040935",0.603486037598102
"100040970",0.0949131513647643
"100040972",0.502305503777102
"100040999",0.398897058823529
"100041012",1.06358768406961
"100041085",1.11283106657122
"100041089",0.231824611032532
"100041151",0.229179978700745
"100041194",0.388865004299226
"100041231",0.427241837789925
"100041239",0.819095477386935
"100041241",0.307465881723307
"100041244",0.332283266129032
"100041262",0.782701929949964
"100041279",1.00114401932122
"100041283",0.568113450795015
"100041286",0.394255874673629
"100041289",0.191305737573917
"100041290",0.584240792854521
"100041306",0.499542124542125
"100041339",0.803203661327231
"100041347",0.943089430894309
"100041352",1.09680698847805
"100041420",0.210757088570593
"100041433",1.31085699263933
"100041479",1.08828144355438
"100041480",0.279603399433428
"100041490",0.367227505486467
"100041515",0.625869832173557
"100041530",0.329980319265253
"100041562",1.27095647501343
"100041574",0.126902364785764
"100041576",0.722138780414539
"100041581",0.13728432108027
"100041585",0.468949506674405
"100041621",0.141355033372954
"100041639",0.4679186228482
"100041655",0.895164661619211
"100041677",0.260169491525424
"100041678",1.68580133475191
"100041694",0.678657934870369
"100041734",0.293611550632911
"100041735",0.482758620689655
"100041781",0.20075917334458
"100041805",0.427696965707892
"100041874",0.411151532111375
"100041879",0.521042384304328
"100041953",0.177865612648221
"100041958",0.717073970805314
"100041965",0.178669183577159
"100041979",0.425190440193057
"100042024",1.47430643127364
"100042049",0.670684154555122
"100042054",0.551051290219815
"100042056",0.577474978897866
"100042074",0.274778017758579
"100042100",0.268303149944211
"100042132",0.442193941566589
"100042143",0.285149856070441
"100042149",0.535641547861507
"100042150",0.277086214845551
"100042165",0.146892920936354
"100042166",0.305701964542405
"100042173",0.200965891940839
"100042178",0.157850190435887
"100042194",0.239144993860922
"100042198",0.889705882352941
"100042235",0.336658354114713
"100042237",0.183680437009218
"100042277",0.135581961768396
"100042304",0.570038703263147
"100042314",0.654986081545767
"100042332",0.459627329192547
"100042415",0.897485897346612
"100042416",0.331946755407654
"100042450",0.185985782678079
"100042458",0.28072625698324
"100042480",0.269921875
"100042484",0.565329491165542
"100042498",0.190871369294606
"100042503",0.979614949037372
"100042519",0.259245353857706
"100042584",0.450979059015502
"100042648",0.482345422591468
"100042678",0.927789934354486
"100042679",0.207424071991001
"100042698",0.552069122328331
"100042757",0.666366095581605
"100042773",0.283616210599238
"100042784",0.170277384085847
"100042807",1.41048876204067
"100042827",0.380243754629318
"100042856",1.63562721802191
"100042875",0.278453187385043
"100042880",0.872721749696233
"100042889",0.675988428158148
"100042894",1.26249377386684
"100042940",0.651172190784155
"100042945",1.73647358370465
"100042948",0.253651266766021
"100042951",0.599003506181952
"100042958",0.41103321222046
"100043040",0.238136863136863
"100043070",0.547858099062918
"100043072",0.141725220511287
"100043074",0.355346864586489
"100043089",0.210163432073544
"100043102",0.808767471410419
"100043123",1.88888888888889
"100043133",0.208128704487722
"100043143",0.24777684882572
"100043150",1.06111384918679
"100043189",0.283538863976084
"100043202",1.03106125970664
"100043213",0.188034188034188
"100043272",0.117216117216117
"100043277",0.35514888337469
"100043305",0.365342269028243
"100043309",0.946535500427716
"100043314",0.126160567995631
"100043332",0.702709182450252
"100043335",0.353250831178426
"100043381",3.3125
"100043387",0.204239472930392
"100043403",0.126568217459488
"100043407",0.24498377988706
"100043416",0.767807135029831
"100043424",0.711633986928105
"100043434",0.692619392185239
"100043450",0.306449964223653
"100043461",0.712640297995393
"100043468",0.113956004327443
"100043474",0.5
"100043488",0.777482740308019
"100043489",0.181818181818182
"100043497",0.526498696785404
"100043507",0.358091024020228
"100043580",0.477220077220077
"100043597",0.132716701902748
"100043600",0.493016759776536
"100043606",1.09584590392202
"100043609",1.16417556346382
"100043617",0.894492430574905
"100043636",0.92938163190633
"100043682",0.623363017286537
"100043684",0.971246819338422
"100043686",0.971246819338422
"100043688",0.971246819338422
"100043718",0.36642829153605
"100043729",1.07090326230436
"100043757",0.162315550510783
"100043765",0.892376058880711
"100043766",0.29140562248996
"100043772",0.176554983542915
"100043813",0.366058499855198
"100043831",0.364983534577388
"100043902",1.03018505679697
"100043911",0.194278177944608
"100043914",3.21327014218009
"100043915",0.485751295336788
"100043920",0.318456070749649
"100044193",0.231246474901297
"100044509",0.257806244995997
"100045066",0.62036642522369
"100045469",0.179638199411022
"100045653",0.299413571628037
"100045778",0.658949096880131
"100045792",0.710043196544277
"100047123",0.345065034429992
"100047133",0.366609294320138
"100048534",0.444594899571203
"100048658",0.607129313613955
"100048701",0.67066974595843
"100048895",0.289342534023385
"100048985",0.384076467713029
"100049166",0.719300866447565
"100073351",0.229802981340561
"100093714",0.430123456790123
"100101457",0.862903225806452
"100101806",0.152487961476726
"100101807",0.219799646434885
"100101919",0.203727926749509
"100113398",0.503479796405942
"100124623",0.41410907485096
"100125339",0.817616959064328
"100125929",0.457627118644068
"100125931",0.259422525898171
"100125933",0.438321167883212
"100126034",0.239197748064743
"100126224",1.03439720311266
"100126227",0.443869058627705
"100126229",0.523666589702147
"100126242",0.431383041978832
"100126243",0.190025795356836
"100126692",1.20230700976043
"100126795",0.631692806922661
"100126824",0.329595514617541
"100127111",0.592040907069809
"100134861",1.56806451612903
"100134990",0.696269982238011
"100141474",0.18654457980911
"100151693",0.673528200905723
"100169864",0.888679846015804
"100169865",0.445945945945946
"100169868",0.384398496240602
"100169871",0.406305381960638
"100169874",0.573920627998255
"100169878",0.716535433070866
"100169889",0.573081094107724
"100188919",0.843597262952102
"100216343",0.621425005349119
"100216537",1.12929550048664
"100217417",0.662743740625361
"100217418",1.14521408930208
"100217420",0.781752901198948
"100217425",1.21190623072178
"100217446",0.823525779561593
"100217451",0.997006921494045
"100217453",0.941792268398814
"100217469",0.639882410583048
"100233175",0.259712230215827
"100233207",0.827041993539456
"100233208",0.163946231397024
"100270707",0.502426448286321
"100270744",0.878130778282064
"100271841",0.37707468879668
"100271928",1.42489270386266
"100272219",0.751145987102789
"100294583",0.355956002808331
"100302499",0.844290657439446
"100302594",0.750216076058773
"100302648",0.449702485124256
"100302688",1.19416386083053
"100302730",0.149160414433726
"100303644",0.664363982848976
"100303731",0.557001330770368
"100303732",2.92353579175705
"100303751",0.472222222222222
"100306943",0.625435449487859
"100306944",0.931043523859465
"100306945",1.03208166241342
"100306954",1.04667099899569
"100306955",1.01548672566372
"100310809",0.178325123152709
"100310813",0.793636633957776
"100310872",0.220421393841167
"100313531",1.01804665721133
"100316665",1.5620618556701
"100316669",0.695514511873351
"100316682",1.00124455507156
"100316686",1.26357418971157
"100316712",1.35555555555556
"100316749",1.1423142445289
"100316820",0.601060920923111
"100316903",0.300566190347803
"100322896",1.00671810562724
"100359413",0.801186178442496
"100379095",0.175230566534914
"100379145",1.06681104493774
"100380944",0.214141866189304
"100415787",0.255967965501309
"100415914",0.917650826694423
"100415915",0.417794863223578
"100415916",0.748925477749124
"100416706",0.109785665793812
"100417434",0.929638234317956
"100417675",0.490127882711756
"100417831",1.44276012612176
"100500713",0.720321081537812
"100502590",0.447929456412546
"100502619",0.54079466181377
"100502624",0.650455404708713
"100502630",0.472388556220892
"100502635",0.463327102803738
"100502653",0.444096230067287
"100502661",1.14229430089793
"100502670",1.1385993961235
"100502695",0.501992528019925
"100502698",0.105435401252134
"100502700",0.459211732355637
"100502734",0.252695364759581
"100502736",0.376905508046954
"100502742",0.75250801530665
"100502745",0.373222504636944
"100502766",0.386630363346165
"100502820",0.558600046051117
"100502825",0.270135386249005
"100502829",0.249474912485414
"100502834",1.07281621243885
"100502841",0.130750605326876
"100502846",0.395243322356385
"100502849",0.412827461607949
"100502861",0.214159292035398
"100502868",0.503921984312063
"100502874",0.56657444233097
"100502876",0.411705936225127
"100502920",0.756698044895004
"100502923",0.948453608247423
"100502932",0.88368462138954
"100502933",0.53810547197884
"100502940",0.522006853715999
"100502942",0.940989360535264
"100502945",0.543515651874785
"100502946",0.661016949152542
"100502973",0.677049009746453
"100502982",0.348211646467632
"100502985",0.402577162840201
"100503002",0.227960162301734
"100503003",0.36697247706422
"100503007",0.504062450215071
"100503019",0.498476125973586
"100503040",0.233863335226197
"100503041",0.339368819080861
"100503043",0.0968222442899702
"100503044",0.963148713475796
"100503068",0.227741780657547
"100503072",1.12378453465041
"100503085",0.123594478471524
"100503099",0.420061887570913
"100503104",0.495787139689579
"100503120",0.53576341127923
"100503142",0.20564158201006
"100503147",0.459821428571429
"100503157",1.34526917816735
"100503166",0.56650420912716
"100503175",0.671104387291982
"100503178",0.131460881322599
"100503185",0.32674375233122
"100503199",0.261003644519204
"100503230",0.797668858338314
"100503240",0.720210280373832
"100503265",0.68232608018819
"100503272",0.536231884057971
"100503280",1.01369863013699
"100503289",0.549732147788148
"100503307",0.379053298546403
"100503311",1.19879021171295
"100503323",0.333333333333333
"100503332",0.728361187328511
"100503338",0.252069875352561
"100503353",0.169611307420495
"100503355",0.377110113055599
"100503361",0.990056204063986
"100503378",1.00774393391843
"100503380",0.195256372404291
"100503384",0.511561518698259
"100503386",0.27136086662153
"100503390",0.494351630867144
"100503392",0.479856115107914
"100503393",0.211218588464097
"100503399",0.620071923281833
"100503427",0.681097108969607
"100503460",1.11213790652213
"100503468",1.10146103896104
"100503469",0.526487227841591
"100503470",1.3304347826087
"100503471",0.522400500104188
"100503495",0.763643909524798
"100503496",1.37255795409238
"100503498",0.858293325073564
"100503518",0.8597500822098
"100503519",0.711255270840091
"100503536",0.613154960981048
"100503538",0.625794392523364
"100503565",0.649991254154277
"100503572",0.115504943060944
"100503583",0.3163431740336
"100503584",0.747929905642211
"100503592",0.373595505617977
"100503594",0.370453953649857
"100503595",0.921882908722794
"100503600",0.910372748848248
"100503605",0.322527015793849
"100503609",0.335247313591994
"100503613",0.949399488088206
"100503619",0.504882540036828
"100503620",0.259025634143068
"100503622",0.720627303110806
"100503630",1.29117983963345
"100503632",0.204526450749763
"100503636",0.368388683886839
"100503652",0.714222614840989
"100503659",0.136829652996845
"100503670",0.0861781099894686
"100503676",0.630040151557994
"100503690",0.513709548860194
"100503704",0.288806803539215
"100503710",1.13200354609929
"100503754",0.337845459672871
"100503759",0.684383750061404
"100503783",0.559659090909091
"100503790",0.402315296566077
"100503799",0.350894832093304
"100503802",0.0984387838948233
"100503816",1.04185918212537
"100503823",0.20703125
"100503827",0.744230769230769
"100503830",0.46649855907781
"100503849",0.168186423505572
"100503859",0.571081999029597
"100503866",0.455641193834044
"100503868",0.675034812015118
"100503869",0.230492813141684
"100503884",0.0895378070005802
"100503890",0.187733841977845
"100503915",0.570691801529433
"100503924",0.320985497116897
"100503949",0.155677422097522
"100503962",0.307110200220716
"100503991",0.883864337101747
"100504007",0.314342828585707
"100504018",1.11826347305389
"100504029",0.478875152832496
"100504039",1.09316101238557
"100504049",0.234161886551944
"100504056",0.446463919380961
"100504061",0.415934468240893
"100504070",0.805674758214309
"100504101",0.302589489718203
"100504104",0.527697800299436
"100504112",1.21438220103298
"100504114",0.225964149918523
"100504116",0.135593220338983
"100504121",0.515789473684211
"100504141",0.382831245001333
"100504156",0.516326530612245
"100504166",0.154084798345398
"100504177",0.526807980049875
"100504178",0.5390625
"100504191",0.363174085002197
"100504221",0.481288076588338
"100504231",0.622135271101174
"100504234",1.14273081004599
"100504235",0.488448844884488
"100504249",1.11140689471583
"100504262",0.222160356347439
"100504263",0.766688874083944
"100504267",1.16559944833021
"100504283",0.951158458493422
"100504285",0.580907814693496
"100504291",0.321160042964554
"100504304",1.03842549203374
"100504309",0.562412342215989
"100504312",0.408933217692975
"100504323",0.673998686802364
"100504333",0.876765355187952
"100504347",0.647437464352644
"100504350",0.236285714285714
"100504360",0.362211125304843
"100504361",0.72814479638009
"100504375",0.513665997993982
"100504412",0.35625
"100504421",0.251011789547774
"100504425",0.428754266211604
"100504446",0.504742684157417
"100504455",0.147872708405396
"100504457",0.552542372881356
"100504464",0.861163227016886
"100504467",0.37120315581854
"100504486",0.202713030187237
"100504491",0.271980529358077
"100504501",0.271573604060914
"100504512",0.468404829180581
"100504539",0.211652647204354
"100504549",1.13477891156463
"100504561",0.440693430656934
"100504568",0.971741023903997
"100504586",0.179019489838433
"100504589",0.777777777777778
"100504601",0.398081534772182
"100504608",0.803636363636364
"100504616",0.668968692449356
"100504626",0.275172413793103
"100504628",0.623348611485576
"100504632",0.472662440570523
"100504637",0.606293706293706
"100504641",0.527977044476327
"100504661",0.667791331430054
"100504663",0.115644490644491
"100504687",0.207335907335907
"100504701",0.945446628514556
"100504703",0.558745992162451
"100504714",0.38495772140632
"100504715",0.119579592120832
"100504717",0.690523090391771
"100504720",0.382897033158813
"100504727",0.578136619568682
"100504733",1.0992740827938
"100504734",0.224155320221886
"100504740",0.464862298195632
"100505025",0.570283423990839
"100505034",0.307107438016529
"100505386",0.172334004024145
"100505397",0.349431818181818
"100526469",0.825250836120401
"100526796",1.41113455607856
"100529079",1.25228143821865
"100532730",0.231740120008276
"100534273",0.865454216431415
"100534287",0.239401376257158
"100534296",0.701056417172398
"100568459",0.206140440173463
"100616095",0.293813513995365
"100628571",0.740841617867357
"100642166",0.184397163120567
"100653389",0.654189490768919
"100689703",0.25842155919153
"100859931",0.561462791920102
"100861531",0.395080560587282
"100861572",1.00973037213103
"100861615",0.610046367851623
"100861663",0.623057799875699
"100861668",0.215250965250965
"100861698",0.390911739003787
"100861749",0.368601556101556
"100861870",1.01605218377765
"100861913",0.599018003273322
"100861998",0.591432658285026
"100862066",0.378408458542014
"100862072",0.946315344511765
"100862085",0.281647940074906
"100862203",0.232054733064154
"100862247",0.546320029293299
"100862261",0.318456070749649
"100862268",0.388048805923454
"100862368",1.29911886014248
"100862375",0.0921792890262751
"101055656",0.89398164579425
"101055670",0.700289194636754
"101055671",1.05488243430152
"101055731",0.737317724378722
"101055754",0.718211764705882
"101055798",0.769556725262356
"101055840",0.333333333333333
"101055907",0.177003246198531
"101055983",0.430458893148238
"101056014",0.313070307884199
"101056032",0.376232741617357
"101056047",0.257321890750579
"101056065",1.35007971045715
"101056072",0.512927054478301
"101056084",0.957379636937648
"101056115",0.784628378378378
"101056144",0.870410759723737
"101056205",0.379771615008157
"101056232",1.42
"101056241",1.01923996615532
"101056408",0.466893039049236
"101202684",0.850914205344585
"101243624",0.528735632183908
"101488143",0.576986754966887
"101669761",0.628082191780822
"102216272",0.165320308096938
"102238433",1.4490803894821
"102443350",0.150850246845858
"102443351",0.248993288590604
"102465150",0.796984447346551
"102465207",0.610850439882698
"102465211",0.985399091499027
"102465258",0.860116314661769
"102465886",1.14087947882736
"102465959",0.581250240727189
"102465962",0.661613651424785
"102466152",0.68430838413975
"102466210",0.567906224737268
"102466255",0.686026731470231
"102466634",0.646527905691656
"102466640",0.595738624811938
"102466677",0.992193044712562
"102466761",1.02255406797116
"102631504",1.20653377630122
"102631515",0.380560747663551
"102631518",1.00454545454545
"102631520",0.880163678877631
"102631533",1.07491856677524
"102631543",0.187492031110544
"102631545",0.316461628588166
"102631558",0.605535178392798
"102631562",0.812899106002554
"102631570",0.731211916046039
"102631576",0.703739213806328
"102631579",0.731693593762559
"102631584",0.614100549882168
"102631586",0.351606288448394
"102631588",0.972731287259881
"102631593",1.03430843510366
"102631600",0.814304282391572
"102631604",0.439819004524887
"102631606",0.72946203146242
"102631611",0.412264346384918
"102631618",0.531067149623851
"102631622",0.483973965369029
"102631637",0.553003533568905
"102631645",0.997710622710623
"102631647",0.584786899237211
"102631656",0.784993418165862
"102631665",0.303571428571429
"102631666",0.440383736866149
"102631674",0.29064039408867
"102631685",1.20996055226824
"102631705",0.428438488739996
"102631706",0.584254670224933
"102631709",0.763450556056507
"102631725",0.329767441860465
"102631729",1.03060541527228
"102631731",0.32816091954023
"102631735",1.35708982925019
"102631739",0.433260393873085
"102631753",0.849331489165514
"102631761",0.382890761647321
"102631780",0.516422812779934
"102631782",0.442699592423879
"102631784",1.07963308710123
"102631788",0.581452878001689
"102631791",0.540384875999458
"102631795",0.375969691502796
"102631796",0.36570822843514
"102631805",0.937967516634293
"102631806",0.401638206302929
"102631812",0.236323851203501
"102631813",0.328054298642534
"102631817",0.666384419983065
"102631820",1.06742424242424
"102631824",0.854114895483116
"102631828",0.380122057541412
"102631829",0.504112308564946
"102631845",0.295305886879569
"102631854",0.700123915737299
"102631855",0.479099678456592
"102631859",0.604479901810371
"102631860",0.844675642594859
"102631862",0.947999144018832
"102631865",0.489328555849821
"102631866",0.290243902439024
"102631869",0.408994966715376
"102631874",0.433463251670379
"102631885",0.522472987660636
"102631887",1.07434325744308
"102631889",0.150228050171038
"102631890",0.702395312769257
"102631898",0.382870839863557
"102631903",0.401647250871856
"102631905",0.483790965456156
"102631909",0.312765957446809
"102631912",0.247970103618142
"102631932",0.270926517571885
"102631933",0.336088386607068
"102631936",0.528631389596762
"102631937",0.84676035992657
"102631939",0.45243553008596
"102631941",0.758509494804729
"102631948",0.663746152024627
"102631958",0.215392474033714
"102631959",0.631578947368421
"102631961",0.966473988439306
"102631965",0.662750079390283
"102631968",0.726114649681529
"102631979",0.221778835085565
"102631989",0.126026769643617
"102631992",0.320843091334895
"102631993",0.76430254981787
"102631998",0.835622984111815
"102632007",0.549427332369621
"102632008",0.352863143931019
"102632019",0.137291954357148
"102632031",0.249476149389868
"102632039",1.18025815116019
"102632040",0.713495575221239
"102632048",0.395548202737254
"102632051",0.985048059807761
"102632053",1.06122448979592
"102632060",0.675247524752475
"102632061",0.823136098928751
"102632064",1.20055839925547
"102632075",0.506117136659436
"102632081",0.273326162947029
"102632087",0.390838029449191
"102632089",0.959949409780776
"102632093",0.516896499469617
"102632094",0.363671098884304
"102632096",0.720677474866407
"102632114",0.765453495089544
"102632115",0.997079597935344
"102632116",0.368491124260355
"102632130",0.569800377663879
"102632132",0.212978369384359
"102632136",0.500321905681635
"102632137",1.04143901823989
"102632139",1.07338308457711
"102632141",0.585983328187712
"102632146",1.02832512315271
"102632148",0.241835147744946
"102632154",1.19171892912536
"102632155",0.827944111776447
"102632163",0.243874858650584
"102632165",0.397144948755491
"102632170",1.25768667642753
"102632174",0.658682634730539
"102632177",0.640289630204293
"102632178",0.40954415954416
"102632192",0.711088272239351
"102632195",0.847604544922104
"102632200",0.770384751147194
"102632212",0.598414179104478
"102632229",1.48958035969169
"102632230",0.980279580629056
"102632231",1.00856496444732
"102632232",0.582551977170811
"102632234",0.231286360698125
"102632238",0.363681592039801
"102632241",0.580523402113739
"102632244",0.662017434620174
"102632247",0.744940978077572
"102632262",0.264329062710721
"102632268",0.296110679748712
"102632272",0.584499672988882
"102632284",0.363503813369224
"102632286",0.390320800819737
"102632287",0.94957226474561
"102632296",1.09804059273825
"102632297",0.651340996168582
"102632307",1.02745098039216
"102632313",0.442992486115648
"102632315",0.7929659173314
"102632317",0.772320744109981
"102632331",0.556193150601306
"102632338",0.852752880921895
"102632340",0.221843833617125
"102632341",0.708363461074958
"102632344",0.90003876344607
"102632348",0.40722724113968
"102632352",0.471729381945798
"102632353",0.44249097806977
"102632357",0.843911560884391
"102632358",1.25281939067497
"102632359",0.923664122137405
"102632375",0.331482022800351
"102632377",0.222495121458852
"102632388",0.5875
"102632389",0.380890052356021
"102632394",0.279682425117286
"102632403",0.223883476415549
"102632411",0.941176470588235
"102632414",0.803145336225597
"102632415",0.356199956719325
"102632417",0.63300027005131
"102632418",0.395334928229665
"102632420",0.642494151810922
"102632426",0.515439429928741
"102632429",0.419540867250749
"102632430",0.618601538976246
"102632435",0.294815159265287
"102632436",0.317049808429119
"102632438",0.275275351310292
"102632440",0.908877005347594
"102632444",0.254422914911542
"102632457",0.773818564168468
"102632462",0.361179361179361
"102632463",0.330387273019444
"102632465",0.867798230934736
"102632477",0.294157431975444
"102632479",0.363140676117775
"102632481",0.786766606358232
"102632482",0.985412787088765
"102632484",0.39375
"102632488",0.551706927530445
"102632492",0.657763115888049
"102632496",0.736924686192469
"102632513",1.33654670094259
"102632514",0.404123711340206
"102632516",0.79228524843388
"102632522",0.311712677566336
"102632530",0.972560528246515
"102632532",0.48986975397974
"102632538",0.304161162483487
"102632541",0.751310514955288
"102632545",0.301945910290237
"102632563",0.826170376055257
"102632566",0.834811592565392
"102632568",0.509707410445721
"102632580",1.1505376344086
"102632582",0.764379827351204
"102632590",0.736111111111111
"102632594",0.577874331550802
"102632597",0.441926345609065
"102632602",0.920910384068279
"102632603",0.78054242348843
"102632604",0.988335100742312
"102632605",0.360047767531347
"102632621",0.419079591551266
"102632631",0.576963222201756
"102632635",0.198195100988397
"102632638",0.242284849190637
"102632660",1.18680822227242
"102632664",0.659318637274549
"102632666",0.271609710839647
"102632668",0.484629294755877
"102632669",0.398987768873893
"102632681",0.282215122470714
"102632686",0.64297520661157
"102632693",0.772322080958644
"102632707",1.08507590948152
"102632708",0.819884474006651
"102632716",0.512224642943597
"102632717",0.734198124665987
"102632720",1.1637797311272
"102632722",0.458481915435558
"102632727",0.319082022949426
"102632737",0.734332084893883
"102632738",0.672762271414822
"102632743",0.865435356200528
"102632764",0.913812816464311
"102632785",1.18097565943579
"102632789",1.40922499329579
"102632805",1.10567232939821
"102632811",0.991841078396595
"102632812",0.319727891156463
"102632818",0.818500350385424
"102632820",0.401642036124795
"102632821",0.323251598129949
"102632823",0.465392561983471
"102632825",0.982984153993406
"102632827",0.385890151515152
"102632833",0.294710640945862
"102632839",0.147771527477283
"102632843",0.351524879614767
"102632845",0.347271849348141
"102632850",0.684343700579863
"102632854",0.465529495380242
"102632865",0.865437352245863
"102632874",0.999404525605399
"102632875",0.680933852140078
"102632876",1.02071171531387
"102632878",1.08733298499664
"102632891",0.919128975930428
"102632893",0.225502882013881
"102632895",1.10418768920283
"102632898",0.890360272638754
"102632900",0.426589595375723
"102632901",1.14406779661017
"102632914",0.478831432588658
"102632922",0.37604550016728
"102632924",0.687724210342112
"102632926",0.446616541353383
"102632932",0.692885955262193
"102632934",0.535471967622902
"102632938",0.940180461178567
"102632948",0.795548447287752
"102632954",0.307692307692308
"102632962",0.467769058295964
"102632964",1.53853383458647
"102632966",0.278554778554779
"102632975",0.580969028730223
"102632986",0.480700500357398
"102632990",0.773459147757058
"102632992",0.654744285479362
"102632993",1.12190635451505
"102632994",0.762460663891991
"102632995",0.485977523539536
"102633000",0.310228509249184
"102633002",0.640917602996255
"102633004",0.270042194092827
"102633006",0.344424460431655
"102633007",0.69955536735126
"102633009",0.461499278376772
"102633020",0.75472972972973
"102633029",0.844989681265765
"102633037",0.995751538236156
"102633038",0.461979913916786
"102633048",0.390017286084702
"102633052",0.510614227723431
"102633060",0.554320644623506
"102633068",0.644572684803517
"102633070",0.633039363303936
"102633071",0.980280455740579
"102633075",0.759870550161812
"102633077",0.878207795810792
"102633078",0.386351706036745
"102633087",0.979991146525011
"102633093",0.335019673974143
"102633095",0.603876798668094
"102633097",0.594483921474166
"102633132",0.876171079429735
"102633140",1.02316680096696
"102633143",1.11129727142173
"102633145",0.465878216397635
"102633149",0.235106643785241
"102633151",0.149145860709593
"102633156",0.530630364013022
"102633159",0.476114649681529
"102633171",1.11016949152542
"102633177",1.22827496757458
"102633185",0.290111208527525
"102633190",0.537615740740741
"102633194",0.793934308319348
"102633199",0.228566149297857
"102633203",0.39213747063914
"102633211",0.674066599394551
"102633214",0.718070652173913
"102633220",0.916327946862298
"102633226",0.246413833759088
"102633229",0.975674313082934
"102633233",0.419227392449517
"102633236",0.598396962666104
"102633239",0.376351238982205
"102633240",0.743723849372385
"102633243",0.91948035243424
"102633244",0.90933598183882
"102633245",0.34690350456073
"102633260",0.432861882311856
"102633266",1.38093671885278
"102633270",0.323529411764706
"102633275",0.823529411764706
"102633277",0.518730489073881
"102633283",1.28246603198077
"102633286",0.684444444444445
"102633291",0.164469914040115
"102633293",1.13702370609408
"102633300",0.130258679373724
"102633301",0.328428725701944
"102633302",0.268864345333446
"102633315",0.540830945558739
"102633317",0.593537964458805
"102633321",0.756024407901541
"102633322",0.565264082788246
"102633331",0.922222222222222
"102633345",0.633960622212553
"102633348",1.11147063581945
"102633356",0.597371967654987
"102633360",0.57667493796526
"102633372",0.648210668467252
"102633373",0.360875160875161
"102633383",0.836168307967771
"102633388",0.387203011056222
"102633389",0.629073996363128
"102633391",1.05848630493949
"102633393",1.03687530325085
"102633396",0.875471698113207
"102633398",1.26112057543063
"102633407",0.614982578397212
"102633409",1.28225806451613
"102633419",0.288730425055928
"102633420",0.739787485242031
"102633422",0.172102810762062
"102633424",0.113942482708409
"102633428",0.631376323387873
"102633432",0.429864998353638
"102633437",0.658813630626841
"102633439",0.650750750750751
"102633445",0.704671675922901
"102633449",0.874305906108026
"102633458",0.45848209144305
"102633464",0.237876802096986
"102633466",1.86964187327824
"102633471",0.180913348946136
"102633474",0.298741405430603
"102633475",0.394125745754933
"102633478",0.985693215339233
"102633480",0.350946040644709
"102633492",0.121826086956522
"102633496",0.582576162479957
"102633498",0.506317044100119
"102633503",0.257668711656442
"102633507",0.894526034712951
"102633513",0.324102564102564
"102633516",0.272941176470588
"102633518",0.336731107205624
"102633526",0.735941320293399
"102633532",0.621710226755305
"102633537",0.979152189020153
"102633545",0.426333615580017
"102633550",1.02686567164179
"102633551",0.42123795404003
"102633555",0.7062785140126
"102633560",0.165395614871306
"102633562",0.798852310480217
"102633563",0.784534270650264
"102633572",0.409306912938223
"102633573",0.655133928571429
"102633579",0.27182736091863
"102633582",1.16309396212933
"102633593",0.455076495132128
"102633600",0.54059870866758
"102633603",0.377483443708609
"102633615",0.720629281908145
"102633616",1.1687417218543
"102633618",0.457947915184289
"102633622",0.481409843111971
"102633623",0.423559161310715
"102633624",0.585089894606324
"102633625",0.54066985645933
"102633634",0.288194444444444
"102633636",1.19095110678667
"102633638",0.261019649495486
"102633646",0.861886444068318
"102633661",1.08944674628321
"102633665",0.590255171689594
"102633667",0.99933569530558
"102633669",0.558041504539559
"102633673",0.53125
"102633676",0.213178294573643
"102633689",0.642455407359794
"102633693",0.884344528710726
"102633697",1.21596324029952
"102633699",0.804519071310116
"102633704",1.20547945205479
"102633721",0.438628158844765
"102633730",0.559309585016526
"102633737",0.463522647812913
"102633740",1.01500205507604
"102633742",0.664036418816388
"102633750",0.25905637038346
"102633754",0.613259668508287
"102633758",0.907
"102633762",0.859767724042295
"102633763",0.316725978647687
"102633774",1.10832337714058
"102633775",0.658318425760286
"102633776",0.945683183183183
"102633781",0.96551724137931
"102633785",0.823853211009174
"102633788",0.93235949280329
"102633792",0.662141549725442
"102633795",0.679023242130038
"102633796",0.781117485657271
"102633812",0.599253103303177
"102633818",0.342322749021314
"102633829",0.622576388183941
"102633833",0.505157201441531
"102633836",0.211193331632219
"102633839",0.698121696097177
"102633849",0.64963503649635
"102633861",0.586134167914002
"102633863",1.28795811518325
"102633868",0.33532041728763
"102633871",0.43111817877469
"102633874",0.578296071395713
"102633880",0.266182800236307
"102633882",0.649020141535112
"102633888",0.226098476484875
"102633894",1.33421439060206
"102633898",1.18493150684931
"102633899",0.405405405405405
"102633900",0.259787234042553
"102633901",0.674898003006227
"102633905",0.579102281089036
"102633908",0.578029355624301
"102633913",0.325877192982456
"102633923",0.576540593413759
"102633924",1.05581559657335
"102633925",0.637522516281003
"102633929",1.16675480345496
"102633930",0.441614738553238
"102633936",0.962121212121212
"102633937",0.864789881680947
"102633939",0.187305590584279
"102633943",0.394248857833916
"102633946",0.68281489036206
"102633951",0.709260832625319
"102633968",0.853961885656971
"102633974",0.506206152185645
"102633984",0.977475621480566
"102633986",0.530874640500761
"102633993",0.913835376532399
"102633994",0.721467715034549
"102634000",0.225891472868217
"102634002",0.335319430652102
"102634003",1.18876755070203
"102634008",0.409374443058278
"102634011",0.265570557491289
"102634016",1.08978407442178
"102634017",0.521582129660732
"102634020",1.06493375139072
"102634034",0.723556525958273
"102634036",0.599198709610282
"102634037",0.753037307816364
"102634042",0.42668428005284
"102634043",1.02213371637503
"102634044",0.252437587056681
"102634045",1.10611224721654
"102634049",0.237537281636131
"102634054",1.24794021843265
"102634055",1.27004909983633
"102634056",0.758454106280193
"102634058",0.37913741223671
"102634060",0.4337899543379
"102634064",0.704780629139073
"102634068",0.923076923076923
"102634072",0.220203264551894
"102634073",0.667142857142857
"102634076",0.392327591646161
"102634078",0.321813031161473
"102634096",1.07697883444477
"102634101",0.457435897435897
"102634115",0.597229348383787
"102634125",0.872034507548526
"102634128",0.642771804062127
"102634132",0.191075514874142
"102634136",0.510632421982878
"102634140",0.494050308781443
"102634148",0.787865168539326
"102634150",0.998052063042323
"102634155",0.518357678641927
"102634160",0.629818680481487
"102634161",0.671890798786653
"102634165",0.327513906718015
"102634171",0.813826218973979
"102634191",0.688873139617293
"102634195",0.901217614208551
"102634197",0.942960735762292
"102634198",0.867022733497672
"102634200",0.563373276056975
"102634210",0.681168313186476
"102634213",0.328987811340753
"102634227",0.656745479833102
"102634229",0.401802962009015
"102634240",1.09218612818262
"102634251",0.446845794392523
"102634258",0.621387608231193
"102634267",0.896726237545469
"102634268",1.21892426695449
"102634280",0.654293160526872
"102634282",0.949471598414795
"102634283",1.19222326748197
"102634286",0.307961106046794
"102634288",0.741426403641882
"102634293",0.46693044377501
"102634296",0.533128052665109
"102634309",0.220919227128973
"102634310",0.270306642314717
"102634323",0.58857264231096
"102634330",0.679794614082045
"102634331",0.64260011607661
"102634333",0.271469859620149
"102634340",0.729969799253864
"102634341",0.543717108300249
"102634351",0.364871780292261
"102634363",0.806444949390622
"102634366",0.492941176470588
"102634376",0.984929845834055
"102634384",1.06854732401793
"102634392",0.601966652415562
"102634418",1.20307692307692
"102634420",0.909781287970838
"102634421",0.558775731310943
"102634423",0.978444604599358
"102634424",0.829339943082714
"102634428",0.605480116391853
"102634429",0.436924903532205
"102634431",0.355644355644356
"102634434",0.826276735050196
"102634435",0.869955156950673
"102634439",0.744829943599385
"102634445",0.545847091694183
"102634446",1.16377816291161
"102634450",1.07478576992989
"102634456",0.576045627376426
"102634481",0.320235756385069
"102634487",0.491998358637669
"102634496",0.432845248349124
"102634502",0.188771211938861
"102634512",0.367483296213808
"102634519",1.06409914712154
"102634521",1.08741281966124
"102634523",0.783474065138721
"102634524",0.52098589033756
"102634525",1.06717850287908
"102634530",0.724668814894379
"102634533",0.431419757730795
"102634534",0.439936578996456
"102634535",1.11109510086455
"102634541",0.435172326726423
"102634544",0.982228298017772
"102634545",0.650895140664962
"102634546",1.06599754494909
"102634559",0.837368845843422
"102634561",0.27644211695628
"102634563",0.590521327014218
"102634564",0.600788781770377
"102634569",0.682340537691091
"102634575",0.751175257731959
"102634578",0.964712840057826
"102634580",1.40343347639485
"102634584",0.796690307328605
"102634588",1.14949083503055
"102634592",0.18012031337437
"102634594",0.453507340946166
"102634598",0.481711229946524
"102634602",1.18038902211564
"102634625",1.16271748135874
"102634628",0.808561643835616
"102634630",0.669386061946903
"102634634",1.23381294964029
"102634641",0.8
"102634642",0.272272667456244
"102634646",0.739864864864865
"102634650",0.477503628447025
"102634651",0.487873134328358
"102634652",1.01272680368045
"102634653",0.557527539779682
"102634658",0.695315682281059
"102634662",1.10515699000175
"102634668",0.474950298210736
"102634676",0.332167832167832
"102634680",1.06100386100386
"102634683",0.5728
"102634686",0.355469087764808
"102634688",0.379140830121222
"102634692",1.46964795432921
"102634701",0.892284186401834
"102634702",1.03412073490814
"102634715",0.188871473354232
"102634716",0.548368953880765
"102634735",0.333092354961142
"102634737",0.591744273848477
"102634738",0.285638156141753
"102634739",0.331965782122905
"102634746",1.02891014975042
"102634755",0.224390243902439
"102634756",0.188304093567251
"102634757",0.770903637045369
"102634762",0.221825485382727
"102634765",0.602186711522288
"102634769",0.552879581151832
"102634772",0.33984375
"102634775",0.462994254815816
"102634777",1.03550004108801
"102634778",0.491370010787486
"102634780",0.937143796580447
"102634786",0.647988730630772
"102634792",0.644851304875582
"102634795",1.11942561541206
"102634803",0.929216323582521
"102634806",0.568312284730195
"102634811",0.402198713959759
"102634812",0.852140077821012
"102634815",0.945543374642517
"102634818",0.363148774651374
"102634820",0.642028985507246
"102634821",0.38967468175389
"102634823",0.934782608695652
"102634835",0.557973130841122
"102634837",1.14295092729362
"102634839",0.656753407682776
"102634841",0.614189756507137
"102634848",1.20765805877115
"102634849",0.425634057971014
"102634850",0.262451685887566
"102634855",1.33967391304348
"102634858",0.26405678163469
"102634862",0.941282513520474
"102634865",1.04392386530015
"102634871",0.859583721652687
"102634873",0.393252287938806
"102634874",0.810086324398001
"102634877",0.917614750882699
"102634881",1.52816901408451
"102634887",0.482430566211447
"102634888",0.3270911360799
"102634895",0.861491203574421
"102634896",0.774699715337082
"102634904",0.692771084337349
"102634906",0.497101602023609
"102634910",0.691822465420277
"102634911",0.52808988764045
"102634912",0.585352032865845
"102634913",0.529746655280387
"102634918",1.03582554517134
"102634919",1.01617680565049
"102634922",0.184057971014493
"102634923",0.892844622755424
"102634926",0.336414565826331
"102634931",0.552806276403138
"102634933",0.19388401339003
"102634944",0.19337704373807
"102634945",1.26366912110293
"102634949",0.558391761612621
"102634953",0.824619457313038
"102634962",0.471042976939203
"102634966",1.24614050303556
"102634983",0.326186955807458
"102634986",0.815024137525021
"102634987",0.847914116206799
"102634993",0.867312775330397
"102635004",0.556679308891698
"102635017",0.65975180588998
"102635041",1.28019211041686
"102635047",0.143621575342466
"102635051",1.16697961373391
"102635054",0.532611542827207
"102635066",0.473164448261056
"102635069",0.228634850166482
"102635071",0.111368295747636
"102635078",0.755213943013806
"102635079",0.952081316553727
"102635081",1.1609865470852
"102635085",0.442143297787962
"102635086",0.546269647996458
"102635108",0.244524771422496
"102635113",0.740947075208914
"102635123",0.359058823529412
"102635128",0.490330188679245
"102635129",0.317927583161613
"102635131",0.556033493920624
"102635133",0.155114661169802
"102635134",0.520446096654275
"102635136",0.485887972210161
"102635137",0.592899408284024
"102635142",0.865986717267552
"102635157",1.0443746729461
"102635160",0.432787937119025
"102635167",1.09823848238482
"102635170",0.410688405797101
"102635171",0.484830458060678
"102635174",0.434213638155302
"102635178",1.07189384800965
"102635181",0.437625146998061
"102635182",0.653567735263702
"102635185",0.526733254994125
"102635189",1.20627682403433
"102635192",0.246987951807229
"102635197",1.29243379571248
"102635198",0.354505868989019
"102635200",0.218471250171538
"102635206",0.716143533756121
"102635210",0.535353535353535
"102635226",0.3671875
"102635231",0.629933367503844
"102635242",0.496487477092242
"102635243",0.626182618261826
"102635247",0.785722658539444
"102635253",0.560283687943262
"102635257",0.148922413793103
"102635259",0.507507507507507
"102635262",0.385126501405571
"102635264",0.905454900620208
"102635265",0.636015325670498
"102635268",0.360699865410498
"102635269",0.541710548195776
"102635272",0.677210506844247
"102635276",0.561349328898919
"102635278",0.232163369495852
"102635280",0.624831460674157
"102635290",0.314213197969543
"102635293",1.16021361815754
"102635304",1.25013823610727
"102635305",0.428198054305213
"102635306",0.89075841285786
"102635315",0.385022932152459
"102635316",1.04495101176702
"102635323",0.336562413506781
"102635335",0.64152428057554
"102635336",0.552549709184364
"102635337",0.970905524681268
"102635346",1.06106493292733
"102635347",0.689930555555556
"102635354",0.332159867467385
"102635359",0.341640706126687
"102635362",0.949746192893401
"102635364",1.02111013691239
"102635366",0.588657573582197
"102635380",0.785983066792098
"102635381",0.736589819675873
"102635384",0.706511985642866
"102635387",0.604702808621816
"102635392",0.611191649753552
"102635426",0.427637721755369
"102635429",0.335176991150442
"102635431",1.14175879168373
"102635432",0.274904214559387
"102635433",0.680808684393985
"102635434",0.946295697185377
"102635437",0.786012595293338
"102635441",0.608692449355433
"102635453",0.313330937836867
"102635455",0.720525187566988
"102635458",0.360655737704918
"102635461",0.350862431636517
"102635468",0.646541841803592
"102635479",0.660091047040971
"102635484",0.70677324358435
"102635485",0.718427364688706
"102635494",0.431238571841016
"102635498",0.351173663192754
"102635500",0.373603951890034
"102635502",0.294242273180459
"102635503",0.290185676392573
"102635505",0.830809173517958
"102635506",0.557857197055922
"102635509",0.4010207801677
"102635516",1.12121982210928
"102635522",0.31174833254556
"102635524",0.714841412327947
"102635534",0.63585554600172
"102635539",0.598170731707317
"102635541",0.400617283950617
"102635544",1.1253490536767
"102635549",0.447021191523391
"102635550",0.463594704684318
"102635552",0.186251269895022
"102635553",0.231244697612411
"102635561",0.319501290850702
"102635566",0.692065985860173
"102635588",0.907588606218743
"102635590",1.02150296785754
"102635593",0.984422467843061
"102635597",0.483128834355828
"102635605",0.188096319854612
"102635607",0.615440115440115
"102635609",1.12937024374104
"102635613",0.666110740493662
"102635614",0.914376742333732
"102635616",0.98342827550492
"102635619",0.861802442417684
"102635624",0.34596108490566
"102635625",0.993443615089772
"102635629",0.917999256229082
"102635630",0.237768775319414
"102635632",0.609298691150615
"102635635",0.402966235405491
"102635637",1.30270869634088
"102635639",0.486438175176809
"102635643",0.57919653726498
"102635648",0.737480505978167
"102635654",0.755537974683544
"102635656",0.299904489016237
"102635661",0.397350993377483
"102635671",0.386430198503091
"102635680",0.564489856360136
"102635682",0.569059390449966
"102635685",1.13371123707903
"102635688",0.488910539285919
"102635698",0.337466908178905
"102635699",0.203699367829548
"102635703",0.68
"102635707",0.585804731756081
"102635712",0.411055694098088
"102635731",0.319148936170213
"102635733",1.27196909841103
"102635735",0.789491077329808
"102635736",1.04987932421561
"102635737",1.29881538666312
"102635744",1.23744735989634
"102635746",0.983468167428773
"102635756",0.280358829084042
"102635769",0.861361771944217
"102635772",0.639040544168979
"102635775",0.712104689203926
"102635776",0.876592356687898
"102635778",1.16386121607695
"102635780",0.703882263384928
"102635781",0.196782591282291
"102635783",0.195580353865355
"102635786",0.351397121083827
"102635788",0.99922420480993
"102635792",0.512631788342948
"102635797",0.442819302084533
"102635798",0.405493482309125
"102635799",0.352341717259324
"102635802",1.03836036825954
"102635803",0.381830055874029
"102635811",0.678484936549453
"102635821",1.07112375533428
"102635826",0.797633872976339
"102635832",0.602233676975945
"102635843",0.405134143987647
"102635846",0.693324520819564
"102635853",0.983415841584158
"102635854",0.900464956087481
"102635867",0.252616118964568
"102635868",0.442549765807963
"102635870",0.603555402140145
"102635873",0.64018691588785
"102635879",0.36979969183359
"102635881",0.920245398773006
"102635882",0.39911061700945
"102635884",0.628336755646817
"102635898",0.453011043967493
"102635912",0.374808156106117
"102635921",0.533783783783784
"102635939",0.602501525320317
"102635944",0.425718950144418
"102635948",0.635014492753623
"102635951",0.943418380299568
"102635952",0.359993264859404
"102635953",0.817949314112997
"102635958",1.06491092176607
"102635966",0.929085013393486
"102635983",0.467738283903102
"102635994",0.837170825865159
"102636000",0.250510650714911
"102636002",0.751689557444953
"102636011",0.508766626360339
"102636012",0.818500350385424
"102636014",0.825755772435135
"102636015",0.632867132867133
"102636019",0.387443438914027
"102636020",1.1419220945083
"102636022",0.881868131868132
"102636024",0.610494141619969
"102636025",0.554085155350978
"102636033",0.955380781809687
"102636035",0.492656368700937
"102636037",0.908895265423243
"102636040",1.15923862581244
"102636041",1.006942092787
"102636042",1.048
"102636048",0.394548899577321
"102636049",0.252785685237902
"102636055",0.338787878787879
"102636057",0.902364086370231
"102636058",0.57010719754977
"102636059",1.20953202163518
"102636066",0.242250546798401
"102636067",0.7
"102636078",0.302308153477218
"102636082",0.87959964674713
"102636087",0.706837606837607
"102636088",0.149607135272882
"102636089",0.99184581171238
"102636092",1.09649511978705
"102636095",1.26349614395887
"102636107",0.268905218119245
"102636109",0.612035851472471
"102636115",0.745712072590462
"102636118",0.558476919804297
"102636130",0.430740740740741
"102636131",0.712555935772572
"102636141",0.480063674954518
"102636146",0.331862868666499
"102636149",0.72
"102636152",0.947758179614918
"102636154",0.492848729597846
"102636155",1.0801393728223
"102636164",0.16463667246665
"102636167",0.417106033977739
"102636175",0.394067796610169
"102636178",0.960385982732351
"102636179",0.453126385809313
"102636180",0.20389454384523
"102636183",1.13436866981769
"102636221",0.289896373056995
"102636224",0.957432956130832
"102636238",0.309233023937469
"102636239",0.209012748295286
"102636241",0.739167812929849
"102636251",0.733243967828418
"102636256",0.282051282051282
"102636258",0.598464070213933
"102636260",1.32940406024885
"102636262",0.255568085706231
"102636274",0.608767273725634
"102636276",1.06457162518637
"102636277",0.556562367266034
"102636299",0.412935323383085
"102636304",0.563065610859729
"102636309",0.120264673199313
"102636310",0.715968931016324
"102636312",0.935402521823472
"102636313",0.263063063063063
"102636314",0.637342908438061
"102636328",1.08152586716179
"102636333",0.466767143933685
"102636335",1.16000655093351
"102636338",0.36468200270636
"102636354",0.521739130434783
"102636359",0.488993143269578
"102636362",0.242063792711569
"102636366",0.913585696942942
"102636367",0.563761599540802
"102636368",1.24864
"102636372",0.320385693770088
"102636376",0.692245557350565
"102636380",1.37093023255814
"102636382",0.391712275215012
"102636387",0.515586206896552
"102636397",0.238927296209071
"102636400",0.387668918918919
"102636409",0.426809651474531
"102636414",0.631708133437465
"102636415",0.657742484401588
"102636425",0.994004890747022
"102636431",0.495137668424136
"102636445",0.885032828621198
"102636446",1.40279627163782
"102636453",0.575313807531381
"102636454",1.04406667766958
"102636458",0.519869655062788
"102636467",0.4668073676132
"102636474",0.347643866530546
"102636475",0.886081560283688
"102636476",0.160938502428742
"102636479",0.594457013574661
"102636484",0.41768826619965
"102636490",0.37694678780013
"102636498",0.790710415778901
"102636504",0.956957106561052
"102636516",0.514111006585136
"102636520",0.835168738898757
"102636543",0.9538382125212
"102636545",0.210681696188943
"102636546",0.215463150058492
"102636547",0.293136055178552
"102636549",0.294767009871564
"102636561",0.611841454976772
"102636562",0.792004321988115
"102636563",0.696848899012908
"102636564",0.313203684749232
"102636566",0.607150643121866
"102636570",0.664492753623188
"102636575",1.05422008547009
"102636578",0.324958123953099
"102636582",0.377538407204662
"102636587",0.291874752279033
"102636591",0.8876121358734
"102636592",1.03574936161854
"102636598",0.484490960989534
"102636604",0.632337246531483
"102636611",0.356940509915014
"102636612",0.950165705167546
"102636621",1.03159755888895
"102636625",0.689990971236941
"102636635",0.474637939644717
"102636639",0.734874006198626
"102636640",0.407991631799163
"102636641",0.240652875308408
"102636647",0.895758447160316
"102636648",0.651061513336962
"102636662",1.21167104399212
"102636664",0.343045387994143
"102636665",0.862469733656174
"102636677",0.493724439430264
"102636679",0.721346859486294
"102636685",0.824271242505685
"102636694",0.689520426287744
"102636699",0.565690104166667
"102636700",0.250352858151023
"102636702",0.552083333333333
"102636714",0.912245309663103
"102636716",0.235300060618307
"102636723",1.18913270637409
"102636729",0.275350655323063
"102636737",1.48228827361564
"102636745",0.3390263367917
"102636754",0.56154977930358
"102636760",1.14941914808386
"102636761",0.73887695612151
"102636765",0.340083073727934
"102636766",0.485641064294867
"102636779",1.0306538398826
"102636781",0.525121555915721
"102636789",0.500525946704067
"102636795",0.562823106316026
"102636799",0.263157894736842
"102636803",0.223439211391019
"102636808",0.370247933884298
"102636820",1.15458015267176
"102636830",0.610981426976555
"102636835",1.2880829015544
"102636836",0.138530418751646
"102636845",0.69533317296127
"102636847",0.92120765832106
"102636848",0.440893408389323
"102636849",0.53664955915252
"102636868",1.21537581075925
"102636879",0.508595411947335
"102636880",0.874053682037164
"102636884",0.345513164965073
"102636886",1.15558510638298
"102636892",0.301675977653631
"102636896",0.346395742622158
"102636903",0.58421052631579
"102636905",0.281653746770026
"102636907",0.465337954939341
"102636910",0.286880783886772
"102636915",0.22540834845735
"102636917",0.68873103002906
"102636923",0.273947881325345
"102636926",0.873019517795637
"102636929",0.583511930275754
"102636939",0.966278272789582
"102636940",1.26870105320011
"102636944",0.311422063130491
"102636945",0.72371231901258
"102636957",0.665090283748925
"102636959",0.997855063582044
"102636986",0.385527876631079
"102636988",0.583358732093874
"102636991",0.457925393481224
"102637008",0.857006673021926
"102637024",0.873626665251313
"102637025",0.252213188798555
"102637028",0.401979444232965
"102637037",1.01499354582464
"102637038",0.460417322009018
"102637048",1.08238575413002
"102637053",1.09820666097353
"102637062",0.487433471318746
"102637075",0.403520499108734
"102637087",0.121513183034008
"102637100",0.35143570536829
"102637109",1.0010042177144
"102637112",0.594972067039106
"102637113",0.890058479532164
"102637131",0.796766067139258
"102637132",1.22207621550591
"102637142",0.86668851384565
"102637145",0.548956661316212
"102637148",0.695382882882883
"102637151",0.571362265026688
"102637153",0.658469945355191
"102637161",1.02937546284868
"102637167",0.897540983606557
"102637177",0.803952665609369
"102637178",0.314935064935065
"102637184",0.370156438026474
"102637187",0.714863713798978
"102637188",0.746607627481788
"102637190",0.445397501583098
"102637194",0.740740740740741
"102637201",1.04212724772044
"102637203",0.433577204466692
"102637204",0.732027704800573
"102637206",0.325120805825903
"102637209",0.641807413906558
"102637216",0.393323100537222
"102637221",0.641825746451297
"102637229",0.76126359399275
"102637233",0.484336151168573
"102637243",0.362007168458781
"102637245",0.584054388133498
"102637250",0.721521482065432
"102637251",0.451699764389095
"102637256",0.422051324918499
"102637266",1.02110029868003
"102637283",0.900917431192661
"102637289",0.602994989585093
"102637300",0.91779189833201
"102637302",1.30399261153737
"102637304",0.59170243204578
"102637308",0.307089229951498
"102637311",0.883941208492107
"102637315",0.301536772777168
"102637329",0.954775307699647
"102637336",0.490566037735849
"102637343",0.490057636887608
"102637345",0.674199084668192
"102637346",1.00754758258587
"102637351",0.732758620689655
"102637354",0.557398115285767
"102637364",0.966754221388368
"102637366",0.205220792898518
"102637367",1.11772781877467
"102637368",0.674893357708714
"102637370",0.339546888442788
"102637376",0.97053872053872
"102637381",0.97847425520923
"102637398",0.777098270771826
"102637404",0.36349472674976
"102637406",0.554904458598726
"102637422",0.360417556925707
"102637427",0.565238764044944
"102637436",0.624611398963731
"102637437",0.830535829567463
"102637438",0.365464554544433
"102637439",0.937183248866364
"102637443",0.964783821478382
"102637446",0.678471051152333
"102637448",0.740238252812707
"102637452",0.538753457258635
"102637462",1.43413597733711
"102637464",0.262238828732652
"102637465",0.39177435387674
"102637481",1.0223599137931
"102637485",0.540461735101454
"102637489",0.359605911330049
"102637491",0.297322253000923
"102637492",1.29479623824451
"102637500",1.12584074636581
"102637508",0.288819875776398
"102637514",0.390056588520614
"102637515",0.399560502555773
"102637517",0.224011130987875
"102637521",1.00282729538049
"102637529",1.06433978132885
"102637537",0.410087719298246
"102637540",0.84927536231884
"102637542",0.622317596566524
"102637545",0.817351598173516
"102637546",0.490238212180747
"102637555",0.641761095372993
"102637557",1.10251153254741
"102637558",0.662343318975947
"102637563",0.360250907890393
"102637567",0.640502444015005
"102637570",1.01355562480524
"102637571",0.454745576157819
"102637572",0.80217965653897
"102637575",1.02773660808808
"102637576",0.334232233502538
"102637582",0.611810041935849
"102637583",0.349914724275156
"102637593",0.889776357827476
"102637611",0.553420669577875
"102637612",1.10621649036372
"102637613",1.28497476381519
"102637619",0.384542884071631
"102637626",0.89510901591043
"102637627",0.375554659136749
"102637630",0.983414170878133
"102637640",0.551920341394026
"102637642",0.299191374663073
"102637643",0.643116883116883
"102637645",1.01512349037102
"102637648",0.625
"102637660",0.441139439723009
"102637664",0.514827995255042
"102637674",0.728632963046928
"102637682",0.900655159380118
"102637683",0.652500683246789
"102637693",0.217976502794571
"102637696",0.790891175826582
"102637698",0.611260053619303
"102637707",0.488301119023398
"102637710",0.517927603362498
"102637719",1.14903154867631
"102637720",0.473387475669508
"102637721",0.543139293139293
"102637730",1.84251968503937
"102637732",0.606637806637807
"102637733",0.792392761394102
"102637735",0.401819560272934
"102637753",0.862751971954426
"102637759",0.465060240963855
"102637763",0.439886480908153
"102637775",0.301935706878673
"102637776",1.04017526887839
"102637777",0.879764532744665
"102637782",0.534695103634725
"102637785",0.374159820761762
"102637787",0.512003200853561
"102637788",0.866046695686585
"102637792",1.2336227308603
"102637797",0.465321563682219
"102637808",0.646406331084587
"102637809",0.752741105392705
"102637810",1.12178770949721
"102637814",0.586570510878129
"102637822",1.6155601186402
"102637825",0.428209815778372
"102637827",0.915238233585125
"102637834",1.03147724911697
"102637845",0.393362729171502
"102637852",1.163215590743
"102637856",0.972406914893617
"102637857",1.14625781722816
"102637865",0.217668488160291
"102637873",0.56569566103076
"102637874",0.992232784604683
"102637884",1.29017517136329
"102637886",0.468951813214108
"102637887",1.09448897795591
"102637892",0.674537444933921
"102637893",0.620229007633588
"102637894",0.588246855345912
"102637900",0.702397743300423
"102637903",0.878787878787879
"102637913",0.776651919509062
"102637926",0.402941402941403
"102637931",0.248995983935743
"102637932",0.301187732671512
"102637946",0.286689419795222
"102637948",0.451789913770577
"102637953",0.528176988067242
"102637959",0.18809895252953
"102637961",0.578768183225008
"102637966",0.346398877011122
"102637972",0.956565413050466
"102637974",1.00228414801279
"102637975",0.333869317351264
"102637977",0.791782963045663
"102637980",0.777458584697884
"102637987",0.753132832080201
"102637991",0.819163129169193
"102637997",1.0859344894027
"102638001",0.644597359122187
"102638005",0.476042841037204
"102638009",0.834077079107505
"102638015",0.721649484536082
"102638016",0.456647398843931
"102638029",0.574494949494949
"102638034",1.06519357195033
"102638037",0.337623248572911
"102638038",0.238852672750978
"102638047",1.08510861031144
"102638051",0.605260584726704
"102638074",0.345680738048644
"102638076",0.607603530210455
"102638082",0.380435524609188
"102638083",0.397510696227149
"102638085",1.3010182876143
"102638090",0.809069806002321
"102638091",0.594063997526666
"102638093",0.3458177278402
"102638094",1.11449916145754
"102638099",0.710798921526891
"102638115",0.947507994696202
"102638117",0.71160688527743
"102638120",0.15987114588127
"102638121",0.361609907120743
"102638132",1.07965466688386
"102638135",0.435408681238993
"102638136",0.859546452084857
"102638141",0.517838748946531
"102638151",0.593439662955161
"102638158",1.15816857440166
"102638167",0.442137877614252
"102638168",0.437416709379805
"102638172",0.30096297300963
"102638174",0.518218623481781
"102638175",0.370516326202348
"102638185",0.720576461168935
"102638195",0.600910470409712
"102638207",0.827930174563591
"102638216",0.756498232480765
"102638221",0.488482922954726
"102638224",0.528234594808797
"102638225",1.09772535804549
"102638227",0.714903274613639
"102638236",0.875819248016558
"102638241",0.549493100535061
"102638242",0.639371534195933
"102638245",0.449357520786092
"102638248",1.09369202226345
"102638251",0.313083859819645
"102638253",0.34895227008149
"102638255",0.479858952904614
"102638257",1.04052058839613
"102638261",0.448165217898606
"102638268",0.506183328613235
"102638270",0.395713581868944
"102638275",0.393884701136002
"102638279",0.57252020573108
"102638281",0.847808764940239
"102638284",0.767126309983453
"102638296",0.298963763918388
"102638309",0.615671641791045
"102638311",0.939125742039935
"102638313",0.214921501095854
"102638318",0.219461697722567
"102638326",0.318413675842103
"102638332",1.03252647503782
"102638347",0.674618194621716
"102638354",0.375318426266629
"102638356",0.642832106554504
"102638362",0.328906732550957
"102638376",0.403608605135323
"102638384",0.655168884339816
"102638389",1.24164746543779
"102638392",0.764214046822742
"102638401",1.45976408912189
"102638402",0.542163718634307
"102638403",0.506730428622033
"102638405",0.655039824224114
"102638414",0.218324297234498
"102638421",1.03546850185283
"102638425",0.236760124610592
"102638431",0.621367708105746
"102638432",0.309642516176939
"102638434",0.739307897071872
"102638457",0.950741142443962
"102638459",0.578797917652627
"102638461",0.918752406623027
"102638463",0.425878622390558
"102638465",0.809048694779116
"102638467",0.679957777172433
"102638468",0.27687235044748
"102638469",0.829787234042553
"102638470",0.410645410131139
"102638484",0.496334609432272
"102638487",1.02008063878567
"102638499",0.718361930040762
"102638504",0.599372313570308
"102638507",0.946661893681761
"102638508",0.980044345898004
"102638514",0.842445328031809
"102638522",0.636595022624434
"102638528",0.764794168096055
"102638531",0.928681454097351
"102638533",0.296768320436959
"102638542",0.415971394517282
"102638544",0.405923950846279
"102638546",0.35405872193437
"102638554",0.674335225575142
"102638565",0.690578158458244
"102638568",0.315583218072845
"102638571",1.05433637640449
"102638580",1.12553418803419
"102638584",1.06301224055349
"102638587",0.622710251998785
"102638588",0.479150871872631
"102638592",1.13754467304163
"102638598",0.879179079774909
"102638603",1.18019026301063
"102638607",0.142741609381318
"102638626",1.37279139096924
"102638629",0.598885793871866
"102638631",0.220693333333333
"102638637",1.40214797136038
"102638638",0.583548664944014
"102638644",0.638532110091743
"102638647",0.30954269098599
"102638653",0.759721416134649
"102638654",1.06965737215763
"102638658",0.435277631809424
"102638659",0.365645666550644
"102638674",0.82186616399623
"102638682",0.655046615322254
"102638686",0.457756232686981
"102638712",0.949720670391061
"102638715",1.12477969686288
"102638725",0.683722772277228
"102638735",0.588591184096802
"102638743",0.766248153618907
"102638744",1.10394588500564
"102638751",0.879447689856612
"102638755",0.593064823641563
"102638760",1.02817059483726
"102638762",0.433289830338319
"102638767",0.939321148825065
"102638768",0.503627130939427
"102638769",0.749892933618844
"102638770",0.636363636363636
"102638779",0.85218612113919
"102638783",0.925643469971401
"102638784",0.205592221985665
"102638803",0.631612090680101
"102638808",0.872222222222222
"102638814",0.429137760158573
"102638818",0.759552134359692
"102638835",0.517539941590792
"102638841",0.648505486189936
"102638843",0.533373860182371
"102638846",0.695265951684541
"102638847",0.448701450631727
"102638849",0.196305757516211
"102638851",0.340937370385732
"102638853",0.97647897362794
"102638855",1.00904295403165
"102638857",0.559966914805624
"102638859",0.301818487960936
"102638865",1.1443654822335
"102638881",0.811270683734
"102638882",0.37624017523515
"102638883",0.5
"102638886",0.863882507384312
"102638888",0.617566331198536
"102638889",0.111501135659715
"102638902",0.833518049398353
"102638917",0.646060078363082
"102638918",0.291597650956181
"102638919",0.248869277440706
"102638933",0.522534491568728
"102638939",0.404717099485635
"102638940",0.212044105173876
"102638941",0.8458411507192
"102638943",0.790245251705698
"102638948",0.769021739130435
"102638959",0.403331962155492
"102638963",0.694444444444444
"102638966",0.651648351648352
"102638978",0.599299321217429
"102638990",0.800318358684117
"102639001",0.781641168289291
"102639006",0.840722691073339
"102639007",0.402402402402402
"102639009",0.39592597905609
"102639010",0.484061393152302
"102639013",0.433778022280292
"102639019",0.322321050402372
"102639020",1.20609855703784
"102639021",0.493924805135259
"102639022",1.10303830911493
"102639036",1.02839362115908
"102639040",0.668814235312164
"102639045",0.327288556685707
"102639048",0.68305171530978
"102639059",0.257237325495959
"102639063",0.306306306306306
"102639066",0.365330358900335
"102639067",0.625266524520256
"102639069",1.04590476190476
"102639074",0.574409874658014
"102639078",0.773914009554494
"102639079",0.433670178456246
"102639087",0.231507746017892
"102639099",1.00402761795167
"102639105",1.27361818894551
"102639129",0.449836797801065
"102639132",0.478026214340786
"102639135",0.720755964515951
"102639136",1.22229079239694
"102639137",0.737544241764225
"102639142",0.856513026052104
"102639143",0.467965438539289
"102639145",0.936148614353873
"102639149",0.601786141456024
"102639154",0.461137340567966
"102639156",0.642532795156408
"102639169",0.155841863748676
"102639173",0.423156729838152
"102639174",1.02610627661544
"102639175",0.321063394683027
"102639181",0.659435551811289
"102639182",0.276254664534308
"102639186",0.263676844783715
"102639188",0.622249388753056
"102639192",0.183566433566434
"102639193",1.18814814814815
"102639199",0.410007286859364
"102639205",0.553754940711462
"102639209",0.313714540987268
"102639212",0.531744518589133
"102639218",0.599351175993512
"102639221",0.51468315301391
"102639235",0.490802060338484
"102639243",0.405046626439934
"102639254",0.944946417314562
"102639258",0.741520100502512
"102639259",0.340590281674335
"102639261",0.358286074354127
"102639267",0.851380042462845
"102639268",0.286750483558994
"102639275",0.579792169233624
"102639276",0.503201024327785
"102639277",0.62967726847521
"102639280",1.16182572614108
"102639283",0.191508900819441
"102639289",0.574434918160561
"102639290",0.3875
"102639314",0.531956735496559
"102639317",0.348754448398576
"102639318",0.308724832214765
"102639339",0.438610315186246
"102639345",0.516929588303194
"102639351",0.976679963178889
"102639352",0.249222985182508
"102639355",0.931265673780644
"102639358",0.234408602150538
"102639371",0.822933835648693
"102639375",0.265712733200507
"102639384",0.437529641144543
"102639389",0.832712369597615
"102639395",0.720973092517508
"102639396",0.66841023725014
"102639399",0.705555555555556
"102639404",0.719473081328751
"102639406",0.505714517305666
"102639417",0.644159072079536
"102639419",0.727272727272727
"102639427",0.519680754580083
"102639437",1.10914974992645
"102639448",0.574586182971553
"102639450",0.391866913123845
"102639461",0.644383394383395
"102639468",0.75731206188059
"102639478",0.999782891880156
"102639496",1.05918560606061
"102639507",0.254322766570605
"102639511",0.143413210071767
"102639516",0.762839641903565
"102639518",0.572815533980582
"102639519",1.10037878787879
"102639520",0.482597116355956
"102639531",0.296603369884996
"102639532",0.482547458665034
"102639537",0.466282027421056
"102639538",1.02719987671444
"102639542",0.669689737470167
"102639545",0.209882931246362
"102639549",0.33987915407855
"102639552",0.737527971567724
"102639566",0.549324721080446
"102639568",0.705478358089762
"102639570",0.638247390066435
"102639573",1.03850354997269
"102639575",0.417441860465116
"102639576",0.861877172653534
"102639582",0.364885114885115
"102639588",1.08683114386415
"102639589",0.972199354062441
"102639598",0.577380952380952
"102639617",0.804448563484708
"102639619",0.563806970509383
"102639629",1.23697270471464
"102639635",0.677353000200682
"102639642",0.384169762609407
"102639645",3.29820195358676
"102639646",1.15023923444976
"102639647",0.914985862393968
"102639650",0.460680751173709
"102639653",0.219457547169811
"102639664",0.764077669902913
"102639667",1.14746595852873
"102639677",0.788724263998461
"102639679",0.161508207934337
"102639685",0.471559061656633
"102639687",0.734700933502363
"102639693",1.16950608446671
"102639695",1.05549059211226
"102639700",0.302992596279475
"102639705",0.227278521351179
"102639711",0.234610917537747
"102639717",0.626118391323994
"102639724",0.701225666906994
"102639727",1.15952353147261
"102639738",0.464580369843528
"102639746",0.572014260249554
"102639757",0.915744515628033
"102639761",0.969882068339885
"102639767",0.333392571530123
"102639769",0.648700149720975
"102639776",1.0117728531856
"102639777",1.04135269251976
"102639781",0.486538461538462
"102639801",0.371246909219357
"102639802",0.714285714285714
"102639805",1
"102639808",0.824961656441718
"102639812",0.770593545475062
"102639815",0.801042461225528
"102639821",0.737032569360676
"102639824",0.379605263157895
"102639837",0.443931968867109
"102639841",0.191969887076537
"102639848",0.429852917407467
"102639849",0.306986231514533
"102639866",0.605045329128892
"102639870",0.728875263460433
"102639872",0.290249129386552
"102639888",0.95599128540305
"102639899",0.656307865711295
"102639908",0.276837048121603
"102639910",0.662689173457509
"102639911",0.822802436901654
"102639918",0.180041152263374
"102639919",0.487942045562863
"102639928",0.457085828343313
"102639929",0.199289660615627
"102639931",0.402275769745649
"102639935",0.649867514573397
"102639939",0.752380952380952
"102639946",0.544321895424837
"102639953",0.662214708368554
"102639955",0.564193377014344
"102639959",1.03279838638955
"102639968",1.10706492089471
"102639970",0.960940903150864
"102639977",0.354306436990027
"102639983",0.256565274891366
"102639984",0.408610159392224
"102639999",0.805582761998041
"102640005",1.04362139917695
"102640008",0.464678178963893
"102640009",1.1609865470852
"102640012",1.25909058564008
"102640014",0.690768847972132
"102640018",0.504757785467128
"102640021",0.437825005652272
"102640025",0.442461787085045
"102640026",0.807585825027685
"102640042",0.489687083366011
"102640043",0.284089678327737
"102640050",1.22533222591362
"102640059",0.666666666666667
"102640063",0.719528178243774
"102640064",0.895468564650059
"102640065",0.922636103151862
"102640071",0.703272727272727
"102640073",1.32926829268293
"102640078",1.01045875921084
"102640081",0.48297213622291
"102640100",1.16666666666667
"102640117",0.563765182186235
"102640125",0.524398143150167
"102640127",1.02683578104139
"102640133",0.798831526318746
"102640140",0.56523934558675
"102640141",1.00366239387381
"102640142",0.31238974080608
"102640149",0.412689436779009
"102640151",0.984165114226885
"102640152",0.9475663254648
"102640154",0.902735368956743
"102640163",0.258482281456513
"102640165",0.188472785586265
"102640166",0.434567901234568
"102640169",0.273669335845502
"102640171",0.708695652173913
"102640173",0.205874840357599
"102640182",0.716206896551724
"102640184",0.2875
"102640188",0.737099494097808
"102640189",0.503811252268603
"102640192",0.160987024037439
"102640195",0.797922769640479
"102640201",0.832705248990579
"102640208",0.853840646415056
"102640216",0.180007377351531
"102640217",0.682625337265483
"102640229",1.42093784078517
"102640238",0.759336099585062
"102640239",0.45929734361611
"102640242",0.659783934483359
"102640244",0.823873732622557
"102640245",0.335313396149119
"102640250",0.330307106030038
"102640252",0.857142857142857
"102640253",0.44872490504612
"102640259",0.347208457218368
"102640263",0.481732261249824
"102640268",0.957733347145965
"102640278",0.570570570570571
"102640281",1.40804049168474
"102640282",0.514600908500973
"102640287",0.692049531304247
"102640288",1.17408906882591
"102640299",0.4575260804769
"102640300",0.327856719952635
"102640310",0.410583941605839
"102640312",0.586900892177882
"102640314",0.641544983513895
"102640319",1.08079879679144
"102640321",0.708276797829037
"102640331",0.223446180143393
"102640338",0.462400369643063
"102640343",0.57061868375647
"102640344",0.22600422832981
"102640359",0.496903096903097
"102640360",0.500240170177726
"102640362",0.550724637681159
"102640368",1.2532438808611
"102640374",0.201028888009497
"102640375",0.185930867192238
"102640377",0.618334985133796
"102640379",1.07319907048799
"102640387",0.341898563734291
"102640388",1.50238526073367
"102640389",0.51520618556701
"102640395",0.577844311377246
"102640405",0.478197874982752
"102640412",0.545454545454545
"102640413",0.68695652173913
"102640419",0.196476063829787
"102640430",0.487571701720841
"102640432",0.869992295839753
"102640439",0.313572226169932
"102640440",0.913486005089058
"102640447",0.722949490268767
"102640449",0.881891368592683
"102640451",0.223546761705788
"102640453",0.966016747142595
"102640470",0.913018096906013
"102640482",1.00203854116898
"102640483",0.824016044121334
"102640484",1.03092372678728
"102640493",0.573960816834249
"102640507",0.536371603856266
"102640510",0.588142960637527
"102640515",0.144178874325366
"102640518",0.322820249114387
"102640519",0.707092303155411
"102640521",1.2
"102640522",0.445698279311725
"102640525",0.273325892857143
"102640534",0.236437246963563
"102640542",0.593246187363834
"102640545",0.997614991482113
"102640547",0.723419479754188
"102640549",0.552199258081611
"102640551",0.599270453361125
"102640553",0.284400904295403
"102640554",0.343661971830986
"102640555",0.305071622144793
"102640556",0.462671232876712
"102640562",0.333751148993064
"102640568",1.08714114280439
"102640570",0.537468296057182
"102640578",0.62561686855092
"102640586",0.99771889805229
"102640588",0.796434937611408
"102640592",0.593073593073593
"102640597",0.860200264084507
"102640604",0.397974113674733
"102640609",1.18264127380581
"102640630",0.572961863439141
"102640635",0.612141039621956
"102640646",0.433752718235477
"102640663",0.554553317681947
"102640667",0.179936901769959
"102640670",0.174932799241027
"102640671",0.544425087108014
"102640673",0.231824417009602
"102640681",0.470157987126975
"102640694",1.35203899655213
"102640705",1.15849958628298
"102640710",0.682386910490857
"102640713",1.08079978088195
"102640715",0.512782073536374
"102640722",0.351259069568929
"102640740",1.16769772532597
"102640746",0.399323026255603
"102640747",0.38614626606125
"102640748",0.840811965811966
"102640749",1.14174374785886
"102640756",0.8659375
"102640761",0.920308483290488
"102640764",0.660101375814627
"102640765",0.627285921625544
"102640772",0.273746496418561
"102640773",0.861003861003861
"102640777",0.92561854055747
"102640779",0.155729166666667
"102640784",0.961135232447315
"102640791",0.813370473537604
"102640806",0.427745664739884
"102640808",0.377102390085571
"102640810",0.357682619647355
"102640820",0.378766572920852
"102640822",0.387523629489603
"102640825",0.687810732041831
"102640827",0.684988179669031
"102640829",0.686140140483125
"102640832",0.645055762081784
"102640839",0.366064803363839
"102640845",0.631652173913044
"102640848",1.17731721358664
"102640849",0.470668485675307
"102640855",0.98443579766537
"102640858",0.333715715924497
"102640859",0.513863066849891
"102640864",0.674474764549626
"102640879",0.561626680727656
"102640881",0.848251748251748
"102640883",0.558760077211309
"102640887",0.36938267048076
"102640889",0.453092783505155
"102640897",1.32449655875605
"102640899",0.753431163033671
"102640913",0.789492623245772
"102640920",0.759782125389062
"102640923",0.6763327592422
"102640928",0.899097185342539
"102640929",0.634206989247312
"102640936",0.826865671641791
"102640949",0.563617179741807
"102640951",0.564846980976013
"102640952",0.511992786293959
"102640954",1.09411764705882
"102640956",0.967281879194631
"102640959",0.354412118297668
"102640961",0.697783348726745
"102640964",0.54537037037037
"102640966",0.327346641587282
"102640967",0.730394829063157
"102640968",0.442324625770473
"102640970",0.193220528285028
"102640972",0.357611792394401
"102640985",1.10014513788099
"102640987",0.416208791208791
"102641016",1.1308744794765
"102641068",0.163934426229508
"102641081",0.805383022774327
"102641105",0.759642789283678
"102641120",0.347191830780452
"102641152",0.785416086835513
"102641188",0.595534612363963
"102641244",0.831023102310231
"102641247",0.426231948786661
"102641351",0.79106489505103
"102641369",1.08636363636364
"102641372",0.566294919454771
"102641396",0.736044657097289
"102641432",0.870584605892334
"102641467",0.480860215053763
"102641476",1.01500735654733
"102641509",0.393330733229329
"102641516",0.117731721358664
"102641529",0.404580152671756
"102641539",0.775072624152718
"102641552",0.59283792175533
"102641557",0.430855789161978
"102641609",0.314986633118415
"102641610",0.250224416517056
"102641617",0.256588761810045
"102641621",0.3836087027646
"102641704",0.750739888194673
"102641800",0.969660448543282
"102641855",0.662348109572802
"102641859",0.773771716794321
"102641860",0.963020935237723
"102641929",0.951882845188285
"102641931",0.279890239121913
"102642011",0.328006517515824
"102642065",0.830835117773019
"102642066",0.926374577204436
"102642146",0.830284675953967
"102642244",0.422785936804628
"102642321",0.171630948056665
"102642358",0.676131687242798
"102642392",0.894308943089431
"102642556",0.383431085043988
"102642612",0.390574727146552
"102642625",0.480403432716978
"102642633",0.406903765690377
"102642652",0.900913278913764
"102642726",0.733880656788146
"102642737",0.416620189626325
"102642778",0.614173228346457
"102642791",0.638293118856122
"102642800",0.5328
"102642832",0.153248839700107
"102642842",0.412718600953895
"102642900",0.865445356917246
"102642962",1.13961485557084
"102642976",0.861259777686291
"102642986",0.947660164161603
"102642990",0.426092544987147
"102643016",0.441976470588235
"102643040",0.579025110782866
"102643051",0.32649667405765
"102643083",0.751585055700827
"102643091",0.783087315486615
"102643147",0.341597796143251
"102643210",0.234506663479352
"102643244",0.271058732612056
"102800312",0.239927878637155
"102902673",0.219381177481736
"103164605",0.941182374786711
"103611158",0.265396484637059
"104940697",0.292092791219756
"105180375",0.275167785234899
"105242392",0.793013749535489
"105242394",0.470106075216972
"105242414",0.943901035673188
"105242418",0.371173469387755
"105242433",0.438093563137531
"105242443",0.535778577857786
"105242444",0.320233463035019
"105242447",0.29595015576324
"105242472",0.47547809993831
"105242506",0.632632119035403
"105242545",0.724689909487094
"105242552",0.361052397374569
"105242554",0.58936266727149
"105242557",0.785580815945188
"105242558",0.818863879957128
"105242563",0.784305584388624
"105242571",0.616324362606232
"105242573",0.846147890050329
"105242574",0.738167938931298
"105242578",0.913784535877559
"105242579",1.22022838499184
"105242595",0.292402946626294
"105242599",0.43573264781491
"105242616",0.762686914077632
"105242621",0.989791532344724
"105242622",0.448590241431707
"105242624",0.344081695806901
"105242625",0.971727172717272
"105242628",0.423850434443034
"105242635",0.464269713261649
"105242636",0.316377171215881
"105242638",0.52967597048444
"105242646",0.890214797136038
"105242648",0.754603174603175
"105242667",0.297613882863341
"105242670",0.865073124705142
"105242679",0.180495477782147
"105242685",0.293481931779804
"105242688",0.19919719016558
"105242691",0.638648756483575
"105242703",0.721351766513057
"105242706",0.209319526627219
"105242708",0.718918918918919
"105242709",0.714285714285714
"105242720",0.288350026357406
"105242721",0.26707530647986
"105242722",1.1331592689295
"105242725",0.563660477453581
"105242736",0.962095671981777
"105242738",0.344489567287495
"105242742",0.66752678521344
"105242748",0.533721328312222
"105242750",0.552325581395349
"105242752",0.438867438867439
"105242753",0.26989787647917
"105242756",0.368770184166885
"105242758",0.286154438667437
"105242768",0.634195839675292
"105242769",0.804789877993674
"105242773",1.27809752198241
"105242774",0.327663777021837
"105242778",0.697343453510436
"105242794",0.570304302203568
"105242797",0.19429747207525
"105242798",0.738146551724138
"105242799",0.86361646234676
"105242800",1.00527172144484
"105242804",0.270228714203344
"105242821",0.473483574391748
"105242829",0.68031737906322
"105242836",0.226214781543487
"105242840",0.676923076923077
"105242847",0.637990102778835
"105242851",1.61486486486486
"105242854",0.319634703196347
"105242858",0.625822626136007
"105242860",0.301795383300085
"105242861",0.900206114737204
"105242865",0.475143154606976
"105242868",0.730257320319432
"105242879",1.02378378378378
"105242884",0.456053067993367
"105242886",0.57834451901566
"105242887",0.784537389100127
"105242888",0.76219512195122
"105242891",0.356342314258146
"105242894",0.390985448953034
"105242895",1.04050732474683
"105242900",0.15
"105242904",0.914998764516926
"105242908",0.631663974151858
"105242909",1.08161838937641
"105242910",0.259764129269413
"105242912",1.33376623376623
"105242928",0.429808973789427
"105242930",0.33208413001912
"105242931",0.302362562471604
"105242934",0.3033670592138
"105242936",0.595875574040378
"105242937",0.767336455657954
"105242946",0.288598237133921
"105242959",0.776231884057971
"105242964",1.07728715407317
"105242978",0.445671378091873
"105242981",0.55333872562236
"105242994",0.338199513381995
"105243004",0.654216630627089
"105243005",0.300917431192661
"105243011",0.419287936398203
"105243016",0.449891316782977
"105243026",0.516089860352155
"105243028",0.912637733303351
"105243040",0.59605976464366
"105243044",0.617107508532423
"105243045",0.317302696149183
"105243046",0.894929749541845
"105243050",0.688045151359672
"105243058",0.384219554030875
"105243065",1.08140516804594
"105243068",0.470032691609154
"105243074",0.622796425984062
"105243086",0.401507222105924
"105243088",0.756702118308869
"105243089",1.11764705882353
"105243124",0.365681233933162
"105243125",0.682614687930695
"105243128",0.908414571575167
"105243132",0.369007803790412
"105243140",0.749421125752536
"105243151",0.853577371048253
"105243158",0.424573648515177
"105243163",0.84254851702673
"105243173",0.756410256410256
"105243179",0.953985462609338
"105243181",0.678958310537258
"105243183",1.12935323383085
"105243185",1.02009049773756
"105243189",0.564245810055866
"105243192",0.832091357785735
"105243194",0.677719699444626
"105243196",0.672635266640716
"105243197",0.618623080733036
"105243202",0.65979381443299
"105243207",0.391688633896728
"105243209",0.83261231281198
"105243210",1.1403578528827
"105243212",1.25449531163817
"105243215",0.566921933935307
"105243219",0.306068038818385
"105243225",1.03130414003226
"105243227",0.950437449264905
"105243230",0.799099859353024
"105243235",0.183571936237181
"105243236",0.438744955083973
"105243237",0.718334048948046
"105243238",0.132450518112771
"105243239",1.07611607142857
"105243241",0.315954260822216
"105243242",1.29251036838253
"105243249",0.784124799265887
"105243254",1.00051107325383
"105243257",0.951411383618695
"105243261",0.914471403812825
"105243269",0.588026081802015
"105243280",1.01038338658147
"105243282",0.393572703828605
"105243288",0.409036505086774
"105243290",0.580808080808081
"105243294",0.269494204425711
"105243295",0.965547917509098
"105243299",0.302894658310952
"105243311",0.536117702895111
"105243314",0.541627601725108
"105243315",0.316542438086078
"105243316",0.122151662308554
"105243318",1.13464171611136
"105243330",0.458952870145084
"105243331",0.508153946510111
"105243332",0.312188552188552
"105243337",0.607466063348416
"105243346",0.894965487280977
"105243352",0.733134223471539
"105243355",0.608
"105243356",0.524296929345126
"105243360",0.807466388199974
"105243361",0.250709662768253
"105243367",0.779230715726508
"105243368",0.420741065555799
"105243369",0.282019704433497
"105243374",0.484429934706178
"105243388",0.405204460966543
"105243390",0.613400125234815
"105243391",0.246618933969769
"105243396",0.746567634481206
"105243398",0.214666396815759
"105243402",0.400577293136626
"105243403",0.323849532174909
"105243410",1.2445652173913
"105243412",0.446471519915528
"105243425",0.858839050131926
"105243426",0.462073195665508
"105243429",0.803076923076923
"105243433",0.805650489861016
"105243437",0.493333333333333
"105243451",0.251055730684589
"105243456",1.32527579493835
"105243462",0.80720763160994
"105243467",1.08243865030675
"105243468",0.753363841267673
"105243471",0.767965233586838
"105243483",0.518591910479077
"105243485",0.896674057649667
"105243492",0.950342911711086
"105243502",0.509067468844005
"105243505",0.93284826974268
"105243506",0.54093032703636
"105243523",0.702387774594078
"105243528",0.63533200429382
"105243532",0.607195582043851
"105243537",0.439030076941012
"105243544",0.881165138679355
"105243545",0.696019725255372
"105243553",0.223130353680387
"105243554",0.280563152030791
"105243555",0.739954913141493
"105243557",0.969007827374656
"105243561",0.328691539674199
"105243562",0.895268474215843
"105243563",0.532042641833109
"105243569",0.493562231759657
"105243573",0.822134387351779
"105243578",0.32390218922033
"105243582",0.693587521663778
"105243583",0.400343642611684
"105243585",0.154666666666667
"105243599",0.564023839624345
"105243601",0.924401913875598
"105243604",0.450331910858227
"105243637",1.13969762989371
"105243642",1.09067827348567
"105243644",0.983652135231317
"105243645",0.608620241089238
"105243648",0.407603123274706
"105243651",0.950342465753425
"105243665",0.884309442360796
"105243666",0.439013765464367
"105243667",1.15329488830413
"105243668",0.259745691818638
"105243672",0.396755903251274
"105243676",0.432775533756492
"105243682",0.653158295281583
"105243684",0.281845349271573
"105243688",0.603051794541156
"105243692",0.412723831707672
"105243695",0.694803149606299
"105243700",0.860047281323877
"105243701",0.50503314510189
"105243704",0.242211340571996
"105243714",0.385301204819277
"105243722",0.776319243896036
"105243729",0.472883787661406
"105243735",0.42607049917199
"105243737",0.691751956652619
"105243739",0.351303579319487
"105243769",0.691321860124496
"105243794",0.724742891712039
"105243808",0.601811367895066
"105243834",1.23312883435583
"105243852",0.83843026339049
"105243866",0.230287984111221
"105243877",0.303363228699552
"105243878",0.728216084236228
"105243880",0.484197530864197
"105243884",1.00620229007634
"105243889",0.732804232804233
"105243891",0.75393094504782
"105243905",0.512296214423874
"105243907",0.69702434625789
"105243908",0.539925577990606
"105243914",0.78629207619379
"105243915",0.330359671481167
"105243920",0.440886699507389
"105243926",0.395872804547084
"105243929",0.555921052631579
"105243934",0.642082429501085
"105243938",0.486984815618221
"105243942",0.295350360183366
"105243945",1.09733124018838
"105243954",0.645481927710843
"105243955",0.551
"105243961",0.279956492839446
"105243962",0.145727365208545
"105243964",1.08873105056716
"105243965",1.13416303139167
"105243970",0.806501048556219
"105243973",0.211711711711712
"105243975",0.339812741705679
"105243993",0.520855963502064
"105243995",0.722544750846638
"105243997",0.886198258380055
"105244002",0.713881019830028
"105244006",0.182426580584206
"105244007",0.149408006013907
"105244011",0.483117662181849
"105244012",1.02555066079295
"105244013",0.728384279475982
"105244022",0.631578947368421
"105244023",0.626333386403439
"105244024",0.38511069947958
"105244026",0.863108818569586
"105244028",1.01748918383809
"105244030",0.771677394926164
"105244031",0.655544651619234
"105244034",1.41924914257717
"105244044",1.16803192606595
"105244055",0.561188811188811
"105244060",0.556485355648536
"105244068",0.245051575132423
"105244069",0.355661501787843
"105244072",0.762704984575418
"105244073",0.457694962042788
"105244074",0.320854547269642
"105244084",0.827542701863354
"105244087",0.414965281376308
"105244092",0.580021774632553
"105244095",0.792606817090734
"105244102",0.330738728153914
"105244104",0.874049945711184
"105244110",1.10666666666667
"105244113",0.313615608136156
"105244115",0.540650406504065
"105244117",0.185357939566011
"105244118",0.488322328197603
"105244124",0.704541025141298
"105244127",0.620447284345048
"105244130",0.497076023391813
"105244137",0.770650328486012
"105244138",0.777777777777778
"105244140",0.311804730532455
"105244151",0.925832492431887
"105244159",0.9454070480354
"105244162",0.378510571158094
"105244170",0.6171875
"105244172",0.279960707269155
"105244177",0.782785071544476
"105244184",1.07843137254902
"105244189",1.04682488774856
"105244207",1.03738370773769
"105244208",0.0901712111604312
"105244210",0.352252252252252
"105244212",0.248986682107701
"105244214",0.935079225352113
"105244222",0.632632119035403
"105244225",0.628303933321916
"105244227",0.762792397660819
"105244229",0.21832376166547
"105244236",1.15110819958511
"105244238",0.542593841312655
"105244239",0.619431778323395
"105244240",0.597449908925319
"105244241",0.586300379540936
"105244242",1.09259259259259
"105244244",0.274119304837952
"105244245",0.600132846230488
"105244251",0.430730478589421
"105244256",1.12363891815947
"105244262",0.435795784181009
"105244263",0.918089207048458
"105244267",0.331410256410256
"105244278",0.274563820018365
"105244283",0.75666979487867
"105244292",0.942798621172004
"105244297",0.747935973041281
"105244299",0.422584400465658
"105244301",0.485220301171221
"105244306",0.333557046979866
"105244309",0.741233120485711
"105244314",1.07226986849628
"105244317",0.465214806005649
"105244318",0.826151560178306
"105244320",0.575401906387822
"105244329",0.758385601308972
"105244332",0.896996408749592
"105244333",0.466204506065858
"105244336",0.648566814695196
"105244343",0.136054421768707
"105244353",0.70818345323741
"105244354",0.203991827754204
"105244365",0.958044982698962
"105244367",0.469568062827225
"105244375",1.07626166397968
"105244402",0.392297464146643
"105244413",0.187738460387522
"105244418",0.27170804255806
"105244447",0.63671875
"105244449",0.947016951640126
"105244450",0.39518873150273
"105244451",0.798685291700904
"105244453",0.411175979983319
"105244457",0.966616314199396
"105244458",0.718481699051062
"105244467",1.02418443456641
"105244477",0.277700693756194
"105244479",0.739832388464382
"105244487",0.48551025491987
"105244493",1.08704426207453
"105244494",0.531518624641834
"105244509",0.944988344988345
"105244512",0.989315936273815
"105244522",0.978216764548852
"105244527",0.686778941784909
"105244528",1.10798816568047
"105244530",0.476491540516474
"105244533",0.369670430974879
"105244537",0.769585253456221
"105244538",0.519667170953101
"105244546",1.2230338032954
"105244552",0.909581646423752
"105244557",0.267742949994758
"105244562",0.866493281317729
"105244574",0.289252105002477
"105244588",0.850870060172386
"105244589",0.200547570157426
"105244591",0.865248226950355
"105244595",0.38008290564548
"105244600",0.761841888100347
"105244601",0.688138256087981
"105244605",0.38405248549079
"105244619",0.651276952712359
"105244625",0.644641946528739
"105244627",1.29131193485273
"105244630",0.656357388316151
"105244634",0.612037449843959
"105244642",0.664761409890015
"105244644",0.356461405030356
"105244648",0.985924265072247
"105244649",0.59304780576082
"105244653",0.912885165028777
"105244660",0.81855978712789
"105244662",0.418540614960991
"105244664",1.15785337375098
"105244666",0.471625344352617
"105244667",0.382991930477964
"105244669",0.29936720089893
"105244677",0.769561351511559
"105244678",0.198324022346369
"105244693",0.897066961815163
"105244696",0.916757091923733
"105244698",0.996
"105244701",0.291152683604281
"105244703",0.44913717461246
"105244710",0.365317919075145
"105244712",0.796864576384256
"105244720",0.598722577061927
"105244723",1.23234511966906
"105244729",0.770967741935484
"105244732",0.285862426546837
"105244746",0.285296269202634
"105244749",0.727133479212254
"105244755",0.842264017033357
"105244756",0.200561122244489
"105244768",0.605063291139241
"105244773",0.815843429636533
"105244777",0.623156981786643
"105244779",0.610402165506574
"105244786",1.07659642231541
"105244788",0.37037037037037
"105244789",0.609827606426645
"105244797",0.657638978877802
"105244798",1.3375796178344
"105244799",0.337927865839651
"105244801",0.531257909390028
"105244804",0.287404314544189
"105244807",0.387319004991543
"105244808",1.26561797752809
"105244811",0.388946515397083
"105244821",0.815271582261874
"105244826",0.529444914060299
"105244829",1.94122869318182
"105244831",0.948934731146432
"105244833",0.245490833826138
"105244835",0.840858208955224
"105244844",0.672256483906395
"105244852",1.10605037151404
"105244860",0.646058732612056
"105244870",0.81479217603912
"105244871",0.32628087831656
"105244875",0.657904572069266
"105244879",0.294385432473445
"105244891",1.02499878410583
"105244903",0.840378905697724
"105244912",0.756108061564955
"105244921",0.340862840862841
"105244922",0.472400121988411
"105244926",0.261849261849262
"105244927",0.399399399399399
"105244929",0.610699258665598
"105244932",0.593333333333333
"105244940",0.209198606271777
"105244945",1.35958093950659
"105244946",0.160196828868234
"105244947",0.510521204273228
"105244956",0.199792288718681
"105244957",0.261025504782147
"105244958",0.909739564752051
"105244971",0.992899307040808
"105244975",0.582218208685658
"105244978",0.255030959752322
"105244981",0.469773299748111
"105244984",0.793752157404211
"105244987",0.596737652922519
"105244999",0.424920003121829
"105245003",1.26825352505933
"105245005",0.717442107499469
"105245008",1.26469045120672
"105245009",0.757949186064202
"105245011",0.432804782947752
"105245013",0.851519205044907
"105245014",0.487876447876448
"105245019",0.742598684210526
"105245022",0.380545937676141
"105245023",0.897851983866429
"105245025",0.831313052318761
"105245031",1.1685393258427
"105245032",0.562461726883037
"105245043",0.487505087505088
"105245048",0.639732406375025
"105245050",0.971542163632559
"105245059",0.914869800871922
"105245069",0.242274542779062
"105245071",0.30122878876536
"105245074",0.310418648905804
"105245076",0.117307692307692
"105245082",0.846201358863496
"105245087",0.572763842877425
"105245093",0.998566764869814
"105245094",0.483029453015428
"105245096",0.598915989159892
"105245097",1.03248233416914
"105245099",0.977777777777778
"105245109",1.18236964377904
"105245118",0.726530612244898
"105245122",0.908119067367063
"105245123",0.59780073308897
"105245126",0.393990805604203
"105245127",0.966440457376592
"105245138",0.910681168863716
"105245155",0.630392699115044
"105245156",1.14853801169591
"105245158",0.838383838383838
"105245160",0.76678445229682
"105245165",1.16743215031315
"105245177",1.03933238452581
"105245181",1.12294282183048
"105245182",1.0501451144792
"105245183",0.388445427961748
"105245187",0.657522667896112
"105245202",0.319359346447383
"105245211",0.17647786297304
"105245221",0.446194784459819
"105245225",1.17086247086247
"105245229",0.411177644710579
"105245231",1.02806260118726
"105245239",0.319857089131252
"105245243",0.853059525461357
"105245249",0.476925131904094
"105245255",0.304275435571148
"105245261",0.993914157591288
"105245265",0.872551333490677
"105245266",0.883562507884446
"105245272",0.495706660478069
"105245273",0.69364907043018
"105245277",0.458416833667335
"105245278",0.371089696071164
"105245284",0.670507532281205
"105245290",0.576590886528343
"105245291",0.483770815692916
"105245292",0.942797711908476
"105245294",1.07640354579992
"105245305",0.373330789774895
"105245306",0.968429108999298
"105245307",0.451418439716312
"105245310",1.05599085863532
"105245323",0.622937461804848
"105245324",0.293811451706189
"105245325",1.54725946037672
"105245328",0.769304710028837
"105245348",0.297507055503293
"105245356",0.700514138817481
"105245357",0.419888923818506
"105245359",0.445246399834237
"105245369",0.59074513037205
"105245375",0.160483175150992
"105245376",0.543331766180849
"105245381",0.577820389900927
"105245382",0.480510276399717
"105245383",1.25404732254047
"105245389",0.492401779095626
"105245391",0.559310986964618
"105245398",1.00201531640468
"105245400",1.05495219530307
"105245401",0.556366289675301
"105245406",0.498961218836565
"105245412",0.753148614609572
"105245414",0.96108866680842
"105245415",0.522638906308792
"105245417",0.955255493778131
"105245424",1.19856366459627
"105245428",1.1318781264211
"105245433",0.584917484854815
"105245437",0.587274290627687
"105245440",0.783118405627198
"105245453",0.555852485301978
"105245459",0.658721788652183
"105245463",0.409102531321913
"105245464",1.09713554168667
"105245478",0.368719037508846
"105245481",0.862201239303629
"105245487",0.506037675092578
"105245493",1.01821608040201
"105245498",1.11871030776746
"105245508",0.662133891213389
"105245512",1.2230521719145
"105245518",0.48691629319069
"105245552",0.301640024911771
"105245559",0.469981040657257
"105245561",0.990121830754034
"105245564",0.723856613102596
"105245571",0.242618017679142
"105245576",0.658707773040341
"105245586",0.312779148056796
"105245590",0.995128634495357
"105245592",0.5
"105245593",0.208146782547625
"105245595",0.549438509997261
"105245598",0.466641957005189
"105245601",0.951346823044207
"105245602",0.509140148950575
"105245608",0.76904869251578
"105245616",0.795918367346939
"105245621",0.57995433241197
"105245625",0.911095185903381
"105245626",0.334969063366759
"105245634",0.782411604714415
"105245641",0.450203843913803
"105245643",0.904944586530264
"105245644",0.742025965699631
"105245648",1.0093023255814
"105245650",0.229116368903911
"105245677",0.481622371870663
"105245679",0.924269945507894
"105245681",0.203655352480418
"105245682",1.27292940522513
"105245691",0.854336327764252
"105245694",0.71889400921659
"105245695",0.604747550866616
"105245696",0.45643153526971
"105245697",0.457262251487907
"105245701",1.02632908195479
"105245702",0.477659457679218
"105245706",0.45839874411303
"105245717",0.372699743768926
"105245730",0.462564175698802
"105245746",0.769853628153223
"105245766",0.621611585592276
"105245772",1.22083312743984
"105245779",1.05257601351351
"105245780",0.486040503375281
"105245781",0.482165076731647
"105245782",0.474910394265233
"105245789",0.759443008421579
"105245790",0.319424064563463
"105245791",1.09852562602387
"105245801",0.740117494772478
"105245804",1.013094417643
"105245807",1.013094417643
"105245820",1.07895442359249
"105245822",0.63855421686747
"105245825",0.709172631929416
"105245827",1.11848873094548
"105245839",0.814477112020841
"105245842",0.531346989447548
"105245858",1.67900485436893
"105245865",0.213362864525655
"105245866",0.271325321455585
"105245869",0.616143926126413
"105245870",0.988167388167388
"105245874",0.757931897399231
"105245875",0.7004243281471
"105245883",0.405282112845138
"105245892",1.2125715134854
"105245903",0.252842377260982
"105245904",0.276571331435128
"105245905",0.329155915960192
"105245907",0.578237182956308
"105245911",0.503918076580588
"105245912",0.469478357380688
"105245913",0.769985687998364
"105245917",0.869369369369369
"105245921",0.645738273407556
"105245925",1.33828996282528
"105245926",0.743641725027645
"105245927",0.267403767403767
"105245930",0.826808884979107
"105245938",1.33037225042301
"105245941",0.949822064056939
"105245944",0.573476112026359
"105245948",0.918343195266272
"105245959",0.97252208047105
"105245967",0.527728924844648
"105245974",0.55207857469164
"105245975",0.282983193277311
"105245978",0.249891162385721
"105245981",0.500859509298328
"105245984",0.619274809160305
"105245991",0.369353682269794
"105245994",0.299457504520796
"105245995",1.11660573407735
"105246001",0.595376774663269
"105246003",0.708765399273243
"105246008",0.612752487187217
"105246012",0.800672206143217
"105246016",0.309742481541509
"105246018",0.2600686292216
"105246020",1.07784911717496
"105246027",0.397979797979798
"105246033",0.32827804107425
"105246034",0.37676373461423
"105246035",0.255434782608696
"105246041",0.295344238720115
"105246049",0.333380143238309
"105246056",0.245756457564576
"105246058",0.654586870987782
"105246059",1.19301130524152
"105246062",0.23004542504867
"105246068",0.746522266828494
"105246070",0.5720823798627
"105246071",0.513846153846154
"105246073",0.71505796998364
"105246077",1.19404125286478
"105246084",0.463400236127509
"105246086",0.301159463936154
"105246087",0.635041578031329
"105246095",0.838821705426357
"105246097",0.690597727646962
"105246099",0.272770761576732
"105246105",0.373858596399687
"105246106",0.850124895920067
"105246108",0.726463700234192
"105246112",0.908866125044154
"105246114",0.223004694835681
"105246117",0.936649133663366
"105246118",0.619503945885006
"105246120",0.365526226350969
"105246122",0.658536585365854
"105246124",0.608792146820316
"105246126",0.4091159713288
"105246151",0.692034500253678
"105246158",0.668294668294668
"105246162",0.664707544504097
"105246164",0.262464985994398
"105246167",0.436781609195402
"105246170",0.537151022202682
"105246173",0.679289026275116
"105246176",0.615981046737023
"105246178",0.677020366409374
"105246180",0.382477128782548
"105246186",0.488335925349922
"105246190",0.383643617021277
"105246192",0.704339532665713
"105246216",0.784598815293484
"105246218",1.23669268985096
"105246219",1.17488789237668
"105246223",0.722552516845026
"105246224",0.570429847027064
"105246233",0.595585709378221
"105246237",0.745795601552393
"105246241",0.209706031424227
"105246245",0.473098330241187
"105246249",0.455168305034257
"105246251",0.27124183006536
"105246254",0.510387811634349
"105246256",0.934036939313984
"105246260",1.20027855153203
"105246264",0.156599384707736
"105246273",0.598474888246121
"105246278",0.128440366972477
"105246284",0.330494352897612
"105246286",0.530279636301252
"105246291",0.510924872792577
"105246294",0.537261982928431
"105246299",0.528971562967714
"105246300",0.307392996108949
"105246303",0.337488598358164
"105246304",0.166198501872659
"105246305",0.840342593609312
"105246306",0.212872592983382
"105246307",0.381736944987434
"105246309",0.96501044464339
"105246311",0.763921855030126
"105246318",0.840579710144927
"105246320",0.51981015270326
"105246334",0.202497952497952
"105246337",0.624196253844003
"105246339",0.969069271359605
"105246349",0.694771022281939
"105246363",0.323155956188815
"105246366",0.363293708321253
"105246367",0.71013398754482
"105246371",0.523940345368917
"105246379",0.876112495550018
"105246380",0.294558823529412
"105246391",1.06760259179266
"105246394",1.00402684563758
"105246396",0.522304832713755
"105246401",0.654001151410478
"105246402",0.484441125217824
"105246404",0.58563824235466
"105246406",0.605738084220268
"105246410",0.408436794582393
"105246412",0.871886484279298
"105246413",0.678123548536925
"105246414",0.809415707259067
"105246418",0.971310825804406
"105246423",0.720557423378648
"105246427",0.686062246278755
"105246439",0.743042071197411
"105246440",0.752446003322872
"105246444",0.880311614730878
"105246445",0.608264693564149
"105246449",0.545663291931949
"105246452",0.708275543227
"105246454",0.815636736087402
"105246458",0.557964084581872
"105246465",0.904531456225253
"105246471",0.448958333333333
"105246474",1.02404526166902
"105246481",0.928093112244898
"105246482",0.622673031026253
"105246483",0.76044226044226
"105246489",0.674238982280781
"105246491",0.764484574868322
"105246493",0.957121380482384
"105246496",0.449241037786629
"105246498",0.695601985455385
"105246500",0.620991253644315
"105246501",0.734840052267338
"105246506",0.667643825577135
"105246514",0.671912255603243
"105246519",0.464352720450281
"105246529",0.512487875848691
"105246531",0.957746478873239
"105246536",0.319494303105978
"105246538",1.15507684555304
"105246542",1.21472239550842
"105246555",0.526315789473684
"105246558",0.825293753865182
"105246560",0.711357456599038
"105246561",1.04704763298456
"105246562",0.455938697318008
"105246565",0.731669704191785
"105246569",0.53541938287701
"105246571",0.453368861819566
"105246572",0.537038230932886
"105246574",0.676142975893599
"105246577",0.168617170676903
"105246578",0.867112100965108
"105246585",0.72623828647925
"105246588",0.424992267244046
"105246591",0.267259786476868
"105246608",0.482443743885205
"105246610",0.485787763941527
"105246611",0.567368799712219
"105246614",0.498971193415638
"105246617",0.527450980392157
"105246627",0.586471944657955
"105246642",0.42997542997543
"105246644",0.397106317013306
"105246650",0.823708869034648
"105246651",1.16550522648084
"105246652",0.947609886044102
"105246657",0.566906474820144
"105246658",0.593869731800766
"105246660",0.980213089802131
"105246665",0.643512658227848
"105246666",0.32360443732574
"105246676",0.808919442975498
"105246679",0.720534458509142
"105246687",1.10731707317073
"105246693",0.709474214681673
"105246696",0.716155419222904
"105246700",0.815144766146993
"105246702",0.175343658642782
"105246707",0.964682294879704
"105246710",0.822931276297335
"105246714",0.390785704222045
"105246717",0.518315018315018
"105246735",0.756694167028514
"105246738",0.777021919879063
"105246751",0.962954440865163
"105246760",0.5265625
"105246763",0.482793936911102
"105246765",0.521019225462239
"105246768",0.777129521586931
"105246769",0.639970337411939
"105246773",0.83769711395418
"105246774",1.06018626309662
"105246782",0.306310640686392
"105246785",1.01299484225333
"105246802",0.302686249879215
"105246804",0.270223752151463
"105246807",0.16825708672467
"105246813",0.783716965046888
"105246824",0.36031746031746
"105246830",0.535429141716567
"105246832",0.271459227467811
"105246837",0.990202702702703
"105246839",0.342235035278052
"105246843",0.572123176661264
"105246846",0.324540112416965
"105246847",0.56390977443609
"105246848",0.886889657823914
"105246860",0.778564372736253
"105246862",0.646030953569645
"105246865",0.662302236770322
"105246878",0.656026879462411
"105246880",0.623134328358209
"105246886",1.21252015045674
"105246887",0.420442930153322
"105246891",0.867360796740607
"105246894",0.543130990415335
"105246895",0.513659647125783
"105246904",0.326605072676985
"105246908",0.770902160101652
"105246914",0.576666171886596
"105246915",0.327072616341668
"105246918",1.00779289393739
"105246931",0.731221140218534
"105246933",0.123902252768232
"105246940",1.20071859204677
"105246945",0.473072215422277
"105246951",0.981934364152729
"105246952",0.499561403508772
"105246954",0.791682710820177
"105246957",0.788602268569338
"105246959",0.647319629181782
"105246961",0.10280442804428
"105246964",0.729991915925627
"105246968",0.44925358180543
"105246971",0.742861201875266
"105246972",0.550141743444366
"105246973",0.277689454160042
"105246975",0.792374827744603
"105246978",0.452505609573672
"105247002",0.710349962769918
"105247004",1.17671238804033
"105247005",1.00631940055972
"105247013",0.823369565217391
"105247029",0.886642316723193
"105247043",1.13468894705053
"105247048",0.510613524406628
"105247049",0.296248797691568
"105247050",0.259965337954939
"105247052",0.809728867623605
"105247057",0.559185242121445
"105247062",0.636931695755225
"105247065",1.0353550443183
"105247070",0.852212389380531
"105247071",0.862020069808028
"105247072",0.970871449205585
"105247078",0.26479200757902
"105247090",0.816730971588916
"105247093",0.506379100850547
"105247097",0.345012513407222
"105247098",1.03356031128405
"105247100",0.193132445690259
"105247101",0.969406603555761
"105247102",0.965927903871829
"105247108",1.08331737215093
"105247109",1.45568591009409
"105247116",0.316804407713499
"105247123",0.270063694267516
"105247124",0.413014160485502
"105247129",1.03138037366225
"105247134",0.456394695437177
"105247136",0.785917539504753
"105247140",0.756121134020619
"105247144",1.21631878557875
"105247151",0.425478348439074
"105247153",0.390288132178118
"105247154",1.01420242188668
"105247156",0.964562386682051
"105247163",0.826437748546956
"105247180",1.04885993485342
"105247182",1.00665704202759
"105247184",0.883394543546695
"105247188",0.117583603020496
"105247196",0.826396495071194
"105247198",1.15467625899281
"105247199",0.555595746220068
"105247200",0.326607818411097
"105247205",0.392115804806992
"105247213",0.483391047838912
"105247217",0.860343322665115
"105247219",0.589139413636671
"105247220",0.366038852184203
"105247221",1.02154458070931
"105247224",0.677767233198171
"105247230",1.01701208981002
"105247231",0.417872340425532
"105247234",0.125662100456621
"105247237",0.865567533291059
"105247238",1.11038904013349
"105247240",0.0979088471849866
"105247244",0.351703940362087
"105247247",0.508492936996274
"105247248",0.367763157894737
"105500046",0.68973818838399
"105704528",0.406199210587416
"105734734",0.979407979407979
"105827746",0.565527919288782
"105886298",0.209793351302785
"105940408",0.206765557163531
"105943584",0.13290113452188
"105980075",0.0956678700361011
"106014251",0.282820382464511
"106557447",0.687476820373347
"107303348",0.633775233504068
"108167321",0.529738689547582
"108167334",0.363499245852187
"108167335",0.441901408450704
"108167341",0.765776342823599
"108167350",0.68717375093214
"108167377",0.16763145200193
"108167408",0.381148522438814
"108167409",0.218546542319198
"108167412",0.553313537589418
"108167414",0.956028761061947
"108167415",1.30853994490358
"108167428",0.391444476999707
"108167435",0.758226037195994
"108167437",0.439287194363862
"108167440",0.181721733858745
"108167443",0.692891261590334
"108167448",0.458669165885661
"108167450",0.427467645354452
"108167455",0.430557219892151
"108167456",0.317338072669826
"108167458",1.01586871015869
"108167463",0.336314847942755
"108167466",1.18185198958721
"108167506",0.907086961313788
"108167513",0.519587628865979
"108167517",0.73720675823508
"108167518",0.131686343098674
"108167523",0.537168713639302
"108167529",0.58355795148248
"108167530",1.43203211517165
"108167532",0.493614083534691
"108167533",0.384092150340102
"108167537",0.26984126984127
"108167539",1.26942902458366
"108167543",0.806903163950144
"108167546",0.761581920903955
"108167548",0.866367808730921
"108167550",0.242840778923253
"108167554",0.906775588659298
"108167555",0.462727546261471
"108167558",0.97980198019802
"108167560",0.234520044884219
"108167561",0.772807188904083
"108167562",0.278602202010531
"108167563",0.589285714285714
"108167580",0.832022471910112
"108167586",0.978216764548852
"108167589",0.258394758394758
"108167592",0.643320005514959
"108167597",0.553344133302476
"108167615",0.370024125452352
"108167623",0.294117647058824
"108167626",0.16315014720314
"108167628",0.314934069303895
"108167630",0.420314492137697
"108167633",0.600062214848611
"108167636",0.620537731586082
"108167637",0.505056696291756
"108167638",0.569955472228732
"108167640",0.945798911948418
"108167644",1.31429064549534
"108167645",0.295484647802529
"108167650",0.474357469780542
"108167651",1.28745965882895
"108167653",0.408282639213851
"108167657",0.452898550724638
"108167659",0.507466496490109
"108167660",0.338576560831149
"108167663",0.896203413444793
"108167667",0.357241379310345
"108167668",0.292418772563177
"108167669",0.475933423301844
"108167672",0.769032258064516
"108167677",0.945329799978219
"108167679",0.943582510578279
"108167680",0.566682832201746
"108167681",0.505742867728789
"108167687",0.882412060301508
"108167690",0.345746338423185
"108167693",0.292383292383292
"108167700",0.308092829515025
"108167704",0.339829476248477
"108167719",0.671418697079661
"108167721",0.666795815575358
"108167723",1.11423005401576
"108167725",0.19880276504264
"108167726",0.44767107533065
"108167727",0.434069400630915
"108167732",0.193479193479193
"108167733",0.335483870967742
"108167736",0.302102545186278
"108167737",1.11305732484076
"108167740",0.513518331451661
"108167742",1.05637157602223
"108167745",0.365673609280253
"108167746",0.344206008583691
"108167748",0.283185840707965
"108167749",0.42606179601116
"108167751",0.284407256803253
"108167755",0.349547537627655
"108167759",0.575838330002221
"108167760",0.273242160519409
"108167761",0.503071672354949
"108167764",0.345977123863525
"108167777",0.389679156383217
"108167784",0.853415722622726
"108167788",0.71454507366804
"108167790",0.288590604026846
"108167793",0.318786820859699
"108167796",0.221045918367347
"108167801",0.763397947548461
"108167802",0.312348668280872
"108167804",0.87953202826364
"108167812",0.396812533765532
"108167825",0.281185129269673
"108167827",0.590544725815267
"108167831",0.599812558575445
"108167844",0.647752394988946
"108167845",0.712746858168761
"108167847",0.431057310383961
"108167848",0.103183315038419
"108167849",0.478251187648456
"108167853",1.00404858299595
"108167860",0.551698670605613
"108167863",0.976246236199398
"108167866",0.535631180919139
"108167878",0.523828723490041
"108167879",0.250889104429357
"108167881",0.662972777643941
"108167882",0.306892150606254
"108167883",0.569911504424779
"108167886",0.265424912689173
"108167888",0.670281995661605
"108167889",0.198047090322073
"108167893",1.05832196452933
"108167895",0.443169517211518
"108167896",0.803519306146276
"108167900",0.699083653561927
"108167902",0.64446159122085
"108167905",0.673107890499195
"108167909",0.497649934198158
"108167911",0.267709691438505
"108167912",0.398355178617322
"108167917",0.323420647149461
"108167918",0.498629332289015
"108167922",1.16132296211977
"108167924",0.138816608213599
"108167925",0.596576676871695
"108167926",1.20113469985359
"108167930",0.972159940209268
"108167934",0.440358431281275
"108167935",0.350199733688415
"108167939",0.642857142857143
"108167940",0.4
"108167941",0.51789077212806
"108167961",0.94217478113961
"108167979",0.912597234226448
"108167980",0.738262742282843
"108167981",0.878828229027963
"108167995",0.507592367032075
"108167996",0.894255593803787
"108167997",0.532499902636601
"108168009",0.655021834061135
"108168014",1.0808871493803
"108168018",0.743605837125373
"108168022",0.293890177880897
"108168026",0.266244290555474
"108168027",0.474332259897708
"108168028",0.619309838472834
"108168034",0.503467406380028
"108168049",0.572875085191315
"108168064",0.791291061879297
"108168066",0.867243324558104
"108168068",0.680284794032887
"108168069",0.285786773411513
"108168071",0.388969345884625
"108168076",0.513890510096883
"108168077",1.03536390600046
"108168079",0.61686674669868
"108168081",0.948910738384423
"108168083",0.863412687857428
"108168084",0.531411917098446
"108168085",0.322727272727273
"108168092",0.454111738857502
"108168101",0.14396033165339
"108168102",0.667721885495889
"108168104",0.551920630882727
"108168105",0.620478858889455
"108168106",1.18889761717727
"108168109",0.330887616320687
"108168114",1.01111301077107
"108168142",0.841124908692476
"108168162",0.119892318046342
"108168166",0.751732829237555
"108168171",0.986493506493507
"108168172",1.18226882745472
"108168201",0.26192773667846
"108168203",0.591078066914498
"108168204",0.94514083468515
"108168205",0.628238341968912
"108168206",0.919869744722917
"108168209",1.00016303904785
"108168239",0.740564635958395
"108168240",0.461784927574928
"108168245",1.09437189054726
"108168246",0.656460921451629
"108168248",0.816231676796568
"108168251",0.520866978325542
"108168252",0.513307214266415
"108168254",0.262420068863748
"108168256",0.468327702702703
"108168260",0.172585717573061
"108168261",1.15362035225049
"108168265",0.500477372541531
"108168267",0.946859137055838
"108168276",1.26613108900791
"108168283",0.262064168333188
"108168284",1.32323598766552
"108168286",1.0080613389096
"108168287",0.418985380313953
"108168290",1.49034926470588
"108168292",0.513007892429114
"108168293",0.502366345311131
"108168294",0.435424354243542
"108168296",0.342984409799555
"108168297",0.666889297044582
"108168305",0.868951612903226
"108168307",1.18835156399923
"108168309",1.11532768133495
"108168328",0.908632286995516
"108168332",0.710731107925456
"108168334",0.328660436137072
"108168335",0.309426987060998
"108168338",0.168390986988258
"108168344",0.800479616306955
"108168347",0.245918367346939
"108168349",0.910254075220836
"108168353",0.411978221415608
"108168354",0.510587102983638
"108168355",0.46039520351292
"108168358",0.233993399339934
"108168361",0.670647709320695
"108168373",0.645191086479621
"108168376",0.136279165806318
"108168379",0.700353356890459
"108168380",0.554955168932961
"108168382",0.266448445171849
"108168383",0.898316386064344
"108168385",0.961394674601358
"108168390",0.219081849371018
"108168391",0.729870843638362
"108168393",0.409109560935576
"108168395",0.160698412698413
"108168397",0.497167498097573
"108168398",0.575757575757576
"108168407",0.350127164829841
"108168411",0.582766033679685
"108168413",0.342886597938144
"108168414",1.22538043842596
"108168416",0.665652173913044
"108168420",0.622310756972112
"108168421",0.295392291136764
"108168423",1.00659601274735
"108168424",0.613233287858117
"108168478",0.290407358738502
"108168479",0.249542068628648
"108168481",0.106507582710546
"108168482",0.76502002670227
"108168484",0.503808864265928
"108168487",1.18967642526965
"108168645",0.216830858207126
"108168693",0.860191258989963
"108168696",0.711446138296976
"108168707",0.616539616539617
"108168727",0.852453580901857
"108168731",0.511641443538999
"108168734",0.681759379042691
"108168740",0.279351868248628
"108168741",0.626291492635744
"108168742",0.674917491749175
"108168746",0.85143509458578
"108168747",0.237142857142857
"108168748",0.755207057093849
"108168752",0.34156976744186
"108168754",0.919952080156829
"108168756",0.430082351041498
"108168760",0.521844660194175
"108168762",0.855069569269689
"108168763",1.0252253511285
"108168771",0.542395693135935
"108168774",0.390186302807662
"108168775",0.812790697674419
"108168778",1.56486339786503
"108168783",0.538974572738641
"108168786",0.536400937866354
"108168787",0.372887114584218
"108168790",0.833176248821866
"108168793",0.377806423890858
"108168795",0.599766173031956
"108168797",0.438736131210806
"108168798",0.867724867724868
"108168801",0.528620581795433
"108168806",0.396459899749373
"108168807",0.31891394385642
"108168808",0.586751069900143
"108168812",0.705021482277121
"108168813",0.459450796025216
"108168816",0.768451519536903
"108168817",0.705882352941177
"108168820",0.814908722109534
"108168823",0.906959341481666
"108168834",0.560733670222721
"108168861",0.701815930664466
"108168863",0.914567416890357
"108168868",0.489063867016623
"108168869",0.739329939028223
"108168871",0.865573770491803
"108168872",0.141059076992856
"108168873",0.687774670395525
"108168876",0.354554049795147
"108168877",0.331781140861467
"108168878",0.959692077408318
"108168879",0.722276107339153
"108168883",0.190835850956697
"108168886",0.565328954120907
"108168888",1.05783162628029
"108168894",1.38461538461538
"108168898",0.910498948998783
"108168899",0.419517369398038
"108168900",0.37129840546697
"108168903",0.191783632931134
"108168904",0.806095010457126
"108168905",0.898058252427184
"108168906",0.369816840498601
"108168907",0.343732734170688
"108168908",1.32599376461419
"108168909",0.267423851316469
"108168911",0.471501204174471
"108168925",0.571550255536627
"108168926",1.00569102477967
"108168928",0.664276676507803
"108168929",0.72418405564473
"108168930",0.19822932412006
"108168931",0.523011746581937
"108168932",0.950844153150537
"108168933",0.386539336061846
"108168934",0.753841124550507
"108168941",0.301299404439632
"108168971",0.638344157891418
"108168973",1.0202492211838
"108168974",0.179859096560298
"108168980",0.613711272247858
"108168981",0.671769748928353
"108168983",0.423053638455019
"108168985",0.430798122065728
"108168987",0.493872549019608
"108168988",0.395872838817624
"108168990",0.187119234116623
"108168994",0.591877091572863
"108168998",0.660769355624087
"108169008",0.238559196929436
"108169012",0.941165413533835
"108169013",0.118250369759717
"108169017",0.688834154351396
"108169018",0.295946534941159
"108169023",0.184954045160558
"108169029",0.536283672347444
"108169031",0.555194805194805
"108169033",0.493496841322928
"108169034",0.598740004846135
"108169043",0.23469387755102
"108169046",0.475129778197263
"108169047",0.452021014259676
"108169050",1.00442934287968
"108169054",0.565180954745794
"108169056",0.50326979268123
"108169065",0.664326530612245
"108169068",0.751591128254581
"108169069",0.23798584949003
"108169080",0.581612051560801
"108169082",0.698457223001402
"108169083",0.42047942206655
"108169085",0.968594325319472
"108169086",0.767869561857662
"108169096",0.584067613738536
"108169121",0.8486646884273
"108169124",0.440522627089081
"108169128",0.357880983489726
"108169134",0.321726514327167
"108169137",0.470610470610471
"108169145",0.407144441979144
"108169150",0.40265271355561
"108169152",0.330806884572872
"108169153",0.606641592514448
"108169155",0.195625913916969
"108169157",0.505567928730512
"108169158",1.10954214805306
"108169159",0.533359968038354
"108169162",0.51383700013837
"108169171",0.835453774385072
"108169172",0.890860816098379
"108169173",0.583097595473833
"108169181",1.91786864584792
"108169202",0.998979800040808
"108169205",0.43010752688172
"109729085",2.31692913385827
"110599566",0.426606039407718
"110599584",1.33561701412239
"111365222",0.500538647993536
"111828493",0.333859759949463
"112694759",0.56728307254623
"113002583",0.219896845863916
"114483643",0.610933720367683
"114841036",0.268336314847943
"115485609",1.12782889828401
"115485615",0.8065751254291
"115485642",1.12815758980301
"115485690",0.896657310538403
"115485727",0.294949114210328
"115485728",1.06339622641509
"115485773",1.05606174295208
"115485826",0.428838251774374
"115485859",0.311481574329406
"115485942",1.07489835223625
"115485979",0.779553865131579
"115486002",0.681223884620569
"115486031",0.217486074109954
"115486069",1.07366393837265
"115486129",0.368378983267612
"115486135",0.762293885889391
"115486177",0.784457478005865
"115486179",0.577679176680841
"115486180",0.681535750718724
"115486186",0.631578947368421
"115486239",0.357332742578644
"115486291",1.01122415127723
"115486294",0.444013003431461
"115486328",0.395712309820194
"115486409",0.289823447728625
"115486414",0.295246402093327
"115486415",0.607902226686757
"115486416",0.378354292504208
"115486419",0.293634978314383
"115486421",0.720950585700821
"115486423",0.727741780657547
"115486428",0.712121212121212
"115486436",0.194937770941127
"115486438",0.292165668662675
"115486451",0.949592047266248
"115486455",0.658227848101266
"115486456",0.795259361044315
"115486457",0.441029711952824
"115486458",0.350665661893997
"115486459",0.693214399490284
"115486461",0.325630453543005
"115486465",0.475157232704403
"115486468",0.287806758319414
"115486472",0.337877401646844
"115486473",0.603973509933775
"115486474",0.965877259994907
"115486477",0.383760545100584
"115486478",1.0617927864215
"115486479",1.16816816816817
"115486483",0.502721088435374
"115486493",0.647677951388889
"115486501",0.989355547842184
"115486503",0.514483512479504
"115486504",0.501845018450185
"115486508",0.214461690071446
"115486509",0.30172748447205
"115486510",0.470185937166061
"115486513",1.11449475973898
"115486514",0.387014408170709
"115486516",0.676702176933766
"115486518",0.553305009386424
"115486519",1.2472049689441
"115486520",0.395304678059727
"115486522",0.448098903662235
"115486526",0.974333553646177
"115486529",0.486265060240964
"115486531",0.615180082185158
"115486533",0.318456883509834
"115486536",0.445977011494253
"115486537",0.321828358208955
"115486538",0.181263307310149
"115486546",0.531714135942687
"115486553",1.08414350856061
"115486637",1.4271186440678
"115486641",0.45877569460131
"115486642",0.45877569460131
"115486696",0.962078455151826
"115486731",1.23509647691274
"115486805",1.22309582309582
"115486818",1.02089997867349
"115486842",0.930074677528853
"115486845",0.967278079710145
"115486847",0.618591994382023
"115486867",0.684179526445989
"115486869",0.302126998913212
"115486870",0.613221952753076
"115486872",0.127673433937683
"115486873",0.640854355278193
"115486874",0.420302429350521
"115486875",0.33249354799066
"115486877",0.479160328567082
"115486886",0.736089030206677
"115486887",0.341825902335456
"115486889",0.200426166631153
"115486890",0.1640625
"115486891",0.896362994350283
"115486893",0.37563861253025
"115486895",0.589485640110336
"115486898",0.470038350910834
"115486899",0.232885794795293
"115486902",0.551282051282051
"115486903",0.550911376492772
"115486904",0.330543933054393
"115486905",0.351468244935124
"115486908",0.561584158415842
"115486910",0.42972972972973
"115486913",0.848030018761726
"115486914",0.232679567927422
"115486917",0.966666666666667
"115486924",0.604113520408163
"115486926",0.709636450230195
"115486927",0.374193548387097
"115486929",0.542767554230492
"115486930",0.411764705882353
"115486931",0.363186650915535
"115486932",0.832141318397242
"115486936",0.736610460131466
"115486940",0.292454059689821
"115486956",0.561747269890796
"115486959",0.696371552975327
"115486962",0.518576961698465
"115486963",0.505547985205373
"115486977",0.491235888294712
"115486979",0.324807465287537
"115486980",0.539415578314385
"115486982",0.224244931733554
"115487050",1.22048192771084
"115487079",0.582925357118905
"115487080",0.358134920634921
"115487081",0.417801857585139
"115487083",0.670191507077435
"115487084",1.03370786516854
"115487087",0.898375278751194
"115487094",0.480324454674997
"115487096",0.419769673704415
"115487097",0.168026418026418
"115487099",0.508812533380808
"115487103",0.774321222195836
"115487108",0.244929065541095
"115487109",0.586443714541654
"115487111",0.543823548324867
"115487114",0.535257731958763
"115487117",1.10860012554928
"115487119",0.338071221152377
"115487122",0.864406779661017
"115487125",0.602355901189387
"115487128",0.734018463682285
"115487130",0.314487632508834
"115487131",0.671317430720761
"115487132",0.759425703280028
"115487136",0.400497512437811
"115487137",0.869703389830509
"115487138",0.849597435515134
"115487140",0.322488157566692
"115487147",0.807568149210904
"115487151",0.547908946532557
"115487152",0.746590171032691
"115487153",0.552802189886183
"115487155",0.505138339920949
"115487158",0.775294793092788
"115487160",0.72093023255814
"115487161",0.926896352055588
"115487165",0.32318339100346
"115487166",0.325683480939546
"115487167",0.887939352170917
"115487168",0.35459940652819
"115487175",0.982785177131467
"115487180",0.433416217709628
"115487188",0.577801494130203
"115487193",0.229058372390285
"115487194",0.164697346600332
"115487198",0.744497161079568
"115487201",0.652113652113652
"115487202",0.507682119205298
"115487203",1.09883062995096
"115487205",0.325580046403712
"115487206",0.582266009852217
"115487207",0.29026402640264
"115487208",0.56150027578599
"115487210",0.254613185480378
"115487215",0.868855844692276
"115487216",0.837555414819506
"115487220",1.11045119264297
"115487221",0.158200290275762
"115487222",0.541534271448025
"115487223",0.537278106508876
"115487224",0.580544260243979
"115487229",0.216470588235294
"115487230",1.05865404404198
"115487231",0.323870967741935
"115487232",0.486251649802024
"115487249",0.580026455026455
"115487267",1.00508145269765
"115487268",1.00508145269765
"115487269",1.06217616580311
"115487270",1.06217616580311
"115487273",0.652755905511811
"115487274",0.958273381294964
"115487279",1.02547288776797
"115487300",1.1586861891571
"115487311",1.08632881555687
"115487346",0.506334424028862
"115487348",0.457077809026383
"115487349",1.04843257588323
"115487350",0.936013249021379
"115487352",1.19663337032926
"115487354",0.504998529844163
"115487357",0.411703549680677
"115487359",0.816708229426434
"115487361",0.307477288609364
"115487362",0.411915842544115
"115487364",0.423345316134489
"115487365",0.384850803366488
"115487369",0.460307986152561
"115487377",0.927908354730397
"115487379",0.323388613438195
"115487381",0.965434325217914
"115487387",0.349399717514124
"115487392",0.548760886629537
"115487393",0.443429731100964
"115487394",0.551282051282051
"115487396",0.569804416953435
"115487399",0.807788944723618
"115487400",0.654794520547945
"115487402",0.855961589757269
"115487408",0.697176241480039
"115487409",1.11904581022563
"115487412",0.269981718464351
"115487417",0.634058473049744
"115487419",0.837808294049327
"115487423",0.178956777118049
"115487438",0.586064948925141
"115487440",1.11299369011451
"115487441",0.768308574407089
"115487446",0.404445855827247
"115487448",0.625703564727955
"115487452",0.161659398050934
"115487454",0.557844690966719
"115487456",0.832335329341317
"115487458",0.348709929632525
"115487460",1.24875886524823
"115487463",0.309050772626932
"115487464",0.504570511478613
"115487465",0.346017250126839
"115487466",1.0000660763843
"115487467",0.546705998033432
"115487470",0.778649709105669
"115487471",0.274103864311943
"115487474",0.261692650334076
"115487476",0.341740226986129
"115487477",1.04657898857053
"115487481",0.695551601423487
"115487482",0.835115864527629
"115487488",0.671674129712552
"115487522",1.20174091141833
"115487534",0.779380177968702
"115487535",1.21964856230032
"115487557",1.08071612805341
"115487571",0.473319145582092
"115487609",0.763857667635287
"115487638",0.268246057213081
"115487645",0.992121676332202
"115487685",0.610738255033557
"115487704",1.02089997867349
"115487716",1.08461194696857
"115487718",0.834843205574913
"115487726",0.33597621407334
"115487728",0.63768115942029
"115487729",0.457747912848707
"115487730",0.695431472081218
"115487731",1.25006172839506
"115487738",0.796196029432181
"115487739",0.72172156619018
"115487740",0.545433005568061
"115487741",0.254996003197442
"115487746",0.542854409795294
"115487747",0.365057067603161
"115487751",0.333014697096427
"115487753",1.19968553459119
"115487754",0.474828375286041
"115487755",0.373432979749277
"115487762",0.679635949943117
"115487763",0.4531824195208
"115487764",1.13282601176064
"115487765",0.712765957446808
"115487767",0.390673418486887
"115487771",0.363376251788269
"115487772",0.667939068745724
"115487774",0.266643454038997
"115487776",0.523686428772127
"115487781",1.14660581859669
"115487782",0.593632958801498
"115487784",0.325102116598589
"115487786",0.548754353067238
"115487788",0.652703233407514
"115487790",0.635827931644078
"115487791",0.273523685918235
"115487792",0.442630670224455
"115487797",0.340805644060082
"115487800",0.993164838658401
"115487804",0.950910273081925
"115487805",0.733614664380852
"115487808",0.343110127282789
"115487809",0.441192411924119
"115487810",0.318321078431373
"115487811",0.899111343439624
"115487814",0.333050343832244
"115487818",0.424957976466821
"115487819",0.457933972310969
"115487822",0.42304540239305
"115487823",0.787537537537537
"115487829",0.338555858310627
"115487830",0.47353548527334
"115487834",0.242341885853793
"115487835",0.947852286773795
"115487846",0.857954545454545
"115487855",0.975923852183651
"115487878",0.586734693877551
"115487888",0.845886154610987
"115487892",0.739471541706757
"115487906",0.798315163528246
"115487929",1.1895283851358
"115487944",0.978127734033246
"115487947",0.505138795504755
"115487949",0.115604532695706
"115487952",0.568627450980392
"115487953",0.430994152046784
"115487954",0.663101604278075
"115487955",0.202870109162272
"115487957",0.731908743677093
"115487962",0.24256480218281
"115487965",0.262780433983082
"115487988",1.23703703703704
"115487992",0.265147746492886
"115487993",0.469825385479424
"115487994",0.921480224979912
"115487995",0.59873248832555
"115488002",0.755765568798928
"115488003",0.786184210526316
"115488004",0.987283576249633
"115488011",0.517936067427279
"115488012",0.52073826183957
"115488014",0.559856344772546
"115488020",0.484154569617665
"115488028",0.375157470395566
"115488029",0.252446555819477
"115488030",1.05379003857119
"115488050",1.05694999672325
"115488063",0.703090988245538
"115488070",0.867112100965108
"115488078",0.827306522473809
"115488094",1.02089997867349
"115488118",1.08517647058824
"115488119",0.548759518545812
"115488120",0.551094890510949
"115488122",0.266787802180439
"115488124",0.502789832610043
"115488130",0.179914326511185
"115488138",0.297738400559571
"115488151",0.289839878002287
"115488152",0.72561629153269
"115488156",0.384385382059801
"115488157",0.416418601574386
"115488160",0.456051727621742
"115488162",0.445411048281862
"115488163",0.166769306564848
"115488165",0.527885146327996
"115488167",0.597860605047635
"115488169",1.0803662806356
"115488171",0.484933426769446
"115488173",0.488215488215488
"115488174",0.960877296976882
"115488179",1.09252120277564
"115488181",0.226628095674875
"115488185",0.417716375457131
"115488186",0.793357933579336
"115488189",0.886160040261701
"115488190",0.422409519087754
"115488203",1.3391696281529
"115488204",0.389123920324343
"115488208",0.270684039087948
"115488210",0.407448440429521
"115488231",0.975507765830346
"115488277",0.905536028119508
"115488278",0.681229773462783
"115488282",0.267974535533325
"115488283",1.0520439402125
"115488284",0.501598044745253
"115488289",0.279487179487179
"115488297",0.764125339254873
"115488298",0.300480987385425
"115488299",0.426455508715962
"115488300",0.801691006917756
"115488304",0.434784836065574
"115488306",0.311646698244636
"115488310",0.288039994872452
"115488312",0.332986832986833
"115488313",0.490183246073298
"115488314",0.472833495618306
"115488316",0.965668371073776
"115488318",0.746331999514975
"115488319",0.643112914776796
"115488321",1.01565430085609
"115488322",0.422619047619048
"115488323",0.612056392805056
"115488324",0.512702472293265
"115488328",1.04291497975708
"115488331",0.669722297115125
"115488332",0.378609422492401
"115488333",0.297774869109948
"115488334",0.527684159845932
"115488335",0.453213077790304
"115488336",0.133353199731804
"115488337",0.84639030388196
"115488340",0.601272015655577
"115488342",0.13767019667171
"115488349",0.354228121927237
"115488350",1.02000381024957
"115488359",1.18622448979592
"115488362",0.196204797708557
"115488364",0.486559139784946
"115488373",0.295145631067961
"115488374",0.237381703470032
"115488381",0.417996697853605
"115488411",0.739771577273384
"115488456",1.30193415030267
"115488467",0.722773578705225
"115488469",0.616855185598216
"115488470",0.335552596537949
"115488471",0.3169757489301
"115488472",0.602206135815236
"115488473",0.547325102880658
"115488476",0.610349063363701
"115488481",1.27183098591549
"115488483",1.0719131614654
"115488486",0.544754155124654
"115488487",0.327290306985738
"115488488",1.06871035940803
"115488489",0.242385199867856
"115488491",0.533758262511804
"115488500",1.00639386189258
"115488501",0.693054192563515
"115488507",0.373663958956819
"115488510",0.327280845363893
"115488511",0.620304946076608
"115488512",0.88030303030303
"115488513",0.375676179817198
"115488515",0.747405966277562
"115488521",0.412074091013034
"115488525",0.357202101188831
"115488526",0.397725840997858
"115488527",0.486070254369268
"115488533",1.34517418617933
"115488535",0.770167427701674
"115488536",0.569776821726271
"115488553",0.64358372456964
"115488583",0.445171849427169
"115488591",0.416966211358735
"115488601",0.648005148005148
"115488611",0.2421875
"115488612",0.482661668228679
"115488613",0.647907532881626
"115488620",0.495176848874598
"115488621",0.456533624931657
"115488623",0.779611650485437
"115488625",0.774033696729435
"115488630",0.578963508126342
"115488633",0.225976255185238
"115488634",0.976914484299367
"115488642",0.365953307392996
"115488645",0.315785422920034
"115488646",0.529756398396546
"115488649",0.506666666666667
"115488652",0.667008985879332
"115488666",0.499809523809524
"115488667",0.583912346338856
"115488669",0.316517189835575
"115488670",0.587141820819732
"115488671",0.220843322521506
"115488689",0.919597989949749
"115488690",1.06397978185688
"115488691",0.891954183545188
"115488697",0.851825842696629
"115488700",0.476654486398701
"115488756",0.561064205772629
"115488767",0.729149266197351
"115488768",0.552980132450331
"115488769",0.234754024030832
"115488770",1.04494688095887
"115488771",0.29220005954153
"115488773",1.31873479318735
"115488775",0.591788016232991
"115488777",1.01054746358614
"115488779",0.379479051819184
"115488781",0.280604216930662
"115488784",0.169821194941125
"115488785",0.496867881548975
"115488787",0.446431340120936
"115488788",0.428533262089233
"115488789",0.217508331197129
"115488790",0.793308148947652
"115488792",1.02150296785754
"115488793",0.134596537079386
"115488795",1.02664604249358
"115488798",0.318027654578659
"115488800",0.385105414833915
"115488807",0.228602124865704
"115488815",0.336298932384342
"115488816",0.628952380952381
"115488819",0.197368421052632
"115488820",0.18275107522825
"115488825",0.855855855855856
"115488826",0.345577431677931
"115488836",1.17384567709947
"115488839",0.656551576238473
"115488851",1.02057714379406
"115488873",1.02089997867349
"115488884",0.921339996298353
"115488885",0.909856519026825
"115488895",1.29229151679486
"115488896",0.186669117196594
"115488897",1.06263774504118
"115488898",0.563622061817509
"115488899",0.597919216646267
"115488900",0.483898640622938
"115488902",1.09571225360699
"115488903",0.61597885749136
"115488913",0.232517096845356
"115488916",0.93906889306646
"115488917",0.516651177199504
"115488919",0.910880829015544
"115488922",0.789696648763144
"115488923",0.747407286745941
"115488924",0.247573704449734
"115488925",0.928923293455313
"115488926",0.946007921617678
"115488927",0.407525595000665
"115488930",0.677725647899911
"115488931",0.718612818261633
"115488934",0.402890031839334
"115488935",0.833687653311529
"115488936",0.913039663039663
"115488942",0.407309845242015
"115488944",0.688726364609347
"115488985",0.95028636884307
"115488998",1.392388159359
"115489001",0.899247777524504
"115489003",0.703568357695615
"115489005",0.747081712062257
"115489006",0.303120732385818
"115489007",0.339846475924634
"115489008",0.319186875891583
"115489010",0.547778214707039
"115489013",0.556717198118139
"115489014",0.30294017675051
"115489019",0.285641547861507
"115489026",0.614995574661778
"115489028",1.00439160239931
"115489029",0.606290004923683
"115489030",0.951839426849377
"115489031",0.531777557100298
"115489035",0.427477195181394
"115489036",0.454226951274898
"115489037",0.924636607721507
"115489044",0.917873510540788
"115489050",0.301483301483301
"115489095",0.454675359471287
"115489101",0.807820086889854
"115489102",0.293584685079643
"115489115",0.795604788279435
"115489117",0.441406378838352
"115489119",0.362889983579639
"115489123",0.745820105820106
"115489128",0.650383351588171
"115489130",0.281581485053038
"115489136",0.592944369063772
"115489144",0.977731222842955
"115489152",0.299111549851925
"115489189",0.885290889132821
"115489209",0.641477272727273
"115489304",0.482194177183556
"115489316",0.951928203305491
"115489344",0.758982266769468
"115489346",0.711791565941445
"115489380",0.632455395072217
"115489390",0.631578947368421
"115489399",0.637655040814163
"115489417",0.456517638181475
"115489420",0.878580669007577
"115489421",0.678803641092328
"115489434",0.49043303121853
"115489435",0.674994162969881
"115489436",0.603122966818478
"115489437",0.752176436448056
"115489439",0.351675927585589
"115489440",1.03422285597881
"115489441",0.738307349665924
"115489442",0.271061376075059
"115489443",1.08882082695253
"115489444",0.545454545454545
"115489446",0.157138834131231
"115489448",0.631101299975472
"115489449",1.05986808726535
"115489452",0.342008797653959
"115489453",1.0586479629906
"115489456",0.487881157154027
"115489457",1.27669021190716
"115489464",1.07007851119511
"115489466",0.256908140403286
"115489467",0.319392534418319
"115489468",0.782907662082515
"115489469",0.711214953271028
"115489470",0.373034459685514
"115489474",0.47833223900197
"115489475",1.07634694370621
"115489476",0.773355238593085
"115489477",0.279032867397053
"115489480",0.435301338857559
"115489481",1.18061831153389
"115489485",1.22871530624195
"115489486",0.329485206088592
"115489487",0.84617683983978
"115489488",0.83095577746077
"115489490",0.536545682102628
"115489503",0.390524379024839
"115489506",1.03898740223297
"115489511",1.01041502288149
"115489512",1.11572226656026
"115489513",0.903435468895079
"115489514",0.62825124515772
"115489517",0.863305158845818
"115489518",0.757516731595245
"115489519",0.77841043890866
"115489526",0.684535452322738
"115489528",0.996989600437876
"115489534",0.2859450726979
"115489535",0.998105163429654
"115489538",0.713487972508591
"115489540",1.09100585417775
"115489542",0.336963097398669
"115489543",0.306471547930983
"115489544",0.661337621795478
"115489545",0.457162440027416
"115489546",0.766625463535229
"115489547",0.615057489368404
"115489549",1.37280248190279
"115489550",0.624299065420561
"115489586",1.04787812840044
"115489587",0.683687943262411
"115489591",0.571337444184563
"115489592",0.812076749435666
"115489599",1.09343409559329
"115489600",1.09343409559329
"115489601",0.960517358747447
"115489632",1.33057851239669
"115489675",0.740864248992636
"115489682",0.146977350496985
"115489683",0.264876833656241
"115489684",1.05742132456552
"115489693",0.691845922961481
"115489694",1.12220543806647
"115489699",1.10223266745006
"115489701",1.33201581027668
"115489703",0.71752425137073
"115489706",0.663469694004045
"115489707",0.599180911680912
"115489709",0.309323620519454
"115489712",0.423881047626236
"115489716",0.22993672993673
"115489717",0.794076163610719
"115489719",0.708172706245181
"115489722",0.184782608695652
"115489723",0.339948348511622
"115489725",0.872887993733915
"115489727",0.500240809118639
"115489728",0.446788990825688
"115489729",0.276258992805755
"115489731",0.38409493077964
"115489735",0.388343504024056
"115489736",0.543973413309557
"115489743",1.00628004341758
"115489748",1.01363046300303
"115489820",1.00781419578902
"115489824",0.961319458079717
"115489854",0.435406698564593
"115489886",0.266949152542373
"115489888",0.700480825612759
"115489889",0.749617151607963
"115489890",0.908380681818182
"115489891",0.480568525130459
"115489892",0.685030049171371
"115489896",0.955325949602319
"115489901",0.521461827922699
"115489902",0.391371658581897
"115489903",0.328303850156087
"115489905",0.297620014621071
"115489906",0.907488986784141
"115489908",0.742323256367532
"115489913",1.02179088079106
"115489917",0.712784428401718
"115489918",0.982655103402268
"115489920",0.359847522236341
"115489922",0.576350822239624
"115489927",0.314848595403138
"115489928",0.322653429602888
"115489936",0.399299474605954
"115489937",0.414809489575845
"115489938",0.913253012048193
"115489939",0.360591133004926
"115489940",0.546389693398582
"115489941",0.399345493045864
"115489942",0.656342182890855
"115489944",0.463648834019204
"115489945",0.212961183704842
"115489947",0.404143521993695
"115489948",0.516423357664234
"115489950",1.68125446399584
"115489954",0.385682082109434
"115489955",0.463704782714251
"115489956",0.825544512581941
"115489975",0.465333822450477
"115489976",0.414608470321484
"115489978",0.392432877841104
"115489979",0.728
"115489981",0.283011239589229
"115489982",0.476420798065296
"115489984",0.788040170419964
"115489985",0.336700336700337
"115489988",0.815359806490627
"115489991",0.595050618672666
"115489992",1.03487923450884
"115489997",1.01841794569067
"115489998",0.907240091555234
"115489999",0.708329121601132
"115490026",0.855385638297872
"115490051",1.02783018867925
"115490105",0.647298674821611
"115490106",0.295547878234796
"115490109",0.318515123739688
"115490110",0.313930414075936
"115490116",0.296132052229613
"115490120",0.281518942418596
"115490122",0.710828739605718
"115490127",0.27809442790302
"115490128",0.744739057239057
"115490130",0.865364583333333
"115490131",0.148114673068776
"115490136",0.248394004282655
"115490137",0.408990420044215
"115490138",0.413235294117647
"115490139",0.333303467431234
"115490142",0.5550621669627
"115490143",0.537126715092817
"115490145",0.666833322917318
"115490149",0.235865371823866
"115490150",0.484505910708137
"115490154",0.410847677817473
"115490159",0.749939083820663
"115490161",0.524793388429752
"115490168",0.792276876600775
"115490169",0.253722794959908
"115490172",0.761796389015324
"115490178",0.289918734900066
"115490179",0.324547741703606
"115490187",0.200713403759089
"115490190",0.588586851744746
"115490191",0.49159844894442
"115490193",0.494226327944573
"115490200",0.109431796441553
"115490201",1.42575757575758
"115490202",0.61541774332472
"115490204",0.399499582985821
"115490206",0.609389671361502
"115490211",0.545824847250509
"115490215",0.575781425680234
"115490216",1.20450327848571
"115490217",0.630581776795876
"115490218",0.62672919109027
"115490266",0.571820677035682
"115490270",1.07666850523993
"115490288",0.762832699619772
"115490291",0.746695248302965
"115490319",1.10631958601223
"115490334",0.875954198473282
"115490342",0.204551563479975
"115490344",0.47369323050557
"115490347",0.39099764863957
"115490349",0.213876066582739
"115490350",0.105945419103314
"115490353",0.24390799362332
"115490354",0.20484776825303
"115490357",0.994523661913619
"115490361",0.445066887072581
"115490362",0.729490654872307
"115490363",0.695553492210874
"115490365",0.915799432355724
"115490366",0.411792014856082
"115490367",0.660847880299252
"115490372",0.237156270959088
"115490374",0.24300228073813
"115490375",0.75257488796289
"115490385",0.369243421052632
"115490390",1.01483415037881
"115490393",0.225938697318008
"115490394",0.273692065334549
"115490399",0.719329950649892
"115490405",0.764853922748659
"115490412",0.537369391518131
"115490415",0.315889574087949
"115490416",0.783800469193728
"115490420",0.455573505654281
"115490422",0.404856832185575
"115490424",0.646539222148978
"115490425",0.722662220369598
"115490428",0.359631821170283
"115490433",0.664081598246649
"115490434",1.19421877952012
"115490435",0.562445069432238
"115490436",0.87363746467501
"115490439",0.616226071103008
"115490440",0.384592053381862
"115490441",0.728314476356252
"115490443",0.254937820043892
"115490468",0.983986655546289
"115490496",0.653355518580144
"115490527",0.768853919239905
