"","GSE96961_enriched environment"
"11302",0.00599820373517421
"11303",0.0167414658727918
"11304",0.108868697375403
"11305",0.0071414401904384
"11306",0.0141568562267041
"11307",0.00507041258835925
"11308",0.00604847058108923
"11350",0.00973291905711367
"11352",0.0100750381088059
"11363",0.00933902972953888
"11364",0.00603751611778304
"11370",0.00797836473516781
"11409",0.0167021082205028
"11416",0.00958344836024005
"11418",0.00454685082767016
"11419",0.0131346129763755
"11421",0.0259210904749314
"11423",0.0190604811762085
"11426",0.0118169931948278
"11428",0.00674840068663328
"11429",0.00295001090329279
"11430",0.00340496009471883
"11431",0.00663326464635696
"11432",0.00469340960533036
"11433",0.326812083918272
"11434",0.110227113738285
"11435",0.119026023437382
"11438",0.0229743614206219
"11441",0.0753299422992578
"11443",0.161431760204082
"11444",0.00445802044095172
"11459",0.0454497014939358
"11472",0.0222766763198931
"11474",0.128600984803676
"11475",0.0837719523779014
"11477",0.0101242781848741
"11479",0.00813325554029098
"11480",0.0160971138287238
"11481",0.01604621601868
"11482",0.015664332898224
"11484",0.0327861468028192
"11486",0.235533242933769
"11487",0.00862170249568598
"11488",0.00537519479137037
"11489",0.0480210777513051
"11490",0.0136372821246713
"11491",0.0168116803183859
"11492",0.0273513168976893
"11496",0.00452741064544274
"11498",0.482253086419753
"11501",0.0918086919168827
"11502",0.0116184872324709
"11504",0.0682279576135869
"11512",0.0141779768927612
"11513",0.0583062913968406
"11514",0.0120409516944477
"11515",0.0058555955766074
"11516",0.0367047997031056
"11517",0.00519222204470359
"11518",0.00270083977445125
"11519",0.01333862328903
"11520",0.0303923925215016
"11522",0.509335615714318
"11532",0.00709627438108821
"11534",0.00522949841054139
"11535",0.187421154475752
"11536",0.151645689073394
"11538",1.95786884586469
"11539",0.00414198762794905
"11540",0.0864268243059479
"11541",0.0408616532799034
"11542",0.415385517980592
"11544",0.00525861611103252
"11545",0.00819797939797726
"11546",0.0172463347365365
"11548",0.0577675549964216
"11549",0.0254703302617824
"11550",0.0170913643632691
"11551",0.0331865290329
"11553",0.0183825586632807
"11554",0.0158641111195286
"11555",0.0693990154039484
"11556",0.240205461074791
"11564",0.00890101565981549
"11565",0.015650150901363
"11566",0.0171810953919792
"11567",0.57143197626395
"11568",0.0961011213633725
"11569",0.0104123281965848
"11593",0.0270478595267848
"11595",0.0303540344363179
"11596",0.175353945018334
"11600",0.0303810002131286
"11601",0.194553191294927
"11603",0.00723675064514286
"11605",0.0235227381462239
"11606",0.0256478780940014
"11607",0.301996321932057
"11609",0.333871321906683
"11610",0.0194121557504379
"11615",0.122782847026328
"11622",0.0298440120486976
"11624",0.120563271604938
"11629",0.0798238757502677
"11630",0.0775264349396219
"11632",0.00893300027610332
"11634",0.47768401151375
"11636",0.00888979591836735
"11637",0.0121592833066445
"11639",0.00873913799382771
"11640",0.00557633910620944
"11642",0.272433075550268
"11647",0.0170409188114934
"11651",0.00579171378226958
"11652",0.00493994815038582
"11655",0.00608445919580337
"11656",0.110714422256549
"11658",0.00900292049756625
"11666",0.014366423794576
"11668",0.0138208075512547
"11669",0.00566818164052432
"11670",0.246295625399719
"11671",0.00540657439446367
"11676",0.00417142076560593
"11677",0.00960415366584399
"11682",0.0936601688067652
"11684",0.215243888284574
"11686",0.0354042588107073
"11687",0.0757609371471845
"11688",0.0231453181762901
"11689",0.172857844186592
"11690",0.0614974213033576
"11692",0.0175511345425679
"11695",0.218387306757149
"11702",0.007921
"11705",0.171109303303121
"11717",0.0131570664581399
"11722",0.0489302036900442
"11727",0.0936146249442045
"11732",0.00386543540204413
"11733",0.0110520726625579
"11735",0.00943703807220914
"11736",0.00828063044708012
"11737",0.00638956380116508
"11739",0.00235083169018319
"11740",0.00357715280542564
"11744",0.0108216984513271
"11745",0.0141743933649757
"11746",0.0573921621419683
"11747",0.0130356362025843
"11749",0.0111286864106281
"11750",0.00545904499168323
"11752",0.672823158117751
"11754",0.440334591573548
"11757",0.00643482986767486
"11758",0.0065228276801474
"11761",0.0311811270881219
"11764",0.0058727867682795
"11765",0.00575490354835155
"11766",0.0292706138693187
"11767",0.00783865897056735
"11768",0.628423287782312
"11769",0.0127429858970342
"11771",0.00658058243554775
"11772",0.00839488414009426
"11773",0.00465944733053784
"11774",0.00486434794801881
"11775",0.00556563366087176
"11776",0.00327255028244699
"11777",0.0109849008926277
"11778",0.00602906574394464
"11781",0.0123525166400911
"11782",0.0138726472213312
"11783",0.019387918602788
"11784",0.00605113046113699
"11785",0.00655255233928352
"11787",0.00951508607109469
"11789",0.0112414987656519
"11790",0.00387493750100805
"11792",0.00785708948259792
"11793",0.00809236016857283
"11796",0.115889542779538
"11797",0.00765053957692806
"11798",0.0110921231326392
"11799",0.567768520932778
"11800",0.00702953291727312
"11804",0.00377310145080407
"11806",0.454893114397283
"11807",0.320058604258779
"11810",0.152041063644843
"11811",0.463160712715218
"11812",0.159219275333605
"11814",0.635140424726027
"11815",0.0183361234229863
"11818",0.336208291783348
"11819",0.0300104045724346
"11820",0.00341873450983905
"11821",0.0140244718267101
"11826",0.49
"11829",0.0137618360733349
"11834",0.00866039150354019
"11835",0.0165871754619007
"11836",0.0035688986338337
"11837",0.00961063059544039
"11838",0.0735136115641801
"11840",0.00242157352872252
"11841",0.00606554672411953
"11842",0.00504995808646711
"11843",0.00449394463735876
"11844",0.00646396349401635
"11845",0.00880449447483063
"11847",0.192811061801446
"11848",0.00378296742532182
"11852",0.00276388951448633
"11853",0.0191548908792772
"11854",0.215001398146457
"11855",0.0155883860699909
"11856",0.0792512194800032
"11857",0.0323684133579581
"11858",0.0124134822420156
"11861",0.0076149688008952
"11863",0.0124692631386143
"11864",0.00737661959882608
"11865",0.0231956612876525
"11867",0.0222523493366806
"11876",0.343818916621069
"11877",0.00957556853130144
"11878",0.0151871231676998
"11881",0.00427329804504269
"11883",0.00961230983750952
"11886",0.0101033584865554
"11889",0.948197782196048
"11891",0.0238422199291465
"11898",0.0149119475460479
"11899",0.00634821811047173
"11906",0.0541360828803784
"11907",0.00869767049666315
"11908",0.0249408716728095
"11909",0.00876713097392304
"11910",0.19371718110043
"11911",0.00531494255247526
"11920",0.0220674642270979
"11922",0.0102394211621851
"11923",0.393501332786798
"11924",0.118197197808948
"11927",0.0127991197685145
"11928",0.00498269896193772
"11932",0.0052570978848234
"11933",0.00546484631924988
"11936",0.0597514203989277
"11937",0.413153089625479
"11938",0.0070169599684901
"11941",0.00471258005600252
"11944",0.272718681192733
"11949",0.00633850762318032
"11950",0.00417883616668067
"11951",0.0115228701841744
"11957",0.0107218344384974
"11958",0.0133643481980766
"11964",0.00624135964099281
"11966",0.00277157139426072
"11972",0.00480597689036095
"11973",0.00337604593435485
"11974",0.0141662209054325
"11975",0.00339985082891269
"11977",0.0434946974421318
"11979",0.0645386025859786
"11980",0.00810831408721263
"11981",0.00448453208105437
"11982",0.0191098391903138
"11983",0.00886961907052748
"11987",0.0183193523445061
"11988",0.0178498254355915
"11989",0.06737553297215
"11990",0.00750669475894368
"11991",0.00797792613926377
"11992",0.00612912176895732
"11993",0.00806980045785419
"11994",0.0411727127735444
"11998",0.532850214291581
"12005",0.00721944551240976
"12006",0.0126011317222841
"12009",0.0152261776603477
"12010",0.109100091827365
"12012",0.394878076876081
"12013",0.0238735613791637
"12014",0.0418781758574331
"12015",0.0206886845562019
"12017",0.0115855630085426
"12018",0.0240634162456375
"12021",0.535322926157932
"12023",0.129870177352989
"12028",0.0109243831593731
"12029",0.114530326906315
"12032",0.00456528242814897
"12033",0.00908379108651142
"12034",0.00694675061111828
"12035",0.00582509786101398
"12036",0.0415749118526873
"12038",0.0790377368573891
"12039",0.0147654536510564
"12040",0.00765676874248338
"12041",0.00990799670059568
"12042",0.0254860266516763
"12043",0.0236838185552233
"12045",0.211807041379821
"12048",0.00576940451095743
"12050",0.00534031346991712
"12051",0.412536282571094
"12053",0.0101762080640197
"12054",0.00907332655351883
"12055",0.0171318760406233
"12062",0.112126573362166
"12064",0.0114437595017932
"12068",0.0141340617291921
"12069",0.00728060766347643
"12070",0.00646427827332015
"12075",0.213371962561513
"12091",0.00887487389679523
"12095",0.617965129744053
"12111",0.053627086952166
"12121",0.0104880539704065
"12122",0.0228317490797823
"12123",0.0135979316288423
"12125",0.0543056441326531
"12140",0.0315198071634017
"12142",0.204671226337869
"12144",0.0905898400383404
"12151",0.0121245626691021
"12153",0.0215892926550821
"12156",0.0639471976210414
"12159",0.111250636571232
"12160",0.24800150688987
"12161",0.0361732155643631
"12162",0.0464970264433328
"12166",0.00667890725805784
"12167",0.0143106978897419
"12168",0.0109231139706657
"12169",0.108297013617071
"12175",0.00857147567428517
"12176",0.00641757608614566
"12177",0.00529900822429893
"12180",0.0743041624686023
"12181",0.00885401536969165
"12182",0.546793410579055
"12183",0.00850967569216395
"12189",0.243505530657383
"12190",0.0371743864587042
"12192",0.0169668884837104
"12193",0.0129403043420225
"12211",0.0130695813923128
"12212",0.0101858170730662
"12215",0.00517571554267378
"12217",0.0111101758165783
"12223",0.23536613908243
"12224",0.195317650689447
"12226",0.00865939685653245
"12227",0.063679590214746
"12228",0.0157888258789355
"12229",0.185782909497873
"12234",0.0039337984
"12236",0.11432883127589
"12237",0.00482713079117838
"12238",0.00893664979776894
"12257",0.0880171820671134
"12258",0.0542687553317019
"12259",0.0471048924429483
"12260",0.0438074634937804
"12261",0.00551095516866574
"12262",0.0436715306847544
"12263",0.364077510509126
"12265",0.166020742853508
"12266",0.300759411902488
"12267",0.123922210631687
"12268",0.103371992653811
"12269",0.17665272203064
"12273",0.409712036970252
"12282",0.00536308223769291
"12283",0.00422178279090285
"12286",0.00377198355866039
"12287",0.0141355291352043
"12288",0.0158221589335865
"12289",0.0101909595025587
"12290",0.00857541213790291
"12291",0.029559864573715
"12292",0.387893248539628
"12293",0.0112525852873152
"12294",0.00432800118074843
"12295",0.00681534436948122
"12296",0.00594961606809475
"12297",0.00598986364154939
"12298",0.0202326099881094
"12300",0.00651171858895297
"12301",0.00979754908526837
"12304",0.0104323207838123
"12305",0.0165831031642854
"12306",0.0277140307470859
"12307",0.0117119015866311
"12308",0.0473572765456149
"12310",0.129607146943867
"12316",0.764737014730576
"12317",0.00740565984791385
"12319",0.0927253981616282
"12321",0.00442427846098065
"12325",0.00654837341771695
"12326",0.00818720269931338
"12328",0.00996127786791659
"12330",0.00336359227949012
"12331",0.0036933666038686
"12332",0.0851563437828741
"12333",0.0124216580869024
"12334",0.00483510005408329
"12335",0.0199430779585966
"12336",0.0078450162401738
"12337",0.0108648367621938
"12338",0.245422219680288
"12339",0.0075474663541535
"12340",0.00680555906276216
"12343",0.00723631890554013
"12345",0.00473250931554454
"12348",0.00927265695839845
"12349",0.0085460000931086
"12351",0.0115854647898827
"12352",0.2176960351167
"12354",0.0150590705506207
"12355",0.338949825278762
"12359",0.00825006792859098
"12361",0.00648761598614779
"12362",0.111393759412596
"12363",0.280617501000996
"12364",0.161400917537635
"12366",0.0263868743187924
"12367",0.0269417753358076
"12368",0.0529464227362304
"12369",0.0733792661432463
"12370",0.0644180473601484
"12371",0.00941669866297213
"12372",0.241554666844667
"12373",0.141237926465513
"12380",0.0344386834435379
"12385",0.00606959324407753
"12386",0.00416233090530697
"12387",0.00448707676106316
"12388",0.0111725687225678
"12389",0.0165320522877786
"12390",0.0119646924686733
"12391",0.246936815330358
"12393",0.0132283376169992
"12394",0.134634003031335
"12395",0.0131717337661848
"12396",0.0104967827329958
"12398",0.010283757718725
"12400",0.0242639393765205
"12402",0.0107180127575572
"12404",0.168536274522104
"12405",0.0354522562768246
"12406",0.0348786536834216
"12408",0.00589604591836735
"12409",0.388253160206846
"12411",0.0192885681466009
"12412",0.00859725287680201
"12416",0.0837950138504155
"12417",0.00766871088775672
"12418",0.0120489397085938
"12419",0.00480345064209391
"12421",0.00886868388752593
"12424",0.0117916916464149
"12426",0.0564533828577727
"12427",0.195971496636037
"12428",0.0854610178946287
"12442",0.296720419736893
"12443",0.0081918861425981
"12444",0.00737347769134462
"12445",0.00824096086586251
"12447",0.0171677328751651
"12448",0.160910927817477
"12449",0.0372167624434527
"12450",0.00464500269396155
"12452",0.00905654410278296
"12453",0.00513611111111111
"12454",0.00708056753235748
"12455",0.00990154277057104
"12457",0.00766894754195612
"12460",0.0153802011338712
"12461",0.0034172766054986
"12462",0.00460903964312768
"12464",0.00522135540544002
"12465",0.00381269052112063
"12466",0.00342633859990697
"12467",0.414449681459346
"12468",0.00400842670799558
"12469",0.00337040071958055
"12475",0.0910589976381227
"12476",0.0182820868875223
"12479",0.320761412132297
"12483",0.478663428872805
"12484",0.0559755277919108
"12488",0.0132289668668047
"12489",0.0713261828189701
"12490",0.0172591189721502
"12491",0.118239227038069
"12492",0.00775605819485561
"12493",0.0541937550151143
"12494",0.0416724512929963
"12495",0.0170132325141777
"12496",0.0194136281541511
"12497",0.00591715976331361
"12499",0.00730900482889304
"12503",0.622236796419891
"12504",0.418212270313373
"12505",0.156699077795828
"12506",0.224823413671603
"12508",0.0324549851407261
"12509",0.0422865220899743
"12511",0.220953110536564
"12512",0.0141916571195924
"12514",0.0443315700456482
"12516",0.345019044344389
"12517",0.719713400210595
"12518",0.600319920639841
"12519",0.244740065258126
"12520",0.00582003368740349
"12521",0.0161074917083038
"12522",0.017389204202391
"12523",0.0793256285023565
"12524",0.108299779675758
"12527",0.0215353114149198
"12530",0.0211498809712294
"12531",0.011775052627431
"12537",0.00712865704499918
"12539",0.00854265923776002
"12540",0.00385227384321974
"12544",0.10466912671294
"12545",0.0164898990600631
"12549",0.0109102317507975
"12550",0.549167930479062
"12552",0.0085629132347727
"12554",0.0119079240017793
"12555",0.0636326373203185
"12558",0.00458203161723823
"12561",0.0192178651840995
"12562",0.0152537261313312
"12563",0.0213058366547829
"12564",0.0186234849760121
"12565",0.0117510766556825
"12566",0.0968606830487297
"12567",0.00847463149526255
"12568",0.00860001173706585
"12569",0.00676234893967894
"12570",0.00614926763625071
"12571",0.0694009533579144
"12572",0.0114953767669253
"12575",0.0831994628761486
"12576",0.0116356524712014
"12577",0.058959481158563
"12579",0.12105037626888
"12580",0.0694459805145809
"12581",0.0120485616443264
"12583",0.0162148360714883
"12585",0.0306131574462913
"12587",0.214035148248256
"12589",0.0102052022816897
"12593",0.0295523459597793
"12606",0.0152342741731378
"12607",0.00833215778571376
"12608",0.0727129688050424
"12609",0.0531256484662435
"12611",0.00828648301747191
"12614",0.0191243582676433
"12615",0.189264428035524
"12616",0.00722454129168464
"12617",0.0101522544719102
"12626",0.0127601161257091
"12628",0.0216734334615516
"12631",0.00417745839022556
"12632",0.00785760210994392
"12633",0.0119302363734741
"12638",0.471984051763196
"12642",0.503617737478645
"12648",0.01189462890625
"12649",0.135377909980764
"12651",0.0156333679205891
"12652",0.0216712003377964
"12653",0.0106812151336435
"12654",0.0179656545466429
"12659",0.0489933369668296
"12660",0.00800380992582305
"12661",0.0113160079233816
"12662",0.016198347107438
"12663",0.0544003866316059
"12667",0.00796672258131844
"12669",0.00352081938860313
"12671",0.00774981126863426
"12672",0.0153600495502793
"12675",0.0109974890936891
"12677",0.516418139430352
"12683",0.0343399974355803
"12684",0.0586929207929254
"12695",0.0311560373241415
"12696",0.0131373241899977
"12700",0.0439012116912516
"12702",0.230059345618894
"12703",0.694444444444445
"12704",0.0172235512580357
"12705",0.103093425149056
"12709",0.00704847961684117
"12716",0.00728881448815959
"12721",0.00754888830836484
"12722",0.638921592162078
"12723",0.0641482809252303
"12724",0.0106048627676069
"12725",0.0100303720402228
"12727",0.00454067198712069
"12728",0.0268744961031981
"12729",0.00602326860922802
"12737",0.143465837352592
"12738",0.437292124855985
"12739",0.656897293133889
"12741",0.032607525490399
"12745",0.0157872069386139
"12747",0.0207198841993748
"12748",0.0240437752930401
"12750",0.0122784357557791
"12751",0.00477109090273607
"12752",0.0115644214884785
"12753",0.00948291490676214
"12757",0.00830370832407478
"12759",0.0104567398680817
"12763",0.586165873576362
"12764",0.00633917210338236
"12767",0.0898741431092235
"12774",0.039805074711333
"12777",0.458941932632991
"12778",0.026101597597784
"12785",0.00533911398206741
"12793",0.00668957175851984
"12794",0.00930231378838928
"12795",0.024261513730644
"12797",0.717553592887033
"12798",0.128059775986847
"12799",0.0203797997959864
"12801",0.0123969590361354
"12802",0.527882730305954
"12803",0.593381089287
"12804",0.0109486426033946
"12805",0.00785790091810852
"12807",0.0169
"12808",0.0194119828326582
"12810",0.165919338313679
"12812",0.00696641704405257
"12814",0.0547025765730933
"12815",0.0164123255962114
"12816",0.0464757120095958
"12817",0.213928615188055
"12818",0.0825593799217876
"12819",0.0643328289185527
"12822",0.108534709177299
"12823",0.040205220728585
"12824",0.0580509199490312
"12825",0.464604810173858
"12826",0.0179444457401076
"12827",0.0131268196461008
"12828",0.283053932743484
"12829",0.197530864197531
"12830",0.0520513521909449
"12831",0.0780976122879224
"12832",0.0950842544992484
"12833",0.200508810125816
"12834",0.100068346276383
"12835",0.0755726138656522
"12836",0.0569703813158007
"12837",0.258919909221748
"12839",0.982283144555617
"12840",0.0781816663858572
"12841",0.0176874535221742
"12842",0.137077796412923
"12843",0.114150370234025
"12845",0.510837089117241
"12846",0.0104597107438017
"12847",0.00348325639213134
"12848",0.00538000529262509
"12850",0.00804440238463016
"12854",0.0589979376795684
"12856",0.0139605787842621
"12857",0.00827647947544797
"12858",0.00960444693922038
"12859",0.0155227966980753
"12861",0.0098433444583961
"12862",0.0540534430340255
"12864",0.0106699211753499
"12865",0.167071951613032
"12866",0.0129450922693903
"12867",0.00808829985962372
"12868",0.0162877145154266
"12869",0.239003818127501
"12870",0.0190202000183097
"12874",0.00667279782374078
"12877",0.0106567097955362
"12879",0.0237639169403934
"12889",0.00287562220538592
"12890",0.00453328311462978
"12891",0.00435616999521936
"12892",0.00992633542571588
"12894",0.0107337066796526
"12896",0.0289371930036954
"12903",0.541067528476261
"12904",0.682479422814444
"12905",0.04
"12908",0.0102234567901235
"12909",0.00910050390533556
"12912",0.0111515377130404
"12913",0.00957735122585147
"12914",0.00603261381845603
"12915",0.00640451339901349
"12916",0.0121899559233788
"12918",0.16400974292492
"12919",0.0133710249555067
"12921",0.0103993611313838
"12922",0.0967848839822288
"12925",0.0547784137260991
"12927",0.00919071021954033
"12928",0.0066869246888514
"12929",0.00754811339653942
"12931",0.0326165068821173
"12933",0.00520777978531193
"12934",0.0151169040580489
"12936",0.0468319160674357
"12939",0.104487369428556
"12941",0.0886424071275258
"12942",0.1133819645421
"12943",0.0376695419658217
"12946",0.0172650027192534
"12950",0.0133976393046616
"12952",0.0182601086351691
"12953",0.00409037555850743
"12954",0.400578851202753
"12955",0.0192811835317767
"12958",0.498120660930952
"12959",0.23016355171844
"12960",0.0453242471088904
"12962",0.050978899374516
"12964",0.337240794817385
"12971",0.00734050947081327
"12972",0.0198230134629671
"12974",0.00328639901942069
"12977",0.00727638587211235
"12978",0.0111286864106281
"12982",0.0135224367816983
"12983",0.0917979256305483
"12984",0.119353031716529
"12986",0.0538368557950219
"12988",0.0108352541127899
"12995",0.00490364392300693
"13000",0.0104293129535431
"13001",0.00803775030121014
"13002",0.00542171520299513
"13003",0.01894045635326
"13004",0.0071862670044769
"13006",0.00903433725888104
"13007",0.00806294330522814
"13008",0.0287136664749005
"13010",0.0136189765319878
"13011",0.793236904638717
"13014",0.00924443155488217
"13016",0.00526927791138539
"13017",0.00817188921326217
"13018",0.00679783423573511
"13019",0.132974088460632
"13024",0.0317557148500357
"13025",0.374865992530072
"13026",0.0110033023073526
"13030",0.00479634691718771
"13032",0.0319458648942771
"13033",0.020086075431462
"13036",0.0737337857873644
"13038",0.138578915010375
"13039",0.00582753541335709
"13040",0.0524296719899112
"13041",0.631586445228439
"13043",0.00485440921378193
"13046",0.007528867093348
"13047",0.007808732141425
"13048",0.0155638809950837
"13051",0.00967757751026116
"13052",0.0327430489423717
"13056",0.00798578138009564
"13057",0.0305896349299597
"13058",0.802645930171334
"13063",0.00817322748873245
"13070",0.0381471861408308
"13078",0.0952382937299359
"13082",0.537147138397503
"13106",0.137989538564034
"13110",0.00872822368406527
"13113",0.253709994972225
"13115",0.422754940407536
"13116",0.0117417797410313
"13120",0.81916175503009
"13121",0.00688965614210502
"13123",0.0113334273920172
"13131",0.00638485655662146
"13132",0.0251879268231047
"13134",0.055045120677042
"13135",0.00875130072840791
"13136",0.0400286966092901
"13138",0.0052109393664832
"13139",0.0093052568507012
"13143",0.233562143734814
"13144",0.0114762457486269
"13162",0.340277777777778
"13163",0.00784489795918367
"13164",0.0273012630099715
"13166",0.421828806379462
"13167",0.0118334464128345
"13168",0.196592253673498
"13169",0.00659239322731199
"13170",0.0185499086269398
"13171",0.0118480753086503
"13175",0.00687629047734513
"13176",0.0337609932490414
"13177",0.0187225160474813
"13178",0.00941901249026556
"13179",0.0557552732965199
"13180",0.0535960305661906
"13185",0.00674461481014726
"13190",0.341680852123696
"13191",0.00595374180765127
"13193",0.0252387519961747
"13194",0.00372451085390872
"13195",0.0315801294536004
"13196",0.00757580599856434
"13197",0.0494993673020826
"13198",0.0106150648848268
"13200",0.00451440796382589
"13202",0.0184048508843772
"13204",0.00658387812584296
"13205",0.00991170021144961
"13206",0.0368897525777009
"13207",0.00842415888307497
"13209",0.00726009234222114
"13211",0.011826522653192
"13214",0.727667852604322
"13244",0.00399704019411262
"13340",0.0123083787426446
"13345",0.0921556122448979
"13346",0.0726190350376568
"13347",0.00887833630509696
"13349",0.0438439836167054
"13350",0.0203405811980722
"13353",0.0165906724927649
"13356",0.00529959182108729
"13358",0.0181621510515024
"13360",0.0123154200065334
"13361",0.0514472776383201
"13363",0.533784587975803
"13367",0.00497634059797476
"13368",0.0209971094130619
"13371",0.0139564914829183
"13382",0.00417812993871207
"13383",0.00678801524027637
"13384",0.00631414828296765
"13386",0.0747737104505898
"13388",0.0353502151492384
"13389",0.0990810766204479
"13390",0.0223896790090252
"13392",0.0414216605691586
"13395",0.0753467492904734
"13396",0.0772744258807902
"13400",0.0261562677129583
"13401",0.00805846921325796
"13404",0.345176653655368
"13405",0.0198786014126714
"13406",0.029131094714363
"13411",0.476987774888029
"13417",0.203534419629381
"13418",0.0119832877594552
"13419",0.153373660234867
"13423",0.0342649882422764
"13424",0.00368798046189906
"13426",0.00568664337543671
"13427",0.00545407805235076
"13429",0.00348015113089385
"13430",0.00815602069879078
"13433",0.0123456790123457
"13434",0.0311099510513476
"13435",0.00824975081851262
"13436",0.148304329153282
"13437",0.00713405610135353
"13445",0.00806968263241006
"13446",0.0415030013185911
"13447",0.00939187850487412
"13448",0.0753986344497233
"13449",0.229302948771105
"13476",0.00400898967197798
"13478",0.010482253217316
"13480",0.0218982620882605
"13481",0.0153292161006526
"13482",0.135293940064245
"13483",0.00362620805645585
"13486",0.0141589710503699
"13488",0.166307116828071
"13489",0.0573545581850813
"13491",0.718172688774629
"13492",0.0171796488889954
"13494",0.00506352837964138
"13495",0.00659520805913226
"13496",0.0330891239391332
"13497",0.00807506515215906
"13498",0.0060779205599599
"13506",0.405337953076265
"13507",0.271616241976776
"13508",0.00727104085727454
"13511",0.0776020408163265
"13516",0.23671821829248
"13518",0.0091605459182731
"13521",0.123025186964955
"13524",0.30346568174823
"13527",0.00737150361357335
"13528",0.00489477751169525
"13537",0.280834818756319
"13542",0.0081557738117714
"13543",0.0132612269275949
"13544",0.00699735430611979
"13548",0.00535355908790965
"13549",0.0067726297947885
"13555",0.032626572736493
"13557",0.0148786748789256
"13559",0.0179253273905236
"13560",0.0126787086431535
"13589",0.00431655347849425
"13590",0.0235524333908665
"13591",0.0657050979156124
"13593",0.169172660913709
"13595",0.0182615047479912
"13599",0.437019070924159
"13601",0.0424358866107817
"13603",0.191229537411902
"13605",0.452548107905329
"13607",0.0214529926341538
"13609",0.00938945976804278
"13610",0.0218095041981082
"13611",0.30798432845791
"13612",0.00719327612778044
"13614",0.102848640481917
"13616",0.0282325526462327
"13617",0.0316373421080036
"13618",0.0126759254731283
"13619",0.00546710613699731
"13626",0.020106791623053
"13631",0.00602572923833948
"13636",0.0853388917621676
"13637",0.0290667618839336
"13638",0.00814905220075851
"13639",0.258319314348807
"13640",0.0439345462286663
"13641",0.0206123364336366
"13642",0.0137354673395134
"13643",0.00668349451685066
"13644",0.0174741187335871
"13645",0.209437684940871
"13649",0.0240373413497072
"13650",0.0163010231955206
"13653",0.0626154734164955
"13654",0.64102811228411
"13655",0.0127644663312387
"13656",0.0743801652892562
"13660",0.00548656080754379
"13663",0.00480528779376374
"13664",0.00969482483386873
"13665",0.00915070729285873
"13666",0.0132075966779273
"13667",0.0184624378707705
"13669",0.00672768589824517
"13680",0.0193501603954878
"13681",0.00515293367662651
"13682",0.00465934373143543
"13684",0.00585674428197293
"13685",0.0737197297410006
"13688",0.00548696844993141
"13690",0.0049900639642337
"13709",0.0481711866919797
"13711",0.190816370284948
"13712",0.0111919818672022
"13713",0.0383597974635323
"13714",0.0538571008363521
"13716",0.00997093728831202
"13717",0.0390820788934475
"13722",0.0103350134957474
"13723",0.0174135301773819
"13726",0.00808661810764267
"13728",0.00474214884556614
"13730",0.0971278117245035
"13731",0.0100875269350317
"13732",0.129158858068696
"13733",0.0333737452497388
"13796",0.0365510521584186
"13797",0.0128263555150993
"13799",0.352794620897345
"13800",0.00438703564621958
"13803",0.00714557813849782
"13804",0.0256935032533719
"13805",0.010372248859405
"13806",0.00445481700548423
"13808",0.0272192820399015
"13809",0.0479209880440104
"13819",0.00547241374373229
"13821",0.00258335336441557
"13822",0.00829532912408477
"13823",0.00497990242749337
"13824",0.0311771267810251
"13829",0.00325565679408606
"13830",0.0163233947876772
"13831",0.00931392095204386
"13835",0.669372921611657
"13836",0.0843385250516044
"13837",0.0241047867900148
"13838",0.0145782474837068
"13839",0.00726280999072011
"13840",0.0128741218059635
"13841",0.011105568613029
"13842",0.0971150072610396
"13844",0.00812191193472376
"13845",0.0155123877543041
"13846",0.0227108553782226
"13848",0.00732657536407013
"13849",0.0117011689119883
"13850",0.0077332191900709
"13852",0.0109624858639713
"13853",0.007480766184719
"13854",0.00694444444444445
"13855",0.00449042348157069
"13857",0.0221329197941778
"13858",0.00948882580911967
"13859",0.00440717463455971
"13860",0.0126032395870417
"13864",0.0145646842627893
"13865",0.00527199842848075
"13866",0.0505378282555135
"13867",0.0296612445499362
"13869",0.017709170884587
"13870",0.0103782173982197
"13871",0.0102788710925615
"13872",0.00583072645440708
"13875",0.00797905640110546
"13876",0.0244720025295361
"13877",0.00783146683373796
"13885",0.00750092121653315
"13929",0.00522279500035308
"13972",0.0303030031801326
"13982",0.0750794696144791
"13990",0.0190362754071804
"13992",0.00416916653722858
"13996",0.0615940384038601
"13998",0.019888231426693
"13999",1.25716205138223
"14000",0.00496350623230182
"14004",0.00625788625538369
"14007",0.00864531415458008
"14009",0.0123196846960662
"14011",0.0109930614958139
"14012",0.585541466129137
"14013",0.07668888618441
"14017",0.0334542954717115
"14020",0.0088734595219395
"14025",0.00393165643710997
"14026",0.00691222097674598
"14027",0.0592143362489081
"14030",0.00461057765584515
"14038",0.202091311148574
"14042",0.00792232661380645
"14043",0.00806769694144645
"14048",0.0279561559516266
"14049",0.161966922310846
"14050",0.00864779850840115
"14051",0.029417968046241
"14055",0.00540601746063339
"14056",0.0434780433360024
"14057",0.00591239650348381
"14062",0.0366994025337267
"14064",0.72452522675737
"14065",0.400537219567871
"14066",0.0120300944887737
"14067",0.130401234567901
"14069",0.0735375003798459
"14070",0.0122427988023065
"14071",0.535897051502564
"14073",0.00318855071428668
"14077",0.0121096375942019
"14081",0.00698452773463778
"14082",0.0935448732458126
"14083",0.00437759686278469
"14084",0.00773547284452049
"14085",0.00980063740505571
"14086",0.00558491045216424
"14087",0.103899868587183
"14088",0.0373314275267859
"14089",0.343716326109935
"14102",0.0746361707227982
"14104",0.00917610621530212
"14105",0.0149440633162748
"14107",0.030305518911462
"14109",0.0114367357702138
"14113",0.0107772918084759
"14114",0.0298435330135084
"14115",0.0336126354763892
"14118",0.0363488861736785
"14119",0.0525738769650923
"14123",0.00785336072545675
"14127",0.0584744800991416
"14128",0.221035716376988
"14129",0.0852846738194064
"14130",0.108936068559826
"14131",0.0334610454871743
"14132",0.0098418997228521
"14133",0.437005119907937
"14137",0.00803163883095056
"14148",0.025850770969524
"14149",0.00990186887056222
"14151",0.00629131540662524
"14154",0.00669804841396946
"14155",0.00825853612732265
"14156",0.0171839362562365
"14158",0.0105209499358174
"14159",0.0341893962957146
"14160",0.210390244883541
"14163",0.0194579607608172
"14164",0.00597057487934945
"14165",0.027926195512723
"14166",0.0126738814720656
"14167",0.00642902624386846
"14168",0.00629461838803123
"14169",0.0179219412828775
"14172",0.139882257678525
"14173",0.0296941593085472
"14176",0.0331496761982507
"14178",0.35779708557684
"14180",0.0132674313971856
"14181",0.534154101237612
"14182",0.00648460004888723
"14183",0.0102681710803334
"14184",0.0102467203677081
"14187",0.159103317628343
"14190",0.228205823273062
"14194",0.00411676472987769
"14198",0.0491219496876135
"14199",0.00575569176181387
"14200",0.0108550453092831
"14201",0.132898840092835
"14202",0.227616426723385
"14204",0.583327317379206
"14205",0.0694348860013061
"14208",0.00514574118053971
"14211",0.0441939797282814
"14218",0.0056871421356523
"14219",0.0460071413568578
"14221",0.00867400311873468
"14225",0.00499663090353565
"14226",0.00833520444703882
"14227",0.015336847968229
"14228",0.0072030609604989
"14229",0.016559101015564
"14230",0.0259715866402568
"14231",0.0670788955475559
"14232",0.010027965495555
"14234",0.521313047269605
"14235",0.0897777427659787
"14236",0.019018891716955
"14238",0.0374402413764203
"14239",0.273856958466312
"14245",0.0112786101318389
"14247",0.0404731533023263
"14248",0.00707072300069263
"14251",0.00807471855292656
"14252",0.0055567384653036
"14254",0.0108658226328406
"14255",0.0277546633391881
"14256",0.074060731836971
"14257",0.0444790099054379
"14260",0.0251018798398019
"14261",0.0406431677460308
"14263",0.0363508501335875
"14264",0.23075301732471
"14265",0.0106676157247937
"14266",0.0210985474329797
"14268",0.00785157742745342
"14269",0.00631950286490829
"14270",0.00487686881137966
"14272",0.00717659120481686
"14275",0.558705134918051
"14276",0.270770878554904
"14281",0.254951638416939
"14282",0.0467104280782006
"14284",0.0213740980130638
"14287",0.0239699554227112
"14296",0.0201704082447611
"14297",0.0329900948827827
"14299",0.00272627730218088
"14300",0.0130200543830465
"14302",0.46386897109006
"14312",0.00301073115196492
"14313",0.373796034135694
"14314",0.00905262251447728
"14325",0.00841863302230309
"14339",0.0065754110323823
"14344",0.291841678044947
"14345",0.485839799719659
"14347",0.393400035678461
"14348",0.0119943657377438
"14349",0.0787556851866795
"14356",0.013815813138266
"14357",0.00982589107121263
"14359",0.00503332724616508
"14360",0.00348674430332523
"14362",0.044801092102102
"14365",0.0081461752684322
"14366",0.0380589124868344
"14367",0.171669882605953
"14368",0.0439575792577762
"14369",0.021548936532421
"14370",0.0493532029969717
"14371",0.0244478125238427
"14373",0.0345347312594616
"14375",0.0115534610652483
"14376",0.00334917237804289
"14381",0.00742665552885348
"14385",0.014572427555382
"14387",0.0106236346019945
"14388",0.0136914766685071
"14389",0.0129578208431112
"14390",0.0226695707615764
"14391",0.0120400507142063
"14394",0.0102856380942391
"14395",0.00996719890299619
"14396",0.013052935596151
"14397",0.00949493890311101
"14400",0.00682974728097459
"14401",0.00990888430182857
"14402",0.00702487758549103
"14403",0.0128187446890162
"14405",0.0143610284346438
"14406",0.00687065883964348
"14407",0.0201830908628074
"14409",0.184049663160132
"14411",0.780202666206789
"14412",0.0659473441497342
"14415",0.004361170959861
"14417",0.0101055184719965
"14419",0.34146735134295
"14420",0.00782707095208405
"14421",0.00875190568839264
"14423",0.00712189773001711
"14425",0.0555208519707071
"14426",0.0557141953787762
"14428",0.504520881384613
"14430",0.0101916620743628
"14431",0.0195004591900728
"14432",0.00897778855800109
"14433",0.0115854109780583
"14447",0.0621733251812385
"14450",0.0097942744185945
"14451",0.0257596092637448
"14453",0.0160728600620221
"14455",0.023302201671633
"14456",0.00715429350538501
"14457",0.00613584548721966
"14461",0.0618537526009274
"14466",0.01079440040479
"14467",0.00435207186479463
"14469",0.155188246097337
"14470",0.0132778596811338
"14479",0.00672365470088889
"14489",0.00611385868660219
"14528",0.0950395190230197
"14533",0.0190407881653583
"14536",0.0322639309471034
"14537",0.0731837210102726
"14538",0.0147762645121919
"14539",0.384890362932879
"14544",0.0111377598932441
"14545",0.00699884646490704
"14547",0.0103387490872254
"14548",0.00942938568926775
"14555",0.00612757647432952
"14559",6.982793781462
"14560",0.0203136811548279
"14561",0.0123564629460805
"14563",0.519232818730879
"14566",0.107709952866937
"14567",0.00238235242579153
"14569",0.00363073286031355
"14570",0.0118886174863442
"14571",0.00720923124442934
"14579",0.155259523279127
"14580",0.0970152180403204
"14583",0.0130637896637456
"14584",0.0277821832775968
"14585",0.00719914036290839
"14586",0.029014256900447
"14588",0.01098304
"14590",0.0190958410573831
"14593",0.00770563245709204
"14594",0.0701710119181973
"14595",0.0372569584352582
"14598",0.0622554679757157
"14600",0.0352437014490773
"14601",0.414802464201081
"14605",0.0177447196897539
"14608",0.0320091539993192
"14609",0.00628087331788788
"14611",0.242169399130754
"14612",0.0587216547575405
"14613",0.341409207679827
"14615",0.0523897817428863
"14617",0.0419812408017698
"14618",0.0311196084209618
"14619",0.0751885587143699
"14623",0.0107584548944766
"14628",0.00695730197289934
"14629",0.00688507639573076
"14630",0.0098779067561634
"14632",0.105857907892095
"14633",0.0372581010659828
"14634",0.0464184088718442
"14635",0.0261088530102435
"14645",0.00668003053939104
"14651",0.0106762817861874
"14652",0.481804396935334
"14658",0.00735547056608258
"14660",0.00884651128137531
"14661",0.00352915908077057
"14663",0.738026262795191
"14664",0.00956952386300132
"14667",0.0076546498641561
"14670",0.00539523391642232
"14672",0.0057709903197477
"14673",0.0125024479695206
"14674",0.00675587849761
"14675",0.221569125190385
"14676",0.0383798692707499
"14677",0.00809969945177781
"14678",0.00742504920929223
"14679",0.0119151608479495
"14680",0.00666389004581425
"14681",0.00281987052549823
"14682",0.00676324993451981
"14687",0.00525901753977041
"14688",0.00282197542354035
"14693",0.00919789408178912
"14694",0.00609146753878618
"14696",0.016758918032144
"14697",0.00439149188279166
"14700",0.00843335073798278
"14701",0.00477543476561279
"14702",0.00668270661147786
"14704",0.00958439158813966
"14705",0.0151235527128171
"14706",0.0158960993808015
"14707",0.0130960557722408
"14708",0.00336137659599345
"14709",0.122087287619913
"14710",0.102424122023434
"14711",0.418495810396924
"14712",0.00491403005724507
"14718",0.00365294046612728
"14719",0.00309766792196306
"14723",0.101454762368216
"14724",0.0502776596875332
"14725",0.261053954602405
"14726",0.0163232387595006
"14728",0.445122002764339
"14729",0.110752784729695
"14731",0.0121230805860773
"14732",0.00891118158963203
"14733",0.0131875865408143
"14734",0.0668100433060006
"14735",0.0142905470786329
"14738",0.0140235457063712
"14739",0.0606663592904463
"14745",0.0241930828908857
"14747",0.0522448979591837
"14748",0.0686255226541631
"14751",0.0038783444704243
"14755",0.00463098406037465
"14756",0.0118537810115228
"14758",0.0117091779906438
"14760",0.0120495148232549
"14761",0.00764299051338397
"14763",0.0135359363660573
"14765",0.357299472494962
"14766",0.00887833630509696
"14768",0.00303659942893018
"14772",0.0668074812143438
"14773",0.0171804479971727
"14775",0.0263767644200573
"14778",0.0601704570443641
"14782",0.0109861123239033
"14783",0.0135136377823327
"14784",0.00398794563190168
"14786",0.125685230832152
"14787",0.0197357441115834
"14788",0.00852728318238398
"14789",0.008486298513665
"14790",0.0159373721278338
"14791",0.0112387201820128
"14792",0.0142516693905025
"14793",0.504414769598039
"14794",0.0775646610520763
"14797",0.00902032638425405
"14799",0.00474012052749566
"14800",0.0183753086419753
"14802",0.00995065953061624
"14803",0.0062591403568592
"14804",0.0238322231129275
"14805",0.0211956087194235
"14806",0.00932360348411117
"14807",0.0151644279624802
"14809",0.00914293756732607
"14810",0.00422599040846684
"14811",0.00858740707596145
"14812",0.0151562999216434
"14813",0.00702495906979852
"14814",0.0181771369039086
"14815",0.0196983687288396
"14816",0.0107674286402827
"14823",0.0393546210170812
"14824",0.0318666757735127
"14827",0.00448724319411778
"14828",0.00745580672468567
"14840",0.719412396694215
"14841",0.473318558123081
"14842",0.398796879282163
"14852",0.00775600464876033
"14853",0.00939614781420204
"14854",0.013840830449827
"14859",0.39658530434836
"14860",0.0145783264746228
"14862",0.00742285778908791
"14863",0.123635970167279
"14865",0.0155536922544542
"14866",0.0126020994159666
"14867",0.0145800451389701
"14869",1.24850203546152
"14870",0.00954469474413151
"14871",0.0176732998790777
"14872",0.0720992011007202
"14873",0.00691516155719695
"14874",0.00666590955941605
"14884",0.007478941773568
"14885",0.0165960777672638
"14886",0.00342488001110713
"14894",0.0064309641294436
"14897",0.00763842110854414
"14904",0.0074090690594456
"14910",0.0284893894913466
"14911",0.0113264302188674
"14912",0.0537832428606721
"14913",0.435546987477476
"14917",0.35712288865442
"14919",0.020510845685715
"14923",0.00884198509804474
"14924",0.0132866997027975
"14933",0.0140701929744255
"14936",0.011609863700113
"14950",0.00599518367346939
"14958",0.00643813814864343
"14960",0.241667255137349
"14961",0.249819070025827
"14962",0.129883549758007
"14964",0.126285869322353
"14969",0.243838584070043
"14972",0.126189165349483
"14976",0.0116696705527346
"14977",0.0090702947845805
"14979",0.0133838444772237
"14991",0.0891679174502868
"14998",0.0133740571058355
"14999",0.101066464703368
"15001",0.139652875587507
"15002",0.146692581644144
"15013",0.77240089303376
"15015",0.254873057952835
"15018",0.495008827907274
"15024",0.335875970895452
"15039",0.0489381397270575
"15040",0.167526064298221
"15042",0.068722684560312
"15064",0.0294722100296268
"15078",0.00618746421327433
"15081",0.00498062822992394
"15107",0.0116245339867547
"15108",0.01805904713426
"15114",0.0148235023403777
"15115",0.00548393202684136
"15116",0.0658540803093899
"15118",0.0329272870229411
"15122",0.0421599204591125
"15139",0.755649536503054
"15159",0.00952809088883939
"15160",0.0669306971904266
"15161",0.0124113428062008
"15162",0.0819858185399359
"15163",0.0416588114607562
"15165",0.00800764730317453
"15166",0.0073933381587187
"15168",0.0204870692037061
"15170",0.0718168707936058
"15182",0.00912404456197941
"15183",0.00487746265922728
"15184",0.00546549830783728
"15185",0.00678244837110315
"15186",0.0948944157723636
"15191",0.00399165073142929
"15193",0.0065603100489812
"15194",0.009548365069958
"15199",0.0111002118989749
"15200",0.0147500306361822
"15201",0.137223338013492
"15203",0.0321621232805739
"15204",0.0116285840359654
"15205",0.0264097432367591
"15208",0.0345035437192945
"15211",0.0142210746951122
"15212",0.0192497464433541
"15213",0.00582944805666668
"15214",0.06126249078863
"15216",0.0220187304890739
"15220",0.0502227517036726
"15223",0.0715980529785156
"15227",0.160162560314638
"15228",0.00886647444150077
"15229",0.225344942791526
"15234",0.157815725276787
"15239",0.0060763587482205
"15242",0.0944217252773897
"15245",0.0234426867516769
"15247",0.0107015457788347
"15248",0.0594067099569263
"15251",0.0107528808571103
"15254",0.00726619264398052
"15257",0.0125155362649125
"15258",0.0130304660729409
"15259",0.0081
"15260",0.0044741443334964
"15267",0.0774396934950573
"15270",0.0222947606943233
"15273",0.00943527251267948
"15275",0.00370047259024463
"15277",0.0221595422292022
"15278",0.014796677970586
"15284",0.309202305564108
"15288",0.0158033705618622
"15289",0.0193547469407048
"15312",0.00823816382003327
"15331",0.010834219862181
"15353",0.0174876666381357
"15354",0.0147024509387789
"15356",0.0108845561265626
"15357",0.0141227386639554
"15360",0.0482573290906849
"15361",0.00850734499027116
"15365",0.113146660974412
"15366",0.474929820149211
"15368",0.0474636411618845
"15369",0.00722144803151747
"15370",0.0443972548159368
"15374",0.00814881957809235
"15381",0.00347645963268772
"15382",0.00773916226780506
"15384",0.00494075919925445
"15387",0.00657908003151348
"15388",0.00411045607282762
"15441",0.00370866165205045
"15442",0.171326647433921
"15446",0.0419594680905898
"15450",0.427602686803247
"15451",0.467586292402301
"15452",0.00532033992571844
"15458",0.282731712628851
"15460",0.0174555581111194
"15461",0.00875410438083899
"15463",0.00690398035367207
"15465",0.0260709214820212
"15466",0.0273104417997589
"15467",0.00480198762507899
"15468",0.00879722077281264
"15469",0.00694444444444444
"15473",0.0167207105632256
"15476",0.0172608046991248
"15478",0.183399559880679
"15482",0.0271074915784638
"15483",0.0100410945677166
"15485",0.640303353473642
"15488",0.00440033112491715
"15490",0.0172004889359831
"15494",0.150381943424163
"15499",0.0101619406867846
"15500",0.00749508596745096
"15502",0.00415493285139406
"15504",0.117040637421057
"15505",0.00531338048266665
"15507",0.150058973794228
"15510",0.00492031085906322
"15511",0.0304530641647361
"15512",0.00413343203545795
"15519",0.00663455054000449
"15525",0.00394600801360509
"15526",0.00428181759092826
"15528",0.0103468317610301
"15529",0.00715409204495488
"15530",0.0209661985999463
"15531",0.00482253086419753
"15547",0.0107537970914887
"15550",0.0104345780058785
"15551",0.0343602485995243
"15557",0.117036011080332
"15558",0.14524438995344
"15559",0.329639708761851
"15560",0.0179413513831899
"15561",0.0155396684598665
"15562",0.0269704488903487
"15563",0.0191834009867941
"15564",0.040403466840684
"15565",0.0256317143872518
"15566",0.0343098947478947
"15568",0.00664326004792798
"15569",0.0146331945889698
"15571",0.00330459301806463
"15572",0.0133951328179122
"15574",0.0179679593136531
"15586",0.0350865991998672
"15587",0.0460635636748354
"15893",0.00839913843927775
"15894",0.0661441957376332
"15896",0.0586299095015917
"15898",0.00951875895822571
"15900",0.0509030659087379
"15901",0.0240657093545833
"15902",0.00715475481765308
"15903",0.0228930508372509
"15904",0.010547366707982
"15925",0.00564277122466032
"15926",0.00723736313661878
"15929",0.00593332869968344
"15931",0.00969467455621302
"15932",0.01658944
"15936",0.0901246249562268
"15937",0.0351522334052188
"15939",0.0165054899909219
"15944",0.15078207308922
"15945",1.8911949980903
"15950",0.0633430514368151
"15951",1.81788250439363
"15953",0.213565988934974
"15957",0.589239002267574
"15958",0.081594431053994
"15959",0.323747541532771
"15975",0.00499506297446084
"15976",0.0130668805358441
"15979",0.018141925524851
"15980",0.00491163925127717
"15982",0.0110886090352001
"15983",0.0231788525123352
"15985",0.479397280843509
"16000",0.039348882495932
"16001",0.008426799347589
"16002",0.0251542953894872
"16004",0.0157743323110951
"16007",0.104019138269488
"16008",0.0352293498954549
"16009",0.0245437846608529
"16010",0.0128324661790172
"16011",0.0125305270165159
"16012",0.0837950138504155
"16019",0.273619245595567
"16068",0.122226415622767
"16069",0.513269068343695
"16145",0.269441611758741
"16147",0.510486978262446
"16149",0.157003060276042
"16150",0.00677943383614722
"16151",0.00865771210564561
"16154",0.0673194485506883
"16155",0.0186551014005345
"16156",0.279496023946249
"16157",0.0118135474926228
"16158",0.128093982634168
"16159",0.441771100466121
"16161",0.245246754672231
"16162",0.0333604386897688
"16164",0.0776229620377228
"16168",0.104744900877916
"16169",0.0555262010739035
"16170",0.017483123579026
"16172",0.0211852417270425
"16173",0.0155212945342654
"16175",0.240902737209645
"16176",0.548966111015341
"16177",0.0642321898265554
"16179",0.00604504079426851
"16180",0.022219839902157
"16185",0.683310698573609
"16186",0.252584598207679
"16188",0.0831685112710236
"16190",0.0448273935610841
"16191",0.389267004255722
"16194",0.0561705633845239
"16195",0.0134409147993919
"16196",0.636908020540814
"16197",0.316514045331813
"16201",0.00476888373905881
"16202",0.00766648096432801
"16205",0.155145728769839
"16206",0.0239390608199177
"16210",0.00694444444444445
"16211",0.00417827982812591
"16319",0.0162622143579054
"16322",0.0155023563815697
"16323",0.0349124572465885
"16324",0.0277507236982743
"16328",0.00805391190006575
"16329",0.0103999981639062
"16330",0.0088808040948264
"16331",0.0177980794922535
"16332",0.00979000813177477
"16337",0.015948415232178
"16341",0.00798862360689448
"16348",0.0135661033344431
"16351",0.0328636962797569
"16353",0.357344582298177
"16362",0.0290363450919447
"16363",0.0124536694423542
"16367",0.0168327581688638
"16371",0.414690838721059
"16391",0.103846996604112
"16396",0.00701659403235285
"16398",0.39467468196878
"16399",0.115142842046968
"16400",0.0179047495679171
"16401",0.0173000178574738
"16402",0.0666796390786642
"16403",0.0102481510043984
"16404",0.0185429238592823
"16407",0.385161780547861
"16408",0.644933833375648
"16409",0.0209746419158686
"16410",0.010256728967097
"16411",0.654661504638147
"16412",0.0089481373265157
"16413",0.00987607596975213
"16414",0.0377212736810451
"16416",0.118419913805917
"16418",0.0123456790123457
"16419",0.0162969669533726
"16421",0.416495384912029
"16423",0.0149504152339978
"16425",0.159255370338364
"16426",0.0370010142981437
"16428",0.277542008101731
"16430",0.00662875639071154
"16431",0.00544784580498866
"16432",0.00538027435794114
"16434",0.00830123456790124
"16438",0.0158022974119713
"16439",0.0144512330799402
"16440",0.0225
"16443",0.00566439631593509
"16449",0.0411704915242678
"16450",0.00919003335406185
"16451",0.00486079225515652
"16452",0.00838820859494708
"16453",0.0402752867003197
"16456",0.0217941173549974
"16467",0.00407424173834314
"16468",0.0143372061174646
"16469",0.01958400979059
"16470",0.401876706559794
"16475",0.131481366654134
"16476",0.00805814245122068
"16477",0.0674754967943635
"16478",0.0281230145677396
"16480",0.0186917853584512
"16485",0.00528086314535858
"16490",0.005476
"16491",0.302345934666683
"16492",0.0164852918762384
"16493",0.0889338403940201
"16494",0.00624091578494868
"16497",0.0104647858975355
"16499",0.0157141876666034
"16500",0.00447389402338597
"16502",0.00360958158408396
"16504",0.00457173289347795
"16506",0.0213490246282725
"16508",0.0103686328475219
"16510",0.0156188791499951
"16511",0.0105382826345861
"16512",0.00975166200650133
"16513",0.0059189918431117
"16514",0.0102145726221396
"16515",0.0345653991748117
"16517",0.0123975169052009
"16518",0.042323432078829
"16519",0.009561586939118
"16520",0.00873668716746515
"16522",0.00829204547847279
"16523",0.0391528448920888
"16524",0.00682808238373706
"16525",0.00728044780556055
"16526",0.00602547089223028
"16527",0.0158234107114245
"16528",0.0204903051153493
"16529",0.186733482115436
"16531",0.00753448770714893
"16532",0.0591089566492852
"16533",0.168050012953673
"16535",0.312237861695877
"16536",0.00657943185643207
"16538",0.0173419111126889
"16539",0.0129142146920007
"16541",0.505312492921366
"16542",0.0285815739849205
"16543",0.0511852478101889
"16548",0.0171100035286701
"16549",0.00454495412131591
"16551",0.142081578249789
"16553",0.009961556979354
"16554",0.00866553539918955
"16558",0.0152932320377064
"16559",0.0145558470853219
"16560",0.00823720985959982
"16561",0.00791379115641409
"16562",0.00367435259898668
"16563",0.00663990098377097
"16564",0.00964478873601316
"16565",0.00982758943797905
"16568",0.0039107512136684
"16569",0.00640958083698242
"16570",0.00398924644741807
"16571",0.161932219997539
"16573",0.00925588676808135
"16574",0.00470949442310867
"16576",0.0458594031573893
"16578",0.0449719092674351
"16579",0.00392667480179154
"16580",0.145881558641975
"16581",0.00424628319029746
"16582",0.00900485919388951
"16588",0.0240197637988495
"16589",0.00605824384490469
"16590",0.0154422714572123
"16591",0.0194918954106461
"16592",0.00790649273616912
"16593",0.00301071834619641
"16594",0.00429575427201962
"16597",0.0147881446096825
"16598",0.0708899831461426
"16599",0.0284028392990449
"16600",0.0461654261263877
"16601",0.01088111207468
"16625",0.99838122244259
"16646",0.00713568337528944
"16647",0.00672831726028446
"16648",0.00653153558876261
"16649",0.0108920619819406
"16650",0.0047577877645278
"16651",0.0130073082439724
"16653",0.0109229805744721
"16656",0.00947537021006102
"16658",0.0174722471614724
"16661",0.0320055191977562
"16665",0.25
"16668",0.315621446609059
"16678",0.0627509197878836
"16681",0.0589497377994167
"16691",1.00150636417607
"16706",0.00977304170604915
"16709",0.00748532682575747
"16716",0.0514836578299678
"16728",0.00950280149882005
"16763",0.0530137460659001
"16764",0.00613161598175519
"16765",0.0122075881875842
"16768",0.0918428373823708
"16772",0.070387338608913
"16773",0.0126846900952459
"16774",0.0474120361515281
"16775",0.0433016495977357
"16776",0.016463779000921
"16777",0.00790123456790123
"16779",0.0156561969573942
"16780",0.12017698433265
"16782",0.0766337648087614
"16783",0.00373506390918982
"16784",0.0062409372768547
"16785",0.0104634851093979
"16790",0.0491173518085841
"16792",0.0224198575881495
"16795",0.0038854960298061
"16796",0.00931798622413286
"16797",0.315683476964475
"16798",0.0135309709281246
"16800",0.00404685195554504
"16801",0.0103222601681779
"16803",0.100115755460558
"16816",0.0183421166842334
"16818",0.13542321294059
"16819",0.414774962644482
"16822",0.065440778799351
"16825",0.00658178303039156
"16826",0.0177035856720718
"16828",0.00495696652445589
"16832",0.00713808858180665
"16834",0.00619108785115047
"16835",0.0322348664798358
"16840",0.198313819824646
"16842",0.0547718912094024
"16847",0.129736528829092
"16848",0.0252183882633826
"16852",0.0293877551020408
"16854",0.253495782007334
"16855",0.0734043427838066
"16859",0.126670591439401
"16865",0.00984462903501948
"16866",0.563021969071351
"16870",0.0068320270382209
"16874",0.0147131083132245
"16876",0.0210659060807323
"16878",0.234529126294187
"16880",0.00750820067381939
"16881",0.0240040803606763
"16882",0.0094211251347824
"16885",0.0105396177915463
"16886",0.00613316639343286
"16889",0.0086511331860682
"16890",0.020843338000585
"16891",0.0701157780577897
"16897",0.0107591457321104
"16898",0.0125202314534096
"16904",0.0831776322985882
"16905",0.0187365869552687
"16906",0.0226161621474412
"16907",0.00998838222578457
"16909",0.010323299276041
"16911",0.00633558889179352
"16912",0.195858244312798
"16913",0.150482719361788
"16918",0.0125119489112102
"16922",0.00913238679331626
"16923",0.00893766962923272
"16924",0.0260107014021027
"16939",0.0884290332011846
"16948",0.334814886608546
"16949",0.0683379476127748
"16950",0.0398921833374331
"16952",0.248917515884732
"16956",0.0216262975778547
"16969",0.00566714270269575
"16970",0.0954133326258537
"16971",0.0106735518837743
"16973",0.0182649326901204
"16974",0.017202140320077
"16975",0.00607844227520147
"16976",0.0110181126036352
"16977",0.0884039161336965
"16978",0.00605827232942218
"16979",0.0120193471950278
"16980",0.00585118609962497
"16981",0.00548559559237754
"16985",0.0821005056887252
"16987",0.0121621453396183
"16988",0.118052488149216
"16993",0.00806440229021023
"16994",0.163164800943283
"16998",0.0133642383862113
"17000",0.0141792245718107
"17001",0.059168270489728
"17005",0.0248078804615734
"17022",0.0608040920005354
"17025",0.0102387975591931
"17035",0.00943965162450518
"17060",0.0658817714374116
"17064",0.0300532335646871
"17067",0.013131818236473
"17069",0.0125869267144373
"17075",0.528258260274776
"17076",0.111138091287327
"17079",0.152770631090308
"17082",0.669887172102341
"17083",0.0132889660493827
"17084",0.059286259557972
"17085",0.659528301087712
"17087",0.19608375651133
"17089",0.0223969981103957
"17095",0.0430461711398741
"17096",0.0348119425296104
"17101",0.0165095630803369
"17105",0.0507495151943395
"17110",0.343888126809938
"17112",0.019313698307578
"17113",0.0040170601071216
"17116",0.361262220055432
"17117",0.0182776210828572
"17118",0.00905961926143846
"17119",0.0162585080477106
"17120",0.0116198845870004
"17121",0.193698062553829
"17122",0.0101687733917096
"17125",0.0164463037442006
"17126",0.00860290433386257
"17127",0.00859480063511254
"17128",0.00941037138400217
"17129",0.0107284340742159
"17130",0.0866477673614082
"17131",0.0189695809895614
"17132",0.0180877463217301
"17133",0.212985782432477
"17134",0.00554325961245866
"17135",0.0149487222876243
"17136",0.0150180051009513
"17149",0.0181213017751479
"17150",0.0457396939769864
"17151",0.00707823236117752
"17152",0.107725067325865
"17153",0.029701780532069
"17155",0.015961011896251
"17156",0.00636181343239103
"17158",0.0180465731979627
"17159",0.0178481151088128
"17160",0.0198272444785994
"17161",0.00896307908503679
"17164",0.00847455741744909
"17165",0.00759345627159794
"17168",0.00847523310134375
"17169",0.0048026163838102
"17171",0.00640288548237994
"17172",0.0308460513260357
"17174",0.0265465666512055
"17175",0.168976237716571
"17179",0.00954960798252396
"17180",0.6103515625
"17181",0.0101799772104517
"17183",0.0183227497674882
"17184",0.0103806846099656
"17187",0.00605661665587087
"17188",0.00587824755840602
"17189",0.597410269221509
"17190",0.00898808232232397
"17191",0.00376433144713674
"17192",0.0103791227997603
"17193",0.0376722942257569
"17202",0.0670679941975892
"17203",0.233027135702375
"17207",0.00460347079346264
"17210",0.00596123528897558
"17215",0.0426119970129724
"17216",0.0364874447131301
"17217",0.0166840277777778
"17218",0.0187646678165383
"17219",0.00960734963910714
"17220",0.0247541086586592
"17221",0.0748789411950071
"17222",0.00506395347824429
"17237",0.00471550406159627
"17240",0.381210655250845
"17242",0.0283314740189271
"17245",0.0340754562058925
"17246",0.00822254928234248
"17248",0.0106726360137261
"17250",0.0116256721301217
"17252",0.0116720937582034
"17254",0.00491977282676522
"17256",0.0115736516250585
"17257",0.00965324283446347
"17258",0.00539146168516798
"17260",0.0132346751979035
"17261",0.00853743836494373
"17263",0.0262993255937473
"17268",0.142720226580456
"17274",0.00747103509582056
"17281",0.0118548287245533
"17283",0.00569065179942911
"17285",0.135322745516166
"17289",0.0105742836152461
"17293",0.286404363490941
"17294",0.0301545739463337
"17295",0.064477601093933
"17299",0.0295294589146541
"17300",0.0380471475125713
"17304",0.00903879441908022
"17305",0.0432691280410066
"17306",0.0449517735494771
"17308",0.0118936766558468
"17309",0.00381348401335484
"17311",0.0231127160794208
"17312",0.576098196832764
"17313",0.0399463926796872
"17314",0.151314745271809
"17318",0.0284511540136449
"17319",0.0106846480480779
"17330",0.00553000333178871
"17342",0.0277824856762106
"17344",0.00611548661659247
"17345",0.259085971940825
"17346",0.00539995477537876
"17347",0.00988405895078421
"17349",0.240863721109917
"17350",0.015506133942431
"17354",0.0114214989295134
"17355",0.0172178050083524
"17356",0.00922182929277129
"17357",0.0107947441490476
"17380",0.0438819749223076
"17385",0.0842951225618633
"17387",0.0173667447869719
"17388",0.0131370838200569
"17389",0.0180932554325149
"17390",0.0538553294521889
"17391",0.00937097217827605
"17395",0.193468941179648
"17420",0.0106408369754714
"17423",0.0157763308361922
"17425",0.0156206118795414
"17427",0.230330084208875
"17428",0.00975309594537248
"17433",0.0179194419208545
"17434",0.00901909367439551
"17436",0.00589858739635117
"17441",0.0308153279964858
"17448",0.00550153575652274
"17449",0.00378492074488524
"17454",0.0403795945520115
"17463",0.00486092135688453
"17470",0.00436918556380496
"17472",0.109564281682978
"17475",0.0078676082262217
"17476",0.0575564159168134
"17524",0.0068919289831956
"17527",0.00636871891137474
"17532",0.00702681285444235
"17533",0.120567232648449
"17534",0.0514196311379892
"17535",0.0245077524523063
"17536",0.011937604572115
"17537",0.01259104976075
"17540",0.0969727364059366
"17681",0.137445118035705
"17684",0.0147193190317913
"17685",0.00706591930371266
"17686",0.0140316872511585
"17687",0.438755469705492
"17688",0.0109174883430313
"17690",0.0106088069362111
"17691",0.0407809455767492
"17692",0.0114857595152463
"17698",0.0123159124673877
"17700",0.328040578380598
"17701",0.0811419074328588
"17702",0.359506511367113
"17713",0.00547143563833102
"17714",0.0127543134834701
"17748",0.0109155713967476
"17749",0.028685276872809
"17750",0.0135783983449635
"17751",0.0130643654026696
"17754",0.00385750437710032
"17755",0.0107798502458304
"17756",0.0101723348218169
"17758",0.00494867917089577
"17760",0.00623748359520963
"17761",0.00645650047101211
"17762",0.00350212373684333
"17763",0.0924652851079523
"17764",0.0104959260673717
"17765",0.0141558024954468
"17766",0.0641198032750649
"17768",0.0472690366261791
"17769",0.0119936906110046
"17772",0.0420184586955291
"17775",0.00525952832980102
"17776",0.00478676056881358
"17777",0.0170931583306161
"17826",0.0165887972708668
"17827",0.0146753347963571
"17828",0.00870422268673831
"17829",0.317114364711294
"17831",0.565709693914822
"17846",0.0170619191300768
"17847",0.0232687137128753
"17850",0.00852975779950505
"17855",0.0162297158925357
"17858",0.518722547611582
"17859",0.00667498834586103
"17863",0.615032613019159
"17864",0.0650210830082987
"17865",0.223607923467852
"17868",0.554566820236895
"17869",0.0344299559939514
"17872",0.00953363383235703
"17873",0.0393875343760321
"17874",0.0376988338108585
"17876",0.00826446280991736
"17879",0.441462028319508
"17880",0.0341620161778132
"17882",0.508191047171248
"17883",0.1289892635046
"17884",0.303680760207971
"17885",0.107793397576417
"17886",0.00524932010970031
"17888",0.510887029618796
"17896",0.0571629642146822
"17901",0.25075244502233
"17904",0.00891375541081418
"17906",0.445652851514296
"17907",0.256567556738908
"17909",0.00977854241256618
"17910",0.584805253005076
"17912",0.0241783177299055
"17913",0.0122969723923171
"17916",0.103429986415492
"17918",0.0119945861122565
"17919",0.00658837915331422
"17920",0.0093537547959927
"17921",0.0121394769122388
"17925",0.00930129631466368
"17926",0.0479726290234161
"17929",0.0946233071154566
"17930",0.340638775026975
"17931",0.00803164672842124
"17932",0.0437242979434878
"17933",0.0135775085801747
"17936",0.00983193576527978
"17937",0.00889323443061117
"17938",0.00916832876390214
"17939",0.0131179053494646
"17948",0.148887342581955
"17951",0.152534559419854
"17952",0.46249510978532
"17954",0.0057043851359384
"17955",0.00351184108532172
"17957",0.0161492925684037
"17960",0.0751329961744091
"17961",0.387951020408163
"17965",0.0158265755349342
"17966",0.00509937203603149
"17967",0.00336234811738517
"17968",0.0554593740106974
"17969",0.0284803975532285
"17970",0.0729101316840849
"17972",0.16940251338489
"17973",0.0125773002118893
"17974",0.00930942982879356
"17975",0.00744222397565034
"17977",0.0060879452510601
"17978",0.0135125967343673
"17979",0.0075694390069352
"17984",0.00575348416678493
"17986",0.0174967106184037
"17988",0.00605419311909263
"17991",0.0108329862557268
"17992",0.00845798961970692
"17993",0.0079765013387452
"17995",0.0086580409319167
"17996",0.145889670999354
"17997",0.0586507948764675
"17999",0.00808321481164944
"18000",0.00830734587194226
"18002",0.0103003050953492
"18003",0.0198017763773198
"18004",0.0139669421487603
"18005",0.117398009008291
"18007",0.00742746871541509
"18008",0.0298121215258009
"18010",0.0085174419759495
"18011",0.00565873305783642
"18012",0.0195437913856087
"18013",0.0132220789081427
"18015",0.00410331797617962
"18016",0.00578693739968512
"18018",0.0311418685121107
"18019",0.0130700790567343
"18020",0.0503455360015841
"18021",0.0209017718917303
"18023",0.00354308390022676
"18024",0.00911917798783131
"18025",0.0604648240122899
"18027",0.0133717685950413
"18028",0.00520799937692446
"18029",0.00848713279389588
"18030",0.0282263780459071
"18032",0.00548299885812792
"18033",0.0125794292366109
"18034",0.0728107401365208
"18035",0.0130164077135533
"18036",0.0145236137304529
"18037",0.048500637054108
"18038",0.0186151223589962
"18039",0.00367636360234416
"18040",0.00756747254315103
"18041",0.00573629893286337
"18044",0.015635978394181
"18045",0.00788037323160846
"18046",0.00852512093527694
"18049",0.0746840472348387
"18053",0.0590687155415516
"18071",0.164554765549582
"18072",0.159390283183845
"18073",0.061038062283737
"18074",0.0541438078006955
"18080",0.00953039312868792
"18081",0.020007358033241
"18082",0.00467499612400321
"18087",0.0116393512072237
"18088",0.0795390982309006
"18094",0.458970505551396
"18095",0.17050373589948
"18099",0.0065353252178613
"18100",0.013840830449827
"18101",0.0679372908058845
"18102",0.00651531299644071
"18103",0.00876628857937821
"18104",0.0413759750015023
"18105",0.0306055745433331
"18107",0.00367018508522475
"18108",0.016096525233187
"18109",0.114188226847974
"18111",0.0126869682416232
"18113",0.171004908284856
"18114",0.00542204925807319
"18115",0.00868022067049882
"18117",0.00518768836701248
"18119",0.197670555762911
"18120",0.00843890576670042
"18121",0.0635567618078771
"18124",0.0217043003912919
"18125",0.0182482325022315
"18126",0.16454975380302
"18127",0.0348151470760972
"18128",0.0266457612456747
"18129",0.0175674444629264
"18130",0.013840830449827
"18131",0.0251668902485054
"18132",0.0411554206325164
"18133",0.0150423175586367
"18139",0.0066602649186974
"18140",0.281361058601134
"18141",0.00516993625296578
"18142",0.0280337085675583
"18143",0.0134903253645021
"18145",0.00621709552459974
"18146",0.00661093034317958
"18148",0.00633922670916886
"18150",0.0298641285472995
"18155",0.0326207345903877
"18159",0.0507234641205363
"18160",0.0401367130874826
"18162",0.0127645503781498
"18163",0.0043318217755244
"18164",0.00650541150438529
"18166",0.0234996026284684
"18167",0.0173188247453538
"18168",0.0280890109547143
"18173",0.0888828738506637
"18174",0.00651302314266993
"18175",0.21979918229809
"18176",0.00902830273547905
"18181",0.0121697631883444
"18183",0.00770373777789585
"18185",0.133866669226112
"18186",0.00721329801784672
"18187",0.0169822798898843
"18188",0.568759314120083
"18189",0.0127329709760935
"18190",0.00452173768191084
"18191",0.00749863679845209
"18193",0.00656520294627116
"18194",0.0160020053200843
"18195",0.00463044011064038
"18196",0.0034304318517192
"18197",0.0028786921256445
"18198",0.281811833062098
"18201",0.0132935619136414
"18203",0.0140650097022769
"18205",0.0451535298668741
"18207",0.061611330299402
"18208",0.0232299643281807
"18209",0.0199307958477509
"18212",0.0029329379437736
"18213",0.00880799337166348
"18214",0.0433540243103775
"18216",0.0557051634217775
"18217",0.00800001719971448
"18218",0.00469624496073697
"18220",0.00985984756320707
"18221",0.0100816368172711
"18222",0.0091141655538891
"18223",0.00709662707266475
"18226",0.0158224080239707
"18227",0.0189377998484976
"18230",0.0310512300876614
"18231",0.00874528143481695
"18232",0.151885396852117
"18242",0.00432825484764543
"18245",0.0078688735927776
"18247",0.00449677893719737
"18260",0.024360954584151
"18263",0.00570494372744037
"18286",0.00737731511092222
"18292",0.0464749588849638
"18293",0.00447995927029515
"18294",0.0214578827212731
"18295",0.100846378749765
"18301",0.0371771480437313
"18302",0.547561708302024
"18377",0.00555940289319791
"18378",0.49621966670471
"18383",0.2987319273702
"18386",0.0756208472330911
"18387",0.115813039016496
"18389",0.00881883068360432
"18391",0.0118654336734694
"18392",0.217256548079457
"18393",0.00727508650519031
"18399",0.194896071935074
"18400",0.495283539167495
"18408",0.0112448350694444
"18412",0.00297562437498625
"18414",0.0704954333924647
"18415",0.00674221882424038
"18417",0.0248592977967493
"18423",0.0716127752430073
"18424",0.715585487332997
"18426",0.118788160335305
"18430",0.0254295858285433
"18431",0.292040087643857
"18432",0.00501765818535124
"18436",0.206254170966926
"18438",0.0143500434027778
"18439",0.0224332104837765
"18440",0.062073864878724
"18441",0.094414293482956
"18442",0.134699226628154
"18451",0.00687383031876433
"18452",0.023574809060157
"18453",0.00413866346362219
"18457",0.00948252886139517
"18458",0.00446073510292592
"18472",0.00592001450203138
"18475",0.00356386675051121
"18476",0.0265253168914604
"18477",0.00729091420713346
"18479",0.00286989795918367
"18481",0.0113161549898362
"18483",0.0104818594104308
"18484",0.00457547305750816
"18488",0.0102379295518553
"18491",0.132209767584206
"18504",0.386578516466605
"18507",0.832640150924678
"18508",0.0253261703119963
"18514",0.00757475862571739
"18515",0.00503509576238763
"18516",0.0366785456042121
"18518",0.0139954754001901
"18519",0.0158976882666416
"18521",0.00485413864891137
"18526",0.0078882444598338
"18530",0.0171065424500983
"18536",0.00995930828227857
"18537",0.00299439112895798
"18538",0.00527765766232643
"18541",0.0110752111224807
"18542",0.17850625
"18545",0.626376583405641
"18546",0.0140803628038119
"18548",0.0235454542101686
"18549",0.00331612724411921
"18550",0.010683965209061
"18551",0.0675917316454225
"18552",0.0264401776555809
"18553",0.0151759575769658
"18554",0.00815078357468756
"18555",0.00490156088236647
"18557",0.0272666699538199
"18559",0.100411129902022
"18563",0.00738525390625
"18567",0.0197516435354273
"18569",0.0118902784065188
"18570",0.00560869734839106
"18571",0.0107124075348258
"18572",0.0087288556886449
"18573",0.00804479211379056
"18574",0.00478459566545604
"18575",0.0361275161409047
"18576",0.027850925284703
"18577",0.00493087118287684
"18578",0.00702724313296722
"18582",0.00744730341740137
"18583",0.0181686467628793
"18584",0.0235569946850402
"18585",0.0131149190868029
"18588",0.422380612557863
"18590",0.00554414234177905
"18591",0.00700800882198268
"18595",0.0160155439649664
"18596",0.0122860921116208
"18597",0.00367221485173366
"18600",0.00905140817901235
"18604",0.00946532276968315
"18605",0.0577433726887948
"18606",0.0154902010109699
"18607",0.0153972528083941
"18610",0.0356744326028823
"18611",0.00348646958836119
"18612",0.0432236127356396
"18613",0.0100120955537782
"18616",0.00927385415326134
"18618",0.0540114883538004
"18619",0.0837768952541115
"18624",0.011811268854252
"18626",0.0168114332604581
"18627",0.0339996492698024
"18628",0.0242002496115187
"18631",0.0142333574274509
"18632",0.00608731519252781
"18633",0.0103728767486757
"18634",0.0109686924930776
"18636",0.0379423267052392
"18637",0.006926819974675
"18639",0.226575149811023
"18640",0.0111855727863389
"18641",0.00642174359897376
"18642",0.00403608638729508
"18643",0.00979275173611111
"18645",0.00455013964355091
"18647",0.00946804348346908
"18648",0.00272507843914746
"18654",0.0464733656834723
"18655",0.00355825341566677
"18667",0.0167032241612349
"18669",0.0346482930855444
"18670",0.0305104784424401
"18671",0.00977584595034153
"18673",0.0087890625
"18674",0.00291247247936889
"18675",0.436515744172577
"18676",0.0134031124724112
"18679",0.00723078346985053
"18682",0.00975059242335356
"18685",0.00601416076634736
"18693",0.0114430035194866
"18700",0.0379870754544053
"18701",0.0237167359674779
"18704",0.0222491584799745
"18706",0.00411472153653729
"18707",0.0112726718488035
"18708",0.00457173760218599
"18709",0.00857640593907438
"18710",0.00856514654215976
"18711",0.0148300971041501
"18712",0.0789616393642067
"18715",0.00606355818328406
"18717",0.0059432159425941
"18718",0.00748423919556829
"18719",0.0154916029072779
"18720",0.00957342066054565
"18733",0.515430767387565
"18738",0.00321196460941354
"18739",0.00873488253000632
"18744",0.00290746113843191
"18747",0.00354451414903659
"18749",0.00773798040054945
"18750",0.00855133711871723
"18751",0.00963716093133342
"18752",0.00288762806955332
"18753",0.0351816502235254
"18754",0.00730753912197793
"18755",0.0692549715364618
"18759",0.0133793302319311
"18760",0.0129515566013637
"18761",0.0187791495198903
"18762",0.0035777629107195
"18763",0.0157268433917077
"18764",0.0107385433165991
"18766",0.084385433787012
"18767",0.00596301593557771
"18768",0.0266730363736962
"18769",0.0100750466411368
"18771",0.0145717022209427
"18777",0.0076709948208511
"18779",0.276558530237832
"18782",0.384221537603181
"18783",0.0854811911899571
"18784",0.629198506176386
"18786",0.00819875911282687
"18787",0.210707831751954
"18789",0.0084167999326656
"18791",0.0189339819361342
"18792",0.0773167957320286
"18793",0.648335046328164
"18795",0.0125666664612724
"18796",0.0414951989026063
"18797",0.00906681257143106
"18798",0.0123940014304983
"18799",0.0306915955559679
"18802",0.0191127439529402
"18803",0.00742748074131393
"18805",0.032966510225318
"18806",0.0105301135246012
"18807",0.00355904137349729
"18810",0.00477818598823504
"18813",0.00530282708744247
"18816",0.486737697843009
"18817",0.153937176711385
"18821",0.217191171235315
"18822",0.0129702141259533
"18823",0.025183659983334
"18824",0.0492720545355829
"18826",0.036115889243258
"18828",0.0889163253518168
"18830",0.0118055112863309
"18844",0.00994869610855695
"18845",0.00841919417085931
"18846",0.0270862419726398
"18854",0.0148095519230555
"18858",0.01189988776575
"18861",0.012023561679979
"18933",0.0301867695380328
"18938",0.0124710515665961
"18949",0.0106058840753943
"18950",0.0154545326413329
"18951",0.00537474398457799
"18952",0.015291516643363
"18968",0.0491571024928783
"18969",0.0326749426412521
"18970",0.0125334432994366
"18971",0.031760396326529
"18972",0.0223570675929914
"18973",0.07450974743419
"18974",0.442639209936525
"18975",0.00496952593673635
"18976",0.0987123578735282
"18983",0.00878048571348949
"18984",0.00954147021509904
"18986",0.0278658482331391
"18987",0.0316605148998143
"18988",0.428878804249212
"18991",0.0128121136793749
"18992",0.0281040168470635
"18993",0.0090151144120212
"18994",0.0572461826043872
"19009",0.00503852708613283
"19011",0.221618046990188
"19012",0.0113603241589605
"19013",0.0324
"19014",0.00879079561559845
"19015",0.0136923048396572
"19016",0.13443826543444
"19017",0.00998685507864692
"19018",2.00590282284816
"19023",0.49929502643137
"19024",0.0232905810775838
"19025",0.00717453301077321
"19027",0.00949059689129918
"19035",0.00883134727387841
"19038",0.0643128727960751
"19039",0.245319916274408
"19041",0.0509534402553503
"19042",0.00461418234485634
"19043",0.0083407877439208
"19044",0.0112965787567816
"19045",0.00459818841856834
"19046",0.00864606570712454
"19047",0.00592602220804799
"19049",0.0135770569885463
"19052",0.00324713311629979
"19053",0.0054558367768595
"19054",0.0106861464884052
"19055",0.010378460105346
"19056",0.00629465200464449
"19057",0.0130137147704779
"19058",0.0101826932211847
"19060",0.00477209009614664
"19062",0.00543433596318212
"19063",0.00513013285206849
"19069",0.00490892125441194
"19070",0.00603596201532149
"19072",0.0103506500909539
"19073",0.0213897309238693
"19075",0.047360537517823
"19076",0.0295110171342967
"19079",0.0205103828062309
"19082",0.00809441668119291
"19084",0.00391052418587529
"19085",0.00839111939863644
"19087",0.00656596135579872
"19088",0.0113620618417232
"19089",0.00804909379181164
"19090",0.0123088743254979
"19091",0.0261203706602702
"19092",0.0731427249059247
"19094",0.0123456790123457
"19099",0.00586013555852333
"19106",0.1601369374447
"19108",0.0152809738429488
"19116",0.131600840675071
"19122",0.00249755082062213
"19124",0.219337994240739
"19125",0.012201052652466
"19126",0.0172178495146118
"19128",0.0195091542358191
"19130",0.0254914880235437
"19132",0.170226147391038
"19134",0.0158625285891495
"19139",0.00427604291992249
"19141",0.0150990591086723
"19142",0.0116505007900317
"19143",0.220855793885758
"19144",0.262261299462439
"19152",0.199527625471267
"19153",0.144418514600744
"19155",0.00534981285165198
"19157",0.0041093313501828
"19158",0.00804451618707959
"19159",0.00683631706933664
"19164",0.00488213502103512
"19165",0.0104493827160494
"19166",0.00534788745430145
"19167",0.0083409902668532
"19170",0.00632348076554446
"19171",0.0199998247078811
"19172",0.0059096435242965
"19173",0.005830488539403
"19175",0.0107162289833907
"19177",0.00705594095434548
"19179",0.00619317717853531
"19181",0.00799668224656598
"19182",0.0090702947845805
"19183",0.0652525337309626
"19184",0.00756675058873416
"19185",0.00918912698928659
"19186",0.0215458134424118
"19188",0.0200623546469392
"19192",0.00383402505535374
"19193",0.155448129998679
"19197",0.276272669616971
"19200",0.0712573717135126
"19201",0.0199048987055985
"19204",0.0827847609435975
"19205",0.00762869893635941
"19206",0.0152059310341475
"19207",0.0749244299973511
"19210",0.00418870359517171
"19211",0.00582926833816837
"19212",0.0356735021798841
"19214",0.649551502747789
"19215",0.152545116514523
"19216",0.0645672909472678
"19217",0.330789097718511
"19218",0.238239325915953
"19219",0.161253054441914
"19220",0.722326371565999
"19221",0.0228771020511123
"19223",0.142773023407688
"19224",0.014472270902821
"19225",0.0210646591313508
"19227",0.0994649429126726
"19228",0.0405443247846656
"19229",0.00275787597146658
"19230",0.00652116025932481
"19231",0.00884966493497947
"19240",0.03343089872848
"19241",0.0104205334109108
"19242",0.00585945986643104
"19243",0.00857625819653796
"19244",0.00550326233391154
"19245",0.0187634302293436
"19246",0.00558917206565784
"19247",0.00525882995052708
"19248",0.0183605120148286
"19249",0.0153055441103109
"19250",0.0343788601244236
"19252",0.0647794491217884
"19253",0.112025601996888
"19255",0.0121581693892244
"19256",0.614699003291496
"19258",0.0119209134365284
"19259",0.0129949353328896
"19260",0.224791107391114
"19261",0.00269042597012057
"19262",0.00344121345609777
"19263",0.0108028570123804
"19264",0.10889805711788
"19265",0.299534331628926
"19266",0.0111365826420352
"19267",0.0109305301050535
"19268",0.0253117320440989
"19270",0.0148375132629067
"19271",0.00784333122595245
"19272",0.0109076809249842
"19273",0.014449575436134
"19274",0.012604059333934
"19275",0.0083155347109324
"19276",0.0049846799574303
"19277",0.011270110828786
"19279",0.00927563305369766
"19280",0.00621429877118341
"19281",0.00897828284724563
"19283",0.0104885850178359
"19285",0.0229242748947895
"19286",0.0114054105005184
"19288",0.627420562388766
"19289",0.0596732293135119
"19290",0.026937047440401
"19291",0.0106850227140904
"19293",0.0158112486453399
"19294",0.0386759415095014
"19296",0.009768671275763
"19298",0.00495645101670526
"19299",0.00455767416190425
"19300",0.018445983475873
"19301",0.0407515605405806
"19302",0.0123456790123457
"19303",0.00915341971175538
"19305",0.00544335564071844
"19309",0.0176305504381812
"19317",0.0121618947697134
"19324",0.00502500315061814
"19325",0.00536297316600347
"19326",0.00455819698299176
"19328",0.00397402915278638
"19330",0.00566539484333449
"19332",0.533881186337489
"19334",0.013831079266214
"19335",0.0170066883340231
"19336",0.00976452401503298
"19337",0.0135982610854317
"19338",0.0117715408603529
"19339",0.00322785570589617
"19340",0.0151184978695935
"19341",0.00988671298935383
"19342",0.0177233421543713
"19344",0.00361360914464589
"19345",0.00561967833520796
"19346",0.00774217522271656
"19347",0.00389275585918305
"19348",1.07328125473793
"19349",0.00256369171607114
"19352",0.00637233930843006
"19353",0.00442610781710738
"19354",0.106117998163453
"19355",0.027789133026623
"19356",0.0116815157027015
"19357",0.00831288729309007
"19358",0.00538171661407302
"19359",0.00590180381884288
"19360",0.02148488557648
"19361",0.227290847296983
"19362",0.122325626448173
"19363",0.412179195406323
"19364",0.0133737024151117
"19365",0.0173242053178562
"19366",0.253897491362919
"19367",0.0290500247055444
"19376",0.018673426707152
"19377",0.00994001851674512
"19378",0.19069731593672
"19383",0.0103404702701585
"19384",0.00326651025487074
"19385",0.0135967312457811
"19386",0.023068371925532
"19387",0.00510204081632653
"19395",0.0186477169745883
"19400",0.304896030245747
"19401",0.0234927835125901
"19411",0.0234474605004304
"19414",0.00496903486975014
"19415",0.00907461011953443
"19416",0.0220485392836887
"19417",0.00438886772560272
"19418",0.0144180168890735
"19419",0.00559254424371045
"19428",0.602143358405549
"19645",0.0140222154453001
"19646",0.0053123149372111
"19647",0.00810035921372103
"19649",0.0491791989197349
"19650",0.0783041491646105
"19651",0.00732599241759785
"19652",0.0256534030820906
"19653",0.0193909866755138
"19654",0.00747768722894289
"19655",0.00927186391205576
"19656",0.00559620575667433
"19659",0.0314052235218715
"19662",0.0710003461573424
"19663",0.0711200427041706
"19664",0.0082011136
"19668",0.217897567532267
"19671",0.0122000085586795
"19672",0.0137719438879008
"19674",0.639801134157962
"19679",0.0106814055524837
"19682",0.106332703213611
"19684",0.0064173912963324
"19687",0.00636734842814842
"19691",0.0138564347174635
"19696",0.0423013705748941
"19697",0.0144377563280255
"19698",0.0189722130862933
"19699",0.0168899714838939
"19700",0.607235412613419
"19703",0.0579610277825461
"19704",0.00652728556501658
"19707",0.00659579743605978
"19708",0.0090702947845805
"19711",0.025705349682961
"19712",0.0526588219523991
"19713",0.0709120434241552
"19714",0.0136905918830117
"19716",0.0102681666899592
"19718",0.013215116460456
"19719",0.00825384839155098
"19720",0.0105459760341915
"19724",0.00731763894915778
"19725",0.0450011022711493
"19726",0.0219314978452129
"19727",0.0168038408779149
"19729",0.0090082758567867
"19730",0.00665912075625804
"19731",0.00739370465857447
"19732",0.0187094958708371
"19733",0.398931272591589
"19734",0.0314250365691407
"19735",0.0111426688969082
"19736",0.00843849422271863
"19737",0.00504571697008483
"19739",0.0166897040651494
"19744",0.00651719835069444
"19752",0.223684117996095
"19762",0.00582127061872483
"19763",0.00857420982195437
"19765",0.00611786225649057
"19766",0.0270808720518489
"19769",0.00769751805748181
"19771",0.00989796824730894
"19773",0.232440502888003
"19775",0.00806890670659281
"19777",0.00798536142857183
"19782",0.124614609597751
"19799",0.189400718894619
"19817",0.0601637593449626
"19819",0.0153638345570415
"19820",0.00655675222886728
"19821",0.00888517964119299
"19822",0.00444769330723397
"19823",0.00517449492702029
"19826",0.00540715906281269
"19842",0.155377504017762
"19848",0.0889222911209216
"19858",0.327712157644597
"19859",0.327712157644597
"19860",0.327712157644597
"19872",0.352017703961126
"19876",0.0113597239566509
"19877",0.0150883501767004
"19878",0.00819319352118893
"19879",0.0218351085446309
"19881",0.0210367902703417
"19882",0.206855484938578
"19883",0.0209328601179428
"19885",0.0628389496013678
"19889",0.0190260738260453
"19891",0.0138793145976689
"19892",0.480911216426348
"19893",0.0171734315600993
"19894",0.00567308001851155
"19895",0.0220040423597438
"19896",0.00778085654291305
"19899",0.0144637464272212
"19921",0.00698977920818238
"19933",0.0910654906569334
"19934",0.00664489719534051
"19935",0.0167739275044449
"19941",0.0108807655076172
"19942",0.00830705983412424
"19943",0.0169108105678873
"19944",0.00881117353081879
"19946",0.0143684666396308
"19951",0.0119811357814017
"19981",0.0132529676226296
"19982",0.0205364489417202
"19988",0.00702683275224975
"19989",0.00506429566312455
"20005",0.00899410616956446
"20014",0.004596380350474
"20016",0.0127484336080484
"20017",0.0160627220150546
"20018",0.00933538283323384
"20019",0.00802816
"20020",0.00535413634818583
"20021",0.00830685365884217
"20022",0.0108969758781528
"20024",0.00824880936293479
"20042",0.00813409586275993
"20044",0.0080240950674694
"20054",0.0131503312601618
"20055",0.00717954812808426
"20068",0.0113464234164328
"20084",0.00822217233435959
"20085",0.012772502735584
"20088",0.0143065294565631
"20090",0.0146943688018007
"20091",0.0100486689491055
"20102",0.00762026297577855
"20103",0.0115170566198922
"20104",0.0269757442221752
"20111",0.0259859242075122
"20112",0.0149382716049383
"20115",0.00995210706879429
"20116",0.00843374100507645
"20128",0.247595525590493
"20130",0.0208687269312251
"20133",0.0115876344586634
"20135",0.0826856579337945
"20148",0.0188018692259407
"20163",0.01170289139226
"20166",0.0105502717473992
"20167",0.0188787665608219
"20170",0.0199669187145558
"20174",0.0165947245233399
"20181",0.00772797091994934
"20182",0.00945807086447773
"20183",0.0338349617890041
"20184",0.0104035060591315
"20185",0.00787628200312939
"20187",0.00760094581700461
"20190",0.0217615396619422
"20191",0.0123042965042848
"20192",0.0161513272567426
"20193",0.0149340278505516
"20194",0.0346302572519692
"20195",0.0748886613331338
"20196",0.0219960966033601
"20197",0.331016887545104
"20198",0.0630995169524507
"20200",0.0997156049382716
"20203",0.00889215912588489
"20204",0.330944015109466
"20215",0.0739276634324631
"20218",0.0119924590354542
"20220",0.00811964074192187
"20222",0.0149733737367949
"20224",0.00427727038045897
"20226",0.00548181091906849
"20227",0.00543322238876592
"20229",0.0207818380628329
"20230",0.0076561028231523
"20238",0.00816533641228545
"20239",0.0038374187485316
"20249",0.0066663861184755
"20250",0.00691879554873736
"20254",0.00574849619921728
"20255",0.00700142875841307
"20256",0.0308036503091139
"20257",0.00562563421371542
"20259",0.238792940897688
"20262",0.00788463174962647
"20265",0.0111790920026871
"20266",0.0133188361273199
"20269",0.0201654117894167
"20271",0.110490868115391
"20272",0.108765860900368
"20273",0.00660552522063511
"20274",0.123645956067043
"20276",0.0340828402366864
"20278",0.304922772279841
"20280",0.00671996858614953
"20284",0.00877384577391958
"20286",0.00586161173924911
"20289",0.188912999948449
"20293",0.824862075436292
"20295",0.11966603711999
"20299",0.417800649011203
"20300",0.0562173990054475
"20301",0.00943652148813979
"20302",0.455987975488496
"20303",0.660661928791461
"20305",0.0867753279211532
"20308",0.172036415289256
"20311",0.422450802491939
"20312",0.00353795085649607
"20315",0.0125456867583267
"20316",0.00942595909133754
"20317",0.0641291858599451
"20318",0.00305651610468903
"20319",0.15609322002445
"20320",0.00472791169359907
"20321",0.143184124009123
"20322",0.0132215877572225
"20324",0.01264629418398
"20333",0.00953581481058769
"20334",0.00597831863109789
"20335",0.0145034107989363
"20336",0.00546933964702598
"20338",0.00758059836171635
"20340",0.00349340682377005
"20341",0.014833685045643
"20345",0.0163410334031072
"20346",0.0988403462607352
"20347",0.0941405477104135
"20348",0.012201127851191
"20349",0.00855222786997952
"20350",0.080262640958391
"20351",0.0158926228822064
"20352",0.0170962654642155
"20353",0.0122049886621315
"20354",0.0108828377200663
"20355",0.00604993369928712
"20356",0.0147528478505681
"20357",0.0173945641106917
"20358",0.018793880263694
"20359",0.0088000591363974
"20360",0.0141005980103195
"20361",0.00618824291555673
"20362",0.00306400225189207
"20363",0.0101420507443575
"20364",0.0131989610498424
"20365",0.0238040816326531
"20370",0.0101597844211948
"20371",0.521838647943728
"20375",0.0417242028995998
"20377",0.0607494500073716
"20378",0.0221434767510244
"20379",0.119918354695771
"20382",0.00966388968687159
"20383",0.00892022430176557
"20384",0.0102646092263048
"20389",0.161492318804086
"20391",0.304610454772851
"20392",0.0112859954450661
"20393",0.0242333657809688
"20394",0.00615665613392623
"20397",0.0107612335782113
"20399",0.00650572429700983
"20401",0.0230054527526603
"20402",0.00451389337374005
"20403",0.0146124763236863
"20404",0.00305463792384774
"20405",0.00954917293552186
"20408",0.0088314290582533
"20409",0.0189725959823631
"20410",0.0224727220150166
"20411",0.00710445626347113
"20416",0.0220438206746629
"20418",0.00575505350772889
"20419",0.219972580399329
"20420",0.0251344552612814
"20422",0.0150091189895738
"20423",0.360164515021274
"20425",0.0466266952380128
"20430",0.00522376828566733
"20431",0.268989537369798
"20437",0.00862969930424915
"20438",0.068771541020592
"20439",0.0181095098107455
"20440",0.0127004218550634
"20441",0.0088999644001424
"20442",0.0112483617073515
"20443",0.00881454503430792
"20444",0.00435061101757533
"20446",0.0333620011115227
"20447",0.0203564400647176
"20448",0.0122160664819945
"20449",0.00899745460290313
"20450",0.0967464141205771
"20451",0.00631093475358585
"20452",0.0234499922890236
"20454",0.00454969588437607
"20460",0.467788075847917
"20462",0.00660687685625738
"20463",0.00679813160495967
"20465",0.650549447454334
"20466",0.00950625
"20467",0.00741195561598175
"20469",0.0245540109809637
"20474",0.174614621590553
"20475",0.0672113025897938
"20479",0.00826446280991736
"20480",0.00490221544023394
"20481",0.00340962376937734
"20482",0.00959297965414267
"20491",0.0499863663015447
"20492",0.0107022375064999
"20496",0.0108784431722141
"20498",0.0136887024178954
"20499",0.0282131351411553
"20501",0.0120453576436741
"20502",0.00575220390167842
"20503",0.0181632420804013
"20509",0.018595041322314
"20510",0.00485614591249478
"20512",0.00599357538645037
"20513",0.0204451960656735
"20514",0.100148663513161
"20515",0.00704847961684117
"20516",0.0076103778829265
"20519",0.509075671228295
"20520",0.0151033341269031
"20521",0.499337426463508
"20522",0.550998807791009
"20523",0.00608963160662587
"20524",0.00851139130171537
"20525",0.00990985773388363
"20527",0.00566866703724121
"20528",0.158450710276964
"20529",0.0100273286139974
"20530",0.0170315682073258
"20534",0.00694597972204865
"20535",0.0111076659362157
"20536",0.00712018767292666
"20537",0.492264640809612
"20539",0.00742320406496618
"20540",0.0680829788167186
"20541",0.0105867298653448
"20544",0.0117317037701752
"20556",0.246897068144557
"20562",0.0114088163104739
"20563",0.0232201358396112
"20564",0.0180467715567898
"20583",0.340717839520075
"20585",0.0150704551148213
"20586",0.00536346566761407
"20587",0.00941137029562624
"20588",0.00658685150178534
"20589",0.0125816919884094
"20591",0.0058603512268753
"20595",0.0163222139936681
"20597",0.00554959482016406
"20598",0.0168266067479967
"20602",0.00804931523881245
"20603",0.0089551453693016
"20604",0.0128484116653316
"20605",0.0257590248237282
"20606",0.0357925493060628
"20607",0.00753387866749421
"20608",0.0901858543645583
"20610",0.00312295862546688
"20612",0.737484591715976
"20613",0.489041950831502
"20615",0.0101880415510881
"20616",0.00590330711732499
"20617",0.00499262744931847
"20618",0.0393001258229815
"20619",0.0216060434955398
"20620",0.00409522909707036
"20621",0.00414589062438067
"20623",0.00775943077370789
"20624",0.00469763918697134
"20630",0.00985685256229859
"20637",0.00798191153644452
"20638",0.00617010838095973
"20639",0.0151427933775657
"20641",0.0132428312765119
"20643",0.0158550868433802
"20646",0.00486772509674311
"20648",0.0124376390597145
"20649",0.0336141230618331
"20650",0.0893344108434812
"20652",0.0190412235993487
"20655",0.00765553115390974
"20656",0.00537380545320472
"20657",0.0242270220630021
"20658",0.0132517298172826
"20660",0.00816817672015044
"20661",0.0072378686736073
"20662",0.00881761495248164
"20663",0.00850057844172828
"20664",0.0152566435969942
"20665",0.0143931453053452
"20666",0.0409718315818001
"20667",0.00837916598821041
"20668",0.0273945204622244
"20671",0.0357706536067748
"20672",0.0273493310427606
"20674",0.0155479931984171
"20675",0.14298156503642
"20677",0.0184116008637677
"20678",0.0177087857738534
"20679",0.0232480347708092
"20680",0.11218235907244
"20681",0.00964296386840911
"20682",0.0128571397186333
"20683",0.0248006386784096
"20684",0.0673573825358951
"20686",0.0850694444444445
"20687",0.0100993253927112
"20688",0.0140019453779958
"20689",0.0337257424037671
"20692",0.0101322380646191
"20698",0.145659475837788
"20708",0.204115908692353
"20713",0.00941533973061557
"20715",0.148597347120998
"20716",0.154230861443901
"20719",0.0142958412098299
"20720",0.00363041089179032
"20723",0.0170980864100842
"20725",0.0660189113052596
"20729",0.00475895460969486
"20732",0.109767037456965
"20733",0.0133683979259112
"20737",0.3844
"20741",0.00528925619834711
"20742",0.00835204681230848
"20743",0.0034369301298305
"20744",0.00923445968491013
"20745",0.00448478123223988
"20747",0.00364456962006271
"20750",0.146886150506926
"20751",0.00980699386351553
"20768",0.00585099396007287
"20773",0.00803097649324798
"20775",0.0126155219491703
"20776",0.0409464161293792
"20778",0.00877303700278943
"20779",0.00439415784926997
"20787",0.00954428192562907
"20788",0.00867260034613622
"20807",0.00538905128542827
"20810",0.0104123281965848
"20811",0.473501410761076
"20813",0.00505908758279623
"20815",0.0059379260485934
"20817",0.00632160628721473
"20818",0.00974069175477487
"20821",0.0984052572608331
"20822",0.0141843780444583
"20823",0.00813208225052382
"20826",0.00562336041682719
"20832",0.0142985265051909
"20833",0.00436739485812818
"20840",0.043683730190477
"20841",0.0275900390025275
"20842",0.01120618229726
"20843",0.00968862497227316
"20844",0.0090702947845805
"20845",0.03342634306886
"20846",0.147467976851377
"20847",0.0296709897111846
"20848",0.0108524887632548
"20849",0.433480099896541
"20850",0.0620721632653061
"20851",0.00861560983730319
"20852",0.0222151630284479
"20853",0.00452671260016192
"20855",0.0839535556345476
"20856",0.0998102457376358
"20866",0.004616575154601
"20867",0.00448797144761915
"20868",0.0210064607989026
"20869",0.00896560437611878
"20872",0.00837832318334389
"20873",0.0784
"20874",0.00739433825760228
"20878",0.0576617245162199
"20887",0.0419597770829572
"20892",0.0252781611963186
"20893",0.0169602730676572
"20897",0.0246070087028126
"20901",0.00505402187574923
"20907",0.013848819489787
"20908",0.0121384969714
"20909",0.0114549565099423
"20910",0.00282138160747761
"20911",0.0235087255888428
"20912",0.0142540549958021
"20913",0.0121264714465056
"20916",0.00735771536192499
"20917",0.011084077663422
"20918",0.00493262373721341
"20922",0.0172543809250215
"20924",0.00642445078958103
"20926",0.00396689230857048
"20927",0.00794582269551196
"20928",0.0270498938706017
"20930",0.00749576801037627
"20931",0.0111600262984878
"20932",0.00435493123965316
"20933",0.00821308654669766
"20935",0.00950336560344526
"20937",0.00655995036595777
"20947",0.0145924998182108
"20955",0.00967381802124411
"20962",0.535087609414531
"20963",0.0685352883588466
"20964",0.00443284772545999
"20965",0.00392585473709336
"20969",0.301747044473635
"20970",0.00867470372733443
"20971",0.0127444944486588
"20972",0.00532031068679592
"20973",0.0231820908885808
"20974",0.00577744427079513
"20975",0.00618371911609996
"20979",0.00643798058948891
"20980",0.0299015000437667
"20981",0.0127953938898953
"20983",0.00888015841333707
"21331",0.197085589756223
"21333",0.0391281841215476
"21334",0.130745869328962
"21335",0.0271267347369271
"21336",0.322010084570669
"21337",0.409419185033673
"21338",0.110217474298064
"21339",0.0280927925858843
"21340",0.00990684727049861
"21341",0.0181213017751479
"21343",0.0124654648958159
"21345",0.0822116062338476
"21346",0.0224197096650239
"21349",0.0934931056529383
"21351",0.0099092517926352
"21353",0.0136680302306412
"21354",0.160316988530536
"21355",0.0200828420547048
"21356",0.02768896
"21357",0.00973935275359885
"21366",0.00523435758058544
"21367",0.0112159877130775
"21371",0.0145968282105082
"21372",0.00783122908609386
"21374",0.0139530377771494
"21375",0.0120455219732702
"21376",0.0102741685567872
"21379",0.00726572570565455
"21380",0.119079275849009
"21384",0.646888130111373
"21385",0.114213541025264
"21386",0.0763244408298605
"21387",0.486714318511752
"21389",0.237714639075025
"21390",0.0642658483321002
"21391",0.0511382920465424
"21393",0.192851442240672
"21399",0.00683820561298059
"21400",0.0124530925818789
"21401",0.393014482843855
"21402",0.00593138711995666
"21405",0.392021929363524
"21406",0.0134831967048283
"21407",0.336956394257834
"21408",0.0531084353672374
"21410",0.669016299453335
"21411",0.0106159650260662
"21413",0.00923876590714994
"21414",0.0199211894876794
"21415",0.0384670424491924
"21416",0.0582877551020408
"21417",0.0119176503727144
"21422",0.0115399600894042
"21423",0.00729021990763505
"21425",0.0186574233013951
"21427",0.0108450803224613
"21428",0.00878479917271193
"21429",0.004520836197775
"21452",0.0124376390597145
"21453",0.00806230466948477
"21454",0.00415875271427927
"21463",0.209936605967413
"21645",0.0967311389813727
"21646",0.0936877203206247
"21648",0.0451710127068404
"21652",0.0111510052932336
"21664",0.019535499838052
"21665",0.00800764730317453
"21667",0.168253593120958
"21672",0.00625093093941813
"21676",0.015410225921522
"21677",0.089663970423997
"21678",0.161829982523708
"21679",0.320892779578335
"21681",0.0113937634137104
"21682",0.14615622587451
"21683",0.215772686855799
"21684",0.220665898354884
"21685",0.00578305409393867
"21687",0.0158573388203018
"21689",0.155992775556805
"21743",0.0757632104470729
"21745",0.0402368545732241
"21749",0.0276043963210172
"21750",0.00651993328153195
"21752",0.221337881829566
"21753",0.140472849618928
"21754",0.00684000112448998
"21761",0.00372865550146293
"21762",0.0039418745306553
"21763",0.00456917168988083
"21766",0.00723078346985053
"21767",0.0145951724194274
"21769",0.00441066791494527
"21770",0.00501213877359229
"21771",0.0064819700203201
"21778",0.048448946566905
"21780",0.00792419821551219
"21781",0.00781380802548814
"21787",0.00552566505839606
"21788",0.0814168463287693
"21802",0.0114054105005184
"21803",0.0254676474115877
"21804",0.0182429816050237
"21807",0.0032338031119874
"21808",0.0123880955855749
"21809",0.0186118184978672
"21810",0.0421889705116766
"21812",0.0136714707315933
"21813",0.0121970617791239
"21814",0.0200815191437662
"21815",0.186386650581139
"21816",0.505383194414795
"21817",0.0226232311707823
"21818",0.258291754336636
"21821",0.0122827482915117
"21822",0.996609736611934
"21823",0.512661741412667
"21824",0.0461549579421517
"21825",0.191269710794539
"21826",0.0557336781856046
"21827",0.0239161581606404
"21828",0.129546573225343
"21830",0.505890945052205
"21832",0.0166493236212279
"21833",0.00282960819039772
"21834",0.0124168261966597
"21835",0.00899736670426796
"21841",0.0147835466395024
"21843",0.0111404325104232
"21844",0.0216495871365134
"21846",0.0241902462910878
"21847",0.0412210766282389
"21848",0.0102055352894849
"21849",0.0051507086567626
"21853",0.0398079234467456
"21854",0.00851300423993269
"21855",0.0119787367223668
"21856",0.0067087714683676
"21857",1.61568176419772
"21858",0.0152963808701234
"21859",0.00906229588174217
"21869",0.470334367340145
"21871",0.0063672682492216
"21872",0.0151512609220448
"21873",0.00694700862588459
"21877",0.549581383298814
"21881",0.00711413470882501
"21885",0.00576870042633719
"21886",0.0132088110152265
"21887",0.0104345270329286
"21888",0.00785419783896095
"21892",0.0975519999407092
"21894",0.00655983610648812
"21897",0.129644130415957
"21898",0.105343396037288
"21899",0.543072446882733
"21907",0.0186685016913737
"21915",0.0104083356757044
"21916",0.012817318876387
"21917",0.0153730256311125
"21922",0.130765790898636
"21923",0.0768760622601864
"21924",0.121840512637949
"21927",0.00539058498909476
"21928",0.111270239069404
"21929",0.0477176955210989
"21930",0.0480690784767275
"21933",0.243163150064712
"21934",0.0773209591004098
"21935",0.646898134472623
"21936",0.214807271684177
"21937",0.0237127133537327
"21938",0.029884085515239
"21939",0.313113969382531
"21941",0.0629460327783294
"21942",0.161549996907735
"21944",0.0186680345448826
"21945",0.012659271125489
"21946",0.036281179138322
"21950",0.335997596751883
"21951",0.0626663339251358
"21952",0.0462958119337774
"21953",0.233570884280998
"21954",0.479692814286144
"21955",0.117368771519758
"21956",0.0728340960628874
"21960",0.0097853851858487
"21961",0.0144481202672233
"21968",0.00862395134470282
"21969",0.00858945143748578
"21973",0.304061735537821
"21974",0.00677689517616836
"21975",0.0266313992416627
"21976",0.0081
"21981",0.00673673994129829
"21982",0.0130293232314448
"21983",0.0454224267625965
"21985",0.0059705336717362
"21987",0.0109528343580354
"21990",0.632558948672219
"21991",0.00460261907435807
"22003",0.00644348798364906
"22004",0.0379363835910681
"22017",0.0267381086271472
"22019",0.00653371664470982
"22021",0.00886532298869961
"22022",0.0125375281827467
"22025",0.0152987073084855
"22026",0.0544354875228489
"22027",0.00484192347198179
"22029",0.26371671293541
"22030",0.0200451908629186
"22031",0.0113943716081942
"22032",0.0209838237015494
"22033",0.0900426186805914
"22034",0.0126112797302261
"22035",0.0633633346192409
"22036",0.0228030268906806
"22038",0.0608444444444445
"22040",0.050304132062848
"22041",0.0152409931566452
"22042",0.0125613199841303
"22044",1.36099666711048
"22045",0.1163739907446
"22051",0.030261945327938
"22057",0.00955057535545182
"22059",0.00948020043197205
"22061",0.0796152177068887
"22062",0.0545211627690466
"22063",0.011933773592159
"22064",0.990443378412022
"22065",0.0444596130781915
"22066",0.00813866077485729
"22067",0.0194052837099801
"22068",0.0210641268223801
"22070",0.00823086545896289
"22083",0.00495575336574177
"22084",0.00372860656011556
"22088",0.00697620621702703
"22092",0.0581809852508594
"22094",0.515587016007033
"22095",0.500987745389649
"22099",0.00460215651119921
"22110",0.00406846044440124
"22116",0.396634267480726
"22117",0.017576331496786
"22121",0.00951873646050096
"22122",0.012340655849337
"22123",0.00815722030850593
"22129",0.00581949957970512
"22130",0.0213184033599214
"22134",0.00539630585286807
"22137",0.440404061369083
"22138",0.104650736691329
"22139",0.446387368661925
"22141",0.00917591595905806
"22142",0.00683766709738904
"22143",0.00591618522388869
"22145",0.00378399625829693
"22146",0.239900041649313
"22151",0.00992187003724554
"22152",0.00847255265097699
"22153",0.00578448467294513
"22154",0.00650364203954214
"22156",0.0357569672859211
"22158",0.0090487373476737
"22160",0.274445325732625
"22163",0.300267992865847
"22166",0.0073931511879552
"22169",0.0290831744190912
"22171",0.12384465733803
"22174",0.0102641894172677
"22177",0.032280729700043
"22178",0.412538839220982
"22183",0.00464162695235617
"22184",0.0089830583349122
"22185",0.00354911724762336
"22186",0.0105557399233236
"22190",0.0068273305778795
"22192",0.010503999022485
"22193",0.00551677330051662
"22194",0.00693854306850998
"22195",0.00519004756424451
"22196",0.00284679182989806
"22200",0.005821445035627
"22201",0.00296156444413569
"22209",0.00514111182222899
"22210",0.00449160002364
"22213",0.0100202582880478
"22214",0.00399050461628507
"22215",0.0148526867804694
"22217",0.00520991375685942
"22218",0.00970910652229334
"22221",0.0076169751484058
"22222",0.0125836104124486
"22223",0.0105010203280111
"22224",0.00944455465185479
"22225",0.00636378285645659
"22228",0.019024970273484
"22229",0.0452868115608237
"22230",0.00404648839382305
"22232",0.0098236860849604
"22234",0.00836753751944196
"22235",0.0103714855658851
"22239",0.0222454686919151
"22240",0.011087441534408
"22241",0.00670513646214837
"22245",0.0107383383835441
"22247",0.00839534435693748
"22248",0.0119497500742528
"22249",0.00712627609442557
"22253",0.014606583602172
"22256",0.18860739269809
"22258",0.00547074682259025
"22259",0.0586948199234528
"22260",0.0150553741722411
"22268",0.0766535876671327
"22271",0.0463190568829788
"22272",0.0148424990053585
"22273",0.0071973574064332
"22275",0.0173650407866995
"22276",0.00818815630348729
"22278",0.00805135246196319
"22282",0.00533650421284638
"22284",0.00761192277488321
"22288",0.0175861989107654
"22289",0.0152235178544887
"22293",0.325278045850399
"22294",0.0500310433721845
"22295",0.106173462946598
"22317",0.00696751841032792
"22319",0.0104686500614615
"22320",0.0361433590192138
"22321",0.0129936374130849
"22323",0.0144515666552526
"22324",0.0387773650852434
"22325",0.0190982073979485
"22326",0.165881986492186
"22327",0.0080508151349689
"22329",0.0161860636560881
"22330",0.0115528978522742
"22333",0.0025690551986032
"22334",0.00315825421760809
"22335",0.00427024225191928
"22337",0.585567419846063
"22339",0.0147471116031423
"22340",0.0146014034536353
"22341",0.0442567824560832
"22342",0.0165023668639053
"22343",0.0110701211309346
"22344",0.00782322741829351
"22346",0.0053053207485476
"22348",0.0122843789118689
"22349",0.503852050253596
"22350",0.00418532427774799
"22351",0.124578998336855
"22352",0.0487147028803113
"22353",0.0211220042865999
"22354",0.015151455253512
"22355",0.226004705358225
"22359",0.00776570543160092
"22360",0.00446568429206942
"22365",0.00768624507412273
"22367",0.0173635525173611
"22368",0.0114463811209601
"22370",0.010570343842822
"22371",0.0257470284606261
"22375",0.00582841947045901
"22376",0.0958473936749665
"22377",0.0131978234334892
"22378",0.00516291105921962
"22379",0.0168326022605488
"22380",0.00771348588932759
"22381",0.00922805751988659
"22384",0.00330051631988145
"22385",0.00665135412124199
"22388",0.00373572081251928
"22390",0.0224268887566925
"22393",0.0125676080264169
"22401",0.00473363643705335
"22402",0.297409271917583
"22404",0.00873459316225486
"22409",0.0674142387977015
"22410",0.220843100107062
"22411",0.145033495739521
"22412",0.114200324029405
"22413",0.0359327191535662
"22414",0.328410708198058
"22415",0.0754838272743038
"22417",0.0245024184155263
"22418",0.0302176767376056
"22419",0.0549754888648197
"22421",0.0148570497475737
"22422",0.0172136554505544
"22427",0.0257885813148789
"22428",0.00579928262174767
"22433",0.0077268147858638
"22436",0.032660763536072
"22439",0.0156668530335164
"22441",0.276169617106504
"22445",0.596734002754979
"22589",0.019679701713798
"22590",0.0512803329864724
"22591",0.0129771059663493
"22592",0.00845485064142979
"22594",0.0121230956732944
"22596",0.0133314382026096
"22601",0.00987759605859688
"22608",0.0063132866622247
"22612",0.0258465716669846
"22619",0.0117045539940439
"22625",0.0672889941919014
"22626",0.416707734455403
"22627",0.0028562198566734
"22628",0.00324183611133611
"22629",0.00437616614311014
"22630",0.0123669032370983
"22632",0.00447603724790501
"22634",0.0540042591608528
"22635",0.285030720908085
"22637",0.0264853136992171
"22640",0.013324715289419
"22642",0.0145979155211794
"22643",0.0230439490391316
"22644",0.0123496734081822
"22646",0.0325521936627112
"22648",0.0278441920464334
"22652",0.219976717637711
"22654",0.00707319580541924
"22658",0.0159782135783075
"22661",0.00717996834652228
"22666",0.0135501196133328
"22668",0.00429112158981026
"22670",0.0109781651101126
"22671",0.00613436982230335
"22673",0.108017463132887
"22678",0.0144926835226497
"22680",0.00606638545893564
"22682",0.00606721434297868
"22685",0.00767368027324463
"22687",0.00729779551021439
"22688",0.0182676565096953
"22689",0.0141529943058541
"22690",0.0210870082448973
"22691",0.0289389772648159
"22693",0.0122784478623855
"22694",0.0114711071979921
"22695",0.0467147566873736
"22696",0.00989302658336742
"22697",0.0119878523096595
"22698",0.0210066380142213
"22700",0.0221218554718795
"22701",0.0225487593312451
"22704",0.0113290576234884
"22709",0.0599324598564397
"22710",0.0404710104347763
"22712",0.119554052460526
"22715",0.0801128722568526
"22717",0.0270875456463641
"22718",0.00982750682941786
"22719",0.0110598984218624
"22720",0.0109968300977433
"22722",0.0155214173006921
"22724",0.0193094667731552
"22746",0.0524704250985436
"22750",0.0227167712468373
"22751",0.0121122314877206
"22754",0.155123934025713
"22755",0.0195037760459639
"22756",0.0268392312993504
"22757",0.0123900479937083
"22758",0.0349547406913183
"22759",0.056080590002411
"22761",0.0107697638041903
"22762",0.0229522118099478
"22763",0.00727836518228559
"22764",0.0118171233298271
"22770",0.0067015196834707
"22771",0.0927402979117263
"22772",0.020412940923051
"22773",0.107324609713761
"22774",0.424077101480474
"22775",0.0262667301493896
"22776",0.0918390329512778
"22778",0.0488804225754501
"22779",0.0762470221123812
"22781",0.0192589939450638
"22782",0.0130612244897959
"22784",0.00634433557212265
"22785",0.0104404135641972
"22791",0.0108222739550652
"22793",0.00948919144953423
"23789",0.00901270575690423
"23790",0.00610935345553229
"23792",0.00511335981632342
"23794",0.136074601719156
"23797",0.0058862910333641
"23801",0.0200970462116264
"23802",0.00292369973259782
"23805",0.00988338292124072
"23806",0.00591263896526387
"23807",0.00507151434905368
"23808",0.00690261626366131
"23821",0.0159263745266561
"23825",0.0118290267522202
"23827",0.00747404300274769
"23828",0.0293155241857974
"23829",0.025373952541311
"23830",0.00704190913981124
"23831",0.0215298286313144
"23833",0.598445181215769
"23834",0.246832267164891
"23836",0.0144723604990105
"23837",0.0090119463043658
"23845",0.0746363329506111
"23849",0.013320804262897
"23850",0.203585099940404
"23853",0.0656167342085467
"23854",0.00913383430865949
"23856",0.00664142508400969
"23857",0.0108211523162304
"23859",0.0072666500668668
"23863",0.0271380039719808
"23871",0.0293877551020408
"23872",0.00661162385088756
"23873",0.0107695889515758
"23874",0.00618898474084366
"23876",0.0784310011612521
"23877",0.0135454485500397
"23879",0.00492681773508274
"23880",0.0603275240245671
"23881",0.00731020987804661
"23882",0.0399027017995555
"23885",0.0124690386611774
"23887",0.0853169216887065
"23888",0.0261678200692042
"23890",0.0146165140191609
"23892",0.158353955901808
"23893",0.0120067430858734
"23894",0.0130845793791693
"23897",0.00892404746591468
"23908",0.00972303228199508
"23912",0.00727054756255413
"23917",0.00896347519495173
"23918",0.00696214856586474
"23919",0.330644086356438
"23921",0.0484969453938423
"23922",0.00790027431091335
"23923",0.359828285239743
"23924",0.0161778190531804
"23928",0.0285039635688986
"23934",0.0118931610341245
"23936",0.00822812413553834
"23938",0.00731807067463736
"23939",0.00933076180933007
"23942",0.00560645096069013
"23943",0.0309091820456583
"23945",0.00460521246440346
"23947",0.0227555697604245
"23948",0.00855771922708579
"23950",0.00447197481266162
"23954",0.0889212553782151
"23955",0.00980922536720799
"23956",0.317286035014841
"23959",0.0921439421765594
"23961",1.03077589173228
"23962",1.08481187648038
"23963",0.0266430590413568
"23964",0.0129112624572691
"23965",0.00953947791009879
"23966",0.0133439828289696
"23967",0.137968294350333
"23969",0.00350243999138539
"23970",0.00988047487894016
"23971",0.0048521233575986
"23972",0.0160948986411227
"23980",0.00482675282141643
"23983",0.00352546170249865
"23984",0.0140664899920019
"23985",0.0136608463667861
"23986",0.00919080841011194
"23988",0.00824827121319834
"23989",0.00793212890625
"23991",0.0164502074661196
"23992",0.014340282383487
"23993",0.293501072555003
"23994",0.00470831330795137
"23996",0.00691624808789899
"23997",0.00593153051640312
"23999",0.0114054105005184
"24000",0.0207480471792434
"24001",0.0130278053623544
"24004",0.029005575199038
"24010",0.005302039894467
"24012",0.00462096286838254
"24014",0.0449288227605644
"24015",0.00842392921836759
"24017",0.00708743115140918
"24018",0.0172431384552597
"24030",0.0122810343683803
"24044",0.0120510526024673
"24045",0.00888883298553461
"24050",0.00235774389190364
"24051",0.00523353132413384
"24052",0.0431626522202868
"24055",0.0444427578833846
"24056",0.00907974698395928
"24057",0.0224725860518902
"24058",0.0768674850125964
"24059",0.0236647944012318
"24060",0.00890447413627483
"24061",0.00450667354143746
"24063",0.0267834397976515
"24064",0.00884063485798673
"24066",0.042790272993523
"24067",0.0140832716542693
"24068",0.0134771456999084
"24069",0.0143761293037301
"24070",0.00969262170259463
"24071",0.00968505920886873
"24074",0.018595041322314
"24075",0.0164365548980934
"24082",0.159249707950363
"24083",0.0145260776425627
"24084",0.261740101538036
"24086",0.0048296124063631
"24087",0.0859122209611782
"24088",0.127257631154151
"24099",0.11167675741333
"24100",0.0130623781298678
"24105",0.0119784825303186
"24109",0.00395472420023382
"24110",0.802470504666172
"24115",0.183790664133147
"24116",0.0105193951347798
"24117",0.429849568001403
"24127",0.0188885494823503
"24128",0.00705757082851315
"24131",0.0495618010014495
"24132",0.0268544231293455
"24135",0.0079995136
"24136",0.0103533964065041
"26356",0.014172335600907
"26357",0.0214675553417494
"26358",0.368913562452142
"26360",0.0793028355362786
"26361",0.199476946403537
"26362",0.00961920575328326
"26363",0.0191646595719848
"26364",0.0192699536563084
"26365",0.0412594351046388
"26370",0.00779692898459619
"26371",0.00657414170927684
"26372",0.00660458254303931
"26373",0.00652467239619899
"26374",0.0058295480204795
"26377",0.0367798836554701
"26378",0.00760420943078892
"26379",0.0128673962206372
"26380",0.0707799318093393
"26381",0.01731519173217
"26382",0.0459554506221061
"26383",0.00441359181810669
"26384",0.010244147630846
"26385",0.00411312592123993
"26386",0.0186888719686796
"26390",0.006472200053968
"26394",0.0127195959367851
"26395",0.00469302778883949
"26396",0.0142020703645175
"26397",0.0207913179607806
"26398",0.00535395597858418
"26399",0.00957909456127138
"26400",0.00432519672498883
"26401",0.0292430237036518
"26403",0.0140932711213757
"26404",0.00484882541596996
"26405",0.023611548889388
"26406",0.0124486879862119
"26407",0.00725032566365093
"26408",0.0137207866431297
"26409",0.00768241773940096
"26410",0.159214518587682
"26411",0.118112131764498
"26412",0.00731470346668486
"26413",0.00502858218185544
"26414",0.00380420299164069
"26415",0.506951801536626
"26416",0.00410308139905286
"26417",0.00720804081672985
"26419",0.00691804676260707
"26420",0.0037950097656084
"26422",0.0120950845370072
"26425",0.0159722116235768
"26426",0.00958901131714891
"26427",0.0442912024175757
"26428",0.00886469301371394
"26429",0.0153907312061531
"26430",0.00713935998128051
"26431",0.00780785523186683
"26432",0.0349006140097699
"26433",0.0107311284759317
"26436",0.0692068221624162
"26440",0.00618676249179746
"26441",0.00554904015637815
"26442",0.0101603413700915
"26443",0.00847078547473436
"26444",0.0102667595737533
"26445",0.0127320619489132
"26446",0.0108288303666066
"26447",0.0115880574593566
"26448",0.0232258305148019
"26450",0.00724309642372114
"26451",0.00958435693774282
"26456",0.0201400334893573
"26457",0.00613205271138134
"26458",0.0417416025379473
"26459",0.502655738824907
"26462",0.0196217959393783
"26465",0.00700637131167006
"26466",0.00775285787745738
"26554",0.00688877777956986
"26556",0.0159957653715476
"26557",0.0148235596274049
"26558",0.0152922230036137
"26559",0.00816502068634352
"26561",0.218830878258414
"26563",0.0375153482104904
"26564",0.302712675682704
"26568",0.0462889986917433
"26569",0.00953717888546025
"26570",0.0176208003759104
"26572",0.00405111760254666
"26611",0.00412381620733837
"26754",0.0065132909175074
"26757",0.0140768794566439
"26874",0.0104154310284819
"26875",0.0101462575705563
"26877",0.0114218620220699
"26878",0.0148217082851363
"26879",0.00676322616777205
"26885",0.0248957475786932
"26886",0.328688528206691
"26888",0.239915671843898
"26889",0.00766523005982847
"26891",0.00558990632090504
"26893",0.0077536932359631
"26894",0.00627499429026628
"26895",0.0106100984288184
"26896",0.00619571080430347
"26897",0.0153865238979391
"26901",0.0157874099359835
"26903",0.0460608602554056
"26905",0.00519905079349135
"26909",0.432054760505039
"26912",0.0154912651266742
"26913",0.00309751199842707
"26914",0.00538172292059543
"26919",0.0060796922414064
"26920",0.0200801461642246
"26921",0.00676011825981881
"26922",0.0162489537325085
"26926",0.00938750400051955
"26927",0.213814569232376
"26931",0.00367971575178782
"26932",0.00483403361709308
"26934",0.0568271468922151
"26936",0.00370111554548623
"26938",0.0052571616069992
"26939",0.00747470235272306
"26940",0.00764793476846564
"26941",0.0113707900440087
"26942",0.0153112118757582
"26943",0.00380357525981689
"26946",0.0721113142677825
"26949",0.0121655079951368
"26950",0.00549185003707305
"26951",0.0130612244897959
"26961",0.00653904288707946
"26965",0.00414494804308677
"26968",0.0497916808961137
"26971",0.0460137973640502
"26987",0.00550604298811283
"26992",0.00756143667296787
"27008",0.00692760330975612
"27015",0.0342441960002293
"27027",0.396354127647248
"27028",0.197808476179423
"27029",0.0186305562745731
"27041",0.00591715976331361
"27045",0.00737289966968762
"27049",0.0124279833112311
"27050",0.00624668009936341
"27053",0.00439854580719285
"27054",0.0055439422576909
"27055",0.0053222742191451
"27056",0.034026861424833
"27057",0.00535535662108403
"27058",0.0068460983114105
"27059",0.0171461730153079
"27060",0.0325360306820525
"27061",0.00924342249032658
"27062",0.00773483007777271
"27078",0.0306961292078256
"27081",0.0231110294363327
"27096",0.00700460022554869
"27103",0.0126460495168358
"27176",0.0126614385825016
"27204",0.0399207452697731
"27205",0.00702664080853371
"27207",0.0115772685515482
"27214",0.116028582410444
"27215",0.00507590261121485
"27219",0.100548216310074
"27220",0.216475671411668
"27221",0.0384521173475972
"27223",0.00742488983499674
"27224",0.0105521658162879
"27225",0.00624382174744898
"27226",0.009948611607912
"27261",0.0256195781013814
"27267",0.00801304883426229
"27273",0.0447740293432651
"27274",0.0337708498022056
"27275",0.0169605191995673
"27276",0.0101320868320522
"27277",0.00928015728099041
"27279",0.0887121355733309
"27280",0.0265139723070465
"27281",0.0168254987985006
"27354",0.0182652484213005
"27355",0.0139371141975309
"27357",0.0105356060541721
"27359",0.155426060291458
"27360",0.00494560375166507
"27361",0.0167942208174978
"27362",0.00826774822543248
"27364",0.00379996246950647
"27366",0.00578777028223913
"27367",0.00512460850931223
"27368",0.0107077060813697
"27369",0.0298040297509788
"27370",0.0110215603795066
"27373",0.00543557250668895
"27374",0.00667158018428459
"27375",0.128139264149484
"27376",0.0117254836703989
"27377",0.00726815179765975
"27384",0.775318404234665
"27385",0.204831785882844
"27386",0.0169846914316537
"27387",0.0155048600039101
"27388",0.00983104844649811
"27389",0.590620713305898
"27390",0.240020602005045
"27392",0.0262614506143917
"27393",0.00741635331513802
"27395",0.00810982711465611
"27397",0.00812994452160435
"27398",0.0122010325862571
"27399",0.00435556443266782
"27401",0.0586043402777778
"27402",0.00580018420244726
"27403",0.0149955123609077
"27404",0.0176558036762805
"27405",0.404783954572122
"27406",0.00574644416592689
"27407",0.00395553973339662
"27410",0.00518053259970479
"27411",0.430473902854454
"27414",0.0102201768874207
"27416",0.0089709962706502
"27418",0.00778236318422197
"27419",0.0324678077398847
"27421",0.0928959801786697
"27425",0.00935075047882857
"27426",0.0164120065541566
"27428",0.0870058929273204
"27493",0.028517348329537
"27494",0.0157692281242718
"27528",0.0108386869366103
"27632",0.0100562311708927
"27643",0.00537041011871193
"27660",0.0852931504411844
"27681",0.0105802183392787
"27756",0.0265069243523772
"27762",0.853392108483848
"27784",0.00719790443991593
"27801",0.0084226307602931
"27878",0.00871080118436295
"27883",0.0121181137699199
"27886",0.00785509329280087
"27965",0.00678142027967676
"27966",0.0117195522262436
"27967",0.0111494762822136
"27973",0.0154711358460449
"27979",0.0054168481677187
"27981",0.0173768760981009
"27984",0.0114671781130285
"27993",0.0176072485207101
"27998",0.0297418212476128
"27999",0.00676371145623023
"28000",0.00555490169819558
"28006",0.00447610705319335
"28010",0.0194161918853227
"28015",0.00442971250696811
"28018",0.00548145529433881
"28019",0.00847787391542885
"28028",0.00971854423708847
"28030",0.00991060387539299
"28035",0.00724558670113436
"28036",0.0107404958677686
"28040",0.00629903038004548
"28042",0.0106544845922908
"28064",0.0110574981400786
"28071",0.0185699298581663
"28075",0.00519438357276195
"28077",0.010102289992283
"28080",0.00855723437005576
"28081",0.0057881174969898
"28084",0.00888853107584176
"28088",0.0056187896775366
"28105",0.0289571711037356
"28106",0.0113145113598784
"28109",0.0174772373749279
"28113",0.0119095351112022
"28114",0.00559723740929889
"28126",0.0137075251645134
"28135",0.00889222827646182
"28146",0.00617031423738786
"28169",0.00302467475741227
"28185",0.00701942980359132
"28193",0.0153518960171171
"28199",0.00474184644314009
"28200",0.0195556978857012
"28240",0.00852420681098016
"28250",0.00688099176158178
"28295",0.0073469387755102
"29805",0.015829853366558
"29806",0.0155381704931455
"29807",0.0786243817698054
"29808",0.0156735776172097
"29809",0.00605316018633384
"29810",0.0283274043991989
"29811",0.00674775893280468
"29812",0.00269450698889424
"29813",0.015386710402259
"29815",0.0262856361225472
"29816",0.00713682406581874
"29817",0.0172505132270354
"29819",0.00487556751720668
"29820",0.00630303346230779
"29856",0.0252904294505271
"29857",0.0837301946582164
"29858",0.0109057042140683
"29859",0.00458982696638406
"29861",0.00495498770011645
"29862",0.124716356238633
"29863",0.028652333979184
"29864",0.00547021179930775
"29867",0.0143540303565414
"29869",0.00574105435575412
"29870",0.157912023075586
"29871",0.00622098789922634
"29873",0.00556620414633469
"29875",0.015410225921522
"29876",0.00668403964181982
"29877",0.0101134972672953
"30045",0.0231429612072464
"30046",0.0197525222943018
"30049",0.0613011398496085
"30050",0.00468572845804989
"30051",0.353524196842045
"30052",0.0636244152372466
"30054",0.226942515448495
"30055",0.0162271655102357
"30056",0.0111009033903709
"30057",0.0115097085481889
"30058",0.0124926500874163
"30059",0.0116936204943853
"30060",0.242373287324963
"30785",0.0155741952864292
"30791",0.00787640745184619
"30794",0.0346118632437358
"30795",0.00907159588478102
"30805",0.0218016026516317
"30806",0.0342907676054523
"30838",0.0115400106368099
"30839",0.00744025698872665
"30840",0.0148084495828332
"30841",0.0117652833864642
"30843",0.0155766877382657
"30853",0.00604501335345008
"30877",0.0143433663671537
"30878",0.018583388468881
"30925",0.562419444345096
"30926",0.0102101518775267
"30928",0.00752647882862765
"30930",0.00644840966079076
"30931",0.00710250400756853
"30932",0.01
"30933",0.0089616360352476
"30934",0.00563328119137075
"30935",0.0636434274401342
"30937",0.0296690814501188
"30938",0.024975591420748
"30939",0.0105716344391094
"30940",0.0149865212966194
"30941",0.00582202002599904
"30944",0.0114936275982194
"30945",0.0196567978451424
"30946",0.0126011416404093
"30947",0.0202205029902126
"30948",0.0084893826002665
"30949",0.00787092262011635
"30951",0.0207555300201092
"30953",0.00490704510126372
"30954",0.0383948137326516
"30955",0.0441260410391665
"30956",0.0481834050824518
"30957",0.00451824941172185
"30959",0.0060944431392601
"30960",0.00619022698917858
"30963",0.0344942252111895
"50492",0.0135671144945612
"50493",0.0050458204099075
"50496",0.00750547874603858
"50497",0.00765792633695923
"50498",0.146457147666867
"50500",0.0640050322529876
"50505",0.00937316496328655
"50523",0.0126111698933341
"50524",0.0100447355249336
"50525",0.0247573289285439
"50527",0.00679416494305839
"50529",0.0102828771556246
"50540",0.228874126847143
"50706",0.169700754136015
"50708",0.0646927014774369
"50709",0.441375085915251
"50720",0.0110742091571203
"50721",0.0123456790123457
"50722",0.147944096968977
"50723",0.0238688804544274
"50724",0.0168465902858664
"50753",0.0134710278547601
"50754",0.00479069906427157
"50755",0.0050130035094539
"50758",0.00581271062823802
"50759",0.0204081632653061
"50760",0.13212508825547
"50762",0.0169733187859552
"50765",0.0345653448089839
"50766",0.012853401314725
"50767",0.00688392669857554
"50768",0.0132148075122032
"50769",0.0247884134016192
"50770",0.00878846867451835
"50771",0.0052710367994158
"50772",0.0125129141717866
"50773",0.0126036799633473
"50776",0.0461609528307538
"50779",0.0233780333779062
"50780",0.016000301777154
"50781",0.00380469910035811
"50782",0.0241190945339489
"50783",0.013004001231148
"50784",0.0516642642153283
"50785",0.0100735098602815
"50786",0.0181213017751479
"50787",0.183639747724561
"50788",0.134897994860202
"50789",0.0115586249379122
"50790",0.00892832551979984
"50791",0.00881521651768484
"50793",0.00791930962237752
"50794",0.00623449722950508
"50795",0.130057628598923
"50797",0.00351873555061226
"50798",0.00572387595102297
"50799",0.0789621732820202
"50817",0.0151498378154266
"50849",0.00361127642222663
"50850",0.00519242846073564
"50868",0.00742248520710059
"50873",0.0238074395521725
"50874",0.560079681326494
"50875",0.00906304
"50876",0.0106172957870864
"50877",0.0906104499232237
"50878",0.387942860305089
"50880",0.011611472792544
"50883",0.15707628182688
"50884",0.00763019267977997
"50887",0.0189377998484976
"50905",0.107136861115907
"50907",0.00756489847293304
"50908",0.134485427356703
"50909",0.105996463502216
"50911",0.00872749307479224
"50912",0.00722476076753062
"50913",0.0121388522118652
"50914",0.00926621106206155
"50915",0.0113613599122002
"50917",0.0164636539653385
"50918",0.00635598146196292
"50926",0.0112355700844494
"50927",0.0124791324055776
"50928",0.30143090735666
"50931",0.15106547683079
"50932",0.00344765168348293
"50933",0.00765480744320375
"50934",0.00623498157312771
"50935",0.00541024588395856
"50994",0.176724732922888
"50995",0.0048295240626642
"50996",0.00815410935692467
"50997",0.00483740726308372
"51786",0.0104692719842359
"51788",0.00532835941294968
"51789",0.00697716262975779
"51791",0.0106339421843331
"51792",0.00318712729202259
"51793",0.0214864692051235
"51796",0.00609599167501214
"51797",0.00588506675257601
"51798",0.0127681099821862
"51799",0.0069596413484155
"51800",0.0264194059825245
"51801",0.0104559006315507
"51810",0.00807151902842706
"51812",0.0105493496669384
"51813",0.0134425540852762
"51869",0.019628512907052
"51875",0.0196434770419611
"51885",0.0286245864479115
"51886",0.00699859195445805
"51897",0.00442993790350508
"51902",0.014085517751714
"51938",0.0400620275153992
"51944",0.289566149761012
"51960",0.0233324069503611
"52004",0.0134145259990624
"52009",0.0308013855244845
"52013",0.0162156854493681
"52014",0.00518235793475848
"52020",0.0874683299052676
"52023",0.0201765831451711
"52028",0.00945653801396941
"52033",0.42284990391284
"52036",0.00621545772283535
"52040",0.00637414240793865
"52055",0.00544622737720802
"52064",0.00693954277214649
"52065",0.0095432386874395
"52076",0.0193031711959162
"52118",0.023350041407821
"52120",0.00769611159536012
"52123",0.00790774740485582
"52132",0.0105642303490664
"52150",0.110498017809277
"52163",0.0110826206238314
"52174",0.00709731206372939
"52184",0.0265247512588549
"52187",0.00814517530565947
"52202",0.00977326512169372
"52206",0.00746278884898989
"52231",0.00982525970775261
"52245",0.0113513001917058
"52250",0.00535949182634594
"52276",0.134163664206418
"52323",0.00528735238977858
"52331",0.155029723219397
"52335",0.0160485790777076
"52348",0.017792277989176
"52357",0.00698352731149588
"52377",0.0290794071221292
"52389",0.0152433733947545
"52392",0.00936768134029652
"52397",0.0102127600011198
"52398",0.00548696844993141
"52428",0.0303017832647462
"52430",0.0174330078823706
"52432",0.00607108841341984
"52440",0.00363714906070124
"52443",0.00641360042117872
"52463",0.0532667788553253
"52466",0.0235444270448325
"52468",0.00468857822441739
"52469",0.00826446280991736
"52477",0.00536684141647437
"52480",0.0279292863876535
"52502",0.0132942512592303
"52504",0.0553743349923978
"52513",0.00681806576805399
"52521",0.0145687750983271
"52530",0.00811622433244055
"52535",0.0154928652865556
"52538",0.00975889890516899
"52551",0.00657721
"52552",0.00874125097134613
"52563",0.00680258330153977
"52570",0.177012250414312
"52575",0.0156817665290957
"52585",0.019024970273484
"52588",0.00842084776841954
"52589",0.00628563149170745
"52592",0.00661287129717298
"52609",0.00791056581547083
"52615",0.0130532028566427
"52626",0.00811764430782732
"52633",0.024521494988528
"52635",0.00851119768474225
"52637",0.00639922313598227
"52639",0.01948654752651
"52653",0.01890625
"52662",0.0145154364877316
"52665",0.0191150518604764
"52666",0.00370255233319912
"52668",0.0630456787336361
"52670",0.199760134820773
"52683",0.00502847233711917
"52686",0.0119039743966564
"52690",0.00404466971770394
"52696",0.0036439995613693
"52700",0.0177315846107902
"52705",0.0117647882198147
"52708",0.0118316976795928
"52710",0.0159202258151161
"52712",0.0119893230764354
"52713",0.00903065366779015
"52715",0.0108866556939205
"52717",0.00884907640901468
"52808",0.00485275425041169
"52815",0.0117802781845775
"52822",0.00311184028439253
"52829",0.0118603411706927
"52830",0.0073653329400856
"52837",0.00781416928665181
"52838",0.0108983040833717
"52840",0.00981209154036178
"52846",0.0100466743823387
"52850",0.0118613434993778
"52855",0.0387695214637826
"52856",0.025033576222992
"52857",0.00694444444444444
"52858",0.00477539111457209
"52864",0.0126165667777886
"52874",0.00716408781010495
"52882",0.010843157704176
"52892",0.02208196
"52897",0.00419926028617516
"52898",0.0103859281425666
"52906",0.00884377471312036
"52915",0.00780184895859248
"53310",0.00516281839326243
"53311",0.475268120892385
"53312",0.00479569899900021
"53313",0.028711727487819
"53317",0.00544013985667275
"53318",0.159491391050201
"53319",0.00775644036974186
"53320",0.0268376005012277
"53321",0.00487970938876298
"53322",0.0200545631688055
"53323",0.00586136413177483
"53324",0.0241825891274556
"53325",0.0258723151470517
"53328",0.00445324594483147
"53330",0.00572260633929545
"53331",0.00463917031697802
"53332",0.00836226625246909
"53333",0.00844188689818427
"53334",0.00745228052302262
"53356",0.0111746799186217
"53357",0.00957475532851497
"53374",0.059387170051952
"53375",0.00979308674579203
"53376",0.00833836811730464
"53378",0.00592345533126046
"53379",0.00765410250143249
"53380",0.0131410446144178
"53381",0.0205523568896762
"53382",0.0068690209670629
"53404",0.270747139497282
"53412",0.00797365418543058
"53413",0.00616282904416051
"53414",0.00925743365137672
"53415",0.0197939060405161
"53416",0.00554505160085388
"53417",0.107435129285112
"53418",0.00714194188103278
"53420",0.00627183607038964
"53421",0.00496465963887611
"53422",0.0474518681488783
"53424",0.00439597097509822
"53598",0.0102513366983888
"53599",0.00642052925706772
"53600",0.00564717839150479
"53601",0.252069313472473
"53602",0.0110171046029893
"53604",0.0946745562130178
"53605",0.00716916927104133
"53607",0.00917261912410431
"53608",0.0347064069900722
"53609",0.0147628475132531
"53610",0.00355964679421507
"53611",0.00525373925682917
"53612",0.0071068398932243
"53614",0.019506828909668
"53618",0.00684671139810912
"53619",0.00592459805266531
"53620",0.0772960414406132
"53621",0.00736661029836564
"53623",0.00842583430456339
"53625",0.0114759402767302
"53626",0.0404575626383583
"53627",0.00547781205861869
"53761",0.00516573609004476
"53791",0.309144969579909
"53814",0.196079579634736
"53817",0.00576991145509628
"53857",0.0345873060554458
"53858",0.0145788802729826
"53859",0.0299536134918014
"53860",0.00556254563769936
"53861",0.0107287016846169
"53867",0.102814348654736
"53869",0.00478840641635066
"53870",0.0372900241457683
"53871",0.442262007095441
"53872",0.00462084589887342
"53881",0.0184608197892271
"53883",0.00885123397482556
"53885",0.0090702947845805
"53886",0.0067497087375441
"53890",0.00730077123906423
"53892",0.0152200782936016
"53893",0.0086395491528461
"53895",0.0111256785152925
"53896",0.0172657806148004
"53897",0.0293877551020408
"53901",0.00781659968033145
"53902",0.0104166405380236
"53945",0.0237267287088039
"53951",0.00879636346832679
"53970",0.00878197883113598
"53972",0.00606326077955103
"53975",0.0168947414169541
"53978",0.143631132935202
"54004",0.0190018898652766
"54006",0.00877599812053454
"54120",0.441566656245847
"54122",0.0437516933358511
"54123",0.633088441309259
"54124",0.0953459989984217
"54125",0.0223957689461792
"54126",0.00576342633492652
"54127",0.0124259298452468
"54128",0.0199631773141396
"54130",0.00473772980266487
"54131",0.0152326226128974
"54132",0.02389476001151
"54135",0.0386078300700634
"54137",0.0378096833850765
"54138",0.00310393131938927
"54139",0.256868161680465
"54141",0.0320417618867707
"54151",0.00497060690231993
"54152",0.0122453517507797
"54153",0.0658983435133803
"54156",0.0428121857953495
"54160",0.00378826304068151
"54161",0.00298150667674477
"54169",0.0178129464690415
"54170",0.00553411863275727
"54188",0.0129789649666764
"54189",0.00584202198872165
"54194",0.0103925171315083
"54195",0.0107215206616173
"54196",0.0904775794217485
"54197",0.00824333959092366
"54198",0.00357396030245747
"54199",0.105347280002528
"54200",0.030285039635689
"54201",0.00879714625445898
"54204",0.234963283065922
"54208",0.00362028441480939
"54214",0.00602737224562247
"54215",0.152015914589403
"54216",0.00661301573224839
"54217",0.0159051824162191
"54218",0.0292699942783723
"54219",0.0237679594950461
"54324",0.0729196047806066
"54325",0.0200217452469386
"54326",0.014545513440589
"54338",0.0103723852355455
"54342",0.021486777130539
"54343",0.00954751539212867
"54351",0.00780682237296467
"54353",0.0140331954880959
"54354",0.0198487673972046
"54357",0.0112743337494129
"54364",0.0173842418840308
"54366",0.0310619407465044
"54367",0.0125514367865567
"54368",0.243479830372349
"54369",0.0312282536814761
"54371",0.00888419507828335
"54373",0.26328820577032
"54375",0.00976744981361786
"54376",0.00734141787487814
"54377",0.0117549990322548
"54378",0.10482072604167
"54380",0.00588855968893532
"54381",0.0166215474132488
"54383",0.0077912674385943
"54384",0.0075895519789371
"54387",0.0062613759506721
"54391",0.00659252126825566
"54392",0.706913601870514
"54393",0.00288425340803286
"54394",0.0172890650255624
"54396",0.0955707109233268
"54397",0.00568925219979461
"54399",0.00863170348444009
"54401",0.00351910370583166
"54402",0.0145553872040504
"54403",0.0105861276241463
"54405",0.00890581659170472
"54409",0.0169353852117555
"54411",0.00297520661157025
"54418",0.0112526458772898
"54427",0.494472971484885
"54445",0.0323836011643775
"54446",0.010288870121794
"54447",0.0409937509525987
"54451",0.00660177573392846
"54473",0.00544278958965844
"54484",0.00495616
"54485",0.105610157326503
"54486",0.0310368230049873
"54519",0.047037145276131
"54524",0.0389807671503703
"54525",0.00377782742967327
"54526",0.025560576641002
"54561",0.00733235790333929
"54562",0.0467730779041482
"54563",0.0139662943539412
"54598",0.0372935841390538
"54601",0.0111496513682509
"54604",0.00747020387084251
"54607",0.0237880869536941
"54608",0.0408574534433044
"54609",0.00492281860896795
"54610",0.0256323334353637
"54611",0.0549175576692584
"54612",0.434358734810286
"54613",0.0201803529943945
"54614",0.00494300582786512
"54615",0.128469498978767
"54616",0.00514514875994492
"54624",0.00716146916993037
"54630",0.159418005938354
"54631",0.0932998894557917
"54632",0.00871038295520805
"54633",0.0109713981084767
"54634",0.295111246584951
"54635",0.0492465067195363
"54636",0.0164150449954086
"54637",0.00701303113397559
"54638",0.0100415927130892
"54644",0.00449597380467105
"54645",0.0035248597526407
"54646",0.00840489688193121
"54648",0.0188907456611453
"54650",0.00678751291322314
"54651",0.0130903519094604
"54667",0.0122934885021211
"54670",0.0828568462561545
"54673",0.00953625937853473
"54678",0.031250305839481
"54683",0.0069084784568455
"54709",0.00850187370875294
"54710",0.26663874569381
"54711",0.0256046306205721
"54712",0.0104602449680821
"54713",0.0079269924467221
"54720",0.0096378109538943
"54721",0.0136697417178755
"54722",0.018599078895057
"54723",0.00756610206645428
"54725",0.00679966678214539
"55927",0.0153383088407059
"55932",0.234362541027459
"55934",0.0209487534626039
"55935",0.0157854889187207
"55936",0.0113916639753364
"55942",0.040935405625
"55943",0.0104949172020963
"55944",0.00649921201727896
"55946",0.00763000882069519
"55947",0.0398604246484189
"55948",0.105223966241009
"55949",0.00836327692870241
"55950",0.011812595786956
"55951",0.0065874432818478
"55960",0.0139107694995196
"55963",0.00851182969493979
"55978",0.00988732484279741
"55979",0.00699644010327311
"55980",0.00518026471745432
"55981",0.062084542843653
"55982",0.00695092942746366
"55983",0.0389781444126548
"55984",0.00544363367707775
"55987",0.0878977022259433
"55988",0.00563393574837137
"55989",0.0146449125015334
"55990",0.0983488690554502
"55991",0.0146575568499472
"55992",0.0083736099278312
"55994",0.0395512856003942
"56009",0.0307265559535301
"56012",0.0418948805287597
"56013",0.00595332655827073
"56016",0.054510099481525
"56017",0.0135715918158894
"56018",0.0218458585881296
"56030",0.00478833489769523
"56031",0.0181316116117818
"56032",0.00573958351201583
"56036",0.00897433976440167
"56040",0.0117782826875581
"56041",0.00406571989378203
"56043",0.0082711156273658
"56044",0.00568754473852146
"56045",0.0196117912465374
"56046",0.00552925706771861
"56047",0.676203582266832
"56048",0.0125175215621104
"56050",0.133959107098858
"56055",0.00912853087761513
"56068",0.0967611650818461
"56070",0.00867200885661675
"56075",0.0203002788907182
"56077",0.00661082676619765
"56078",0.0305530475299744
"56079",0.015149437489015
"56085",0.00361473898151982
"56086",0.00635973948429946
"56087",0.420881834049551
"56088",0.024247629258376
"56089",0.0409039262719353
"56095",0.00725147500815224
"56149",0.0123275062334552
"56150",0.0551902303879477
"56173",0.385018953638796
"56174",0.0164330286862723
"56175",0.237206356584533
"56176",0.0104482637287971
"56187",0.0107558485698491
"56188",0.0394080767508208
"56190",0.0686299470794615
"56191",0.00545778081175539
"56193",0.0264071811335807
"56194",0.0159741512345679
"56195",0.0100211976623097
"56196",0.0124665169123487
"56198",0.0536945417483947
"56199",0.0115405722969978
"56200",0.00963917573139017
"56205",0.00301043695266178
"56207",0.0104169492231324
"56208",0.00350834905300683
"56209",0.00916032197279134
"56210",0.00993292361016191
"56212",0.0247205401932819
"56213",0.0101457435959885
"56214",0.00925901511076336
"56215",0.00482629395142716
"56216",0.00397207835164798
"56217",0.0124996666388641
"56218",0.00724133550561576
"56219",0.00783962673611111
"56220",0.0217613069113108
"56222",0.191422368081717
"56224",0.00525014907775851
"56226",0.0722398412723211
"56228",0.00607258383088672
"56229",0.0294877700783236
"56233",0.0107261196809996
"56248",0.00489494880899484
"56249",0.00650528137208073
"56258",0.00340656179503096
"56264",0.02800787064919
"56273",0.0083342538820856
"56274",0.0130340277777778
"56275",0.0123027001798141
"56277",0.205884923354673
"56278",0.0154332840236686
"56279",0.00961649125448999
"56280",0.00673986765571604
"56282",0.0123456790123457
"56284",0.00789128652410572
"56289",0.0138361118508841
"56291",0.0166891783613012
"56292",0.01
"56293",0.672022358641041
"56294",0.0077127765718216
"56295",0.00404008256708576
"56296",0.493791088385683
"56297",0.0104424148215944
"56298",0.0101498106482513
"56299",0.0189598115858724
"56305",0.00436990581717452
"56306",0.0761542651263322
"56307",0.0079719387755102
"56309",0.0332336126556504
"56310",0.0173225398849801
"56312",0.0605384836345329
"56314",0.0265316158940107
"56315",0.210069444444444
"56316",0.0127365788466116
"56317",0.00904249313109263
"56320",0.00348599388648874
"56321",0.0133669705741778
"56322",0.00935743637119631
"56323",0.0135996322070371
"56324",0.00908809537844439
"56325",0.0114409828018296
"56327",0.0124954091230066
"56330",0.0197459957712027
"56332",0.0226497678024952
"56334",0.00495050663101465
"56335",0.0132049624052003
"56336",0.00630185817762423
"56338",0.0162965949168479
"56347",0.00305208031191717
"56348",0.00746866877912327
"56349",0.0176417985876944
"56350",0.00840826614932739
"56351",0.00928358545451783
"56353",0.00989556207340808
"56354",0.00436291038630911
"56356",0.0154902442686619
"56357",0.00402876174375076
"56358",0.02179811051272
"56360",0.0123651593706774
"56361",0.0145270815683469
"56363",0.00454349460472613
"56364",0.00721502731480362
"56367",0.00634560704575484
"56368",0.0176425860418241
"56369",0.0211545025718554
"56370",0.00923106497500961
"56371",0.00942055171459173
"56372",0.00377743768899446
"56374",0.00390114212215459
"56375",0.0101348437122752
"56376",0.008258981488357
"56378",0.00643183509034741
"56380",0.0563719909825475
"56381",0.0143403418559484
"56382",0.00837690318873887
"56384",0.00489012843363226
"56386",0.00464876033057851
"56389",0.0123508278722678
"56390",0.0143171182151668
"56392",0.00881512345679012
"56395",0.00737894456980414
"56397",0.00454011192254249
"56398",0.00483014453775321
"56399",0.0109970339796635
"56401",0.0157814596444393
"56403",0.00679573706554101
"56404",0.00826675039216643
"56405",0.0152528687167951
"56406",0.00894380999066435
"56407",0.00440385612324513
"56409",0.00481274389388487
"56410",0.703207063714955
"56412",0.0104143144292469
"56417",0.0043089323054836
"56418",0.00425606956858112
"56419",0.0647723054107979
"56420",0.0142208518763277
"56421",0.0037476179236065
"56422",0.00596805982795778
"56424",0.0058558885426027
"56426",0.00558007007116052
"56427",0.0388858067286254
"56428",0.00692839720672258
"56430",0.00665245234777897
"56431",0.00310144977592393
"56433",0.00615148019992311
"56434",0.00925671732063311
"56436",0.00992240572474999
"56437",0.153468487727253
"56438",0.00472579221662318
"56440",0.007225
"56441",0.0300482239764021
"56442",0.00612076124567474
"56443",0.00389151408103461
"56444",0.00365233915905568
"56445",0.00557671186535192
"56447",0.00445586240876935
"56448",0.00850758187646549
"56449",0.00891910851408702
"56451",0.0052039934709397
"56452",0.0108581404517357
"56453",0.00515235046217167
"56454",0.0157216326506595
"56455",0.00681633165811313
"56456",0.0179959557837062
"56457",0.00815007716049383
"56458",0.0174147109157988
"56459",0.00528925619834711
"56460",0.458310835061307
"56461",0.017938208123623
"56462",0.00399559289045984
"56463",0.00407601141656675
"56464",0.00709976809606476
"56468",0.00865558769062687
"56469",0.00875572101128081
"56470",0.00925352843594446
"56471",0.00997565429996098
"56473",0.00588264440325567
"56480",0.00802887452480952
"56484",0.00883120806585666
"56485",0.0269860529241038
"56486",0.00837429863276899
"56488",0.0228729357477021
"56489",0.12639243828002
"56490",0.0690926318537834
"56491",0.00317506848944073
"56494",0.00443658860073995
"56495",0.00648388862554184
"56496",0.0128405750531591
"56501",0.25
"56503",0.0168773323313737
"56504",0.0521357631410969
"56505",0.00867551658134498
"56506",0.0128170867430628
"56508",0.00521840886155817
"56513",0.0153225665872551
"56515",0.0187746836483188
"56516",0.0140584257966358
"56517",0.0861201692383952
"56520",0.0449486297825552
"56523",0.559769017325472
"56524",0.00885328634563728
"56525",0.0168686447913419
"56526",0.00694444444444445
"56527",0.00785343551527279
"56529",0.00900585239689354
"56530",0.00901297868931261
"56531",0.00960823068164174
"56532",0.227775831758222
"56533",0.0101404586780957
"56534",0.307519232718558
"56535",0.00885643720558303
"56541",0.00380202486429593
"56542",0.00975521124026305
"56543",0.014286356492088
"56544",0.871374944262052
"56546",0.0567416397699641
"56550",0.00473111055121637
"56551",0.00587979815338468
"56612",0.00950119885768745
"56613",0.00591808079370576
"56615",0.0229802426061909
"56622",0.279524648369402
"56626",0.0190600345831245
"56631",0.0155353465912339
"56632",0.0144929977189281
"56637",0.00776386276837428
"56642",0.828873533094848
"56644",0.376620511995698
"56690",0.0107751638156424
"56692",0.0078823715855079
"56693",0.0357665401878058
"56695",0.00632598162198004
"56697",0.011753717116748
"56698",0.00797464364911039
"56699",0.00762571663061103
"56700",0.0140787890868389
"56703",0.010830775780549
"56705",0.00347760462506126
"56706",0.0133781727279491
"56707",0.0179599570606887
"56708",0.16352614022469
"56709",0.0083041480484677
"56710",0.00549280884796208
"56711",0.0816326530612245
"56715",0.00674480315328393
"56716",0.00873743254641044
"56717",0.00510496923688116
"56720",0.0487584261909496
"56722",0.0284547562995141
"56724",0.00805296360006656
"56726",0.0107999729065194
"56736",0.00402335397236451
"56737",0.00430124969420085
"56738",0.0118144903803829
"56739",0.102875275480014
"56741",0.0121338698224852
"56742",0.0107562689053337
"56743",0.0984765778280443
"56744",0.168325795461434
"56745",0.055812300661246
"56747",0.00625055175727835
"56748",0.01095947265625
"56749",0.00867454825067282
"56752",0.00737123075556812
"56758",0.00662623525783547
"56771",0.0102720964207451
"56772",0.00271484853474484
"56773",0.107237804253119
"56784",0.00842003257626536
"56786",0.00602712011602888
"56788",0.203755720786442
"56790",0.0102174924029937
"56791",0.105046151937534
"56792",0.126546238949211
"56794",0.0546935489808392
"56795",0.00730651753982537
"56805",0.0131130618833626
"56807",0.00234078380597093
"56808",0.0193479402992367
"56809",0.0121647923875433
"56811",0.301100683122559
"56812",0.00728968892084602
"56838",0.0900892635700168
"56839",0.00449629204549804
"56844",0.0127418682628209
"56846",0.0285488870663727
"56847",0.201273772342104
"56857",0.0843656226731872
"56869",0.102679954932286
"56873",0.0113941959253941
"56874",0.0221338182848303
"56876",0.00439559256567019
"56878",0.0184524144944274
"57028",0.006579041125355
"57080",0.011300988819891
"57138",0.00627702787761015
"57170",0.00989610460069444
"57230",0.00874001964581824
"57247",0.00840802148433544
"57249",0.433926886247391
"57257",0.0401247076406479
"57258",0.0179555351287677
"57259",0.0151696089506667
"57261",0.0070314433477819
"57264",0.458031707716486
"57265",0.0273614954424071
"57266",0.00875798458757224
"57267",0.0133454221430163
"57274",0.272876767564002
"57275",0.032495224048594
"57276",0.0453640183004825
"57278",0.0158243953601618
"57279",0.0112715741308154
"57294",0.0201468662758279
"57295",0.00634242907808424
"57296",0.00619116805084827
"57312",0.00949830228757959
"57314",0.00798211680036033
"57315",0.0168038408779149
"57316",0.00992879417393867
"57317",0.00441968435642683
"57319",0.00786175738410078
"57320",0.00631777387307458
"57321",0.00534210439178375
"57330",0.00744153748368321
"57339",0.0228383767837124
"57340",0.00477119663201087
"57342",0.00542618920690431
"57344",0.0201296878859294
"57354",0.0133060520408979
"57357",0.0131902659375157
"57370",0.00676974843775036
"57373",0.0594569839813529
"57376",0.00760231475323911
"57377",0.00983978897282378
"57423",0.0151139825290491
"57429",0.0788938441921899
"57431",0.0277199977044377
"57432",0.0389671107032072
"57434",0.0540430269204322
"57435",0.29093021798691
"57436",0.00377590920693599
"57437",0.00904443508345413
"57438",0.0255599914357279
"57439",0.00491232445541404
"57440",0.00828831520834017
"57441",0.0834154774379324
"57442",0.423414419009186
"57443",0.0070813296542932
"57444",0.257927664955361
"57738",0.0113227310086679
"57740",0.00849743082417607
"57741",0.00557816199612748
"57742",0.172286201503865
"57743",0.00669421487603306
"57745",0.024003173973418
"57746",0.24465256098971
"57748",0.0134338645240454
"57749",0.705104985296872
"57750",0.00761124290572234
"57751",0.00801337759308529
"57752",0.0046322443371984
"57753",0.0169501855700059
"57754",0.00602566987578914
"57764",0.052403550071086
"57773",0.0101963946567072
"57775",0.00919677833244333
"57776",0.00326106959208416
"57778",0.0093609506870585
"57780",0.0322535244347395
"57782",0.0133528649782881
"57783",0.00827295878757279
"57784",0.0181349756488552
"57785",0.0165131656896542
"57808",0.0138417478661324
"57810",0.0397179560545413
"57813",0.00796941979653058
"57814",0.130952302409582
"57815",0.0245281911913882
"57816",0.0155381946123595
"57837",0.00826446280991736
"57869",0.010853995286906
"57874",0.00349342375432771
"57875",0.060949405683661
"57895",0.0223833551307162
"57896",0.0161614102965608
"57905",0.0145101936403256
"57908",0.0138883797893899
"57912",0.00476073913400824
"57913",0.0843896543072713
"57914",0.0428061831153389
"57915",0.00934337046295587
"57916",0.19215855405514
"58172",0.0114359956260068
"58175",0.0152014552032481
"58178",0.028906077173782
"58180",0.048151813997638
"58184",0.00859792615118886
"58185",0.438413037573563
"58186",0.0451417971620807
"58187",0.00908752722067873
"58188",0.00783123948488961
"58193",0.00568703182726135
"58194",0.0140369401889706
"58198",0.012196307380526
"58200",0.0160866441736421
"58202",0.00678522209402123
"58203",1.16554045691938
"58206",0.0401849886732207
"58207",0.301701583983853
"58208",0.0100096223232346
"58212",0.00825214984558106
"58220",0.0377247269466736
"58222",0.0618790188398502
"58223",0.42916235177142
"58226",0.0104441919566201
"58227",0.0366857139328419
"58229",0.0168317072018232
"58230",0.0100405268075202
"58231",0.00678826916100543
"58233",0.00501715275542823
"58234",0.00867772242714723
"58235",0.00768738348195234
"58237",0.0109580805794477
"58238",0.0123456790123457
"58239",0.00993233911475102
"58240",0.012996
"58242",0.00732650223804813
"58243",0.00935027810779023
"58244",0.00560129602665487
"58245",0.0125197075825575
"58246",0.00631670299625321
"58248",0.0239758598777595
"58249",0.0109472864727411
"58250",0.00634894184967449
"58520",0.0074295906198331
"58521",0.00659102624036823
"58523",0.00422967755292169
"58799",0.0058973118619456
"58800",0.0152229439470007
"58801",0.111906179138322
"58802",0.00859769575451456
"58804",0.379545190202127
"58805",0.0801949738954743
"58807",0.0103787273112492
"58809",0.0117916208903569
"58810",0.00609388700305527
"58859",0.0200485550943692
"58861",0.211522646563333
"58869",0.0117313583434661
"58875",0.00709181087354518
"58887",0.00615303684702257
"58894",0.0192532222247659
"58909",0.0203301206474211
"58911",0.0106903382121542
"58988",0.0160644562222872
"58992",0.438678934498534
"58994",0.00569662274403691
"58996",0.00693227722042184
"58998",0.0152004525504237
"59001",0.0256468898270171
"59002",0.0124727567033124
"59003",0.00514822450579034
"59004",0.0136715252484196
"59005",0.00924511875641967
"59007",0.00936524453694069
"59008",0.00346645009289915
"59009",0.0100671230371599
"59010",0.0250431930208427
"59011",0.292877745460291
"59012",0.0439637691864254
"59013",0.00804166185491276
"59014",0.0126414479879835
"59015",0.0264863726691155
"59016",0.0079629079761494
"59020",0.418198417887002
"59021",0.00480856553238222
"59022",0.0151309247207311
"59024",0.0139942142186026
"59025",0.00507662595762617
"59026",0.00895340164882579
"59027",0.0118385049660534
"59028",0.0107404958677686
"59029",0.00554621668174416
"59030",0.0070851440905406
"59031",0.0142759598572854
"59032",0.0167269616795173
"59033",0.00612764357515005
"59035",0.00570849446803876
"59036",0.0635316194407957
"59038",0.0151931354220601
"59040",0.00573231840863108
"59041",0.00294671383123034
"59042",0.00681364742722338
"59043",0.00402939872520726
"59044",0.00376378486205728
"59045",0.0126263310737592
"59046",0.00616845200681413
"59047",0.00945029422985149
"59048",0.0161072146195641
"59049",0.00463963617118651
"59050",0.0105103963330931
"59052",0.00864444969099022
"59053",0.02150234269742
"59054",0.013446517394486
"59056",0.00916704391127207
"59057",0.0150326371877933
"59058",0.014993752603082
"59069",0.00386804037544174
"59079",0.0154576920716487
"59090",0.0119128141830646
"59091",0.429319252012246
"59092",0.00803445959158519
"59093",0.0052908812482475
"59095",0.0185060145850182
"59125",0.00962875755206206
"59126",0.00612560251274569
"59287",0.00613880327346158
"59288",0.00534170408672335
"59289",0.083258479338843
"59308",0.0274284518836915
"60315",0.0127671618599572
"60321",0.00331820144406483
"60322",0.0836507495825915
"60344",0.170099592629211
"60345",0.0246269920218482
"60364",0.019037472307169
"60365",0.00751326529798212
"60367",0.0728655007218684
"60406",0.0427718193698492
"60409",0.006130854966493
"60411",0.186184433779198
"60425",0.0545174997122362
"60440",0.53681011665523
"60441",0.00911364141238658
"60455",0.0136730736005866
"60504",0.0801942203774767
"60507",0.0146549680730789
"60510",0.0398412699978009
"60525",0.00494140732602053
"60527",0.00865221132611715
"60530",0.250572773948371
"60532",0.00615221798651954
"60533",0.0965474001953921
"60534",0.0127662949189833
"60594",0.325205490429415
"60595",0.00456720924196124
"60596",0.0166124637174471
"60597",0.00425443767524733
"60599",0.037832387392827
"60611",0.00810236548147969
"60613",0.0257127532802661
"63828",0.00964777731543245
"63830",0.0413087072977054
"63856",0.0114648318358991
"63872",0.13501878145633
"63873",0.0692205312342713
"63913",0.0817649367277369
"63953",0.0471067414520035
"63955",0.0163788869969079
"63958",0.0043143551037314
"63959",0.0227642920855034
"63985",0.00624720623176347
"63986",0.233280037742981
"63993",0.234523950793086
"64008",0.107127312291759
"64009",0.00615885651702538
"64010",0.00945897802073878
"64011",0.0076881263465046
"64050",0.00758056453123758
"64051",0.00564414140361661
"64058",0.0529432918455933
"64074",0.0132645089764768
"64075",0.017658980067115
"64082",0.409306642802604
"64085",0.0096921303375574
"64095",0.0828786180594642
"64099",0.0137849482786727
"64103",0.517975218770577
"64113",0.0891785933438175
"64136",0.0267960027753172
"64138",0.0380225127957752
"64143",0.0125182230981379
"64144",0.00747046175698027
"64176",0.00763570541240682
"64177",0.111091868592879
"64209",0.0101576848222362
"64213",0.0123744719102998
"64242",0.102408412923364
"64291",0.00585023279550533
"64292",0.0552143110272065
"64293",0.0341748360379884
"64294",0.00249024866848117
"64295",0.0148495915630222
"64296",0.0100293147515922
"64297",0.00537795056195017
"64337",0.0193783849891522
"64339",0.0044186122152488
"64340",0.0089370903318743
"64378",0.28970601704579
"64379",0.302468944896461
"64383",0.00807885686671761
"64384",0.00735894848135333
"64385",0.0197831732571861
"64424",0.0213496313739475
"64436",0.0111337131495657
"64450",0.00633168629949194
"64451",0.00759900721008851
"64453",0.0224870652489019
"64540",0.0227390027623314
"64580",0.0384105997394056
"64602",0.0142980826692178
"64652",0.00407146920236466
"64654",0.457612456747405
"64655",0.00983936004162331
"64656",0.00935410670771005
"64657",0.0120494305402216
"64658",0.00899528233095584
"64659",0.00747991234477721
"64660",0.0175690542661439
"64685",0.0773628580650047
"64704",0.00953554799610059
"64706",0.0362479836746944
"64707",0.0645840108175676
"64817",0.520840961899163
"64898",0.0106311881703787
"64899",0.110505527091855
"64918",0.475786201798161
"64929",0.0961260855453154
"64930",0.00821877132697166
"64933",0.0038367477010211
"64934",0.0104517247080219
"64945",0.0091091813200022
"65019",0.0120650838566292
"65020",0.0189206643055477
"65079",0.0141642189577665
"65098",0.00782776639401465
"65099",0.0122714194573923
"65100",0.240382179747339
"65102",0.00756143667296787
"65103",0.018496
"65105",0.0137590829191521
"65106",0.00431184920221953
"65107",0.012414552959707
"65111",0.00654655014818015
"65112",0.0141093121978533
"65113",0.0049296148963811
"65114",0.00529423783800356
"65115",0.0268333832350269
"65116",0.0359042343789368
"65221",0.0908237943328955
"65246",0.00836383567993643
"65247",0.00667342540139165
"65254",0.0167397558812279
"65255",0.465096990491128
"65256",0.0726889303916017
"65257",0.0222307026051717
"65945",0.00397694992289587
"65960",0.00818835568066921
"65961",0.0101850427533205
"65962",0.0129475803136992
"65963",0.0271936137022916
"65964",0.0234432694428785
"65967",0.00964478873601315
"65969",0.478729060782346
"65970",0.0157550916183113
"65971",0.0191902141861207
"65972",0.116465104560343
"65973",0.00562446021159736
"66011",0.031769761659808
"66039",0.363307792733039
"66042",0.0591927240646017
"66043",0.01214157210456
"66044",0.00585449599933833
"66046",0.00638660621225056
"66047",0.0214750791055236
"66048",0.0083792899408284
"66049",0.00820393135650618
"66050",0.0177694048694857
"66052",0.00492171356635311
"66053",0.0113170640697989
"66054",0.00794065661770397
"66055",0.0101582213539156
"66056",0.0272535350804968
"66058",0.0356844497689722
"66059",0.0175586815116519
"66060",0.00677298329539755
"66061",0.017189099366508
"66066",0.0458345364792567
"66067",0.023737493239589
"66069",0.0110624103224725
"66070",0.00874073652074616
"66071",0.0186853553537545
"66072",0.00695148570578635
"66073",0.0151479289940828
"66074",0.00787449272261837
"66075",0.0082401496204114
"66077",0.0134727705502269
"66078",0.00827501767833109
"66079",0.015573084945893
"66082",0.00672893922628737
"66083",0.0199179327057787
"66084",0.0106408106813651
"66085",0.00924556213017752
"66086",0.00655897607060537
"66087",0.00616295051691401
"66089",0.00840277777777778
"66090",0.0119116527604325
"66091",0.0151971893056736
"66092",0.00460540739815715
"66094",0.0103246265440965
"66096",0.0128248543694319
"66098",0.00838201448109991
"66101",0.0231307330032605
"66102",0.168686224489796
"66104",0.00677908164518793
"66105",0.00574044392650869
"66108",0.00411116567663189
"66109",0.0042432258363177
"66111",0.01092470743811
"66112",0.475635380013844
"66114",0.0108754013409329
"66116",0.0230852098546481
"66117",0.027746784443758
"66118",0.0110270903445941
"66119",0.00968167740654319
"66120",0.403911759932948
"66121",0.0154786012906321
"66123",0.283141149734871
"66124",0.0127055248220094
"66125",0.0117548613854932
"66126",0.0129631706346936
"66128",0.0162292099957005
"66129",0.0194265570492349
"66131",0.0162740513432815
"66132",0.0233543548117648
"66136",0.0163784238918127
"66138",0.00977560147686045
"66139",0.23967811281245
"66140",0.0607993995121036
"66141",0.229972756177699
"66142",0.00868772035564815
"66143",0.0161485547736465
"66144",0.00987290586018219
"66146",0.00495042848434867
"66147",0.0123640259841238
"66148",0.0117753295001965
"66151",0.0101007550314386
"66152",0.0125649601550839
"66153",0.0869255902032572
"66154",0.0101526695484972
"66155",0.00785672961357227
"66156",0.0158299158443334
"66158",0.0185847379334982
"66161",0.015745832639322
"66162",0.0175693537269317
"66163",0.0139917859029383
"66164",0.0111995331724243
"66165",0.0135289344238328
"66167",0.0115017853392145
"66168",0.00707771381468405
"66169",0.00969409740089977
"66170",0.0360114533276061
"66171",0.0291849293750584
"66172",0.0221990719325891
"66174",0.0254289386695306
"66175",0.164103304598145
"66176",0.0153022419687505
"66177",0.0123109461471257
"66179",0.0342158023582389
"66180",0.0174891041797942
"66181",0.0129015951355561
"66183",0.139014220355313
"66184",0.0226154887978449
"66185",0.00705562400836609
"66190",0.0387333885612476
"66191",0.00543707686932551
"66192",0.0165328508760692
"66193",0.00588426133261336
"66194",0.0146298709402181
"66196",0.0432837339132304
"66197",0.201073948097758
"66199",0.0116129289906996
"66200",0.00898853424301325
"66201",0.00657184966999877
"66202",0.0154189788792108
"66204",0.0171310931422316
"66205",0.0119801210173073
"66206",0.00792499732886211
"66208",0.0186237637938626
"66209",0.0138327443346033
"66211",0.362508488287598
"66212",0.0130988920246486
"66213",0.0143277958516881
"66214",0.0221451216068785
"66218",0.00712496500149627
"66220",0.0283375629048967
"66222",0.0316293641468818
"66223",0.00952442138563938
"66225",0.0146224866440374
"66226",0.00952801036581631
"66229",0.0069254472041437
"66230",0.0193196435685791
"66231",0.00982985768989245
"66233",0.009700994536561
"66234",0.00626328582009436
"66235",0.00777711675899464
"66236",0.00675020388370914
"66237",0.00297018836533671
"66240",0.110106040642474
"66241",0.0112492364680244
"66242",0.00876834810435832
"66244",0.00799714647132559
"66245",0.011958056645607
"66246",0.00932073465153049
"66248",0.0140151099144904
"66249",0.0094006677166341
"66251",0.0127471383975026
"66253",0.00527892635684364
"66254",0.0114181813643981
"66255",0.375873235651771
"66256",0.00948271627889291
"66257",0.00450307630893912
"66258",0.00677905276302005
"66259",0.0153131260715001
"66262",0.0185258505308668
"66263",0.0723567062416462
"66264",0.0164280726095502
"66266",0.00967338343029296
"66268",0.0123001153977467
"66270",0.00589830030195759
"66271",0.0222454686919151
"66272",0.021301397052072
"66273",0.0151693319288838
"66274",0.0187249010458376
"66276",0.0205572181318089
"66277",0.0154853185553015
"66278",0.0150994168427031
"66279",0.0163171366172091
"66282",0.0311908104183093
"66286",0.00965519848771267
"66290",0.00665647817498623
"66291",0.019888231426693
"66292",0.015055642800462
"66293",0.0503560408081793
"66294",0.0104954602275506
"66296",0.00746781579928939
"66297",0.0310012393363201
"66300",0.0357190500500603
"66302",0.0381070886365976
"66306",0.00630937756199393
"66307",0.0266849012654759
"66308",0.0263208817381084
"66309",0.0118786313330845
"66310",0.0207163182894184
"66311",0.0536050535751421
"66313",0.0100269602214243
"66314",0.00920941332044085
"66315",0.0104219211280038
"66317",0.00685729933807549
"66320",0.0156537620739881
"66323",0.090711798524261
"66329",0.0993821002571357
"66330",0.595205356582139
"66333",0.0104111591258849
"66335",0.00577934779666113
"66336",0.132493247326125
"66337",0.0354325259515571
"66340",0.0131105110042799
"66343",0.0297926116762819
"66349",0.00750782864152893
"66350",0.00917951640475101
"66352",0.0100670014876791
"66353",0.0866631373186213
"66354",0.00602843762902522
"66355",0.0072277950095761
"66356",0.00798573304334292
"66357",0.00854576481671555
"66358",0.022530099289706
"66359",0.0420429843798092
"66361",0.017069552141922
"66362",0.0353716017170272
"66364",0.033366843908623
"66365",0.0157444516783018
"66366",0.0089826987818264
"66367",0.00777506917642901
"66368",0.00949965818493458
"66369",0.014448799739107
"66373",0.0584590216936756
"66374",0.00861548087510467
"66375",0.0129265735899953
"66377",0.0205073522480912
"66379",0.0115025947201307
"66381",0.0210827679634068
"66383",0.00699701700091525
"66384",0.0160624016783789
"66385",0.00601399434542863
"66387",0.0408468264487831
"66388",0.0431177366674402
"66390",0.00782726821870351
"66391",0.10139390871532
"66394",0.0109575028838639
"66395",0.0123823584049027
"66396",0.0323663638745742
"66397",0.00887109404447728
"66398",0.0155523763474132
"66399",0.0144964821422579
"66400",0.0248904232255632
"66401",0.0178873300289941
"66402",0.184988811297341
"66403",0.0263230075039178
"66404",0.00657414170927684
"66405",0.0393638740736518
"66406",0.0375553184541237
"66407",0.0173507537902678
"66408",0.0077388628358261
"66409",0.00666136448980781
"66410",0.0174384913186377
"66411",0.0106617826003305
"66412",0.0190151632553623
"66413",0.00715162685461925
"66414",0.00837951414037597
"66416",0.0129035451562674
"66419",0.00974763303097087
"66420",0.0108638110276467
"66421",0.010855979823425
"66422",0.026937544752745
"66423",0.00969625608677937
"66425",0.0112450757913199
"66427",0.00296863565549921
"66431",0.0325124120329986
"66432",0.011887131032492
"66433",0.0167122253781918
"66435",0.018546836439613
"66437",0.00993458314195012
"66439",0.0141267776268387
"66440",0.0102478164435652
"66441",0.0550527287413031
"66442",0.466187785799691
"66443",0.0165567255584243
"66445",0.00706581087358307
"66446",0.0096954869156162
"66447",0.013322452047182
"66448",0.00958626237103901
"66449",0.0159419769288963
"66454",0.0299444540995868
"66455",0.0216081068098844
"66456",0.0239461461811479
"66457",0.0947247437226086
"66459",0.015599105790942
"66460",0.00765060507013267
"66461",0.0100672061649721
"66462",0.021031691369489
"66464",0.019319926655834
"66467",0.00939755238543757
"66469",0.0111545225771398
"66471",0.00790786451060763
"66475",0.0104382883575219
"66477",0.0152035110264249
"66480",0.00432492800788643
"66481",0.009215716437313
"66482",0.00845047383356305
"66483",0.0152673943603987
"66487",0.0296221022257875
"66488",0.0083824360573548
"66489",0.0130763664742148
"66491",0.00932744338666201
"66492",0.00543725439566043
"66493",0.0100872541830648
"66494",0.00824222303540478
"66495",0.00548008608190375
"66496",0.0152092758490115
"66497",0.0198884977242246
"66498",0.0104935489648513
"66500",0.0209893198743343
"66503",0.460500505476663
"66505",0.00550437909566377
"66506",0.02253829882408
"66508",0.00840353076545827
"66510",0.00716833824644747
"66511",0.00462966403104489
"66513",0.0142243918862049
"66514",0.00602481218484793
"66515",0.0194984625383096
"66520",0.0149768610901963
"66521",0.014111068821175
"66522",0.0115612197538414
"66523",0.0173776287630696
"66525",0.0176592595895775
"66526",0.0121269337701884
"66528",0.171505842093349
"66530",0.00704555827002067
"66531",0.0286081589166058
"66532",0.370633089720493
"66536",0.01710417167969
"66537",0.00711609272152427
"66538",0.013445072883089
"66540",0.0166664836451221
"66541",0.0135856480417285
"66548",0.0354627425072012
"66549",0.00379484313327368
"66552",0.00901945527488598
"66556",0.00831959503171141
"66559",0.0205731060208105
"66561",0.79052363749031
"66566",0.0150545675585245
"66568",0.0369889013004986
"66569",0.00633373642556962
"66570",0.0824156956113642
"66573",0.0081236945280784
"66576",0.0116922788016421
"66578",0.0201823988990464
"66580",0.0124592019003264
"66583",0.0123191456325933
"66585",0.00629640732792501
"66586",0.0096188486896226
"66587",0.0104649230077017
"66588",0.00560907644110779
"66589",0.00783445211347297
"66590",0.00988358257041722
"66591",0.0215221654590103
"66592",0.00607915580709417
"66593",0.0120097579283168
"66594",0.0154048867354481
"66595",0.0424094619859739
"66596",0.010175106116695
"66597",0.019827684441198
"66599",0.0555933188112012
"66602",0.0607926561987011
"66603",0.0249488563278131
"66606",0.010777467503808
"66609",0.00805905143721845
"66610",0.0277777777777778
"66611",0.621938419017511
"66612",0.00697077406801602
"66614",0.0111431832090458
"66615",0.006103515625
"66616",0.0167882526221192
"66617",0.0185211599299553
"66618",0.0110716978243582
"66620",0.167355371900826
"66622",0.00666389004581424
"66624",0.0069536029590373
"66625",0.0174669868100751
"66626",0.00365863015750687
"66627",0.0117062038534979
"66628",0.03515625
"66629",0.00715406411914088
"66631",0.0106391486215979
"66632",0.0137244399605272
"66634",0.0347987917216097
"66637",0.0108212887819592
"66641",0.014159627835932
"66642",0.00721232253719675
"66643",0.00636205949462802
"66645",0.00849114994247206
"66646",0.0112682450552281
"66647",0.0107737313805126
"66648",0.00704350651811044
"66653",0.0114689502689758
"66656",0.0110678730330719
"66658",0.040075937334596
"66659",0.0144457324047222
"66660",0.00915964381007841
"66661",0.00537952707524618
"66662",0.159638350087356
"66663",0.00677327144307923
"66664",0.0190462648938939
"66665",0.0124215355405841
"66667",0.037038367250911
"66671",0.00827021200126347
"66673",0.0115581272590025
"66674",0.00786545181573107
"66676",0.00740606882904127
"66679",0.0076005194104959
"66680",0.015697166418743
"66681",0.0326642975267833
"66682",0.010599889082505
"66684",0.0158658020568895
"66686",0.0122701908183774
"66687",0.0136339517354449
"66689",0.0829525626241975
"66690",0.0147974511423838
"66691",0.00585334922210485
"66694",0.00475093929335444
"66695",0.129866878761185
"66696",0.317408727475839
"66700",0.00503332724616508
"66701",0.025472478404985
"66704",0.00997065298720677
"66705",0.121373569198751
"66706",0.0102344086648951
"66707",0.453607761707677
"66711",0.00982114066583765
"66713",0.00861872317257922
"66714",0.0233069624221185
"66715",0.138519992785179
"66717",0.102557383744873
"66720",0.721755406058024
"66722",0.358880125108979
"66724",0.023022391111233
"66725",0.015273005056
"66730",0.10779946314406
"66733",0.0449474942305739
"66734",0.00973324951500032
"66736",0.00806938382407728
"66743",0.00489153022677145
"66748",0.447957825593996
"66752",0.014767450396677
"66753",0.00550494376451127
"66756",0.00971946766904824
"66757",0.0508781246054791
"66758",0.800402708696402
"66768",0.0497083957094469
"66771",0.00607757433789055
"66774",0.175200697593479
"66775",0.0894820154639604
"66776",0.0131503539974809
"66779",0.126791170746129
"66787",0.00843890576670042
"66789",0.0140182107120401
"66790",0.0914323532044012
"66793",0.0298752809721176
"66795",0.0133956101403353
"66797",0.019078515625
"66799",0.0066820601533904
"66801",0.0146357057553969
"66808",0.207872492336255
"66809",0.477604766913027
"66810",0.0085961142055173
"66812",0.0129224650247165
"66815",0.047799758131352
"66816",0.00979315614043215
"66817",0.0264452852264715
"66818",0.00473111055121637
"66821",0.00974591592049354
"66822",0.00454669618997441
"66824",0.0978585182272799
"66826",0.0109900935866229
"66827",0.00963435841346573
"66830",0.0080766762057707
"66832",0.043407762448913
"66834",0.0103842446809784
"66836",0.0180022735566172
"66838",0.0477750149657268
"66839",0.00591990268123405
"66840",0.00593168217720097
"66841",0.00830139679429337
"66844",0.0368993957900712
"66845",0.0193155135474377
"66847",0.037496285382512
"66848",0.00741195561598176
"66849",0.00996795432064615
"66853",0.0134202608098115
"66854",0.00428262282214469
"66855",0.00349395730412458
"66859",0.0605957533380918
"66860",0.0108239134474925
"66861",0.00686879209109636
"66863",0.00382455387283022
"66864",0.0382517221754234
"66865",0.00443951028501964
"66866",0.0127471383975026
"66867",0.00423047997291956
"66868",0.00738223403185403
"66869",0.00798023783500789
"66870",0.00464876033057851
"66871",0.0156906421945133
"66873",0.0107441495517108
"66874",0.0142423241496723
"66875",0.0183587857731675
"66877",0.0128233922956452
"66878",0.00629881582262535
"66880",0.0093724847721067
"66881",0.00534270029288391
"66882",0.00624833716146969
"66884",0.0389576689582578
"66885",0.00752022377161527
"66887",0.00551888645397456
"66889",0.0121094281081768
"66890",0.00807193192019891
"66892",0.0139778318439991
"66894",0.00672652170727583
"66895",0.0320454199055022
"66897",0.0342908126708198
"66898",0.20822326869889
"66899",0.00392163396936307
"66901",0.0239675969598394
"66902",0.0169368373142411
"66904",0.00692242772558085
"66905",0.0169686252116219
"66910",0.0198189431279779
"66911",0.00822897902660969
"66912",0.00638647216506511
"66913",0.0103567610129651
"66914",0.00742304915074064
"66915",0.01740153915799
"66916",0.0110428037920138
"66917",0.0101288923329466
"66921",0.0108629240230113
"66922",0.0143175038264615
"66923",0.0118425605536332
"66925",0.00358819350344028
"66926",0.00776054700383025
"66928",0.014712186049215
"66929",0.216734054510439
"66930",0.0745436209329031
"66931",0.118797967481872
"66932",0.00665953107596448
"66934",0.120372653801171
"66935",0.00995889007434503
"66938",0.0880883039826817
"66939",0.00432351285419403
"66940",0.0196428988198548
"66942",0.00997132617963027
"66943",0.0133014499952525
"66945",0.00258395352570627
"66948",0.00859537652632097
"66949",0.0485217907672242
"66950",0.019676091808112
"66952",0.155713977013833
"66953",0.0735003937201514
"66958",0.00339587209152516
"66959",0.0269507945339574
"66960",0.00723495658946191
"66961",0.0193104293342836
"66962",0.0171208470789818
"66964",0.00872112292269125
"66965",0.0132608599699861
"66966",0.0137025779509172
"66967",0.0138274931049499
"66968",0.268315097818199
"66970",0.00588478138487521
"66971",0.0320454199055022
"66972",0.00342225
"66973",0.0122640314417911
"66975",0.00785552722162185
"66977",0.0897199821568246
"66978",0.00588426133261336
"66979",0.00794541472338891
"66980",0.011195433855223
"66983",0.0146525885614171
"66985",0.269203793334934
"66988",0.0096217025945216
"66989",0.00438627337002198
"66990",0.00963803924021601
"66991",0.210428230791461
"66993",0.00902358305157193
"66994",0.00696351995927498
"66995",0.00438040784408829
"66997",0.00701329607209086
"66998",0.00623115438407483
"66999",0.00690950389888902
"67003",0.00291605580941353
"67005",0.00800479447632194
"67006",0.00660762933780821
"67008",0.0146749341292365
"67009",0.0276136180684779
"67010",0.0073686659974972
"67011",0.0137903993368947
"67013",0.0212639067949417
"67014",0.0130070234846341
"67015",0.00888231449987402
"67016",0.0299113573679579
"67017",0.00714338289195506
"67019",0.011655118218483
"67020",0.0432538832810412
"67023",0.0130417622879479
"67025",0.0123238832855456
"67026",0.0109750566893424
"67027",0.00515384558730422
"67028",0.0056484709046217
"67030",0.0223471990837151
"67031",0.0135436730827205
"67035",0.00754430027808296
"67036",0.00821565647530241
"67037",0.0897572489304857
"67039",0.0101131280076094
"67040",0.00822002451445744
"67041",0.00319548967503753
"67042",0.0188687029526962
"67043",0.00853099426010405
"67044",0.0092143798180491
"67045",0.00907732193503136
"67046",0.0142582453254848
"67048",0.00929984025981113
"67049",0.0415326760173107
"67050",0.0189751281578261
"67052",0.628135976564798
"67053",0.00850644245861503
"67054",0.00369782772017499
"67057",0.00386760293498492
"67059",0.00532786077493102
"67062",0.0210761928238731
"67063",0.00473422491667223
"67064",0.0173199245732394
"67065",0.00966566388138528
"67067",0.0177102459194148
"67068",0.00919383880713209
"67070",0.00489358008585136
"67071",0.0475338420331392
"67072",0.00645473690336836
"67073",0.0790349758936653
"67074",0.00602538956448629
"67075",0.0167437996799244
"67077",0.089576305021385
"67078",0.00910287423490175
"67080",0.0135081919255688
"67087",0.00673226731506692
"67088",0.0460415440048923
"67089",0.00848140421074586
"67091",0.0428191911478143
"67092",0.0123470206787682
"67095",0.00619676378751099
"67096",0.0111303155687728
"67097",0.0103743549716459
"67099",0.018496
"67101",0.0473618838662927
"67102",0.0234626105606437
"67103",0.0760950082846336
"67105",0.0218200844130516
"67106",0.022332338221348
"67109",0.0209870895392476
"67111",0.0128945551210777
"67112",0.123218621247016
"67115",0.0160549677842713
"67116",0.00994694969568384
"67117",0.00512375930536671
"67118",0.00834411982248521
"67119",0.0407105985422934
"67120",0.0249057734707893
"67121",0.184496193865141
"67122",0.0174237625373506
"67123",0.00722744977534902
"67125",0.00755562130177515
"67126",0.0110717432431213
"67128",0.010331987606124
"67130",0.0133768207832984
"67131",0.0126647183011338
"67134",0.00832742991802686
"67136",0.00786182597280566
"67138",0.0929024074718937
"67139",0.0138485023959774
"67141",0.115340792563609
"67143",0.0155554783954445
"67144",0.0105054746739113
"67145",0.00523414285773113
"67148",0.00747404300274769
"67149",0.010172907459516
"67150",0.00671862402579952
"67151",0.00816503448595672
"67153",0.0250694444444444
"67154",0.00900627135656677
"67155",0.0054658606854952
"67157",0.00548816055648374
"67158",0.0320008121135418
"67160",0.00535311899793456
"67161",0.0354794098709443
"67163",0.00762761961061002
"67164",0.0454466109653583
"67166",0.0045338594685714
"67168",0.0472003270501029
"67169",0.102392555389288
"67170",0.0261022867716207
"67171",0.0158806735667152
"67177",0.17344040805892
"67178",0.0282609840895071
"67179",0.00861568313614359
"67180",0.0056695696302997
"67181",0.00909560604557166
"67184",0.0159766698434982
"67186",0.0129536989074566
"67187",0.00785112551403158
"67188",0.0663057060636419
"67194",0.300728407908429
"67196",0.528748013785146
"67197",0.0195361308988057
"67198",0.0121439820400166
"67199",0.0126126048968767
"67200",0.0402128835358754
"67201",0.0044682937116556
"67203",0.0073528449713431
"67204",0.00957121196562819
"67205",0.015816690433401
"67207",0.0211678648212846
"67210",0.00608829952656679
"67211",0.0101468115168062
"67212",0.0178947750124758
"67213",0.00991680184052409
"67216",0.00667701053847867
"67217",0.0694900819704328
"67219",0.0478721239188196
"67220",0.024151506089328
"67222",0.0132254971944697
"67223",0.017740071887486
"67224",0.019686864352546
"67225",0.0203924071081899
"67226",0.00580068308937983
"67228",0.0102091056214109
"67229",0.00790943299491706
"67230",0.0143456219508459
"67231",0.00527267361157851
"67235",0.024317699939645
"67236",0.00622495291964411
"67238",0.0105024128082167
"67239",0.0163672197453147
"67241",0.0140965984720529
"67242",0.0458188953621865
"67245",0.0126549768314773
"67246",0.0303330706753679
"67247",0.0103513116313465
"67248",0.0159466039208378
"67249",0.00883696480356881
"67252",0.00763289417492566
"67254",0.00498476368747733
"67255",0.0122918175689973
"67260",0.00507388304861714
"67261",0.3785179138322
"67263",0.0152404689546445
"67264",0.00729023358339185
"67266",0.0092416981401956
"67267",0.0113880118926442
"67268",0.0114012161233176
"67269",0.00680844308467553
"67270",0.00894714217681519
"67272",0.0136273292938982
"67273",0.00634324002299017
"67276",0.0295134779750164
"67277",0.209972760775517
"67278",0.0122352566273591
"67279",0.0315694370800544
"67281",0.0163772137045052
"67282",0.0123766698429576
"67283",0.0112467907015571
"67285",0.0188033874986104
"67286",0.0096043729817373
"67287",0.00430339080721686
"67288",0.0192123449067304
"67290",0.0177891049741863
"67291",0.00912212171596695
"67292",0.0241315226270667
"67293",0.0630737161828858
"67295",0.0101532544723501
"67296",0.161928695048526
"67298",0.00596581923486154
"67299",0.0123818568069129
"67300",0.00666978859834325
"67302",0.00620622526136277
"67303",0.187028535778499
"67304",0.289696484586347
"67305",0.0536437518594287
"67306",0.00730513551026372
"67307",0.177084826273008
"67308",0.0152556966344364
"67311",0.0138977033393189
"67313",0.0382797731568998
"67325",0.1357578485182
"67326",0.0109191000251341
"67329",0.142631263375745
"67330",0.0877831691922972
"67331",0.487703005514497
"67332",0.00800001719971449
"67333",0.015527799613746
"67337",0.00739591195316709
"67338",0.0275611041999258
"67341",0.497394524161338
"67344",0.933124634202501
"67345",0.012139599309469
"67349",0.377546925104612
"67356",0.1364274761151
"67367",0.0159597265370706
"67369",0.0135645410897471
"67370",0.018754378934622
"67371",0.0143298012126868
"67374",0.00696569101133414
"67375",0.416649400283855
"67378",0.0071673626910205
"67379",0.0117620424847824
"67381",0.0167515535789857
"67382",0.00680355090681395
"67383",0.0290980277145114
"67384",0.00568671875920119
"67387",0.0090819795431562
"67388",0.0100939429758125
"67389",0.020938606047451
"67390",0.0150978026819031
"67391",0.0100789438160776
"67392",0.00954627263075512
"67393",0.00491009032353245
"67394",0.787273931476618
"67397",0.0128698538238825
"67398",0.00449881023200476
"67399",0.0243725007611874
"67405",0.0758675241385618
"67412",0.00847910844821099
"67414",0.00523139621185125
"67416",0.0044478652212618
"67417",0.0247076836182893
"67418",0.0064441124484471
"67419",0.0108525943252803
"67420",0.0162064098306386
"67422",0.00785801019031444
"67425",0.237971898830849
"67426",0.00871558006633382
"67427",0.0148457788394029
"67429",0.0286741581965253
"67430",0.444135181190693
"67432",0.100105438095102
"67433",0.00472490863727663
"67434",0.0110422380721914
"67437",0.00452636796378906
"67439",0.00826955882509453
"67440",0.0123882870186873
"67441",0.0340692039724087
"67442",0.0202585163767232
"67443",0.00514480165289256
"67444",0.00871579010182097
"67445",0.0489466677108623
"67446",0.011982475256412
"67448",0.0105588112348392
"67451",0.00649284278459328
"67452",0.00508805304822172
"67453",0.00621958622336773
"67454",0.0261785128140386
"67455",0.0124464662825213
"67456",0.00751880280164662
"67457",0.0150015023135629
"67458",0.00407336626335489
"67459",0.00965881039603989
"67460",0.00990888430182857
"67463",0.00594320547946206
"67465",0.00453227856940858
"67466",0.00939452754633697
"67467",0.00724213634201444
"67468",0.00646796842156742
"67469",0.0122182250836569
"67471",0.00651082045184305
"67472",0.0386404102470955
"67473",0.31829806192916
"67474",0.0068241965973535
"67475",0.0128789882315503
"67477",0.211552457451141
"67480",0.0124566801957658
"67483",0.233439043838689
"67484",0.0130451540828402
"67486",0.0437553604919405
"67487",0.0073295247460859
"67488",0.00444204139261248
"67489",0.0122489798070997
"67490",0.00686447403977575
"67492",0.09
"67493",0.00975306483980597
"67495",0.00709048554822219
"67498",0.0138544517259752
"67500",0.00847732013573802
"67501",0.0109543677664026
"67503",0.629562189946055
"67509",0.0204786384350279
"67510",0.0125032885368237
"67511",0.00467951233761463
"67512",0.142333994272578
"67513",0.011304839722198
"67515",0.00647828673408685
"67516",0.014912836764407
"67525",0.0119186004775154
"67526",0.00508239871399349
"67528",0.062306084750135
"67529",0.00725981575742116
"67530",0.0138829867674858
"67531",0.215257566032436
"67532",0.0119474576257355
"67533",0.0171741284651952
"67534",0.0168202308704819
"67538",0.0231800830133433
"67542",0.005521483943593
"67544",0.00502514083981729
"67547",0.0484983129013786
"67549",0.00698961144375106
"67553",0.0508904987019465
"67554",0.109527429099991
"67556",0.0226536356070776
"67557",0.00775859754624285
"67561",0.00495933346558223
"67563",0.00747898296108044
"67564",0.00653896170569598
"67568",0.00726708133824846
"67569",0.0349418579819534
"67573",0.430226646491428
"67574",0.0441578235744651
"67576",0.0465859996510763
"67579",0.0200908400004856
"67581",0.00969189531891454
"67582",0.0101685837120608
"67586",0.0257222087880518
"67588",0.00467393245422406
"67590",0.0140466392318244
"67602",0.00467404864998326
"67603",0.0194664329641378
"67604",0.0061639338462957
"67605",0.014159233660145
"67606",0.0932245015213784
"67607",0.0127197693481825
"67608",0.0100943260141956
"67609",0.00868134399647656
"67610",0.0143603578990506
"67615",0.00970753026059189
"67618",0.0074783270298143
"67619",0.00831785833889209
"67620",0.504272340512386
"67621",0.0190407367933295
"67622",0.0132870486571767
"67623",0.00576885129929171
"67628",0.0082063814985467
"67629",0.15106351413502
"67630",0.0161249685059209
"67636",0.0159932022061582
"67644",0.258041676653328
"67647",0.161439812767909
"67655",0.0102710120369691
"67657",0.0513025065122119
"67661",0.00753427566516804
"67664",0.0692520775623269
"67665",0.00521836839986323
"67666",0.202283645255014
"67667",0.0138099644558267
"67669",0.00839336322658044
"67671",0.0160105465255819
"67672",0.180801635960436
"67673",0.0147724201154082
"67674",0.0149747828685911
"67675",0.0115006084301338
"67676",0.0263401747495986
"67678",0.0161613064515967
"67680",0.00626981385000207
"67681",0.00790123456790123
"67683",0.0106984584234151
"67684",0.0146133028306365
"67685",0.0751319499287095
"67689",0.0424766912600542
"67693",0.0138773274842734
"67694",0.014172335600907
"67695",0.0139135938245985
"67698",0.0117870947513497
"67702",0.00972153972411594
"67703",0.00720086681926815
"67704",0.00852662687634824
"67705",0.0146040399664463
"67706",0.0558055030455787
"67707",0.0121953303656798
"67708",0.00747597670407259
"67710",0.00675405153485837
"67711",0.0133718847142766
"67712",0.0174339692212452
"67713",0.0182158342952879
"67723",0.0113710383863795
"67724",0.034910598060485
"67725",0.0113648361191236
"67726",0.00605280915762105
"67727",0.0109793118242019
"67728",0.0172591919166264
"67729",0.0193545705396549
"67731",0.0371941026965798
"67732",0.0313174502009645
"67733",0.0833480162150085
"67736",0.0175566436445119
"67738",0.00964763124399667
"67739",0.00838596254974483
"67742",0.163969154357264
"67746",0.198878826559439
"67752",0.176047728495281
"67753",0.224103707622189
"67755",0.00683031635242641
"67759",0.0333497766510699
"67760",0.0139234924281275
"67763",0.0108924252848875
"67767",0.00648619431557137
"67768",0.0089538378863484
"67769",0.0116612716684612
"67770",0.0345797048864692
"67771",0.00617401720321618
"67772",0.0041159543211431
"67773",0.0117489983257611
"67774",0.0081271597918479
"67775",0.281451888249944
"67776",0.0221668738318631
"67778",0.0120223115972746
"67781",0.00558100859114676
"67784",0.0277777777777778
"67785",0.00779907451357849
"67788",0.00608237792442233
"67789",0.0090702947845805
"67790",0.0115335498908947
"67791",0.367372708372673
"67792",0.00606802281901963
"67795",0.168564213554226
"67797",0.017741141460304
"67800",0.0113495125258264
"67801",0.0247132757258822
"67803",0.00914578215238887
"67804",0.00618032498899019
"67808",0.00552410518626735
"67809",0.00431149852672121
"67811",0.00535577011020304
"67812",0.00529461438939505
"67815",0.00495379599157482
"67819",0.00454090188840436
"67824",0.0308826123867903
"67826",0.00339768130554016
"67830",0.0065470844200422
"67832",0.00678936814303838
"67834",0.00364800185830413
"67836",0.0177742191974378
"67838",0.00969031069810878
"67839",0.020007358033241
"67840",0.00758559184604498
"67841",0.00799532717067868
"67842",0.0219417401104383
"67843",0.00633712686494912
"67844",0.0845981464898776
"67845",0.00827088804801091
"67846",0.0303037609620234
"67847",0.067593522710555
"67848",0.0125171067305909
"67851",0.0155418884452333
"67855",0.119257662063503
"67856",0.222244897959184
"67857",0.00945216049382716
"67860",0.0133609572299347
"67861",0.0146621377721204
"67862",0.0262398014638311
"67863",0.00574708390022676
"67864",0.0126406669136624
"67865",0.0236446617073921
"67866",0.0274575755213264
"67867",0.00908837209904993
"67869",0.00644212009153268
"67870",0.00663145349472167
"67871",0.0125457353731202
"67872",0.00676862945125159
"67873",0.0184552387521636
"67874",0.144019320380245
"67876",0.0192425496039204
"67877",0.00677857758378039
"67878",0.00597688835430621
"67880",0.0320992406580268
"67881",0.00855625
"67883",0.00557263410964835
"67884",0.0105995816137367
"67885",0.0159321910018769
"67886",0.00750757771771716
"67887",0.00505252008765522
"67888",0.018180531542103
"67889",0.00795330187066106
"67890",0.00756809759026129
"67891",0.00719183004423782
"67892",0.0179022693455134
"67893",0.01813777693312
"67894",0.00967928785155396
"67895",0.00582308329729212
"67896",0.0665602854636375
"67897",0.00600079349335449
"67898",0.00806163091165973
"67899",0.0311811952561172
"67900",0.00553882582245617
"67902",0.0162241121586346
"67903",0.0110147012426259
"67905",0.0114532574730031
"67911",0.0181500771604938
"67912",0.00938510167706477
"67914",0.00614650197978539
"67916",0.00537468398938916
"67917",0.0172281315108606
"67920",0.00855766443153868
"67921",0.00791798333812123
"67922",0.00552410518626735
"67923",0.00792766450284538
"67933",0.0104928961531232
"67934",0.376975580019528
"67935",0.187272906498568
"67936",0.018595041322314
"67937",0.00485647104141755
"67938",0.00636079641687681
"67939",0.0488554984638363
"67941",0.0229313704048934
"67942",0.00710585732342513
"67943",0.00450195563220059
"67945",0.0162555717354117
"67946",0.047932273780143
"67948",0.00546775206486356
"67949",0.0105107123470368
"67951",0.0466434563786022
"67952",0.0051186463084143
"67955",0.00586825782612982
"67956",0.00658923435196595
"67958",0.00846302346912368
"67959",0.00597769297309553
"67963",0.0170758869956849
"67966",0.0292336911204435
"67967",0.00849317951154415
"67971",0.0305116266590665
"67972",0.0125054058136399
"67973",0.00909297573527856
"67974",0.00503599567673249
"67976",0.01484892893743
"67978",0.0120172966159556
"67979",0.0045636031516145
"67980",0.0138047161000484
"67983",0.159029526812345
"67988",0.0133180059371582
"67991",0.00456537618699781
"67993",0.0265929091698341
"67994",0.0241267072902513
"67996",0.0106023945520744
"67997",0.0207126199708522
"67998",0.00409892999010138
"68001",0.0113010307604902
"68002",0.00893002674793599
"68010",0.0337213198945208
"68011",0.0205207598145239
"68014",0.0659522881687343
"68015",0.00434913903854915
"68016",0.215322705864086
"68017",0.0264574632378508
"68018",0.0094847260528056
"68020",0.00860058603932437
"68021",0.010105796676027
"68023",0.00621718222295247
"68024",0.0223546933027911
"68027",0.00610811424274988
"68028",0.0159954993546642
"68031",0.00583570645491992
"68032",0.00611557320277201
"68033",0.0155728732640099
"68034",0.017454952374055
"68035",0.0124645296293788
"68036",0.004096
"68038",0.00668772036768278
"68039",0.0559547150577624
"68040",0.0213964193723035
"68041",0.0101501549518088
"68043",0.00983620723119069
"68044",0.0326652740682495
"68045",0.0132012103896381
"68046",0.0186310274263885
"68047",0.0120973618022053
"68048",0.00734543962971489
"68050",0.00519282922904703
"68051",0.00720887144497111
"68052",0.0100287098362987
"68053",0.0314827671077628
"68055",0.018118398069384
"68058",0.0265076794134131
"68059",0.00605963056087808
"68066",0.0133177399597809
"68067",0.0299834194861479
"68070",0.0364654961125257
"68073",0.0518355369664307
"68074",0.102935955408368
"68075",0.0298788213619028
"68077",0.0132973075792968
"68079",0.0167064926284212
"68080",0.0144878939973861
"68082",0.023999793601775
"68083",0.00626948920650383
"68087",0.00960216882709322
"68089",0.0055220232622439
"68090",0.0303897167226323
"68092",0.00601961950059453
"68094",0.00291702828543697
"68095",0.00368695755901699
"68097",0.00380466699407326
"68098",0.00778546712802768
"68099",0.0124448612972455
"68106",0.0112773122405827
"68107",0.14596511050661
"68108",0.0331426692965155
"68112",0.00605225836019148
"68114",0.0131626705125894
"68115",0.0117967563942072
"68117",0.0639274378080515
"68118",0.0115980064194258
"68119",0.0276698880506287
"68121",0.0356915809100362
"68126",0.0138121299278439
"68127",0.00762108228972876
"68128",0.0140207713761527
"68133",0.00696148392876428
"68134",0.00733966150633591
"68135",0.00605251525024742
"68137",0.00582074290354119
"68140",0.0103638875635125
"68142",0.00741579443278406
"68144",0.370080429237648
"68145",0.0289371930036954
"68146",0.0265257986195203
"68147",0.0143799861038773
"68149",0.00834222289272209
"68151",0.00798059035075099
"68152",0.00838927129885116
"68153",0.0143841234852201
"68161",0.0290144862478841
"68162",0.314193347806026
"68165",0.0160103853916368
"68166",0.00449719703247241
"68169",0.01933809603413
"68170",0.0145047971263472
"68173",0.0840261532707586
"68176",0.0281143526526647
"68177",0.030631480224277
"68178",0.0281207875215176
"68180",0.0532853682817565
"68183",0.00851947268225149
"68184",0.00824081290700131
"68185",0.05974803240403
"68187",0.0242397911341821
"68188",0.00823425094409923
"68190",0.0775587729950697
"68192",0.00580400680435288
"68193",0.0129984723191225
"68194",0.0101495439462694
"68195",1.92325918667597
"68196",0.00594687552205658
"68197",0.00718366145095079
"68198",0.0202262542192153
"68201",0.0243263146265344
"68202",0.0168658400641302
"68203",0.00419202247156772
"68205",0.0115296968295045
"68209",0.0273795352207443
"68212",0.0121684194282628
"68214",0.211347030465376
"68215",0.00936524453694069
"68219",0.0107583789589368
"68226",0.0225303243755225
"68229",0.00885860845594486
"68235",0.0040981229429746
"68240",0.0382388640232656
"68241",0.0293939988487916
"68250",0.0137393845963364
"68251",0.00788374345027671
"68255",0.0330053703189847
"68259",0.00787767482740351
"68260",0.0282775888240002
"68262",0.00673363056456217
"68263",0.00409263385297887
"68267",0.00615553656657843
"68268",0.0122291898598399
"68270",0.600500408391146
"68271",0.0629923791486465
"68272",0.00941682666622031
"68273",0.00682553934841471
"68275",0.00549045888778841
"68276",0.0141184471927021
"68277",0.0132376151704408
"68278",0.0139252316885881
"68281",0.0159300998215886
"68283",0.0370305124614429
"68285",0.0157855507909831
"68291",0.0107894454603767
"68292",0.00535131888665097
"68294",0.0281772476268401
"68295",0.00721850188655547
"68298",0.0107532663010445
"68299",0.00511055130828619
"68303",0.0371740593137001
"68304",0.0318155353754904
"68310",0.0265415745956855
"68312",0.00816318358493296
"68316",0.0177389828569249
"68318",0.0330382391268426
"68323",0.0332494905556451
"68327",0.0146769999666239
"68328",0.0235564212465951
"68332",0.026144252060496
"68337",0.014769297413833
"68339",0.0181140438191678
"68342",0.00725755242543272
"68344",0.397021725552896
"68346",0.0138693851776426
"68347",0.0165915328078486
"68349",0.00738260567537707
"68350",0.00773546410986064
"68352",0.125036892333264
"68355",0.0152090709258723
"68364",0.0269001785062274
"68365",0.00498176117452871
"68366",0.0109684036839416
"68371",0.293939113974758
"68375",0.0108313927185395
"68379",0.0161466200221211
"68385",0.0211941839696882
"68394",0.0735279282867996
"68396",0.0561293278802275
"68401",0.0123834014848371
"68404",0.00983216570905089
"68420",0.00823016792898187
"68421",0.00647002683330002
"68423",0.00601933201354302
"68427",0.0129465690869532
"68428",0.0274025877878977
"68431",0.0338643999503461
"68436",0.0128078327020241
"68440",0.0274469317703187
"68441",0.00430294631624868
"68449",0.00463759363200803
"68458",0.0667678131652591
"68463",0.01265625
"68465",0.0139570417824942
"68472",0.0171056475545791
"68473",0.0964730827938555
"68475",0.0103085692418267
"68477",0.00704472393308375
"68479",0.0117842822198031
"68480",0.0490395581497595
"68481",0.0120177871829335
"68487",0.0930092286911718
"68488",0.340314647271781
"68490",0.0212427674605386
"68493",0.00776969909738454
"68497",0.00485644320131803
"68498",0.334208163242859
"68499",0.0132351789490171
"68501",0.010895080904752
"68505",0.00706840736340323
"68507",0.00558987543474856
"68509",0.267650165371896
"68510",0.00790123456790123
"68512",0.01143488071334
"68514",0.0116869427244671
"68515",0.0610229723807198
"68519",0.0119590375319821
"68520",0.0167354322333692
"68521",0.0141711760962461
"68523",0.0157726898343876
"68524",0.00561539061905443
"68525",0.00840195685329518
"68526",0.00934041481137695
"68527",0.137382666823796
"68531",0.65011842023684
"68533",0.0192224422257873
"68537",0.0105218892122139
"68539",0.0108597827621402
"68544",0.0172540538075987
"68545",0.0525045104691793
"68549",0.174876033057851
"68550",0.0381948001591267
"68552",0.00472601549163892
"68553",0.788150614971063
"68554",0.0294739461331359
"68556",0.0113750200300383
"68558",0.00823150058207103
"68559",0.0134709834154653
"68563",0.0262763351571345
"68564",0.0132351789490171
"68565",0.0147602759153359
"68566",0.00884980030425613
"68567",0.014857020782346
"68572",0.00813623918102976
"68576",0.00599876307190631
"68581",0.00397615385625664
"68585",0.00788598858096928
"68588",0.45602086030954
"68591",0.100476771361014
"68592",0.0102542905242726
"68597",0.0129672311976314
"68598",0.00648732515187059
"68603",0.00995469994498178
"68606",0.00689699863522362
"68607",0.0399493350272494
"68611",0.0160682404284864
"68612",0.511331110686498
"68614",0.00465596754553093
"68616",0.275949300641751
"68617",0.0096509227900409
"68618",0.023580234737683
"68625",0.316005898691177
"68626",0.00756551215012081
"68628",0.0177873011619797
"68631",0.00971779446781627
"68632",0.39057277333354
"68634",0.00747877354641632
"68636",0.0119706483658562
"68642",0.0452903966250977
"68644",0.0136696534569506
"68646",0.00809135805063669
"68652",0.00595945022863581
"68653",0.00376868224026643
"68655",0.0365136420488138
"68659",0.0822531955116618
"68666",0.00980162801187226
"68667",0.0174168170669628
"68671",0.0121337399627134
"68675",0.0108682375063951
"68682",0.00753448770714893
"68691",0.0176583946760343
"68693",0.00464876033057851
"68695",0.0147268842710362
"68703",0.00478553421627424
"68705",0.0124948341055068
"68708",0.0126232171620865
"68709",0.355219529246368
"68713",0.207272198348457
"68718",0.0106342975609782
"68721",0.0171060739926794
"68724",0.00505335938227334
"68725",0.0201898957082995
"68728",0.0041613202833156
"68729",0.00623268698060942
"68730",0.0152315272224293
"68731",0.0098142234091182
"68732",0.0158470784341117
"68734",0.00728732897085068
"68735",0.0189584300611751
"68736",0.0287674886106198
"68737",0.0238707326778163
"68738",0.0130937353035816
"68742",0.0239296402679716
"68743",0.0137335375950628
"68744",0.00618771859106625
"68750",0.0408580055051118
"68755",0.0245357300470499
"68758",0.0117754454793011
"68760",0.346391710204488
"68763",0.0313024645877666
"68764",0.205776886849414
"68767",0.0109676337267573
"68770",0.0261571109986694
"68774",0.180947977137125
"68775",0.1841654791306
"68776",0.0105430310123446
"68777",0.0585695779222294
"68778",0.0158596650518343
"68789",0.018970815753725
"68790",0.35625060477968
"68792",0.263236029393197
"68794",0.157327813157883
"68795",0.0113777777777778
"68796",0.0077538954307872
"68797",0.15516610955274
"68799",0.00505824964462031
"68800",0.405472146784897
"68801",0.00590844417382981
"68802",0.131062967917276
"68808",0.105786085316883
"68810",0.0889160734855012
"68813",0.0332334473968352
"68815",0.00655292354586894
"68816",0.0162617619945353
"68817",0.0403193313637359
"68818",0.0144481202672233
"68828",0.422174220127905
"68832",0.00974968156520852
"68833",0.00903901547794426
"68836",0.0191669398813254
"68837",0.00623883123385247
"68839",0.00303407546862195
"68841",0.0364611896739498
"68842",0.00893239364584854
"68845",0.0142414519851315
"68846",0.0135888680647785
"68852",0.456230582255827
"68854",0.0944380740215502
"68857",0.0511805383927377
"68859",0.0258268263593239
"68861",0.0111206611570248
"68865",0.0142191931614307
"68867",0.0446789385155499
"68870",0.145460443455613
"68874",0.0425117102846067
"68875",0.00543594741799804
"68876",0.0182820868875223
"68877",0.00573244035274473
"68879",0.00474377127234507
"68888",0.0537114153222613
"68889",0.00742488983499674
"68895",0.0200317984976909
"68897",0.0371656495831149
"68904",0.00865839969596665
"68910",0.0136933687419085
"68911",0.00637600751877053
"68915",0.00777919737420257
"68916",0.0173507250873416
"68917",0.0220599955779742
"68918",0.0346232277047022
"68920",0.0167547925515399
"68922",0.0664149121608999
"68925",0.00933540468164307
"68926",0.00748890532544379
"68927",0.00825222671613306
"68929",0.0126480356565525
"68936",0.0274582989072389
"68938",0.0141269615917124
"68939",0.011291654342024
"68941",0.0185736823492633
"68942",0.00880733747386371
"68943",0.00708749315790994
"68944",0.00583204406928451
"68947",0.0171394563821208
"68948",0.0083687958548912
"68949",0.0277206512576184
"68952",0.0115531551976304
"68953",0.00933094001029838
"68954",0.643517918107982
"68955",0.0137396181352225
"68957",0.0380567073156958
"68961",0.00851035098402924
"68964",0.0122151596906364
"68966",0.0158000101286748
"68968",0.0090294793403692
"68969",0.00812838959572005
"68970",0.00616000320575946
"68971",0.0229475992542366
"68972",0.0198952671501461
"68975",0.010945748235711
"68977",0.0125421001779596
"68979",0.00766913038900247
"68980",0.0186197441310455
"68981",0.0105282442575303
"68982",0.0575164043830932
"68988",0.00853615311909263
"68991",0.0061589390574499
"68992",0.0528896711629137
"68994",0.526146068252183
"68995",0.0101056197880131
"68999",0.0244760402093604
"69002",0.0730340069844221
"69004",0.119877302547559
"69008",0.00647780233945135
"69009",0.0239636327809345
"69010",0.0186586473867171
"69017",0.00285923569497012
"69019",0.0103195401015912
"69020",0.0216996491185089
"69024",0.00778120374683413
"69028",0.0520160049245922
"69029",0.0116112653807437
"69032",0.509581621899859
"69034",0.497741149988912
"69035",0.00357481424434617
"69038",0.0179528880312285
"69046",0.00445215045850617
"69047",0.187959337136551
"69048",0.00506313120946827
"69049",0.0757783841160078
"69051",0.0104280417232763
"69053",0.00568767361111111
"69060",0.24248075355335
"69064",0.00948344663057736
"69065",0.0432436476540508
"69066",0.0323242548476454
"69068",0.287729021086885
"69069",0.18664254786691
"69071",0.0184365840869694
"69072",0.00616261740017182
"69073",0.342162099664701
"69076",0.0133907051699322
"69077",0.00512787009133071
"69080",0.00910942223554555
"69082",0.00442075314362783
"69085",0.0229912866215283
"69089",0.0110111793572876
"69090",0.0171082569917604
"69091",0.00428114556379106
"69094",0.0162259070294785
"69097",0.341520843427147
"69101",0.0173446196931854
"69104",0.00516412920426553
"69106",0.0114410114847961
"69109",0.0168097760093046
"69113",0.0345585130521389
"69116",0.00762140097054425
"69120",0.159702567741771
"69121",0.372310565657016
"69125",0.00613339273612353
"69126",0.0232553369639521
"69129",0.0545199830332736
"69131",0.0157162870351345
"69136",0.0705026541529739
"69137",0.0160157625600905
"69142",0.347721684375787
"69146",0.096702554003659
"69149",0.0409000151083804
"69150",0.012205241357332
"69151",0.0118649014898168
"69155",0.0107719582160633
"69156",0.0186582002057697
"69159",0.0483800474082301
"69161",0.0123624245906349
"69162",0.00394038046258425
"69163",0.0100926227276193
"69165",0.433322188076876
"69168",0.0306677620044059
"69170",0.0242652513679641
"69171",0.00784489795918368
"69178",0.00636517921829957
"69179",0.00815708345904033
"69181",0.0127549614997194
"69183",0.322226832691331
"69185",0.021031277524784
"69186",0.0173369266827476
"69187",0.305850363326544
"69188",0.0128787649219877
"69190",0.00572767388139116
"69192",0.0114917492008146
"69195",0.0250826732075833
"69202",0.00526422611803517
"69207",0.0102177794575715
"69215",0.0245414857674807
"69216",0.0182359180767359
"69217",0.282979383564378
"69219",0.00549167930479062
"69221",0.025337932093784
"69225",0.0107934543228794
"69226",0.0194765955361595
"69227",0.00663622185876401
"69228",0.0079719387755102
"69232",0.00410303075253277
"69234",0.0159500142436475
"69237",0.00743512020663531
"69239",0.157546729092871
"69241",0.00889324540671835
"69253",0.6616870465876
"69256",0.0228108004629267
"69257",0.00701202988029032
"69259",0.00995746194115594
"69260",0.00803796198438317
"69263",0.0285163759344963
"69269",0.0153006945169365
"69270",0.31514166092987
"69274",0.0088699988580651
"69276",0.00596218554718795
"69277",0.0402955048442716
"69282",0.499811434624955
"69288",0.0357805270650834
"69291",0.0487508259989025
"69296",0.832498834410392
"69297",0.127321110576158
"69303",0.423017822441457
"69305",0.0140405713507338
"69306",0.560201738868606
"69308",0.581271062823801
"69309",0.0328693535411894
"69310",0.0163796951016604
"69312",0.407820875374735
"69315",0.0222526132044165
"69325",0.747300688922296
"69327",0.22444035784456
"69329",0.372327066951511
"69338",0.340855619411843
"69349",0.0973631045009997
"69352",0.0160244631993585
"69354",0.253659603675891
"69358",0.0406907057084672
"69367",0.0084814635441891
"69368",0.010806754510108
"69372",0.0375578390721711
"69379",0.0581154336734694
"69386",0.434818726347116
"69387",0.671516263612969
"69398",0.0990529843546358
"69399",0.00859793533103903
"69408",0.0232083808395352
"69409",0.227586793143132
"69430",0.0458002781869449
"69431",0.372395079814411
"69434",0.0629867853660176
"69440",0.0121453412077792
"69441",0.130814354013166
"69454",0.401348715929525
"69456",0.0111561673997315
"69459",0.00925925418625127
"69470",0.003369748583807
"69478",0.045015817026399
"69479",0.0880560354017269
"69480",0.0081675656340626
"69481",0.508871465005165
"69482",0.0182284307215959
"69487",0.00847718159875982
"69499",0.00389699531420813
"69504",0.0165594352256798
"69513",0.183972900550085
"69519",0.012996
"69524",0.0101191986071757
"69527",0.00621279062139371
"69528",0.0379947994584683
"69534",0.0175894807013687
"69535",0.012336599638494
"69536",0.0266037373335179
"69537",0.163839061268888
"69538",0.0139783740632798
"69539",0.0157786197987109
"69540",0.149690389933784
"69544",0.0410841038958982
"69546",0.00804004796438727
"69547",0.176613381306239
"69548",0.0330040111000037
"69549",0.0274957717074532
"69550",0.612095918603307
"69551",0.0103478567685726
"69553",0.42356779767556
"69554",0.0037125430020789
"69556",0.00580724587554934
"69562",0.0112158703844994
"69568",0.00747821834096774
"69572",0.044839242472302
"69573",0.0450570155632852
"69574",0.0197014049692465
"69577",0.0173964924257505
"69579",0.174099027272389
"69581",0.00892839359933954
"69582",0.0067421899544944
"69583",0.0920233711738119
"69587",0.00538604095186378
"69590",0.0954889572473245
"69591",0.601386735615411
"69596",0.0160279034532341
"69597",0.00464334692745029
"69601",0.00652275633354249
"69602",0.492966281709308
"69605",0.011141458417543
"69606",0.0164238203382446
"69608",0.0293577905308539
"69612",0.00513975443064497
"69617",0.00767222547818211
"69623",0.0199608563452216
"69627",0.612936581840008
"69632",0.00752344358928602
"69634",0.0109301757943522
"69635",0.0114060867574037
"69638",0.013486849148485
"69639",0.0175361655805758
"69640",0.536652092829764
"69641",0.016712072272742
"69642",0.0103238352579124
"69654",0.00561849784572293
"69655",0.111111111111111
"69656",0.0328830578843609
"69657",0.178614436567807
"69659",0.0739791046929032
"69660",0.0172231592534272
"69662",0.00908198539996713
"69663",0.0174038004196546
"69666",0.0315570286757837
"69668",0.00908942705864968
"69671",0.126431788764441
"69672",0.00635691527936456
"69674",0.0166053699475234
"69675",0.00924291884175412
"69681",0.117998748132518
"69683",0.00721841235502674
"69684",0.0076302731828011
"69692",0.0182712820224771
"69693",0.520461760851566
"69694",0.0306334383825459
"69697",0.00965618630759464
"69698",0.0714319876951991
"69700",0.0809703218983409
"69702",0.014875174435297
"69707",0.0548837393887558
"69709",0.0139391261235014
"69710",0.0110803324099723
"69713",0.0214015204758214
"69714",0.0162443894315562
"69716",0.265456711485734
"69718",0.0114942744365477
"69719",0.0165228722884338
"69721",0.00700190022368445
"69723",0.0264897102708095
"69724",0.0113826394081116
"69726",0.00969232618232077
"69727",0.00555745533479096
"69731",0.010714977275196
"69732",0.585929523760442
"69736",0.0624250824160815
"69737",0.00605390392868386
"69739",0.173383125434963
"69740",0.014093054559011
"69742",0.00826446280991736
"69743",0.168650402838197
"69745",0.0335234206190179
"69747",0.0283897786807454
"69748",0.0255699089065083
"69749",0.0806794325704179
"69752",0.0160549361521546
"69754",0.0147879382611593
"69757",0.0260161280417317
"69769",0.0940166781486275
"69770",0.090615440468747
"69772",0.0803396697643217
"69773",0.00567814197770325
"69774",0.225529628554378
"69780",0.00341743283010667
"69784",0.0171136627864953
"69786",0.0161118507773557
"69788",0.504023836832265
"69790",0.0192518646227819
"69792",0.0139955086352119
"69798",0.130219554012364
"69802",0.0145274909642239
"69804",0.0118049129341803
"69806",0.0107873749604228
"69807",0.00364427651313518
"69812",0.331007025541942
"69815",0.196147985756776
"69821",0.0114575286681574
"69823",0.00495616
"69833",0.0125637000362275
"69834",0.0088882433189871
"69837",0.0130398680832465
"69847",0.0378086419753086
"69852",0.430993303772715
"69860",0.00650916647508801
"69863",0.0109020387659703
"69870",0.00870952025851686
"69871",0.0353712791445739
"69875",0.0133359617984087
"69876",0.0147386587133171
"69878",0.0311946120273217
"69881",0.416436886290799
"69882",0.0105781352447374
"69890",0.0109656461374154
"69893",0.017067002417498
"69894",0.0128849943651324
"69895",0.0208355233086794
"69900",0.00727200873198088
"69902",0.00992031904255361
"69903",0.0340058126029856
"69906",0.0245688497378372
"69908",0.0165772066857113
"69912",0.112174138085177
"69917",0.00820328673620875
"69918",0.351217859504132
"69920",0.0247206496076546
"69922",0.105546219469456
"69923",0.00940106676572104
"69926",0.12236695629545
"69928",0.0592348582578902
"69930",0.0254837685950413
"69934",0.0219298874257219
"69938",0.0116873630387144
"69940",0.00564756768045108
"69942",0.0386916777307468
"69944",0.0276396373646765
"69952",0.0141835901850186
"69953",0.0124316537504647
"69955",0.0155593980331414
"69956",0.0065115055604285
"69957",0.00604920676343882
"69961",0.013914159224571
"69962",0.0542320700732938
"69964",0.305907224102205
"69976",0.00938366680281027
"69981",0.0109254187980834
"69993",0.0211329530879776
"69994",0.0402863952670429
"70004",0.180252385349338
"70005",0.20382503781902
"70008",0.216864377178686
"70012",0.0220260112133323
"70020",0.0287555002263468
"70021",0.0252039595587223
"70024",0.158315823696188
"70025",0.00699663850696358
"70028",0.00465771637389839
"70031",0.131093935790725
"70036",0.0413882055820489
"70044",0.00985902462385425
"70045",0.592153214789588
"70047",0.00937634807997247
"70052",0.0136547078575251
"70054",0.218043198567019
"70059",0.0316780234462481
"70060",0.128582194460076
"70078",0.0214582215989122
"70081",0.033705969780325
"70082",0.00650094743940966
"70083",0.0142774748066721
"70088",0.00738264680931285
"70093",0.00565932687727426
"70097",0.0100419819457865
"70099",0.0345139554851371
"70101",0.0296979495423348
"70103",0.0229072315558802
"70110",0.104565130334576
"70113",0.194062054658383
"70118",0.0167939283039088
"70120",0.0133912396788772
"70122",0.00741548823067126
"70123",0.0171060739926794
"70127",0.0478731872436809
"70129",0.478387065351893
"70134",0.689538219743657
"70144",0.0138092664225845
"70152",0.00807167834335669
"70153",0.0150237933548321
"70155",0.0135208220659816
"70160",0.00674715270206971
"70162",0.500196581389252
"70178",0.013168503090567
"70186",0.00760433975422225
"70207",0.0132556208296512
"70208",0.0109592879317673
"70209",0.0159924987325222
"70223",0.00335108062692768
"70225",0.0150765881968779
"70226",0.386705589030232
"70227",0.0455927275787409
"70230",0.0225224606923877
"70231",0.00369727950177201
"70233",0.00488023974231644
"70235",0.0216441487045143
"70237",0.00862969930424916
"70238",0.0120437120230389
"70239",0.00929345600774919
"70240",0.0319585371969782
"70247",0.0035702680443883
"70248",0.0131402369262646
"70252",0.0535405592508775
"70257",0.0104387243883455
"70258",0.605636461862482
"70261",0.571034761133332
"70266",0.0170380195915898
"70274",0.219996036141579
"70285",0.02033482637475
"70291",0.179455750835015
"70292",0.0186473848328738
"70294",0.0106480715550408
"70296",0.00763502686398341
"70297",0.00575889640128901
"70300",0.0194040509277507
"70310",0.0128911163560144
"70312",0.00900333085862054
"70314",0.0112931428976588
"70315",0.0163128167292577
"70316",0.00914390797320239
"70317",0.0109155713967476
"70319",0.124609672595382
"70325",0.0695142027399195
"70333",0.0117046722237208
"70335",0.00971507825528879
"70337",0.0655752691467576
"70348",0.0883019860727598
"70349",0.00465874370648754
"70350",0.00801098518571515
"70351",0.01066047159656
"70354",0.0142096557575015
"70355",0.0804575823627891
"70356",0.00742847462361186
"70357",0.022478535655884
"70359",0.00931371326901141
"70361",0.00676616062810803
"70362",0.686530612244898
"70363",0.00894526465343118
"70369",0.00982063144225306
"70370",0.19905325443787
"70373",0.00841303444789774
"70375",0.00631474512386152
"70377",0.121679202224417
"70380",0.0178462572546038
"70381",0.00726096012695894
"70382",0.00701858042398503
"70383",0.0131149016657839
"70385",0.473036427945623
"70387",0.0135301666412249
"70393",0.39092793400555
"70394",0.0112232810050216
"70396",0.0145865723877057
"70397",0.00913231371361344
"70408",0.0181126860545591
"70415",0.0468225724254645
"70417",0.0134657079441142
"70419",0.460815372759316
"70420",0.00829980183675987
"70422",0.0331212744602327
"70423",0.0114060983088977
"70425",0.00567380671276775
"70426",0.0372942347527179
"70427",0.00541818805303174
"70428",0.0100874689361562
"70430",0.00836134900258219
"70432",0.0102840660688947
"70433",0.360304129425104
"70435",0.0171920666182008
"70439",0.00870056177982179
"70441",0.0450281358700227
"70445",0.0689725538210387
"70448",0.256859437686564
"70450",0.119208895904494
"70451",0.0322303705467034
"70454",0.124259519965854
"70456",0.0136501220092267
"70458",0.216119760341884
"70461",0.0172316265295163
"70465",0.00825787626878828
"70466",0.550099040479669
"70470",0.0112551673028898
"70472",0.0504391370648036
"70478",0.010940763485516
"70481",0.0539685803480052
"70484",0.204784032463769
"70495",0.00358628409390571
"70497",0.013415494903183
"70503",0.0351160205292659
"70508",0.0144863248680584
"70510",0.00629055300977272
"70511",0.03515625
"70527",0.00580365670810341
"70530",0.0109567420380657
"70533",0.00658250123630782
"70536",0.0168604551680027
"70544",0.0115686163952834
"70546",0.0125968562824874
"70549",0.0047598669090405
"70551",0.0213302076072667
"70552",0.0440351298739111
"70556",0.0102908382683087
"70560",0.0403619088321536
"70561",0.00598472090910595
"70564",0.00457696588283146
"70567",0.0170132325141777
"70568",0.0189024768622556
"70571",0.0230558113131621
"70572",0.00399696442263433
"70573",0.0156979169867122
"70574",0.0188534395531169
"70575",0.0110023081151876
"70579",0.00877681379059666
"70584",0.0146610011282376
"70591",0.00725609143599808
"70592",0.167461722122562
"70598",0.0224841632945254
"70599",0.00701082820289636
"70601",0.00678786013927781
"70603",0.0775032657085395
"70604",0.010936538934068
"70605",0.00982919178764277
"70611",0.00854220748602978
"70612",0.0101837008723071
"70615",0.0118565052807783
"70616",0.00841578842976533
"70617",0.0768214669403444
"70620",0.00571993503283666
"70625",0.0148697524246413
"70626",0.116609238500972
"70638",0.00531250564812795
"70640",0.0101328280422386
"70645",0.167012653679926
"70646",0.00927819186206456
"70650",0.00807513432011723
"70652",0.0152758490089635
"70661",0.00793750044130938
"70673",0.0317413132514203
"70675",0.0145380753006755
"70676",0.0722081617396736
"70681",0.0340076284304342
"70683",0.00971103762188156
"70686",0.0268256111727015
"70691",0.675100886840863
"70693",0.0123970390360001
"70699",0.00987880368881315
"70713",0.0194676195500347
"70717",0.0279556540934293
"70719",0.0358103057484568
"70726",0.0259853776101003
"70727",0.0037161936712854
"70729",0.00655366097945353
"70730",0.186800956879965
"70737",0.0738127239413549
"70747",0.0177288886769848
"70750",0.00841212198364789
"70757",0.00547627343048903
"70762",0.00393734440470825
"70767",0.0127537201133591
"70769",0.00487559156970417
"70771",0.0226665028602331
"70772",0.106818327571124
"70779",0.0500139000043537
"70784",0.0533445850189389
"70785",0.11067157732253
"70790",0.0103797912795761
"70791",0.0119503100787691
"70796",0.00983955096091957
"70797",0.00799518488604919
"70799",0.0238931624356895
"70802",0.0105318073993461
"70804",0.00459483807035719
"70807",0.0256018772801431
"70808",0.0172783267730558
"70821",0.309273790855326
"70823",0.0220856319162868
"70827",0.00783501368433222
"70829",0.0178304555011954
"70832",0.133530512717445
"70834",0.00898273424575185
"70839",0.00903838524102361
"70852",0.343098916277005
"70853",0.0172301108251822
"70873",0.0707563936372475
"70882",0.151358201305352
"70884",0.504176367854262
"70885",0.00628105576694616
"70887",0.0241922856399428
"70891",0.263468809667285
"70892",0.00667793258758709
"70894",0.453112944137958
"70911",0.00569742005750542
"70918",0.0240695645868782
"70925",0.0123041176585933
"70930",0.0126594792530327
"70951",0.234784716442263
"70966",0.203331756137135
"70967",0.079473960092721
"70974",0.0110689682909865
"70976",0.522933652775725
"70979",0.545271939178355
"70984",0.0125698976016809
"70997",0.017127401597862
"70998",0.0187652467629949
"70999",0.00956129711187265
"71004",0.44624426824532
"71007",0.028457505503569
"71020",0.158938836445638
"71040",0.355146525527271
"71041",0.0131659232653061
"71045",0.577447629097807
"71059",0.0219501605725406
"71063",0.022076973530209
"71069",0.0124110287650559
"71071",0.129436878556124
"71085",0.06011421942418
"71086",0.0237618795767167
"71091",0.0229783136885333
"71093",0.0459808274535068
"71096",0.0124305642673321
"71099",0.450027656340854
"71101",0.044351444352552
"71111",0.0171984271887364
"71116",0.00918966969119655
"71130",0.570869208771068
"71131",0.0255947522164849
"71132",0.120944549124834
"71137",0.0169235376016052
"71141",0.107774393479262
"71145",0.422177665470437
"71146",0.00613648327380303
"71147",0.0270267767212996
"71148",0.0143548493116172
"71149",0.342313578189481
"71151",0.0325431369126245
"71161",0.411551911912537
"71163",0.017599017950052
"71169",0.00855095212966857
"71175",0.0106711760296057
"71176",0.524283264746228
"71177",0.0124135309264376
"71186",0.141032407730502
"71198",0.0256811869464418
"71200",0.616829287426896
"71206",0.0362519869420736
"71207",0.00700993993782706
"71213",0.0847274570742137
"71228",0.0144048415566608
"71233",0.107666015625
"71235",0.459358883293306
"71238",0.0464122993628684
"71240",0.0129236181677591
"71242",0.103522622779655
"71254",0.0596698358740681
"71263",0.0122773766315483
"71268",0.011214544390797
"71275",0.213240398708914
"71276",0.0180380573177496
"71279",0.0195436174330146
"71296",0.360264851931452
"71302",0.00934646630793196
"71304",0.30453695153445
"71306",0.00870803515382184
"71310",0.00699735430611979
"71313",0.415438842975207
"71323",0.0193559767125195
"71330",0.00970264462167498
"71336",0.147081872021171
"71339",0.0294988579059449
"71340",0.0189204376675641
"71354",0.0317510241778659
"71361",0.0342239795994425
"71365",0.0111975421367238
"71367",0.0719490537207971
"71371",0.031156602378372
"71373",0.0841076588024783
"71375",0.0143417004647038
"71382",0.0214904665248056
"71389",0.0110517850829087
"71393",0.00775285787745738
"71398",0.3445122171877
"71406",0.280893376418967
"71409",0.013024990856818
"71435",0.00794842630765587
"71436",0.0107941480473459
"71445",0.02614588590881
"71446",0.005625
"71448",0.0107058411086076
"71449",0.0208411697383592
"71452",0.00404032661289918
"71458",0.0188480321746625
"71461",0.0279671244819172
"71472",0.00637299089853842
"71474",0.00470972702806613
"71481",0.0209487534626039
"71492",0.00997535429156131
"71508",0.046572277845572
"71514",0.0139134365176792
"71517",0.00469715938315816
"71519",0.0508482862427877
"71520",0.026335774991484
"71521",0.00979256643841276
"71523",0.04387723266601
"71529",0.00898504593091825
"71532",0.00597188464910355
"71538",0.00586360395412594
"71544",0.0251413325153745
"71562",0.0692896685930162
"71564",0.0203610503052788
"71566",0.0198729503715106
"71567",0.0289705092754168
"71584",0.0223075350178697
"71586",0.114750741090219
"71591",0.00952569804413962
"71592",0.0083857692275354
"71599",0.0418811619066285
"71602",0.0220020274891142
"71607",0.114691621159714
"71609",0.0296134696667738
"71617",0.00820713977811492
"71640",0.0113083188930897
"71643",0.0948970767082564
"71648",0.011482833514611
"71653",0.00930884800471923
"71660",0.036627587756611
"71665",0.0130189209564763
"71667",0.00551426966887186
"71670",0.0646488410382231
"71673",0.0135519145052902
"71675",0.013545042073786
"71678",0.00553909096964724
"71679",0.00753787420350037
"71682",0.260120859313904
"71683",0.0894929421467096
"71684",0.0181389595590215
"71685",0.0134605052314073
"71687",0.00628320159491959
"71691",0.00469930958593756
"71693",0.106239195067822
"71699",0.0297513062241196
"71701",0.0128976540996439
"71702",0.00551828801816465
"71703",0.00872479169182466
"71704",0.00819260329621434
"71706",0.0223932385847518
"71707",0.0227858885101968
"71709",0.0344969377718282
"71710",0.0301293911861818
"71711",0.0147539538627249
"71712",0.075782524692617
"71713",0.00692763772791535
"71715",0.0108462672734187
"71718",0.0133679938362293
"71720",0.0195756244193958
"71721",0.0106688997807312
"71722",0.0126809749510523
"71723",0.0188332438936185
"71724",0.158438297531372
"71726",0.0166452401523313
"71728",0.0105290858322158
"71729",0.00687266772262342
"71732",0.00440874624001555
"71733",0.0659097806065624
"71735",0.0150516546639232
"71738",0.167221525085769
"71740",0.0160840643856034
"71742",0.0107629479647021
"71743",0.0108884688090737
"71745",0.00627083584654096
"71746",0.0483386693307766
"71750",0.00506421162361727
"71751",0.0177884120097983
"71752",0.00729315363043212
"71753",0.208738901281594
"71755",0.0129606287303926
"71760",0.0984976438134919
"71764",0.00568193251196346
"71765",0.00733307989856599
"71766",0.0087988580551051
"71767",0.012517862135942
"71768",0.322920073439824
"71769",0.0408882954821329
"71770",0.00415760531003393
"71772",0.00937515747039557
"71774",0.0324137428862758
"71776",0.0553104058436217
"71777",0.0165631036128064
"71778",0.0083783231833439
"71779",0.0073469387755102
"71780",0.0107294507103524
"71781",0.0635215826122228
"71782",0.00714741632124831
"71785",0.0414184168962351
"71787",0.0180793161500531
"71790",0.162539642862722
"71793",0.0255829890917814
"71795",0.00647059052242982
"71799",0.0100299177095413
"71801",0.0255715792417131
"71803",0.00966563345051379
"71804",0.342404539769387
"71805",0.0096418684097069
"71807",0.0110264604099729
"71810",0.0101141760493143
"71816",0.0150168732667313
"71817",0.00566920415224913
"71819",0.451695522874181
"71820",0.0105760389972331
"71831",0.516358052205563
"71833",0.00800520927786113
"71834",0.00912604687273097
"71835",0.00584575081726788
"71836",0.147590962275599
"71837",0.0248000496000992
"71838",0.0289128228138832
"71839",0.260264899934407
"71840",0.275012283572469
"71843",0.00960731065626315
"71844",0.0166370843646015
"71846",0.0430738454444572
"71853",0.00745478868999769
"71856",0.156404609148074
"71860",0.195446175607516
"71862",0.158997069212363
"71864",0.309475498782278
"71865",0.0305853802104216
"71868",0.636600271616116
"71870",0.0679131824088014
"71872",0.145124716553288
"71876",0.0903736173202068
"71877",0.129456119911173
"71878",0.106253451202684
"71881",0.00623650310602477
"71883",0.00607477184450653
"71885",0.0183525093158652
"71887",0.466150189053711
"71889",0.0624733371256899
"71890",0.0167940441482716
"71891",0.00563255794338694
"71893",0.159179137736911
"71897",0.0298941327511171
"71898",1.06835675446649
"71900",0.00709802940891524
"71901",0.00494532641124248
"71902",0.00539070771367148
"71904",0.0130798103636316
"71908",0.325423768370265
"71909",0.0432130390856552
"71910",0.0145507843123888
"71911",0.00680441679012346
"71912",0.0627844981728016
"71913",0.158225425561159
"71914",0.129228899441804
"71916",0.0411000981714163
"71918",0.00492159367880438
"71919",0.00851649055138685
"71923",0.00879742308216711
"71924",0.0693744130207119
"71927",0.00645009765625
"71929",0.0150643445610846
"71934",0.536712437222205
"71941",0.0173630569927928
"71943",0.0180109576761822
"71946",0.00586416559624997
"71947",0.00979247604509289
"71949",0.0103636434403251
"71951",0.0996287460638062
"71952",0.0118593934717337
"71954",0.00761226971758029
"71955",0.00505441002480409
"71956",0.0310396008541123
"71957",0.0145746907508476
"71960",0.0140132544801505
"71962",0.0344108187715137
"71963",0.0371606909565975
"71966",0.0262691140019941
"71968",0.00615719079583054
"71970",0.199462591095917
"71971",0.00718699042102918
"71972",0.0288760425552008
"71973",0.0432175244026524
"71974",0.00839111939863644
"71978",0.00542013319639952
"71981",0.281291025357494
"71982",0.00581924681227809
"71983",0.0294089747417075
"71984",0.0135872633520268
"71985",0.0537250255910386
"71986",0.0137814914808425
"71989",0.018678908673395
"71990",0.00721264874148909
"71991",0.0190871941739737
"71994",0.0068412525136455
"71995",0.259308194873358
"71997",0.011762678416955
"71998",0.0430404868123564
"71999",0.00745438800800263
"72002",0.693141699847782
"72003",0.0133382547475084
"72007",0.0239253704324034
"72008",0.0085207100591716
"72012",0.0433233238739289
"72014",0.0165263852776468
"72016",0.0293877551020408
"72017",0.00814709914748845
"72018",0.00739700294945133
"72020",0.0156095105337895
"72022",0.0473693087325721
"72023",0.00886907175975766
"72026",0.0132446807224107
"72027",0.207219698161228
"72029",0.00613018048645099
"72033",0.00993806694831557
"72039",0.0126126048968767
"72041",0.0319590524640305
"72042",0.0144719193290427
"72043",0.00841829951841518
"72046",0.00646730891486136
"72047",0.0058599618412355
"72049",0.569117590148004
"72050",0.0199248609722242
"72053",0.00682804438931327
"72055",0.00749882299683115
"72056",0.0202682699501539
"72057",0.00724002138653414
"72058",0.708640556672731
"72061",0.0120638940895001
"72065",0.00886985246773607
"72068",0.00736048276521697
"72075",0.0122459874391764
"72080",0.0792756847588441
"72083",0.0100237576633772
"72084",0.0146367443966077
"72085",0.0222516655921936
"72088",0.573643358336224
"72091",0.104702784901377
"72093",0.0570639218122073
"72096",0.0147448979591837
"72097",0.00528563917792224
"72098",0.00739534876082265
"72102",0.0146277179232327
"72103",0.032035063721268
"72106",0.00842134402756606
"72108",0.00522794762926684
"72113",0.00858581340168213
"72114",0.0126652950238314
"72117",0.00620723708076316
"72119",0.0763711333511903
"72121",0.23427553951593
"72123",0.011106463059325
"72124",0.00654565995630836
"72125",0.0103709297509063
"72128",0.0103791679367577
"72129",0.0085664894801404
"72133",0.00976337482750825
"72135",0.00880482495025952
"72136",0.0686663966110468
"72137",0.0183540498290201
"72139",0.019003619093668
"72140",0.0169361020040027
"72141",0.0100743031501296
"72144",0.00496644446975779
"72145",0.011296985628731
"72147",0.0357373352004268
"72148",0.0115664366939629
"72149",0.00629848694996625
"72151",0.0149135761258128
"72154",0.0137387113644042
"72155",0.399576301921436
"72157",0.00511847985243167
"72160",0.0336982994301613
"72162",0.00731256995147527
"72167",0.0290307352094393
"72168",0.00898946895976858
"72169",0.453182927967919
"72170",0.00738525390625
"72171",0.0795075797950715
"72175",0.0115496247714474
"72179",0.00526193335364236
"72180",0.0242141938154837
"72181",0.0220844416601781
"72183",0.00770960005480205
"72184",0.075203013485796
"72185",0.019775390625
"72190",0.00679544920358688
"72193",0.0124143961315899
"72194",0.00738549659276159
"72195",0.015129
"72198",0.00657414170927684
"72199",0.00633086105846668
"72201",0.005841453933493
"72203",0.0128299625998263
"72205",0.00666769707646976
"72219",0.663576043542956
"72225",0.0232671268657654
"72230",0.104433855736658
"72231",0.598169056507334
"72236",0.71290124084459
"72238",0.00633899955373443
"72243",0.194577446101765
"72244",0.0073282115216291
"72246",0.332469487356554
"72254",0.0224474143561702
"72258",0.0297032330956614
"72265",0.00832690658349429
"72269",0.103988132811514
"72273",0.288752770080528
"72278",0.00516155974610744
"72284",0.0181812466594921
"72287",0.061399738571384
"72289",0.023211284825154
"72290",0.0161366089809116
"72293",0.0442928378660671
"72296",0.00487230712669068
"72297",0.113238584390236
"72301",0.00936524453694069
"72306",0.00946101705037475
"72307",0.0196504829153478
"72308",0.00462916599903861
"72309",0.0179354513100304
"72313",0.00842041365019288
"72315",0.0287768370940744
"72318",0.00927360954547782
"72320",0.00313303470671812
"72322",0.00494434606567139
"72323",0.0155526803304903
"72324",0.0484111151365764
"72325",0.00922261524636394
"72326",0.0266843661034371
"72330",0.0270848043821206
"72333",0.0344331701855398
"72338",0.09
"72341",0.0142972013907201
"72344",0.0105193951347798
"72345",0.0430620788489458
"72349",0.00344812051983737
"72350",0.0755149045471957
"72351",0.0164877590879499
"72354",0.00812123393106413
"72355",0.0135785101866837
"72357",0.00802449124190783
"72368",0.024185709467166
"72371",0.0349608836095775
"72386",0.0197386260796326
"72388",0.424357670945373
"72392",0.0065187947446065
"72393",0.00355468325215629
"72395",0.448035900104058
"72397",0.0280449987290056
"72399",0.00627013169651613
"72400",0.0337981059765168
"72404",0.0176675808272976
"72413",0.0440481633897272
"72415",0.496525116194608
"72416",0.00595948173675415
"72421",0.0108447740001708
"72425",0.0260627168034733
"72429",0.0433622497304506
"72433",0.0788205625
"72440",0.0210856615243281
"72446",0.0357475641987205
"72454",0.01
"72459",0.00568642505932976
"72461",0.0297265160523187
"72462",0.0164810080350621
"72465",0.0124353025222941
"72469",0.0182043401409876
"72472",0.0591962595501392
"72475",0.00475783528248904
"72477",0.00792586569876242
"72479",0.00702225273867857
"72480",0.0028729876913809
"72481",0.330752181333479
"72482",0.00919014373524011
"72486",0.0198344831587059
"72500",0.0425842460524172
"72502",0.0133748314371629
"72503",0.00455328175241411
"72504",0.033994140625
"72507",0.0139593809188344
"72508",0.00733863245760377
"72511",0.170604914933837
"72512",0.0294737470242021
"72514",0.0617940125651456
"72515",0.0139186971342002
"72519",0.00589056940570654
"72522",0.0174047346100591
"72535",0.0231886433299404
"72536",0.141681984553667
"72542",0.00409696868409823
"72543",0.00593320991804965
"72544",0.0331035811800915
"72549",0.0878940365672632
"72552",0.00632673813413001
"72554",0.0130816890397925
"72555",0.0139422546729865
"72556",0.0788309050125698
"72560",0.137814426965551
"72562",0.0350338804227013
"72565",0.0340828402366864
"72567",0.0112700311533588
"72568",0.0371027976872625
"72569",0.0179986176209662
"72572",0.00557377383949339
"72578",0.0375506513129278
"72580",0.0312707470479893
"72584",0.00828915125863221
"72585",0.0127098881449624
"72587",0.00998206010228131
"72588",0.469307978096147
"72590",0.00501335420584575
"72599",0.0628150814220744
"72605",0.0100802263507478
"72607",0.0166274238227147
"72608",0.445264074412283
"72609",0.365591339124096
"72611",0.0105316171657885
"72612",0.0142361654939892
"72614",0.306441326530612
"72615",0.00882305340631662
"72621",0.00822249353634013
"72630",0.0253051991849877
"72632",0.0773209287383633
"72634",0.00783908325170176
"72635",0.0224877767216706
"72640",0.0615748107851462
"72648",0.499913554876277
"72649",0.0143732792986727
"72650",0.0198079561042524
"72654",0.0103981565433244
"72655",0.0311169907518054
"72656",0.00979142169614984
"72657",0.0155468946486527
"72658",0.0494165253533472
"72661",0.00738462222455449
"72662",0.0295634662508354
"72665",0.19169022175629
"72667",0.00602757275422859
"72668",0.0155104055938469
"72669",0.0169412285572615
"72672",0.0392943146372689
"72674",0.00414678979680288
"72677",0.11800652793802
"72685",0.00581747613710966
"72690",0.0792103305345945
"72691",0.0428806438491138
"72692",0.00778157098539981
"72693",0.0133072638618894
"72699",0.0136616630123124
"72701",0.0760888333124247
"72709",0.040350107740127
"72713",0.140363979174587
"72720",0.0302159493963134
"72722",0.00718643206952054
"72723",0.017074461176515
"72726",0.0211697259936388
"72727",0.00887796345570598
"72729",0.00404787369331952
"72736",0.00910661806242833
"72739",0.0104295892022191
"72745",0.0111820499292499
"72747",0.00971531712079753
"72748",0.0348486787621167
"72749",0.0247221233337289
"72750",0.00684343568887231
"72754",0.00981066133776791
"72759",0.00487016050970527
"72772",0.0128806756470949
"72774",0.0235649430594029
"72775",0.00996370319263553
"72776",0.0390040669060072
"72780",0.0252204847692782
"72787",0.0162283162908704
"72792",0.020379818597524
"72795",0.00736376061036084
"72805",0.0312380001682117
"72807",0.105372905162341
"72821",0.00332530606508791
"72823",0.0553086284741208
"72825",0.0131638568048469
"72826",0.0202631678930105
"72828",0.0092450290219837
"72831",0.00532236088324529
"72832",0.0144795201042599
"72834",0.020444655279952
"72836",0.0353947422951229
"72843",0.00788708099337031
"72844",0.00563373108134053
"72852",0.0113673226643599
"72865",0.0119075461448806
"72873",0.0449085029859377
"72881",0.00827431846798877
"72886",0.0177526412976719
"72893",0.946254602522396
"72895",0.0104073881761601
"72898",0.00512211858925067
"72899",0.0118157308220674
"72900",0.00665233082848283
"72902",0.00740540972324778
"72925",0.0133625115730999
"72927",0.00568792746885165
"72930",0.0040901498655722
"72931",0.00703152126736111
"72935",0.00898674413767563
"72938",0.0209222746009854
"72946",0.00608689817787959
"72947",0.0838272691834173
"72948",0.00726368801652892
"72949",0.0239781396818779
"72958",0.0374609781477628
"72960",0.0101887698082729
"72962",0.231073056609462
"72972",0.00996781981169015
"72973",0.088679789047185
"72978",0.00920522000287188
"72981",0.00659959818772939
"72982",0.0298935896363861
"72993",0.00766074244526055
"72997",0.0126554151963131
"72999",0.00731892063958082
"73010",0.00701984710733268
"73016",0.25
"73024",0.00429275980615372
"73032",0.0267005566662462
"73040",0.0151267448155634
"73046",0.0076250580726848
"73047",0.0116812615702521
"73061",0.055294534675677
"73062",0.00943554639403218
"73067",0.0166653672951912
"73068",0.0115631257263559
"73072",0.00902139108271127
"73075",0.106209046440231
"73078",0.00552172350763174
"73086",0.0200189819554341
"73093",0.475639520895918
"73094",0.00608610327453068
"73095",0.01204921306758
"73100",0.0177602971713835
"73102",0.00778134292355598
"73103",0.164825365933909
"73106",0.380516833423472
"73112",0.0121225689272697
"73121",0.340052473853549
"73122",0.00785611697521103
"73124",0.0122501046644756
"73130",0.0117575343487888
"73132",0.0119053490801046
"73137",0.0105711416838475
"73139",0.0110951580746935
"73144",0.0205389670214349
"73149",0.204540289386632
"73158",0.00433160683578519
"73162",0.0120164757343263
"73166",0.0126125624695138
"73172",0.0289591336032592
"73173",0.0931092280012781
"73174",0.0060280493808743
"73178",0.00831687146716126
"73181",0.149155766944114
"73182",0.0504446795733364
"73183",0.171673675385564
"73192",0.00638689196452566
"73204",0.0482769386697992
"73205",0.00736975337369536
"73208",0.483375759652938
"73212",0.0281808892094706
"73216",0.317197865108101
"73218",0.00952936313897239
"73225",0.015168214132747
"73229",0.0277095696321741
"73230",0.0339773090021499
"73233",0.0216262975778547
"73242",0.00660312269201819
"73246",0.392246858335078
"73247",0.0205769276086342
"73251",0.00744426341184158
"73254",0.0614898715720827
"73261",0.0286777793859563
"73274",0.0063357521749066
"73284",0.0313585069444444
"73287",0.110452676346538
"73288",0.00713967809943856
"73293",0.0442328786465154
"73296",0.0163043274080649
"73303",0.488549687814052
"73314",0.237729167465246
"73316",0.222421387845388
"73327",0.0181762018718307
"73332",0.0169871771381173
"73338",0.121527633213963
"73340",0.161009992232187
"73341",0.0132917800476277
"73368",0.0135732772053278
"73373",0.0120371626615937
"73379",0.0122811265529393
"73385",0.0202753177616821
"73389",0.0104427513453034
"73390",0.0128106358753496
"73405",0.42778216971442
"73407",0.115747614472078
"73419",0.0085262453935465
"73420",0.00869730439827063
"73422",0.0530541957539249
"73430",0.0219721591354061
"73431",0.0667238451347347
"73442",0.00728926833673885
"73447",0.00327747589945499
"73451",0.0162486915902451
"73453",0.51105362133046
"73467",0.0127530998791924
"73469",0.013721623606362
"73473",0.0126422613301651
"73474",0.635138536729544
"73490",0.0712838156282402
"73504",0.672424496115557
"73516",0.0308387864366449
"73545",0.0371733369590879
"73569",0.26492214532872
"73571",0.107966616703309
"73582",0.0163246116649673
"73598",0.0432671453445613
"73600",0.685053148732182
"73603",0.122140004834709
"73610",0.21133889606452
"73611",0.265255962827459
"73635",0.0907276791512382
"73647",0.420346694092709
"73649",0.0933035738057074
"73652",0.0396088346673992
"73656",0.439291508923743
"73658",0.0107446902621316
"73660",0.55011134731399
"73666",0.00649230831953559
"73667",0.111361502268034
"73668",0.0131339385932238
"73673",0.222168338668411
"73674",0.00974250008163493
"73677",0.536388059478738
"73680",0.0440112994980625
"73681",0.0419929032225776
"73683",0.0129416194444916
"73689",0.0100229621049562
"73690",0.115309273928337
"73692",0.00961250549780983
"73694",0.00848803239009582
"73699",0.0115966419489374
"73707",0.0428759897709151
"73710",0.0186143859673754
"73711",0.00833632373278719
"73712",0.243907259854477
"73713",0.0571916571335361
"73720",0.100706689723724
"73721",0.198722601248367
"73723",0.0177636768243148
"73724",0.0142784636671968
"73728",0.00381847190302914
"73729",0.0295576261651003
"73736",0.0195600371906884
"73737",0.0179263075279716
"73738",0.0311264023612667
"73739",0.00826288960042015
"73744",0.00877599812053454
"73747",0.0207854228932435
"73748",0.245899307958477
"73750",0.0240522558665582
"73754",0.0206256683542407
"73761",0.63411536588178
"73774",0.14018985588733
"73822",0.0175563589102462
"73824",0.0410692458739081
"73825",0.00390911539509898
"73826",0.00530366223369755
"73827",0.0165753569975733
"73828",0.00677234594312224
"73830",0.011336417927218
"73833",0.0142789758049662
"73834",0.00483791966594732
"73836",0.00783146683373796
"73844",0.0107526270703673
"73845",0.0200593121995248
"73847",0.0281686782405923
"73852",0.0167137755257776
"73873",0.0719953858646571
"73884",0.0374818473578421
"73893",0.16405212232208
"73902",0.234993606721438
"73910",0.0582326364094602
"73914",0.134845471647407
"73916",0.00666250957245406
"73919",0.0271584487924551
"73940",0.0356325130254856
"73941",0.395988043713097
"73942",0.0490181479116684
"73945",0.0119878523096595
"73991",0.00644875012143197
"73998",0.0113657641625397
"74002",0.00819679332079814
"74004",0.00919403099708462
"74006",0.00575044711072644
"74007",0.0219850133031981
"74008",0.0162424066909823
"74011",0.00856423378924978
"74012",0.00709927679804917
"74013",0.0077185532386542
"74015",0.0116174835956829
"74016",0.234131113423517
"74018",0.0108614179002987
"74019",0.0145918196915807
"74020",0.0104279556977012
"74022",0.00301895906291511
"74023",0.692513581344625
"74025",0.0244977830176403
"74026",0.00451163086079257
"74030",0.0119337101579472
"74032",0.0243144201476534
"74034",0.0251895374196511
"74035",0.0102852633305266
"74038",0.0198821133827619
"74039",0.0502333562490355
"74041",0.21752104007209
"74043",0.0211220978083505
"74044",0.0756829778141997
"74048",0.0100260812756029
"74051",0.0254874134926796
"74052",0.288013210189849
"74053",0.0165139943899593
"74055",0.028137745226215
"74071",0.820137491652902
"74076",0.448104642521903
"74080",0.0981435732498437
"74081",0.020475240174127
"74090",0.0836220308685518
"74091",0.0404666284094823
"74094",0.0124780946849304
"74096",0.0536256286464045
"74097",0.0136791313063355
"74098",0.0172180376640548
"74100",0.00612052283705901
"74102",0.00750363611689133
"74103",0.00597498855533399
"74104",0.00952421614292895
"74105",0.00882921598838932
"74106",0.00667941391333976
"74107",0.403886209340653
"74108",0.0107345576421532
"74111",0.0196865547673255
"74112",0.0122174130872771
"74114",0.0126511275675927
"74116",0.467035732976181
"74117",0.00608459360440973
"74120",0.013380885032913
"74122",0.00833767704141134
"74123",0.0180899786493027
"74125",0.00653796110297204
"74126",0.00854721228448205
"74127",0.420226801314176
"74129",0.26892536596275
"74131",0.0684654847639956
"74132",0.00788690992742388
"74133",0.0185792342535799
"74134",0.086120090283501
"74136",0.0049994898479747
"74137",0.133106817364729
"74140",0.00554383034372147
"74142",0.00699142654745168
"74143",0.00817708898529046
"74144",0.0215705881154134
"74145",0.164488074251815
"74147",0.0514401105324689
"74148",0.00574750094488394
"74149",0.0119723605558582
"74150",0.0132290435033997
"74153",0.162096047532387
"74154",0.0235381976424036
"74155",0.0105123927085236
"74156",0.488584319580518
"74157",0.00413940852076125
"74158",0.00575359726949896
"74159",0.0108930149843733
"74164",0.00513027382857453
"74165",0.429646368494557
"74166",0.00739848477859083
"74167",0.0106388767339668
"74168",0.0132142150008682
"74169",0.182705494949214
"74173",0.051517498406409
"74178",0.0112369429404644
"74182",0.0118859178020239
"74183",0.0414367485361443
"74185",0.0175106908106754
"74186",0.0402825297194754
"74187",0.0107155456359636
"74189",0.00349422928943554
"74190",0.0825113349404631
"74191",0.0135050598412555
"74192",0.00830607111577103
"74194",0.0172221090266176
"74195",0.00407424173834314
"74196",0.0127743587953091
"74197",0.0114201257795768
"74198",0.0208844661315936
"74199",0.0232235161278181
"74200",0.00717194659537387
"74201",0.0159426123975673
"74202",0.289134009112576
"74203",0.00478099606594436
"74204",0.0058639720801883
"74205",0.0059689108821136
"74206",0.0107986643430058
"74211",0.00988904385437199
"74213",0.010416415870781
"74227",0.643149282458931
"74229",0.00952824546714604
"74230",0.220904903522256
"74237",0.00607073974345224
"74238",0.0155081585670021
"74239",0.0118174137448147
"74241",0.00867631110150415
"74243",0.0295309951328943
"74244",0.00626111923803711
"74245",0.0310872576177285
"74246",0.0246059207996924
"74249",0.0277777777777778
"74251",0.0299429316421895
"74252",0.00632936265733507
"74253",0.11398999268429
"74254",0.00902740929010517
"74255",0.0051055383591999
"74256",0.00672583591789229
"74257",0.0138777721516836
"74264",0.406433309024245
"74268",0.0425958867247319
"74270",0.00863668974487328
"74277",0.0367116622304957
"74284",0.0336222066333962
"74287",0.0069244287625491
"74293",0.473348026343602
"74302",0.00859668256556666
"74309",0.00725612128125769
"74310",0.708014627687099
"74315",0.0064010941573686
"74316",0.0180367026127638
"74318",0.00701786537325716
"74319",0.0177913304952409
"74320",0.00749641899124242
"74322",0.00910627013761648
"74325",0.00829550301850756
"74326",0.00859280539890982
"74330",0.00523178251509696
"74333",0.239642569125171
"74334",0.0061860876152001
"74335",0.0478530118775603
"74337",0.0434049846332238
"74338",0.324427360954788
"74340",0.018503356816398
"74341",0.183483564682504
"74342",0.00584971699124296
"74343",0.0106757868622406
"74347",0.0208096603539606
"74349",0.00585053275806645
"74351",0.00645795276046334
"74352",0.0189725959823631
"74354",0.0613418052403015
"74355",0.0125536651324455
"74356",0.0183326807110972
"74359",0.0529297455596017
"74360",0.0165364809276404
"74362",0.284079245387958
"74365",0.0168467149970869
"74369",0.138446810531731
"74370",0.00625191284561538
"74374",0.0057537937138274
"74375",0.0146651665690698
"74376",0.0632560677951825
"74377",0.263293274565072
"74383",0.00520290244557915
"74385",0.0151005939202363
"74386",0.0143533138283386
"74387",0.123007771476581
"74388",0.00478674362703217
"74392",0.00663183464656285
"74393",0.0433197500057233
"74396",0.0848822492444577
"74405",0.108396511248707
"74407",0.100167942200037
"74410",0.00593472081792237
"74411",0.011549775003629
"74412",0.00563456406571778
"74414",0.00722325233325237
"74419",0.316949303833787
"74426",0.386204890708416
"74427",0.0233907091439733
"74430",0.0328787802138268
"74435",0.397568607134362
"74438",0.00913897998575451
"74440",0.00459155625101809
"74442",0.0972301164574046
"74443",0.0102648891966759
"74450",0.00586092095357097
"74451",0.00931366917171281
"74453",0.259160749176011
"74455",0.0154523107126144
"74463",0.29174758485197
"74464",0.0237216623695242
"74466",0.181776400591103
"74467",0.0456743529209731
"74469",0.620248683021447
"74470",0.1786310373412
"74471",0.190302189629192
"74476",0.0304379631691464
"74477",0.00802723283635805
"74478",0.010941640333275
"74479",0.009801
"74480",0.0214002402700177
"74482",0.457045333473198
"74485",0.396611502826175
"74486",0.00731722291150784
"74487",0.0326016069805812
"74489",0.597773723812154
"74490",0.048975269637927
"74492",0.632657166366135
"74493",0.00878202421199392
"74498",0.00782001541987325
"74504",0.00986725810882223
"74513",0.0152263629907143
"74516",0.499549789798858
"74519",0.0137247652979368
"74521",0.0078466535147402
"74522",0.00837690318873887
"74525",0.00355309496347559
"74528",0.0293770105273481
"74530",0.160691997957021
"74533",0.00647512774998943
"74549",0.00476083997042093
"74551",0.00819447473136887
"74552",0.00755452019798284
"74558",2.40724125820857
"74559",0.0297516866829036
"74563",0.0972119201928474
"74568",0.525976586837304
"74569",0.00636642078263504
"74570",0.00672710445919454
"74577",0.0261521201625113
"74580",0.130403244164785
"74585",0.00429163835893095
"74596",0.023756003347953
"74597",0.42722327242176
"74600",0.0288606311772335
"74610",0.0103639744418697
"74616",0.00913446363149513
"74617",0.0203513738408136
"74626",0.0355049769422864
"74629",0.216703147715988
"74633",0.16384659446791
"74637",0.0356326458627976
"74644",0.530609922497572
"74645",0.0985644076275057
"74646",0.0144860648239215
"74648",0.00997910257725436
"74653",0.00553944991550609
"74665",0.027664514785506
"74666",0.0535709568632285
"74670",0.0115929503628133
"74682",0.00588967009194159
"74684",0.0416165581414063
"74685",0.379374251316968
"74694",0.01020249952488
"74711",0.259721395456238
"74717",0.331236171956706
"74718",0.0120914633432018
"74720",0.0952967994035922
"74729",0.0304583948304532
"74732",0.392972127351896
"74734",0.148342282073746
"74735",0.301003029670275
"74737",0.0123201521469862
"74741",0.00907594341890389
"74747",0.0115175648732642
"74748",0.53649405619199
"74753",0.0594803917210748
"74754",0.0102698335536976
"74760",0.0162265052361396
"74761",0.0528783041117835
"74762",0.00900719081763096
"74763",0.00623268698060942
"74764",0.0105775800120122
"74766",0.0117356501619596
"74769",0.0104338860435397
"74770",0.0252918571187901
"74772",0.0134484776113617
"74775",0.0175197797844916
"74776",0.0120125547435985
"74777",0.0102874198221829
"74778",0.00652350518262513
"74781",0.00466526274470327
"74782",0.0263436975146993
"74838",0.00668320721433345
"74840",0.0124000715033103
"74841",0.0169536316791512
"74855",0.16505609219817
"74868",0.00609277577848052
"74895",0.016268964495209
"74901",0.00735972503823882
"74918",0.290543047781044
"74919",0.00794784384608126
"74925",0.322866724693307
"74931",0.127279237781075
"74934",0.423875619894828
"74978",0.120585474347569
"74996",0.005044050877952
"74998",0.0115630649492488
"75007",0.0100815768204739
"75013",0.582689585004387
"75016",0.102822429711434
"75029",0.0141327204264267
"75033",0.194284524800115
"75040",0.13231700547753
"75050",0.0459090376639544
"75051",0.0824296737654082
"75060",0.0944668227457794
"75062",0.00637108012966307
"75079",0.0329424122776931
"75083",0.277951316581054
"75089",0.0057219024632352
"75099",0.00990074503106359
"75104",0.00317132595824588
"75116",0.19315185200211
"75129",0.634055866745041
"75135",0.0671115399814145
"75137",0.00870416029462251
"75141",0.0102630281392
"75146",0.013150565685182
"75172",0.49326067584041
"75180",0.0432211033056053
"75196",0.195412970998479
"75202",0.0215092627996295
"75209",0.190328557590731
"75210",0.00767577432443981
"75212",0.0113225183144908
"75216",0.071548395170189
"75219",0.00811526442891016
"75221",0.00635696176044526
"75234",0.00694329636518301
"75273",0.00854459430831156
"75284",0.0463322468847017
"75288",0.0156221218052099
"75291",0.0573790190060405
"75292",0.0134772831473101
"75296",0.0214569973843512
"75302",0.0296722380964669
"75304",0.0813764838057647
"75305",0.422034178646215
"75311",0.389282482274267
"75316",0.0258275619843893
"75317",0.418187180472096
"75320",0.00893101006979134
"75339",0.0075154162016071
"75355",0.171155232838847
"75373",0.571661896114293
"75387",0.0142792315522501
"75388",0.0590055421215709
"75394",0.60944431392601
"75398",0.0152019427285109
"75404",0.320267469804313
"75406",0.0119526080749772
"75409",0.00700338217746082
"75410",0.0121733156259489
"75415",0.010619877808011
"75416",0.01480431985427
"75420",0.00939358450023225
"75422",0.0192490247031419
"75423",0.00616846691428548
"75424",0.357188010055025
"75425",0.00989234988042508
"75426",0.40323058489181
"75429",0.0321423469468739
"75430",0.00762149242248185
"75434",0.471100989548355
"75452",0.00855547469954773
"75454",0.0103297346579007
"75458",0.0707925846979518
"75465",0.319229380992028
"75472",0.305339249203338
"75475",0.0123114567723592
"75480",0.254856763666077
"75495",0.244740698999211
"75504",0.24053570289639
"75516",0.0524766159914007
"75530",0.0127020976349882
"75533",0.021351877028811
"75538",0.0276517829909109
"75540",0.0131905181380558
"75541",0.0269836191609222
"75547",0.016220833531133
"75552",0.0153827253146989
"75553",0.00700878113414348
"75556",0.110793134761007
"75560",0.0107500230209625
"75563",0.178463140358184
"75564",0.0198639700914373
"75565",0.0243150122554352
"75568",0.0683015103820073
"75570",0.105478451283686
"75571",0.084398979058291
"75572",0.0217683418435904
"75578",0.0234142761593341
"75579",0.158180920983086
"75580",0.00595527341528727
"75590",0.51470410882012
"75593",0.0251148816049285
"75597",0.0242036425092737
"75599",0.00611664413856388
"75600",0.329761830205014
"75602",0.293929710094462
"75605",0.00755200746884738
"75607",0.00696377483020963
"75608",0.0050132341434789
"75612",0.00449881023200476
"75613",0.0109843022481927
"75614",0.0893801434166397
"75616",0.00762846293072443
"75617",0.0130566786882155
"75619",0.0113349509801952
"75620",0.0105740057899981
"75623",0.0453925624420007
"75624",0.00718184429761563
"75625",0.00710154786969609
"75627",0.0106355124877647
"75641",0.625979430253445
"75646",0.0407212246260718
"75659",0.0174977169138567
"75660",0.0131642057048253
"75662",0.732702568322761
"75665",0.00762297405241052
"75668",0.0430860113552859
"75669",0.00522068896388119
"75677",0.0639450389747655
"75678",0.0154036734573085
"75686",0.017995240928019
"75687",0.0054994020030913
"75689",0.063169279540753
"75690",0.0518453208561356
"75691",0.0196127480890757
"75692",0.00957025334481461
"75693",0.262179852429267
"75695",0.00680455721880901
"75697",0.227921858469443
"75698",0.0522598603412819
"75705",0.00412045086982508
"75710",0.0195252403351073
"75712",0.00968019723143084
"75717",0.00985147122700124
"75718",0.0831265574382686
"75723",0.0197279391948856
"75725",0.00623049333804634
"75729",0.0285525740287444
"75731",0.0158436137449218
"75732",0.0770238819294619
"75734",0.00397737547221881
"75735",0.0108771610101212
"75736",0.129719529622424
"75739",0.072682225663094
"75740",0.0203005202998071
"75744",0.0102061642842404
"75745",0.00599828590701204
"75746",0.0493055254147561
"75747",0.0674221220580939
"75751",0.00703829259809258
"75758",0.0124055367622487
"75763",0.0180284380064022
"75764",0.0115739976652043
"75767",0.0595518977193805
"75769",0.00969467455621302
"75770",0.00351348594407083
"75778",0.00793437141335784
"75782",0.062679468680078
"75784",0.384564392054358
"75785",0.00768160880129992
"75786",0.00439575762678031
"75788",0.00684397408029478
"75796",0.0261850352679289
"75799",0.747991234477721
"75801",0.106641284291781
"75805",0.00927101445710642
"75812",0.00936524453694069
"75826",0.00530353218699316
"75841",0.00919162323812302
"75847",0.0165790486790833
"75869",0.0239980690486574
"75870",0.398136003947422
"75871",0.00947900939521633
"75881",0.694756519238594
"75894",0.0175877869577595
"75901",0.0165659601698614
"75905",0.145616440007716
"75906",0.0124629212702087
"75909",0.00654422370670998
"75914",0.00349149323643987
"75939",0.140704163230504
"75951",0.286775264215215
"75956",0.0111322138411782
"75957",0.421618107737352
"75958",0.665081651470779
"75964",0.00894702466242768
"75965",0.0121798112333766
"75973",0.37330757154933
"75974",0.0218964396866108
"75985",0.0138285028348074
"75986",0.576033350761125
"75990",0.0442213830494337
"75991",0.0232164966823637
"75995",0.104299303385142
"76000",0.102782245611502
"76001",0.52481975308642
"76007",0.0105098188622106
"76014",0.00566340307454708
"76022",0.00531364886029193
"76025",0.00689076379076839
"76041",0.226105476723109
"76044",0.0760062485207101
"76051",0.0531392308989711
"76055",0.00609053545559493
"76071",0.00485225912005736
"76073",0.0182675621340506
"76080",0.00474717997826097
"76082",0.601090355969155
"76088",0.0393296304588616
"76089",0.00888249808230182
"76100",0.138950813763087
"76108",0.00610240036930364
"76113",0.33640237194979
"76117",0.0167295075387622
"76123",0.011127095494752
"76130",0.00776969909738454
"76132",0.0086391384058727
"76133",0.120308016487029
"76137",0.0106718310686783
"76138",0.048494521096369
"76142",0.0140091646198731
"76156",0.0050841357912969
"76157",0.0924329803717519
"76161",0.0149750581811475
"76166",0.303252286768812
"76167",0.0219667773645851
"76178",0.00665907248584456
"76179",0.0116232065784952
"76183",0.0093873849720866
"76184",0.0519964694976807
"76187",0.0135871084138651
"76192",0.00408063664563177
"76199",0.0168799638958145
"76205",0.006606518877408
"76206",0.132693348379721
"76217",0.00842658292705439
"76219",0.0126246686024492
"76220",0.0121051861254746
"76222",0.033726513982833
"76223",0.0398079234467456
"76229",0.0570841467050393
"76233",0.01371006104335
"76238",0.0112834562405998
"76246",0.00481440942829914
"76251",0.0135781743751795
"76252",0.00377039088950446
"76257",0.00902282194603494
"76260",0.0184039148647801
"76261",0.0386165854218435
"76263",0.0266331698468154
"76265",0.0342342632575683
"76267",0.00358236671914744
"76273",0.00603929563060633
"76281",0.0171125278761745
"76282",0.0211972607222068
"76293",0.0680865442801194
"76294",0.299167628832537
"76295",0.0164788494459154
"76299",0.0128217774791593
"76302",0.00610916895985893
"76303",0.00594206535387946
"76306",0.0103074593962385
"76308",0.0064
"76311",0.0937071891810289
"76332",0.00822294632335849
"76338",0.00615148019992311
"76355",0.0332787324842136
"76357",0.0188221176424102
"76365",0.171295566389973
"76366",0.0100779724144196
"76367",0.0817151311090705
"76371",0.421846019992842
"76373",0.111530952456843
"76375",0.0400831384551025
"76376",0.0101722825879191
"76377",0.0931745149485803
"76380",0.144880725632065
"76408",0.0554959781574226
"76411",0.0296162787510117
"76416",0.0544444444444444
"76421",0.0737920160497635
"76422",0.512488233746967
"76425",0.00529546606713835
"76429",0.0159685246080285
"76438",0.0142333709738275
"76441",0.00743421820529523
"76448",0.0184487409966314
"76453",0.0336308355636928
"76454",0.00502394629396744
"76455",0.214768503113754
"76457",0.0316080393031503
"76459",0.0167282995261258
"76467",0.0102298775510204
"76469",0.0363495632135083
"76477",0.0446155419593711
"76478",0.0222194128400058
"76479",0.00908717367329562
"76482",0.00769923407911368
"76483",0.017076093101744
"76484",0.00929980168984713
"76485",0.0106004548095747
"76487",0.0248813477492812
"76491",0.0229815800643128
"76497",0.00822902600597497
"76498",0.0101430255979147
"76499",0.00590845805895635
"76500",0.00602481218484793
"76501",0.0167981325668299
"76505",0.00688226656261926
"76508",0.0112588845785442
"76510",0.00669144559618016
"76516",0.079538873700265
"76522",0.00862849285949958
"76524",0.0180253246677538
"76527",0.0119482436834592
"76539",0.0181663516068053
"76547",0.014172335600907
"76551",0.00544208546089761
"76559",0.0115871446599084
"76560",0.429530658606159
"76561",0.0174645848020701
"76563",0.0141614568175036
"76566",0.0463359547540661
"76568",0.0127679706574349
"76574",0.0381105061824415
"76577",0.00578469238297718
"76580",0.00694444444444444
"76582",0.00530545413316481
"76594",0.00387227456337318
"76602",0.374733371997192
"76608",0.00589082326650401
"76612",0.0532377214176395
"76614",0.0036322757949641
"76615",0.37931975127447
"76626",0.0151276845205754
"76628",0.1581456679026
"76630",0.0138377055798364
"76633",0.402889189063074
"76642",0.430644790267065
"76645",0.325574355673183
"76650",0.00859912108831909
"76652",0.195664179050107
"76654",0.00812853186871685
"76668",0.174137741620897
"76670",0.511485441018693
"76681",0.0527686530612245
"76683",0.270223258352125
"76686",0.0031722500046644
"76687",0.0106178697403145
"76688",0.00973610966085645
"76707",0.00796506295714922
"76709",0.00548312054971667
"76710",0.0731865210225543
"76719",0.00701217112300498
"76737",0.0213517488785038
"76740",0.00726560594853365
"76742",0.00634394642189796
"76763",0.0160509785288583
"76773",0.0191369449558384
"76775",0.031496498007487
"76779",0.0085207100591716
"76781",0.0184770489068016
"76784",0.0124233246009429
"76786",0.705538406477126
"76787",0.00743162901307967
"76788",0.00388376803228994
"76789",0.0115544992519815
"76792",0.0167624097076933
"76793",0.0146601550929519
"76794",0.257041909139811
"76795",0.00559820794472381
"76798",0.507842298374452
"76799",0.0090534276663613
"76800",0.021748307477302
"76804",0.0148431717633356
"76808",0.0149091329088795
"76809",0.00430457087103493
"76813",0.0127147372962692
"76816",0.0185251787705459
"76820",0.00527233544210111
"76824",0.00432947330209717
"76826",0.0523916129021501
"76829",0.0193846214347771
"76832",0.0250393854649666
"76843",0.143148841022475
"76846",0.00896478816410553
"76850",0.0163711518855254
"76854",0.0281037232658391
"76857",0.0236915571241012
"76863",0.00627960935747098
"76866",0.0153644164618604
"76867",0.0305638417526529
"76872",0.063021006149922
"76873",0.29663408406502
"76877",0.0138330426708562
"76884",0.00585540248460011
"76886",0.00531208800229723
"76889",0.0123456790123457
"76890",0.0128345697998396
"76892",0.0263306054936152
"76893",0.00845850322699886
"76894",0.051836928850533
"76895",0.00723247994083298
"76897",0.00743903423616527
"76898",0.00396671793147056
"76899",0.00909600786816718
"76900",0.0075198020112939
"76901",0.0084913109815921
"76905",0.262757726682081
"76915",0.185568249947322
"76916",0.0200971467845319
"76917",0.0432213119800678
"76927",0.25774965905291
"76932",0.00606734672313748
"76933",1.57422603767762
"76936",0.00480976727163709
"76937",0.632458431737482
"76938",0.0105236441078293
"76947",0.0278546180668819
"76952",0.0045764253463206
"76954",0.00713399537448311
"76959",0.00603561848224631
"76960",0.0145484632558691
"76965",0.0100388815460428
"76967",0.0187998481856951
"76969",0.00873541416305133
"76972",0.0395793581185537
"76974",0.179595036195782
"76976",0.00819098087121948
"76980",0.00501736111111111
"76982",0.00614777057829786
"76983",0.0102539125215933
"76987",0.00572411703601108
"77006",0.00991503800600568
"77015",0.0114172980838326
"77018",0.0264003492091229
"77022",0.571404404926744
"77031",0.0068456214676107
"77032",0.0124902528587557
"77034",0.0102743244599806
"77035",0.0315175473600941
"77036",0.35381541880503
"77037",0.399439775506777
"77038",0.00418635585343534
"77040",0.00630879180854333
"77041",0.0264299163537432
"77044",0.016637024303351
"77045",0.00386737896338563
"77048",0.0110613402710659
"77053",0.00854745445013478
"77056",0.0345838043536684
"77057",0.0279438627756739
"77058",0.492159595493997
"77059",0.409985969502352
"77065",0.0140967417734928
"77087",0.00590613131111577
"77090",0.0498872093567425
"77097",0.00933034113793616
"77106",0.00767048857923608
"77110",0.00637393380464524
"77113",0.00683038911496236
"77116",0.00809047898994989
"77117",0.062864203183507
"77124",0.0215454574879898
"77125",0.0186479238079006
"77128",0.0127953938898953
"77134",0.00990164889914766
"77189",0.67241135345741
"77209",0.0785060824369667
"77219",0.00674400772044617
"77220",0.0117634360769123
"77252",0.0853033916709796
"77254",0.0144612548050301
"77264",0.00881022820576314
"77286",0.011645359971016
"77288",0.0397976577270979
"77300",0.00858239420013423
"77305",0.00414297257700996
"77318",0.0647857352153843
"77323",0.100558661813531
"77361",0.100709299166046
"77371",0.022926293116575
"77382",0.197411125199231
"77383",0.0524023806067644
"77402",0.304364244970983
"77407",0.00467334858306112
"77422",0.0125703966581547
"77446",0.0133519771981956
"77453",0.237046734692531
"77462",0.084843622440971
"77480",0.00641731111276864
"77505",0.0314384843114744
"77519",0.0168728568604326
"77521",0.00986798824612956
"77531",0.00728087301242248
"77532",0.0230723702234817
"77533",0.0512671594283834
"77552",0.0093982456247694
"77558",0.0851168302919839
"77559",0.011229961872449
"77560",0.243733463192923
"77569",0.00875854368338735
"77573",0.00761503203987184
"77574",0.00654883223629256
"77577",0.439866666814716
"77578",0.0101907483466416
"77579",0.00441273968903508
"77582",0.00654104032507719
"77583",0.053496715928243
"77590",0.0119067433304022
"77591",0.0117374887102074
"77593",0.0115308193684447
"77595",0.22239993903381
"77604",0.0141558449567869
"77605",0.00737481112840904
"77609",0.0466878789614655
"77613",0.0231533675072952
"77618",0.389378995505311
"77622",0.0413496784153155
"77626",0.00926055875913683
"77627",0.0363796617563222
"77629",0.0126428646333819
"77630",0.0226583944424718
"77634",0.0110803324099723
"77644",0.00788407263301674
"77647",0.257988519377925
"77652",0.0425779872400878
"77675",0.509068121385158
"77683",0.00895214709710351
"77697",0.0103761428957216
"77717",0.521086005867498
"77721",0.00834206297407434
"77733",0.0082624104195832
"77739",0.0352596354757418
"77741",0.26309019774559
"77744",0.0723098460062869
"77766",0.0159209157397477
"77767",0.0228005082724258
"77771",0.00913407488955959
"77772",0.130039259062488
"77781",0.00738383338435192
"77782",0.0959467644306243
"77794",0.0279799731352778
"77798",0.494118302456554
"77799",0.169570866895329
"77803",0.332165434504712
"77805",0.0208470359461237
"77809",0.00675933490701384
"77810",0.763413426586117
"77827",0.00612856967904048
"77832",0.0129177744571018
"77853",0.00886736111111111
"77857",0.216999269572433
"77862",0.011033088148909
"77864",0.014793166810172
"77866",0.100990034035216
"77875",0.683511793128297
"77877",0.00912084529021218
"77889",0.00635570947559389
"77891",0.00987371870942828
"77920",0.146609165271397
"77929",0.00966913877905367
"77938",0.0110572397993904
"77940",0.0275386961356939
"77945",0.409304099702629
"77951",0.0133119631188663
"77963",0.0159206415071588
"77974",0.0425693922405958
"77975",0.00403664116564539
"77976",0.00771836942090511
"77980",0.0091764858605609
"77981",0.64409479833972
"77982",0.233271579446385
"77987",0.0203133932257956
"77994",0.14283284078528
"77996",0.39080267795995
"78004",0.393450141727385
"78021",0.445800490779298
"78038",0.0112980991716414
"78070",0.0061860876152001
"78071",0.485702808157279
"78088",0.0932310746224576
"78100",0.00611254687871936
"78102",0.715524397440463
"78108",0.0250931549323467
"78134",0.0948704867600029
"78174",0.523643650177873
"78177",0.0346618737146113
"78185",0.311173085338415
"78232",0.0105126616447075
"78244",0.0123627932779783
"78245",0.251829908177701
"78246",0.0104634553820045
"78248",0.00776897417170227
"78249",0.112924870896691
"78251",0.0648144303678872
"78252",0.186876683480315
"78255",0.00569216358418367
"78257",0.085765306122449
"78266",0.00939979034828604
"78267",0.0271048168784492
"78283",0.00545805167048405
"78284",0.433834470361919
"78286",0.00947445068888053
"78287",0.00910025444968331
"78294",0.0196718121174616
"78303",0.0262839922685664
"78304",0.0171244793913832
"78308",0.0141417092768444
"78309",0.00875343253967391
"78312",0.39904514225315
"78317",0.024751790972079
"78321",0.0778205867043426
"78323",0.00712338294779236
"78329",0.133341189476136
"78330",0.0122373724245907
"78334",0.0124840048687619
"78339",0.00627725378171297
"78353",0.367364160099886
"78369",0.145395678828467
"78372",0.0214486696023553
"78373",0.0421306298496744
"78376",0.423106320792628
"78388",0.0237153603366082
"78394",0.0148580231784601
"78403",0.188194917758463
"78408",0.002691363634909
"78412",0.0593624317724792
"78416",0.256393793942011
"78428",0.014621962047001
"78438",0.106995575790866
"78439",0.110013724144692
"78444",0.0801654293868178
"78445",0.270593994727128
"78449",0.724519359241771
"78451",0.41049752617316
"78455",0.0127891710185575
"78456",0.0896061004520955
"78465",0.0243524709443462
"78473",0.109097160527223
"78500",0.11497136289006
"78506",0.0128009824546014
"78514",0.0241862539071729
"78521",0.0090251577817891
"78523",0.00724309642372114
"78536",0.549711388622477
"78541",0.00705033025334259
"78558",0.037868908682542
"78560",0.0130075932485969
"78568",0.316587880494117
"78569",0.211043734552324
"78575",0.699000300187332
"78581",0.0343387422234754
"78586",0.0207274517160549
"78593",0.0106250554447033
"78600",0.431194600253837
"78603",0.140482241873206
"78610",0.00933784076366217
"78611",0.0615147660148437
"78617",0.0484835303245384
"78618",0.012988008982579
"78619",0.0370084233200699
"78623",0.102672447136286
"78625",0.193426068736786
"78635",0.230145067123689
"78651",0.00644615156320325
"78653",0.0166388998784117
"78655",0.00963651660710066
"78656",0.00571156628280092
"78658",0.0159147928994083
"78668",0.474753787602247
"78670",0.0101622033557695
"78672",0.071234724298676
"78688",0.011008390175664
"78689",0.00618452376881676
"78697",0.0109103389340524
"78703",0.489386947862262
"78709",0.0280014463704743
"78739",0.428936887932595
"78748",0.508476267031807
"78749",0.0639326422459869
"78751",0.0222481963995206
"78752",0.0157866323607726
"78754",0.0831060791015625
"78755",0.0651843874612365
"78757",0.0158281564076415
"78771",0.00815221334478726
"78772",0.145849133164614
"78774",0.797941575732758
"78777",0.0131118766109331
"78779",0.00929923726928235
"78781",0.0314166172938031
"78783",0.010383223170436
"78784",0.0045905612273346
"78785",0.00971258519189855
"78787",0.00596330290832453
"78795",0.00901654500788067
"78796",0.017797960510168
"78797",0.00750958900364593
"78798",0.0112316895397981
"78801",0.160912883139244
"78802",0.0300798843469586
"78806",0.0543599603569222
"78808",0.00678264655136087
"78816",0.0299472670906393
"78825",0.0108884688090737
"78829",0.00894380093824571
"78830",0.00387647947973202
"78832",0.004870545002638
"78833",0.06396626923777
"78834",0.0176860001271977
"78878",0.0266029695673117
"78885",0.00591715976331361
"78887",0.0149800752924112
"78889",0.0194204488085617
"78890",0.0347227499231615
"78891",0.0076876975699997
"78892",0.0552309834966848
"78893",0.0080409706186956
"78894",0.0114368771134433
"78895",0.0401977204182914
"78896",0.152901051939513
"78903",0.00457474978980034
"78908",0.0252847208239763
"78912",0.0140256729839602
"78913",0.00970481336631611
"78914",0.0433269981714901
"78919",0.0685513705435432
"78920",0.00314542921041552
"78921",0.0564105853811002
"78923",0.0336680710406406
"78925",0.0212490516452031
"78926",0.0137905744406619
"78928",0.00717211609785475
"78929",0.00698367851579829
"78933",0.0270740766004952
"78934",0.126906260765707
"78935",0.0239924639818177
"78937",0.0102326942823796
"78938",0.00663197224115309
"78943",0.10721550218829
"78977",0.0384571994460197
"79043",0.00720766347355268
"79044",0.0111271341843366
"79059",0.0162361469217202
"79196",0.017123275774043
"79201",0.238343590950394
"79202",0.158938643061335
"79221",0.0169793093690095
"79233",0.00937804157575483
"79263",0.0080517833472108
"79264",0.012549147840307
"79362",0.00919224563692128
"79456",0.0918680006265174
"79459",0.3204139606983
"79464",0.00816179967197523
"79554",0.0186091364829392
"79555",0.00662752732253619
"79560",0.00600410930679772
"79565",0.0412423584524615
"79566",0.0108937602529558
"80280",0.00649685238369321
"80281",0.00914271202044412
"80283",0.0180356782088717
"80284",0.00718955805840015
"80285",0.128509446747449
"80286",0.00716705968624627
"80287",0.0619112138324234
"80288",0.0107434185631994
"80289",0.0308599609271699
"80290",0.00955262996253148
"80291",0.0129841856131023
"80292",0.00927729370857534
"80294",0.015939132654556
"80297",0.00633080463996287
"80334",0.0101102788040202
"80385",0.00491010135447485
"80509",0.0106486464738656
"80515",0.00733387656243245
"80517",0.00591715976331361
"80707",0.0133926731735654
"80708",0.0203431691560451
"80718",0.0117450071586304
"80719",0.293105311099087
"80720",0.0278194116825119
"80721",0.0523441861343607
"80732",0.0144405776480834
"80733",0.056317228751188
"80743",0.00504750994883382
"80744",0.0118545711956889
"80748",0.0101108609717815
"80749",0.00922218390071032
"80750",0.00618298811414718
"80751",0.00581933790560702
"80752",0.0115199042940119
"80795",0.00642993922047381
"80797",0.43003050015472
"80837",0.0498409780181897
"80859",0.0269952032264886
"80860",0.024003173973418
"80861",0.240113783601473
"80876",0.02695932479924
"80877",0.0213145920403947
"80879",0.187815828949752
"80880",0.0158527596620762
"80883",0.0147426731257863
"80884",0.00919960618279222
"80886",0.00488975258742618
"80888",0.0157706868577609
"80889",0.0141241099085991
"80890",0.00695032085158113
"80891",0.0126958936718905
"80892",0.0503801086500825
"80893",0.245665401065703
"80898",0.0256582148760331
"80902",0.0391651083626745
"80903",0.0934836792216288
"80904",0.00635999738040621
"80905",0.064474227100968
"80906",0.00539243944854829
"80907",0.0175521647990448
"80909",0.0182523989332745
"80910",0.198410453472094
"80911",0.00859834710743802
"80912",0.0101153678138181
"80913",0.00689552283240978
"80914",0.00763370629634893
"80915",0.0188133405802014
"80976",0.00649216164983017
"80981",0.0684250492788503
"80982",0.0284265387409568
"80985",0.00752078993154919
"80986",0.394393507491741
"80987",0.00764897575525544
"81000",0.0256
"81003",0.00827133468656721
"81004",0.00615248407250108
"81006",0.0201717379217004
"81018",0.00600258336733374
"81489",0.0064798285408843
"81500",0.0139425563967125
"81535",0.0156390607416959
"81600",0.170534404895699
"81601",0.00661544831276427
"81630",0.00919003335406185
"81701",0.115269642884253
"81702",0.012846381011809
"81703",0.00847085143767064
"81840",0.00932812668497821
"81845",0.0145934651931132
"81877",0.0100513245439901
"81879",0.0649911139607568
"81896",0.00798655947629174
"81897",0.207316904209071
"81898",0.00837984658407412
"81904",0.00511041923812981
"81905",0.0073469387755102
"81906",0.0223023943379399
"81907",0.0139820505989921
"81909",0.00908339741166964
"81910",0.0128484898989151
"81913",0.0846059640532211
"83379",0.250189358069335
"83382",0.161361006529344
"83383",0.046398038192151
"83395",0.299195819422267
"83396",0.0100785080402632
"83397",0.0146326469958296
"83398",0.0167090362207068
"83408",0.57212431518934
"83409",0.0104713372911993
"83410",0.00513553700048341
"83429",0.0153545512491026
"83431",0.00432037486103436
"83433",0.0288529478145581
"83435",0.00972761888230163
"83436",0.0261567887669844
"83453",0.0684546511459813
"83485",0.00888121015642788
"83486",0.00561266047356891
"83490",0.0888498520710059
"83493",0.00706635716307656
"83554",0.548067078625949
"83558",0.325779535754627
"83561",0.716115342394764
"83602",0.00993579470849144
"83603",0.00661699314420692
"83669",0.0154463449650954
"83671",0.0228425009319154
"83673",0.055560653464141
"83674",0.00360724021070327
"83675",0.041342482737533
"83679",0.00710396542772702
"83691",0.0391132157825536
"83701",0.00554882552742548
"83703",0.0156805322825842
"83704",0.0107868267159126
"83762",0.0589574724162947
"83766",0.00845190646363475
"83767",0.00575587406108046
"83768",0.0111360824221611
"83771",0.196275682682751
"83796",0.0143648691798873
"83797",0.00446172423336029
"83814",0.00770007532734528
"83815",0.0812394165907065
"83921",0.0371145773034636
"83922",0.0372621399124172
"83924",0.0233215326400743
"83925",0.00962052817780127
"83945",0.00469413595560002
"83946",0.0182702433552345
"83961",0.108761354416706
"83962",0.00616677667592852
"83964",0.00903326565489231
"83965",0.00353626380976046
"83997",0.0111654885549729
"84004",0.0265738573648436
"84035",0.0147943177805047
"84036",0.0109397476272101
"84092",0.00670409441945761
"84094",0.0209843654467639
"84095",0.0065637024227784
"84113",0.0117175045169519
"84505",0.00838450371501193
"84585",0.0044290378889861
"84652",0.0140856548525008
"84653",0.196171494918501
"84682",0.0841588057442781
"84704",0.00566157900862258
"85029",0.127517345793985
"85030",0.0266032546836782
"85031",0.0665842895292247
"85305",0.0058140625
"85308",0.0268939371464736
"89867",0.111111111111111
"93671",0.179852615438383
"93673",0.475158626033513
"93674",0.0562907507981595
"93679",0.00920206572253484
"93681",0.0219241013955127
"93683",0.0154581367638664
"93684",0.00391888135796702
"93685",0.0244799299521012
"93686",0.00577494996137107
"93687",0.00694190139056319
"93688",0.229319579448522
"93689",0.173864650487506
"93690",0.0239973294005102
"93691",0.0145455288921306
"93692",0.00748440284739284
"93694",0.0555321552112595
"93695",0.12326072698436
"93696",0.0216763411759056
"93697",0.0305586475116342
"93699",0.0310277565229342
"93700",0.0308778672482019
"93701",0.107274503165062
"93702",0.0354195279731483
"93703",0.0315115016981198
"93704",0.014155889607977
"93705",0.108458353232751
"93706",0.00760862181073553
"93707",0.0323587655148355
"93708",0.00750950158469334
"93709",0.0297019791024334
"93710",0.0183027739432322
"93711",0.0184192919057563
"93712",0.029114252442141
"93713",0.03165626581211
"93714",0.0197870938899639
"93715",0.0261877470478698
"93716",0.0313553511332462
"93717",0.0239070634753254
"93722",0.0307495339278094
"93723",0.0131391700482082
"93724",0.0128648371295061
"93728",0.261106789175413
"93730",0.0110884028655917
"93734",0.00583487272427623
"93735",0.589096859165477
"93736",0.0104573147774951
"93737",0.046872787222383
"93739",0.00353392373830293
"93742",0.0115050015566698
"93746",0.537777777777778
"93747",0.00572406648780263
"93757",0.042962789807041
"93759",0.0336312164560249
"93760",0.0101298968853247
"93761",0.0121395532288716
"93762",0.0110499684167254
"93765",0.00398122647812164
"93790",0.00817397151228377
"93834",0.00858637607486107
"93835",0.0587006094753614
"93836",0.00908108312116459
"93837",0.127240537287176
"93838",0.199816269369056
"93840",0.0202588529671414
"93841",0.603138262867728
"93842",0.0747099761280519
"93843",0.012949460996837
"93871",0.00698037941392708
"93873",0.132055405415243
"93874",0.0219222935294048
"93875",0.0556436534147309
"93876",0.0381305243354138
"93877",0.0801391277416597
"93878",0.0176862914789808
"93879",0.124646014473879
"93880",0.0150209789365803
"93881",0.0735438457841936
"93882",0.0539717216557852
"93883",0.0398800557559376
"93884",0.0407082990787968
"93885",0.0329954926565412
"93886",0.0701234687807306
"93887",0.0501515254363797
"93888",0.0157631064789179
"93889",0.0418501518403112
"93890",0.0516398332377042
"93891",0.0198180789895372
"93892",0.186658203515372
"93893",0.0385239037446326
"93896",0.104680937301205
"93897",0.16686454254183
"93898",0.281549354435652
"93960",0.0233288209353121
"93961",0.00969439181578282
"94040",0.0104156234978369
"94043",0.0129121073103661
"94044",0.00695719629077767
"94045",0.100354650718804
"94047",0.00519752893450396
"94061",0.0169483893811106
"94062",0.00542873403661009
"94063",0.00909156486903175
"94064",0.00987616218510089
"94065",0.0325181402848697
"94066",0.0137034850328205
"94067",0.00852565892508104
"94089",0.0492280698790627
"94090",0.00436575425033956
"94091",0.0113618257604221
"94092",0.0835735537190083
"94093",0.0103667512755913
"94094",0.208632650482764
"94109",0.0206451753999126
"94112",0.0049577352231322
"94176",0.0395791963802592
"94178",0.00829341122021568
"94180",0.00550885611087935
"94181",0.00880293780730181
"94184",0.00436030541115312
"94185",0.00570401260753641
"94186",0.00839238794535199
"94187",0.0235843743463344
"94190",0.00852650237932427
"94191",0.0151479289940828
"94192",0.159136403058137
"94212",0.0114153704699167
"94213",0.00607885941619483
"94214",0.00521066507403459
"94216",0.201076382326014
"94217",0.0198846864453843
"94218",0.00783962673611111
"94219",0.00771155279533778
"94220",0.0239435870561502
"94221",0.0100405072643246
"94223",0.00847019212665821
"94226",0.0268723764266233
"94227",0.224891061749389
"94229",0.00858736275359734
"94230",0.00725061976408528
"94232",0.00484008530422654
"94242",0.0268281807372176
"94245",0.00927023170244672
"94246",0.0179595485739456
"94249",0.00476065276755506
"94253",0.0147448979591837
"94254",0.0139975363276051
"94275",0.00234763882826193
"94279",0.0389945668684345
"94280",0.0081659278312307
"94281",0.0181532261184389
"94282",0.00548945062331802
"94284",0.153798222343758
"94315",0.00664181417827218
"94332",0.00614620808483778
"94346",0.294151037035945
"94352",0.385904499540863
"94353",0.0130269767838113
"96875",0.178458125517362
"96935",0.00439551953251361
"96957",0.00721205270606188
"96979",0.00873366812196729
"97031",0.015239296157969
"97064",0.0271051432811973
"97086",0.0978394380818487
"97112",0.0131710743889805
"97114",0.498339392326215
"97130",0.0172775958093571
"97159",0.0187886375326326
"97165",0.095776481635982
"97212",0.00651277316097261
"97287",0.0134549217876726
"97387",0.00491112045501603
"97423",0.0208641975308642
"97440",0.0860771532779338
"97484",0.0102517519454385
"97487",0.0103481866970458
"97541",0.00686250481425721
"97761",0.00776249848630628
"97775",0.0593844848713357
"97820",0.00373474523745978
"97827",0.00767222547818211
"97863",0.00909652845066658
"97884",0.0198165254715973
"97961",0.010760920206582
"97998",0.0272765349389331
"98053",0.00891245132810294
"98170",0.0173394615698386
"98193",0.00352423774268328
"98221",0.00657805771922832
"98238",0.00367309458218549
"98258",0.00932134256372208
"98267",0.0330791000588154
"98303",0.0324265038406636
"98314",0.0163199210165071
"98363",0.0171285810618887
"98365",0.183287541245481
"98366",0.00492968279754067
"98376",0.0140120202943193
"98386",0.0227485288806402
"98388",0.00597686014888055
"98396",0.0045432068618174
"98402",0.0113680974200207
"98403",0.00886125648227917
"98404",0.0135511309134743
"98415",0.0109432372617072
"98417",0.00644840966079076
"98432",0.00580928887076793
"98452",0.0719765527759631
"98488",0.0101346786180803
"98496",0.010078443889716
"98660",0.00514574118053971
"98682",0.00492716123142939
"98685",0.00795417401495633
"98710",0.00892801785603571
"98711",0.0176305504381812
"98732",0.00440455663940216
"98733",0.0215519713369836
"98736",0.132328445635843
"98741",0.0240370170061895
"98758",0.00439698560342312
"98766",0.0102030405060708
"98828",0.0066760997005038
"98845",0.0475875192515089
"98878",0.0184153491381992
"98910",0.0138588905757157
"98932",0.030964530593452
"98952",0.00416104633440024
"98956",0.00916233777780758
"98970",0.00645966088307409
"98985",0.0165140400230044
"98999",0.0070463503579816
"99003",0.0174956734075072
"99010",0.00870743564258198
"99011",0.0120823120988435
"99031",0.00904949732559345
"99045",0.0083177531359944
"99100",0.0624555713538117
"99138",0.00499586850545383
"99151",0.0289390565576983
"99152",0.00512926980502894
"99167",0.00618217360858171
"99237",0.00408580566608998
"99296",0.0164835500275061
"99311",0.00969887280555744
"99326",0.0177548171654548
"99334",0.024162190470163
"99349",0.0337796647064693
"99371",0.00644867389655785
"99375",0.00755715220883709
"99377",0.215781879145137
"99382",0.0171495367609781
"99412",0.00551143650632245
"99470",0.010575230467375
"99480",0.00894209435027301
"99512",0.00711193375504892
"99526",0.0200200612518122
"99542",0.0411762264840819
"99543",0.022594240734581
"99586",0.0292901561725331
"99633",0.0171632225036221
"99650",0.00615256211175321
"99681",0.0268475510762136
"99683",0.00582685842605825
"99696",0.0145153357194783
"99712",0.00942595909133754
"99730",0.0155890928534143
"99738",0.0171201415316398
"99870",0.0257075001733859
"99887",0.0103407569062946
"99889",0.0134644706938257
"99890",0.0156607346938776
"99899",1.08858465033914
"99929",0.0201530637313641
"99982",0.00449974688246606
"100017",0.0583086806749847
"100019",0.0202769700720815
"100072",0.00715748567299604
"100087",0.0168387126524616
"100088",0.0197379236761681
"100090",0.0190216321201766
"100102",0.498090778102485
"100121",0.00819528030727201
"100129",0.0224722479212343
"100163",0.0213247974354765
"100169",0.0188016878048531
"100177",0.0115766704053837
"100182",0.040658565329772
"100198",0.0217022951893847
"100201",0.00856753069971938
"100206",0.013729465765207
"100210",0.0272612529088683
"100213",0.0104652655555698
"100226",0.00422331662638744
"100273",0.00985136711386537
"100317",0.00594721894666989
"100336",0.0066692404905766
"100340",0.0661067345363036
"100382",0.141902158544632
"100383",0.00623952669145908
"100434",0.00811780009666219
"100465",0.0284323350999734
"100494",0.00499228337705826
"100515",0.0179413532905736
"100532",0.0267496600839349
"100561",0.0119865512620905
"100604",0.00865976940281087
"100608",0.0129704896337944
"100609",0.0143636013050046
"100637",0.0109430796763801
"100678",0.0104648805006701
"100683",0.00662947644731895
"100702",0.527492551028247
"100705",0.0256
"100710",0.0100126702553022
"100715",0.0103711320818887
"100732",0.00462826699880527
"100737",0.00554442807738973
"100740",0.569082740939126
"100756",0.00784500204997572
"100763",0.00674899446235585
"100764",0.01890625
"100855",0.0067694571394409
"100900",0.0256510474992462
"100910",0.0103892295451568
"100929",0.0109756181666564
"100952",0.11692553325391
"100972",0.00671148190707213
"100978",0.0368131259979678
"100986",0.0113096520376375
"101023",0.00893413398386189
"101095",0.0113720552692412
"101100",0.0304782241805702
"101113",0.00942107299475461
"101118",0.0185121106621562
"101122",0.0245985689821502
"101142",0.0102458205032148
"101148",0.00954712240002993
"101185",0.0217526642482446
"101187",0.0123551775147929
"101197",0.0101261817174954
"101202",0.569891178585185
"101206",0.0133120460573677
"101214",0.00852902718809075
"101240",0.0103278471809108
"101314",0.00745676643686682
"101351",0.0120486166365462
"101358",0.0141300616927546
"101359",0.0633210092654846
"101401",0.0387885809901038
"101437",0.00722346301122596
"101471",0.00933510700366403
"101476",0.00580571141727909
"101488",0.0101811557378315
"101489",0.00951380619556609
"101490",0.00653089507842077
"101497",0.0360488624203055
"101502",0.0208206472956717
"101513",0.0111020638730736
"101533",0.370522851211073
"101540",0.0339952405483897
"101543",0.0418702214032809
"101544",0.0335172549016364
"101565",0.0139938083054635
"101568",0.00875950607974361
"101592",0.0154540805924955
"101602",0.0975861324291134
"101604",0.0250525853699753
"101612",0.0124122393177377
"101613",0.124567474048443
"101631",0.0104382524621998
"101685",0.0219647387935533
"101694",0.00996752956053126
"101700",0.0498209240431518
"101706",0.00345286499890216
"101739",0.00509933739032215
"101744",0.123319053297918
"101772",0.0543133636097358
"101809",0.00892378652736233
"101831",0.0218862021707071
"101835",0.0426626263547369
"101861",0.0083079190652877
"101867",0.0350757548918884
"101869",0.0119612653978681
"101883",0.0472260327276177
"101943",0.00495616
"101966",0.0174420196076076
"101985",0.0358071417581701
"101994",0.00786766844472922
"102032",0.0171467629289239
"102058",0.00713086419753086
"102060",0.0176491866788023
"102075",0.167284526941282
"102093",0.0087828588209979
"102098",0.0072093300649138
"102103",0.00943149767664345
"102115",0.0148741237684933
"102122",0.00611093509768872
"102124",0.0338191252535093
"102141",0.00506987954653188
"102162",0.0105267304642165
"102182",0.0133885292347441
"102193",0.00830070246306232
"102209",0.013880969840548
"102247",0.00367984969723183
"102278",0.0249483463039337
"102294",0.0255291913684821
"102323",0.00623854890079394
"102334",0.0117283562190508
"102339",0.00801446200664393
"102371",0.394784243088731
"102402",0.110453650358177
"102414",0.00954860297783085
"102423",0.0259067890520712
"102436",0.0238676863648502
"102442",0.0125558144566092
"102448",0.027348783793709
"102462",0.0113963213988904
"102502",0.0272763420532767
"102545",0.0725279523198313
"102566",0.00817197965186784
"102580",0.00786236016404184
"102595",0.0165377374496522
"102607",0.00454979305977905
"102614",0.0289690008529064
"102626",0.0891193427359852
"102632",0.00672992866358371
"102644",0.0239999698120368
"102657",0.0188894150509221
"102680",0.046190636939259
"102688",0.239941677813627
"102693",0.0116839550646731
"102747",0.00537853931390849
"102774",0.00478520482874174
"102791",0.0123883459202846
"102857",0.00472741424798223
"102866",0.00651239231374897
"102871",0.542995615337872
"102920",0.41176918427704
"102941",0.00750076381260404
"102954",0.00830919595047359
"103012",0.0155880072251985
"103080",0.0371718864648436
"103098",0.0103788155326782
"103135",0.0142408924040516
"103136",0.0110886090352001
"103140",0.0669320774294208
"103142",0.337610953926899
"103172",0.0140417248124684
"103175",0.419176814460349
"103199",0.00744592141242867
"103213",0.114735111828276
"103220",0.149493959089332
"103236",0.00880436778660977
"103266",0.0100374882520445
"103268",0.0599076694481007
"103284",0.0163702116564069
"103406",0.00741443115014001
"103425",0.0115848989804408
"103466",0.0103037917715758
"103468",0.0117107963421834
"103511",0.0215607557415389
"103534",0.00485781590274271
"103537",0.0129585608469751
"103551",0.0283189257463382
"103554",0.00724850676633271
"103573",0.0112085727039118
"103583",0.00624132848665073
"103655",0.25694269624941
"103677",0.00615837841098755
"103694",0.0048748072396721
"103710",0.0107257281036097
"103711",0.00639726875069791
"103712",0.00753411443090295
"103724",0.0125226757369615
"103729",0.147947319703818
"103733",0.0140437890032046
"103737",0.0233995993589111
"103742",0.01
"103743",0.0237188287667908
"103765",0.039363729934983
"103768",0.0109406048944215
"103784",0.0226920692176853
"103806",0.0178340257916884
"103836",0.0182722056692807
"103841",0.00990201072552263
"103844",0.0617357827497919
"103850",0.00787583743498761
"103948",0.0737401697254222
"103949",0.0737401697254222
"103963",0.00417601152354724
"103967",0.0072951269570473
"103968",0.471957084131249
"103978",0.00600947767919863
"103988",0.074645571555822
"104009",0.00991822647934843
"104010",0.0150481498258723
"104015",0.0121878510782528
"104027",0.00424512700605803
"104069",0.0069658914419658
"104079",0.0310602745461578
"104080",0.205699135905589
"104082",0.00774411948450705
"104086",0.0442166599643233
"104099",0.0409092631619268
"104103",0.341941824890878
"104110",0.0449683135740468
"104111",0.00686332522189738
"104112",0.00986740478168741
"104130",0.0119765998529421
"104156",0.00880482339076507
"104174",0.00955427865175042
"104175",0.00824903324444185
"104184",0.00808057624805997
"104215",0.0100079412345491
"104248",0.00630908283937764
"104252",0.0341374197662319
"104263",0.0105987467932239
"104271",0.190320226852825
"104303",0.00319751313796733
"104318",0.00438056401921789
"104346",0.0108655041649998
"104348",0.0239031116369056
"104349",0.0670279868559737
"104362",0.0951533142675334
"104366",0.268522680388387
"104367",0.294499344792688
"104383",0.0139022984461098
"104394",0.00777047345384076
"104401",0.0110207608382589
"104416",0.00454389565943697
"104418",0.0042739053670124
"104444",0.00832742991802686
"104445",0.0176185508342582
"104457",0.0156072594394092
"104458",0.0075526304818171
"104479",0.0132609084426036
"104570",0.0177528527506595
"104582",0.0151998498780259
"104601",0.0883635958546175
"104625",0.0106171736499799
"104662",0.013046391001651
"104681",0.0245488515808443
"104709",0.0546083102493075
"104718",0.00493683261966442
"104721",0.00374378604057542
"104725",0.0112189747417635
"104732",0.111644529024906
"104759",0.0773432302790518
"104771",0.00669869947638339
"104776",0.00712784324941278
"104799",0.00712564429312247
"104806",0.0307927423713027
"104816",0.23275949357363
"104831",0.0117727517840734
"104836",0.0169883956817012
"104859",0.0061860876152001
"104871",0.0100385052588652
"104884",0.0170304480278898
"104885",0.00877570308876083
"104886",0.00432942416091484
"104910",0.0487369695652338
"104923",0.0106602261189817
"105000",0.00940285011424912
"105005",0.00573537219698652
"105014",0.0127114571318724
"105083",0.0180483297987705
"105120",0.367888632956523
"105148",0.00718445475856967
"105171",0.0201696784417787
"105193",0.014396211274107
"105203",0.0114531868038736
"105239",0.0066044473684193
"105243",0.179770806686675
"105245",0.00641488879026882
"105246",0.0090057794751594
"105278",0.0240636581978346
"105298",0.00424685149474481
"105348",0.00763587826466772
"105349",0.104588821368917
"105351",0.00969966857216198
"105352",0.0115327959447341
"105364",0.132608602570532
"105372",0.0127862040760998
"105377",0.0127454904690731
"105387",0.105660717304673
"105428",0.00617743843363575
"105439",0.0146178685161432
"105440",0.0279954995664451
"105445",0.00803209317322726
"105446",0.0133512223096908
"105450",0.0445423575880263
"105501",0.0116378328741965
"105504",0.00603675023144357
"105513",0.00666305833311939
"105522",0.0117792868874419
"105559",0.0107396032068757
"105638",0.00844777249134948
"105651",0.052393426378816
"105653",0.00287112375648275
"105663",0.00882109879873469
"105670",0.00836945994753249
"105675",0.0128159487362051
"105689",0.0101454318975918
"105722",0.00843332892280207
"105727",0.00822592748210724
"105732",0.134267093835061
"105734",0.0319782274673275
"105782",0.01012074060547
"105785",0.370510396975425
"105787",0.0150252285825395
"105827",0.0146386849536487
"105833",0.0529103067006299
"105835",0.0117692159621488
"105837",0.0657607339075988
"105841",0.0214135677765507
"105844",0.0231797990924438
"105847",0.0139088779880887
"105853",0.00960580100326213
"105855",0.019002172228469
"105859",0.013840830449827
"105975",0.106702382721355
"105988",0.142663231410175
"106014",0.00520514037337545
"106021",0.015406798189581
"106025",0.00872479169182466
"106026",0.227369439991437
"106039",0.0108648367621938
"106042",0.00561531425061261
"106052",0.0372968117333511
"106064",0.0080144299547896
"106068",0.00531562991063634
"106073",0.0116512808818812
"106143",0.00767661965075996
"106200",0.00952859840906246
"106205",0.00943639341074082
"106248",0.0122394801162637
"106264",0.00962566336533261
"106298",0.00466389054134444
"106326",0.0135603090043358
"106338",0.0217764545209983
"106344",0.0886441513316955
"106347",0.535303221001947
"106369",0.0162133040291783
"106389",0.118524227901912
"106393",0.0178857960155443
"106489",0.0131111240603694
"106504",0.0104574129163165
"106512",0.106608127772512
"106522",0.0191953340358878
"106529",0.00583033969398968
"106564",0.0308058025198239
"106565",0.0116907786485562
"106572",0.00606127572943017
"106581",0.0159514275070751
"106582",0.0765352996568214
"106583",0.00809377282360125
"106585",0.0129132231404959
"106618",0.0137961225475624
"106628",0.0282299210153506
"106633",0.00908072940527046
"106639",0.0251896244845022
"106648",0.0162652436064695
"106672",0.0155139879180861
"106707",0.007744
"106757",0.173426189653143
"106759",0.0305781417587862
"106763",0.00672933014158373
"106766",0.111111111111111
"106794",0.00735768089419003
"106795",0.107683183815624
"106821",0.0187209725754884
"106840",0.00818676960059172
"106861",0.00525265146027867
"106869",0.0492797304744011
"106877",0.0165121577531798
"106878",0.018858099208295
"106894",0.007744
"106931",0.00730804042543941
"106947",0.00648406189469524
"106952",0.0164886844351379
"106957",0.0147205548610107
"107003",0.24692367989559
"107022",0.0117984192390205
"107029",0.0087574621766582
"107035",0.00655561741860699
"107045",0.00729966964026404
"107047",0.0136030350517973
"107065",0.0118367456959777
"107071",0.0132427736821445
"107094",0.00546699556062966
"107173",0.00696675589816788
"107182",0.0122042910149476
"107197",0.0154969582549278
"107227",0.0276160443352685
"107239",0.0274168847814635
"107242",0.0112936061440929
"107250",0.057936308099165
"107260",0.0052832010454086
"107271",0.00497760548007076
"107272",0.00624464790660436
"107305",0.0110522326742043
"107321",0.0946167379260438
"107328",0.0263812888252021
"107338",0.00546697951043994
"107350",0.126714639456781
"107351",0.0108871629632668
"107358",0.00558823733032035
"107368",0.00987146874941327
"107371",0.00609801256822147
"107372",0.43422000817784
"107373",0.101160545024805
"107375",0.0367361111111111
"107376",0.0800572329748338
"107392",0.0123249212539108
"107435",0.013221890045765
"107448",0.0102496436545817
"107449",0.0184771649706715
"107476",0.00529983236747539
"107477",0.291429119802119
"107503",0.0211267633448542
"107508",0.00464876033057851
"107513",0.00492277381531607
"107515",0.0192539509958934
"107522",0.0148756365660646
"107526",0.864129757361437
"107527",0.21007566002247
"107528",0.00685108908821684
"107566",0.00361923110191692
"107568",0.00840640709542375
"107569",0.00901188560781072
"107581",0.0503246911647285
"107585",0.0742731846187475
"107586",0.160407124517394
"107589",0.0237363550645899
"107607",0.0260678372673501
"107650",0.00528190672905675
"107652",0.00953665592132857
"107656",0.0466121194475247
"107684",0.0122603896026149
"107686",0.0142024385500159
"107701",0.00746493977322315
"107702",0.0156984084026089
"107723",0.00912716557284797
"107732",0.00807201684870359
"107733",0.0135966041991535
"107734",0.010123657672505
"107746",0.00559551119102238
"107747",0.0146711814565832
"107751",0.544166416533276
"107766",0.576503852864837
"107767",0.00625029757785467
"107769",0.0467377552881604
"107770",0.0944753462603878
"107771",0.0156467240154516
"107815",0.360999946102543
"107817",0.00992168835877529
"107823",0.00786665132858184
"107829",0.00936231217076314
"107831",0.00641593029875498
"107869",0.0590760030864198
"107885",0.103452117179733
"107895",0.0061904871595696
"107932",0.00368692362042098
"107934",0.0125972584380658
"107939",0.0110371951949343
"107951",0.00573059061298135
"107971",0.0126494877636929
"107975",0.00415759819173959
"107976",0.00767508687318737
"107986",0.0353004650480764
"107993",0.0851677167685399
"107995",0.25
"107999",0.0164684086791856
"108000",0.140625
"108011",0.0169252521444057
"108012",0.00905761894617621
"108013",0.00375062478520019
"108014",0.00879642150861417
"108015",0.355095842713175
"108030",0.0115191152774183
"108037",0.0129620985865503
"108043",0.547074682259025
"108052",0.0251643583399712
"108058",0.0267489351770617
"108062",0.0102664576124567
"108067",0.0163742952763864
"108068",0.0335880408788444
"108069",0.0119989518868318
"108071",0.017308840277836
"108073",0.00835240799661801
"108075",0.00799788485689735
"108077",0.00620477797433008
"108079",0.0119861082626738
"108083",0.00420505771762047
"108086",0.00553320424615374
"108089",0.015812686005235
"108097",0.0118292095535253
"108098",0.0115914024555887
"108099",0.00487885444007204
"108100",0.00320304429410947
"108101",0.0279802732429432
"108105",0.243355779018132
"108112",0.0617758348854568
"108114",0.395361264224201
"108115",0.0817161860852425
"108116",0.0114054105005184
"108121",0.00838493343106625
"108123",0.00392161138358509
"108124",0.00577437388855506
"108138",0.0146079749623961
"108143",0.00506750933639759
"108147",0.00888973396889379
"108148",0.0101791677696869
"108150",0.0243083134523498
"108151",0.0312537750155398
"108153",0.386336377409309
"108154",0.0502572822617998
"108155",0.00941715641140335
"108156",0.006103515625
"108159",0.013595744348451
"108160",0.0196429760173991
"108645",0.00650736780947932
"108652",0.0264014669089443
"108653",0.0106463770815306
"108654",0.0146176592641962
"108655",0.0114795918367347
"108657",0.0158349478378346
"108660",0.00374843815077051
"108664",0.00410456157230313
"108670",0.436964447089422
"108671",0.0086569315495516
"108672",0.0261304686000932
"108673",0.0128291393482072
"108679",0.0052454614968998
"108682",0.0113354399760005
"108686",0.0116215291734893
"108687",0.0140630208331022
"108689",0.011599892011901
"108705",0.00579999393187956
"108707",0.00815099327079661
"108723",0.386156937812317
"108735",0.00669395200473041
"108737",0.0064402999282238
"108755",0.0154635023759027
"108760",0.00310808914070698
"108767",0.0101246093900698
"108797",0.0236859717311207
"108800",0.0261200687721038
"108802",0.206254265394332
"108811",0.0821178065993623
"108816",0.0540071414401904
"108829",0.0160666546086286
"108832",0.0278133333296948
"108837",0.00862288348575751
"108841",0.014988385711813
"108853",0.0287612108443055
"108857",0.0170365119391516
"108871",0.0193962117952315
"108888",0.00570339626736111
"108897",0.0153088849109536
"108899",0.00693240379747692
"108900",0.0670736856936166
"108902",0.00378982586189793
"108903",0.0084778288230232
"108907",0.0909558113553175
"108909",0.00582248673408494
"108911",0.00370258403487814
"108912",0.479147436956409
"108927",0.0169899586010137
"108934",0.00411608757234959
"108937",0.00699504132231405
"108943",0.0398973701513246
"108946",0.0054607874702914
"108954",0.00943572052738631
"108958",0.0093086357083131
"108960",0.0117742540430657
"108961",0.496452728924684
"108989",0.00872100447898079
"108995",0.214207238705933
"109006",0.00801852036701875
"109019",0.0194149426568637
"109032",0.105826115368283
"109042",0.0224585305663461
"109050",0.00547714582225313
"109054",0.0167990544816199
"109065",0.0287828106628355
"109075",0.0115813862735155
"109077",0.0107817356458017
"109079",0.00806405841108175
"109082",0.0170313387007504
"109093",0.0100126702553022
"109095",0.0107331370407057
"109108",0.00343230282624222
"109113",0.00589314493489971
"109115",0.0179615261983208
"109129",0.009681928988237
"109135",0.00646564585629677
"109136",0.00819675827486491
"109145",0.020055798723646
"109151",0.0124065325443787
"109154",0.00448403840877915
"109161",0.00695808105273599
"109168",0.0205402759695331
"109169",0.00945091772875027
"109181",0.01155625
"109202",0.049440221390712
"109205",0.00544075414527397
"109222",0.146743814892988
"109225",0.530961385621679
"109229",0.0102312062359625
"109232",0.00534782641424216
"109241",0.00749596684776377
"109242",0.215736471369344
"109245",0.139392765844308
"109246",0.00986289793718472
"109263",0.01303903493811
"109264",0.00605076883799386
"109267",0.165398713661262
"109270",0.049663172343468
"109272",0.149144969612578
"109275",0.0324459248702118
"109280",0.241017421458517
"109284",0.00278962507439
"109294",0.0158679349429593
"109299",0.0054980903046844
"109305",0.0234540976240598
"109323",0.247835387885424
"109331",0.00849553568307923
"109333",0.0215658467406719
"109334",0.389397547392279
"109342",0.577807173599482
"109344",0.252888134597046
"109346",0.029211507706742
"109349",0.0243753204404773
"109359",0.00801900050879077
"109552",0.0079125746949933
"109593",0.00888966027550355
"109594",0.0172410145890932
"109620",0.0701831694963932
"109624",0.00970633868285844
"109637",0.454158790170132
"109648",0.0544395265803055
"109652",0.0278451913624516
"109658",0.0045830542970343
"109660",0.770614988276344
"109672",0.0121076136540511
"109674",0.00526445858921079
"109676",0.00712804790048189
"109685",0.218752724143992
"109689",0.00817441213001256
"109700",0.0842487836949375
"109711",0.00829298376717714
"109731",0.00807863643287953
"109754",0.0118476516645653
"109778",0.0164178224487018
"109785",0.022128925720232
"109801",0.00452842382337273
"109815",0.00697047795280868
"109828",0.175314297085284
"109857",0.0208163164278112
"109880",0.0101417329425986
"109889",0.0189146555795338
"109900",0.0133975453282922
"109901",0.294316093265299
"109904",0.0554925243733478
"109905",0.0101569971641024
"109910",0.00803253230210376
"109929",0.0218431416673098
"109934",0.00509432652400103
"109959",0.565583030675607
"109979",0.0448357281625817
"110006",0.0197242054759537
"110012",0.0301817006607297
"110033",0.171563232086559
"110052",0.0145325654690427
"110058",0.0087050903429038
"110074",0.0109077310216186
"110075",0.102414526368035
"110078",0.0053722072903072
"110082",0.0833750298637313
"110083",0.352935872955666
"110084",0.0270487476540471
"110094",0.0181289109716944
"110095",0.0526694072861126
"110109",0.00861791075434408
"110119",0.00818403056032173
"110147",0.00543349665109206
"110153",0.496527002590314
"110157",0.00501335420584575
"110172",0.00629106581927095
"110173",0.0170277239563084
"110175",0.0171656923123368
"110196",0.00762950627728164
"110197",0.00612051492828899
"110198",0.0159686660766601
"110208",0.0141222124373283
"110213",0.00354704631389684
"110253",0.0316196850305839
"110257",0.0389066576887467
"110265",0.00856658190124931
"110279",0.00527649395981551
"110304",0.0562737133405815
"110308",0.131000397802569
"110312",0.786233590425567
"110323",0.0103625927675351
"110326",0.0923449684100604
"110332",0.260041408514345
"110333",0.237005502737774
"110350",0.0211710198482685
"110351",0.0086713344
"110355",0.00620588551958192
"110379",0.00945216049382716
"110380",0.00659197946543546
"110385",0.0516692721060575
"110391",0.00917119213760807
"110417",0.032078413900646
"110446",0.00466999768572699
"110454",0.0267615836937196
"110460",0.0150342488779675
"110521",0.0128890999510088
"110524",0.0118636398332191
"110532",0.00729371902883019
"110542",0.166736111111111
"110557",0.426027186591771
"110593",0.00985963698997942
"110595",0.0117889854924269
"110596",0.0068031384529341
"110606",0.00850119428510019
"110611",0.00330632347344678
"110616",0.015625
"110637",0.00941189574515482
"110639",0.0103620114634304
"110651",0.0142239255521987
"110695",0.00451502792877307
"110749",0.497245772968468
"110750",0.0057017218628694
"110751",0.392023678527652
"110784",0.0121610294017526
"110789",0.061642377229597
"110796",0.0140484419897693
"110809",0.0077892849370315
"110816",0.00708747410199777
"110821",0.00859510074187036
"110826",0.010404
"110829",0.0132242266421065
"110834",0.111925109204603
"110835",0.0565473251340459
"110842",0.00690310855741703
"110854",0.00620601814917541
"110862",0.0156930008358999
"110876",0.0132633852702718
"110886",0.00582582408304805
"110891",0.00659522462890501
"110893",0.014057278034183
"110895",0.0211548618485912
"110902",0.135542947226916
"110911",0.00555534122911925
"110920",0.0115681200710479
"110935",0.643337673611111
"110948",0.0197435743794475
"110954",0.00823538272455194
"110956",0.140637111099144
"110959",0.0073687594752536
"110960",0.0071414401904384
"110962",0.0126855202471027
"111173",0.00878339186823905
"111175",0.0436842358093957
"111970",0.0140744753221304
"111975",0.375050653983353
"112403",0.0165628160356251
"112405",0.00482397160834192
"112406",0.010143253249281
"112407",0.0405992425930051
"112415",0.0128888685302417
"112418",0.464938635698785
"112419",0.314279155188246
"112422",0.549035300510392
"113868",0.0116873630387144
"114128",0.0048784061137564
"114142",0.172311804118485
"114143",0.00858375192307887
"114229",0.0408671834700416
"114249",0.0419848735793922
"114255",0.0126588622483511
"114301",0.0133521611417499
"114332",0.42863320914603
"114479",0.0190291561855227
"114565",0.00992240572474999
"114570",0.0992595493678486
"114584",0.0457465494719539
"114585",0.0213773877276325
"114601",0.0176671853383065
"114602",0.0541191394367607
"114604",0.016259533518505
"114606",0.10658798183993
"114615",0.0128692287019618
"114641",0.0171211137068139
"114642",0.0101062611136357
"114643",0.25
"114644",0.0428061831153389
"114654",0.273476393224168
"114663",0.0712344073360987
"114664",0.0108282362191805
"114668",0.329953629539078
"114674",0.0110803324099723
"114679",0.0155275037573774
"114713",0.0126688151518697
"114714",0.0806266878571911
"114715",0.00891293135665017
"114716",0.00914015903973872
"114741",0.00581160578849525
"114774",0.0970003767313474
"114863",0.00583470460651503
"114873",0.00545866803616674
"114874",0.00621976831688638
"114875",0.0700692041522491
"114886",0.00808273624902871
"114893",0.0101304765670781
"114896",0.0085901249256395
"116701",0.0132160503327317
"116731",0.149825215406356
"116733",0.00465666974698042
"116748",0.0557017621022282
"116837",0.0107234146722414
"116838",0.00844240412121429
"116847",0.013779715610176
"116848",0.0134205261429126
"116870",0.0068825576731244
"116871",0.00604799229308873
"116873",0.00679720342901121
"116891",0.0113120283893749
"116903",0.522589302615669
"116904",0.422702096700583
"116905",0.0143640673876755
"116914",0.0205910986942461
"116939",0.0255633012857948
"116940",0.0147048400570443
"116972",0.035975532662517
"117109",0.0121473580760782
"117146",0.00632829188233809
"117148",0.0114619883006626
"117149",0.117208974229173
"117150",0.00443323001122845
"117160",0.0114604057520878
"117171",0.0123214895907493
"117197",0.0258790170132325
"117198",0.00848337950138504
"117229",0.0627730815994522
"117589",0.0144802413120891
"117590",0.272836247790412
"117591",0.0586728699782396
"117592",0.0155170555908095
"117599",0.0509692747357335
"117600",0.0191165027894428
"117606",0.0204259520317447
"118445",0.00555381414975294
"118446",0.0190265685068361
"118449",0.0467343241063667
"118451",0.00834752894838577
"118452",0.0115643743540575
"118453",0.0599734402317369
"118454",0.025852158764969
"121021",0.00906222692215144
"121022",0.0159038097302951
"140476",0.109776455218464
"140481",0.00528725742417568
"140482",0.0106243923189411
"140483",0.0167425410078698
"140484",0.0112122800385084
"140488",0.0955975063436735
"140492",0.00623237217856486
"140493",0.0512133746511537
"140494",0.233120391157831
"140497",0.0717772537145408
"140499",0.0138816287488531
"140500",0.0058680379300091
"140546",0.00946432778418638
"140557",0.479300096190714
"140559",0.00649536856381059
"140570",0.0120097579283168
"140571",0.020742411549075
"140577",0.00992182095109018
"140579",0.0073621105603721
"140580",0.0106032086793586
"140629",0.012279182637155
"140630",0.00579351402091376
"140703",0.0665184111107431
"140709",0.0827294116026989
"140721",0.0138363580916851
"140723",0.0289572739951609
"140740",0.00633074893152262
"140741",0.362749830876263
"140742",0.0110187212489061
"140743",0.0172078532290477
"140780",0.015931128328561
"140781",0.0376255677142204
"140792",0.0508771789374025
"140795",0.110045303254438
"140810",0.00884995331938367
"140858",0.00912132306526954
"140859",0.0665972944849115
"140887",0.0352335975940066
"140904",0.0184596239321254
"140917",0.0273229026567761
"140919",0.0744362695039613
"142682",0.0074194884799703
"142687",0.75799916955193
"142688",0.0050740357495686
"142980",0.0307223630691737
"170439",0.0236093351039811
"170441",0.0701717281663636
"170442",0.0662914519751618
"170459",0.0191857710691449
"170460",0.0145172560146419
"170461",0.0625645094656972
"170472",0.0126233993450627
"170483",0.308384290514773
"170571",0.0163641853735947
"170574",0.146701736618502
"170625",0.0094412299824616
"170638",0.00316079779014227
"170643",0.0431185203847917
"170644",0.00605200160732258
"170658",0.737808007499488
"170676",0.0459111715205291
"170677",0.0440153144698486
"170706",0.163248648097133
"170707",0.00686584355565405
"170711",0.00506579197325262
"170716",0.0235656760907837
"170718",0.0040694491172953
"170719",0.00944197223211107
"170720",0.634556076759273
"170721",0.147350864712669
"170728",0.0139607504422427
"170729",0.00986254458977408
"170731",0.00591315593376515
"170732",0.342793378809502
"170735",0.104604656316222
"170736",0.00839111939863644
"170737",0.00582651054736677
"170738",0.0243109568968922
"170740",0.0114313869308692
"170742",0.096706504545991
"170743",0.0749736019745714
"170745",0.496678080692061
"170748",0.0657889188733345
"170749",0.0113907223219422
"170750",0.00695924346943207
"170752",0.0295760005408329
"170753",0.0128269471898816
"170755",0.0253065379911474
"170756",0.0214395467858657
"170757",0.0185780634265341
"170758",0.0366769151552511
"170759",0.0166231557295993
"170760",0.00699794464892072
"170761",0.139777076188682
"170762",0.0144568508504403
"170763",0.0196486801067816
"170765",0.491708804283165
"170767",0.0118774264982532
"170768",0.0105891650576039
"170770",0.0468222792362604
"170771",0.0331096376361186
"170772",0.0137226415267235
"170786",0.496273491271211
"170787",0.0156809534019668
"170789",0.0364292150776505
"170790",0.00612255439365829
"170791",0.00798625580011898
"170799",0.0978721841518879
"170822",0.00508857008737473
"170823",0.0140710034993226
"170826",0.024739249847475
"170833",0.0116419311554128
"170835",0.0190362120982337
"170930",0.00659799026991769
"170935",0.0763523997714262
"170936",0.012797037918686
"170938",0.00976358157141338
"170942",0.214105685111015
"170952",0.057872018511926
"171095",0.0579193701368957
"171167",0.0547474622517271
"171171",0.0147409150045937
"171180",0.0133112076256214
"171207",0.0391871102604609
"171210",0.0256442033663315
"171211",0.278647351371835
"171212",0.0137392859414342
"171281",0.0512038635807247
"171282",0.122636224621115
"171285",0.0507317837830852
"171286",0.16675799464439
"171429",0.0150661024246262
"171463",0.0802777777777778
"171469",0.00587363538170213
"171486",0.00711983393472587
"171504",0.127983910035656
"171508",0.00920139709357278
"171531",0.0712289443832144
"171543",0.0898320112358669
"171567",0.0103007351303186
"171580",0.0188523476753202
"191578",0.0192860647279692
"192119",0.0131816184029636
"192120",0.146820556008785
"192136",0.0435627878827618
"192156",0.0231969783120434
"192157",0.0123543792791739
"192159",0.00408170884649212
"192160",0.00413850460464928
"192161",0.168091316737622
"192163",0.0458011180335275
"192164",0.0405909794377871
"192166",0.0255827985894323
"192167",0.00822962844273532
"192169",0.00821688600308385
"192170",0.00643956713915562
"192173",0.0111564595129092
"192174",0.00978142736384495
"192176",0.0139569497025419
"192185",0.00528505253771571
"192187",0.0202548109689355
"192188",0.164490129346948
"192190",0.387587777121772
"192191",0.00688392669857554
"192192",0.0225943759657599
"192193",0.00839323729852671
"192195",0.0182025826905126
"192196",0.0204525121380931
"192197",0.00401323259129418
"192198",0.00456812269088336
"192199",0.0870428708642071
"192212",0.416323945558226
"192216",0.0113185043268964
"192231",0.00605067552637129
"192232",0.0138083211705038
"192236",0.0258775763888079
"192285",0.00658114255187689
"192287",0.0113441406113231
"192289",0.0464005439891932
"192292",0.00431431731976283
"192650",0.00619383265943173
"192651",0.0141503544710606
"192652",0.0107662697569798
"192654",0.0129951971954969
"192656",0.027040890951267
"192657",0.0109338314734017
"192662",0.00942595909133754
"192663",0.00490544898484458
"192678",0.0176488536297215
"192734",0.018607235191505
"192775",0.0299458649622065
"192786",0.0106555671175858
"192897",0.0356286767277815
"192950",0.00705927942944841
"192970",0.0489078178471573
"192976",0.0211420649036009
"192986",0.0115722809384701
"193003",0.0583731283026267
"193043",0.0161746219592373
"193116",0.00577511901604605
"193280",0.0431740861719414
"193385",0.00667286598828683
"193452",0.0595341248946877
"193670",0.00744841815802286
"193736",0.0374941074657529
"193740",0.0316851969594488
"193742",0.00959999781004076
"193796",0.00855783471083607
"193813",0.00550442895902542
"193838",0.0180500168257711
"194126",0.0268716215180998
"194231",0.60675081971785
"194237",0.0183204644722942
"194268",0.0139538163521804
"194309",0.016742850206062
"194388",0.0178292682126908
"194401",0.00968751937503875
"194590",0.00996407905516297
"194655",0.0529846964507509
"194908",0.326563155472708
"194952",0.0119912422125445
"195018",0.00706158575713759
"195040",0.00653803004062783
"195046",0.416462704698462
"195208",0.03515625
"195209",0.116148200070806
"195434",0.0960576998794662
"195522",0.0355854169323881
"195531",0.0545935126513076
"195646",0.0280561398462215
"195727",0.0778378827127743
"195733",0.0120594991360725
"207165",0.010997253056814
"207175",0.0203684006575739
"207181",0.0162916619843534
"207182",0.00663788464604592
"207212",0.00751140123581964
"207214",0.0131126522079319
"207227",0.00744174218862617
"207259",0.0639585273550422
"207278",0.0131225891066449
"207304",0.00889737488016964
"207318",1.05805160001582
"207352",0.00864530503048112
"207375",0.0104352999916167
"207393",0.00591881225503587
"207425",0.00473473573374981
"207474",0.054904258093647
"207495",0.0770389186656308
"207521",0.00757156246583836
"207565",0.00909120612008457
"207592",0.00808755282550347
"207596",0.0159962871919277
"207607",0.078500181014168
"207615",0.00851964871827527
"207683",0.00736376061036084
"207686",0.0188660457562573
"207704",0.0320547416670684
"207728",0.00368734517824116
"207740",0.0093478512368259
"207742",0.0836797538637384
"207777",0.0103950989700726
"207781",0.0160744895441664
"207785",0.00962547744390937
"207792",0.0312204039350906
"207798",0.0724320323181674
"207806",0.014065300265143
"207818",0.168052121990249
"207819",0.0670990940929942
"207839",0.032383551871587
"207911",0.0104831144940537
"207921",0.0631977476889682
"207932",0.0220814044894751
"207952",0.0212176652264405
"207958",0.00685626191731916
"207965",0.0180778193630393
"208043",0.0186881402652864
"208076",0.00673083872353663
"208080",0.117263881710649
"208092",0.0103707682553408
"208104",0.00761461918352852
"208111",0.0941952472976704
"208117",0.00960659620192097
"208144",0.0135126198330438
"208146",0.00759626135469879
"208151",0.00679849706136706
"208154",0.489411024972248
"208158",0.00686556377191204
"208164",0.321419866067813
"208166",0.397799787653962
"208171",0.142300559077085
"208177",0.0317178085797194
"208188",0.184931794342646
"208194",0.00995651815501359
"208198",0.0108526647008196
"208211",0.00788966161580845
"208213",0.0442055662222133
"208228",0.0187269329427179
"208263",0.0105333604769328
"208266",0.00695948509608983
"208285",0.0494915484484465
"208292",0.012318930717716
"208366",0.0378766553488208
"208372",0.56530723207267
"208431",0.0399919244940396
"208439",0.00664997100633234
"208440",0.00808356316431386
"208449",0.0106555671175858
"208501",0.0282800957004235
"208518",0.0146069266548715
"208583",0.133325477653396
"208595",0.0774398076036245
"208606",0.00660537476563074
"208613",0.508463408563901
"208618",0.00579562955254943
"208624",0.0242158727478402
"208628",0.0847819584221599
"208638",0.0113386254921997
"208643",0.0072829646475643
"208647",0.0175325332183093
"208650",0.015724842616254
"208659",0.0134466278951127
"208666",0.00789264429490449
"208677",0.0884290332011846
"208691",0.0092226629138778
"208715",0.0047316489268583
"208718",0.00750371599335745
"208727",0.00751153548565295
"208748",0.0127043458616183
"208768",0.0163770117296593
"208777",0.0254742005684671
"208795",0.0146703259816373
"208820",0.0294651636356601
"208836",0.233245875762889
"208846",0.00960767918441286
"208869",0.00803111061718067
"208884",0.00867406230200125
"208890",0.383067042300699
"208898",0.0642370261085476
"208908",0.067982829532757
"208922",0.009072843515101
"208936",0.315327005157658
"208943",0.244956571598462
"208967",0.00760667400355996
"208968",0.0274658522406446
"208982",0.01830405699296
"208990",0.141732234709472
"209003",0.0345472380726252
"209011",0.00922601893578846
"209012",0.0394955723975923
"209018",0.00443871258356748
"209027",0.0946745562130178
"209032",0.0510461590080321
"209039",0.0166324869911618
"209047",0.0552233228570858
"209086",0.14659842852023
"209131",0.0113021553850374
"209176",0.123995766358252
"209195",0.215621635398065
"209200",0.0668060572456005
"209212",0.0173108221442492
"209224",0.0132558773606897
"209225",0.00979670162080872
"209239",0.241334182060989
"209268",0.0220753008499672
"209318",0.0047858030771529
"209334",0.170497894829174
"209354",0.0132967086637416
"209357",0.0125958091518929
"209361",0.0133840740397814
"209378",0.0115418507656381
"209387",0.249259338043145
"209416",0.00753536868659773
"209446",0.00685468373952898
"209456",0.00760713128312003
"209462",0.0118730919020874
"209478",0.0175545501344543
"209497",0.0143214189733942
"209540",0.121822672562236
"209550",0.152756710391005
"209558",0.62299891397231
"209584",0.0225067542213503
"209586",0.00416233090530697
"209601",0.0160472087024304
"209630",0.010631450245152
"209645",0.0936622474531575
"209683",0.0230454347510524
"209692",0.025192260368864
"209707",0.0348002396351362
"209737",0.358441981811595
"209743",0.127620618999307
"209760",0.0152392124146445
"209773",0.00682894634253589
"209776",0.402839643736824
"209815",0.0167482321455866
"209837",0.16420161806474
"209966",0.00649942518093089
"210004",0.0295822949440229
"210009",0.0147063014535982
"210027",0.00963442863709185
"210029",0.0278310684663037
"210035",0.0536175838070992
"210044",0.00325587463152668
"210094",0.016422586649811
"210104",0.0279650867968468
"210105",0.0144923083635418
"210106",0.00720321112985674
"210108",0.0158717759096376
"210126",0.035506036418795
"210135",0.00747286634876834
"210146",0.00635370720436883
"210148",0.015430216946376
"210162",0.0270340959452489
"210172",0.0218515806578156
"210274",0.0049792200902606
"210293",0.0185618813660392
"210297",0.0156082484600622
"210356",0.0514189046744926
"210376",0.00560775363033437
"210417",0.0286845398894378
"210503",0.0765089784681131
"210510",0.188142116270605
"210529",0.0139016539477366
"210530",0.0370441693947935
"210544",0.0265164453694069
"210573",0.00671550790137539
"210582",0.011122050201224
"210622",0.0228861861877459
"210673",0.0075436972382023
"210710",0.211318517579813
"210711",0.0069551142507295
"210719",0.0450600990247319
"210741",0.0672363765208356
"210762",0.195561766159444
"210766",0.0122301821415893
"210789",0.0360550194023227
"210801",0.0201835909631391
"210808",0.0550390863511666
"210853",0.109579352601187
"210925",0.0195254354833757
"210933",0.00685738442671952
"210973",0.00924381639440871
"210982",0.0146629746771
"210992",0.00496969779601742
"210998",0.00814860728770535
"211006",0.0223342547078607
"211007",0.0057407098496946
"211064",0.0198933319540623
"211134",0.00794531389421249
"211135",0.372266490354107
"211147",0.0475118234880147
"211151",0.0117418437333781
"211187",0.0113346309962586
"211228",0.291614168751972
"211232",0.0527989133271412
"211253",0.0291168323010174
"211255",0.00862744882199089
"211286",0.0134566145979759
"211323",0.0576987605245017
"211329",0.00631249774272787
"211347",0.0146276054652588
"211378",0.0511859375476939
"211383",0.00914787963436795
"211389",0.0118654336734694
"211401",0.0197850501147204
"211429",1.03930721427893
"211446",0.00395199406859066
"211468",0.270069019392361
"211480",0.0357101037139091
"211482",0.375987620936242
"211484",0.0271420652688768
"211488",0.0111567639038186
"211499",0.0101019636532966
"211535",0.0562567510139259
"211548",0.00693096663210482
"211550",0.0348583170209745
"211556",0.00533575493031549
"211577",0.481038897604347
"211586",0.00630908283937764
"211612",0.030700729724976
"211623",0.7246265625
"211651",0.0335065924136956
"211652",0.00422803542552732
"211660",0.0240143257804272
"211673",0.00950328500026039
"211712",0.0121740856594744
"211739",0.00971677286323874
"211770",0.0261254181200938
"211798",0.0275821277374028
"211896",0.104830098697266
"211914",0.0143546145721054
"211922",0.00646566464895181
"211936",0.0543292347640515
"211945",0.0287126281843185
"211948",0.0202520313232318
"211949",0.0617278066408629
"211961",0.0391146227584833
"211978",0.00839669211599816
"211986",0.00658641261973714
"212032",0.0921393745627191
"212073",0.146422713951924
"212090",0.0142673393154876
"212111",0.00706487632968193
"212114",0.183495505600652
"212123",0.0144867903610531
"212124",0.109777473399445
"212127",0.0136426672041282
"212139",0.0116411493685841
"212153",0.0399604449962382
"212163",0.0113403704787078
"212167",0.0222161854129886
"212168",0.0134803405855041
"212190",0.105457540652567
"212198",0.0250137362939527
"212276",0.0235987685701756
"212281",0.0201420355637353
"212285",0.0130256260120082
"212307",0.00325262122881376
"212326",0.0166637834803898
"212377",0.116004313302617
"212390",0.0104949172020963
"212391",0.0176376929263482
"212392",0.259087589965913
"212398",0.0710805026487039
"212439",0.0827111332056983
"212442",0.0528426236674839
"212448",0.008650054852577
"212483",0.0108516398533568
"212503",0.04264722382924
"212508",0.0118013390865628
"212514",0.0142608621838837
"212516",0.0835482460331341
"212517",0.101593377658359
"212518",0.00356476312814153
"212528",0.00941869665713516
"212531",0.0317326853546831
"212539",0.130622481244962
"212541",0.269027282075416
"212547",0.0106856489532076
"212555",0.0240784780023781
"212569",0.0400830921951369
"212627",0.00540900914854148
"212632",0.0136018001100734
"212647",0.0134063546379708
"212670",0.0542114223669383
"212679",0.0846442134400328
"212706",0.014850250629151
"212712",0.0260140343371107
"212728",0.0380005780353119
"212772",0.0103804656208857
"212862",0.00707312764080823
"212880",0.0093547148896476
"212892",0.0934057065655992
"212898",0.0337759619765974
"212919",0.0154565376186998
"212933",0.0738852372930292
"212937",0.0743427177554057
"212943",0.0707891359243077
"212974",0.0323915033108606
"212980",0.735115852679001
"212986",0.0079941596125255
"212996",0.00576225904258819
"212998",0.409466926299437
"212999",0.00520992139612716
"213006",0.00981510414170557
"213011",0.0414284595504738
"213012",0.0170670125365256
"213019",0.0450208945608177
"213027",0.00542436157372063
"213053",0.00988959075123975
"213054",0.0288358846564614
"213056",0.0135188498548597
"213068",0.213228152356872
"213081",0.0154406358320787
"213084",0.0151344759580081
"213109",0.00694444444444445
"213119",0.0652732587214677
"213121",0.0231137078410266
"213208",0.0782972813736217
"213211",0.0135244790602352
"213233",0.0331154249152868
"213234",0.455277048286352
"213236",0.0812348680995141
"213262",0.0148837349278505
"213311",0.0717751801413697
"213326",0.00972853444444445
"213332",0.26588676647088
"213350",0.0100079202689788
"213389",0.119957230751933
"213391",0.0373994001551331
"213393",0.186030491253719
"213402",0.0556066573898456
"213409",0.60858336347093
"213417",0.0406812269544826
"213435",0.223459741169848
"213436",0.0527860478785146
"213452",0.0154799729671502
"213464",0.0115522856403668
"213469",0.0139954371345071
"213484",0.0115789724261059
"213491",0.00734144496720537
"213498",0.00798249413850602
"213499",0.00730979556514916
"213527",0.209694441139797
"213539",0.0248410791253904
"213541",0.0087890625
"213550",0.00851278589086831
"213556",0.0362156140471043
"213573",0.0592251411738986
"213575",0.0154153490019126
"213582",0.0108176733875176
"213649",0.0258890546024105
"213673",0.0042552005904247
"213742",0.0245498525506894
"213753",0.00788003562069673
"213760",0.00576830636116007
"213773",0.00975864849982213
"213781",0.667641438172635
"213783",0.0211168133866581
"213788",0.236849704647754
"213811",0.0261449290935517
"213819",0.00988622603749247
"213827",0.00635575019702585
"213895",0.0101772532579639
"213945",0.909899823115152
"213948",0.0358228882585102
"213980",0.199870012061269
"213988",0.0122197100779721
"213989",0.302776445039267
"213990",0.0042718612499466
"213993",0.009825923514766
"214048",0.0176985636119008
"214058",0.00742488983499674
"214063",0.0150014632571436
"214084",0.0255396396837259
"214105",0.471073224548959
"214106",0.459685210174826
"214112",0.049050974755545
"214133",0.0229802426061909
"214137",0.0246257602835064
"214150",0.00860507858784539
"214162",0.0175707000126163
"214189",0.210955386745346
"214230",0.00562798131702731
"214239",0.0215403084082077
"214240",0.0069541431275245
"214253",0.115431209556868
"214254",0.028570786121608
"214290",0.00908320164141082
"214292",0.025073492547854
"214301",0.40648898781135
"214305",0.0709692714917129
"214321",0.424991953111839
"214345",0.0243133975917222
"214359",0.0323121015810361
"214424",0.0286873994003047
"214444",0.0143675689825305
"214459",0.0198397849584699
"214469",0.00540304241716482
"214489",0.00873178463666957
"214498",0.0157925591237954
"214505",0.00834580070863061
"214547",0.0696524604102455
"214552",0.0136395119612126
"214572",0.00686052443628201
"214575",0.111084027354695
"214579",0.0073641045144629
"214580",0.0264921635707229
"214585",0.0174135301773819
"214597",0.0073231919823929
"214601",0.0769273158010498
"214616",0.036175093875974
"214627",0.0109769402533651
"214639",0.575845190603397
"214642",0.0900168641963372
"214663",0.0125580231579291
"214669",0.00630244108771003
"214685",0.0214659086009774
"214704",0.137904784705647
"214742",0.0128124550813802
"214763",0.146619727557924
"214764",0.00944838378404812
"214779",0.0424583957989499
"214791",0.0234193157429617
"214804",0.0531440059280043
"214812",0.015686318319372
"214854",0.0955066499437579
"214855",0.0167592238785699
"214895",0.00603192372263065
"214897",0.00732907994480101
"214899",0.0143312001989759
"214901",0.0807413450062865
"214917",0.0148546341757931
"214922",0.0337964531338737
"214931",0.00290931796048321
"214932",0.0171772281570004
"214944",0.0559223916865622
"214951",0.015625
"214952",0.00449329444986336
"214968",0.0134501973283828
"214987",0.00446740754859337
"215001",0.466406541701972
"215008",0.0055714470916398
"215015",0.00406750209991049
"215051",0.0161040387280659
"215085",0.00945233054794407
"215090",0.00520708710020841
"215113",0.00706041206804916
"215114",0.0100489595351534
"215160",0.00557666728177491
"215193",0.0205511271944838
"215194",0.00850728104619235
"215201",0.0171358179744692
"215210",0.0158547763286774
"215243",0.192297962047343
"215280",0.0167738041122142
"215303",0.015714979658552
"215335",0.00486238147848634
"215351",0.00849299763500876
"215378",0.0171150894212522
"215384",0.146043833283431
"215387",0.170977514811491
"215418",0.0174851444573458
"215436",0.0105058085748349
"215445",0.0053642962018723
"215446",0.0337678260213376
"215449",0.00743162901307967
"215474",0.00929221434838906
"215476",0.0142135677196671
"215494",0.0100604228232655
"215512",0.0228924040694208
"215615",0.0100138792488506
"215627",0.0341886601168445
"215632",0.116155768429821
"215653",0.00913335001845617
"215654",0.0188817902482612
"215690",0.0098552491953403
"215693",0.0252117874830663
"215705",0.0343872933731855
"215707",0.00755432058520608
"215708",0.0105497103788212
"215714",0.508245239742881
"215748",0.0537636097841768
"215751",0.0172462125094418
"215772",0.529292585251804
"215789",0.0214472435103017
"215798",0.338608985060472
"215814",0.0157251102106934
"215819",0.00578621169322004
"215821",0.084283390251148
"215890",0.00828168222979423
"215928",0.534997671142857
"215929",0.196025872618146
"215951",0.0121489764984429
"215999",0.00976722952140657
"216001",0.00419845180919312
"216011",0.00909309327369454
"216019",0.044597403445671
"216021",0.0983708311749144
"216028",0.011303999964444
"216033",0.213610537477682
"216049",0.00860517588711859
"216080",0.00654586873173749
"216119",0.0495278098923216
"216131",0.00616542989542807
"216134",0.00721386225940156
"216136",0.0121815194978231
"216148",0.00806679018309766
"216150",0.0158887084245463
"216151",0.00790217109376261
"216152",0.0135882303613654
"216154",0.00892458960691457
"216156",0.00934084454292937
"216157",0.00978142736384495
"216161",0.013147810513626
"216166",0.032059118340791
"216169",0.0127757916919708
"216177",0.0365412650080063
"216188",0.0514375425394318
"216190",0.0104548789107474
"216197",0.0118744137134183
"216198",0.0108347656691003
"216227",0.0842566592253856
"216233",0.0154417638532521
"216238",0.0178397752120876
"216274",0.0306317467092377
"216292",0.0280102962787863
"216343",0.130017061232927
"216344",0.00733858286060408
"216345",0.0136960958470563
"216363",0.00668662687204858
"216393",0.260947620847398
"216395",0.0109536660568608
"216438",0.0103638406861764
"216439",0.0040161477091671
"216440",0.00744692213694018
"216441",0.0275652039533238
"216443",0.00635846962257467
"216445",0.205858390590096
"216456",0.0205055788334839
"216459",0.0261459100091827
"216505",0.0128398742021268
"216516",0.00812560996257005
"216527",0.00943904615549095
"216543",0.00995278629939401
"216549",0.00649300707361844
"216551",0.00983249139098517
"216558",0.00804664532227884
"216560",0.0214354125017087
"216565",0.0130612244897959
"216578",0.00941380208701622
"216613",0.0150436988190769
"216616",0.0245748973324307
"216618",0.00913174445609675
"216622",0.252054847072452
"216635",0.25780813730577
"216705",0.00583667715143828
"216724",0.00919453357354658
"216725",0.0899549605912218
"216739",0.0036850922700407
"216742",0.012915604665345
"216760",0.019579110046781
"216766",0.00927297668038408
"216767",0.0112996162550157
"216792",0.0188389081122645
"216795",0.0525212160914641
"216799",0.308841211630613
"216805",0.00803370387415408
"216810",0.00511710218323892
"216820",0.00965897771794578
"216821",0.0117926240145481
"216825",0.00643535772884726
"216829",0.0330926835256463
"216831",0.00406127445208668
"216835",0.116389391270286
"216846",0.0191821874153244
"216848",0.00461121370725406
"216850",0.0164074222707754
"216853",0.017119399074155
"216856",0.00429837055369615
"216858",0.0609859557385088
"216860",0.00792469776083262
"216864",0.662446955452911
"216867",0.025874961182445
"216869",0.0103574404934623
"216873",0.00744894381636961
"216874",0.00628118933265532
"216877",0.0139911907652391
"216881",0.00733248341496683
"216892",0.00724540283626018
"216961",0.0364295385347809
"216963",0.00605081228320148
"216964",0.0289610782949747
"216965",0.00776998466881955
"216971",0.0111737464880394
"216974",0.0580331117881019
"216976",0.179792376957142
"216984",0.469559892990431
"216987",0.00857940256737136
"216991",0.0428199944573418
"217011",0.0195896882811202
"217012",0.109060323864938
"217026",0.0102205925589839
"217030",0.00675957206864334
"217031",0.00846864797188564
"217038",0.0200674653556756
"217039",0.00647807606323383
"217057",0.0124891726240077
"217069",0.053584601924792
"217082",0.0146417351927933
"217109",0.0111151963007834
"217119",0.0124264486956528
"217125",0.0127189614680745
"217127",0.00443839346564362
"217140",0.0410776583452065
"217143",0.436175891150125
"217149",0.0149919149645014
"217151",0.147101131452793
"217154",0.0130704945264033
"217166",0.011503746678741
"217194",0.00697949837189559
"217198",0.0134033382834627
"217201",0.00579936044428431
"217203",0.224531307301697
"217207",0.00665586368093471
"217216",0.358046893740319
"217217",0.0330109440426821
"217218",0.00677316557039033
"217219",0.00848712230636972
"217232",0.0100852723090853
"217258",0.025050773150586
"217262",0.0466351987073112
"217265",0.017961060369965
"217294",0.201956055722761
"217303",0.138304957305625
"217310",0.0042657208882952
"217316",0.243106081169883
"217325",0.133464465349981
"217328",0.447676613697646
"217331",0.0114513691262374
"217333",0.0455750536548416
"217335",0.0064921009236347
"217337",0.0052877655321956
"217340",0.00529381048517841
"217342",0.00675778857554141
"217344",0.121431265220446
"217351",0.0116290299327495
"217353",0.107280286126307
"217356",0.204263599762804
"217364",0.0198318296076766
"217365",0.00767309379445091
"217366",0.014746587096045
"217370",0.0106356367215616
"217371",0.00616819592941064
"217378",0.00737581160353449
"217379",0.00637669454885443
"217410",0.0205070893075304
"217430",0.209767273946908
"217431",0.00831563583200553
"217449",0.00405354494493584
"217463",0.00911872243430344
"217473",0.00543407503260186
"217480",0.00764715992983468
"217517",0.0206429101539326
"217558",0.0232970166000981
"217578",0.177401994245965
"217588",0.0231525700021929
"217593",0.541453287235897
"217648",0.101808498614923
"217653",0.641628272896497
"217664",0.0113707613159818
"217666",0.0173529955621302
"217682",0.031907167668941
"217684",0.00820689048065282
"217692",0.00523637691946304
"217695",0.0104023745654831
"217698",0.0572496067855067
"217700",0.0787484667907717
"217705",0.0120570569823721
"217707",0.0119025170846915
"217708",0.00918816612526511
"217715",0.0175397231810964
"217716",0.0121050696553335
"217718",0.00506617420822723
"217721",0.0938193701316521
"217732",0.00566077097505669
"217733",0.00510015797076037
"217734",0.0102215891529458
"217737",0.00704709559453498
"217738",0.421618107737352
"217779",0.0109625495032478
"217826",0.0256772104098552
"217827",0.013061708207499
"217830",0.0324186555343767
"217835",0.0695555223981228
"217837",0.0115254465534521
"217843",0.00698874700799221
"217864",0.0206903817063463
"217866",0.00542219806612021
"217869",0.00493179978048782
"217882",0.00990430677041101
"217887",0.0260372635273474
"217893",0.00619668226214056
"217935",0.0119104491072555
"217944",0.0236848743575433
"217946",0.179494209877359
"217951",0.0323155023179259
"217980",0.00460444402033103
"217995",0.00929710010315839
"218035",0.00357855299903775
"218038",0.00357818658991716
"218100",0.0122525884117619
"218121",0.0829405869316171
"218138",0.0208962628168124
"218194",0.00664128144447871
"218203",0.00940312213039486
"218210",0.0116902748700425
"218214",0.0255507218593537
"218215",0.0197687828594042
"218232",0.00799640911893965
"218236",0.00611816029146421
"218271",0.00841402374957031
"218294",0.0229820062133817
"218311",0.0635572127147843
"218314",0.0695077857766954
"218333",0.0111202162994385
"218335",0.0050974162610995
"218341",0.0216820879735928
"218343",0.0136111111111111
"218397",0.0136739073881374
"218440",0.0197925455057497
"218441",0.0361128925362364
"218442",0.0104074820601124
"218454",0.0166247114219096
"218460",0.00710368942906556
"218461",0.0056858017202354
"218476",0.0450633895342335
"218490",0.0060135288587551
"218503",0.0122751180193738
"218506",0.0102919554715396
"218518",0.119379109138725
"218543",0.0106629365373075
"218544",0.00505515729206146
"218581",0.53869248005353
"218613",0.0139649654382722
"218629",0.0128491377647467
"218630",0.0799108723715654
"218639",0.00733870681172692
"218693",0.0114037807632802
"218695",0.459949120922607
"218699",0.0111705995108732
"218734",0.00995634781492407
"218739",0.683144747297174
"218756",0.0140747538159297
"218763",0.0250197482322904
"218772",0.0379458707445797
"218793",0.00593244628378278
"218811",0.0061659704884923
"218820",0.0430230144263172
"218832",0.00975835252553954
"218850",0.0106516570661039
"218865",0.0571110189975291
"218877",0.0211858147540573
"218885",0.0135359931291
"218914",0.0118247480042439
"218952",0.00536401507637374
"218963",0.00588902272872465
"218973",0.0308169474242053
"218975",0.00837179575492043
"218977",0.413808968901442
"218989",0.00735701342468766
"219022",0.00616967791271001
"219024",0.00470084687465259
"219072",0.0720891244236642
"219094",0.0143005825857634
"219103",0.110342909379138
"219105",0.0113339093383755
"219114",0.141814212465951
"219132",0.580818568184906
"219134",0.0348084901787358
"219135",0.00726280999072011
"219140",0.0310631624846341
"219144",0.206141960531488
"219148",0.188932676011581
"219149",0.048215169363654
"219150",0.013840830449827
"219151",0.0164158213083583
"219158",0.00374378267017953
"219170",0.459841329123823
"219181",0.0100717242492827
"219189",0.0062951483899097
"219228",0.00836755072462083
"219249",0.011057042174876
"219257",0.0159243018178714
"223227",0.0292011877165226
"223254",0.00639232690647454
"223255",0.00425330812854442
"223267",0.0120237858721394
"223272",0.0158757482527463
"223332",0.0529502459349544
"223433",0.00698596569391847
"223435",0.0127854070207833
"223453",0.0233442915328504
"223455",0.00900055883647279
"223473",0.0392930919785722
"223483",0.0670105168086238
"223499",0.0119001182007664
"223527",0.00735004957838655
"223593",0.00763251472223386
"223601",0.00553084806655074
"223604",0.0223834702001794
"223626",0.0105478451424397
"223642",0.0124694444444444
"223646",0.0329666949305342
"223648",0.0477771321547083
"223649",0.0121767186859959
"223650",0.434420896612425
"223658",0.01016064
"223664",0.00767164876872137
"223665",0.0229403707071325
"223666",0.00636505797244467
"223669",0.0293683754182311
"223690",0.017274400609739
"223691",0.00538084334863062
"223693",0.0121328264666408
"223696",0.0043166948576644
"223697",0.0111657895213661
"223701",0.0134401267551827
"223722",0.0139876109467456
"223723",0.0133203496822407
"223726",0.0063033628831686
"223732",0.00538953165230938
"223739",0.00494525979508593
"223752",0.0119757920968316
"223753",0.00526316644269391
"223754",0.00772239941417826
"223770",0.00936090701854256
"223773",0.0198911128394787
"223774",0.0291531836785553
"223775",0.0143519199000006
"223776",0.0113400509915507
"223827",0.0298065515091798
"223828",0.00736259553990527
"223838",0.0419963441066317
"223843",0.0108632776586412
"223864",0.014516043939132
"223870",0.0158846631802308
"223881",0.0283542143600416
"223915",0.0403006378001102
"223917",0.363864605421853
"223918",0.00520006049427584
"223921",0.0238634547762014
"223922",0.0141663783350624
"223970",0.461036742956535
"223978",0.00726368801652892
"223989",0.00676077999471402
"224008",0.0369516909938007
"224014",0.0175391075996675
"224019",0.0139356515592847
"224020",0.00420143139043165
"224022",0.0228253249818036
"224023",0.00454002116160027
"224024",0.0695509238870051
"224045",0.00621857151241704
"224055",0.447801517226126
"224079",0.0151872731368407
"224088",0.0179067148558176
"224090",0.0110180809765865
"224092",0.0136366464386978
"224093",0.032105040854093
"224105",0.00833171866521434
"224109",0.02872357362525
"224111",0.00786414529922381
"224129",0.00606355818328406
"224132",0.00574271354128076
"224139",0.00537605039393675
"224143",0.00649073552873303
"224170",0.0124218475453952
"224171",0.0987307292865094
"224224",0.327383162795294
"224250",0.00837340935500855
"224273",0.0471156919615168
"224344",0.0361654497729969
"224405",0.0327046826987865
"224419",0.257397045638065
"224432",0.00692418349405935
"224440",0.0258224891336351
"224454",0.00900980305529322
"224481",0.042195849068671
"224523",0.0828796372881632
"224530",0.0337257155398802
"224585",0.0257208971164115
"224598",0.0156770532665355
"224613",0.0041613921219087
"224617",0.00786827660612618
"224619",0.00865860120026002
"224624",0.0108930889294457
"224630",0.0145137044601614
"224640",0.00954876367502173
"224647",0.00431597881865846
"224648",0.0196723070419389
"224650",0.0135048748808784
"224656",0.010859608549178
"224661",0.0357421313534427
"224671",0.00654656094194959
"224674",0.0394229337020521
"224691",0.0272338558184338
"224694",0.0220871647306165
"224697",0.0233460049067857
"224703",0.00731733633894337
"224705",0.00554941538857307
"224727",0.00367309458218549
"224742",0.00711077254976064
"224792",0.00608941160747101
"224794",0.0126168594789571
"224796",0.0277777777777778
"224805",0.0125048947421116
"224807",0.00473045187444975
"224813",0.010323118313216
"224814",0.0141483088032532
"224823",0.00935873832793791
"224824",0.00806309043705268
"224826",0.00527528639031991
"224829",0.00845100450415672
"224833",0.517567717569119
"224836",0.0879052515785493
"224860",0.00607076271590188
"224893",0.0310920635494991
"224897",0.00768950357352338
"224902",0.00893081066989687
"224903",0.00432607920749332
"224904",0.0134843246747464
"224907",0.00838512159767137
"224912",0.507089131404925
"224938",0.0106779298844994
"224997",0.00825019775205996
"225010",0.00784998093326853
"225020",0.00840816676450976
"225027",0.0139934472581116
"225028",0.00924556213017751
"225030",0.0512768179830683
"225049",0.0355100595032418
"225055",0.00901148426813225
"225115",0.0241148823988478
"225131",0.00654883223629256
"225160",0.0476891460046388
"225164",0.00893295775239396
"225182",0.120125258264463
"225187",0.0082079419976321
"225207",0.0263396936307444
"225215",0.0082004063154027
"225266",0.153306796064014
"225280",0.0122833271977964
"225283",0.00627665641737751
"225288",0.0284053697164743
"225289",0.028842042058746
"225326",0.00701002801608518
"225339",0.00958219281538161
"225341",0.0145614763105574
"225348",0.00993510022548827
"225358",0.00844592776459036
"225362",0.0094755024778976
"225363",0.00648470051261332
"225372",0.0073641045144629
"225392",0.00911427628866437
"225432",0.0159534543398752
"225467",0.0216262975778547
"225471",0.220475449762815
"225523",0.00742402650081125
"225583",0.0123177168217998
"225608",0.0771182777186209
"225609",0.702129533509218
"225631",0.0459359913993001
"225642",0.0293021389636867
"225651",0.00917669412310961
"225655",0.00346020761245675
"225659",0.0352963468035243
"225724",0.00843632414754728
"225742",0.0119329474207346
"225743",0.00690818634829681
"225745",0.0232240128395698
"225791",0.0137288218439213
"225845",0.0165249693571491
"225849",0.00822128763181158
"225861",0.0112660551016658
"225870",0.00687213609324209
"225872",0.159565512759924
"225875",0.0143574279612058
"225876",0.0104549579501591
"225887",0.00944461666703036
"225888",0.00849554397760334
"225895",0.0158079966835163
"225896",0.00825434851571732
"225898",0.0244090384273365
"225908",0.0139743271808316
"225912",0.0109047522288897
"225913",0.0113259685670599
"225929",0.0124787626823918
"225994",0.0367798836554701
"225995",0.0139554844444444
"225997",0.503067134707606
"225998",0.0216147838509583
"226016",0.0145577284726872
"226025",0.0138552517361111
"226026",0.0120981132811006
"226040",0.0945490543490694
"226041",0.0369797834893984
"226043",0.0155485381621876
"226049",0.35922815522963
"226075",0.0298017665303047
"226089",0.0173191502440376
"226090",0.00745470164634105
"226098",0.0421132523964477
"226101",0.0573566414128233
"226115",0.0733209538586838
"226122",0.0335206966679002
"226123",0.00648047423592306
"226139",0.0068152482992207
"226144",0.0113130869198941
"226151",0.0204987252276043
"226153",0.0180793775606694
"226154",0.0105645401521115
"226162",0.0107985498675829
"226169",0.0110785839650802
"226178",0.007396
"226180",0.00491010383412458
"226182",0.0265484864785564
"226245",0.816424124077501
"226250",0.0139453549152799
"226251",0.00558260666659636
"226252",0.0111668013252966
"226255",0.00785840267230224
"226265",0.147079401401244
"226304",0.0871702231704068
"226351",0.0164771184821734
"226352",0.0293400959541904
"226356",0.66250347037092
"226359",0.0274954036845369
"226407",0.00581601359631191
"226409",0.0262131519274376
"226412",0.0057865357297125
"226413",0.0293320010460297
"226414",0.00629947800200649
"226418",0.0587548803829822
"226419",0.0206142116303194
"226421",0.170129202272003
"226422",0.0373342084971962
"226432",0.004335858280256
"226438",0.328434268462284
"226442",0.0128170187605204
"226470",0.0275753902711919
"226499",0.009025
"226517",0.00680556277598727
"226518",0.00344878674612393
"226519",0.0113544746036012
"226525",0.0175097773707614
"226527",0.0395419963115033
"226539",0.00801113616312126
"226541",0.0162207332012519
"226548",0.00671862402579952
"226551",0.0128068286875799
"226562",0.0138268758905992
"226591",0.00568829539812975
"226594",0.0277777777777778
"226610",0.00809898250793054
"226641",0.00661983652501222
"226646",0.00515098097571026
"226652",0.0398376639373572
"226654",0.240668987789968
"226744",0.014222427236422
"226747",0.010770408412788
"226751",0.00628891831039642
"226757",0.00814441119723106
"226777",0.0209098666432625
"226778",0.0057855251765436
"226781",0.0102969748802453
"226791",0.0242528808843401
"226823",0.0048058294711485
"226830",0.00641218853874101
"226841",0.134485201858439
"226844",0.0249307479224377
"226849",0.00460678528285662
"226856",0.00710234924672214
"226861",0.229137165928592
"226866",0.412220573229346
"226922",0.0108685630201659
"226970",0.00464897334927783
"226971",0.0044046733294456
"226976",0.00629735382922843
"226977",0.00406826996671855
"226982",0.0090300628768113
"226999",0.0125361668928101
"227058",0.0565994087487092
"227059",0.00799170414560653
"227094",0.0819130329100185
"227095",0.0127557093425605
"227099",0.0675412557055763
"227102",0.0406118228677421
"227120",0.0140449195685895
"227154",0.00756736372480617
"227157",0.179766987397073
"227195",0.0199784914235154
"227197",0.00356770282260609
"227210",0.0130617869463071
"227231",0.29241190383747
"227290",0.00838670360110803
"227292",0.0120837233703214
"227298",0.00420713038861069
"227325",0.00413323121638064
"227326",0.304524372937635
"227327",0.201681543444268
"227331",0.00667539769665012
"227333",0.00666726209875974
"227334",0.0197498622923031
"227377",0.0274124784918671
"227394",0.0856361425214059
"227399",0.0323263436448618
"227446",0.00960892702313303
"227449",0.012339286427851
"227485",0.0341205664326211
"227522",0.0319912949799146
"227525",0.020916565293239
"227526",0.100216741612524
"227541",0.00976665107589611
"227545",0.0800398590808873
"227580",0.016959605337085
"227612",0.0486426546864741
"227613",0.0104780209560419
"227615",0.0236418693944869
"227618",0.251103302765381
"227619",0.00441124609607783
"227620",0.0178101510348053
"227622",0.0246860833815586
"227624",0.0058477508650519
"227632",0.0260995331306472
"227634",0.00753152172972344
"227638",0.00707863350591716
"227644",0.0117722909898355
"227648",0.00735847498863631
"227656",0.00856664641459412
"227659",0.0157470584965718
"227671",0.320184081855526
"227674",0.0317330229966071
"227682",0.00790548180942837
"227683",0.0176596076230244
"227693",0.00491412921369514
"227695",0.00959334680316436
"227696",0.0204536452753807
"227697",0.0113388924257926
"227699",0.0122282695126595
"227700",0.00747084541611799
"227707",0.00486447874503847
"227715",0.0104675587336948
"227720",0.00576951343546724
"227721",0.0161959865205703
"227723",0.00583576487341584
"227731",0.00540089969068827
"227733",0.0853777484467811
"227736",0.709105862135244
"227737",0.0209898621587217
"227738",0.0133366016218256
"227743",0.006103515625
"227746",0.014979661393294
"227753",0.0384867618366292
"227800",0.00335885189800064
"227801",0.00570542545571449
"227835",0.00649877391403815
"227867",0.0113165448119191
"227885",0.731649641176305
"227933",0.0173173696686952
"227937",0.00343337573220319
"227960",0.0174093364197531
"228005",0.0113114674122411
"228012",0.00603447358378401
"228019",0.0155000171662497
"228025",0.179511731432987
"228026",0.00647584207986459
"228033",0.00409156692854551
"228061",0.0132754779977953
"228071",0.0127893340015177
"228094",0.146381931827723
"228136",0.00602212116061973
"228139",0.061493305047188
"228140",0.00532211065818021
"228355",0.00482494544964685
"228356",0.00429991937651169
"228357",0.0136203645997869
"228359",0.0080074654362239
"228361",0.00499112398333664
"228368",0.0140503130213323
"228410",0.00934596173839058
"228421",0.1533655199973
"228432",0.0118451826817102
"228482",0.119446827962034
"228491",0.0220893176265338
"228536",0.00838763754728885
"228543",0.0550323011850861
"228545",0.00798411271691801
"228550",0.00490314657240247
"228564",0.00944223767672824
"228576",0.241752233520662
"228598",0.0135337876127949
"228602",0.00811129719682335
"228607",0.029531038080319
"228608",0.00884425270978076
"228662",0.0130774833626629
"228714",0.00562722958910312
"228715",0.0133007770735336
"228730",0.0143180656001169
"228765",0.101285226702685
"228767",0.239985850480478
"228769",0.00889258772047572
"228775",0.683013455365071
"228777",0.0144162238274621
"228778",0.0649448042809855
"228787",0.0720439505610896
"228788",0.0265435766573297
"228790",0.0104597107438017
"228807",0.0163858649049773
"228812",0.0132763112382146
"228829",0.00631409493362355
"228836",0.00441073289254572
"228839",0.0571575006200166
"228846",0.0242445848751863
"228850",0.00804081203835419
"228852",0.0120552026180914
"228858",0.00907526140723055
"228859",0.0192640489891182
"228866",0.00676784455013051
"228869",0.0062791686374958
"228875",0.0132488231428059
"228876",0.0149799578456095
"228880",0.00566672662397007
"228889",0.00791667420187114
"228911",0.0473574027646213
"228913",0.0587333434867702
"228942",0.0513569301339636
"228960",0.00483602068451667
"228961",0.0176326308823128
"228966",0.0248012587835167
"228980",0.0146963754390625
"228983",0.00530808323359498
"228993",0.498700273972196
"228994",0.00514206906203309
"228998",0.00394736485913998
"229003",0.0659109418812237
"229004",0.0143147586965884
"229007",0.0114387028510967
"229011",0.0140138391514058
"229055",0.0391410694353891
"229096",0.0122713635813823
"229211",0.006084
"229214",0.121599836768496
"229227",0.0103398355002751
"229228",0.116517196745562
"229277",0.280585236741496
"229279",0.00994976985755831
"229285",0.00920747540595967
"229317",0.00738316575925931
"229320",0.171462058897655
"229357",0.163123611877292
"229363",0.00498371859644918
"229445",0.0154408289939525
"229473",0.00983196593622997
"229474",0.0856891428491342
"229487",0.00790509494872452
"229488",0.0321214158452437
"229499",0.128850443579765
"229503",0.00762368535058315
"229504",0.0184192960392344
"229512",0.0051681688043556
"229517",0.00594406950014429
"229524",0.0141689952354479
"229534",0.00838944346121838
"229541",0.0053302921137129
"229542",0.00598511612312704
"229543",0.00708366362372323
"229584",0.0088999644001424
"229589",0.00769528477600235
"229593",0.0121687408591425
"229595",0.0436915638155065
"229599",0.0469609979788383
"229600",0.0620281763971232
"229603",0.00571068463915263
"229613",0.113140495867769
"229615",0.0103616346141494
"229644",0.0201514593637115
"229658",0.0367554866277551
"229663",0.00460478159226297
"229672",0.310443348528644
"229675",0.0435043641158343
"229681",0.00982542923082041
"229694",0.0142794984375618
"229699",0.136020783588879
"229700",0.0167440564236634
"229706",0.0070593216428868
"229707",0.00523401630329022
"229709",0.00475368762366483
"229714",0.0115256960620177
"229715",0.00619682663154028
"229722",0.00841959012316274
"229725",0.00856205898297592
"229731",0.0750898740586445
"229759",0.0168742186260582
"229776",0.0646159331527584
"229780",0.0313390724638325
"229782",0.0170853043195292
"229791",0.0143037472099942
"229801",0.00826446280991735
"229841",0.0932825388639448
"229877",0.0035216431996735
"229898",0.120602450505193
"229900",0.130726135186608
"229905",0.027223759723472
"229906",0.00661511111111111
"229937",0.0166840277777778
"229949",0.00418655627412254
"230027",0.0110552138378406
"230073",0.108331706219719
"230075",0.00539293474200054
"230082",0.00628356494407206
"230085",0.00408824609733701
"230088",0.00901755923066981
"230098",0.286951767655128
"230101",0.0070002822500167
"230103",0.00890802263414391
"230119",0.0235675598599405
"230125",0.00388687752675386
"230126",0.0349137144287789
"230145",0.174201792094561
"230157",0.00725849835791422
"230162",0.027358055520432
"230163",0.0987115377245002
"230233",0.0076706914166057
"230234",0.00934800525014499
"230235",0.062492174539088
"230249",0.00510204081632653
"230257",0.013840830449827
"230259",0.0296316358417137
"230279",0.0203682082021467
"230316",0.076596250792425
"230376",0.0275708676765427
"230379",0.0541142139847565
"230393",0.0115525416370675
"230451",0.0446494103113212
"230484",0.0100546269387794
"230500",0.0471833385850224
"230514",0.00900420906814428
"230576",0.153489204630649
"230577",0.0187886375326326
"230582",0.0286982023241608
"230584",0.00743221546213253
"230587",0.253883833934111
"230594",0.0191841547624102
"230596",0.0127042667068291
"230597",0.00587865041954243
"230598",0.00447805071001938
"230603",0.0727031015925794
"230648",0.00758340161905625
"230649",0.00682508236775168
"230654",0.00545229575032491
"230657",0.0276723260117164
"230661",0.0409092258829091
"230673",0.00655455250172123
"230674",0.00858813973541387
"230676",0.0073640625053412
"230678",0.0594786956880424
"230696",0.027602689794267
"230700",0.00829634113253832
"230709",0.00511062649560981
"230718",0.0161476795809575
"230721",0.0111510370717016
"230726",0.330063034007809
"230734",0.00910057449907677
"230735",0.0214043485902751
"230737",0.00836091224612664
"230738",0.175680092575955
"230751",0.00789150974225786
"230752",0.109597353436617
"230753",0.00403368863962464
"230757",0.0049754442402677
"230761",0.00965897771794578
"230766",0.270558198036693
"230767",0.0156961389658167
"230770",0.0132755434126869
"230775",0.00416858299741183
"230777",0.109183763187223
"230779",0.0612979659658177
"230784",0.0305374243214531
"230787",0.112545774307615
"230789",0.00562403528705747
"230793",0.0128307966162511
"230796",0.0104915321758137
"230801",0.0312756871727849
"230806",0.391320102979137
"230809",0.0170132325141777
"230810",0.0281801588643226
"230815",0.00745852667229531
"230822",0.428861124366383
"230824",0.243741555629882
"230837",0.0729767974663642
"230848",0.0180335614144295
"230857",0.00792003263823252
"230861",0.00298118926313568
"230863",0.0206314049586777
"230866",0.00413435496713098
"230868",0.0126167213013263
"230872",0.0122581212814012
"230895",0.012394099585279
"230899",0.444081706696284
"230903",0.0103921198981996
"230904",0.0100672832417213
"230908",0.00510204081632653
"230909",0.359212438707588
"230917",0.00774554903235098
"230935",0.00692024357612557
"230936",0.0219085691467442
"230959",0.00818028549068679
"230967",0.0094140490042979
"230971",0.0620092877202057
"230972",0.281206701876616
"230979",0.118623794720183
"230991",0.0094566311857329
"230996",0.013632487018476
"231002",0.0454226588677326
"231003",0.00848337950138504
"231004",0.123224868663839
"231014",0.0293915462143795
"231042",0.0174585370132188
"231050",0.00827190659500276
"231051",0.0180202681095971
"231070",0.0144146330831818
"231086",0.00548790291894661
"231093",0.0192455477964516
"231123",0.0510284668713094
"231125",0.0072282852108249
"231128",0.00602444968655919
"231130",0.014929323853354
"231134",0.0200485550943692
"231147",0.0819233113393738
"231148",0.00493898886073275
"231151",0.0125173235155047
"231162",0.22316515288782
"231207",0.0163318776221504
"231214",0.0176443615303924
"231225",0.00624797253460208
"231238",0.00810762891410514
"231279",0.0189692361404512
"231287",0.0801244610009636
"231290",0.457205315310694
"231293",0.120075050112311
"231326",0.0237988784272587
"231327",0.0146230211681673
"231329",0.00521291304693329
"231380",0.0318770083325005
"231386",0.00775600464876033
"231413",0.00484435874088431
"231430",0.0244434327980969
"231440",0.041285058967318
"231452",0.0132232226254094
"231464",0.0124112601932048
"231470",0.0367109623108135
"231474",0.0175487588768168
"231503",0.00470009357622396
"231506",0.0226260637550789
"231510",0.0852224619685943
"231532",0.0303967810791332
"231549",0.00510471659486522
"231571",0.00938792581412629
"231580",0.00368962798497966
"231583",0.0979852248386484
"231600",0.00862515682254589
"231603",0.427165039110038
"231605",0.0129245494641671
"231630",0.0124054552494366
"231633",0.0249469837852899
"231637",0.0164336882654591
"231642",0.0545591905713403
"231646",0.0837840963436428
"231655",0.665880567234756
"231659",0.00698081688384715
"231668",0.0563189531957483
"231670",0.00494485102479097
"231672",0.0103625085159023
"231691",0.301562913414265
"231712",0.0091716250905077
"231713",0.0117132974877234
"231717",0.0158062157332019
"231724",0.0723694570463261
"231727",0.323133697893382
"231760",0.00973377518125569
"231769",0.006468422576044
"231798",0.105808305900653
"231801",0.00501758411237162
"231803",0.0069101932293519
"231805",0.56925219030281
"231807",0.00789795366497058
"231821",0.00694444444444444
"231830",0.104963184569147
"231834",0.0218164021945641
"231841",0.0101820903423664
"231842",0.0318338071261894
"231855",0.0150575387692259
"231858",0.0295590542870687
"231861",0.0101311461403734
"231863",0.00826446280991736
"231866",0.0131803264406075
"231868",0.017079002766165
"231871",0.00729402926251893
"231872",0.0101710524914709
"231874",0.00744642568241489
"231876",0.00662483858507053
"231887",0.00924590805286426
"231889",0.00781416928665181
"231912",0.00474666592211708
"231915",0.00887785529390087
"231931",0.0616978844570603
"231946",0.205659946176831
"231986",0.0071612534046539
"231991",0.0724772480342385
"231997",0.0103975887153123
"231999",0.0163581456841905
"232016",0.0725063427922243
"232023",0.00506486760083116
"232035",0.0302264644865333
"232078",0.032845696935132
"232086",0.0194598126983815
"232087",0.00757262636684696
"232089",0.00706519230315527
"232146",0.0221403980866559
"232157",0.0223152926898412
"232164",0.00534123874797043
"232174",0.0447546933150949
"232187",0.00603590820699911
"232196",0.00858781401388885
"232201",0.0487110865051903
"232210",0.0224104103158079
"232223",0.0462705457887624
"232227",0.00616106663973132
"232232",0.00538546185597373
"232236",0.0108950929724546
"232237",0.0295736312205986
"232286",0.00645323925237608
"232288",0.0135801415850542
"232313",0.0600085581730553
"232314",0.00778913951813136
"232333",0.0106177431937544
"232334",0.0152560267058394
"232337",0.0114225736555251
"232339",0.0368104380746349
"232341",0.00922865209781283
"232345",0.276375510204082
"232370",0.00545431433409923
"232371",0.398748699464923
"232400",0.0350217640728043
"232406",0.15356925351388
"232414",0.348035678319877
"232430",0.0067178345514574
"232440",0.0209389125920584
"232441",0.0245600356426821
"232449",0.068074558765441
"232491",0.0326761730255111
"232533",0.00865840697415386
"232536",0.0191988263867188
"232539",0.0090741352819587
"232560",0.0258560360598647
"232566",0.0174397909515348
"232599",0.271999143797454
"232664",0.00843878237329615
"232670",0.0129700712230688
"232679",0.00855127760434732
"232680",0.241379962192817
"232748",0.176589374642053
"232784",0.0109754316741958
"232785",0.0227272572883235
"232790",0.15086673496455
"232791",0.0133593356703613
"232798",0.014471184633856
"232801",0.79781317749081
"232807",0.00649345565764558
"232811",0.0127501736111111
"232813",0.00459170776047772
"232816",0.0138038969627505
"232821",0.0100652190840243
"232853",0.0176430981280313
"232854",0.0994387616626313
"232855",0.0184942280554701
"232875",0.00925260770975057
"232878",0.021784525731768
"232879",0.0110736705538716
"232906",0.00669862113879088
"232910",0.0128589585255518
"232933",0.0501225217197594
"232934",0.0112099106844509
"232943",0.092821406120124
"232944",0.00794627923173243
"232946",0.0252486713588049
"232947",0.00770043169435454
"232966",0.108806442121284
"232969",0.0254508016775424
"232976",0.00718615512842952
"232984",0.2184379730236
"232987",0.024404257233808
"232989",0.00506960486385846
"233011",0.0454566013512211
"233016",0.0295855852746926
"233020",0.0117895423287163
"233033",0.00787164815713389
"233040",0.0182727647091218
"233045",0.315602403015441
"233046",0.0504610883791993
"233056",0.0157281619125491
"233057",0.0113030470914127
"233058",0.016655131355943
"233060",0.00907836399277499
"233064",0.108341817423827
"233065",0.0189309883028829
"233066",0.100308734875001
"233067",0.0133577356355226
"233071",0.00936142159809411
"233073",0.008178285475694
"233103",0.0140346512657906
"233107",0.0131631744095531
"233115",0.00632274113295193
"233147",0.022950291281202
"233168",0.0220275722112767
"233186",0.195400098426687
"233189",0.0246997220123866
"233199",0.881810430839002
"233204",0.00816807756549732
"233208",0.00807717228333649
"233210",0.0109186459890559
"233246",0.0939931287658272
"233271",0.0158517324551392
"233274",0.0258152093978603
"233276",0.0127172717252248
"233280",0.0128968430785423
"233315",0.0150855789839863
"233328",0.0629159012543398
"233332",0.0593494124941421
"233335",0.00784711857323685
"233405",0.0102333643768068
"233406",0.215792837786975
"233410",0.00891730921194228
"233424",0.0933641975308642
"233489",0.0091145940827253
"233490",0.016169153495887
"233529",0.0490478458855419
"233532",0.00895866145065962
"233545",0.00684061668430791
"233552",0.0143750972809234
"233571",0.0480291161710136
"233575",0.0105709607199519
"233649",0.112141041505801
"233651",0.0226412869370387
"233724",0.00610263944891581
"233726",0.00682186177897378
"233733",0.00746679786790712
"233744",0.00877596533215574
"233752",0.0306020918619189
"233765",0.019724013065933
"233781",0.09765625
"233789",0.0164294140032507
"233802",0.00559926894403777
"233805",0.014939991761727
"233806",0.022131182669603
"233812",0.0091855451509813
"233813",0.0439149005190312
"233824",0.00518249225624298
"233826",0.163862364278214
"233833",0.0179176220986728
"233836",0.182650391839558
"233863",0.0053739707498401
"233865",0.0170235827694603
"233870",0.00665540982142634
"233871",0.00614052963653996
"233875",0.0119831238402017
"233876",0.00847989234511671
"233877",0.00557978749261454
"233878",0.00341832620522818
"233879",0.0129264234699593
"233887",0.0115054613312637
"233890",0.016992117738037
"233893",0.0307994135885212
"233895",0.0120314751079793
"233899",0.0493827160493827
"233900",0.0049860031388774
"233902",0.00795232860599208
"233904",0.0073831014926665
"233905",0.00909575524864813
"233908",0.00488129703526719
"233912",0.010410231508416
"233913",0.00923445968491014
"233919",0.0462246887221108
"233977",0.0101515847650006
"233979",0.0442831418001173
"233987",0.0309274673008323
"234023",0.0148894504631338
"234069",0.00937354311709106
"234072",0.465309087015153
"234076",0.00713366659052719
"234086",0.0208655853086067
"234094",0.0117369222982802
"234135",0.00823291908750977
"234138",0.0114447871429252
"234155",0.479827727224535
"234214",0.00584688667606058
"234267",0.00948960217036736
"234290",0.0150718342305597
"234309",0.0255047331911113
"234311",0.678463518078278
"234344",0.0164465940213274
"234353",0.00946163547456542
"234356",0.014170717338729
"234358",0.0149618914659274
"234362",0.0159300068889259
"234365",0.0630301211139686
"234366",0.00812522380723509
"234371",0.0157863308871803
"234373",0.00445406222078429
"234374",0.00722648267956612
"234378",0.00639581469327363
"234384",0.0236076610055361
"234388",0.0148851408751637
"234395",0.0477054137561184
"234407",0.00604427020183355
"234413",0.024557061732696
"234463",0.00546605719678502
"234479",0.348907405206462
"234515",0.0203863538484663
"234542",0.175074236523674
"234549",0.00795579079914139
"234577",0.0253899993093156
"234582",0.09665386137856
"234593",0.00337896138356732
"234594",0.00558606707301253
"234595",0.00885813148788927
"234624",0.61424813272523
"234663",0.00443097643871773
"234664",0.00819181456939296
"234678",0.0071846596030757
"234683",0.0909280463600259
"234684",0.111111111111111
"234686",0.0658338625307638
"234695",0.0101536469179509
"234699",0.00761415064492019
"234700",0.67448181388021
"234723",0.0130425188359266
"234725",0.00597773723812153
"234728",0.0306460479997537
"234729",0.00759551908742487
"234730",0.0103448023960845
"234733",0.0175217433891604
"234734",0.00539159036504566
"234736",0.00708900892923139
"234740",0.0152880581297153
"234776",0.00648440636399364
"234779",0.0438074634937804
"234796",0.0285403670946521
"234797",0.00742102307636268
"234814",0.0135097065876775
"234825",0.00850914311191284
"234839",0.0330179768675184
"234847",0.00621916823866708
"234852",0.00874695926711868
"234854",0.00888963414084988
"234857",0.0142538735016068
"234865",0.00727193571526315
"234875",0.00742210772701943
"234878",0.0493276167889031
"234889",0.0152035454276188
"234912",0.0242610472320317
"234915",0.0304267804559627
"234959",0.00802022530651221
"234964",0.301462724379498
"234967",0.00770781519565532
"235028",0.00816145915360564
"235036",0.0106152433425161
"235040",0.00892837745438253
"235041",0.0148419181117782
"235043",0.0156655580621121
"235044",0.00656704028747876
"235047",0.034616694045499
"235048",0.0427519357359386
"235050",0.0126537589799795
"235072",0.0111411714578182
"235086",0.0177747156793848
"235106",0.00612871070916144
"235130",0.0704695803393032
"235132",0.0120230772247712
"235134",0.00848174781553605
"235169",0.00650090347179671
"235180",0.00424650783813079
"235184",0.0249398974922089
"235281",0.00943600813451117
"235283",0.00468853891140285
"235293",0.00628053852845603
"235300",0.0205210504655228
"235312",0.0129078398271034
"235315",0.00426894733105931
"235320",0.012656940871624
"235323",0.0138868745760085
"235330",0.0967565245250093
"235339",0.00487572742262659
"235344",0.0109667973497763
"235379",0.255770626175759
"235380",0.0121089180607526
"235386",0.0794875631551152
"235402",0.00508013851210791
"235406",0.0260994578072828
"235415",0.0775249624597203
"235431",0.00539067081003645
"235439",0.00881894108078874
"235441",0.0116523447421716
"235442",0.0105451306484299
"235459",0.0133985620422641
"235461",0.00899828941151209
"235469",0.0164415097718004
"235472",0.0750575514564282
"235493",0.011369706592154
"235497",0.0141442941349976
"235504",0.00867700715352186
"235505",0.0514171425612595
"235527",0.0319184685686948
"235533",0.119258679660969
"235534",0.0201343019839566
"235542",0.0106788730187215
"235559",0.0173991599848281
"235567",0.00898612448007581
"235574",0.00631236894581405
"235582",0.0424440200075814
"235584",0.00686899660847677
"235587",0.116195637089968
"235599",0.0713979603877208
"235606",0.0125053173328991
"235610",0.0831420076028454
"235611",0.00850244813894945
"235623",0.00651981019250801
"235626",0.00560204780315047
"235627",0.0150750326222676
"235631",0.110003781917722
"235633",0.023135132967257
"235636",0.776510294866155
"235661",0.00537321557300401
"235674",0.54390625
"235682",0.01
"235907",0.0264190148947087
"235956",0.0428228668073233
"236082",0.0367035298217063
"236193",0.0720402622071108
"236266",0.0422500065964086
"236285",0.173909516809756
"236312",1.06382373512888
"236366",0.188670549733177
"236451",0.678688224239971
"236511",0.00978326952728808
"236539",0.0124878320501658
"236573",0.0968452195840121
"236576",0.0344028087099596
"236598",1.0717725510599
"236604",0.0131912790863711
"236643",0.212985594216026
"236690",0.168158997981471
"236727",0.00922598171179278
"236732",0.00629182994635616
"236733",0.00463069011213106
"236790",0.0238118785804005
"236792",0.00584888660794212
"236794",0.00536033163265306
"236848",0.00641226640830287
"236899",0.00866151066727989
"236900",0.0114811872770353
"236904",0.0190348567734784
"236915",0.00753475144111565
"236920",0.0174646259425937
"237010",0.0198278258239478
"237052",0.0113272153759156
"237073",0.0334360436844963
"237082",0.0154020539869333
"237091",0.0696126853496289
"237107",0.00927467712996203
"237175",0.124603950233116
"237178",0.997441911088073
"237211",0.0880472101899425
"237213",0.0319387111485889
"237221",0.0196356850176478
"237222",0.0302557621160778
"237253",0.00607931249949255
"237336",0.00743269912057143
"237339",0.0213843752568212
"237353",0.013651232271702
"237360",0.168310322156476
"237362",0.0427737603305785
"237387",0.0298799224116457
"237397",0.0246572154984384
"237400",0.0248870672511543
"237403",0.0208381124464942
"237411",0.00899014583865173
"237412",0.0864107072107477
"237422",0.00663584143416235
"237433",0.333707733910222
"237436",0.0921047444458608
"237459",0.00883098014297434
"237465",0.178395900981168
"237500",0.0289250844713697
"237504",0.15325409309268
"237523",0.726325108426372
"237542",0.0178795102040816
"237553",0.0124682713268074
"237558",0.415977458360751
"237611",0.18971442700998
"237615",0.0253906172287869
"237625",0.0627538516658632
"237636",0.307545899834117
"237711",0.0390130715515969
"237716",0.0148842722720281
"237730",0.0155065843600046
"237749",0.244895057527105
"237758",0.0583800241877423
"237759",0.0550455353995284
"237761",0.00804310333134747
"237775",0.0366343265152334
"237781",0.0180665716922193
"237782",0.0131427295930746
"237806",0.0149934405274325
"237823",0.0164694444444444
"237831",0.018413074470703
"237847",0.0115236916913345
"237858",0.318158681845087
"237859",0.0169784924980952
"237860",0.00878018882119447
"237868",0.00542759118473869
"237877",0.0597635432752119
"237886",0.632747933884298
"237891",0.238495373344177
"237898",0.00805529290606182
"237926",0.0229792983064425
"237928",0.0184817069680304
"237930",0.457031573349838
"237940",0.0635665893696456
"237943",0.00869308501948704
"237979",0.0217817980484398
"237987",0.3426625050669
"237988",0.0068670696226016
"238021",0.278774465092816
"238023",0.0160735847383859
"238024",0.00518736650693297
"238037",0.0226398235889846
"238076",0.0261858678783597
"238123",0.0104858751951737
"238130",0.0183004552361837
"238161",0.00755027556554464
"238205",0.00415568936452306
"238247",0.0150656477414588
"238252",0.0153987832082159
"238266",0.00691270845966496
"238271",0.156754956730029
"238276",0.0131533668813687
"238317",0.0179655929927185
"238323",0.00765079833088989
"238328",0.00465178047688872
"238330",0.0101013018137406
"238331",0.0610492085827323
"238333",0.116363874574199
"238377",0.0379709950438765
"238384",0.0221663604610792
"238386",0.0172683355621462
"238393",3.75429935091281
"238505",0.0781749695136985
"238555",0.152925023599143
"238662",0.58502305919915
"238673",0.0158573388203018
"238680",0.131566090768928
"238690",0.0303968043511377
"238692",0.0165692685499107
"238693",0.0211777470480705
"238722",0.0404545418067716
"238725",0.0689834275146126
"238799",0.0129434307325561
"238803",0.149193290471131
"238831",0.0264599763830908
"238871",0.00713051572579756
"238988",0.0119029959525104
"239017",0.00713376823504813
"239027",0.0320124034744877
"239096",0.0162890268221149
"239099",0.0189279501416863
"239102",0.00842869226595167
"239114",0.0338827408702136
"239122",0.199912167159763
"239126",0.394232227586962
"239133",0.0438016673223798
"239134",0.467833178591031
"239157",0.00698805152377739
"239170",0.0129897832864555
"239188",0.00707928487894181
"239217",0.0108227768394605
"239250",0.234612282170932
"239273",0.0141226667388425
"239318",0.213692284785792
"239319",0.0412420560015785
"239336",0.0513302181491858
"239364",0.00640655431514762
"239368",0.256535672120088
"239393",0.00876593035448123
"239405",0.0129934293026136
"239408",0.0173866395175816
"239410",0.0218871987967582
"239420",0.0251773657501031
"239435",0.0637152367423008
"239510",0.0106724396992164
"239528",0.0549171911620202
"239546",0.0535684222154852
"239552",0.0391278342647993
"239554",0.0176208003759104
"239555",0.00809108729092354
"239556",0.0106904058787112
"239559",0.0804899332483228
"239570",0.0191859934258583
"239591",0.076150919073332
"239606",0.0108037456460765
"239618",0.0642187892171198
"239647",0.0334001217924959
"239650",0.0218596766865894
"239652",0.0223279165015194
"239667",0.00557917534360683
"239673",0.862082141148077
"239691",0.046656
"239706",0.0206665827381292
"239719",0.009134570508374
"239731",0.10472258344001
"239743",0.0810378816132985
"239759",0.121245888917967
"239766",0.42546614216948
"239789",0.155132337515931
"239796",0.00909887718706252
"239827",0.0270805881101133
"239833",0.02233577407368
"239839",0.07211399985975
"239845",0.163186440362879
"239852",0.20602325774656
"239857",0.0129954544579557
"239985",0.00783967986766192
"240023",0.274399149236917
"240025",0.0116152030865662
"240028",0.128815408438659
"240034",0.027264529635817
"240038",0.0286923033585627
"240041",0.0264685737834802
"240047",0.266345540847021
"240054",0.487556173282892
"240055",0.00925903191036004
"240057",0.0051140249877608
"240058",0.0108295326855708
"240063",0.0231578028165037
"240064",0.0189629967080424
"240066",0.0173868306546439
"240067",0.0112757211561821
"240068",0.0146285614615823
"240069",0.10340798364987
"240084",0.0406331659343333
"240087",0.0127999060944389
"240095",0.130529228792127
"240119",0.0282581127027342
"240120",0.052287401616204
"240121",0.0111933386388544
"240168",0.021046173211146
"240174",0.0146340112988213
"240185",0.0122949260177099
"240186",0.0324837750135208
"240216",0.632747933884298
"240239",0.412432110152636
"240255",0.0186148575365175
"240261",0.0176771964928519
"240263",0.0428802509789961
"240283",0.0164058671981009
"240327",0.796666894337818
"240332",0.0084183800701662
"240334",0.0169952052492032
"240354",0.032404800533386
"240396",0.0147967382662958
"240411",0.609597423326083
"240427",0.0264681898506619
"240442",0.0133599579423049
"240444",0.0227669197940517
"240476",0.0165002669328096
"240479",0.0253099173553719
"240505",0.0192338430390538
"240514",0.0261656374440758
"240518",0.00754194425570895
"240590",0.453866156853712
"240613",0.0142474780452648
"240614",0.0125520817730307
"240638",0.14102308897287
"240641",0.301556898469387
"240660",0.135774690696853
"240665",0.0317140232280422
"240672",0.0378191096119647
"240690",0.0268399354143162
"240697",0.0719403881978247
"240725",0.13440976141097
"240726",0.11809417587609
"240752",0.0142326103113797
"240753",0.0108851874201647
"240756",0.00736184884529457
"240776",0.0220114669563842
"240816",0.108739200907873
"240817",0.146630823016692
"240832",0.0076231233612267
"240843",0.0055755241052485
"240869",0.0270142719166236
"240879",0.198422184065369
"240880",0.00957718581994924
"240888",0.0179152580767346
"240892",0.332068928885276
"240913",0.0191921484708419
"240916",0.632500064751866
"240960",0.247074899657047
"241062",0.016744165127429
"241066",0.019387918602788
"241070",0.14252629609717
"241075",0.00855719359951346
"241112",0.14892861079617
"241116",0.0667710390738605
"241118",0.0163101982920019
"241134",0.0170132325141777
"241158",0.15783723641469
"241159",0.017105026612558
"241175",0.0253115042586651
"241201",0.0509533472553883
"241226",0.0330412078912914
"241230",0.037289659082823
"241263",0.00903272769401365
"241274",0.0204356953542713
"241289",0.0158568463295975
"241296",0.00608602850711269
"241303",0.0260103088862412
"241308",0.00816747917403242
"241311",0.0273523155171976
"241322",0.0149160171996775
"241324",0.0335052216170864
"241327",0.231713668454149
"241447",0.00726706686891563
"241489",0.0541994294418227
"241490",0.0125482385863295
"241494",0.0141778239678227
"241514",0.0111086432743935
"241520",0.00716243113410374
"241525",0.010309146332679
"241528",0.0338830208648081
"241547",0.0301986821820088
"241556",0.02167940080545
"241568",0.00743855988611234
"241576",0.0162457589191825
"241589",0.0119285713331429
"241624",0.124353397068622
"241627",0.0398059825010183
"241636",0.463151846284675
"241638",0.00445917333060441
"241639",0.146213153009231
"241656",0.00928976696467666
"241688",0.00936789746797477
"241694",0.024212026913514
"241727",0.00506791354875999
"241732",0.00949375410913872
"241764",0.0191450046555372
"241770",0.00915030737571572
"241794",0.0141327204264267
"241846",0.00435566876413905
"241915",0.0135256484890265
"241919",0.00941927102765123
"241944",0.00838325860268245
"241950",0.0342935528120713
"241989",0.359028995721943
"242022",0.0845112095477582
"242037",0.439309369750889
"242050",0.05136633060402
"242083",0.00658704935415121
"242109",0.0148263428599132
"242126",0.0239633851342551
"242202",0.0282038110982523
"242248",0.146512797765222
"242259",0.0164042961782023
"242274",0.0152253239452607
"242291",0.00727625453036142
"242297",0.00773565620578769
"242362",0.0118392440065505
"242377",0.0188570080543473
"242384",0.0170927644627474
"242406",0.00711742299653047
"242408",0.196393663293781
"242409",0.00830553949319591
"242418",0.0116386691271843
"242425",0.0040405704633515
"242443",0.0149507147597331
"242466",0.0189862491771279
"242474",0.0490288846438923
"242484",0.558058024581503
"242506",0.0879936095230637
"242521",0.00748272435742076
"242546",0.111544292420138
"242553",0.048282804231507
"242557",0.0115333647361734
"242570",0.00900696735850203
"242584",0.0350006177799783
"242585",0.0152718112507022
"242594",0.0677627451588801
"242608",0.061736330413327
"242620",0.102648694504666
"242642",0.0433772564117339
"242646",0.543580657445847
"242653",0.18603065931962
"242662",0.0168157833271614
"242667",0.00843725752066116
"242669",0.0140700968634316
"242681",0.0718971500632612
"242687",0.00957368049182008
"242691",0.0348459123979107
"242700",0.671511703499231
"242702",0.0831373037723248
"242705",0.146151418103922
"242721",0.00801252558532031
"242735",0.217877344711111
"242736",0.0171529843505717
"242747",0.0145721957795936
"242748",0.0103478150252585
"242773",0.00995500568135703
"242785",0.014205436219522
"242800",0.0373427643311076
"242819",0.0102149425645588
"242838",0.51959550262989
"242860",0.0142868112121334
"242864",0.0121445290261279
"242894",0.00394694946481115
"242915",0.0161446751567019
"242960",0.00472271489374729
"243025",0.574344274048316
"243043",0.0595901092864115
"243197",0.11432245139241
"243219",0.0122557843586399
"243270",0.224315555722835
"243272",0.00721555056817808
"243274",0.0567005978261112
"243277",0.110697482391915
"243300",0.0103290027765552
"243308",0.0112845911414935
"243312",0.0155746890191152
"243328",0.0206323966164701
"243339",0.00575659517756064
"243362",0.0166637028269672
"243369",0.0775887317153235
"243371",0.0081563328373246
"243372",0.023653661272232
"243373",0.0125954432315898
"243374",0.123329465112772
"243382",0.00769402001440589
"243385",0.0325260173835154
"243407",0.341652492437973
"243499",0.0223559584670467
"243510",0.0228467132411819
"243529",0.0272072121287429
"243538",0.0366511750422938
"243547",0.021270247854616
"243548",0.00771998182874698
"243574",0.0375701522226687
"243612",0.51517041572391
"243616",0.00848358679100456
"243621",0.00654640806471444
"243634",0.0749240769353722
"243653",0.175389403396719
"243659",0.878357190978569
"243725",0.00911079616214973
"243743",0.0132509270342518
"243753",0.298188514607349
"243755",0.1800481650263
"243764",0.0410025139227407
"243771",0.0465840277777778
"243780",0.00831610133827119
"243813",0.0247103955890074
"243819",0.00435627911638767
"243833",0.022342896810101
"243834",0.0253943783424895
"243842",0.0137613337041285
"243846",0.0120718675272598
"243853",0.00650364203954214
"243864",0.116120329425129
"243866",0.144849387881628
"243867",0.0181682840946085
"243897",0.293937767849555
"243905",0.0997522707429231
"243906",0.022654655975506
"243910",0.0579712022957248
"243911",0.0240961347283394
"243912",0.0711031907356419
"243914",0.0152758490089635
"243923",0.401491581671762
"243931",0.0267881477207237
"243937",0.0331371209309957
"243961",0.0042910044684524
"243963",0.132448266595001
"243967",0.0252375347999922
"243983",0.00970317625919565
"244049",0.164508447099133
"244058",0.0118872210467587
"244059",0.0111614918708141
"244091",0.526531196219778
"244141",0.0146464851625275
"244144",0.0104877340688053
"244152",0.143816736009386
"244198",0.0146036086621655
"244216",0.0639180396371897
"244219",0.010773524396043
"244233",0.300668411218776
"244238",0.0317924017885461
"244281",0.0193362760043234
"244310",0.00985514641399557
"244329",0.0223727246710699
"244349",0.0173370479196874
"244373",0.00860133134936174
"244416",0.115521497179343
"244418",0.049199607820993
"244421",0.0194524115883859
"244431",0.167592927022901
"244484",0.0103083897291567
"244548",0.0161487704489188
"244551",0.334508788004998
"244556",0.0406830800883187
"244562",0.317051109483507
"244579",0.0277660050388645
"244585",0.0163321028228384
"244608",0.115145482968126
"244631",0.0203454324466673
"244646",0.0788699029383318
"244650",0.0111693744125659
"244653",0.198998381970973
"244654",0.00774895853997223
"244666",0.0122073531680904
"244667",0.0358530863765274
"244668",0.0215530596171942
"244672",0.0288822445921557
"244682",0.0572928334314874
"244694",0.169252074267845
"244713",0.011357865066069
"244721",0.014446943734151
"244723",0.0212397020493738
"244745",0.00820179174755431
"244757",0.330392271610532
"244810",0.0894110049761153
"244853",0.0215658467406719
"244864",0.0396525777147175
"244867",0.0414414811051832
"244871",0.0210888426353957
"244879",0.0127737593604644
"244882",0.0279180284961791
"244885",0.636586841301474
"244886",0.0292664435489379
"244891",0.00838696879960604
"244895",0.00908608029412201
"244911",0.240724675959678
"244954",0.0253125028361124
"244958",0.0912368964926572
"244962",0.00707567513858726
"245000",0.0256
"245007",0.012777419725618
"245020",0.0134987480771976
"245026",0.315123714732624
"245038",0.0132975142629732
"245049",0.00422358343557875
"245050",0.0262993986117008
"245174",0.0554334241307483
"245269",0.00767051579005857
"245297",0.232084820715009
"245305",0.0309900581670593
"245350",0.0411006688128469
"245368",0.0893825061111702
"245386",0.0268156052166049
"245403",0.134929733503626
"245404",0.0064737746069494
"245424",0.107778505577409
"245440",0.0409577125688626
"245446",0.0129036061435175
"245450",0.014692378328742
"245468",0.00822959957816399
"245469",0.003786911328926
"245474",0.00884851962695898
"245522",0.0153943758573388
"245527",0.67967449833687
"245532",0.503390986105205
"245537",0.0110412467341935
"245555",0.0134365906022309
"245578",0.0794937382137195
"245595",0.0429098155334025
"245596",0.286451100972029
"245607",0.00921740450336977
"245622",0.0390616162407219
"245631",0.0614850371661196
"245638",0.0346535876446423
"245643",0.0133284029527661
"245650",0.19442426729592
"245666",0.0060084751551166
"245670",0.0052801091940949
"245671",0.0556501907223402
"245683",0.0325407816860881
"245684",0.0115535144265756
"245688",0.00442988994126706
"245695",0.0841319480796536
"245828",0.00882330895225559
"245841",0.01444998854324
"245847",0.0203412657296222
"245857",0.0142776352118697
"245860",0.0056024982916479
"245865",0.111274284818162
"245866",0.0101307650481527
"245867",0.00791759322722481
"245877",0.00667124736244512
"245880",0.00924788674193027
"245884",0.203123236358965
"245886",0.00837156056317139
"245902",0.0719288767245275
"245944",0.0138004133872994
"245945",0.4616720220349
"246049",0.489781056739097
"246102",0.0823242689543128
"246103",0.0264155613630965
"246104",0.0159336746341285
"246133",0.868042394301781
"246154",0.0246913846678429
"246177",0.23401898614089
"246179",0.0238580710559391
"246196",0.00841555795193377
"246198",0.0033784593171101
"246221",0.0168867203619703
"246228",0.025062482160386
"246229",0.0113639169552245
"246256",0.865143685284415
"246257",0.0127061178660983
"246277",0.00857716960696482
"246293",0.00591213350763609
"246313",0.0426294260702108
"246316",0.00780712233504397
"246317",0.0118513207592574
"246694",0.0189143321843685
"246696",0.00893402938187696
"246703",0.00878807990546207
"246707",0.0631499465223482
"246709",0.440325153706503
"246710",0.00584029166011545
"246728",0.550487178336955
"246730",0.578185819746198
"246735",0.508298105776353
"246738",0.0182228560715249
"246782",0.0126874655213345
"246788",0.224700624051273
"252837",0.566943958675953
"252838",0.0281291212751513
"252864",0.0370136893256842
"252870",0.00454004417418826
"252875",0.0134175662718906
"252876",0.0251019559415474
"252903",0.224031972066428
"252966",0.00971402981840782
"252967",0.194747279002922
"252972",0.0112055675956167
"257632",0.208004918997148
"257633",0.0118832934480672
"257635",0.0457291218442501
"257882",0.282759437170238
"258064",0.301376010025365
"258571",0.696543816302624
"258783",0.855361737521109
"258938",0.442069024231828
"259097",0.317444157290661
"259108",0.120102766943396
"259172",0.320079634289439
"259277",0.0342608323337714
"259279",0.00740251394209032
"259300",0.0284880484583384
"259302",0.0247836723706476
"260297",0.00643587101804411
"260299",0.00854782159762266
"260301",0.500603070430064
"260302",0.0047655221341459
"260305",0.0092928704299487
"260315",0.0100019095813199
"260408",0.34375927461797
"260409",0.0426617574832948
"263406",0.0182168994273323
"263764",0.00653078472103217
"263803",0.11161673553719
"263876",0.006097502757223
"264064",0.00859794497727684
"264134",0.0281463014821392
"264895",0.0110503842302955
"266614",0.141368988431925
"266632",0.0886045000355657
"266690",0.00680527254694414
"266692",0.011324544153997
"266781",0.00713086419753086
"267019",0.00923482219375489
"268281",0.0144
"268291",0.0249816277282874
"268294",0.014759519789168
"268297",0.105008941397773
"268301",0.0121147696049728
"268319",0.0525083160994357
"268345",0.00583731466689613
"268354",0.0111206611570248
"268373",0.00420691138665687
"268390",0.0149348118697626
"268391",0.0478515625
"268395",0.0191076390534029
"268396",0.0264613012359299
"268417",0.0153355432842508
"268420",0.00732560017910544
"268445",0.0062800669884868
"268448",0.00722612125117841
"268449",0.0135256178174452
"268451",0.00306147908960609
"268469",0.0483624835836703
"268470",0.00383368431117947
"268480",0.00488886801879881
"268481",0.0105734537400981
"268482",0.0860225960488125
"268490",0.00974905865018841
"268491",0.53256248120552
"268510",0.00703929984691525
"268512",0.031319732905562
"268515",0.0112013619046037
"268527",0.347881326575397
"268534",0.0862633869626877
"268564",0.0149559134948745
"268566",0.00612551788185895
"268567",0.00844850259909289
"268595",0.00410111591387544
"268656",0.00781255446164428
"268663",0.308381847233125
"268670",0.0217929736287136
"268697",0.823798103797057
"268706",0.0151155789146989
"268709",0.00819337098692033
"268721",0.00655232789864906
"268729",0.339235313919107
"268739",0.0219158739879791
"268741",0.00496339450713543
"268747",0.0153564006158863
"268749",0.0124311294222368
"268752",0.0101308477057659
"268755",0.0109193082846154
"268759",0.116956947213444
"268780",0.0721907017388331
"268783",0.00725278109385237
"268807",0.27132749241846
"268816",0.114196016773022
"268822",0.0153160978395997
"268857",0.408788777224984
"268859",0.00738201601749335
"268860",0.00529691090560091
"268878",0.0223820447640895
"268880",0.00791594262077452
"268882",0.00599596679458063
"268890",0.00729563879193722
"268902",0.00940488421402895
"268903",0.00885593305995677
"268930",0.0462827170814293
"268932",0.00515563828196039
"268933",0.00799210812551705
"268934",0.0217819613452264
"268935",0.0547449339754628
"268936",0.0131458085612366
"268958",0.841574815988234
"268977",0.0351009685398809
"268980",0.0126754733054141
"268996",0.00932802259986802
"269003",0.00920359518942611
"269019",0.0422588687710303
"269023",0.0183251722597243
"269033",0.0217995419855579
"269037",0.00609896701169442
"269060",0.00660130249197069
"269061",0.00640921602716346
"269109",0.0183907877718927
"269113",0.0104530990431174
"269116",0.00606763556761401
"269120",0.278050860430764
"269132",0.0386370599986283
"269152",0.0802021715425437
"269180",0.0046814404432133
"269181",0.00651430737619858
"269198",0.0313996643372965
"269209",0.0582753561474791
"269224",0.0997830025153462
"269233",0.00376404132895306
"269252",0.00915765144886479
"269254",0.0119652495878979
"269261",0.0116578059680439
"269275",0.0264535522135257
"269295",0.00975157865569022
"269336",0.00664791907481209
"269338",0.0053060615558505
"269344",0.0698503289784588
"269356",0.2601697257142
"269378",0.0127246910261991
"269389",0.00786406289498737
"269397",0.00598433606265575
"269400",0.0162969669533726
"269401",0.00913000538788146
"269423",0.0421600613201521
"269424",0.0179052166371715
"269437",0.0410514338218317
"269470",0.00721277737902482
"269473",0.011982559321468
"269513",0.0165747057508796
"269514",0.00826149984039382
"269523",0.00308641975308642
"269529",0.00851755694124529
"269536",0.0210856388474956
"269582",0.101280843006039
"269585",0.0305196690375962
"269587",0.0204081632653061
"269589",0.204408551360463
"269593",0.0100821351787154
"269604",0.082102311369255
"269608",0.00862655637454591
"269610",0.00752848528736934
"269614",0.0122756327479339
"269615",0.00971467362642796
"269623",0.0260034321822002
"269629",0.0129358283407925
"269630",0.0321959889294161
"269633",0.0769754567382864
"269639",0.00778847699293222
"269642",0.00404118514680493
"269643",0.0030162686200894
"269682",0.00508340323987581
"269683",0.583459525769488
"269693",0.311862825952009
"269695",0.00748176453412108
"269700",0.00580948989280245
"269701",0.0410451887498381
"269702",0.0153496749941264
"269704",0.00876941681217837
"269713",0.00652994592388532
"269717",0.0114306289184247
"269774",0.00874339477148954
"269784",0.0147137040800962
"269788",0.00354207382713653
"269799",0.542936288088643
"269800",0.00694288064454073
"269823",0.0466603914629244
"269831",0.0128960248937031
"269854",0.00833097733294358
"269855",0.221191062333567
"269870",0.0255736512582855
"269878",0.00619447636601313
"269881",0.0107774948214034
"269902",0.709800584913606
"269941",0.0209699222861949
"269951",0.00804139619005853
"269952",0.0276810754045818
"269954",0.287638726849545
"269955",0.0255307172171445
"269959",0.109248068929216
"269966",0.0106152433425161
"269994",0.0168400578156667
"269997",0.0268023491357251
"269999",0.00863791104182978
"270028",0.00469615038055473
"270035",0.022993287971195
"270049",0.0195510917221139
"270058",0.0119939376919927
"270066",0.00419010502964899
"270076",0.00808801332017679
"270084",0.0445067096940399
"270086",0.00676967557012586
"270091",0.305263736495766
"270096",0.00812203203971006
"270097",0.0283401114786109
"270106",0.0101896666545015
"270109",0.00787949766730334
"270110",0.0100726477815739
"270118",0.02238249992747
"270120",0.0171423647455827
"270150",0.229431638531974
"270151",0.0167503980802825
"270152",0.328065419118782
"270156",0.0182228231472456
"270160",0.0979337552855663
"270162",0.00894065466820967
"270163",0.00891757204114936
"270166",0.00624466907393008
"270190",0.0105240471613165
"270192",0.0032318446237568
"270198",0.0142190532765505
"270201",0.00967689217986992
"270210",0.00775101820068211
"270624",0.351235439526746
"270627",0.0128269471898816
"270669",0.0126005681357033
"270672",0.078696495024483
"270685",0.0143035985972939
"270802",0.0151789574607075
"270893",0.0206263279002443
"270906",0.239997990016834
"271005",0.0161903178554118
"271127",0.0877838480226514
"271144",0.426409432976129
"271221",0.107360796740607
"271278",0.0909670508845314
"271305",0.0269429495909444
"271377",0.0146821486487535
"271424",0.143207590680762
"271457",0.00565323082141444
"271508",0.195482648964817
"271564",0.0137847882473703
"271697",0.505167225970052
"271711",0.0175922035299189
"271786",0.0244645233819421
"271813",0.125207100591716
"271842",0.0253628477934617
"271849",0.0256523058824552
"271970",0.0932867839502569
"271981",0.00920448459239723
"272009",0.0157687121808228
"272027",0.0208457691689082
"272031",0.0185193798708558
"272158",0.376023495906016
"272322",0.03201595356043
"272347",0.00886865190933387
"272359",0.00856580281236676
"272381",0.0103746266362131
"272396",0.00597364784177971
"272411",0.199308845598267
"272465",0.103607153484691
"272538",0.0386575172865594
"272551",0.06331733318259
"272589",0.00827963623905513
"272636",0.0944957281914564
"272790",0.019910421920283
"276770",0.00437944840138982
"276829",0.119762656230274
"276846",0.00757606934815873
"276852",0.0211457705581373
"276905",0.0201783737880892
"276919",0.00955941819429468
"276920",0.298349842183122
"276950",0.348366948963658
"276952",0.00493583169055357
"277010",0.0193642449003651
"277154",0.0204248650281743
"277250",0.00883394547463346
"277328",0.181859961032465
"277333",0.0191680445408705
"277353",0.464041781581969
"277360",0.0119444355474628
"277396",0.00686215172755805
"277414",0.00545383508092719
"277432",0.0150623888889476
"277463",0.0106406951224356
"277468",0.00851353563094657
"277692",0.11811396971586
"277743",0.0814938338480717
"277744",0.0836064799809456
"277773",0.77319950692745
"277854",0.00600428843892888
"277939",0.0121127693245887
"277973",0.0138616766407886
"277978",0.0612734858874659
"278097",0.0325014878000397
"278240",0.0426023466639541
"278279",0.0247608222336489
"278304",0.833255304046621
"278507",0.304044021311905
"278672",0.362563560477548
"278795",0.0232449534131625
"279028",0.127955908323468
"279029",0.391057357683699
"279561",0.0176141666628865
"279572",0.10809963920403
"279610",0.124528815510683
"279618",0.0448010504160365
"279653",0.010817257784108
"279706",0.743798671922349
"279766",0.0149628437853192
"280408",0.108622913595678
"280411",0.0091581035071505
"280621",0.39520737171138
"280645",0.021116823108902
"280668",0.0215267819104721
"282619",0.0200744893033357
"282663",0.245322348642366
"286940",0.0112954794744335
"286942",0.0722956803404641
"317717",0.0124335170777376
"317750",1.66582117201619
"317757",0.397340727708866
"317758",0.485910732671
"319158",0.360788224514008
"319162",0.0629591138430757
"319179",0.0815330403150872
"319190",0.0259190864750784
"319195",0.0102382834389325
"319196",0.405749492578395
"319197",0.0364336235247126
"319207",0.0801230254710502
"319211",0.152756937852223
"319216",0.526924864078207
"319224",0.717526218538288
"319229",0.354125314336869
"319236",0.068344298971903
"319239",0.183850410246808
"319247",0.0691007207310049
"319251",0.115624272541096
"319259",1.03802350607858
"319262",0.0317794303529088
"319263",0.00761058110407227
"319266",0.0262319283392408
"319272",0.325146520779888
"319277",0.0205765030116002
"319278",0.0130175164271744
"319317",0.0259127008703117
"319322",0.00283394868230891
"319336",0.216978334829137
"319352",0.00725769628322842
"319370",0.00988707035754
"319371",0.0577071155685302
"319387",0.012841687090415
"319403",0.271179534053372
"319405",0.120243103428475
"319415",0.277076824372404
"319430",0.129804614979078
"319448",0.00751051913734734
"319455",0.0883792940194325
"319463",0.0142250997038505
"319466",0.293893157050405
"319468",0.00711741352216793
"319469",0.185178469334154
"319475",0.0058754070574467
"319477",0.0129398664996836
"319478",0.0160037741326753
"319480",0.0295117234782004
"319481",0.0104221362343057
"319486",0.195010215420781
"319487",0.493974725903795
"319504",0.00418322610794626
"319506",0.654874024571469
"319508",0.111866616413183
"319513",0.0128177467718714
"319518",0.0171257163897902
"319520",0.0446146016508946
"319535",0.0174328256298446
"319545",0.185596738678428
"319551",0.0279446792488582
"319552",0.385649331705178
"319554",0.0787320153338224
"319555",0.00775859754624285
"319556",0.0905317565980108
"319562",0.508703009178541
"319564",0.105614241059688
"319565",0.0122790357925493
"319582",0.0258352738008376
"319583",0.0225080263978671
"319586",0.00490290499474871
"319587",0.216107864705396
"319594",0.00640573091531624
"319601",0.0111537496170547
"319604",0.00516874798554651
"319613",0.00500828402366864
"319615",0.0192852861115752
"319616",0.148063636725624
"319618",0.0105784845083211
"319622",0.0305147957454376
"319625",0.0427990497620571
"319634",0.0640922929017786
"319636",0.0105701940207767
"319638",0.0923158453318698
"319642",0.00671793890633575
"319650",0.160801293522154
"319651",0.0131207401499231
"319653",0.0301734893096935
"319655",0.0233688378032827
"319660",0.0164754182525517
"319670",0.0231520600806234
"319673",0.145145134367135
"319675",0.0172854399136522
"319702",0.061189023929003
"319710",0.0166547226722248
"319711",0.136422996878252
"319713",0.00788404863591854
"319719",0.020977053025015
"319720",0.49034536683142
"319722",0.108948416138115
"319727",0.296104726647323
"319734",0.186657989125077
"319740",0.00658451428846149
"319742",0.0408684650395447
"319748",0.0073248924600276
"319750",0.241860662780277
"319752",0.0668718368530397
"319757",0.0129337081234204
"319758",0.017869297718096
"319760",0.0680332743618009
"319765",0.692461734693878
"319767",0.106707253257976
"319772",0.645925894319133
"319781",0.431193235866977
"319783",0.0633532324494424
"319786",0.104557352361146
"319801",0.0116164245352661
"319804",0.0105964452995164
"319807",0.0152669596908655
"319817",0.00991515054530699
"319822",0.0201658150887777
"319830",0.00543651383550298
"319832",0.00690698096768444
"319845",0.0181795227875268
"319849",0.357256499636966
"319865",0.0283377842781846
"319870",0.246177037991832
"319876",0.0373526663586061
"319880",0.01
"319885",0.0211480817416894
"319888",0.169550173010381
"319893",0.0853826181719264
"319899",0.0162230876238402
"319901",0.012928320083244
"319903",0.167273258764641
"319909",0.00715749855119791
"319915",0.0915348368666569
"319922",0.0287775911916824
"319924",0.00538096602598272
"319934",0.00804258292834269
"319939",0.00582785864047941
"319942",0.59399263642511
"319944",0.0137352428090389
"319945",0.0102324086429877
"319951",0.0918937147262588
"319953",0.0104539150875927
"319955",0.0195337551738109
"319960",0.182250294917595
"319965",0.0068239462209523
"319974",0.013730703541371
"319981",0.474957437782144
"319982",0.131449203746547
"319984",0.00453850415512465
"319991",0.0759346209659545
"319996",0.00737491376696425
"319997",0.493656619514953
"319998",0.0159971788332837
"320001",0.623548686691117
"320007",0.00892269086207931
"320011",0.005888047090305
"320014",0.853457353360561
"320019",0.162025206036965
"320020",0.0992889421865705
"320022",0.436984610650963
"320024",0.00449881023200476
"320026",0.0926528538546705
"320027",0.0153400234485507
"320038",0.0192646182673045
"320046",0.022567474215377
"320051",0.0484720647197599
"320064",0.0392065120474891
"320078",0.0309101935483397
"320080",0.0257262477142415
"320091",0.0146025557689088
"320092",0.521096890508392
"320095",0.258086010687991
"320099",0.662647780244513
"320100",0.0270125432282824
"320106",0.0397610057189187
"320110",0.0937089496427039
"320111",0.0188773856270228
"320116",0.183240532662869
"320119",0.01287847349282
"320127",0.0158207931137672
"320129",0.00949714353078148
"320135",0.308592110183202
"320145",0.161778054663609
"320148",0.536945605832925
"320150",0.00870573637046401
"320152",0.0981231071543646
"320155",0.153313069512577
"320158",0.00636851173287389
"320159",0.152118750577848
"320162",0.0281199788740361
"320163",0.123302837829963
"320165",0.0044911959539802
"320172",0.19011729774711
"320174",0.0351300443060052
"320183",0.031011986397645
"320184",0.00812441168387262
"320187",0.491384071495961
"320191",0.0135290695227719
"320202",0.233611111111111
"320203",0.00802955549149913
"320204",0.039434636084704
"320207",0.0581775513445426
"320208",0.0612179827824423
"320209",0.160997888070416
"320210",0.0316580640293476
"320213",0.00682332402162989
"320214",0.181917072377319
"320225",0.381885606699697
"320226",0.0592389693884684
"320229",0.525154326193287
"320234",0.016526879255073
"320237",0.0085875342222159
"320244",0.00892712239023993
"320247",0.0374868203059078
"320253",0.0546070257483519
"320256",0.221500181256399
"320265",0.0123524670144236
"320267",0.0102395124716553
"320268",0.00742086330508581
"320271",0.0235256480555308
"320277",0.0496014653544609
"320292",0.0276925714402572
"320295",0.0449701693061536
"320297",0.436943407066935
"320299",0.0199058930331792
"320301",0.0155301595513715
"320302",0.32509771793244
"320311",0.0688144667934013
"320312",0.0573899858067751
"320315",0.0585244245858316
"320323",0.129186805086413
"320333",0.0324115487434478
"320343",0.0167854156151797
"320351",0.0256892763054062
"320354",0.043428810332465
"320360",0.00567292610849637
"320365",0.00818984050285621
"320376",0.0124092345264555
"320394",0.0318618879320631
"320398",0.0588940090441544
"320400",0.184656086389034
"320404",0.00682815704216744
"320405",0.0102116925310858
"320415",0.439601599064768
"320429",0.0122221668565179
"320435",0.052829948329111
"320438",0.0273273624569021
"320452",0.111860648671339
"320456",0.0833826557365984
"320460",0.0639275057284082
"320466",0.0879374858533273
"320469",0.0447543770158616
"320472",0.00932474928393814
"320473",0.0130661469071976
"320478",0.0234261540417858
"320484",0.0624819923648561
"320485",0.788143729890924
"320486",0.573712491054945
"320487",0.0249248780659809
"320492",0.0118667348148642
"320495",0.015634364230924
"320500",0.0339017896126926
"320506",0.0140703766829893
"320507",0.533844851104696
"320508",0.0199752871044424
"320522",0.0432798568154803
"320528",0.0175852659642981
"320534",0.0103695993816413
"320538",0.0255053633460436
"320541",0.00812207702691955
"320554",0.00903722806850729
"320557",0.0104909129257044
"320558",0.493282606923957
"320560",0.00916704391127207
"320563",0.0163709680264623
"320571",0.506786441908667
"320586",0.430931910826242
"320587",0.029649594060869
"320593",0.100368794589774
"320595",0.0160213760907205
"320604",0.566441767204687
"320606",0.35056781736383
"320609",0.0225233621517383
"320614",0.104282252753237
"320615",0.0106813754117744
"320632",0.00509608570645592
"320633",0.048039031713267
"320634",0.00517462855001843
"320635",0.713075956768273
"320642",0.600213173643086
"320655",0.0156714683758382
"320661",0.00644621286305371
"320662",0.213731976465241
"320664",0.164134066339948
"320678",0.00778546712802768
"320679",0.0123021481291743
"320683",0.00972974223703087
"320685",0.0677118742051104
"320692",0.235583877202752
"320696",0.239190480456269
"320700",0.156599989765814
"320701",0.530513551265765
"320705",0.00578399685669994
"320706",0.00591929476591696
"320707",0.00733406634911567
"320709",0.0425553673649343
"320712",0.149658294553348
"320713",0.0193679132625978
"320714",0.00711736117349786
"320717",0.0127384777209642
"320720",0.0155573698428477
"320722",0.0305917390738626
"320727",0.00844293436469375
"320736",0.0641822377037854
"320739",0.399369538660882
"320742",0.021214315253432
"320749",0.134300802223469
"320752",0.465505622956119
"320770",0.130507667940623
"320772",0.0161387552884069
"320775",0.410490803038124
"320782",0.269679283092425
"320784",0.391376234583276
"320790",0.0225889118012449
"320795",0.00667963622972404
"320799",0.0295005492144448
"320802",0.0204430888092871
"320806",0.0139798635346846
"320808",0.00593066154959994
"320816",0.0159363507019359
"320817",0.0194488795329221
"320825",0.0772462331986918
"320827",0.00851515277247173
"320840",0.0120773884655798
"320842",0.510750298766515
"320844",0.0533959778416215
"320845",0.0427102686953458
"320846",0.045802825264775
"320865",0.0212739023986114
"320869",0.0349531441235889
"320871",0.102344881494571
"320873",0.0108180853135345
"320878",0.00336531016812794
"320879",0.0248020010812393
"320910",0.134352371473606
"320916",0.00688881493992734
"320919",0.328584652687668
"320924",0.0218980206101418
"320933",0.075446017747303
"320938",0.00389054649830573
"320939",0.0101152728233584
"320940",0.0145733956952559
"320949",0.368076523809454
"320950",0.0350871468225999
"320951",0.00859928451605943
"320961",0.0530687207039281
"320965",0.0580955362384792
"320973",0.137632427604595
"320974",0.189127953622521
"320975",0.10091294962015
"320977",0.0255788996505975
"320981",0.0400058722061065
"320982",0.00835224010930131
"321000",0.0165935559756696
"321003",0.0117877551020408
"321006",0.0114681482927748
"321007",0.00918387440582139
"321008",0.0101315775329213
"321014",0.345170145598698
"321019",0.124253583599781
"321022",0.00504878543276284
"326618",0.0106690253633148
"326622",0.00540209782715859
"327655",0.00553240898845707
"327743",0.161433935035565
"327744",0.0121981434133984
"327747",0.161643066231551
"327762",0.117920413474212
"327768",0.400395799419069
"327812",0.0299388959955855
"327814",0.0107242755937799
"327826",0.0134573321700598
"327900",0.0104780209560419
"327942",0.016088264715574
"327951",0.0061770060457822
"327954",0.10846966376911
"327958",0.0155730811124779
"327959",0.218920966248632
"327978",0.0454641076429206
"327987",0.0117442906938493
"327992",0.308123372552379
"328019",0.163958894726219
"328035",0.0121583895042801
"328075",0.233659787698177
"328092",0.0250018262838776
"328099",0.0126545848682714
"328108",0.012080450192301
"328110",0.0251671910646451
"328133",0.00737324829349624
"328162",0.0089571182205143
"328186",0.015687688001253
"328232",0.012240632231579
"328234",0.0107172660055503
"328235",0.167748332758901
"328274",0.142554862831252
"328309",0.0417268996327838
"328314",0.227476766686875
"328329",0.0153949873659408
"328330",0.0908357682021887
"328354",0.475370439819376
"328365",0.00717985036948962
"328370",0.021728188120353
"328381",0.214437978606644
"328417",0.0375913513793282
"328424",0.572002957370139
"328440",0.0765221144044151
"328448",0.313738418312394
"328479",0.0793032505702659
"328561",0.675904950866284
"328572",0.0142738429107347
"328580",0.0116784702385503
"328643",0.0180199964119021
"328734",0.114020079001786
"328778",0.0180197500754853
"328783",0.409160842274771
"328789",0.0883214250294514
"328795",0.201114932265874
"328801",0.00849819233629893
"328833",0.463735932854078
"328906",0.125098112314987
"328918",0.0356282982673319
"328949",0.0220777700425914
"328957",0.233569357266818
"328967",0.109207743990956
"328968",0.373244942452003
"328971",0.0548166986856633
"328977",0.0111321463441639
"329002",0.0199348046566808
"329003",0.0229864724245578
"329015",0.00909245161957
"329056",0.186888846434024
"329064",0.0743036530869433
"329065",0.472365697524922
"329078",0.0210607966572816
"329093",0.487395840429025
"329152",0.0182240095512413
"329154",0.0326669009026591
"329160",0.0747921460832361
"329165",0.00916289545837291
"329178",0.0163478287178911
"329217",0.0604165019278557
"329251",0.0106461358988604
"329252",0.0806434480021978
"329260",0.0226719288052329
"329274",0.0187616096761048
"329278",0.569065528078281
"329324",0.0158539560462655
"329358",0.285778056457574
"329366",0.0685489226677079
"329384",0.0646273154788573
"329387",0.445077781655813
"329416",0.038156571294946
"329421",0.258602734954593
"329427",0.0443213296398892
"329470",0.0329370540263212
"329482",0.453020982338148
"329483",0.342910478045613
"329502",0.0490391851543094
"329504",0.0477706493550306
"329506",0.0223056164614606
"329509",0.405204628896611
"329513",0.137617065556712
"329540",0.00491782298413395
"329559",0.0157631717668685
"329562",0.520682299987315
"329575",0.00773335715638523
"329581",0.723542192435786
"329584",0.0317353027555356
"329628",0.0373950704232667
"329641",0.00633583131097294
"329650",0.017299247475533
"329659",0.0237008660873078
"329679",0.0157790434335851
"329702",0.210325861197444
"329727",0.152930226000252
"329735",0.0110152498346577
"329739",0.0137612314385917
"329777",0.00399257336070523
"329782",0.0400353044996058
"329790",0.151462389461393
"329795",0.0336671997306624
"329828",0.00690314543137187
"329831",0.306212275372521
"329872",0.118349573755437
"329877",0.020881566649457
"329908",0.00601323937752919
"329910",0.00843789906773419
"329934",0.0324074926287545
"329941",0.255623066907895
"329942",0.0215487616170212
"329972",0.612190681529571
"329977",0.0436566633870894
"330050",0.0156407629245968
"330052",0.389198334845281
"330064",0.0110943982066016
"330119",0.0207667357859735
"330133",0.16901745808615
"330143",0.060756810024315
"330149",0.108206371191136
"330164",0.0746791542137982
"330166",0.0230321601321434
"330171",0.00646884694983439
"330173",0.0383428660655717
"330177",0.00623324019813766
"330188",0.195145776056092
"330189",0.0226865339349141
"330192",0.0110204550139615
"330216",0.0806230528149273
"330217",0.0322480658599484
"330222",0.0460637792059781
"330230",0.027931556302773
"330256",0.262453138652791
"330260",0.00649543204799604
"330267",0.0345686447307087
"330286",0.00900519206218846
"330301",0.0278870314689229
"330319",0.00909955163608859
"330323",0.0165824703332817
"330324",0.168665594505471
"330355",0.466893374590279
"330361",0.0408890446762526
"330369",0.00702825437593639
"330385",0.27998984071729
"330401",0.00510204081632653
"330403",0.782530431775888
"330406",0.141311404441942
"330409",0.039112936841589
"330427",0.00772454370457607
"330450",0.0142158468685545
"330460",0.872749307479224
"330463",0.06611318456418
"330474",0.0100082186148165
"330483",0.265755627901975
"330485",0.0169249224624332
"330502",0.0367601334162474
"330503",0.0155223248497114
"330554",0.0116719697403664
"330577",0.0944989299397093
"330599",0.208081416719177
"330627",0.01949062843879
"330657",0.0442962304928771
"330660",0.102103925482556
"330662",0.0100989742998044
"330671",0.00701825134114808
"330695",0.00484166539664354
"330723",0.080747976849092
"330734",0.446428252667451
"330788",0.0159402296502615
"330790",0.0142144297296452
"330812",0.00560819084528831
"330814",0.00300576806719577
"330817",0.00804236590212322
"330830",0.253864600818716
"330836",0.0139330943040906
"330863",0.0298770758817982
"330908",0.00785736041206875
"330914",0.0131387773594338
"330921",0.750997267587178
"330938",0.00730130652193403
"330941",0.00539397606623917
"330953",0.12160460033774
"330959",0.0313162347364335
"330963",0.0386441668492951
"330998",0.168648965665085
"331004",0.0170555077004337
"331026",0.0167322591024975
"331046",0.242965457236349
"331188",0.696170608104985
"331374",0.392158305096512
"331392",0.0107740668168006
"331401",0.0239712340192263
"331424",0.0545675490869558
"331461",0.0264289076108882
"331474",0.0224934272986548
"331480",0.0727780607570082
"331487",0.0362463895642576
"331524",0.111111111111111
"331532",0.00749622120966103
"331547",0.504888239698659
"331578",0.252801995575851
"331623",0.0315306085671734
"332110",0.247693814643118
"332175",0.00879158284194704
"332359",0.0963190713148474
"332397",0.015709803100741
"332579",0.0928503021236962
"332934",0.627487347983407
"333050",0.139753554107615
"333088",0.0704312852576112
"333182",0.0666485961773323
"333193",0.0867058256060739
"333315",0.25699470159391
"333329",0.194285172281879
"333433",0.00569361594459983
"333605",0.0101052915989942
"333639",0.0143542260606275
"333654",0.0356951613450115
"333670",0.158605888081741
"333789",0.024300086706495
"333883",0.504193551127475
"338320",0.00897746300282594
"338337",0.00839674186039262
"338346",0.259086291215218
"338348",0.156953591646711
"338349",0.0212475893580647
"338350",0.0713779574892745
"338351",0.0219315708299633
"338352",0.004547638893153
"338354",0.0160272875803566
"338355",0.00573084391067538
"338359",0.00788287028690851
"338360",0.10553875239019
"338362",0.00994140974179196
"338363",0.0386566599121244
"338364",0.0694117809147487
"338365",0.0201314659988178
"338366",0.00469131169074873
"338367",0.0183558792924037
"338368",0.305057023289235
"338369",0.101172048871694
"338370",0.0109511719158124
"338371",0.00544800208619967
"338372",0.0163974435380113
"338403",0.472246885766684
"338467",0.0127570605369484
"338521",0.016925720532758
"338523",0.0228321196033762
"338535",0.0587481910427388
"347722",0.00518103898335327
"352968",0.242362350688976
"353025",0.483723631691486
"353047",0.00756805290676722
"353123",0.0532760618419354
"353155",0.144816275909457
"353156",0.0137217274068768
"353169",0.0672809234819276
"353170",0.0104869799365751
"353172",0.00528325079866281
"353187",0.0144581076691648
"353188",0.537115362470953
"353190",0.00719504078830843
"353204",0.281438403994786
"353208",0.0419426261765627
"353211",0.00614009552966264
"353234",0.116553382439875
"353235",0.632169782637451
"353236",0.0432628817276564
"353237",0.0273842048567514
"353242",0.0103453276662722
"353258",0.0136568175918815
"353282",0.180569034186605
"353287",0.0728892066196837
"353310",0.0130966127539783
"353326",0.0227544100802524
"353328",0.354751413911919
"353342",0.00631244791681086
"353371",0.232254318478734
"353499",0.0515926149525352
"353502",0.0126013645788142
"353504",0.307888688234657
"360013",0.00477073574128863
"360213",0.0139996997851683
"360216",0.00616676231998943
"373852",0.0456028637228798
"373864",0.0882040830485343
"378430",0.165815702202153
"378431",0.0780709342560554
"378435",0.0893896844919899
"378460",0.266914508468385
"378462",0.024106648199446
"378466",0.017744963139019
"378702",0.00782969008441948
"378775",0.52569405785893
"378776",0.0773359148650811
"378937",0.015915445834079
"378954",0.0419933230865309
"380601",0.0285894422204357
"380608",0.0110793941342643
"380614",0.0423257521069539
"380629",0.0102111087415081
"380654",0.0658059345934671
"380660",0.0640549223927324
"380664",0.00872942063219755
"380669",0.122099755219494
"380683",0.0926799369061903
"380684",0.0105913535978395
"380686",0.00510736514762759
"380694",0.0470427892645765
"380698",0.0443384239718641
"380702",0.00799777584970633
"380711",0.00960908583951349
"380712",0.232885776209474
"380713",0.0794746544772638
"380714",0.0667168532798735
"380718",0.0383810784311626
"380728",0.047169769260469
"380732",0.658364886202413
"380752",0.00778546712802768
"380753",0.00690464580408926
"380768",0.0273719337631987
"380773",0.0324434503519372
"380785",0.00772379471103239
"380787",0.543405043765574
"380836",0.00554246450810975
"380840",0.0131313083257837
"380850",0.0496750938361016
"380855",0.0552036912562382
"380863",0.364730702025207
"380912",0.0360463501167405
"380916",0.0153887239083781
"380918",0.263100136613196
"380921",0.0348651021848797
"380924",0.0581045694009533
"380928",0.0116090125515083
"380930",0.216615201107214
"380959",0.0803895272305381
"380967",0.0105781352447374
"380969",0.012093185977891
"380977",0.0125285754702565
"380993",0.0258636494575234
"381022",0.0111017362895993
"381038",0.00956591050407748
"381045",0.0461371443153838
"381059",0.146387179590108
"381062",0.0205684390183193
"381066",0.0193984642910105
"381067",0.113376058542176
"381072",0.289801604829939
"381077",0.444883438024845
"381085",0.00675199807703864
"381101",0.0545034001284939
"381104",0.0355831753807421
"381107",0.193807889880068
"381110",0.02620054504273
"381112",0.176005284344149
"381113",0.0125111283377569
"381126",0.0286520643523469
"381148",0.0207045264213563
"381157",0.0334734078303528
"381196",0.324236663512202
"381199",0.00849692581380107
"381201",0.0494060433435374
"381204",0.372879697312368
"381217",0.0196395383921613
"381218",0.0467195021569149
"381229",0.30159903251814
"381232",0.0640420595439509
"381236",0.0416970164908805
"381259",0.0114613340394855
"381260",0.0304668877441577
"381269",0.0417865729625557
"381270",0.0172189325310979
"381280",0.0366257047581003
"381284",0.767256028858607
"381290",0.0335668348243685
"381305",0.0145854626709225
"381306",0.115692535517608
"381310",0.00785920029938679
"381314",0.00676974843775036
"381318",0.122993108943801
"381319",0.3136
"381337",0.415699589413541
"381338",0.00538627140809395
"381350",0.0289329951770915
"381352",0.098618495243808
"381353",0.00636970030805317
"381356",0.00823310715272304
"381373",0.0446152014246148
"381379",0.0108712742301386
"381404",0.447114699687322
"381406",0.0112944819621941
"381409",0.379113149643958
"381410",0.014564173196958
"381411",0.378418971963874
"381413",0.0173271553519367
"381418",0.0202743396047217
"381438",0.060532976529097
"381482",0.334145571248
"381489",0.0512349342585829
"381510",0.0576506707694878
"381511",0.00931796376624303
"381522",0.268636559490149
"381538",0.0484936369957127
"381544",0.304275048503739
"381546",0.254948833086519
"381549",0.292531500522157
"381560",0.0328402270044366
"381582",0.0259967224593912
"381598",0.0431470918669734
"381605",0.0379631491280992
"381626",0.00877700203829853
"381629",0.00918989404517159
"381633",0.0906996229070568
"381634",0.0186987068571005
"381644",0.0334799743552257
"381650",0.0494526880080893
"381668",0.0067599508483179
"381673",0.177218116567427
"381677",0.0161460498464431
"381678",0.0234961905269327
"381693",0.322046674705594
"381694",0.0143957468803304
"381695",0.0122303379653969
"381738",0.0225196635341284
"381741",0.31836238908179
"381760",0.0320444683392794
"381785",0.656120796056957
"381792",0.201540033447315
"381798",0.28817260114759
"381801",0.00531684027777778
"381802",0.0157305542129842
"381810",0.106568267087011
"381812",0.0591202705985473
"381813",0.00794911389690258
"381820",0.0111538622759766
"381823",0.102115928317453
"381835",0.166522552233103
"381836",0.418571615932544
"381845",0.125870699432892
"381853",0.110315386115835
"381884",0.186713339777367
"381903",0.0364714583194001
"381914",0.0647366411534354
"381917",0.161519150517926
"381921",0.00500927837201059
"381922",0.418966330147184
"381924",0.44180773445843
"381925",0.0589221124300133
"381933",0.141264722976234
"381979",0.00431337764489336
"381983",0.00756143667296787
"381990",0.0282262121089249
"382010",0.0301276224278521
"382014",0.00977119842089599
"382018",0.00473220985717464
"382019",0.034337939599769
"382030",0.0082901867467734
"382034",0.0111159821046415
"382038",0.0325891251397484
"382051",0.0237215003188776
"382056",0.00587260792939162
"382062",0.427764380258425
"382066",0.0139808266798944
"382073",0.0262919298124581
"382077",0.422086088685139
"382083",0.0225899350733956
"382089",0.066418237913962
"382090",0.0200001041088346
"382105",0.509377617273217
"382111",0.0285760987691569
"382114",0.293402777777778
"382117",0.0123556251783169
"382118",0.0793134888953404
"382137",0.0662149484994947
"382207",0.0355180846687962
"382221",0.391282341070126
"382236",0.0281767353677326
"382245",0.0133158458273337
"382252",0.0333627030113589
"382253",0.171164892816923
"382384",0.283610729294144
"382395",0.888179362702372
"382406",0.0295868810493633
"382421",0.551446567916022
"382423",0.00533950466523321
"382427",0.62356300507989
"382562",0.026555235180857
"382571",0.00835443063889851
"382620",0.0108065051421681
"382639",0.203175709515682
"382686",0.0970863440134327
"382793",0.00779225893548184
"382864",0.21041999831664
"382867",0.0575690296096417
"382913",0.134148244946468
"382985",0.0110542272655231
"383103",0.0109710339434074
"383295",0.00641662776849997
"383348",0.0124032528480532
"383563",0.0266834218742229
"383619",0.0760503265318729
"383766",0.196600213599146
"383787",0.0230689908241739
"384009",0.0450872828470231
"384059",0.118468569685978
"384061",0.00688587549842383
"384071",0.0383221553783135
"384198",0.488455371870541
"384214",0.00849614063095618
"384281",0.00875845112831324
"384309",0.183487771104597
"384569",0.00510558082719409
"384619",0.0547032582881416
"384724",0.407592204770797
"384763",0.0148918602438508
"384783",0.0144997903605789
"385354",0.0585630274189942
"385658",0.0089689772317188
"385668",0.155188246097337
"385674",0.0276140211498943
"386454",0.0791201816731523
"386463",0.145866577016784
"386612",0.0280167253034685
"386649",0.00673401899656197
"386655",0.0106924319863833
"386750",0.0115749764857306
"386753",0.016007042710483
"387224",0.39955507356296
"387285",0.1107239225178
"387314",0.0124756852664086
"387524",0.0195532777281748
"387609",0.014883509820491
"394432",0.2332029629241
"394435",1.32631941652211
"396184",0.0177378676490197
"399101",0.0562227654373472
"399510",0.00844089120102732
"399548",0.0257829151881346
"399558",0.01132096
"399566",0.0118187589847167
"399568",0.0184046683014126
"399591",0.0900530781282445
"399599",0.0642426133716588
"399603",0.0437706185505856
"399609",0.0341114392203134
"402727",0.381242787632165
"402728",0.317532601382346
"402757",0.0618581401827252
"402767",0.161876020538331
"403174",0.0373169101893759
"403178",0.0376299684741827
"403180",0.454393342243908
"403185",0.125182161535151
"403187",0.0128703005057507
"403201",0.270497601625062
"404634",0.0147440978344862
"404710",0.404339663674543
"406217",0.0190634573070468
"406218",0.0102745867768595
"406219",0.385083285965164
"406220",0.0190390863704004
"407243",0.0134346057903515
"407785",0.0140650386387312
"407786",0.00696686394380853
"407788",0.13345178533409
"407790",0.0454230185820354
"407800",0.0284055043555107
"407803",0.0480433634424811
"407809",0.311829641296937
"407810",0.405642080037036
"407812",0.0219004564120367
"407819",0.00461088871372465
"407821",0.0318178623716888
"407823",0.0128638824996693
"407831",0.0202074284529829
"408022",0.0410223230032754
"408059",0.611232293713535
"408061",0.383165643430532
"408062",0.0281993872601677
"408064",0.116597263533611
"408065",0.201382388075064
"408066",0.137293759049355
"408067",0.0229568411386593
"408068",0.0269382494238231
"408191",0.281210282253554
"414066",0.388779287920832
"414069",0.00954908104608804
"414072",0.0878368077728607
"414077",0.00721944551240976
"414081",0.105147266033997
"414085",0.0174795664360847
"414093",0.0131399459057171
"414095",0.17342194075075
"414101",0.0681647212987454
"414108",0.234636640048114
"414111",0.145151779857999
"414115",0.116561500244646
"414118",0.04956753789
"414123",0.0574598957706472
"414126",0.359253923620668
"414758",0.0182721234451055
"414801",0.112098212192288
"414872",0.00768756633639161
"415115",0.0803897596871742
"425051",0.064671635031886
"431706",0.615699244554664
"432396",0.0489443835120976
"432442",0.0122302657607027
"432450",0.0073336891140481
"432467",0.0111847582639886
"432478",0.187794448020154
"432486",0.00557537518732982
"432500",0.691347037739526
"432508",0.0141200930681975
"432516",0.214816069002491
"432530",0.0231543184326186
"432555",0.799993199290967
"432572",0.00575204392093445
"432582",0.0065294957147451
"432611",0.0805689293391732
"432615",0.317397341797262
"432628",0.153844491071027
"432636",0.388639267644119
"432731",0.00981525800335918
"432745",0.562069542774514
"432763",0.039842053461232
"432769",0.0575394774638159
"432770",0.432072301884873
"432779",0.0790990049584733
"432839",0.0873078141084599
"432842",0.031855755349814
"432855",0.663473255689729
"432879",0.180334021392381
"432939",0.104209868979169
"432940",0.0183532479080696
"432964",0.425589431817572
"432999",0.0831915489559402
"433003",0.760928853141817
"433004",0.067523174549249
"433022",0.0144045275899736
"433078",0.486591314693635
"433100",0.0312832616039613
"433111",0.682132775174391
"433182",0.117533754441101
"433198",0.635422993887194
"433202",0.0452221431140426
"433256",0.00666389004581425
"433273",0.439291508923743
"433323",0.0332026521386391
"433365",0.299708037653042
"433374",0.112993177529395
"433375",0.0116116705484167
"433408",0.015448945066871
"433415",0.273130099304435
"433416",0.170288934962588
"433424",0.0607348386599108
"433466",0.0777453625236895
"433481",0.362390634720823
"433485",0.0101235100779799
"433520",0.0276749289511192
"433586",0.0312056573455315
"433638",0.0991350753534655
"433667",0.00738413987761595
"433693",0.00629799301268238
"433698",0.0481535854659796
"433700",0.224959267393625
"433702",0.00561622122646425
"433752",0.0324035804072133
"433759",0.0115772900502649
"433771",0.00781778190203665
"433809",0.0539083076609544
"433813",0.00830655276942125
"433864",0.00957776922281403
"433868",0.145015021377182
"433873",0.278678428584756
"433904",0.0051949309405608
"433926",0.00875119519664331
"433931",0.0191239135568041
"433938",0.0118115810557916
"433940",0.0573494747441129
"433956",0.0286201411186566
"434008",0.0111896728515625
"434064",0.0903082798612734
"434128",0.00420809141433735
"434130",0.0730694735355076
"434156",0.0136677568680548
"434178",0.0191741231194015
"434179",0.0848807158404584
"434197",0.182778913767955
"434204",0.0122080049464893
"434215",0.104107055664062
"434232",0.146132493717874
"434233",0.0628286054524321
"434234",0.119858253112933
"434246",0.22792924037461
"434280",0.0245750044283427
"434341",0.341144451168397
"434350",0.0893440421874988
"434353",0.140625
"434377",0.0256213466740779
"434402",0.0703053259871442
"434436",0.506075677166411
"434437",0.0127869555253423
"434438",0.426094252681829
"434484",0.505455120598963
"434778",0.140606321600552
"434784",0.105193547808523
"434797",1.18342379837707
"435145",0.33967075490157
"435366",0.0406562265737976
"435376",0.231046235645393
"435391",0.477405215278838
"435529",0.509064348163298
"435653",0.292608123708019
"435684",0.00807093497318486
"435766",0.454783503835386
"435965",0.00571627456734662
"436008",0.547015863546652
"436022",0.162062277327146
"436062",0.549441189583119
"436090",0.0148573055122398
"436100",0.421873222981565
"436230",0.144451355916728
"436240",0.478339633178639
"442801",0.0207566521984483
"442803",0.195146207610217
"442804",0.414739442706777
"442805",0.223658060982507
"442825",0.0950901885868269
"442848",0.567811271811723
"445007",0.0091608691843786
"445267",0.528765794259553
"446101",0.129996633280027
"448850",0.00953920986253012
"448987",0.0770283058292327
"449000",0.216608525813104
"449521",0.0241614752968764
"474156",0.0219891952135297
"474160",0.282976002035163
"493800",0.192927811313281
"494448",0.00340277777777778
"494468",0.0091703022909189
"494504",0.00996792303589786
"497097",0.0137630980286118
"497652",0.0105812949947529
"503610",0.0134374806256886
"504193",0.00639388486379364
"544678",0.0142598475929991
"544696",0.0352420143511432
"544717",0.0317305760185657
"544752",0.00451531456629284
"544791",0.705740025177794
"544817",0.0123206052863719
"544848",0.109416705794992
"544864",0.0643555790486822
"544922",0.0332030140748524
"544963",0.0149702422145329
"544971",0.0161144361044447
"545030",0.100730288244961
"545056",0.270089971771116
"545085",0.00777781159281523
"545126",0.542811797108693
"545136",0.090961553970815
"545140",0.382655888251091
"545156",0.00793920242720969
"545192",0.0478742088833349
"545207",0.0753606097446056
"545253",0.0912452852466228
"545260",0.114726169085139
"545261",0.113279081702119
"545276",0.00681430088530898
"545370",0.113710113574905
"545389",0.0122481539287543
"545391",0.128817027742378
"545428",0.0302924883410883
"545474",0.0253559982149377
"545527",0.116935459602264
"545539",0.0909569585729083
"545554",0.00909771818476297
"545605",3.20395328036818
"545611",0.19214048742924
"545622",0.00833345924756366
"545681",0.555609361301985
"545725",0.0696182197172945
"545893",0.285002508190858
"545902",0.184504152360632
"545938",0.169878950788277
"546071",0.0043350851429173
"546100",0.217770757387305
"546134",0.021403133861717
"546143",0.035237151821725
"546166",0.251875160856759
"546336",0.0488252486496227
"546524",0.537498747901343
"546546",0.381248846450235
"546611",0.0499451596753123
"546648",0.177704680491275
"546723",0.453454141192833
"547109",0.643103861809578
"547127",0.0236539631031789
"547150",0.0088412561816946
"547176",0.0203714890912367
"547253",0.133890629440801
"552913",0.206305740089166
"553095",0.0718652366863905
"553127",0.0108298746159246
"554327",0.373669676988237
"574402",0.0191438679710503
"574403",0.35518721989887
"574404",2.63372034811853
"574418",0.527873418719457
"574428",0.351607282644378
"574437",0.925443290168002
"594844",0.00736496438012635
"595136",0.0101385664778769
"595139",0.235932265950252
"606496",0.00466802978280159
"606735",0.210427482029929
"613254",0.239551250627714
"613258",0.02715904
"613262",0.0107426445933105
"613264",0.299410446303621
"619287",0.0498598409703069
"619289",0.265738347789382
"619292",0.726032897295853
"619293",0.581630679067129
"619301",0.564441181647739
"619309",0.0240098920628937
"619313",0.523251140487402
"619321",0.268336753229014
"619331",0.043379775222679
"619441",0.863745773630232
"619547",0.607106955844924
"619605",0.0100370255777146
"619719",0.104343892273454
"620016",0.0179197155600705
"620079",0.346020761245675
"620246",0.0662964254904165
"620292",0.0193782552313251
"620419",0.0456849833925762
"620592",0.0077159993940893
"620678",0.516729012149138
"620695",0.04
"620760",0.0345348879820852
"621080",0.050913872452334
"621239",0.340170595235635
"621427",0.364075935387517
"621603",0.157482027942631
"621823",0.661028883460068
"621976",0.00629465200464449
"621998",0.177161718391018
"622175",0.0270475019743354
"622208",0.231685770191729
"622320",0.0124282573528792
"622404",0.0114009317603622
"622434",0.00597267832196993
"622459",0.156995372018512
"622480",0.410329149833462
"622552",0.107488167469402
"622645",0.0721009739319642
"622665",0.343745574937889
"622675",0.0120213887804533
"622708",0.514204460206733
"623169",0.788518330832209
"623223",0.304836650476345
"623230",0.12236695629545
"623273",0.127494274320373
"623279",0.0112895914289353
"623474",0.158446327298628
"623661",0.0332599874384137
"623781",0.151755428420174
"624086",0.0256978031583241
"624582",0.156100975198644
"624866",0.0491211163553056
"625018",0.150292401130106
"625054",0.0790369162941827
"625068",0.599690409181879
"625098",0.0281612319124809
"625121",0.0843649386202028
"625131",0.425538504777891
"625237",0.309775645521795
"625249",0.00956035872180811
"625349",0.434487458266802
"625421",0.158869927020292
"625638",0.0163034139208722
"625662",0.423131303610142
"626009",1.23447633475883
"626082",0.0743801652892562
"626175",0.579982523017692
"626275",0.131763536577217
"626359",0.279709167505843
"626391",0.0975096373595906
"626415",0.0596489121832771
"626596",0.752224109807389
"626802",0.0153866358355476
"626832",1.33540805632128
"626848",0.0139757029715958
"626854",0.0251376704794081
"626870",0.0853081867144249
"627049",0.031102929011683
"627191",0.0347120820020529
"627214",0.0268666113933396
"627280",0.632579772850189
"627352",0.075625
"627626",0.0862978681802759
"627782",0.505564715230749
"627872",0.398084392716609
"628004",0.0471779193365267
"628110",0.182081801911634
"628147",0.0196971323454836
"628308",0.00948516015624519
"628686",0.347010849196587
"628779",0.00529475581450633
"628850",0.174953112930195
"628870",0.250375685573284
"629016",0.139023852548513
"629059",0.0100799232335734
"629147",0.240578572839812
"629159",0.142611048384287
"629300",0.593024664086575
"629378",0.00680279051426656
"629499",0.409973598058147
"629557",0.184021223762816
"629595",0.843676268861454
"629750",0.28365704429225
"629777",0.0522641640779318
"630146",0.258536544717936
"630499",0.159950704768066
"630579",0.121502040816327
"630836",0.0161351706305627
"631323",0.270229985857315
"631624",0.0227637188168853
"631990",0.036793998687703
"632687",0.284065618954991
"633285",0.361142986014222
"633395",0.13640806086097
"633640",0.0936006002240661
"633947",0.297520661157025
"633979",0.307760770975057
"634104",0.0235502537630344
"634650",0.451773204564804
"634731",0.0189568956903608
"635169",0.089218244744903
"635253",0.142510050725313
"635668",0.595312194267789
"635702",0.0873952179789034
"636104",0.171460246145767
"636741",0.0664294284360456
"636791",0.00799332651570489
"636808",0.0198199094867084
"636931",0.521669574970355
"637079",0.345379670173777
"637515",0.245733782059357
"637776",0.304025746163711
"638247",0.0857833204987039
"638411",0.319875444545429
"638695",0.487186498342597
"640524",0.138730410754822
"640543",0.398279962297328
"641340",0.0106701218957699
"641376",0.00785158544804271
"641454",0.797595031842095
"652925",0.0577909718889966
"654318",0.0407837462465375
"654359",0.15934395056301
"654409",0.0244180997173233
"654424",0.136994690572267
"654440",0.0170857905622012
"654467",0.168923660204648
"654469",0.0631105798220031
"654470",0.0120263451715432
"654472",0.204326666009528
"654788",0.0974004814406715
"654795",0.00934071214528322
"654798",0.281376707593517
"654801",0.021275182150343
"654803",0.0296441182224858
"654804",0.145240483269976
"654805",0.384429618404905
"654806",0.343120986496553
"654818",0.0251788920997116
"654820",0.273928931722149
"654822",2.6887029077702
"654824",0.0414951989026063
"664837",0.110942066465531
"664862",0.0129173002493632
"664883",0.00538786268466362
"664903",0.738318049916953
"664968",0.206111346869961
"664987",0.0245877245194496
"664994",0.0197265607455768
"665001",0.0249514244696913
"665033",0.398538695827392
"665054",0.137912165825199
"665055",0.799091265329277
"665113",0.0155540758701301
"665119",0.0158514286182
"665155",0.0746938398608397
"665180",0.0124246180343088
"665205",0.068179012345679
"665211",0.0106229063946705
"665268",0.0760065878670169
"665270",0.133941356913646
"665306",0.665405007833771
"665562",0.405211895549195
"665563",0.0392992836318917
"665574",0.0224807698186494
"665578",0.171590230110621
"665596",0.365942330418476
"665622",0.381864819262262
"665700",0.309708095327783
"665775",0.0105611801785998
"665828",0.10134803405855
"665858",0.68333628949072
"665931",0.677420305834842
"665934",0.444986119524528
"666048",0.129992132907585
"666060",0.0152948649269066
"666105",0.35761269387412
"666173",0.00742166875906233
"666182",0.252680945980726
"666190",0.396203838711559
"666244",0.101387680614334
"666257",0.1153641558038
"666311",0.0134919545597958
"666389",0.539574861831489
"666427",0.0564339555785599
"666468",0.0379334405951685
"666528",0.429900996618768
"666529",0.0453200888198417
"666532",0.176594648261058
"666584",0.109977857300213
"666680",0.37212911751471
"666704",0.0102686269970019
"666737",0.563199312706602
"666752",0.53348729308771
"666794",0.0196654074521232
"666892",0.338592239231043
"666899",0.0737513464904187
"666938",0.0240624908439344
"666945",0.155358681380002
"667034",0.258818151763455
"667035",0.0152758490089635
"667118",0.173421251166016
"667171",0.24047324340796
"667213",0.490557927651942
"667214",0.867414736870444
"667250",0.680597072053592
"667370",0.266662187583983
"667373",0.0781167120653741
"667423",0.39288416340573
"667742",0.204768889859867
"667772",0.0646690368828766
"667803",0.628052002954661
"667823",0.474681095724621
"667962",0.121362618117693
"668039",0.740626254894182
"668110",0.458299777444232
"668139",0.0702357098829344
"668158",0.00610039002493602
"668166",0.0194052202019969
"668171",0.0308586770804299
"668173",0.0176160399273637
"668212",0.0100722454003328
"668215",0.97994557614718
"668218",0.0265823890337657
"668225",0.181097530864197
"668253",0.040389021678003
"668257",0.762144099756174
"668272",0.0908422579595241
"668303",0.0361597973632355
"668489",0.653667353606159
"668501",0.0199576033096007
"668525",0.0153420980095146
"668548",0.0269262605774686
"668661",0.0051348337098573
"668829",0.214202827087442
"668880",0.0238311996014327
"668894",1.018057090839
"668917",0.106385918546681
"668923",0.0453756659631856
"668929",0.39319003151904
"668940",0.0275006662386257
"670593",0.650332028015569
"671535",0.160750357214923
"671650",0.203111021284258
"672511",0.123436248114808
"673094",0.438409966663944
"674895",0.0700457911696534
"675812",0.017757560169333
"677884",1.40509871493089
"735265",0.079874722524212
"735274",2.65715049986685
"751525",1.88215490640156
"751554",0.729740013717783
"751865",0.68527172209248
"767815",0.492523699443642
"768252",0.413868501691264
"768271",0.243349718389871
"790910",0.232124955694707
"791282",0.294659939350772
"791294",0.330749713006457
"791299",0.53090756343772
"791312",0.143979752847256
"791318",0.219320516570292
"791338",0.471238549801925
"791370",0.388560934919235
"791383",0.138102629656684
"791403",0.63600415964749
"791411",0.178092776537941
"791415",0.223115698007098
"791417",0.29469387755102
"100009600",0.232457244653563
"100034361",0.0165097072678615
"100034363",0.0910304761118082
"100034726",1.39553139322604
"100034739",0.059554251350868
"100034748",0.118577518943623
"100036521",0.0118447475598448
"100036523",0.625099314171386
"100036768",0.0817796947361372
"100037258",0.00730299876939444
"100037262",0.940196346117486
"100037278",0.0992332442825895
"100037282",0.0282962851087757
"100037283",0.0318936925864915
"100037396",0.131020775859412
"100038347",0.0081038425046898
"100038356",0.110316377618946
"100038371",0.268035031067304
"100038378",0.325354086026425
"100038388",0.467232815253966
"100038392",0.224687474692607
"100038411",0.228642665090292
"100038433",0.0827156614985315
"100038453",0.0723588863315767
"100038489",0.420702112772591
"100038492",0.480764394688105
"100038497",0.180072685562178
"100038514",0.202419081395405
"100038526",0.127587362318488
"100038538",0.123878877267001
"100038560",0.130470227439979
"100038566",0.291320584527181
"100038570",0.0629629613811624
"100038577",0.0894134260348073
"100038591",0.0901227830689467
"100038595",0.806572091947532
"100038599",0.091011543728453
"100038614",0.49543596619394
"100038636",0.224427099275584
"100038689",0.49448890692033
"100038699",0.205661732503178
"100038712",0.035317345683763
"100038713",0.0775445600166349
"100038725",0.022383172978675
"100038732",0.0801605317449517
"100038735",0.414116083676269
"100038739",0.0872180201857917
"100038743",0.177794125890243
"100038746",0.0131544048065922
"100038755",0.114833169611814
"100038847",0.17090602665335
"100038882",0.617322690817902
"100039027",0.736697131911292
"100039062",0.635499361773417
"100039123",0.0109286329374957
"100039138",0.0561935524832939
"100039184",0.455292001655557
"100039210",0.541383200124375
"100039239",0.0196134712366664
"100039284",0.056358607576347
"100039332",0.0137746923210061
"100039374",0.178802471139746
"100039440",0.449252853083987
"100039495",0.0467312776182794
"100039542",0.574702608291753
"100039596",0.376741973840666
"100039636",0.120047863667999
"100039684",0.0624041043486046
"100039707",0.0317025165873178
"100039731",0.132484843146754
"100039781",0.159711234830985
"100039786",0.223167599861605
"100039795",0.0088771098037957
"100039796",0.501710679387812
"100039815",0.0883690799417219
"100039830",0.0883690799417219
"100039837",0.429758362749325
"100039861",0.136594053432229
"100039863",0.677097843850221
"100039864",0.0240921963692389
"100039899",0.274643684329771
"100039901",0.111770383051305
"100039953",0.609859867501682
"100039957",0.820542855045509
"100039964",0.0534522689901488
"100039968",0.0664867252865983
"100040048",0.63812767836168
"100040294",0.177346121206305
"100040298",0.285442598241527
"100040322",0.0638028626227675
"100040421",0.1417659689554
"100040462",0.0794464034968871
"100040507",0.307116069782588
"100040525",0.0479192141598172
"100040529",0.0236686390532544
"100040531",0.17257122915296
"100040557",0.313425275832344
"100040563",0.11296293107901
"100040591",0.54227416251973
"100040608",0.0655584469631345
"100040671",0.574931969175064
"100040697",0.719833150310023
"100040724",0.0258807740442492
"100040769",0.0499844313251758
"100040792",0.096547914290936
"100040822",0.0572379265125098
"100040846",0.551068548607635
"100040852",0.565707357548254
"100040926",0.448139035686724
"100040944",0.083448270429705
"100040970",0.165956060198871
"100040972",0.227191440430765
"100040999",0.141297718873941
"100041089",0.0506878525192877
"100041151",0.05695727117927
"100041194",0.259953689690546
"100041231",0.0929152114940762
"100041239",0.484269262001028
"100041241",0.0859154111721126
"100041244",0.0589542088042832
"100041273",0.0241562205330792
"100041286",0.115489184386792
"100041289",0.0339986547123117
"100041290",0.546349869700264
"100041306",0.729781489309615
"100041339",0.544293119467945
"100041420",0.0666399918997373
"100041480",0.634817663111768
"100041490",0.199525018079791
"100041515",0.158189547809466
"100041530",0.0918817144183089
"100041574",0.0478682935229312
"100041576",0.623028887098151
"100041581",0.0212212829941904
"100041585",1.62698289558966
"100041586",0.394711985144839
"100041621",0.0259101629136059
"100041639",0.634668827127033
"100041677",0.0601040582726327
"100041734",0.135157149589588
"100041735",0.306420847891854
"100041781",0.0542911764618756
"100041874",0.737330589900596
"100041953",0.00618003703572447
"100041965",0.136233157196323
"100041979",0.0805109738140929
"100042049",1.10382951450088
"100042074",0.0455250640844671
"100042100",0.643439126427608
"100042132",0.284122429554808
"100042143",0.111369232511064
"100042149",0.159183245834763
"100042150",0.0239816093950588
"100042165",0.131543102650757
"100042166",0.21662247725533
"100042173",0.0518792539126171
"100042178",0.0210124100349441
"100042194",0.0299791481976301
"100042235",0.200920569958363
"100042237",0.112543721606968
"100042277",0.015564785056761
"100042332",0.227511224564759
"100042416",0.263223117859153
"100042450",0.027090519179154
"100042458",0.521697532233748
"100042480",0.012893638239271
"100042484",0.366926749423443
"100042493",3.3225816340483
"100042498",0.00913428255650604
"100042519",0.059745521062065
"100042648",0.830779542133767
"100042679",0.124099301405718
"100042698",0.429093469630565
"100042773",0.604031134721726
"100042784",0.01818911645621
"100042856",4.30597910284336
"100042875",0.130737573948851
"100042880",1.01122968825744
"100042889",0.715172991921963
"100042948",0.129566889883646
"100043040",0.0770380865656869
"100043070",0.73945173156956
"100043072",0.0111506463472155
"100043074",0.138053408699769
"100043089",0.077022600928817
"100043102",0.286498725489125
"100043133",0.054766532516864
"100043143",0.103612713759423
"100043189",0.0762506286176878
"100043213",0.0775753344443944
"100043272",0.00904566398865785
"100043305",0.891297345031569
"100043309",0.185621187129
"100043314",0.0142575793051869
"100043332",0.308214197154482
"100043335",0.181910544362717
"100043381",0.864675326030991
"100043387",0.202344320590031
"100043403",0.026178770269411
"100043407",0.0499196387416551
"100043424",0.356770500870554
"100043450",0.0715223319188458
"100043468",0.0128069005316699
"100043489",0.035772178099995
"100043580",0.651155926572772
"100043597",0.00691077926108884
"100043600",0.326530612244898
"100043636",0.817824929716785
"100043682",0.339638344824262
"100043718",0.332970325864989
"100043757",0.00924010905682889
"100043766",0.121254109569831
"100043772",0.0302690350426484
"100043813",0.740992678933972
"100043831",0.45923453064904
"100043911",0.0349529582747577
"100043914",0.0210046256123916
"100043915",0.165024545595114
"100043920",0.12458220399481
"100044193",0.0931762275922447
"100044509",0.0597621182179078
"100045469",0.0343913298083106
"100045653",0.227468393070449
"100045778",0.120699155811237
"100045792",0.566395007259596
"100047123",0.12099949341359
"100047133",0.535763630566479
"100048534",0.0404870009005781
"100048701",0.296366922403802
"100048895",0.0771869209162132
"100048985",0.402208541818931
"100073351",0.149219651897945
"100101457",0.613488867437223
"100101806",0.00917669333872803
"100101807",0.0273671092016422
"100101919",0.100198557551381
"100113398",0.110058762395627
"100124467",0.501373922761389
"100125929",0.0747690506207162
"100125931",0.0370526871559764
"100125933",0.177923291725731
"100126034",0.174986816758904
"100126227",0.0835336911008323
"100126242",0.694444444444445
"100126243",0.0338538829178313
"100126795",0.207884261785337
"100126824",0.0187263966143788
"100141474",0.0464128253900566
"100169865",0.815965140596572
"100169868",0.604833206558615
"100169871",0.280054716223197
"100169874",0.444604908183346
"100169878",0.377669383129075
"100216343",0.162166374774019
"100216537",0.541047051618379
"100217420",0.677503003690185
"100217451",0.389613236988557
"100233175",0.0427022770849663
"100233208",0.0414345579124065
"100270707",0.57358010147747
"100271841",0.694794510951523
"100294583",0.167767089554752
"100302648",0.41402188342438
"100302688",0.483556940567108
"100302730",0.0209192871577653
"100303731",0.559102819884581
"100303732",0.121359782760853
"100306943",0.655804023007996
"100306944",0.342896513636034
"100306945",0.346198447522432
"100310809",0.0325868358687965
"100310872",0.0500180365838003
"100316682",0.692948603318223
"100316903",0.0658150818234149
"100379095",0.137932554482068
"100380944",0.0749075916966321
"100415787",0.0531954997887096
"100415915",0.31160511458786
"100416706",0.0168633529832
"100417675",0.600391588946146
"100502619",0.564118683026308
"100502630",0.447598341907141
"100502635",0.612484124087409
"100502695",0.271772279310138
"100502698",0.00723804633049919
"100502700",0.575498520679806
"100502734",0.232465872197932
"100502736",0.197661823457298
"100502742",0.461464679428848
"100502745",0.15220748816417
"100502766",0.145124716553288
"100502825",0.090285062004228
"100502829",0.0170660737364163
"100502834",0.403415592625969
"100502841",0.0139681320579975
"100502846",0.0292442376938921
"100502849",0.102678055419394
"100502861",0.038127322653184
"100502868",0.357115988523788
"100502874",0.195309499320109
"100502876",0.863229769560291
"100502920",0.281533192247717
"100502940",0.0858226211762675
"100502982",0.162069115542185
"100502985",0.632995433587997
"100503002",0.226757369614512
"100503003",0.134464498058832
"100503007",0.130973658290796
"100503019",0.339411835028162
"100503040",0.122916029586834
"100503041",0.0529050384551249
"100503043",0.0094997622708873
"100503044",0.178400940242576
"100503068",0.0641456507385325
"100503085",0.00667968592778984
"100503099",0.0612011137326573
"100503120",0.366218966268727
"100503142",0.0318051345013187
"100503147",0.232624210128159
"100503178",0.00815611224278587
"100503185",0.344048724268828
"100503199",0.027876234249416
"100503265",0.425844963079928
"100503272",0.241064248057064
"100503289",0.270715665478115
"100503307",0.317693872081171
"100503311",0.395917065018071
"100503323",0.378822783465753
"100503332",0.327821099485762
"100503337",0.767222547818211
"100503338",0.167690328433259
"100503353",0.0207147412957911
"100503355",0.35558387071389
"100503380",0.0219680418425853
"100503386",0.0312122624196537
"100503390",0.279132609907157
"100503392",0.131681929529816
"100503393",0.0418254534743802
"100503460",0.253527771870899
"100503468",0.538091136478949
"100503469",0.406590952315142
"100503471",0.192907998255741
"100503495",0.785640495867769
"100503496",0.89332318851869
"100503519",0.0706411360519549
"100503565",0.497932317260096
"100503572",0.00868815694160968
"100503584",0.584147881008931
"100503592",0.208961778419244
"100503600",0.53848144505978
"100503605",0.0288288417270192
"100503609",0.101170156576191
"100503619",0.462087503676992
"100503620",0.177225315301027
"100503622",0.503498617945469
"100503632",0.17571895298082
"100503636",0.243644179895356
"100503659",0.00980296049406921
"100503670",0.00787003100290288
"100503676",0.884993141289438
"100503690",0.294262271669702
"100503704",0.106280256843496
"100503754",0.843119912660135
"100503783",0.258640860447611
"100503799",0.140081140089252
"100503802",0.0093873349751625
"100503823",0.0382410249200116
"100503842",0.220866785700908
"100503849",0.0281999555704812
"100503868",0.0423625649166052
"100503869",0.0662751685786805
"100503884",0.00470972702806613
"100503890",0.017016122357905
"100503915",0.178171122629604
"100503924",0.0447609875047082
"100503949",1.8522376744065
"100503962",0.15764242384238
"100504007",0.231713993297134
"100504029",0.397704896656386
"100504049",0.107417560980592
"100504056",0.184594492091302
"100504101",0.22622339808757
"100504104",0.299565972718694
"100504112",0.200362811791383
"100504114",0.274920752443584
"100504116",0.009157026528881
"100504121",0.329968448814797
"100504141",0.155619140397103
"100504156",0.137131257056832
"100504166",0.0236524636639757
"100504191",0.237511557264999
"100504221",0.163429590260794
"100504231",0.427244589206225
"100504234",0.420929064354244
"100504262",0.143963270013984
"100504263",0.0442751736111111
"100504267",0.365227274257905
"100504285",0.441723984602883
"100504291",0.231139053254438
"100504309",0.0576293615389651
"100504312",0.241276494106539
"100504333",0.782544378698225
"100504347",0.490355695348522
"100504350",0.0331185528146736
"100504360",0.130783362523018
"100504361",0.460329408670179
"100504412",0.0677127251521156
"100504421",0.0524640304609719
"100504425",0.179667625360393
"100504446",0.334093848847878
"100504455",0.210141980983137
"100504467",0.110180302518446
"100504491",0.0381011642272903
"100504501",0.145570773510401
"100504539",0.557208678474574
"100504561",0.389051839051776
"100504586",0.0129158537052383
"100504589",0.3343631521785
"100504601",0.124075252891212
"100504626",0.330734921750865
"100504632",0.11968261708751
"100504641",0.159180014161806
"100504661",0.559684615493936
"100504663",0.0124709383141904
"100504687",0.0291883430991019
"100504703",0.201510931217863
"100504714",0.319777317698316
"100504715",0.0183038397340312
"100504720",0.057983173938892
"100504734",0.159381534444957
"100504740",0.0995301490579862
"100505025",0.233500318809375
"100505034",0.0923838293020457
"100505386",0.171549743743885
"100526796",0.163113727882501
"100532730",0.220311679232137
"100534287",0.0987372166103691
"100568459",0.0954187759489713
"100616095",0.0654820416242659
"100628612",0.662110709958593
"100642166",0.707237625306853
"100689703",0.0184646669040641
"100859931",2.01631526090736
"100861531",1.0717725510599
"100861615",0.665950166528682
"100861668",0.147475630046239
"100861698",0.168310322156476
"100861749",0.0577167683821184
"100861913",0.47364455344167
"100861998",0.76200019711212
"100862066",0.245353740896334
"100862085",0.225849275022955
"100862203",0.091202902818922
"100862247",0.178927646253181
"100862261",0.12458220399481
"100862268",0.248138439374188
"100862375",0.00510657656826183
"101055840",0.133207079162437
"101055907",0.045987495477684
"101055983",0.0540083355949443
"101056014",0.715595904829564
"101056032",0.337251331589138
"101056047",0.125085827634543
"101056065",0.198627342048466
"101056159",0.456081566171355
"101056205",0.142955654824864
"101056232",2.48594226354022
"101056408",0.455747419594383
"101488143",0.055523308197071
"101669761",0.515678803399245
"102216272",0.0463253325189154
"102443350",0.0106918139416696
"102465606",0.643351901944994
"102465888",0.423875947436151
"102465890",0.834087510776411
"102465959",2.15460674519399
"102466888",0.834087510776411
"102631543",0.284883162338554
"102631545",0.251785177312353
"102631558",0.49876704746861
"102631586",0.228810671135183
"102631606",0.332892654535309
"102631611",0.315623646289889
"102631637",0.255521397449781
"102631665",0.201670000542738
"102631666",0.170265040734621
"102631674",0.200679321340156
"102631705",0.682106811809107
"102631725",0.641785630381006
"102631731",0.128122356850792
"102631739",0.224142370829833
"102631761",0.519206757823093
"102631780",0.642206260932378
"102631782",0.29576070842973
"102631795",0.200395886542944
"102631806",0.161887889273356
"102631812",0.106878698224852
"102631813",0.0613722036125994
"102631829",0.550990002554861
"102631845",0.203134298750248
"102631855",0.0932850827082298
"102631859",0.140685064067655
"102631865",0.578981085412031
"102631866",0.11360437205248
"102631869",0.606764044456709
"102631874",0.193395699789982
"102631889",0.0128345411649405
"102631890",0.549981423776945
"102631903",0.363489135101175
"102631905",0.321398206878789
"102631909",0.724071226170318
"102631912",0.0140043112191525
"102631932",0.408916605763897
"102631933",0.0666078008614655
"102631958",0.190772040425872
"102631959",0.330574296476707
"102631979",0.462279230057907
"102631989",0.0312867142167782
"102631992",0.178246025932079
"102631993",0.405652218709265
"102632008",0.0649620113602351
"102632019",0.028733140243197
"102632031",0.128662570888469
"102632048",0.18035618595173
"102632081",0.123826884286026
"102632087",0.40176951593301
"102632094",0.116253478908547
"102632116",0.441620392912162
"102632132",0.343282423489685
"102632148",0.0868861860641835
"102632163",0.120155830505253
"102632178",0.524855429627185
"102632200",0.181021179738436
"102632229",0.92523741116228
"102632232",0.586484537734337
"102632234",0.0689695102674977
"102632238",0.102251216873986
"102632262",0.129565156607228
"102632268",0.0909279138971046
"102632284",0.33425758834449
"102632313",0.704904699186148
"102632338",0.419785529702789
"102632340",0.0823661339332388
"102632348",0.0640956804884481
"102632352",0.471646640608816
"102632357",0.327265168161101
"102632375",0.377980163656188
"102632377",0.226204640095181
"102632389",0.416233090530697
"102632394",0.182247310767697
"102632403",0.617636512444097
"102632414",0.324572667343836
"102632420",0.306889958464421
"102632426",0.532725512293456
"102632429",0.564631462566412
"102632435",0.258263907551734
"102632436",0.515370672297079
"102632440",0.492470129869346
"102632444",0.111832375761756
"102632462",0.0981191904135576
"102632463",0.0361673874007536
"102632477",0.222728725631779
"102632479",0.143883238154256
"102632484",0.296518270833976
"102632488",0.128398734328079
"102632492",0.634539517484648
"102632514",0.629133858552083
"102632516",0.234217234133554
"102632522",0.120543319882395
"102632532",0.200731580491087
"102632538",0.178902933722509
"102632545",0.0934573893177784
"102632621",0.271936443422685
"102632635",0.128546479664204
"102632638",0.291147932076154
"102632666",0.419754612956492
"102632668",0.490025239192857
"102632681",0.2305681048024
"102632693",0.598628547536758
"102632727",0.336402906910176
"102632785",0.614768570492993
"102632805",0.257405852135661
"102632812",0.0856292195660441
"102632821",0.60795048967981
"102632823",0.113649243036241
"102632827",0.524353727635312
"102632833",0.124402356460425
"102632839",0.0266818145899346
"102632845",0.436317462853166
"102632854",0.190471525505295
"102632865",0.64357755342394
"102632874",0.590561167424318
"102632891",0.428967921288583
"102632893",0.0375692272606422
"102632900",0.322882919750309
"102632914",0.517809254860557
"102632924",0.393758453303644
"102632926",0.345905718187291
"102632934",0.270624305257881
"102632938",0.392482495078331
"102632954",0.514981450678639
"102632964",0.483408146816294
"102632966",0.122180519804677
"102632990",0.281952946645043
"102633000",0.243137003387984
"102633004",0.457233560090703
"102633006",0.165513470563196
"102633007",0.612131762759304
"102633038",0.329583076055733
"102633068",0.112438200347212
"102633070",0.454564039566229
"102633078",0.318286073075815
"102633093",0.0929955032892512
"102633107",0.679478584645928
"102633145",0.131610971588646
"102633149",0.0369905116331696
"102633151",0.0221594911939559
"102633156",1.40756626202573
"102633159",0.41995453699997
"102633163",0.504610488582169
"102633177",0.262932642196658
"102633185",0.26674008594754
"102633194",0.469299911859672
"102633199",0.0604517589933647
"102633211",0.545809408955824
"102633226",0.177458675751162
"102633233",0.386714584858879
"102633245",0.336990089054869
"102633266",0.733728604043732
"102633270",0.54058647208022
"102633277",0.541100303082383
"102633291",0.287384419173132
"102633300",0.13213272480916
"102633301",0.390181485985229
"102633302",0.240957799014009
"102633345",0.463198156708793
"102633360",0.527317536792992
"102633388",0.420131345655323
"102633419",0.142541918218994
"102633422",0.211288941680645
"102633424",0.0224681323070122
"102633432",0.226383462955264
"102633437",0.229559145277963
"102633449",0.413535017524064
"102633458",0.738733587224325
"102633464",0.0538956379690036
"102633471",0.101723403095115
"102633474",0.430956782330123
"102633480",0.136181391238119
"102633492",0.0138774360116856
"102633496",0.478295047602411
"102633503",0.170009658363469
"102633513",0.507886876913593
"102633516",0.102167448977393
"102633560",0.0181924305602373
"102633572",0.232472392576148
"102633579",0.225078856802634
"102633593",0.348030787711818
"102633603",0.533744245959037
"102633623",0.251467482862025
"102633624",0.229819707820153
"102633625",0.712431724044434
"102633634",0.409795252490846
"102633638",0.08051548541556
"102633673",0.16239697037202
"102633676",0.24211236670925
"102633704",0.433907226635348
"102633721",0.368898540721474
"102633750",0.109982464101744
"102633763",0.129211102994887
"102633775",0.614317019722425
"102633788",0.54156962638248
"102633818",0.440826678092126
"102633836",0.174095308354515
"102633861",0.169231067235552
"102633880",0.0545619224605004
"102633888",0.164000170349219
"102633899",0.235005194728383
"102633905",0.49496665057741
"102633923",0.312337389085093
"102633939",0.0337627292077374
"102633951",0.419860009772882
"102633974",0.274493424595813
"102633993",0.322552685555712
"102634000",0.104769514482156
"102634002",0.47645521328936
"102634008",0.352527786572239
"102634011",0.0434027777777778
"102634017",1.02405094464262
"102634049",0.208725340172038
"102634058",0.0752879357078725
"102634064",0.529970853354667
"102634068",0.650276015468166
"102634072",0.0491675951494656
"102634078",0.0575065504108431
"102634101",0.520126418612287
"102634132",0.0689654371956846
"102634140",0.419858940758459
"102634160",0.417773809573714
"102634165",0.123154644896539
"102634191",0.465783788584958
"102634213",0.405619660031578
"102634229",0.26619021920287
"102634251",0.283928079017067
"102634286",0.114805009952875
"102634296",0.369626728908853
"102634309",0.0559282054293264
"102634310",0.0710046971924415
"102634333",0.067832592485903
"102634341",0.720265798627495
"102634351",0.242062425287618
"102634376",0.732287019618382
"102634428",0.53036133029553
"102634429",0.271610708406743
"102634431",0.257756945134794
"102634445",0.216218231494018
"102634450",0.320036569067221
"102634481",0.353814505256959
"102634487",0.262913311908356
"102634502",0.0421961446602089
"102634512",0.501609177682712
"102634533",0.274504117323628
"102634561",0.711929948031431
"102634580",0.597321340782875
"102634584",0.683859708494663
"102634592",0.093227245299225
"102634598",0.142735699121008
"102634642",0.0996844103991978
"102634646",0.333019665382155
"102634650",0.311128506855887
"102634668",0.272150723818939
"102634688",0.217449118661755
"102634702",0.372505449353552
"102634715",0.495185831930205
"102634716",0.574226683521651
"102634735",0.227061844061078
"102634737",0.298135549551612
"102634738",0.298509245111983
"102634755",0.0346431776183343
"102634756",0.152668742599009
"102634762",0.333641778206415
"102634765",0.277243368231232
"102634769",0.26253822456258
"102634772",0.706859578015565
"102634775",0.573307987822896
"102634778",0.421169577867246
"102634780",0.204444966606847
"102634811",0.509970972029307
"102634812",0.312667361111111
"102634818",0.376567261278986
"102634820",0.249143102601143
"102634821",0.248921252606487
"102634823",0.347067400580251
"102634839",0.264352067029088
"102634848",0.417589963227005
"102634850",0.253429651260376
"102634858",0.285642192274112
"102634873",0.33631376017468
"102634887",0.273136299420569
"102634895",0.281406119704199
"102634922",0.0203588384174381
"102634926",0.484483698413725
"102634933",0.0410279954822417
"102634944",0.0254302408163146
"102634949",0.67232126130763
"102634962",0.44458057874013
"102634983",0.315648146553951
"102635047",0.0497105919418549
"102635054",0.422159439802363
"102635069",0.0885618866359559
"102635071",0.0663559978373211
"102635086",0.479644040793254
"102635108",0.49086457857034
"102635133",0.0693839532560926
"102635136",0.607719510410851
"102635160",0.270880808807823
"102635170",0.257091846855783
"102635171",0.332171009477177
"102635174",0.690409917355372
"102635192",0.0798513361532368
"102635198",0.109567919969892
"102635200",0.0854683627459763
"102635210",0.245869990862501
"102635226",0.368769471592142
"102635243",0.629354955608692
"102635253",0.296885961009542
"102635257",0.303860048142572
"102635272",0.346176784583224
"102635278",0.122213159047173
"102635280",0.255339217897613
"102635290",0.0835247121681829
"102635305",0.275095715436554
"102635315",0.114138981539061
"102635323",0.312675139051274
"102635347",0.538585548834062
"102635354",0.148963774038721
"102635359",0.294690240511221
"102635366",0.55517108804306
"102635384",0.730294047585991
"102635392",0.337828150580148
"102635416",0.725912541378509
"102635426",0.507025331659527
"102635429",0.201792928214781
"102635432",0.126986203503233
"102635458",0.322045461116974
"102635461",0.17651668595679
"102635484",0.112271965587541
"102635498",0.825935419448698
"102635500",0.464335187592117
"102635502",0.11311543592205
"102635503",0.328145749841182
"102635506",0.634417278907489
"102635509",0.613578938010974
"102635522",0.193215450471248
"102635534",0.462558738357768
"102635539",0.0917576149658505
"102635541",0.310049919931405
"102635549",0.56031696342766
"102635552",0.0461991593078526
"102635553",0.0688683216946774
"102635561",0.101297601350875
"102635624",0.357909560965969
"102635630",0.113903057627362
"102635635",0.150804539941301
"102635639",0.228971847521777
"102635643",0.480676972381387
"102635654",0.459362660704502
"102635656",0.693052074981212
"102635661",0.389876030754173
"102635685",0.320806690680905
"102635698",0.517451004303718
"102635699",0.0419389096815197
"102635707",0.110918960500952
"102635744",0.579993625892237
"102635756",0.453644588292986
"102635775",0.446339911476761
"102635780",0.487653997938211
"102635781",0.0173846585120577
"102635783",0.0605059815736786
"102635786",0.477146497044578
"102635797",0.188645987701037
"102635798",0.247254165025438
"102635832",0.472392836373438
"102635867",0.426375421777758
"102635868",0.407401272291404
"102635879",0.345104789059135
"102635882",0.16549204206058
"102635912",0.188915679594226
"102635921",0.461278709807541
"102635944",0.432642085351708
"102635948",0.377540304034973
"102636000",0.112271099935954
"102636019",0.449100247020613
"102636024",0.360415344643862
"102636041",0.133223685635219
"102636049",0.260783551449031
"102636066",0.148854050791445
"102636078",0.13599825153946
"102636088",0.0436489072267708
"102636107",0.660672945671533
"102636118",0.49625744064574
"102636146",0.181785950413223
"102636154",0.184881844217704
"102636164",0.0936760698713385
"102636175",0.275349581581024
"102636178",0.550832482427515
"102636179",0.338462084592817
"102636180",0.0390784369497487
"102636221",0.272229113113456
"102636238",0.417168252967871
"102636239",0.0995753086419753
"102636256",0.226295112903034
"102636262",0.0705770371387693
"102636299",2.34418589804973
"102636304",0.491718560700603
"102636309",0.0338940705479905
"102636313",0.101510127794152
"102636338",0.344027366863905
"102636362",0.504144237730612
"102636367",0.451556940002703
"102636372",0.194373744521549
"102636397",0.243314534023669
"102636400",0.220565036101215
"102636425",0.382933325585865
"102636446",0.590708276284842
"102636474",0.114009125702721
"102636476",0.130407081829133
"102636484",0.324634937804219
"102636490",0.191060105506489
"102636545",0.156903340987888
"102636546",0.116526494875972
"102636547",0.346550491582776
"102636561",0.23899615942168
"102636562",0.139729859397219
"102636564",0.499895616471441
"102636578",0.170315351992177
"102636582",0.151506450215626
"102636587",0.301900024940023
"102636598",0.699172414151219
"102636604",0.39243385449657
"102636611",0.549512398625697
"102636640",0.643340703545675
"102636641",0.182429896432531
"102636664",0.1482222753133
"102636677",0.402380410007063
"102636700",0.0488354439547041
"102636702",0.407609237454195
"102636714",0.582598396701598
"102636716",0.123569316264874
"102636737",0.391852414797582
"102636745",0.212924943397838
"102636754",0.291879044466601
"102636765",0.144001836478167
"102636781",0.3770245355305
"102636795",0.524258330474223
"102636799",0.342595243969994
"102636803",0.113065152807427
"102636808",0.187717590039766
"102636836",0.0196270624752036
"102636892",0.39278812461509
"102636896",0.0820028331319012
"102636905",0.0481744974229478
"102636910",0.179132344147658
"102636915",0.0907435790183421
"102636917",0.253091691686996
"102636923",0.144119301908945
"102636944",0.443475745816105
"102636945",0.214541869434767
"102636988",0.210471683594952
"102636991",0.483931947069943
"102637025",0.0663731168297246
"102637028",0.296590182723886
"102637038",0.254533912670811
"102637087",0.0144628134478192
"102637112",0.158352159921165
"102637131",0.54769494205937
"102637142",0.425340365000888
"102637161",0.335225468138175
"102637167",0.712800985383984
"102637178",0.586641765132584
"102637184",0.519519602869624
"102637190",0.335989039718223
"102637233",0.351263425396125
"102637243",0.139301753480118
"102637256",0.676558077263186
"102637289",0.185535030595444
"102637315",0.300644582689382
"102637366",0.0380725758477097
"102637404",0.359252375467815
"102637436",0.343672874818906
"102637438",0.618623757823386
"102637448",0.412542297121011
"102637452",0.109727737815381
"102637464",0.057673546437857
"102637465",0.481365526589691
"102637489",0.582672415420369
"102637491",0.115991188044426
"102637508",0.272160822882921
"102637514",0.102600581547646
"102637515",0.42373888536118
"102637517",0.0532775731127187
"102637555",0.491156114423239
"102637563",0.171003338233342
"102637571",0.436448998673666
"102637572",0.695777060281588
"102637576",0.433042521484094
"102637583",0.314114668098786
"102637619",0.337174924974585
"102637642",0.353378364344612
"102637660",0.265589962802013
"102637664",0.158892736889847
"102637674",0.409745001749666
"102637683",0.444359840733706
"102637693",0.0736269532776435
"102637710",0.195678987279159
"102637719",0.601201584591217
"102637720",0.346094238942201
"102637730",0.0775990687821717
"102637735",0.432825484764543
"102637763",0.49668031939888
"102637782",0.457568930777919
"102637785",0.250874472661019
"102637787",0.629526769379973
"102637797",0.218282976287444
"102637822",0.578420527287153
"102637845",0.240359571675352
"102637865",0.0331557450919998
"102637887",0.0242747628555663
"102637894",0.575662415651433
"102637926",0.407519329201183
"102637931",0.0390573637249829
"102637946",0.260583434221911
"102637953",0.294501183672528
"102637959",0.172133847687928
"102637966",0.291031855955679
"102637975",0.35354273192111
"102638005",0.200526029979621
"102638016",0.229622838477134
"102638038",0.037591877998095
"102638074",0.201778718293346
"102638082",0.623268698060942
"102638083",0.262784451680864
"102638091",0.627554522921524
"102638117",0.37649301169723
"102638120",0.0151341300279231
"102638121",0.421174510620575
"102638141",0.0997743497433457
"102638167",0.583307709027362
"102638172",0.219258532836089
"102638221",0.435519732248718
"102638224",0.283600935550779
"102638241",0.443910865712968
"102638245",0.437530969572755
"102638251",0.367031522267855
"102638253",0.289834462253529
"102638261",0.696862591100653
"102638268",0.579354706853346
"102638270",0.357188010055025
"102638275",0.530768308408919
"102638296",0.0732130605405369
"102638309",0.353191155264722
"102638313",0.183019245617547
"102638318",0.365546805970466
"102638326",0.212696578887972
"102638347",0.436574457411371
"102638354",0.117586949504128
"102638362",0.187980687214723
"102638376",0.716665887075729
"102638384",0.463705571423743
"102638392",0.325926950789164
"102638401",0.29907886660532
"102638403",0.429400473171534
"102638405",0.0849453090331403
"102638421",0.366264410741724
"102638425",0.0301858343658222
"102638432",0.588018425192539
"102638463",0.266947019158714
"102638468",0.261904742742601
"102638470",0.428131454597652
"102638484",0.0768894402829657
"102638522",0.64669276495056
"102638528",0.659647687715475
"102638533",0.636212225607111
"102638544",0.744428397717908
"102638546",0.371816333153056
"102638568",0.0796501802697685
"102638587",0.318256804281725
"102638588",0.148992425947359
"102638598",0.305946017149838
"102638607",0.021997394361788
"102638631",0.110392402301131
"102638638",0.165596833782849
"102638647",0.0772460139024238
"102638659",0.829141840575525
"102638670",0.762156714537667
"102638682",0.551702144472203
"102638686",0.193258003092384
"102638735",0.216531013707189
"102638762",0.150777693284865
"102638769",0.412599017950052
"102638814",0.22096861846662
"102638847",0.19122599607119
"102638849",0.0742348706975393
"102638851",0.15261818252837
"102638859",0.244176388566837
"102638882",0.0503214024835646
"102638883",0.217853193755492
"102638888",0.118359756188017
"102638889",0.0237575622060586
"102638918",0.294273126780063
"102638933",0.568495389708439
"102638939",0.551008626764836
"102638940",0.202077858962187
"102638959",0.177620858185127
"102638966",0.27437641723356
"102638978",0.441234310894046
"102639009",0.271668441868506
"102639013",0.198225050498674
"102639019",0.440301948470544
"102639021",0.317307444975612
"102639045",0.0588533628010118
"102639059",0.408778630884595
"102639063",0.182658700779945
"102639067",0.460576298364939
"102639078",0.397715877885183
"102639079",0.0942738433062315
"102639087",0.0547878176850818
"102639129",0.348115506085948
"102639137",0.384159862570282
"102639145",0.407669633225466
"102639169",0.0391733862442143
"102639173",0.237894538835197
"102639182",0.151234567901235
"102639186",0.0248197546690296
"102639188",0.464726300751667
"102639192",0.0469510958516613
"102639199",0.247551035168126
"102639209",0.155274967663735
"102639212",0.41908475491177
"102639218",0.420170639659593
"102639221",0.204707885872908
"102639259",0.203103192720466
"102639261",0.413365388535625
"102639268",0.111687281844459
"102639275",0.191650832554121
"102639276",0.360512581737349
"102639283",0.136506405359772
"102639290",0.318780772629718
"102639317",0.184561509762125
"102639318",0.210011490256309
"102639339",0.344232887278712
"102639352",0.263589216889089
"102639358",0.274007011126353
"102639371",0.461499434294945
"102639375",0.118336
"102639395",0.391236648924487
"102639399",0.46784383331979
"102639507",0.0609990540966623
"102639511",0.10071228410692
"102639531",0.203529380834718
"102639542",0.506136570937588
"102639545",0.0356496650202944
"102639549",0.083513566081823
"102639552",0.451293041428296
"102639566",0.572409127484068
"102639568",0.450614949128922
"102639573",0.679520376089088
"102639582",0.43393378354376
"102639598",0.00913536458728938
"102639617",0.539077935122129
"102639642",0.095626850870511
"102639650",0.422784904368182
"102639653",0.0416759593778842
"102639677",0.612272810285631
"102639679",0.0186727443538896
"102639687",0.61734693877551
"102639700",0.259905892743452
"102639717",0.504300166306079
"102639728",0.540709897453249
"102639746",0.510446095661224
"102639769",0.553991353292266
"102639781",0.680152765794934
"102639808",0.585848365437289
"102639824",0.385536844689387
"102639841",0.0432416218662714
"102639848",0.681630507260454
"102639849",0.208072927678911
"102639872",0.397151620565835
"102639908",0.108348444205467
"102639918",0.0239480924686855
"102639919",0.146115528973603
"102639929",0.171391172045661
"102639931",0.474581012248557
"102639946",0.795975410197426
"102639977",0.388183356215324
"102639983",0.110266308768349
"102639999",0.731739534832196
"102640012",0.42582671486254
"102640025",0.304211453445689
"102640026",0.358070823048389
"102640042",0.266293764372156
"102640043",0.2309406126626
"102640071",0.481366184379508
"102640081",0.354672121917003
"102640100",0.286916728692919
"102640117",0.492613408498222
"102640133",0.417859012114727
"102640140",0.553117345521578
"102640142",0.189018633145326
"102640149",0.533365011677763
"102640163",0.194040536443896
"102640165",0.112107566373334
"102640169",0.123072464325295
"102640173",0.0353179620681523
"102640192",0.0576088117183487
"102640216",0.0728461227454602
"102640239",0.639362073301531
"102640242",0.182564500031429
"102640245",0.279823005842899
"102640250",0.0933256903541992
"102640253",0.151234567901235
"102640259",0.192210822252494
"102640278",0.489442029421029
"102640282",0.787616368839167
"102640300",0.500560397136374
"102640310",0.290683607274052
"102640319",0.511951728673968
"102640331",0.103919376159916
"102640338",0.0434492517044336
"102640339",0.311247312756544
"102640344",0.0692406888228712
"102640374",0.0703590421916676
"102640375",0.111461674424226
"102640387",0.177222501545767
"102640388",0.559635173336261
"102640395",0.564549125310355
"102640419",0.269616632447902
"102640430",0.603533660135793
"102640439",0.159535712175056
"102640451",0.0181785749624054
"102640479",0.489948143117976
"102640493",0.383101256151488
"102640507",0.244426693119621
"102640515",0.0590725265447727
"102640522",0.249018866755195
"102640525",0.648746972749547
"102640534",0.242662020152873
"102640549",0.308248584458614
"102640553",0.177602040816327
"102640555",0.330013580805794
"102640562",0.102278018213377
"102640578",0.477268429920183
"102640604",0.320274459518387
"102640646",0.575919011389023
"102640667",0.144500679794746
"102640670",0.0941373966942149
"102640673",0.0338624753829086
"102640715",0.665016802504617
"102640722",0.10849706011186
"102640740",0.582177820842661
"102640746",0.0903042465610023
"102640747",0.36266501249727
"102640765",0.440755860865163
"102640772",0.0729199767074489
"102640779",0.0493555715034893
"102640806",0.445655582028538
"102640808",0.202447920015646
"102640820",0.202691534631055
"102640827",0.453333370209491
"102640832",0.518205734517772
"102640839",0.3553420286337
"102640858",0.596142533745788
"102640879",0.278105092182542
"102640883",0.217327833916367
"102640887",0.363067078796722
"102640889",0.287774007075712
"102640899",0.115636562030293
"102640920",0.569545970126134
"102640923",0.534222843486575
"102640952",0.321129148021241
"102640959",0.262699947345908
"102640966",0.135094025865196
"102640970",0.507228275226694
"102640972",0.240405335996314
"102640985",0.254402676897456
"102641068",0.106468501528905
"102641120",0.0584772459453032
"102641244",0.356700816948893
"102641247",0.197139703875583
"102641351",0.4033993856859
"102641467",0.226186029048787
"102641476",0.438861121732287
"102641509",0.56961475388779
"102641516",0.0177582846018555
"102641529",0.159103894228818
"102641609",0.481206447067563
"102641610",0.274569606044498
"102641617",0.20022514940875
"102641621",0.0253474482749339
"102641704",0.338992984596674
"102641931",0.123083186798003
"102642011",0.270953362590308
"102642244",0.437624426240884
"102642321",0.0701403223452388
"102642556",0.388965709839818
"102642737",0.319793195887548
"102642832",0.0420540505071232
"102642842",0.388515385158742
"102643016",0.273201799147096
"102643051",0.493077192350599
"102643147",0.0867098012111508
"102643210",0.10288543725226
"102800312",0.0669634535447652
"102902673",0.140368548881657
"103611158",0.208322321609159
"104940697",0.0696709747238822
"105180375",0.0610863662187617
"105242405",1.41675248963928
"105242443",0.366263021360716
"105242444",0.162605434591662
"105242571",0.446773314527146
"105242574",0.390449916896084
"105242595",0.335180055401662
"105242599",0.466326126379792
"105242622",0.327514878792278
"105242636",0.103514604426626
"105242667",0.148473953144516
"105242679",0.0308680770748774
"105242685",0.700919415900487
"105242688",0.139087448726157
"105242709",0.524301546408368
"105242721",0.144764897626203
"105242736",0.647389786274849
"105242738",0.316460885225454
"105242750",0.101709276844412
"105242752",0.318821478873588
"105242758",0.173323079454172
"105242797",0.0503409455607324
"105242804",0.484475255553249
"105242821",0.253236212278876
"105242847",0.262414389786619
"105242854",0.56657459733391
"105242860",0.251071810132561
"105242865",0.806472993711055
"105242884",0.577145887175087
"105242888",0.766169250915819
"105242891",0.376501580455088
"105242900",0.0389201714963123
"105242908",0.449075947215452
"105242910",0.0957873766416416
"105242928",0.190532425190683
"105242930",0.290066476494239
"105242934",0.214052314190325
"105242936",0.494563421243969
"105242937",0.406932578446016
"105242946",0.536429964328181
"105243005",0.420635987798246
"105243011",0.160631063212251
"105243044",0.168035776370416
"105243045",0.408766260297231
"105243058",0.3571497802893
"105243086",0.144748523221454
"105243124",0.11287284540846
"105243196",0.507366993071743
"105243207",0.435003219615666
"105243215",0.606480369094899
"105243219",0.425135746557223
"105243235",0.0324837750135208
"105243236",0.302143202162271
"105243237",0.40235593405061
"105243238",0.0449514865711772
"105243241",0.52924668348446
"105243269",0.487201971334432
"105243280",0.480696285611061
"105243282",0.0657141567764364
"105243290",0.277831514283714
"105243314",0.352014619963561
"105243316",0.077551674411152
"105243330",0.169616388457926
"105243332",0.181830911538162
"105243361",0.180699049399653
"105243368",0.759504105162023
"105243369",0.351910370583166
"105243374",0.656077531399024
"105243391",0.121707669269255
"105243398",0.0679861354237653
"105243402",0.273490932000517
"105243425",0.315907776268799
"105243437",0.589876800019642
"105243523",0.429467403255766
"105243532",0.733670983310185
"105243537",0.302947880124325
"105243569",0.370319249917005
"105243578",0.245018071008392
"105243583",0.196447020622845
"105243585",0.0308210960389382
"105243648",0.463489287481898
"105243668",0.390239292790733
"105243672",0.205515176673134
"105243684",0.135986962391752
"105243692",0.10157654703494
"105243714",0.308594874171736
"105243729",0.30528027221172
"105243866",0.0804005678884578
"105243877",0.159825438689237
"105243880",0.155063940489034
"105243934",0.621660303291963
"105243942",0.233788189832146
"105243955",0.511909461445586
"105243962",0.258144685899518
"105243964",0.590185788977283
"105243973",0.140940295123956
"105243975",0.131153632482024
"105244006",0.0108104790506663
"105244007",0.0733594524748768
"105244011",0.17236394961523
"105244028",0.213875252463541
"105244060",0.909627687172568
"105244068",0.463035462335637
"105244074",0.496210028228979
"105244102",0.352098471325765
"105244117",0.0967291894709666
"105244124",0.325468794772495
"105244130",0.360299563124133
"105244140",0.424635988572109
"105244149",0.626263078996444
"105244162",0.0486146449341238
"105244208",0.0081044069640099
"105244227",0.615289117077687
"105244229",0.0892633763794898
"105244244",0.113634077781542
"105244267",0.436817156651475
"105244278",0.162154857889284
"105244297",0.478067418839659
"105244317",0.323805896925173
"105244318",0.455527242128694
"105244320",0.487376062297698
"105244343",0.0214372269773965
"105244353",0.448263609253339
"105244354",0.209887481747817
"105244413",0.0411194069583225
"105244450",0.10733330735727
"105244477",0.23067904843351
"105244487",0.0823011000634081
"105244494",0.401265867163729
"105244522",0.688438663385732
"105244527",0.351422591538133
"105244530",0.600888583850265
"105244557",0.233719133507362
"105244574",0.344307082849532
"105244589",0.0846221927928619
"105244601",0.338296543107039
"105244605",0.446750248328814
"105244644",0.296619385609294
"105244662",0.173892108745753
"105244666",0.720264889196676
"105244678",0.123122477769509
"105244701",0.49760117378943
"105244732",0.140685192615683
"105244746",0.520494438965295
"105244755",0.559621539904364
"105244756",0.181188065421995
"105244768",0.292860395296056
"105244779",0.358699401670499
"105244788",0.425733112016498
"105244789",0.516566282823543
"105244799",0.234336762173749
"105244804",0.638135470764733
"105244826",0.228192126499315
"105244829",0.339687191501711
"105244831",0.016257149166171
"105244833",0.13055125035598
"105244835",0.336327276658052
"105244879",0.303268261221496
"105244921",0.156318965924277
"105244940",0.083648534552225
"105244946",0.0476157616772104
"105244947",0.154000080143986
"105244956",0.0275125976460653
"105244978",0.38374889862237
"105244999",1.67532959537982
"105245003",0.175864333724016
"105245009",0.175385313548231
"105245011",0.269580832433376
"105245032",0.387726432692289
"105245048",0.363079197583141
"105245069",0.262323044088873
"105245071",0.536563177204201
"105245074",0.111111111111111
"105245076",0.0422637101135749
"105245094",0.420772504965456
"105245096",0.737097283238183
"105245097",0.61587478730513
"105245109",0.440391920670199
"105245126",0.192391496020544
"105245138",0.875666898404912
"105245202",0.11915907004851
"105245211",0.085913316088186
"105245239",0.177446211554373
"105245255",0.027422768361615
"105245272",0.212748057575226
"105245277",0.619330779839091
"105245278",0.395929646072894
"105245307",0.423958719324052
"105245328",0.53814390075919
"105245356",0.356163358442783
"105245357",0.349706534458421
"105245369",0.681737456763798
"105245375",0.0265370213409179
"105245381",0.784050098704981
"105245389",0.890901245544449
"105245391",0.217497736035802
"105245401",0.291224894122909
"105245406",0.384441635150839
"105245453",0.291737861968483
"105245487",0.348794698470272
"105245518",0.419924004648398
"105245571",0.312417196363996
"105245586",0.428913621912288
"105245593",0.176422548424319
"105245595",0.523803696940205
"105245598",0.218116849512878
"105245602",0.67707567035177
"105245626",0.41995189051091
"105245634",0.845029126962694
"105245641",0.107282226091647
"105245643",0.553812871822607
"105245650",0.0445948155721769
"105245677",0.309159939514266
"105245679",0.485186703905485
"105245790",0.256174656222685
"105245865",0.0570320003551625
"105245866",0.368453087553424
"105245869",0.26087989991734
"105245903",0.204763493927462
"105245904",0.449333434728667
"105245905",0.0930050357266293
"105245907",0.177968992328065
"105245911",0.451155300672447
"105245927",0.0326269400939017
"105245975",0.285612939102324
"105245978",0.179014293126299
"105245981",0.260124057160021
"105245991",0.680980779507166
"105245994",0.0963902116433973
"105246003",0.685508686115808
"105246016",0.553829268582761
"105246018",0.199504129278225
"105246033",0.276676
"105246034",0.227323025446215
"105246035",0.014159960717759
"105246041",0.294681767424348
"105246049",0.0811168082038135
"105246056",0.147280894121268
"105246062",0.147718493940046
"105246064",0.77378016321935
"105246071",0.464478037806876
"105246086",0.256179369833857
"105246099",0.0621136021623901
"105246114",0.0542196398740452
"105246173",0.433290205065879
"105246176",0.321729677004284
"105246190",0.177294312449928
"105246192",0.491572822313677
"105246241",0.57546825908537
"105246249",0.134559377946726
"105246251",0.119345008661651
"105246254",0.353779630667582
"105246260",0.175532886406973
"105246264",0.0525284518372533
"105246278",0.015349204706612
"105246284",0.287842439022717
"105246286",0.28049599515788
"105246304",0.291739648739491
"105246306",0.282384888659237
"105246307",0.348640667793252
"105246334",0.0594014854154712
"105246337",0.917801124164437
"105246363",0.0390602489209955
"105246367",0.191698183534954
"105246379",0.279807313199631
"105246406",0.611323962147138
"105246458",0.556965734659411
"105246471",0.330952062681404
"105246496",0.474137527373587
"105246501",0.66120370124349
"105246506",0.704619319089989
"105246529",0.664977207853185
"105246536",0.442836567156901
"105246542",0.343570664480703
"105246555",0.545520932947459
"105246562",0.525991225385165
"105246571",0.173254967785687
"105246572",0.733893574247548
"105246574",0.237195131554014
"105246577",0.0464083856496848
"105246585",0.553909600655286
"105246588",0.649833402748855
"105246591",0.194279681273409
"105246608",0.065314478706273
"105246618",1.85098479273273
"105246627",0.414832751594957
"105246642",0.765625
"105246644",0.800366785371271
"105246658",0.432040172802025
"105246665",0.42861001470831
"105246702",0.266810522075922
"105246714",0.124657210366571
"105246760",0.503031282656137
"105246763",0.537388295423882
"105246765",0.273537620947047
"105246769",0.39390430756038
"105246773",0.445199339330856
"105246782",0.09679281044794
"105246804",0.0949931686700989
"105246807",0.0517739614850051
"105246824",0.18439446366782
"105246832",0.0637835025083814
"105246846",0.0669538104138161
"105246847",0.283103103847857
"105246895",0.179725663356078
"105246904",0.282249382978472
"105246933",0.207490533659959
"105246959",0.0775612650117424
"105246961",0.031550532203834
"105246968",0.14279135134652
"105246973",0.0724650821039231
"105246978",0.580662423668322
"105247050",0.0829266775962462
"105247097",0.0283148071000018
"105247100",0.103719368826203
"105247109",0.835296431314365
"105247116",0.0478423686746694
"105247123",0.0753526263102737
"105247124",0.217628459186772
"105247151",0.135230706337393
"105247188",0.0460846012214906
"105247200",0.394227570553703
"105247234",0.0083022993762816
"105247240",0.00580159839287274
"105247244",0.284172351110129
"105500046",0.341246779533172
"105886298",0.035227236857245
"105940408",0.0183145145736014
"105943584",0.117074841173214
"105980075",0.00573032720545728
"106014251",0.708713661827801
"107303348",0.796208119634375
"108167321",0.675092232537165
"108167335",0.598127860199541
"108167377",0.519749674242784
"108167409",0.086782200992753
"108167437",0.516590381474878
"108167440",0.0772813876493274
"108167448",0.432853454553047
"108167450",0.588006997928774
"108167456",0.543026187877057
"108167518",0.105031091051269
"108167529",0.334834171963402
"108167537",0.12091013791764
"108167548",0.468519207740779
"108167550",0.0989774018432016
"108167560",0.497460469123601
"108167561",0.673778473235007
"108167562",0.240819358158904
"108167589",0.144621785557855
"108167597",0.502296657881794
"108167615",0.461841901683593
"108167623",0.0387512670742115
"108167626",0.0277777777777778
"108167628",0.37237032764975
"108167636",0.615095646970252
"108167645",0.396845045518549
"108167653",0.288230789664143
"108167657",0.45977812697247
"108167667",0.590087923790487
"108167668",0.751111111111111
"108167690",0.827753127917107
"108167693",0.269225247326258
"108167700",0.401714658663996
"108167704",0.235078053259872
"108167721",0.239201148062573
"108167725",0.0532544378698225
"108167727",0.193056002677316
"108167732",0.105014506391816
"108167733",0.130722787468123
"108167736",0.0952540245682048
"108167745",0.544334554927668
"108167746",0.562258744185829
"108167748",0.063682648144088
"108167751",0.0201479855690557
"108167755",0.0304081167292572
"108167777",0.142372963336604
"108167793",0.339984876756032
"108167796",0.560029104677634
"108167802",0.421673432654145
"108167804",0.246407949298455
"108167812",0.0456223593037517
"108167848",0.0183057013852824
"108167863",0.270743162294614
"108167879",0.213898189992276
"108167882",0.273278693119948
"108167886",0.0755743517474475
"108167889",0.29692710387608
"108167895",0.181343904762281
"108167905",0.561217853322548
"108167922",0.805828170343072
"108167924",0.011945812575415
"108167935",0.383505582644388
"108168022",0.660306537265604
"108168026",0.251832232330607
"108168027",0.344804319102665
"108168028",0.187639908635745
"108168049",0.241761066787121
"108168068",0.27123530683078
"108168069",0.163136120083664
"108168071",0.173528938062393
"108168085",0.272286534963486
"108168101",0.024694702281624
"108168114",0.292852798328123
"108168162",0.0213303239314272
"108168251",0.465849329296904
"108168254",0.116153817404287
"108168256",0.531089566983247
"108168260",0.0545141090069413
"108168265",0.164227994536531
"108168283",0.474981738495252
"108168293",0.469443541390541
"108168335",0.251710459948254
"108168338",0.133987583095356
"108168347",0.177122409936355
"108168353",0.134483621087187
"108168358",0.699369566919884
"108168376",0.02485801054931
"108168382",0.401472065973491
"108168390",0.0830585239766984
"108168393",0.0646217632792409
"108168395",0.0286019860481554
"108168397",0.135356875950413
"108168407",0.0825487638405238
"108168413",0.11808921590647
"108168421",0.490793640515293
"108168478",0.186238335375625
"108168479",0.688891790331086
"108168481",0.0845935324020676
"108168645",0.100401658705808
"108168731",0.0226822197156614
"108168734",0.109512724529779
"108168740",0.125535299625864
"108168747",0.0366270332352613
"108168748",0.365526385005083
"108168756",0.407419702063313
"108168760",0.435317213404489
"108168787",0.624980892796903
"108168793",0.503250785302067
"108168806",0.274744721995719
"108168813",0.129426745540224
"108168820",0.427067039690805
"108168834",0.453655483520506
"108168861",0.456420587339136
"108168872",0.0523014226049339
"108168878",0.530923448537611
"108168883",0.201803525881248
"108168900",0.482924385512953
"108168903",0.163184685457685
"108168906",0.770862700111458
"108168909",0.0448170453818717
"108168911",0.30401819084051
"108168930",0.0998266628167963
"108168933",0.193094375740506
"108168941",0.0709135346070482
"108168971",0.641790808763193
"108168974",0.0307555431273338
"108168985",0.500293146549349
"108168987",0.0502352571545659
"108168988",0.227686060396469
"108168990",0.0800494457451729
"108169008",0.0507718511175226
"108169013",0.0100911849386209
"108169023",0.0709407202291866
"108169033",0.32845278977024
"108169043",0.319510789873566
"108169056",0.760874003092456
"108169069",0.134290043717076
"108169080",0.332816371183463
"108169096",0.242908163265306
"108169134",0.134636594439177
"108169152",0.13400205924931
"108169155",0.268955132221135
"108169157",0.21095770721394
"108169162",0.360885064202018
"108169173",0.340489689824816
"108169181",0.0219689344906574
"108169205",0.135764880996569
"110599566",0.0916670374537311
"111365222",0.0170122737656387
"111828493",0.0486019739400104
"112694759",0.570382571609397
"113002583",0.148174050982423
