"","GSE1833_environmental enrichment"
"100036765",0.0596867006605412
"100125364",0.0462538226299694
"100125370",0.0518973214285714
"100125371",0.0369921164342026
"100125373",0.0736015701668302
"100126191",0.0700386081543569
"100145871",0.0455210874869292
"100158233",0.070362473347548
"100174909",0.0542478852519309
"100174910",0.0571428571428571
"100188932",0.0767299259963423
"100188937",0.0408149405772496
"100188944",0.0500981956659715
"100189544",0.0444261620732209
"100190936",0.0885150297186708
"100192313",0.0614105216284923
"100196907",0.0432198142414861
"100233176",0.0796821793416572
"100294508",0.0524822695035461
"100301568",0.0677603423680457
"100302372",0.0532281084711611
"100302447",0.0853372795659144
"100302453",0.0465086807755671
"100303643",0.0481779957953749
"100310874",0.0526315789473684
"100312735",0.0398509638749393
"100322884",0.0850027070925826
"100359861",0.0898847631241997
"100359946",0.0517826825127334
"100359982",0.0553719008264463
"100360066",0.0494296577946768
"100360077",0.115241635687732
"100360180",0.0674023585415991
"100360302",0.059190031152648
"100360334",0.0739295862832924
"100360427",0.0561797752808989
"100360501",0.0579663212435233
"100360582",0.0430388883876207
"100360682",0.0527752502274795
"100360872",0.0395565160199192
"100360880",0.103206745452131
"100361138",0.0622321003333862
"100361269",0.0660377358490566
"100361294",0.0697129466900996
"100361376",0.0480587334088653
"100361417",0.0489893799246317
"100361444",0.0509626274065685
"100361506",0.0423921271763815
"100361574",0.0772083614295347
"100361647",0.0448430493273543
"100361733",0.0670077239442271
"100361884",0.0505533199195171
"100362005",0.0823317307692308
"100362121",0.0583927900863688
"100362331",0.0598484848484848
"100362347",0.0749536986599847
"100362640",0.0494855879602075
"100362805",0.0531536306504127
"100363521",0.046804289876635
"100364523",0.0459143968871595
"100365504",0.0535362578334825
"100365872",0.0671806167400881
"100365921",0.0782283577796951
"100526644",0.0500963391136802
"100529260",0.0501915708812261
"100534597",0.0619402043648291
"100909827",0.082865483943409
"100909970",0.0787671232876712
"100910202",0.067033134829745
"100910237",0.0546951992116007
"100910318",0.0527758738862234
"100910558",0.0819248359514814
"100910827",0.0739324868263529
"100910872",0.0716970998925886
"100910940",0.0642526700554001
"100910973",0.0722914307285768
"100910996",0.0532994923857868
"100911177",0.0452267164005129
"100911235",0.0844994617868676
"100911360",0.0364122030085758
"100911483",0.0546350814733671
"100911581",0.0571931368235812
"100911627",0.0507714388231073
"100911652",0.0624919302775985
"100911664",0.0553415061295972
"100911717",0.0627939142461964
"100911740",0.0520749879826951
"100912041",0.102488814317673
"100912108",0.0794213167995276
"100912115",0.0934377953900967
"100912525",0.0587628865979381
"102238592",0.0614055433143917
"102549710",0.0459873760144274
"102549726",0.0490566037735849
"102550394",0.0484520780322307
"102552664",0.0621113947247856
"102553861",0.0443664878250103
"102554586",0.0728272827282728
"102554884",0.0512056737588652
"102557319",0.0500723589001447
"103689992",0.0454479873034194
"103690123",0.0601672700037448
"103690132",0.0560836279236207
"103691034",0.0605546708739745
"103691906",0.0808035714285714
"103692131",0.0417964693665628
"103693239",0.0499312343309835
"104845258",0.0505225403500093
"104845260",0.0630917223920711
"104940696",0.0894506562955761
"106345158",0.0465057817998994
"106345160",0.0530612244897959
"106631776",0.0579868708971554
"108348073",0.0781343120160288
"110596864",0.0679516497876511
"112400",0.0565847766846641
"113882",0.0466374645709869
"113892",0.0968890264664913
"113893",0.0772167204246884
"113894",0.0555685370799979
"113898",0.0542635658914729
"113901",0.0600387346675274
"113906",0.0630882343880481
"113907",0.0724598566165381
"113911",0.049049049049049
"113912",0.0977437684908747
"113914",0.0448639724355753
"113918",0.139268680445151
"113922",0.0999095840867993
"113927",0.102776730745068
"113929",0.0613540197461213
"113931",0.0508609271523179
"113936",0.0471132897603486
"113940",0.0569698116778651
"113947",0.0883534136546185
"113948",0.116147599958886
"113955",0.18888021018249
"113956",0.0582642613359337
"113958",0.0532010820559062
"113959",0.0573448546739984
"113960",0.0656552340476757
"113961",0.0526759376316898
"113965",0.0619155111254434
"113970",0.0459183673469388
"113975",0.063595068137573
"113976",0.0675468222290451
"113983",0.058928197613565
"113984",0.0540268278458194
"113990",0.0552193645990923
"113995",0.0455491838848473
"114002",0.0462676781867566
"114004",0.0535183029362308
"114017",0.138516532618409
"114020",0.0755741127348643
"114021",0.0589161232291432
"114023",0.0683823529411765
"114024",0.0647470569519567
"114027",0.0431034482758621
"114029",0.156754547312487
"114031",0.0472160356347439
"114032",0.0541225241824044
"114087",0.0729193178925935
"114089",0.0854011081667068
"114090",0.0945003980486932
"114091",0.0487041036717063
"114093",0.0660194174757282
"114095",0.0782274741506647
"114096",0.0625743516535808
"114097",0.0562126966901791
"114098",0.0491017964071856
"114099",0.0564334085778781
"114100",0.0784708249496982
"114101",0.0575035063113604
"114102",0.0725410710475784
"114103",0.05182398949191
"114104",0.0537997364240324
"114105",0.0545502229215841
"114106",0.0546525802519301
"114107",0.0528409090909091
"114108",0.0877128731001648
"114109",0.0490591397849462
"114110",0.042004200420042
"114111",0.0484764542936288
"114113",0.101017860572307
"114114",0.162772277227723
"114115",0.0467449473382961
"114116",0.0770822555613037
"114117",0.0814444444444444
"114119",0.0568778110944528
"114121",0.0549789410348977
"114122",0.08300477757493
"114123",0.0435084792882958
"114124",0.0686656626332552
"114125",0.0446215139442231
"114200",0.0595533498759305
"114202",0.0669456370549964
"114203",0.0617713233790141
"114205",0.0560730593607306
"114206",0.202821869488536
"114209",0.070979158474243
"114210",0.0711635014189042
"114212",0.0482560108364375
"114213",0.0504861630516081
"114214",0.0531393207692641
"114215",0.043812251806523
"114216",0.13785720167998
"114217",0.131664499349805
"114243",0.053921568627451
"114244",0.0729012528361448
"114245",0.0551340794711936
"114246",0.048847776695878
"114247",0.0479005608609974
"114248",0.0536478205572899
"114300",0.0614179396788092
"114481",0.0709675388302895
"114485",0.0658000178078533
"114488",0.112664376258737
"114489",0.067073582328452
"114490",0.0622353698133131
"114491",0.0481072555205047
"114492",0.0447761194029851
"114493",0.0492957746478873
"114495",0.0682225293003736
"114496",0.0459317585301837
"114498",0.0580451462248415
"114499",0.0687719772788748
"114505",0.0713619173910908
"114506",0.0663362159881881
"114508",0.045045045045045
"114509",0.0489531405782652
"114510",0.116066323613493
"114511",0.0616610738255034
"114512",0.0592057761732852
"114513",0.0953663029615984
"114514",0.0412210771923002
"114515",0.101208459214502
"114517",0.0487364620938628
"114518",0.108423449060899
"114519",0.0605345911949686
"114520",0.0795864013786621
"114521",0.0517241379310345
"114522",0.0666887490338964
"114523",0.0593811291077444
"114552",0.05229793977813
"114553",0.054140127388535
"114554",0.115716044316783
"114555",0.0937880633373934
"114558",0.0403879131925965
"114559",0.0718494334457573
"114560",0.059875459045186
"114561",0.0439840058160669
"114562",0.0889271371199082
"114587",0.0657982951824538
"114589",0.0507462686567164
"114590",0.095067264573991
"114591",0.0441379310344828
"114592",0.0619344583027635
"114593",0.0530888030888031
"114596",0.0651189954737918
"114597",0.0506213713353486
"114598",0.0449227373068433
"114612",0.050392399834779
"114613",0.0820172528201725
"114628",0.0511177844511178
"114629",0.0433912717268976
"114632",0.0692709516238928
"114633",0.0551816958277254
"114634",0.0415879017013233
"114635",0.0703456640388114
"114636",0.0473653734800232
"114638",0.0470847397097219
"114639",0.0517534373551676
"114700",0.0461341307133704
"114705",0.0533386013433426
"114709",0.114526233359436
"114711",0.0610997963340122
"114764",0.0737318194571833
"114766",0.048713464901324
"114767",0.0525326474079937
"114768",0.0596800656275636
"114839",0.068248511779995
"114845",0.0619720213556802
"114846",0.0489734816082121
"114851",0.0627827733177371
"114856",0.133864820599588
"114858",0.0630990415335463
"114859",0.0641359462792929
"114860",0.0486944248412138
"114861",0.134610997033995
"114862",0.262286305721118
"114901",0.047270190127333
"114903",0.0463472113118617
"114906",0.156424581005587
"115768",0.0433008388120608
"115769",0.0504848391565338
"115771",0.0515046556610139
"116456",0.0527646662171274
"116457",0.0809267343668388
"116458",0.0659340659340659
"116459",0.0883286122885565
"116463",0.0536735591728993
"116464",0.0444256155164095
"116465",0.0796598976390953
"116466",0.0537067968649621
"116467",0.0451612903225806
"116468",0.0672138420585626
"116469",0.0503887412656235
"116470",0.0753405078361777
"116472",0.0443432705500811
"116474",0.0523731587561375
"116475",0.0526011560693642
"116477",0.0799917395014335
"116478",0.0701517530088959
"116479",0.0593440916189485
"116482",0.0615961435457954
"116483",0.118007662835249
"116484",0.0462129237288136
"116486",0.0596480266274993
"116487",0.0634328358208955
"116489",0.0668693009118541
"116490",0.0704679935449166
"116491",0.0708101187527071
"116493",0.0721415607985481
"116498",0.0742765702093613
"116499",0.0779261752024398
"116500",0.062190834473127
"116501",0.0801474131265478
"116502",0.0645719940623454
"116504",0.0455005055611729
"116506",0.064042033179298
"116508",0.103946441155743
"116509",0.0684818101746102
"116510",0.0971375807940905
"116543",0.0531231757151197
"116544",0.0628966295303906
"116545",0.0724122612172368
"116546",0.0829439252336449
"116547",0.0362077179609338
"116548",0.0532740806145852
"116549",0.272810218978102
"116550",0.0540408958130477
"116551",0.0548643687538242
"116552",0.0564399421128799
"116553",0.0448619631901841
"116554",0.0496422182468694
"116555",0.0678828687754463
"116556",0.0503681885125184
"116557",0.0422580130760644
"116560",0.0683987752161383
"116561",0.0516905071521456
"116562",0.0736701306718798
"116563",0.0519662921348315
"116564",0.061176177423374
"116565",0.0540225417800233
"116568",0.0628961482203803
"116590",0.0942686638958926
"116592",0.0688897763578275
"116593",0.0424929178470255
"116595",0.0937056305364685
"116596",0.0426909701403046
"116597",0.258539059857964
"116598",0.0810076114534252
"116599",0.0571428571428571
"116600",0.0779389316460664
"116601",0.0528202676864245
"116630",0.0889370932754881
"116631",0.0525517537690307
"116632",0.0483104540654699
"116633",0.0657542398095805
"116635",0.0554321132031341
"116636",0.0657989877078814
"116637",0.0694254964377748
"116638",0.116662609542356
"116639",0.0634897699687897
"116641",0.0944584452778453
"116642",0.059212985210102
"116643",0.0431346723740533
"116645",0.0467061693970024
"116648",0.0532067874604544
"116649",0.077400906728049
"116653",0.0844250363901019
"116655",0.0500666285931849
"116656",0.0659980093407855
"116657",0.170099160945843
"116658",0.0464689697340263
"116659",0.0873907615480649
"116660",0.063872255489022
"116662",0.0460707176035643
"116663",0.0767767681574069
"116664",0.0508548882069268
"116665",0.0594021784960329
"116666",0.0638383838383838
"116667",0.103689188037829
"116668",0.0697158976425549
"116669",0.0750176304654443
"116670",0.0796178343949045
"116671",0.114194499017682
"116673",0.0757392145814541
"116674",0.0588235294117647
"116675",0.0883533704659924
"116676",0.145851786241512
"116677",0.062609841827768
"116679",0.0657585720995773
"116681",0.0710716747070985
"116682",0.0587084148727984
"116683",0.0467667436489607
"116684",0.124132786273778
"116685",0.0475827908394117
"116686",0.0913331327114054
"116687",0.0725643249494073
"116689",0.0862152357920194
"116690",0.0565119705790356
"116691",0.0715443101084382
"116692",0.04162976085031
"116693",0.0576750427179448
"116694",0.0550487329434698
"116695",0.0504614468591843
"116696",0.0509622879069489
"116697",0.0855699855699856
"116698",0.0509169884169884
"116699",0.0443389725631939
"116700",0.0647149460708783
"116711",0.0474096958174905
"116717",0.0431266846361186
"116718",0.0559399207616344
"116720",0.0584776480064438
"116721",0.048780487804878
"116722",0.0485505065703681
"116723",0.115320734989542
"116724",0.0800615130487326
"116725",0.125157653180086
"116726",0.0406633348477965
"116728",0.0466032725092093
"116743",0.079737572546051
"116744",0.0732048158473517
"116745",0.047821270310192
"116777",0.0545659526493799
"116831",0.0589395039950192
"116839",0.0963240810202551
"116967",0.118853793552589
"116996",0.0588633288227334
"117016",0.0882496343247197
"117017",0.0544075333507716
"117018",0.0723048812320543
"117019",0.0936920222634508
"117020",0.072899191703523
"117021",0.0504156610351301
"117022",0.0489769264257727
"117023",0.0502665651180503
"117024",0.0613145307603497
"117026",0.0599272448784224
"117027",0.0619060927892677
"117028",0.0591125441424843
"117029",0.0899942495687177
"117030",0.0479279279279279
"117033",0.0619718309859155
"117034",0.0666979802724284
"117035",0.0527467185221196
"117036",0.0493391508715658
"117037",0.0412844036697248
"117038",0.0637608445698756
"117039",0.0552220888355342
"117041",0.0531154239019408
"117042",0.0488215488215488
"117044",0.0497584541062802
"117045",0.0568488404890671
"117048",0.0599849567506581
"117049",0.0542925916020326
"117051",0.0461521833117164
"117052",0.0541629364368845
"117054",0.0665856806620606
"117055",0.069620253164557
"117056",0.0869073350731194
"117057",0.0930701628007492
"117059",0.0644831115660184
"117061",0.061496768813842
"117063",0.0825882352941176
"117064",0.0488137907492746
"117088",0.068133971291866
"117089",0.0415350600126342
"117092",0.0536799459824443
"117096",0.0993243243243243
"117098",0.0409442060085837
"117099",0.0683903252710592
"117100",0.0749151657530671
"117101",0.0626485610358535
"117103",0.0522763366860773
"117104",0.0476253824664095
"117105",0.0528527763627101
"117106",0.0722494791316621
"117107",0.0929931812837997
"117108",0.0801799417835406
"117130",0.05435847208619
"117140",0.0732388608802289
"117152",0.0623306233062331
"117179",0.0565286624203822
"117180",0.0529115274928424
"117182",0.0513344226579521
"117183",0.0700754878222476
"117184",0.0643015521064302
"117185",0.0505480335267569
"117186",0.0522698673894105
"117232",0.0565804274465692
"117240",0.0545731127590797
"117241",0.0529411764705882
"117242",0.0589369651681331
"117243",0.0542553191489362
"117254",0.0508098891730605
"117255",0.0619429590017825
"117256",0.118207739307536
"117257",0.0448698773556686
"117258",0.155844155844156
"117259",0.0535161567518924
"117260",0.0622918707149853
"117261",0.0427979751495628
"117262",0.0464767616191904
"117263",0.0493692261845634
"117264",0.0691390234811778
"117265",0.0579339723109691
"117267",0.0704324663115011
"117268",0.0542200458480022
"117269",0.0428838951310861
"117270",0.065015479876161
"117271",0.0907663316582915
"117272",0.0494089520520653
"117273",0.0657894736842105
"117274",0.0429147465437788
"117276",0.0633349826818407
"117277",0.106773283160865
"117278",0.0485286525554982
"117279",0.0635359116022099
"117280",0.0500696602459374
"117281",0.0415863398512806
"117282",0.0635773067361552
"117284",0.124654314159292
"117287",0.0659713800630609
"117505",0.0571973307912297
"117512",0.0512223515715949
"117513",0.0683847920387854
"117514",0.0803404740056324
"117515",0.101401136523662
"117516",0.05
"117518",0.049667229561935
"117519",0.0866855506088226
"117520",0.0937728937728938
"117522",0.0700792199878123
"117523",0.0601741884402217
"117526",0.0616857218824781
"117533",0.0625653082549634
"117536",0.0514141761135921
"117537",0.0439644607843137
"117538",0.083873757025508
"117539",0.0687079910380881
"117540",0.0490144889701083
"117541",0.0709580016469942
"117542",0.0892569958185912
"117543",0.0678391959798995
"117544",0.09375
"117547",0.0494048589597261
"117548",0.245266402465874
"117549",0.0706924720372
"117551",0.0530675198604989
"117552",0.0860125952933378
"117553",0.0585800041399296
"117554",0.0560582652836019
"117556",0.26215644820296
"117557",0.0598117343503682
"117558",0.0569546135424717
"117559",0.0846696600384862
"117560",0.12770335303071
"117582",0.0815074496056091
"117596",0.0572734755299116
"117855",0.0559368017874242
"117903915",0.0603815649340792
"117955",0.120433604336043
"120097610",0.0546498006504322
"124451",0.0429501336742997
"124461",0.0634169571129227
"140433",0.0498756528886629
"140447",0.0711111111111111
"140448",0.0717745486569793
"140473",0.071957622351397
"140544",0.0839032730825598
"140547",0.0974477958236659
"140568",0.06640625
"140581",0.0739899593593115
"140583",0.0468154599891127
"140585",0.077573153263761
"140590",0.158004158004158
"140592",0.0576025744167337
"140593",0.0687841391867287
"140594",0.0449050086355786
"140595",0.0559202221661197
"140607",0.055067098565479
"140608",0.0561844230908979
"140610",0.0943367189904586
"140638",0.0798080219403497
"140639",0.0811501219526839
"140654",0.0425748884639898
"140656",0.056340263450246
"140657",0.0410190674571383
"140661",0.046578106608374
"140662",0.0408515535097814
"140665",0.0486372534256889
"140666",0.100210784349762
"140668",0.0666032350142721
"140669",0.0725607608312786
"140670",0.0891397559823191
"140671",0.0784177654406662
"140673",0.0511384845091452
"140674",0.14055829228243
"140675",0.137060326193751
"140693",0.074814126394052
"140694",0.0949044585987261
"140720",0.0523751522533496
"140722",0.0723660872649876
"140724",0.0717930670420553
"140725",0.143040410519564
"140726",0.0566958518731161
"140727",0.0549463937621832
"140728",0.0561827956989247
"140729",0.257659073055774
"140734",0.0613303845977749
"140860",0.0865535998022027
"140866",0.0808815426997245
"140868",0.0547866205305652
"140908",0.0612009237875289
"140910",0.0519071310116086
"140914",0.0462724935732648
"140915",0.052819414703783
"140922",0.0826181957572428
"140923",0.047451671852747
"140924",0.0491406159880032
"140925",0.0691995475414199
"140926",0.0486101962850744
"140928",0.0491026075177785
"140929",0.059114927344782
"140930",0.0473856209150327
"140931",0.0557090583227541
"140932",0.0647709320695103
"140933",0.0767527675276753
"140934",0.0521315468940317
"140935",0.0577959887858529
"140936",0.0437567754015965
"140937",0.0611855210312299
"140938",0.062255817903856
"140939",0.0547376368440921
"140940",0.0901797064813575
"140941",0.067853027781334
"140942",0.148148148148148
"140943",0.0566272890669738
"140944",0.0571944611679711
"140945",0.0542441120117714
"140946",0.0468792586535841
"154968",0.0854054054054054
"154985",0.0526315789473684
"155012",0.0964597229348384
"155140",0.0758771929824561
"155151",0.0453884201338376
"155173",0.0399543378995434
"155183",0.0540772532188841
"155192",0.0541114058355438
"155205",0.0703056768558952
"155268",0.0493654348637551
"155423",0.0752923976608187
"155696",0.119013062409289
"155812",0.0651965484180249
"155918",0.0449367936401131
"156117",0.0575504775722404
"156275",0.0485611510791367
"156435",0.0506981711518397
"156726",0.0613320555821754
"156767",0.0635710337202875
"156873",0.0451485334965397
"157074",0.0446428571428571
"161452",0.0594105004605465
"161475",0.0487264673311185
"161476",0.0396161417322835
"170465",0.0818687430478309
"170496",0.0597237269772481
"170501",0.0574701195219124
"170512",0.213855863789814
"170520",0.0620667548182875
"170538",0.0524840518074618
"170551",0.0508305978314931
"170566",0.0456135966008498
"170567",0.0483292978208232
"170568",0.064701173959445
"170570",0.0518744551002616
"170573",0.0434581955234213
"170577",0.0955518945634267
"170578",0.0468619246861925
"170579",0.0540325784664283
"170580",0.0652551197500868
"170582",0.042995559144126
"170583",0.0517162769491305
"170587",0.0673740053050398
"170588",0.0497554752285775
"170630",0.0677764565992865
"170632",0.0558728908147856
"170633",0.0578144853875476
"170634",0.0630369941681877
"170635",0.0509192065795839
"170636",0.0526157244703283
"170637",0.0611587982832618
"170641",0.108399430547082
"170667",0.0390606835619623
"170668",0.0509835407466881
"170670",0.0473537604456825
"170673",0.0666666666666667
"170698",0.0700167523852338
"170699",0.0657287079798088
"170700",0.0614145879381118
"170704",0.0405472947644633
"170714",0.0463675213675214
"170724",0.0524861878453039
"170739",0.0614334470989761
"170751",0.0571608040201005
"170796",0.0628970775095299
"170808",0.0641373080397471
"170816",0.0637975450825883
"170818",0.0613788422379521
"170819",0.0488265443755058
"170820",0.0514184397163121
"170821",0.0520504731861199
"170824",0.05
"170837",0.0699925539836188
"170840",0.0681276648085801
"170841",0.0513908533710514
"170842",0.0969728836475625
"170843",0.0515829360713849
"170845",0.0513908533710514
"170847",0.0489516948369816
"170848",0.0957446808510638
"170849",0.0657066414856783
"170851",0.0625
"170895",0.0679407994406246
"170896",0.0648317244977824
"170897",0.0624439796832985
"170898",0.0690640987059886
"170899",0.0527777777777778
"170900",0.0637282251565309
"170902",0.077724358974359
"170904",0.105004177885062
"170905",0.0543576158940397
"170906",0.0526410348544736
"170907",0.0846286701208981
"170908",0.0961206219569656
"170909",0.0577742279020234
"170910",0.0705767562879445
"170911",0.0683229112589026
"170912",0.0807550843790567
"170913",0.0829610211522573
"170914",0.0908321579689704
"170916",0.0692711753118844
"170917",0.0729205106819786
"170919",0.0512483574244415
"170920",0.0713690212242592
"170922",0.0422814982973893
"170923",0.23134328358209
"170925",0.055286800276434
"170926",0.0529105821164233
"170927",0.0764136200083841
"170928",0.0551487875327467
"170929",0.045914262728422
"170933",0.0418797645469459
"170943",0.0735596285033287
"170944",0.0650596163815449
"170945",0.0797851173895742
"170946",0.080749354005168
"170955",0.141131737866249
"170956",0.0603674540682415
"171009",0.0709163974470097
"171010",0.0505756252481143
"171011",0.05417902196311
"171015",0.0789660284922323
"171018",0.0775634517766497
"171026",0.106266318537859
"171027",0.0456366486674795
"171028",0.0616068316486581
"171039",0.0868940754039497
"171040",0.0385443583118002
"171041",0.0635192201779641
"171043",0.046875
"171044",0.0702781844802342
"171045",0.0512888888888889
"171046",0.0751398880895284
"171047",0.0433046299762885
"171048",0.0797685320832112
"171049",0.0638775346637813
"171050",0.0627450980392157
"171051",0.0792649478880965
"171052",0.055952881783761
"171053",0.0588683351468988
"171054",0.054937343358396
"171055",0.0508717031738936
"171056",0.104477611940299
"171057",0.0668316831683168
"171058",0.100338983050847
"171059",0.0586837294332724
"171060",0.0485436893203883
"171061",0.0630711610486891
"171062",0.0573021326246192
"171063",0.0580789277736411
"171064",0.0448916408668731
"171068",0.0599510603588907
"171069",0.0451153713695328
"171070",0.0553193838679402
"171071",0.0657548940734781
"171072",0.0421202695697252
"171073",0.0620983290488432
"171074",0.0618279569892473
"171075",0.0517435320584927
"171078",0.0802948021722265
"171079",0.0597101449275362
"171080",0.0487804878048781
"171081",0.0601466992665037
"171082",0.077710386656558
"171083",0.0689529368843488
"171084",0.0401945358317837
"171085",0.0711982989231086
"171086",0.0744480654968901
"171087",0.0669660288949629
"171088",0.041948692236985
"171090",0.0449861581051984
"171091",0.0641166666666667
"171092",0.0630465367049403
"171093",0.0818572353466382
"171096",0.0872861165258826
"171097",0.0991795838570032
"171099",0.0776967368785104
"171100",0.0596774193548387
"171101",0.0855301698886936
"171102",0.0521465818987071
"171103",0.0718178007545061
"171104",0.0479631244549645
"171105",0.053702955184478
"171106",0.0617867222972144
"171107",0.0452956597727935
"171108",0.0567879325643301
"171109",0.0892561983471074
"171111",0.0946645946645947
"171112",0.0553239436619718
"171113",0.0663638108376217
"171114",0.0383309073265405
"171115",0.067475360121304
"171116",0.14359351988218
"171118",0.0562586142087458
"171119",0.0696846945478432
"171120",0.0609746996044481
"171121",0.0765860645378718
"171122",0.0657219973009447
"171123",0.0541243819932344
"171124",0.0709606986899563
"171125",0.0512991339107262
"171126",0.0626034612490594
"171128",0.0640208574739282
"171129",0.0799379123011253
"171131",0.0419831223628692
"171133",0.0610975939443093
"171134",0.0498253076105119
"171135",0.167396429774335
"171136",0.0629432624113475
"171137",0.0580298244616109
"171138",0.0580761579994317
"171139",0.0580128205128205
"171140",0.0786857355521293
"171142",0.0436893203883495
"171143",0.0518731988472622
"171144",0.0687015420596958
"171145",0.0508230452674897
"171146",0.0563934426229508
"171147",0.058623213313454
"171148",0.0628368446839784
"171149",0.0484560570071259
"171151",0.0482954545454545
"171152",0.108478722719372
"171154",0.0451416318699921
"171155",0.0443376068376068
"171158",0.0627154346993489
"171159",0.064520266803489
"171160",0.107853782120883
"171161",0.0481167422599093
"171162",0.0476953907815631
"171163",0.0921409214092141
"171164",0.0526955816781516
"171178",0.0392576730906495
"171287",0.109760312465905
"171290",0.0550964187327824
"171293",0.117867867867868
"171296",0.0824480369515012
"171297",0.0700368102076262
"171302",0.051183970856102
"171305",0.0584507042253521
"171329",0.0853567704454044
"171341",0.111338028169014
"171347",0.114397140071498
"171350",0.0800249104779698
"171352",0.0471668497881023
"171356",0.0506424792139078
"171358",0.0750893921334922
"171365",0.0714285714285714
"171366",0.0656646035956381
"171369",0.0544832306639288
"171371",0.0500898472596586
"171373",0.0475259143360063
"171375",0.0510760401721664
"171378",0.0553441167142404
"171379",0.110556567240547
"171380",0.0470107307102708
"171381",0.195333082423786
"171384",0.0549812030075188
"171385",0.049385288601792
"171386",0.055419856148493
"171387",0.0532450331125828
"171390",0.0648121865834043
"171393",0.0827362674854998
"171394",0.131182795698925
"171396",0.044947579745706
"171397",0.0396357793251205
"171398",0.0489453204996928
"171400",0.113856782250565
"171402",0.0781174655222297
"171403",0.0751327072274398
"171406",0.0423865755127408
"171407",0.0394103956555469
"171408",0.0691340782122905
"171409",0.0609445701357466
"171410",0.0485738491951426
"171411",0.169876855067888
"171412",0.0502528118873181
"171413",0.0589845834169077
"171414",0.0529411764705882
"171415",0.0574931880108992
"171432",0.0556962025316456
"171433",0.0538172715894869
"171434",0.0497707924034054
"171435",0.0772640911969601
"171436",0.0501561638802131
"171437",0.0621776966920007
"171438",0.062014751552795
"171439",0.11075558806052
"171440",0.05442337142184
"171441",0.0548912066175148
"171442",0.0722418531605811
"171443",0.0584565475076424
"171444",0.0632183908045977
"171445",0.0579699886749717
"171447",0.0735382378218725
"171449",0.0536992840095465
"171451",0.0544161881323489
"171452",0.051500508646999
"171454",0.174408413672217
"171455",0.0613943808532778
"171458",0.0511342273467853
"171459",0.0575225350803829
"171460",0.0548762594150445
"171493",0.0562288893304192
"171494",0.105088636653488
"171495",0.0640856236786469
"171496",0.0721003134796238
"171497",0.0389263452486961
"171498",0.0742345465049105
"171499",0.0568395992461065
"171500",0.0768057250858393
"171501",0.051496062992126
"171503",0.0498255657930047
"171516",0.0411748558880044
"171517",0.0536963036963037
"171518",0.0601003490401396
"171519",0.0444716442268462
"171521",0.0561797752808989
"171522",0.0528714676390155
"171529",0.0665614846155585
"171547",0.055388451209072
"171548",0.0676334702258727
"171549",0.0570283201862149
"171551",0.0575392514594193
"171552",0.051787291496076
"171553",0.0605324201922015
"171554",0.068043518347778
"171556",0.0443016570848833
"171562",0.059255079006772
"171564",0.0617670054730258
"171565",0.0515126737530662
"171566",0.0630252100840336
"171569",0.0580319596299411
"171571",0.0718801956610509
"171572",0.0448734672580224
"171573",0.0452984312633435
"171574",0.0886657709574376
"171575",0.0924630924630925
"171576",0.0402834933699131
"171577",0.0631104432757325
"171581",0.0734331150608045
"191569",0.0662126919733411
"191571",0.0530018257974439
"191572",0.0895710681244743
"191573",0.0997475775588307
"191574",0.0505520089820517
"191575",0.0610047846889952
"191576",0.0392259414225941
"191595",0.115148598243292
"192107",0.0681318681318681
"192109",0.085067206775916
"192110",0.0797615822270387
"192117",0.13026866395779
"192126",0.061625349860056
"192129",0.0565121817182634
"192147",0.0741422438101475
"192152",0.0845560858976904
"192153",0.0463576158940397
"192154",0.0842687633050396
"192155",0.0477924442421484
"192172",0.0595130748422002
"192177",0.042535446205171
"192178",0.0628865691474826
"192179",0.0922014622258327
"192180",0.062195185903823
"192181",0.0511992754866604
"192183",0.0581835383159886
"192189",0.0629204899251486
"192203",0.0543464128767195
"192204",0.0594903064231127
"192205",0.0557171106199837
"192206",0.0630217711573089
"192208",0.0645120081757792
"192209",0.0668689605364159
"192210",0.0973348783314021
"192211",0.0679910464465585
"192213",0.0375129610428085
"192215",0.0533039647577092
"192218",0.054707852623744
"192223",0.0599652110226128
"192224",0.052863436123348
"192225",0.0416167338490032
"192226",0.0811573747353564
"192227",0.0466472303206997
"192228",0.0541216600341103
"192229",0.0489690721649485
"192234",0.0580933181283351
"192235",0.0985293257757654
"192241",0.0520239452679589
"192243",0.0709390405194181
"192245",0.0558980339886705
"192246",0.0752191970466082
"192248",0.0598991007202428
"192249",0.0831826401446655
"192251",0.0666259168704156
"192252",0.0820995962314939
"192253",0.057143113678531
"192254",0.0490126939351199
"192256",0.0566983382002092
"192258",0.0506426078815218
"192259",0.0583743842364532
"192260",0.0429986722500255
"192262",0.0780365736284889
"192263",0.0637065637065637
"192267",0.0420773714891362
"192268",0.0469117548222327
"192269",0.0578490313961256
"192270",0.0974859498199929
"192271",0.0459770114942529
"192272",0.0436974789915966
"192273",0.0464634507250666
"192274",0.0485564304461942
"192275",0.082033096926714
"192276",0.0475349150260811
"192277",0.0436288599012455
"192280",0.0988338192419825
"192348",0.0850378316032295
"192349",0.0372423689016436
"192350",0.0515539305301645
"192351",0.0601750547045952
"192352",0.0702647657841141
"192356",0.080091533180778
"192359",0.0448103700220031
"192360",0.241800643086817
"192361",0.0897105064573429
"192363",0.0800500312695435
"192645",0.0656482996908529
"192647",0.041304347826087
"192648",0.0606818892711917
"192649",0.0490568054293807
"201097",0.0483266012694749
"207113",0.05103668261563
"207119",0.0666666666666667
"207120",0.069844595774402
"207122",0.0778203638681317
"207123",0.0558421459891669
"24152",0.038971263613699
"24153",0.111537120948066
"24158",0.0494887525562372
"24159",0.0467741935483871
"24161",0.0602571127548328
"24162",0.0477386934673367
"24163",0.0548245614035088
"24165",0.0616915422885572
"24167",0.111412152523836
"24170",0.0634127941618732
"24171",0.0446215139442231
"24172",0.0424214629672094
"24173",0.055793991416309
"24174",0.0507352375086612
"24175",0.0783818532463954
"24176",0.0439958592132505
"24177",0.0641567422205148
"24179",0.0734137388568432
"24180",0.0508555657232843
"24182",0.0650012745347948
"24183",0.179004528359813
"24184",0.0489798251682528
"24185",0.0983575961179544
"24186",0.114435941090253
"24188",0.213381016241991
"24189",0.0848690591658584
"24190",0.0534810126582278
"24191",0.0556930693069307
"24192",0.0469298621221204
"24197",0.059846547314578
"24203",0.041014402003757
"24205",0.0963648834019204
"24206",0.0780780780780781
"24207",0.0493653032440056
"24208",0.0630929076946243
"24209",0.0426098535286285
"24210",0.0504863362667902
"24211",0.0813220854769831
"24212",0.0522914218566392
"24213",0.167752689801485
"24214",0.0561440677966102
"24215",0.10212750391408
"24216",0.050788643533123
"24217",0.074246660453557
"24218",0.0487470598464256
"24221",0.077116512992456
"24223",0.0885011772450515
"24224",0.0513759744528975
"24225",0.0893970893970894
"24230",0.0863261209011822
"24232",0.383021660164133
"24235",0.0521664521664522
"24236",0.0453418349273822
"24239",0.0569742976892387
"24240",0.0677746011739714
"24241",0.0500675777643611
"24242",0.0547412982067608
"24244",0.0866643694004135
"24245",0.0517489883363291
"24246",0.0833963214915596
"24247",0.0850665167697208
"24248",0.059390732997696
"24249",0.0460212201591512
"24250",0.0583872866391995
"24251",0.140605054888946
"24252",0.0486111111111111
"24253",0.0774418604651163
"24254",0.069485140226036
"24256",0.0590697674418605
"24257",0.0599706857693513
"24258",0.0491270807957775
"24259",0.0598950827232375
"24260",0.07553523389135
"24261",0.0496323529411765
"24264",0.135045567522784
"24265",0.0587220305020594
"24267",0.0592576971741881
"24268",0.0768153646416009
"24269",0.0612182430364249
"24271",0.0554663372452131
"24273",0.0599700149925037
"24277",0.0416666666666667
"24278",0.0461843409316155
"24282",0.0494845360824742
"24283",0.0525055268975682
"24284",0.0618629671574179
"24291",0.0542005420054201
"24296",0.0693381359747861
"24297",0.0757223059016842
"24298",0.0541478653245401
"24299",0.0451528669350452
"24303",0.0523121261080302
"24307",0.0724915986557849
"24309",0.0639316951270304
"24310",0.0665387076135637
"24311",0.0540925266903915
"24312",0.0939476061427281
"24314",0.0637105810789179
"24315",0.0554629748741827
"24316",0.0590457960869936
"24318",0.0504530982120989
"24323",0.0550572223940612
"24324",0.0513011152416357
"24326",0.0578536027449485
"24329",0.0610835144365104
"24331",0.0540983606557377
"24332",0.0474903474903475
"24334",0.063418467583497
"24335",0.0534136546184739
"24336",0.0526655751318331
"24337",0.0520200486026732
"24346",0.0503342508847818
"24356",0.0683149921394884
"24360",0.0477366255144033
"24361",0.0615556799104645
"24362",0.0449762145019461
"24366",0.0570437196391395
"24367",0.0616162926449604
"24368",0.0487309644670051
"24370",0.0434484178735672
"24373",0.0536089669951599
"24375",0.0729134022772381
"24377",0.0819490586932447
"24379",0.122848811810655
"24380",0.115815439362692
"24384",0.0611416980585338
"24385",0.0397196261682243
"24387",0.141101938951814
"24388",0.03828125
"24390",0.0627334531094157
"24391",0.0737617294215465
"24392",0.102199956573885
"24397",0.0575873923056004
"24398",0.0922414427678608
"24399",0.0449902393551523
"24400",0.138541217091066
"24401",0.0548054011119936
"24404",0.0959792477302205
"24406",0.0503635633670875
"24407",0.129506172839506
"24408",0.0896121810175606
"24409",0.213246672856701
"24410",0.0689554561369383
"24411",0.0615496017378711
"24412",0.0643123731601825
"24413",0.065754730872662
"24414",0.089995443672305
"24415",0.104831358249772
"24416",0.0951730418943534
"24417",0.0521342110851561
"24418",0.0971390552228876
"24419",0.0472251325900308
"24420",0.0568743818001978
"24421",0.0722300140252454
"24423",0.0634920634920635
"24424",0.0692947932124653
"24426",0.0668949771689498
"24434",0.0586145648312611
"24437",0.0861855465847739
"24438",0.0474153960580141
"24439",0.0571509009009009
"24443",0.0489094514210179
"24446",0.0592813220599539
"24448",0.0459008223274358
"24450",0.0622517567980446
"24451",0.0416666666666667
"24459",0.0617688348151614
"24460",0.0427350427350427
"24464",0.0433005238926814
"24465",0.0450346420323326
"24470",0.054008152173913
"24471",0.0770099020060541
"24472",0.0630080129128956
"24473",0.123227598304341
"24476",0.0414715719063545
"24477",0.0479095639691369
"24479",0.0510234889197512
"24481",0.0551152073732719
"24482",0.0563967965542769
"24483",0.150147006083523
"24484",0.0716943323100574
"24493",0.0473626830425225
"24494",0.0417010134316055
"24495",0.0399732236779191
"24497",0.0481789972235832
"24498",0.0506631299734748
"24499",0.0508191340156963
"24500",0.0531523890302516
"24503",0.0508525421786665
"24504",0.0862055304650979
"24505",0.0656987295825771
"24506",0.0495614645691215
"24508",0.0702740688685875
"24511",0.101877768975736
"24513",0.0662857142857143
"24514",0.0696701909420862
"24516",0.0611205868451381
"24517",0.0623549514166943
"24518",0.144039993750976
"24520",0.129809725158562
"24521",0.0513196480938416
"24522",0.0395852968897267
"24523",0.0571428571428571
"24528",0.0618370298939248
"24530",0.046795523906409
"24534",0.0463821892393321
"24536",0.0659883183448963
"24538",0.0457123217047603
"24546",0.0850882531953743
"24547",0.10179539295393
"24548",0.0775862068965517
"24551",0.0635219548374089
"24552",0.0722460648181841
"24553",0.0724536449072898
"24558",0.0538775807981323
"24560",0.056159143075746
"24561",0.0634190421424464
"24564",0.055986603249502
"24565",0.0984899151677285
"24566",0.0728689644090946
"24567",0.0860290016731735
"245708",0.0482065104706614
"245709",0.105949470252649
"24575",0.0907786682497279
"24577",0.0688784709700685
"24581",0.0470291170204371
"24582",0.0866501161207656
"24583",0.0560562089506644
"24584",0.0468624833110814
"24585",0.0540941089292331
"24586",0.0618034447821682
"24587",0.0416939532853089
"24588",0.0615363808493373
"24590",0.0448493342676945
"245903",0.0474984167194427
"24591",0.0636847729191388
"245916",0.0464922048997773
"245917",0.0588928150765607
"245918",0.0469626168224299
"245919",0.0481418918918919
"24592",0.0544781832100025
"245920",0.0550858314117346
"245921",0.115474587084426
"245922",0.0717296237547029
"245924",0.0694464414090582
"245925",0.0560321715817694
"245926",0.0583921781640413
"24594",0.0425356750823271
"245953",0.0671385237613751
"245955",0.107918476445038
"245956",0.0925615321605492
"245957",0.0591603053435114
"245958",0.0548919226393629
"245959",0.0441501103752759
"24596",0.083781886262579
"245961",0.0528226852252096
"245962",0.151857075693465
"245965",0.0597418192734914
"245966",0.0695314831393614
"245974",0.0570328901329601
"245975",0.0837609970674487
"245976",0.0912087912087912
"245977",0.0854640980735552
"245978",0.0467342266740067
"24598",0.0548912260481199
"245980",0.0637213596525448
"245982",0.0452802818360792
"245983",0.0699080793420416
"245985",0.0597661894128464
"245986",0.0573414422241529
"24599",0.0635046113306983
"24600",0.0571428571428571
"24602",0.044746103569633
"24603",0.0666787790697674
"24604",0.0684136139653921
"246042",0.0663507109004739
"246043",0.0528114321217769
"246046",0.0590673466885362
"246047",0.05442366731789
"246060",0.177342823250297
"246074",0.0706883066093078
"246075",0.0496498379847392
"24609",0.0500401782453065
"24610",0.0610446821900566
"246115",0.0694083586964591
"246117",0.0499425947187141
"246118",0.0866591928251121
"24612",0.0710883107365335
"246120",0.0551469876134306
"24613",0.0447330447330447
"246136",0.0607372242390394
"246138",0.0444242973708069
"24614",0.0523809523809524
"246142",0.0643110051304285
"246143",0.0658122575944848
"246144",0.0882973543255965
"246146",0.0876601483479434
"246147",0.0383322125084062
"24615",0.171541893901834
"246151",0.0458564672013161
"246153",0.109720029305566
"24616",0.0490319534078388
"24617",0.0466190676186476
"246172",0.0504927359544854
"24618",0.0452231206948188
"246185",0.062375745526839
"246187",0.0492610837438424
"24620",0.04522670312144
"246211",0.0693741870212459
"246212",0.0485875706214689
"246215",0.0697674418604651
"246216",0.063603465292247
"246217",0.0630797773654917
"246219",0.0652462342932959
"246232",0.125373134328358
"246233",0.0833558497703323
"246237",0.0565380259604495
"246239",0.113250994347917
"24624",0.0566037735849057
"246240",0.0477317554240631
"246244",0.0747103868054192
"246246",0.0594870643694932
"246249",0.059389410081094
"246254",0.055478649216273
"246255",0.0538181818181818
"24626",0.0681229174379859
"246263",0.0637396924448407
"246264",0.053792739738068
"246266",0.0507682030728123
"246268",0.044229096782209
"24627",0.0503778337531486
"246271",0.0447734570103461
"246272",0.0591726008816548
"246273",0.0542230723955268
"246274",0.0624154589371981
"246279",0.0693911701807507
"246280",0.0469236850671999
"246281",0.0499667521611095
"246282",0.119701978101045
"246284",0.0898398381801903
"24629",0.0617307692307692
"246294",0.0847692552044088
"246295",0.0615606936416185
"246296",0.0431815198844993
"246298",0.124192897497982
"246299",0.0770593445527015
"246301",0.0610908549743284
"246303",0.0748947079289507
"246305",0.0487637362637363
"246306",0.0945200441338728
"246307",0.0721015977058583
"24631",0.0644193686616198
"246310",0.060730326108182
"246311",0.0541858197520546
"246314",0.0681842701478045
"246323",0.0570719602977668
"246324",0.0628343318273454
"246325",0.0656205420827389
"246326",0.0573739599338996
"246327",0.0713404664237974
"246328",0.0812870448772227
"246331",0.0599688473520249
"246332",0.213556851311953
"246333",0.0837142169834015
"246334",0.0457143286935192
"246358",0.066278101582015
"24638",0.0623627580149319
"24640",0.0731252120800814
"24642",0.0429799426934097
"24644",0.0450879532609386
"24645",0.0674411384023762
"24648",0.0785188664474714
"24649",0.0490613266583229
"24651",0.0513905928151925
"24653",0.0669742913645353
"24655",0.0596026490066225
"24656",0.0766488413547237
"24657",0.0484343320567695
"24659",0.0503626107977438
"24660",0.0644353534127839
"24661",0.0469460367661593
"24666",0.0698602794411178
"24667",0.0576641240579453
"24668",0.0454545454545455
"24669",0.0561797752808989
"24672",0.0632275132275132
"24673",0.0384615384615385
"24674",0.0483202945237
"24675",0.121460373998219
"246755",0.0575916230366492
"246756",0.061314791403287
"246760",0.0473395629006101
"246769",0.0497159922703051
"24677",0.0458260753048372
"246770",0.09594558901215
"246771",0.0586671916527217
"246776",0.0526315789473684
"24678",0.0736721634549118
"246781",0.0433505154639175
"24679",0.0613926193431893
"24680",0.190123456790123
"24681",0.0470809792843691
"24683",0.0485207100591716
"24684",0.0752870154879715
"24686",0.0562928394341549
"24688",0.0471149627029399
"24689",0.05862989320602
"24691",0.0637055837563452
"24693",0.0592140201805629
"24694",0.0530703538023587
"24695",0.0584235708889448
"24699",0.0607107891976649
"24701",0.0943262393298989
"24705",0.0647058823529412
"24706",0.0692771084337349
"24708",0.0625642783681865
"24710",0.0464892593780058
"24714",0.044475945778329
"24715",0.0404189408467326
"24716",0.056004015762784
"24717",0.0449016246224182
"24718",0.0745990307703086
"24747",0.0526950551999258
"24750",0.0437534397358283
"24763",0.0418240391024217
"24765",0.0690579262007834
"24766",0.122075279755849
"24767",0.040171858216971
"24768",0.0564859117490696
"24769",0.0547036883547451
"24770",0.0551924473493101
"24771",0.0555232745819614
"24772",0.0877291897666408
"24773",0.0470038084554747
"24775",0.0453710506980162
"24777",0.0500595947556615
"24778",0.0764904386951631
"24779",0.0791286737813778
"24780",0.111529451137885
"24781",0.042278819140607
"24782",0.04962852897474
"24783",0.0489510489510489
"24784",0.0474484445997903
"24786",0.0500544069640914
"24787",0.0676070038910506
"24788",0.0624279493573602
"24790",0.0571688371397706
"24791",0.114963501980708
"24792",0.0567434210526316
"24794",0.0548453608247423
"24795",0.0501940958743342
"24796",0.0467589466576637
"24797",0.0542276000296934
"24799",0.104751354012802
"24800",0.055766793409379
"24802",0.0406173842404549
"24803",0.0711565201620216
"24804",0.0513647642679901
"24805",0.0564357929681606
"24806",0.109113300492611
"24807",0.0566590516914434
"24808",0.0531307772687083
"24811",0.054863069784369
"24812",0.0505907300817934
"24813",0.06081523356144
"24816",0.078979945531072
"24817",0.0484999407091189
"24818",0.0800664451827243
"24822",0.0766785473461131
"24825",0.0563418617310833
"24826",0.0471760205521769
"24827",0.0799640610961366
"24828",0.0612959719789843
"24829",0.055756698044895
"24831",0.0630558148196937
"24832",0.0863681617258101
"24833",0.0554725080487343
"24834",0.0689700362049922
"24835",0.0551213229044766
"24837",0.0418714727835427
"24838",0.0414926931106472
"24839",0.053030303030303
"24840",0.0436320754716981
"24842",0.0517531218877218
"24849",0.078239608801956
"24851",0.0762178495452157
"24852",0.0733998337489609
"24854",0.0680731364275668
"24855",0.0903888481291269
"24856",1.00656726059105
"24860",0.0526250311022642
"24862",0.0453343407631281
"24864",0.0552460538532962
"24867",0.0588687956906502
"24873",0.0426548370585224
"24874",0.0582218725413061
"24875",0.0421318727617443
"24877",0.0907205791047602
"24883",0.0480601868713565
"24886",0.0772416967093656
"24887",0.0705069124423963
"24888",0.0673873998342083
"24889",0.0435588507877665
"24890",0.0498456109395677
"24891",0.0465999309630652
"24894",0.045643153526971
"24895",0.0563258232235702
"24896",0.0578355252733323
"24898",0.0529100529100529
"24899",0.0628444084278768
"24902",0.0382897255902999
"24904",0.0587882423515297
"24906",0.0643086816720257
"24907",0.055966548729495
"24908",0.0857988165680473
"24913",0.0645763998365154
"24915",0.110878323932313
"24916",0.0773897360222987
"24917",0.105328376703841
"24918",0.0476480129764801
"24922",0.240058910162003
"24924",0.0874739039665971
"24925",0.0572954600631221
"24926",0.0464909155682223
"24929",0.0553398058252427
"24930",0.0514660012476606
"24931",0.0493951612903226
"24932",0.0931812007606629
"24933",0.0796594709638188
"24934",0.0416306539902045
"24936",0.0735620834361886
"24937",0.0814128256513026
"24938",0.0711715939308619
"24941",0.0596001508864579
"24942",0.169652084050982
"24943",0.0786988457502623
"24944",0.0803738317757009
"24947",0.0826287471176018
"24948",0.0898077693231878
"24949",0.0577888348082477
"24950",0.0693228926761861
"24952",0.0583121289228159
"24953",0.0644396125716545
"24954",0.0759150474469047
"24957",0.0960316974649675
"24959",0.0847913862718708
"24962",0.0872753942060873
"24963",0.0494492044063648
"24967",0.0831604150039904
"24968",0.0910461933754119
"24974",0.345008661758337
"25007",0.0519293583568621
"25008",0.0517019910083494
"25009",0.0493220086425272
"25011",0.0498753117206983
"25013",0.071879125715124
"25014",0.13292507204611
"25017",0.172755827409489
"25019",0.071131993006993
"25021",0.0797826708607378
"25022",0.0843244360125424
"25023",0.0652645809735051
"25024",0.0683147262094631
"25026",0.0435203094777563
"25028",0.0610851598993891
"25029",0.0767494356659142
"25030",0.0407612728078714
"25031",0.0527668145817148
"25033",0.0661333378164543
"25035",0.0513796384395813
"25037",0.119652531216321
"25040",0.0476190476190476
"25041",0.0622895622895623
"25043",0.0646718146718147
"25044",0.0672472181906144
"25045",0.0402342852767782
"25046",0.0610526315789474
"25047",0.0482014909169863
"25048",0.0643776824034335
"25049",0.0747899159663866
"25050",0.0909090909090909
"25051",0.0469383074688479
"25052",0.0428023850085179
"25053",0.046844246161921
"25054",0.068126549867457
"25055",0.0720454545454545
"25056",0.117782152230971
"25058",0.0864069026298871
"25059",0.0639461506100126
"25061",0.0706679574056147
"25062",0.125115848007414
"25065",0.0464919695688926
"25066",0.0548860019825742
"25069",0.0699658703071672
"25073",0.0622233650163144
"25075",0.0422222222222222
"25080",0.0694622735701041
"25081",0.0548008931894306
"25083",0.0630566441040257
"25084",0.0580455547391624
"25085",0.0638297872340425
"25086",0.0912787436904094
"25087",0.0563501336988518
"25094",0.0388349514563107
"25095",0.075
"25096",0.061999323064164
"25097",0.0668540441701402
"25098",0.0482323924362839
"25099",0.0486119529639956
"25100",0.0444833114706311
"25101",0.049391208640022
"25102",0.084299505750843
"25104",0.0733366935483871
"25105",0.0410213478442863
"25106",0.0408573727157798
"25107",0.0648072190319934
"25108",0.0373608075762306
"25109",0.0527879988678177
"25110",0.0438813349814586
"25111",0.119674549599893
"25112",0.0699351117519827
"25113",0.0732133676092545
"25114",0.0428722280887012
"25116",0.0736088798013729
"25117",0.0883081595141053
"25118",0.082404877023334
"25119",0.0629985682143588
"25120",0.046815042210284
"25121",0.0613789237668161
"25122",0.045075208112149
"25123",0.12136968928345
"25124",0.0673692295683229
"25125",0.0742700248102054
"25126",0.0607446113651208
"25128",0.0601739130434783
"25129",0.135004787403809
"25130",0.0522688110281447
"25132",0.0598686240797073
"25133",0.07
"25134",0.0518602029312289
"25135",0.0667020711630377
"25136",0.0614876033057851
"25139",0.0450248713064047
"25145",0.0546792849631966
"25146",0.0520504731861199
"25147",0.0537466408349478
"25148",0.0502283105022831
"25149",0.0420732830049715
"25150",0.0685328185328185
"25151",0.104835238920566
"25152",0.105184743742551
"25153",0.0471178643618875
"25154",0.0783506886126973
"25155",0.0924614743856726
"25156",0.0466401130669408
"25157",0.0913479960150203
"25159",0.0493827160493827
"25162",0.0634191176470588
"25163",0.043746330005872
"25164",0.0519178612940721
"25165",0.0782608695652174
"25166",0.0658370132476917
"25167",0.0555555555555555
"25172",0.05097502565857
"25177",0.0611602232385244
"25179",0.0638297872340425
"25181",0.0607594936708861
"25183",0.048478105380275
"25186",0.0513101414873099
"25187",0.118326205385623
"25193",0.0500788165393476
"25194",0.0504510174113698
"25195",0.067351598173516
"25196",0.0735639905945583
"25197",0.0523306841548467
"25202",0.100142052483135
"25203",0.0577192887909587
"25204",0.0592744695210965
"25205",0.0926764422488381
"25206",0.0695847362514029
"25211",0.072722759990072
"25216",0.0500430260845638
"25217",0.0548129627848832
"25218",0.0668822492084265
"25223",0.0415439010017678
"25227",0.0752688172043011
"25229",0.125589369909987
"25230",0.112477142110763
"25231",0.049627639559751
"25232",0.082406063538139
"25233",0.093620401980754
"25235",0.0460533826689794
"25236",0.0904761904761905
"25237",0.05510872803098
"25238",0.108611599297012
"25239",0.0779283639883833
"25240",0.0716075433537587
"25241",0.0516233474233294
"25242",0.0659488559892328
"25243",0.0575953195400051
"25244",0.0826515151515152
"25245",0.0629001379703373
"25246",0.0990566037735849
"25247",0.0640355048343636
"25248",0.168214355948869
"25249",0.0726297830855472
"25250",0.0975545063922338
"25251",0.0537265660722451
"25252",0.159333024548402
"25253",0.0618056470522019
"25254",0.0449604637763349
"25255",0.0686881248619022
"25256",0.10999441652708
"25257",0.0503972194637537
"25258",0.0530065545739527
"25259",0.064820467284533
"25260",0.0808270676691729
"25261",0.0713746223564955
"25262",0.0831967213114754
"25263",0.0744297719087635
"25264",0.0694807620470676
"25265",0.0426845881391336
"25266",0.0651586206896552
"25267",0.0728218465539662
"25268",0.0460519957475597
"25269",0.0697674418604651
"25270",0.129518072289157
"25271",0.0749861649142225
"25272",0.0602670437310595
"25273",0.0603126191383912
"25274",0.0657251493753395
"25275",0.057167558001212
"25276",0.0422535211267606
"25277",0.0484800838574423
"25278",0.038539770902473
"25280",0.0509803921568627
"25281",0.0902222222222222
"25282",0.0596179818637855
"25283",0.0760496439275047
"25284",0.0558902275769746
"25285",0.0639467556030597
"252853",0.0471166812088522
"252855",0.0589692424138168
"252856",0.0574055666003976
"252859",0.0545604015230183
"25287",0.0734613212874082
"252879",0.0625513276758828
"25288",0.0667682180533719
"252880",0.0670694119097522
"252881",0.0533970718154139
"252882",0.0492599955820632
"252889",0.0812343828085957
"25289",0.0573834799285924
"252891",0.0681520314547837
"252898",0.0414902624894158
"252899",0.0837458745874587
"25290",0.0586985391766268
"252900",0.046622097114708
"252902",0.0952168082253017
"25291",0.124033195504713
"252915",0.062111801242236
"252916",0.0444073455759599
"252917",0.0520380215885291
"252918",0.0519598906107566
"252919",0.0579766536964981
"25292",0.0838464121795589
"252920",0.0757260472269972
"252921",0.0789909015715467
"252922",0.0633484162895928
"252923",0.0665066026410564
"252924",0.0542372881355932
"252928",0.0858433734939759
"252929",0.181887755102041
"25293",0.138983709791081
"252931",0.0598596805493357
"252934",0.0666060054595086
"252939",0.0783964365256125
"25294",0.0732070653330496
"252941",0.0789110957960028
"252942",0.0419685990338164
"25295",0.0782433114588592
"252958",0.0485166872682324
"25296",0.107093398984459
"252960",0.0459831430705217
"252961",0.114146605355694
"252962",0.0491941727074389
"252963",0.0741915692553163
"252964",0.0459770114942529
"25297",0.0819312362838332
"252971",0.0481099656357388
"25298",0.0580678851174935
"25300",0.0484127545248869
"25301",0.123809523809524
"25303",0.0491691327111313
"25304",0.0496402877697842
"25305",0.0602188492763855
"25306",0.0867092119866815
"25307",0.0652603823335531
"25308",0.0676440702569314
"25309",0.0534493474207582
"25310",0.0409472126295017
"25311",0.0820489573889393
"25313",0.0464443045940843
"25314",0.0678450668049156
"25315",0.0629735177590881
"25316",0.0455278006210191
"25317",0.0413502806206669
"25318",0.0603214465092918
"25320",0.0738562091503268
"25321",0.0426547214923333
"25322",0.0493273542600897
"25323",0.0647359454855196
"25324",0.0810810810810811
"25325",0.0534394010294806
"25326",0.049580472921434
"25327",0.0625228222501724
"25328",0.0689361263475426
"25329",0.0609646763492917
"25330",0.0627470355731225
"25331",0.0629673356946084
"25332",0.0495840266222962
"25333",0.11677945514489
"25334",0.0459215179924774
"25335",0.0668314051443334
"25336",0.0669572798605057
"25337",0.05013059530102
"25338",0.0826044703595724
"25339",0.0551403014336478
"25340",0.0564234764010553
"25341",0.107113248217543
"25342",0.0595238095238095
"25343",0.050343878954608
"25344",0.065359958735539
"25345",0.0495867768595041
"25346",0.0664015425403712
"25347",0.068930665049525
"25349",0.258520718427379
"25350",0.0607173114939283
"25351",0.0522559574210717
"25352",0.0641001327517542
"25353",0.0504779668920494
"25354",0.0530232558139535
"25356",0.0709003914745542
"25357",0.0578223945363448
"25358",0.18020520746569
"25359",0.0595505117750716
"25360",0.0459028831562974
"25361",0.0961808261886204
"25362",0.0713001797483523
"25363",0.0460222412318221
"25364",0.0709589047899299
"25365",0.0393996247654784
"25366",0.0801111368372308
"25367",0.0845935808001086
"25368",0.0510011598615339
"25369",0.0507590223747429
"25371",0.0649779735682819
"25372",0.0811618567292426
"25373",0.0431372549019608
"25374",0.0527333999001498
"25375",0.0503903477643719
"25376",0.0585580090276931
"25377",0.0456540825285338
"25378",0.0722275487376158
"25379",0.13385531751369
"25380",0.0671599317017644
"25383",0.08849734708179
"25385",0.0403690888119954
"25386",0.0530401737242128
"25387",0.0762582613116421
"25388",0.0740740740740741
"25389",0.0486656200941915
"25390",0.0564938846825859
"25391",0.0522447972054902
"25392",0.0755532503457815
"25393",0.0513205688891913
"25394",0.0559620487255769
"25398",0.0691704948096931
"25399",0.14055074539418
"25400",0.174258474576271
"25401",0.0522088353413655
"25402",0.0687464108713427
"25403",0.0862874505459471
"25404",0.0897153035835413
"25405",0.0608087251774874
"25406",0.0622140291170354
"25407",0.077581664910432
"25408",0.0469651741293532
"25409",0.0517151314643914
"25410",0.042654028436019
"25411",0.0799229658160809
"25412",0.0495412844036697
"25413",0.07324016563147
"25414",0.0510948905109489
"25415",0.0365982095839916
"25416",0.0454140694568121
"25417",0.0847888569533496
"25418",0.0729300729300729
"25419",0.0559861309402407
"25420",0.0617263298762128
"25421",0.050868043152104
"25422",0.0682958760637137
"25423",0.0587155963302752
"25424",0.061513009475109
"25425",0.100622291365707
"25427",0.069588261381453
"25428",0.0602160082852493
"25429",0.0600637411130179
"25430",0.0558562799089982
"25431",0.0707130229817325
"25432",0.051707596745834
"25433",0.0638910419665596
"25434",0.0447349697616507
"25435",0.0753634276970161
"25437",0.0530480656506448
"25438",0.0549247425402693
"25439",0.0660469667318982
"25440",0.0519661940350632
"25441",0.203856749311295
"25443",0.0491600353669319
"25444",0.0518075718758896
"25445",0.0521609538002981
"25446",0.0806045340050378
"25447",0.054523179466952
"25448",0.049748610743583
"25450",0.0731046931407942
"25451",0.139597315436242
"25453",0.0565442382935757
"25454",0.0581613470630047
"25455",0.0565065502183406
"25456",0.143502824858757
"25457",0.0451895043731778
"25458",0.0682819383259912
"25459",0.0545734747529689
"25460",0.0625
"25462",0.0399178162606399
"25464",0.0744035161155295
"25466",0.0689981096408318
"25467",0.0622020695267992
"25468",0.0986573647492431
"25469",0.117984604618614
"25471",0.0465093885411651
"25472",0.0627898494085769
"25473",0.0952600092038656
"25474",0.0449033103900361
"25476",0.0716481437692126
"25477",0.043856595892795
"25478",0.0526315789473684
"25479",0.0491396132694696
"25480",0.057399647110719
"25481",0.0439065578384464
"25482",0.0638245441103992
"25483",0.0377733598409543
"25484",0.0667903525046382
"25485",0.0527413635792046
"25486",0.0594072371989754
"25488",0.051196900511969
"25489",0.0902576230961121
"25490",0.0600483610961848
"25491",0.0721153846153846
"25492",0.0738225776714722
"25493",0.0816344858554109
"25495",0.0561017929438982
"25496",0.0668549627278928
"25497",0.0562220653963773
"25499",0.0492792490781093
"25501",0.0795271976130365
"25502",0.0470280862181581
"25503",0.0536770921386306
"25504",0.0680105884748524
"25505",0.0539605672777586
"25506",0.0599369085173502
"25507",0.0622373100549628
"25508",0.0527472527472527
"25509",0.0686857760951866
"25510",0.124944616747895
"25511",0.0432271613580679
"25512",0.041018387553041
"25513",0.16639566395664
"25514",0.0936507936507937
"25515",0.062303664921466
"25516",0.0478904826426202
"25517",0.0562108727661231
"25520",0.0536865713484721
"25521",0.0597076384599547
"25522",0.0706980880391285
"25523",0.0587169091342714
"25524",0.0438042620363062
"25525",0.0691027496382055
"25526",0.245980210265925
"25527",0.0501672240802676
"25528",0.0784596034414226
"25529",0.0774532534844845
"25530",0.0742738199479471
"25531",0.0661196911196911
"25532",0.0517827349687944
"25533",0.065501066098081
"25534",0.0495263420309124
"25537",0.105089576988065
"25538",0.0639199423007573
"25539",0.0482365145228216
"25540",0.0435287289611143
"25541",0.0555412695307041
"25542",0.041958041958042
"25544",0.0455109640049648
"25545",0.109318996415771
"25546",0.0451696353178953
"25547",0.126984126984127
"25548",0.0517164511814534
"25549",0.0636526553267309
"25550",0.0558986611369066
"25551",0.1291329904482
"25552",0.0530222693531283
"25553",0.0417683753729319
"25555",0.0772397094430993
"25556",0.0429336716120324
"25557",0.0663203271802808
"25558",0.0809232814017447
"25559",0.059604190919674
"25560",0.0455323852282872
"25561",0.0451127819548872
"25562",0.0503401360544218
"25563",0.0710194730813287
"25565",0.0930744545010242
"25566",0.0711119069247432
"25567",0.140978534132663
"25569",0.0667023125250635
"25570",0.0787904208739149
"25571",0.0607604860838887
"25572",0.0461309523809524
"25574",0.0556429706078766
"25575",0.0412822878228782
"25576",0.0427350427350427
"25577",0.0574137554523964
"25578",0.0511363636363636
"25579",0.0544683626875408
"25581",0.0397651750110767
"25583",0.0432263474879927
"25584",0.0624566273421235
"25585",0.0760527069607562
"25586",0.0550066361893526
"25587",0.0902612826603325
"25589",0.0683949469115709
"25590",0.0717378752886836
"25591",0.0506396588486141
"25592",0.0659573313066609
"25593",0.0714643304130163
"25594",0.121865596790371
"25595",0.180454070981211
"25596",0.0396634615384615
"25597",0.0845839017735334
"25598",0.042654028436019
"25599",0.528318742183313
"25600",0.0806845965770171
"25601",0.0605967511396924
"25602",0.0814304699770448
"25603",0.0917906786477475
"25604",0.0555330256574288
"25605",0.0634888021368399
"25608",0.0520428588249146
"25609",0.147633234028467
"25610",0.0509829336789803
"25611",0.0468341182626897
"25612",0.049645390070922
"25613",0.0589769697478639
"25614",0.0538501291989664
"25615",0.0991033518186352
"25616",0.0610594419733118
"25617",0.0493882691615689
"25618",0.201827508816929
"25619",0.0543310656033452
"25620",0.0560628863074536
"25621",0.0532355154251317
"25622",0.0599340986813172
"25623",0.0410442349528644
"25624",0.0600270524684457
"25625",0.0570342205323194
"25626",0.05
"25627",0.0857142857142857
"25628",0.0500875656742557
"25629",0.0566094549834387
"25631",0.105529552802498
"25633",0.0458673335088181
"25634",0.0610672299859894
"25635",0.0885216878135143
"25636",0.0654574132492114
"25638",0.145544905928293
"25639",0.0602093672300938
"25640",0.0463422707712678
"25641",0.0528863187560779
"25642",0.0420560747663551
"25643",0.088679893289697
"25645",0.0560455457557515
"25646",0.049730625777041
"25647",0.0467841809516691
"25648",0.059415581615199
"25649",0.0403481012658228
"25651",0.0445509407170749
"25652",0.047325485041575
"25653",0.0490453669644421
"25654",0.0422702149715046
"25655",0.0510041901459327
"25656",0.048811544991511
"25658",0.0475042869722389
"25659",0.0451911935110081
"25660",0.0477927209178634
"25661",0.08424398966819
"25662",0.2707335249654
"25664",0.0577844311377246
"25665",0.055676923153489
"25666",0.12379045712379
"25667",0.0600047812574707
"25668",0.077150837344225
"25670",0.0671468144044321
"25671",0.0672572964056722
"25672",0.0619626445300919
"25673",0.0984415985187471
"25674",0.0439236115570683
"25675",0.0673915539431754
"25676",0.0799347471451876
"25677",0.0463121783876501
"25678",0.100865370974606
"25679",0.0589285714285714
"25680",0.044120142541999
"25682",0.059804076747599
"25684",0.0626067159931702
"25685",0.0638107987505578
"25686",0.116644823066841
"25687",0.0661157024793388
"25688",0.0623763309149157
"25689",0.0748053920637934
"25690",0.0523948134427097
"25692",0.0715205263910742
"25693",0.0746190813247402
"25694",0.0461426887861481
"25695",0.063149326807112
"25696",0.0887951106029498
"25697",0.0551168498559385
"25698",0.0564522072370845
"25699",0.0552763819095477
"25700",0.056824122855532
"25701",0.0638395984453031
"25702",0.0844337735094038
"25703",0.168672656382438
"25704",0.0485502360080917
"25705",0.0761778144496405
"25706",0.0729305477131564
"25707",0.0822351080653664
"25708",0.0463051062480178
"25709",0.0493371458279179
"25710",0.0644680454630147
"25711",0.0591080064481462
"25712",0.0518331226295828
"25713",0.0559400230680508
"25714",0.0420743639921722
"25715",0.0599742159492136
"25717",0.0588955178216307
"25718",0.06225699844479
"25719",0.0430306230200634
"25720",0.0803336259877085
"25721",0.0432480907121366
"25722",0.0639981382359786
"25723",0.0759696121551379
"25724",0.0614931237721022
"25725",0.0818535430407576
"25726",0.0487591751135966
"25727",0.0475128262324336
"25729",0.05555
"25730",0.0409021406727829
"25731",0.0537494806813461
"25732",0.0606896551724138
"25734",0.0855862265224815
"25735",0.0512182428327439
"25736",0.0458530006743088
"25737",0.0891902593545832
"25738",0.0784375
"25739",0.0568857464245541
"25740",0.0703735881841877
"25741",0.0842375785265563
"25742",0.0573954532697165
"25743",0.0558626976757578
"25744",0.0635581541853689
"25745",0.0576486367928773
"25746",0.0493998611248884
"25747",0.0581358609794629
"25748",0.144272873934086
"25749",0.0669705469845722
"25750",0.0684598494353827
"25751",0.056298773690078
"25753",0.0582120582120582
"25756",0.0484019668100799
"25757",0.0618794252146862
"257634",0.0468354430379747
"257642",0.0636417206835592
"257643",0.0529312201877212
"257645",0.0592719197911224
"257646",0.0929636884134398
"257647",0.0550488249812212
"257648",0.0579544384021891
"257651",0.0523985239852399
"257652",0.0405924300603401
"257653",0.0513595166163142
"259224",0.0487238979118329
"259225",0.0774155995343423
"259227",0.0731850117096019
"259229",0.0717863105175292
"259233",0.0500428632661809
"259237",0.0690392967764433
"259241",0.108648236395878
"259242",0.104096012806504
"259243",0.100981767180926
"259271",0.0817690923116482
"259274",0.055257231941798
"259275",0.0513350286077559
"260321",0.0662543341767407
"260323",0.0539222810837105
"260326",0.0690653432588916
"260416",0.0668456165658333
"261730",0.0641761631394054
"261736",0.0470400637831373
"261737",0.0764093275979171
"26295",0.0660867576295976
"26296",0.0595520421607378
"266600",0.0693732755222704
"266601",0.0515198427243734
"266602",0.04297402494241
"266605",0.0900261486738887
"266606",0.0566221142162819
"266609",0.0652843358653254
"266631",0.0903703703703704
"266668",0.0559006211180124
"266674",0.0682218811278573
"266680",0.0593377976190476
"266682",0.04064039408867
"266685",0.0414507772020725
"266686",0.0696517412935323
"266687",0.0984685482850272
"266688",0.147293546148508
"266689",0.0584269662921348
"266704",0.0488982795049804
"266709",0.0455558306511513
"266711",0.0533406843320354
"266713",0.0814485553667146
"266730",0.0448909790508764
"266758",0.0515320334261838
"266759",0.196727697701597
"266760",0.0475186817397969
"266761",0.103960396039604
"266764",0.0480572597137014
"266766",0.0659963713335349
"266771",0.0434276851492827
"266773",0.0808800743724822
"266774",0.108144621718991
"266776",0.0380458124552613
"266777",0.126519164848863
"266778",0.0456226880394575
"266780",0.05159499638797
"266782",0.0617539392010186
"266803",0.191540141166912
"266813",0.0431378961322306
"266975",0.083002067101288
"26759",0.0804494382022472
"26760",0.0664133221001308
"26954",0.0516486723081412
"26955",0.0745673793482653
"26956",0.067625025308767
"26962",0.0475049030289824
"26989",0.0412085799953871
"27064",0.0497094736460345
"27080",0.0824853397723353
"27100",0.0733759318423855
"27137",0.0684931506849315
"27150",0.0701754385964912
"27256",0.0609945062684885
"276720",0.0552834149755074
"282581",0.0476870359794403
"282582",0.054232990562051
"282584",0.0881345948532931
"282585",0.0383125269048644
"282636",0.0583978038432743
"282708",0.079536873898817
"282712",0.099444101297097
"282817",0.0830182290196964
"282819",0.0563380281690141
"282826",0.0442266949152542
"282827",0.0510204081632653
"282835",0.0649471944823622
"282837",0.0551817587141389
"282838",0.0579330966174547
"282840",0.0879120879120879
"282843",0.0743651753325272
"282845",0.0449802087081684
"286892",0.0474349964862966
"286894",0.0494018952928383
"286897",0.0631222874648966
"286898",0.123950285522338
"286899",0.0625993640699523
"286900",0.0661530731870709
"286904",0.0554029304029304
"286906",0.0511919094630388
"286908",0.0606060606060606
"286910",0.0577889447236181
"286911",0.0443425076452599
"286912",0.0501634472511144
"286913",0.0635400907715582
"286914",0.0540942360475755
"286915",0.0451384931038413
"286916",0.0444288717589348
"286917",0.047093451066961
"286918",0.0727067951445376
"286919",0.0489766862431038
"286920",0.0510173989973459
"286921",0.0453411500561307
"286922",0.0929009640666082
"286923",0.0977966496466817
"286924",0.0585526315789474
"286925",0.0638297872340425
"286927",0.060875512995896
"286928",0.0755555555555556
"286930",0.0670704012112036
"286931",0.0534373571848273
"286932",0.0476190476190476
"286933",0.0562401263823065
"286934",0.0516951997314535
"286936",0.129723560740553
"286937",0.154050857480781
"286938",0.0596237337192475
"286939",0.0780475510375536
"286953",0.0623521823263814
"286954",0.0456284460447845
"286958",0.0426325907497456
"286959",0.0676728334956183
"286960",0.0637144148215093
"286961",0.0533260032985157
"286962",0.0717020536025061
"286964",0.0453666353539261
"286976",0.0617467638744234
"286978",0.0713178294573643
"286979",0.0821123812590565
"286981",0.0589303880249964
"286985",0.053878188443519
"286988",0.07151841868823
"286989",0.0501605484682808
"286990",0.0710735977673207
"286993",0.101328903654485
"286994",0.121880998080614
"286995",0.0531674208144796
"286996",0.0570271997727434
"286997",0.0623700623700624
"286998",0.0525705105319529
"287001",0.0599472990777339
"287003",0.0483091787439614
"287004",0.0631469979296066
"287005",0.0962655601659751
"287042",0.0631951141112183
"287059",0.0606060606060606
"287061",0.0637050128534704
"287069",0.050131926121372
"287094",0.0675813008130081
"287097",0.0914640676876941
"287108",0.060781476121563
"287113",0.039776487023013
"287115",0.0541235871402259
"287119",0.0719602977667494
"287120",0.0672413793103448
"287122",0.0523648648648649
"287125",0.0966232029421598
"287126",0.0847457627118644
"287129",0.0612151248164464
"287134",0.0670325715314018
"287146",0.0619438740588638
"287148",0.0554837040869115
"287150",0.101585728444004
"287151",0.132104274307186
"287155",0.0494816862474084
"287156",0.062694895782045
"287159",0.0685043389484431
"287164",0.0477444689206015
"287167",0.188033228558599
"287168",0.0688791484032561
"287173",0.0410793395086589
"287191",0.0691369182105739
"287199",0.0504113425520742
"287208",0.0542168674698795
"287269",0.0598954654612233
"287276",0.0517309988062077
"287278",0.0582511294949712
"287280",0.0476762820512821
"287287",0.0485773768216516
"287299",0.153173575129534
"287302",0.0627043819489863
"287356",0.0659025787965616
"287361",0.0561350895072887
"287367",0.0703996282527881
"287375",0.0478985069474411
"287379",0.0694143167028199
"287380",0.0545480206054618
"287382",0.0722394220846233
"287383",0.0673624288425047
"287388",0.0620827770360481
"287406",0.0623472335492314
"287408",0.0446646341463415
"287411",0.0452698781195589
"287419",0.0778335005015045
"287427",0.0672609400324149
"287429",0.0616113744075829
"287432",0.0471823498139288
"287433",0.0469091376429765
"287435",0.104268220187849
"287436",0.0488000713712196
"287437",0.0640883977900552
"287441",0.0503235972481003
"287442",0.0574506283662478
"287443",0.0675146771037182
"287444",0.0454687989965506
"287446",0.0512806389424401
"287447",0.0492530850833514
"287452",0.0624860770773001
"287453",0.0591229444009397
"287456",0.0544974127490917
"287462",0.0655067879267168
"287466",0.0799506397350133
"287470",0.0548562548562549
"287472",0.0589374181424748
"287474",0.0929764089708581
"287477",0.0664310954063604
"287521",0.0618966496308915
"287522",0.082097274922387
"287526",0.11219195849546
"287527",0.0553935860058309
"287530",0.0414384811975173
"287533",0.0540182513982926
"287535",0.0497725448220498
"287537",0.0549645390070922
"287541",0.051728945900725
"287543",0.0461902881958152
"287544",0.0471249459576308
"287550",0.0456632987796877
"287552",0.0411843548190569
"287554",0.0658823529411765
"287585",0.0588785046728972
"287593",0.0586196708235715
"287606",0.0506903353057199
"287607",0.0701893788902132
"287608",0.0523809523809524
"287615",0.0684902010029304
"287633",0.0470089781095531
"287635",0.0836808051761323
"287642",0.0622223688543727
"287643",0.0535631113181183
"287645",0.0635825476869108
"287653",0.0666305525460455
"287656",0.0583198707592892
"287661",0.0570570570570571
"287670",0.0410459294059467
"287698",0.0632183908045977
"287699",0.0455593599329187
"287700",0.0497780296590158
"287701",0.0595780769638503
"287703",0.0477558348294434
"287707",0.0560671722643554
"287709",0.124923453766075
"287711",0.0677321156773212
"287715",0.0640135853514471
"287716",0.0449985171771975
"287719",0.0683957732949087
"287721",0.0856140350877193
"287722",0.0585365853658537
"287726",0.0513578919064265
"287730",0.0526315789473684
"287731",0.0746092623494295
"287738",0.051255230125523
"287745",0.061556723757843
"287746",0.0575471698113208
"287765",0.068288119738073
"287766",0.0863674851820491
"287768",0.0477878720732698
"287773",0.104069379586391
"287774",0.0427118283005805
"287805",0.0635397123202001
"287822",0.0565984474241355
"287828",0.0429904123935421
"287830",0.0602196939976461
"287835",0.0885167464114833
"287847",0.076415371076562
"287871",0.0458646616541353
"287873",0.0446954813359528
"287884",0.0709903593339176
"287910",0.051233754002637
"287925",0.0561387494294843
"287927",0.0705394190871369
"287930",0.0559642669469259
"287931",0.0635958808794879
"287935",0.0742108797850907
"287938",0.0747416486421533
"287940",0.048951048951049
"287944",0.0800506249011232
"287949",0.0576231325971907
"287954",0.0678787878787879
"287962",0.0482929838004053
"287974",0.0765704584040747
"287979",0.0633971291866029
"287982",0.0601311865549292
"287984",0.0595238095238095
"288003",0.0674634104096302
"288029",0.0569378859426081
"288031",0.0743745774171738
"288041",0.0529778393351801
"288051",0.0565190461443171
"288057",0.0513880685174247
"288065",0.0982609925067157
"288091",0.061909758656873
"288092",0.0675166618371486
"288108",0.108976283398379
"288109",0.0591834581706931
"288150",0.0995891215026414
"288152",0.0495594713656388
"288161",0.106469212782541
"288174",0.144209354120267
"288176",0.0741608118657299
"288182",0.0522436794477097
"288227",0.0775008535336292
"288233",0.0552112676056338
"288236",0.0534587378640777
"288238",0.0546619831145621
"288257",0.0398404647331686
"288259",0.0555273747928714
"288264",0.0909514596938109
"288269",0.0710659898477157
"288305",0.0544110854503464
"288333",0.0588650812338121
"288353",0.0934645115952214
"288371",0.0738612045246102
"288414",0.0651785019833554
"288416",0.0487668161434978
"288444",0.0405063291139241
"288447",0.0459668897499119
"288455",0.0586069154911996
"288471",0.0721509305685391
"288479",0.0484371765679983
"288480",0.0703550023052098
"288482",0.0616163747626081
"288498",0.0707290533188248
"288516",0.0434782608695652
"288518",0.0577515869675208
"288525",0.079926335174954
"288526",0.049744081893794
"288527",0.0770142180094787
"288532",0.0704037370704037
"288533",0.0557089535723276
"288545",0.0785046728971963
"288557",0.074941841143237
"288564",0.0763116057233704
"288583",0.0620133481646274
"288584",0.076
"288588",0.0751980363717505
"288591",0.049817559014074
"288595",0.0609257675125939
"288599",0.051609228140131
"288615",0.052662037037037
"288616",0.0444090411231704
"288617",0.0585035523978686
"288620",0.0602918973326623
"288621",0.0578338590956887
"288626",0.0660486674391657
"288651",0.0491058756741414
"288652",0.0702900444212177
"288656",0.0765162783011073
"288659",0.0462492949802595
"288664",0.072181295948189
"288666",0.0579278963948197
"288667",0.0753238927387768
"288669",0.0483531885073581
"288671",0.0658461538461538
"288700",0.0778041074249605
"288701",0.0743243243243243
"288702",0.048780487804878
"288704",0.0754716981132075
"288707",0.0788970929932359
"288710",0.0711808724219748
"288717",0.0693293676085263
"288718",0.0603916017928757
"288719",0.0497195308516063
"288740",0.0452674897119342
"288753",0.0730605564648118
"288770",0.0529515277555591
"288771",0.062200956937799
"288772",0.076417419884963
"288774",0.0666052389100961
"288778",0.0649794114693181
"288779",0.0628667897061369
"288783",0.0648084105685434
"288785",0.0794451450189155
"288906",0.0495532312161965
"288908",0.0385756676557864
"288912",0.0462097140263277
"288913",0.0452615766442427
"288914",0.0749392636890301
"288916",0.087109375
"288917",0.0510871486653703
"288919",0.0869946175991989
"288920",0.0702740688685875
"288921",0.0737779808131567
"288923",0.0871979098628348
"288925",0.0451686678101772
"288993",0.0491472398829347
"289014",0.0495407737266908
"289026",0.053921568627451
"289036",0.0565045992115637
"289046",0.062446898895497
"289083",0.0588963127938629
"289084",0.0721763959390863
"289095",0.0800880460548595
"289125",0.0624417520969245
"289143",0.0651140223192625
"289159",0.0567907848915082
"289168",0.0576521458960333
"289178",0.0570792722307762
"289181",0.132674006344467
"289185",0.05738674885396
"289196",0.0527969830295412
"289197",0.0560165975103734
"289211",0.188042131350682
"289217",0.0654138915318744
"289218",0.0538906641333448
"289219",0.0509896554532866
"289222",0.0497646522927422
"289230",0.046212963899282
"289231",0.0652006172839506
"289233",0.0604141520110197
"289257",0.0408163265306122
"289276",0.0604878048780488
"289277",0.0708661417322835
"289280",0.0679320679320679
"289312",0.0496830434586703
"289315",0.0578927539871908
"289318",0.0751139908807295
"289323",0.0578179989944696
"289324",0.137254901960784
"289338",0.0463548251158871
"289342",0.074585635359116
"289350",0.0871459694989107
"289352",0.0446160940742449
"289357",0.0486705723298783
"289372",0.0544354838709677
"289378",0.0710798904631504
"289388",0.0779712339137017
"289392",0.0381311360448808
"289407",0.0484822013540074
"289437",0.0720677490698203
"289456",0.0489763601402556
"289457",0.0430759740927316
"289491",0.0614294152392203
"289500",0.0376209243998567
"289504",0.0703692180045634
"289508",0.06352216164968
"289521",0.0651313706372411
"289522",0.0450718177315503
"289526",0.0472896348378317
"289560",0.0667284522706209
"289561",0.0628830269118039
"289562",0.0816455696202532
"289565",0.0404360383862853
"289582",0.055666889334224
"289590",0.0659430122116689
"289603",0.0688225538971808
"289608",0.0598870056497175
"289623",0.064128834965939
"289632",0.0628140703517588
"289668",0.0754783219238195
"289693",0.0498374864572048
"289707",0.0583401807723911
"289724",0.0521288651448923
"289734",0.0585734763481785
"289736",0.0817148482949969
"289740",0.0777749811225774
"289745",0.0625165964872349
"289752",0.0462883171242152
"289753",0.0772378516624041
"289754",0.0641169015134571
"289758",0.060189165950129
"289759",0.049048268693562
"289780",0.0571428571428571
"289783",0.0874800892003823
"289786",0.0752878653675819
"289801",0.0556252031387844
"289810",0.0545606694560669
"289820",0.0796353872244206
"289827",0.0549182328533073
"289831",0.0838228648892906
"289859",0.0617954357987352
"289874",0.0439330543933054
"289881",0.122093023255814
"289900",0.0572655690765927
"289904",0.0451707032389845
"289924",0.0519112789051439
"289928",0.0509824747742963
"289950",0.0613782051282051
"289992",0.0489417989417989
"289993",0.0648791790797749
"289994",0.0447482534329077
"289997",0.077319587628866
"290027",0.0439743285001188
"290028",0.0693520663627532
"290029",0.0486043095004897
"290046",0.0447574803936261
"290212",0.062992125984252
"290223",0.0375138734739179
"290228",0.0538645418326693
"290230",0.0659279336734694
"290234",0.0813300857778248
"290244",0.0480106421574556
"290270",0.0631270257755826
"290277",0.0676354230066951
"290279",0.0683023872679045
"290303",0.0785008863003292
"290315",0.0741097208854668
"290354",0.0695494405805866
"290356",0.0649876321115359
"290364",0.0452630928853755
"290370",0.0420751017946011
"290396",0.0422292229222922
"290401",0.0606792563314302
"290408",0.0548172757475083
"290447",0.0617493791410959
"290485",0.0644200335133122
"290519",0.0599710142101313
"290527",0.0620184481823114
"290529",0.0402587117212249
"290553",0.0743050142894258
"290555",0.0478048780487805
"290556",0.0685472496473907
"290558",0.0619335347432024
"290561",0.0654615881213686
"290567",0.0692243536280233
"290595",0.0478815018945918
"290596",0.0569455787363576
"290614",0.0746268656716418
"290626",0.0485722995630525
"290627",0.0554498902706657
"290628",0.0604442545920547
"290631",0.0848175604120535
"290632",0.0528709494030699
"290633",0.0397488096059623
"290635",0.0635581459894532
"290636",0.0596255099550194
"290637",0.04543265723041
"290639",0.0986567164179104
"290640",0.0607908715325595
"290641",0.0720361161999477
"290642",0.0930973451327434
"290644",0.0722774540052566
"290645",0.0422737533347014
"290647",0.0427823945829486
"290648",0.116257382654647
"290651",0.0776178010471204
"290652",0.0673076923076923
"290655",0.0802358369648808
"290660",0.0405522001725626
"290666",0.0574837310195228
"290668",0.0536333117760448
"290669",0.0578358208955224
"290673",0.0489051094890511
"290679",0.0521091811414392
"290686",0.0556664619164619
"290722",0.087555336940482
"290746",0.0894003444496634
"290749",0.0534020477879208
"290771",0.0454067488767804
"290775",0.0763123070136745
"290783",0.0546279786026909
"290796",0.0606837606837607
"290798",0.055643195181414
"290811",0.0466864231964903
"290823",0.0493377483443709
"290829",0.0494283036767303
"290833",0.0497448979591837
"290834",0.0755895673902858
"290842",0.0636893203883495
"290843",0.04930625
"290850",0.0523939422443796
"290851",0.0619065704519559
"290856",0.042825361512792
"290864",0.0734157650695518
"290868",0.0639691714836224
"290875",0.0439414114513981
"290877",0.0601633003867641
"290905",0.0515694530632186
"290912",0.0391314722023383
"290923",0.0674460431654676
"290925",0.110068475779863
"290939",0.0525423728813559
"290963",0.0471380471380471
"290975",0.0454545454545454
"290985",0.0577640307730497
"290986",0.0506142820578449
"290994",0.0554609584042812
"290995",0.101412066752246
"290997",0.0714285714285714
"290999",0.0459787218212931
"291005",0.0716605166051661
"291015",0.168261445605488
"291019",0.0542400881057269
"291023",0.09375
"291031",0.0531468531468531
"291044",0.0719619823489477
"291057",0.0535211267605634
"291075",0.0969529085872576
"291076",0.0465031568722681
"291078",0.07426597582038
"291081",0.0517041374357841
"291084",0.094144175886125
"291085",0.112621618019459
"291091",0.0786713286713287
"291103",0.0666666666666667
"291133",0.0881793614252828
"291135",0.0503506311360449
"291171",0.0410041841004184
"291180",0.0612507138777841
"291182",0.0422438622959814
"291202",0.0485627566505981
"291206",0.0753050063104754
"291245",0.0582345191040843
"291259",0.0479932641032838
"291293",0.051641001710997
"291295",0.0523410345532611
"29130",0.0582662245381336
"29131",0.100111234705228
"291314",0.107107713269245
"29132",0.0409789413773478
"291324",0.0864583333333333
"291339",0.0555504629205243
"29134",0.0568364611260054
"29135",0.0667808219178082
"291355",0.0688712763050014
"291359",0.0756264748848185
"29138",0.0706415768861715
"291388",0.0610608684497467
"29139",0.1734375
"291394",0.0769503546099291
"29140",0.0521895620875825
"291403",0.0614628149969269
"29141",0.0649350649350649
"291411",0.0632969034608379
"291414",0.0664509169363538
"29142",0.038433908045977
"29143",0.0893251533742331
"291433",0.0422360248447205
"29144",0.090525975112339
"291440",0.0491556091676719
"291444",0.0637726560751846
"29145",0.0576287978863937
"291450",0.0518072289156626
"29146",0.0546341463414634
"291463",0.0616901731452815
"291464",0.0979243388014731
"29147",0.0624420879234016
"29148",0.0443883074702274
"29149",0.118033556259533
"29150",0.04296875
"29151",0.0516665754474304
"29152",0.039094880699003
"29153",0.0648159778922246
"291534",0.114893617021277
"291539",0.0402219140083218
"29154",0.0633357646486749
"291541",0.0488732011946782
"291549",0.0571118892779723
"29155",0.0435323383084577
"291553",0.0505177282711013
"291556",0.064110127826942
"29156",0.10752688172043
"291565",0.0640430212661941
"29157",0.0753958280975119
"291571",0.0596803430343034
"29158",0.0481516364492583
"291580",0.0517603783499737
"29160",0.0448405618840566
"291609",0.0714918759231905
"29161",0.0529769137302552
"291618",0.0574031890660592
"291624",0.0673501856107478
"29165",0.0530386740331492
"291659",0.062226204699323
"291660",0.0929641141565414
"291661",0.0574057487175311
"29167",0.0407766990291262
"291670",0.0612933246318447
"291671",0.0906099465393394
"291673",0.0655496766607878
"291676",0.0624774286746118
"29168",0.0609362389023406
"291685",0.0930845931167578
"291689",0.0984848484848485
"29169",0.134779516358464
"291691",0.0447761194029851
"29170",0.0581920903954802
"291703",0.045531197301855
"29171",0.0473448017950636
"291713",0.0425736620565244
"29172",0.0415355569540592
"29173",0.0623162365240118
"291736",0.0428434481232947
"291737",0.060968230496799
"29174",0.0481049562682216
"29175",0.0535074626865672
"291750",0.0493496909879162
"291760",0.0402611534276387
"29177",0.0406854092220261
"291772",0.0739113064322813
"291784",0.0972434915773354
"29179",0.0656289963282655
"291797",0.112096774193548
"29180",0.0502689979825151
"291813",0.0710620831195485
"291819",0.073945753316175
"29182",0.0702800553721648
"29183",0.0428403755868545
"29184",0.0543766578249337
"291841",0.0645756457564576
"291844",0.0716395864106352
"29185",0.074721053594293
"291852",0.0440452755905512
"29186",0.0686947988223749
"291874",0.0558380084151473
"291877",0.0466019417475728
"29188",0.0451438152973043
"291885",0.0529761904761905
"29189",0.0581717451523546
"29190",0.0816884300030367
"291906",0.0608355091383812
"29191",0.0830711139081183
"29192",0.0770267893780409
"291921",0.0760189013585351
"291927",0.0502579736658717
"291936",0.163560568906327
"291939",0.0708951508513392
"29194",0.0754798052134059
"291947",0.0803763440860215
"291948",0.0563564875491481
"29195",0.0510729613733906
"291960",0.0672489082969432
"291961",0.0541909732883021
"291962",0.061440407903123
"291963",0.0398171428571429
"291966",0.0619734132184984
"291969",0.05147884687383
"29197",0.0707326578332034
"291975",0.0478990143524122
"291978",0.0550070521861777
"291981",0.059911780118507
"291983",0.0535853118832606
"291987",0.0575973669775096
"29199",0.0694751541952752
"291990",0.0677855629786541
"291996",0.0611183355006502
"291999",0.0642134584371793
"29200",0.0494834971025447
"292007",0.0660594881254323
"292008",0.0636796831487097
"29201",0.0497751124437781
"292019",0.0476624857468643
"292022",0.0494327390599676
"292023",0.0462101063829787
"292027",0.0582191780821918
"292028",0.0651045528696426
"29204",0.067687595712098
"29205",0.0610344535681029
"292069",0.0413533834586466
"292072",0.0969517358171042
"292074",0.0505877413937867
"292077",0.06539726846775
"292087",0.0473790322580645
"29209",0.057193535401188
"292090",0.0798135063983599
"292095",0.0568636161705909
"292097",0.0543603534383404
"29210",0.0732265446224256
"292100",0.0581238779174147
"29211",0.0631931906112974
"292130",0.0508658008658009
"29214",0.0755507955936353
"292148",0.0699037883343355
"29215",0.0788115056369192
"29216",0.0607476635514019
"29218",0.0600634210035441
"29219",0.0476903336184773
"29220",0.0515617253346554
"29221",0.0799582463465553
"292228",0.0722115997450605
"29223",0.0839423827432059
"29224",0.0447411149197186
"292244",0.065
"29225",0.0471690621774001
"29227",0.0904482813242515
"29228",0.0627906976744186
"29229",0.0681481481481481
"29230",0.0775862068965517
"292305",0.0473621749919085
"292306",0.18256543370106
"29231",0.0530461960011988
"29232",0.0682337876154761
"292328",0.0609756097560976
"29233",0.05649919542285
"29234",0.0493314891655141
"29235",0.0747280870121561
"29237",0.0620637329286798
"29238",0.0429978040660197
"29240",0.0728180409709072
"29241",0.0592845945560781
"29242",0.119084305524984
"29243",0.0585380649074917
"29244",0.0587641391584099
"29245",0.0929705215419501
"29246",0.0487678675376754
"292462",0.067992054995549
"29248",0.0699196111422696
"292485",0.0683203699810805
"292486",0.0461561075995884
"29251",0.0491161333631685
"29252",0.0632518432285603
"29253",0.0732172936552499
"292534",0.0705339485827291
"292535",0.120137103684662
"29254",0.168409312700404
"292554",0.0704242572441619
"29256",0.0564305230126623
"292569",0.0587082718429082
"292588",0.0604831274202471
"29259",0.0664578205415082
"292594",0.0647768395657419
"292597",0.0959888938469929
"29260",0.0499597099113618
"29261",0.0754625710484944
"292622",0.0509542104931662
"292624",0.0726978998384491
"29263",0.0960743801652893
"29264",0.0619877942458588
"292640",0.047091023931504
"292654",0.0675556858147714
"292657",0.0594789704959197
"292658",0.0572949946751864
"29266",0.0666666666666667
"292668",0.0395176252319109
"292673",0.0597
"29268",0.0527724665391969
"292680",0.0662687795842766
"292696",0.0607569721115538
"29270",0.0722538368684256
"292708",0.0568569310600445
"292710",0.0517222820236814
"29272",0.0842105263157895
"292721",0.0678348369188064
"292724",0.0699225023380814
"292728",0.0754020747754647
"292729",0.0498766785420663
"292734",0.0485233174211824
"292735",0.0612842501568709
"29274",0.120721018686952
"292747",0.054953560371517
"29275",0.0505254433049634
"292750",0.0507473062217588
"292751",0.0666231221423906
"292758",0.066691857169847
"29276",0.0571254319983737
"292762",0.145705521472393
"292763",0.0627210124697562
"292764",0.0442593499918341
"292766",0.0718038528896673
"29277",0.0552262090483619
"292770",0.0810945273631841
"292777",0.041036221916552
"292778",0.0752498530276308
"29278",0.0796045472835807
"292780",0.0743940754039497
"292781",0.0422354451055886
"292787",0.0815094339622641
"292788",0.0437656713015728
"29279",0.0447336315575437
"292792",0.0487349647449191
"292793",0.0807520419170905
"292804",0.0618598112070697
"292808",0.0621707060063224
"292810",0.0434692179700499
"29282",0.0519187358916479
"292831",0.0582478481311166
"292845",0.0812250332889481
"29285",0.0627839735646427
"292868",0.0379722436391673
"292872",0.0408614025400331
"292874",0.0565867723914219
"292876",0.0858938547486034
"292878",0.101108841552378
"292879",0.069221277807288
"29288",0.0493004037937835
"292887",0.0476580041988548
"292888",0.0489236790606654
"292889",0.0440991180176396
"292892",0.0745621953421195
"292894",0.0663379650380995
"292898",0.0567022538552788
"29290",0.114485981308411
"292905",0.057267919022433
"292907",0.0582823636455543
"292912",0.0432561627144062
"292915",0.075668750330331
"292925",0.0529820926446648
"292935",0.0726753670473083
"292944",0.0443381180223285
"292949",0.0667710453763116
"29295",0.0511666666666667
"29298",0.0493247210804463
"292994",0.0539617486338798
"292995",0.0480990467842665
"292999",0.0578353731701464
"29300",0.0575203934469324
"29301",0.0498614958448753
"293017",0.165648336727766
"293023",0.0459016393442623
"293024",0.0731243441762854
"293038",0.0575772681954138
"293042",0.0576368876080692
"293048",0.0586397841828766
"293050",0.0832463465553236
"293052",0.0827513632450014
"293054",0.0905626541134275
"293056",0.0593995711222302
"293057",0.0643564356435644
"293058",0.049438202247191
"293059",0.0467998008519113
"293060",0.0750611073260984
"293067",0.0432511491851233
"29307",0.0462962962962963
"29308",0.0646067415730337
"29309",0.0637537239324727
"293103",0.0492445054945055
"293104",0.0587403689828232
"29311",0.0465640860388303
"293112",0.0766773162939297
"293113",0.0624452234881683
"293114",0.0607510662644336
"293117",0.045833784808755
"293129",0.0563847429519071
"29313",0.0775268817204301
"293130",0.0491727941176471
"293142",0.0571184995737425
"293144",0.0602489995553579
"293149",0.0537357379462643
"293150",0.0888252148997135
"293152",0.039714058776807
"293154",0.0477430555555556
"293155",0.0617126455110828
"293156",0.0459905668191138
"29316",0.0533617929562433
"293160",0.0516189582355701
"29317",0.0571484681853889
"29318",0.0892857142857143
"293184",0.0731707317073171
"293186",0.0538152610441767
"29319",0.0506692160611855
"29322",0.0704375667022412
"29323",0.0642005502904311
"29324",0.0387556178135761
"29326",0.0654411764705882
"293267",0.0750833169966673
"29328",0.0633484162895928
"29331",0.143861386138614
"29332",0.0510094767202307
"29333",0.0775253745770904
"293343",0.0751726940268184
"293344",0.0496426250812216
"293345",0.0919876203576341
"29335",0.0600944962488515
"29336",0.0593589236248516
"29337",0.0378378378378378
"29338",0.0518814139110604
"29339",0.0536585365853658
"29340",0.0557312252964427
"293408",0.0559597688850845
"293415",0.056390977443609
"293427",0.0605271222801103
"29344",0.0983207136966789
"293448",0.0585434667607124
"29345",0.0597976831457008
"293451",0.0619596541786743
"293452",0.0442513913397584
"293453",0.0547550432276657
"293455",0.0550471063257066
"293476",0.0665746809244567
"29348",0.069324430479183
"293481",0.0685030808263864
"293484",0.048566045635336
"293488",0.0628865979381443
"29349",0.0407693572250534
"293491",0.0683720930232558
"293493",0.0570191945803538
"293494",0.0695758315532499
"293497",0.0533350706834691
"293502",0.0441160372194855
"293504",0.060667086217747
"293505",0.0626362735381566
"293507",0.0623003194888179
"293508",0.240963855421687
"293514",0.0763358778625954
"293522",0.1202416918429
"293524",0.0897841726618705
"293526",0.116244225246598
"29353",0.0478211903318028
"29354",0.0507399577167019
"293546",0.0644910644910645
"29355",0.107327905255366
"293551",0.0451764705882353
"293566",0.0483781691481126
"29357",0.0571473061351604
"293570",0.0556807935076646
"293589",0.0622302158273381
"29359",0.0725806451612903
"29360",0.0720614294152392
"29361",0.0677339901477833
"293614",0.0556715379262352
"293615",0.0501766784452297
"293618",0.06002331002331
"29362",0.127240143369176
"293620",0.0498286203941731
"293621",0.0604005167958656
"293624",0.0497663551401869
"293627",0.0692703779267463
"29363",0.056282722513089
"293634",0.0485607008760951
"293638",0.0592805131088153
"29364",0.0809790813025663
"293645",0.043141056713524
"29365",0.0853451927149513
"293652",0.0798808907301916
"293653",0.0639269406392694
"293655",0.0632157581310124
"29366",0.0543601359003397
"293663",0.0676328502415459
"293666",0.0420369104579631
"293667",0.0429777436684574
"293668",0.0658710842427573
"293669",0.0731707317073171
"29367",0.0600961538461538
"293671",0.0462221477018204
"293673",0.0497604529616725
"293674",0.0555619997680084
"293678",0.0539568345323741
"29368",0.0417956656346749
"293684",0.0508849557522124
"293688",0.087205146533238
"29369",0.0437800320341698
"293691",0.0492886178861789
"293692",0.0573653831056573
"293700",0.0459444129325014
"293701",0.0476190476190476
"293702",0.0900900900900901
"293703",0.0566657901656587
"293705",0.231299429872498
"293711",0.0500954198473282
"293719",0.0590726233326276
"293721",0.0760966875559535
"293722",0.0936985351477854
"29373",0.0505291005291005
"293731",0.0448352989019927
"293736",0.0741181133571145
"293738",0.0648954038784547
"29374",0.0485754320411023
"293749",0.0764783614139412
"29375",0.0553777208706786
"293754",0.0784688995215311
"29376",0.047438330170778
"29380",0.0682382133995037
"29382",0.0511674118231495
"293820",0.0530877573131094
"293828",0.0782556750298686
"293829",0.0478949639400851
"29383",0.0797758650569002
"29384",0.0700330864975579
"293844",0.0418139892390469
"293847",0.0638858012051717
"29385",0.0584795321637427
"293852",0.0521668527352076
"293856",0.0996993987975952
"29386",0.0489208633093525
"293860",0.114860480207657
"293863",0.0424589736910654
"293864",0.0651986596457635
"29388",0.0775510204081633
"29389",0.0437672804282605
"293890",0.0549480590486605
"29390",0.0659760087241003
"29391",0.0450914712702912
"29392",0.069705349480309
"29393",0.189644769595076
"293938",0.0430472693896283
"293939",0.057369814651368
"29394",0.0516002612671457
"293947",0.0705627882300126
"293949",0.0540874771057605
"293950",0.0401464626650974
"293960",0.0577693442968585
"293967",0.0705714295831038
"29397",0.0410942395758014
"29398",0.0494791666666667
"293989",0.0505995203836931
"293991",0.0614900864704341
"293997",0.0494736842105263
"294004",0.0549873737373737
"294009",0.0526315789473684
"294010",0.043464116077819
"294018",0.070048871305562
"294019",0.0693846153846154
"29402",0.0512067156348374
"294025",0.0578911095796003
"29403",0.0419839025451381
"294030",0.0494387389539049
"294043",0.0615287934186472
"294065",0.0536565574601887
"294079",0.124410635964912
"29409",0.0486268333497391
"29410",0.0459667322482561
"294103",0.0510216566744158
"29412",0.0551691281562649
"29413",0.0553191489361702
"29414",0.0780346820809249
"29415",0.0580953098046484
"29416",0.0654028436018957
"29417",0.0649424007415794
"294207",0.0490756302521008
"29421",0.0719101123595506
"29422",0.0553993250843644
"294228",0.0751737039279201
"29423",0.0830769230769231
"294230",0.0684580934101088
"294231",0.055789036161271
"294232",0.0679674938073096
"294235",0.0666666666666667
"294236",0.0969443833809629
"294239",0.0774050385067224
"29424",0.0760236607035946
"294241",0.0663507109004739
"29425",0.0410307730798099
"294250",0.100770218228498
"294251",0.0589779842456069
"294255",0.0610541727672035
"294257",0.0455077283083934
"294258",0.0515222482435597
"294260",0.0669318746892093
"294269",0.259700780830899
"29427",0.122909199122129
"294270",0.0708127625082897
"294273",0.0917762309873679
"294274",0.0766254520985785
"294276",0.0989143235236985
"294279",0.0744715659969897
"29428",0.0910065080198928
"294281",0.0764456981664316
"294283",0.0462692258802593
"294286",0.054421768707483
"294287",0.0652631578947368
"294288",0.0931034482758621
"294289",0.0579646981913271
"294291",0.113418789550544
"294292",0.0895892049602941
"294299",0.0558748706470261
"29430",0.0863138945473495
"29431",0.0687750394561127
"294311",0.0478135875321531
"294312",0.0498115513904451
"294313",0.0491423563290347
"294318",0.0553005155731337
"29432",0.0943562610229277
"294320",0.0627615062761506
"294321",0.0562595586628796
"294324",0.0482938653738579
"294326",0.0566541956173169
"29433",0.0630508474576271
"294331",0.0600632244467861
"294333",0.0458409293438986
"294339",0.0484390357426656
"29434",0.197217117918976
"29435",0.0392978779145926
"29436",0.063642156776967
"294362",0.054957507082153
"29437",0.081140350877193
"294385",0.0770663956639566
"29439",0.0489651691065119
"294390",0.0474421263218062
"29440",0.045400238948626
"294400",0.0651911709884644
"294408",0.0680433875677931
"29441",0.0716588100725515
"294421",0.0912280701754386
"294422",0.0701958955223881
"294429",0.105263157894737
"29443",0.0468960450593853
"29446",0.0442446677243081
"29447",0.0985419003364845
"29448",0.0614030170136413
"294499",0.092435189120272
"294504",0.0549645390070922
"294508",0.0514167373553958
"294512",0.0843091334894614
"294513",0.0579938148171713
"294515",0.0526315789473684
"294518",0.059826883910387
"29452",0.106901217861976
"29454",0.0616677413694506
"29455",0.062974828375286
"29456",0.175989782886335
"29457",0.0788896089207758
"29458",0.0518327799986449
"294594",0.0449120386340117
"29460",0.0462679647658785
"294606",0.0559345156889495
"29461",0.0598218073822656
"29463",0.0672196488204244
"29464",0.206110693714
"294640",0.0632547441058079
"294643",0.0517357600269633
"29465",0.0489078822412156
"29466",0.154327424400417
"294667",0.0700293829578844
"29467",0.0672098459845985
"294673",0.118122762826462
"294674",0.0486584811277854
"294679",0.046608406158968
"29468",0.068598959926583
"29469",0.055383087048305
"294696",0.0707799145299145
"294698",0.0529411764705882
"29470",0.0554024255788313
"294709",0.0590292960209882
"29471",0.0643692527452906
"29473",0.0439627724712221
"294734",0.0553299103379569
"29474",0.103479645212645
"294744",0.0448307410795974
"29475",0.0507127833605983
"294753",0.0841776110068793
"294754",0.0583709206686124
"29476",0.110961667787492
"294767",0.0551470588235294
"29477",0.0679410122592346
"29478",0.0662047729022325
"294783",0.0558503786902983
"29479",0.0464157467748371
"294799",0.127326604315214
"29480",0.0941302101725063
"294800",0.0671513682722407
"294804",0.0756756756756757
"294806",0.052790346907994
"29481",0.0498710232158211
"294810",0.0532075092862162
"29482",0.0785880449074542
"29483",0.102373201722146
"29484",0.0832106038291605
"294846",0.0436418359668924
"29485",0.0667384284176534
"294853",0.0448459638632523
"29486",0.0429282868525896
"294862",0.0816368306312959
"294864",0.0448743518149182
"29487",0.0671462829736211
"294881",0.0518194676610518
"29489",0.0860686861868197
"29491",0.0523719165085389
"294912",0.0605040813403981
"294917",0.0559109518935517
"29492",0.0753542845504331
"294924",0.0754091776282759
"294925",0.0429016261100219
"29495",0.105066614131728
"29496",0.0507782446588152
"294964",0.0589627959413754
"29497",0.0678123548536925
"294972",0.0655858511422255
"294973",0.0477390659747961
"294975",0.0575429662635264
"294978",0.0642424242424242
"29498",0.0571008593396653
"294981",0.0718367346938776
"29499",0.0484982088729678
"29500",0.0493454179254783
"29501",0.0572507077697389
"29502",0.0589303801704623
"29503",0.0783856722276742
"295037",0.0526607538802661
"29504",0.0541910331384016
"295050",0.075011379153391
"295053",0.0616550289704353
"295061",0.0811380400421496
"295062",0.0469234174413457
"29507",0.0413793103448276
"29508",0.073431770884947
"29509",0.0613943808532778
"29510",0.0620113717128643
"295105",0.0708360763660303
"295107",0.0468596663395486
"29511",0.0657410505185681
"29512",0.042042042042042
"29513",0.0560658475486103
"295143",0.0454442429737081
"29515",0.0989465262034938
"29516",0.0548741637464161
"295161",0.0652005174644243
"29517",0.0865427180168216
"295176",0.045748502994012
"29518",0.0436967509025271
"29520",0.0563033911467771
"29521",0.0756809411412086
"295213",0.104414924789998
"295214",0.0619387520147364
"295217",0.0612019849292409
"295219",0.0555446516192345
"295224",0.0451017718553229
"295229",0.0712035286704474
"295230",0.0586169831601576
"295231",0.0692265429460961
"295234",0.0808432255423659
"295235",0.0502773925104022
"295238",0.0517411300919842
"29524",0.0798958144042643
"295241",0.102288984263233
"295243",0.0701036203146987
"295245",0.0824198132358912
"29525",0.0471610300961837
"295251",0.0425094645754462
"295252",0.0495251017639077
"29526",0.0753467843631778
"295261",0.0456238361266294
"295264",0.0464231354642314
"295270",0.0580700256191289
"29528",0.0559132260321903
"295284",0.0735390676296783
"29530",0.0702234382124943
"295305",0.0596718050721034
"29531",0.0467427309532573
"29532",0.0784583063994829
"295322",0.0511811023622047
"295325",0.0691343412062194
"29533",0.082804995196926
"295334",0.0701107011070111
"295337",0.0585365853658536
"29534",0.0941719971570718
"295341",0.0786026200873362
"295342",0.0562693841382366
"295347",0.0835753464925996
"29535",0.0406414155377385
"295357",0.0680247796044794
"29538",0.0594533671456748
"295382",0.110551252162142
"29539",0.0595162316995544
"295394",0.0940372997110586
"295395",0.0679916317991632
"295398",0.0557129367327668
"29540",0.129168216189414
"29541",0.0497160124253849
"29542",0.0479933802234175
"295426",0.0450200431699044
"295428",0.0856079404466501
"29543",0.091202329829127
"29544",0.0566407916062441
"295443",0.0617138162961442
"29545",0.0757367537028554
"295455",0.0479189485213582
"295457",0.0633802816901408
"295458",0.0647419828852969
"29546",0.110086058519793
"295461",0.0726010101010101
"29547",0.0772163965681602
"29548",0.0800156318694739
"295490",0.0793067226890756
"295500",0.0439064153351755
"29552",0.0497237569060773
"29553",0.0585984357976721
"295531",0.0512640449438202
"295538",0.0535362073823612
"29554",0.0727816512312444
"295543",0.0983446932814021
"29555",0.0771276595744681
"29556",0.0570136852394917
"295568",0.0482866043613707
"29557",0.0503677967731327
"29558",0.097864768683274
"29559",0.0467234211047317
"29560",0.0639238354301258
"29561",0.14560770156438
"29562",0.0777053455019557
"295629",0.118029739776952
"29563",0.117567338641369
"29564",0.046232719948732
"29565",0.0421336050065493
"29566",0.0562334217506631
"295661",0.0409886398526251
"295663",0.0653973509933775
"295669",0.0534902932672449
"29567",0.08
"295678",0.0509596928982726
"29568",0.049633329790626
"295686",0.083989501312336
"29569",0.105263157894737
"295690",0.0642856381520108
"295691",0.116228454697785
"295703",0.123448369935889
"295704",0.0755561774170981
"29571",0.0452836637047163
"29573",0.0727619047619047
"29575",0.101169844020797
"29576",0.0508637236084453
"29577",0.0912575098404806
"29579",0.0751050420168067
"29580",0.0563876144583595
"29581",0.0576781778104335
"29582",0.0899568699938386
"29583",0.0502591841334235
"29584",0.0683978048454022
"29585",0.0572536496350365
"29586",0.0496209510682288
"29589",0.0792720542874769
"29591",0.108891719264973
"29592",0.0647629962723737
"295922",0.0607181503867284
"295923",0.0543322848155562
"295928",0.0478630173924767
"295929",0.0696142991533396
"29593",0.117529880478088
"295930",0.0546875
"29595",0.0960929250263992
"295956",0.0812055253244035
"29596",0.0895013781007266
"295961",0.0680255984830529
"295965",0.042713567839196
"29597",0.0559693318729463
"295975",0.062807209175314
"29598",0.0616053290499362
"29599",0.0654017432361412
"29600",0.0557768924302789
"29602",0.0729651807496119
"29603",0.121625163826999
"296048",0.0773899848254932
"296049",0.0467863894139887
"296050",0.0429031824895931
"29606",0.0524296675191816
"296076",0.0502049180327869
"296084",0.0493372606774669
"29609",0.0737155621742368
"296098",0.0463065049614112
"296099",0.0518751189796307
"29610",0.0602275767337352
"29611",0.0764841733460128
"296115",0.0713461538461538
"296117",0.0526315789473684
"296119",0.0813606524766262
"296121",0.0566876806154943
"296126",0.0835244022273174
"296128",0.0682926829268293
"29613",0.0903055848261328
"296131",0.0685229497498368
"296134",0.0466274332277048
"296136",0.0624217772215269
"29614",0.0756898817345598
"296147",0.0648395721925134
"296156",0.109747160131916
"296159",0.0553198176960553
"29616",0.0699702162558812
"296161",0.07981220657277
"296162",0.0676096181046676
"296167",0.0641927541329581
"29618",0.0635155096011817
"296182",0.0539318837191178
"29619",0.0629354037304002
"296190",0.048
"296199",0.0662515135789656
"296207",0.0500913520097442
"296219",0.0559303420144336
"29622",0.0557134033353922
"296229",0.0411742279832253
"296234",0.0558414822439527
"296235",0.080512351326624
"29624",0.0524695676507626
"29625",0.0680290400645335
"296259",0.056670733059776
"296267",0.0583799562150328
"29627",0.0727806967008014
"296271",0.0589345637583893
"296278",0.0708176530961341
"29628",0.104919660112693
"296281",0.0566037735849057
"296284",0.0440251572327044
"296285",0.0585552859865893
"29629",0.0517748578152579
"29630",0.111220749929518
"296301",0.0999226903749517
"296302",0.0444261620732209
"296304",0.0566948130277443
"296306",0.0669014084507042
"29631",0.0971986534205425
"296313",0.0841185306568346
"296315",0.0452371942619285
"296318",0.0517427236794826
"29632",0.0408533817521562
"296320",0.0662069935974108
"29633",0.0798826659390136
"29634",0.060374149659864
"296344",0.0611033960358541
"296346",0.0541839916839917
"29635",0.0648687012065294
"296350",0.0608981895132847
"29636",0.0580357142857143
"296360",0.0814995925020375
"296366",0.0533045200792365
"296368",0.0812049770792403
"296369",0.0712328767123288
"29637",0.0631687508057239
"296370",0.0447761194029851
"296372",0.055258422947565
"296374",0.0583004331327379
"296380",0.062536023054755
"29639",0.063039834987753
"296394",0.0516405366090189
"29640",0.0560369728480647
"296408",0.0597263930597264
"29641",0.0837988826815643
"296410",0.0586283185840708
"29642",0.0733311289907785
"29643",0.0545938748335553
"29644",0.0460652591170825
"29645",0.245449119665771
"29646",0.0383931079689109
"296461",0.0428899668113352
"296462",0.0463646502735143
"296467",0.0555765595463138
"296468",0.0574983909032396
"296469",0.0775890775890776
"29647",0.074357560108837
"296470",0.0575862322571155
"296474",0.0563002680965147
"296478",0.0584820468716405
"29648",0.0655198583354414
"296480",0.0481430536451169
"296488",0.0552825552825553
"29650",0.0977757423197115
"29651",0.0523952095808383
"29653",0.0672957536627763
"296551",0.0549156486329261
"296554",0.0494623655913978
"296558",0.0554083718113693
"296562",0.0479041916167665
"296565",0.0612763113932509
"296566",0.0549828178694158
"29657",0.0661869425080579
"296570",0.0539845758354756
"296571",0.0428856382978723
"29658",0.0480560251147066
"296587",0.0552126772310258
"296588",0.0565625
"29659",0.0566857142857143
"29660",0.0491513152602365
"296603",0.053664186744752
"296612",0.0653737197646546
"296616",0.0616396848757683
"296619",0.0647534952170714
"29662",0.0570056001337068
"296621",0.0805440567711413
"296623",0.0403549382716049
"296624",0.0888852778680533
"296627",0.0608599236170999
"29663",0.0469653179190751
"296634",0.0811115668580804
"296635",0.0522525170867936
"296637",0.0688339620336996
"296639",0.0578276902447201
"296648",0.0509027461690184
"296649",0.0614364003461206
"29665",0.0423423423423423
"296651",0.075325856320097
"296653",0.0564051140636751
"296654",0.0713390313390313
"296658",0.0546253414083838
"29667",0.0632911392405063
"296678",0.0516795865633075
"29668",0.0580408350539114
"29669",0.0794520547945205
"296706",0.0727995849904894
"29671",0.048100679431748
"296710",0.0834731725929602
"29672",0.0545618789521229
"29673",0.0494677947598253
"296732",0.0789705623127093
"296733",0.076758535582065
"29674",0.0616776315789474
"296741",0.0849927149101506
"29675",0.0595650803655846
"296753",0.0680688693185489
"296758",0.0623072177668106
"29676",0.0396695715323166
"296761",0.0621509637903081
"296762",0.0719811638076018
"29677",0.104395604395604
"29678",0.0594900849858357
"296787",0.0740458845275633
"29679",0.0459045904590459
"29680",0.0503759398496241
"29681",0.051729415365779
"29682",0.234816082121471
"29683",0.0425055928411633
"29684",0.0478346159649917
"296849",0.0471059460679228
"29685",0.0561069475389913
"296851",0.0661881977671451
"29686",0.0746655476500651
"296865",0.0650602409638554
"29687",0.172175116802215
"29688",0.0756075607560756
"296883",0.13302034428795
"296884",0.110853001300873
"29689",0.070435482017695
"29691",0.0707547169811321
"296913",0.0441483276128945
"29692",0.0549075391180654
"296925",0.0548672566371681
"29693",0.0624763120800939
"296936",0.0799473838059047
"29694",0.0410668957543453
"29695",0.0459635416666667
"296954",0.0832690824980725
"296956",0.0939964019159311
"296957",0.0641704488149269
"296959",0.0641556291390728
"296966",0.0522161505768063
"296969",0.0474934036939314
"296973",0.0481563015960374
"296985",0.0520979020979021
"296988",0.0592800800544365
"29699",0.105626370057644
"296995",0.046828689982217
"29700",0.0515151515151515
"29701",0.0594982078853047
"29702",0.0721998178743333
"297025",0.047656454569259
"297029",0.0543624915673488
"29704",0.0779576587795766
"297065",0.050569323509712
"29707",0.0588512241054614
"297073",0.0833333333333333
"297077",0.154080125141218
"29708",0.0502529510961214
"297081",0.05
"297093",0.0472854640980735
"29710",0.0853468984032782
"29711",0.0950035186488389
"29712",0.0473095918897843
"297123",0.0443313953488372
"29713",0.0561648604823779
"29714",0.0533737480231945
"29715",0.0677475041605739
"29716",0.0886877828054299
"29717",0.0740687160940326
"29718",0.137267849773009
"29719",0.0548238897396631
"29721",0.0631737277513161
"29722",0.0550424824528999
"29723",0.0589824403421882
"29725",0.0437545832314837
"29726",0.0632830067459043
"29728",0.0690131124913734
"29731",0.05597162002365
"29733",0.0515202702702703
"297332",0.0555555555555555
"297334",0.0596265810078298
"297336",0.0562189054726368
"297337",0.0557018542935796
"297339",0.0909090909090909
"29734",0.121812767541411
"29735",0.123572170301142
"297357",0.0591539986781229
"29737",0.137581462708182
"297372",0.0701581998624349
"297376",0.0482269503546099
"29738",0.208607292289301
"297381",0.0550656476582403
"297387",0.0516102394715112
"297388",0.0527335640138408
"297389",0.0436348667284141
"29739",0.0878504672897196
"297392",0.0561954183014808
"297393",0.0491803278688525
"29740",0.066531577169875
"297406",0.0499010582465801
"29741",0.0676867067104548
"297412",0.0675526024363234
"297415",0.0465268370159294
"297416",0.0730954935622318
"297418",0.0459639557776768
"297428",0.0434782608695652
"29743",0.0438183272597991
"297432",0.0565823605706874
"297433",0.160981324512439
"297436",0.0488342785129175
"297437",0.0531496062992126
"297439",0.0493193483597411
"29744",0.0554229071702482
"29745",0.0721778221778222
"297453",0.050163132137031
"297455",0.0635696821515892
"297459",0.0420226922538171
"29747",0.05888
"29748",0.193564234831737
"297480",0.0449251247920133
"297481",0.0801097752221641
"297486",0.0735259846189699
"29749",0.056969696969697
"29750",0.0774345593805235
"297504",0.0722222222222222
"297508",0.12230296254891
"29751",0.0529315960912052
"297514",0.0509708737864078
"297516",0.058708518283661
"297518",0.125814192663696
"297522",0.0597195133277607
"297523",0.0865128145656964
"297525",0.0455577417890117
"29753",0.0449031708874229
"297530",0.0533742331288344
"29754",0.0621010471859485
"29755",0.0707379954882372
"297554",0.0687382297551789
"297561",0.0550755939524838
"297566",0.0395314787701318
"29757",0.0836012861736334
"29758",0.112912304401666
"297592",0.0510217710698544
"297593",0.0478999288111461
"297594",0.0628152223750573
"297595",0.0672762900065317
"297597",0.0530839231547017
"297601",0.0612965162214278
"297604",0.0742710997442455
"297685",0.0561440677966102
"297694",0.055699481865285
"297695",0.0993431855500821
"297699",0.056231884057971
"297720",0.0456866616735889
"297725",0.0386273349674584
"297727",0.0571891016994875
"297768",0.140350877192982
"297799",0.0440311254507497
"297814",0.0659206820430844
"297879",0.0489105238757534
"297900",0.041993281075028
"297942",0.0973149675458597
"297960",0.141347424042272
"297961",0.112928348909657
"297968",0.0685091475282211
"297971",0.0714140872196131
"297990",0.0569105691056911
"297994",0.06000600060006
"297995",0.0482009504412763
"298003",0.0799342105263158
"298012",0.0780106033829841
"298019",0.106813996316759
"298024",0.0715625
"298066",0.0571428571428571
"298068",0.0449627314258235
"298069",0.0607049608355091
"298071",0.0594891139118335
"298075",0.0495395948434622
"298091",0.0560364888764777
"298096",0.0754515336112002
"298098",0.0446465959932118
"298103",0.0472727272727273
"298107",0.0458358289036959
"298147",0.0647115078100096
"298199",0.0736045941592549
"298203",0.0564586994727592
"298250",0.0492332526230831
"298282",0.0467365028203062
"298301",0.0528271834350942
"298309",0.0542893725992317
"298312",0.0522488038277512
"298317",0.048513867558045
"298369",0.049500874755583
"298370",0.0399068839374792
"298374",0.0862899693385896
"298376",0.0569692801467217
"298377",0.0650568992943672
"298381",0.0738284703801945
"298384",0.047022291227681
"298385",0.083232810615199
"298399",0.0483870967741935
"298400",0.0405932019917731
"298410",0.043097861309138
"298425",0.0659182109202399
"298426",0.0681198910081744
"298436",0.0404984423676012
"298441",0.0666413518131764
"298443",0.0644539931841754
"298447",0.0719424460431655
"298451",0.0535298681148177
"298452",0.055361216730038
"298487",0.0477113102446113
"298490",0.0626237623762376
"298500",0.0768664627029406
"298504",0.0765027322404371
"298508",0.0605832549388523
"298510",0.0413903498742282
"298514",0.0476190476190476
"298517",0.0561020036429872
"298521",0.0595646039105019
"298541",0.0801483016193228
"298544",0.0906062624916722
"298546",0.0510948905109489
"298549",0.0611615555936269
"298552",0.0476190476190476
"298558",0.059025787965616
"298559",0.0526068576796618
"298566",0.187397708674304
"298573",0.0475109065917648
"298584",0.0398136382888606
"298586",0.0436954464191818
"298596",0.0455470339646267
"298598",0.0599309695638532
"298606",0.0677772126144456
"298609",0.0516482049913252
"298646",0.0828670397015721
"298648",0.0601385390428212
"298652",0.0795371705203489
"298655",0.0491803278688525
"298657",0.05125
"298675",0.0428498554667574
"298681",0.0615527323073098
"298682",0.0773598296664301
"298683",0.05
"298687",0.0526315789473684
"298689",0.0540636042402827
"298694",0.0612555308718096
"298696",0.0577045022194039
"298699",0.0659040291556995
"298700",0.0760348583877996
"298705",0.0533354187847032
"298712",0.0530481484971262
"298748",0.0512180465030278
"298757",0.0528865563181268
"298762",0.0476507387195528
"298765",0.077613615220251
"298767",0.0528745279060008
"298771",0.144803370786517
"298782",0.0625398851308232
"298786",0.0709318497913769
"298787",0.0976058931860037
"298792",0.0517602794930603
"298795",0.0627062706270627
"298805",0.0426666666666667
"298836",0.0524766193280222
"29884",0.0788004597492326
"298841",0.0600600600600601
"298845",0.0454387589719843
"298848",0.13680387409201
"29885",0.0649724914854598
"298851",0.0955223880597015
"298859",0.0567214974475326
"298861",0.0618287373004354
"298874",0.0532965742044564
"298875",0.0525825965565379
"298894",0.0990842920873445
"298914",0.0465116279069767
"298916",0.057742782152231
"298917",0.0769230769230769
"298933",0.0613860469422712
"298934",0.0546915500259202
"298942",0.0722075968409176
"298943",0.0764802631578947
"298982",0.0452415812591508
"299008",0.0648001154567759
"299027",0.0622370266479663
"299043",0.0929356357927787
"299050",0.0680866781580891
"299053",0.0499330981632405
"299075",0.0625769894062577
"299104",0.0720142602495544
"299113",0.0458374628344896
"299116",0.0762575452716298
"299121",0.0496330629586713
"299127",0.0503118503118503
"299139",0.046806822689409
"299147",0.0744786494538232
"299153",0.101117113337179
"299154",0.0869528261793455
"299156",0.055062348491278
"299159",0.0421757322175732
"299180",0.0444292549555707
"299195",0.0572755417956656
"299197",0.0419213973799127
"299198",0.0637616937469227
"299199",0.0574137931034483
"299201",0.0460204224367044
"299203",0.0809358204236484
"299204",0.0647942996159833
"299209",0.0598669623059867
"299246",0.0615744349181606
"299247",0.0464252553389044
"299258",0.0615384615384615
"299266",0.0616101475537147
"299269",0.0533333333333333
"299270",0.0527777777777778
"299276",0.0572701240852688
"299282",0.0381922342457034
"299295",0.060982076385873
"299310",0.0464135021097046
"299313",0.0553938284953839
"299314",0.0515674521592914
"299334",0.0615577889447236
"299339",0.0559602097105846
"299341",0.0681444991789819
"299346",0.0690423162583519
"299488",0.0678999515000346
"299507",0.049800796812749
"299510",0.0537989617744219
"299511",0.0405448462641389
"299514",0.0779997971396693
"299521",0.0493267899836416
"299569",0.0898020191841168
"299593",0.0666994831405365
"299602",0.0667644000497874
"299604",0.0549052396878484
"299607",0.0495925086903976
"299608",0.0973901406896748
"299612",0.0732155997056659
"299617",0.0642929463381708
"299618",0.0545293928686155
"299625",0.0497540146662954
"299626",0.0639485311216185
"299628",0.070829683393818
"299636",0.0563984168865435
"299638",0.075024925224327
"299639",0.061924580653298
"299643",0.0602805786935555
"299647",0.0747290359383913
"299706",0.0557522693620035
"299707",0.048992443324937
"299732",0.0449718925671455
"299738",0.0640966093822573
"299739",0.0639557836557442
"299743",0.0461393596986817
"299783",0.0739910313901345
"299809",0.0518269947800149
"299810",0.0736842105263158
"299811",0.118715673848754
"299818",0.055889939810834
"299827",0.0898155573376103
"299841",0.0648815653964984
"299850",0.0681353622530093
"299851",0.05570770571393
"299857",0.0727443022166719
"299858",0.101823708206687
"299864",0.107147480907945
"299872",0.0446390971110924
"299899",0.0475955305883079
"299907",0.0654751048695969
"299909",0.0598147867010779
"299923",0.0545417264711913
"299933",0.0436103276198742
"299938",0.0701468189233279
"299949",0.0592758731175905
"299954",0.0485436893203883
"299957",0.0825494336724899
"299971",0.0529925187032419
"299982",0.0542222222222222
"300016",0.05119825708061
"300017",0.0468812877263582
"300018",0.0717749757516974
"300025",0.0698222427129758
"300027",0.0490179620614403
"300030",0.055977229601518
"300033",0.0775258593668373
"300036",0.0574162679425837
"300045",0.0964660936007641
"300047",0.0442031202202508
"300051",0.0597414696634447
"300052",0.0505859375
"300062",0.0522545301306363
"300066",0.0504322766570605
"300067",0.0636435958631663
"300069",0.0891942244993014
"300075",0.064823955248437
"300077",0.0644282069125493
"300078",0.0612743074991429
"300079",0.0447549135685532
"300083",0.0472741564201898
"300084",0.0486880719952354
"300088",0.0487421383647799
"300089",0.0651162790697674
"300092",0.0482622552739414
"300095",0.0538428926170432
"300111",0.0661497455779016
"300115",0.0732476635514019
"300120",0.0588127182503216
"300129",0.0755932635876499
"300142",0.068631694032884
"300146",0.0554484088717454
"300147",0.0749025071892295
"300149",0.0637393767705382
"300173",0.0526315789473684
"300186",0.0687318489835431
"300189",0.0680755562046639
"300191",0.0583594068834172
"300206",0.0494040753556325
"300208",0.0491890612051616
"300211",0.0637597696421226
"300215",0.0742987111448067
"300219",0.071950591868245
"300221",0.0560247747747748
"300222",0.0486677960880949
"300228",0.0534915563669557
"300235",0.0537395933880309
"300236",0.0573040380047506
"300240",0.0442477876106195
"300250",0.0505415162454874
"300253",0.0552810902525806
"300257",0.0533907427341227
"300258",0.0589805825242719
"300259",0.101237061348144
"300266",0.0506940253470127
"300317",0.130925507900677
"300320",0.0654281098546042
"300361",0.0491514770584538
"300367",0.0413199426111908
"300438",0.0500221336874723
"300441",0.0590621450592244
"300445",0.0454298642533937
"300447",0.0543259557344064
"300514",0.0747549019607843
"300516",0.0547674259991816
"300519",0.0817518248175182
"300521",0.0511180992313068
"300644",0.0922933499067744
"300652",0.0691811244715561
"300656",0.0502388112506634
"300659",0.0554931624496267
"300664",0.0423143350604491
"300668",0.0545190210806881
"300674",0.0516493055555556
"300675",0.0495518898558254
"300676",0.054525627044711
"300677",0.060841881853555
"300678",0.0426151402858655
"300679",0.0550314465408805
"300687",0.0656990068754775
"300689",0.0507077092208328
"300710",0.0654088050314465
"300719",0.093232044198895
"300724",0.0716064018968583
"300726",0.0573928971201791
"300732",0.0547866205305652
"300733",0.0471911809121111
"300741",0.0645446507515473
"300744",0.0899892869896441
"300751",0.0419469726948951
"300754",0.0579847908745247
"300756",0.164167995746943
"300757",0.0601948503827418
"300759",0.0612244897959184
"300763",0.0484581497797357
"300782",0.0472949982987411
"300783",0.0516486902927581
"300786",0.0537908648272664
"300791",0.0565144340919505
"300795",0.0624197689345314
"300797",0.0603621730382294
"300799",0.0405853435463587
"300802",0.0401345291479821
"300803",0.0520203242196951
"300813",0.0742782478437543
"300836",0.0730837789661319
"300837",0.0790491984521835
"300838",0.0588302230314065
"300839",0.0685626441199078
"300849",0.0558806319485079
"300852",0.115261707988981
"300857",0.131914893617021
"300860",0.0668478260869565
"300862",0.0508028428533825
"300888",0.0559748427672956
"300901",0.0784023668639053
"300920",0.108092741171268
"300948",0.0530601748671353
"300955",0.117370892018779
"300968",0.0456756185240009
"300974",0.0651496681565759
"300981",0.080824088748019
"300982",0.0674386920980926
"300983",0.0618748546173529
"300988",0.0651530108588352
"300994",0.0626477541371158
"300996",0.0473659231134314
"301005",0.0610211706102117
"301007",0.0605845309220087
"301011",0.0655861289106672
"301012",0.0569948186528497
"301013",0.053030303030303
"301016",0.0422570221227939
"301024",0.0562350271088135
"301038",0.0549411344987513
"301045",0.0495933875483269
"301056",0.0657802659202239
"301059",0.046275041736227
"301062",0.0656357388316151
"301067",0.0512820512820513
"301068",0.0538223140495868
"301076",0.0463141968563503
"301079",0.0505876036508978
"301081",0.049419054996127
"301082",0.0497647932656598
"301085",0.0606609716110104
"301119",0.0894496478599806
"301122",0.0470231822971549
"301123",0.0823395797842135
"301124",0.092741935483871
"301126",0.0865528601377658
"301128",0.0777414075286416
"301130",0.0745293891663465
"301173",0.0589869281045752
"301225",0.0617035546613011
"301226",0.0447244872745243
"301233",0.0409820761762509
"301235",0.0495421460436722
"301240",0.0710458424290534
"301242",0.067658349328215
"301245",0.0609466219045582
"301246",0.0674157303370786
"301249",0.0743494423791822
"301250",0.0602148932995075
"301261",0.119490254872564
"301291",0.0466578908878163
"301323",0.0628417921903483
"301333",0.060156795777381
"301337",0.0937428221237828
"301352",0.0608695652173913
"301363",0.0787527006976839
"301371",0.0656231580326151
"301373",0.0714285714285714
"301374",0.110520264443806
"301384",0.0464372020116256
"301388",0.0521773244409572
"301415",0.0771704180064309
"301416",0.0814604077761973
"301419",0.0950080515297907
"301427",0.0560117919562013
"301432",0.0574324324324324
"301434",0.0832575527937759
"301442",0.0529911681386436
"301458",0.0655234657039711
"301460",0.0566666666666667
"301468",0.0454545454545455
"301511",0.0638001384270201
"301512",0.0481859410430839
"301513",0.052204764318297
"301514",0.0430791824746053
"301515",0.0646323698535613
"301517",0.0638940669794948
"301529",0.0626349892008639
"301535",0.0529199079653775
"301544",0.0470802015363013
"301552",0.0831173639392817
"301555",0.0565810109784051
"301562",0.0801993656547349
"301563",0.0580539656582175
"301570",0.0594933575377506
"301574",0.0729727407917405
"301575",0.0466511162945685
"301618",0.055919395465995
"301634",0.069427850789858
"301674",0.0880049147596375
"301709",0.0466434329566656
"301737",0.0514414176143877
"301742",0.0916420317119054
"302032",0.0776709758010939
"302247",0.0496495327102804
"302248",0.0493157149598867
"302288",0.0675862068965517
"302290",0.0668748851736175
"302313",0.0737893422695315
"302415",0.0535134727149219
"302422",0.0866122840690979
"302499",0.105025949194209
"302500",0.0602739726027397
"302552",0.0537610119719901
"302553",0.0596509066259956
"302557",0.0856958762886598
"302559",0.0544742965940343
"302562",0.050605220942103
"302612",0.0553086419753086
"302642",0.0602636534839925
"302661",0.0377085796872947
"302669",0.0515616354661822
"302697",0.0685025480203842
"302711",0.100895160066758
"302808",0.0608760207869339
"302822",0.116266173752311
"302855",0.0564149226569609
"302864",0.100663285212641
"302890",0.0738400789733465
"302899",0.0598086124401914
"302913",0.0547746703376322
"302915",0.0607142857142857
"302935",0.0489491886139931
"302937",0.0815237738674654
"302941",0.0438908659549229
"302946",0.0576298701298701
"302948",0.0513966480446927
"302950",0.074792243767313
"302965",0.0523488621935736
"302969",0.0854665473694842
"302971",0.0863453815261044
"302972",0.0517765685019206
"302975",0.0448350071736012
"302980",0.049469678568537
"302981",0.0598947304737129
"302998",0.0728138822728819
"303000",0.0645161290322581
"303004",0.0494219906297946
"303008",0.0873634945397816
"303024",0.0517382413087935
"303059",0.0470588235294118
"303068",0.0561115925772699
"303073",0.051937207748831
"303076",0.0693739424703892
"303088",0.155733535231748
"303100",0.0591751862762086
"303101",0.070324777370351
"303122",0.0726425026319747
"303132",0.0808890925756187
"303135",0.0789956270277895
"303164",0.0708587643216618
"303165",0.0650114667464353
"303179",0.0513207202266703
"303180",0.0643405820837637
"303185",0.0526000598862162
"303188",0.0650878760798332
"303190",0.0554916762485627
"303196",0.0752700798496947
"303200",0.0828834550651
"303206",0.0571544385893798
"303211",0.0788015962832807
"303226",0.0484171322160149
"303236",0.0529128007642588
"303238",0.058406699592012
"303244",0.0432121960384347
"303245",0.0468783294268059
"303248",0.0613496932515337
"303250",0.072621359223301
"303251",0.0477951246233909
"303259",0.0570414501204208
"303274",0.0705287127861164
"303277",0.0581764660314509
"303281",0.0595925297113752
"303285",0.0519529059988787
"303287",0.0433117470928208
"303292",0.069882702792004
"303300",0.0469018677734954
"303304",0.0876573194965776
"303311",0.0459267359212685
"303321",0.0607601713062099
"303330",0.0525978191148172
"303332",0.0497840596780526
"303333",0.0519832985386221
"303336",0.0822045773003269
"303351",0.0456182472989196
"303356",0.0810810810810811
"303372",0.064968152866242
"303393",0.0569105691056911
"303394",0.0709009837759483
"303396",0.119786096256684
"303439",0.0549542048293089
"303468",0.0810502283105023
"303470",0.0528165023234727
"303478",0.0685567010309278
"303514",0.05964193686546
"303518",0.0610276897644304
"303528",0.0657980456026059
"303536",0.0489644970414201
"303542",0.0804306523115896
"303547",0.0446033961386369
"303553",0.0403651115618661
"303554",0.0745663437711196
"303564",0.0789980732177264
"303565",0.0517369419919135
"303567",0.0617059891107078
"303569",0.0755631593954947
"303575",0.0602780711017247
"303577",0.0578684429641965
"303580",0.0732934457438129
"303592",0.0442374854481956
"303601",0.0408163265306122
"303602",0.0515135878912969
"303604",0.0486226993177008
"303605",0.0541466758053461
"303606",0.0673896204492641
"303607",0.0472868217054264
"303608",0.0476359758265197
"303612",0.0425531914893617
"303614",0.089133370469776
"303630",0.0559436015388212
"303652",0.0603448275862069
"303653",0.056099052277591
"303669",0.0906890552908252
"303673",0.040510127531883
"303676",0.0473802775961049
"303685",0.0783098591549296
"303687",0.0494732576985413
"303700",0.0500028737283752
"303701",0.0677624281536755
"303702",0.0526315789473684
"303730",0.0583415736685973
"303731",0.0507439310884886
"303740",0.0590117312477782
"303745",0.0435543657331137
"303746",0.0645161290322581
"303749",0.0540540540540541
"303753",0.0665103189493433
"303772",0.0853658536585366
"303786",0.0720096414582706
"303790",0.0686619718309859
"303792",0.0854089174847992
"303794",0.0780426599749059
"303796",0.0593020875972165
"303798",0.0704894661808966
"303831",0.0474084991402604
"303882",0.0629759458479391
"303883",0.0422694576901317
"303888",0.0742305371152686
"303902",0.0455131748664087
"303903",0.0775422591896968
"303905",0.0609540636042403
"303907",0.0415589048425934
"303915",0.0477121626906531
"303922",0.0894308943089431
"303926",0.0964391691394659
"303953",0.066320645905421
"303970",0.0730451280661336
"304019",0.0550013480722567
"304021",0.0494916554766929
"304037",0.116644630527398
"304053",0.0499096872326267
"304063",0.0652900803660468
"304074",0.0813397129186603
"304077",0.0519660629792788
"304078",0.0665705092643959
"304092",0.0515776725560158
"304109",0.0760277000147341
"304132",0.0830603649976603
"304138",0.0513383062746819
"304176",0.0578375113258834
"304195",0.0697931034482759
"304204",0.0605967394647801
"304208",0.0513496742165684
"304218",0.115988723318566
"304244",0.0585897457655091
"304275",0.0515181194906954
"304277",0.0667652131066765
"304278",0.051948051948052
"304282",0.042914979757085
"304284",0.0472886875265468
"304285",0.0662121562283337
"304286",0.0637663885578069
"304290",0.0556720242254833
"304291",0.0512480084970791
"304294",0.055014605647517
"304299",0.0517342739564962
"304301",0.0398679753322331
"304302",0.0705903271692745
"304315",0.0459639557776768
"304322",0.0629370629370629
"304323",0.0635559131134353
"304330",0.0526721975689755
"304334",0.0367992483557783
"304343",0.0582459643867532
"304346",0.0691592674805771
"304361",0.0628524046434494
"304396",0.0394857200935054
"304407",0.0552168815943728
"304429",0.0684306569343066
"304469",0.0472707175378872
"304470",0.0661917720505843
"304474",0.0740336847207076
"304488",0.0569014084507042
"304490",0.049618320610687
"304496",0.0754189944134078
"304522",0.0659211300765156
"304537",0.0569146594553802
"304542",0.0556640625
"304543",0.0794836956521739
"304545",0.0579048534358481
"304546",0.100681302043906
"304547",0.0726867073743541
"304555",0.0540149505666747
"304567",0.0448717948717949
"304569",0.0632758098698153
"304570",0.060500891098396
"304573",0.0666277030976037
"304577",0.0495319458329546
"304578",0.0537940670679278
"304579",0.0553752272137107
"304581",0.0653245686113394
"304582",0.0592973345344709
"304591",0.0727154330366833
"304648",0.0421792618629174
"304650",0.0516569200779727
"304653",0.0631939871424736
"304656",0.056778440650072
"304663",0.0618928670552318
"304670",0.0405932864949258
"304688",0.0620031796502385
"304692",0.066213921901528
"304709",0.0778117567108393
"304729",0.0433255269320843
"304731",0.0482300884955752
"304733",0.0468587296077751
"304758",0.0701670110610121
"304763",0.0616226838854576
"304766",0.0387313564817544
"304785",0.0458958517210944
"304786",0.0551452486459872
"304794",0.067258883248731
"304799",0.061942668232633
"304807",0.0563674321503132
"304809",0.0527724275625308
"304813",0.0583600549702245
"304815",0.0478089952595676
"304816",0.0449378519069372
"304859",0.0847676419965577
"304862",0.0831984460990612
"304881",0.0789785766303645
"304884",0.0656416321703134
"304885",0.0544554455445545
"304900",0.0588991218676376
"304913",0.0457806627946703
"304919",0.0822476984540559
"304929",0.14817944925699
"304935",0.0798004987531172
"304944",0.0533555648186744
"304960",0.0518029970465407
"304966",0.0648003671408903
"304971",0.0629856850715746
"304978",0.0484052917649472
"304979",0.0644558617468473
"304983",0.077125328659071
"305012",0.0401957637997433
"305021",0.0442586673223506
"305031",0.0562939796716185
"305055",0.061407249466951
"305076",0.0539894887720975
"305095",0.0398629148629149
"305103",0.0478911783644559
"305104",0.0542876901798064
"305120",0.0777777777777778
"305127",0.0549828178694158
"305131",0.0576093075623944
"305149",0.0743757511016157
"305150",0.0444866920152091
"305164",0.0921584478577203
"305177",0.0471976401179941
"305178",0.0544747081712062
"305198",0.0670807453416149
"305234",0.0713315217391304
"305235",0.0578553003316546
"305256",0.0640378548895899
"305258",0.0817033919286952
"305287",0.0583392984967788
"305291",0.0528660528660529
"305302",0.0585365853658536
"305310",0.065129742582446
"305348",0.0511537840890754
"305373",0.0500309926503144
"305391",0.0592164650658964
"305420",0.0636725412166003
"305424",0.0673157162726008
"305434",0.0547476475620188
"305438",0.0480277948089107
"305443",0.0493431946130919
"305449",0.0780920447785409
"305455",0.0482486096204508
"305458",0.0678694158075601
"305461",0.0564772917714094
"305464",0.0548844537815126
"305468",0.0507900677200903
"305471",0.0585670523809979
"305472",0.0715071507150715
"305479",0.0662360151969942
"305482",0.0464972485005874
"305493",0.0619568264648164
"305494",0.098613251155624
"305502",0.071681926121435
"305505",0.0460238418590614
"305506",0.0701513067400275
"305544",0.0511038430089943
"305556",0.0447898827558951
"305571",0.0705202312138728
"305581",0.0813355418010635
"305604",0.0922722029988466
"305614",0.113078651685393
"305645",0.0772797527047914
"305675",0.0408651450214293
"305679",0.0657094183499635
"305685",0.0740680974665161
"305687",0.0490748189863234
"305714",0.05
"305792",0.0576401235145504
"305795",0.0611861861861862
"305811",0.0798004987531172
"305830",0.0643228126248502
"305837",0.0602236879839404
"305848",0.0761840324763194
"305851",0.0784499054820416
"305853",0.0763198641426502
"305854",0.0825545171339564
"305858",0.066384997509861
"305880",0.0668011091504915
"305882",0.0576141525221133
"305884",0.0750750750750751
"305886",0.0537786139855754
"305887",0.079044969865554
"305888",0.0447539767576032
"305889",0.0530546623794212
"305895",0.0798167349891488
"305897",0.0519123177107218
"305922",0.0810283110966482
"305941",0.0591197722793957
"305956",0.0704171081784029
"305963",0.0609019060901906
"305970",0.0658506731946144
"305972",0.0470020675396278
"305987",0.0535057137323262
"306004",0.0563514804202483
"306007",0.0712092583845064
"306009",0.0423728813559322
"306012",0.0569022709874968
"306014",0.0571587743732591
"306015",0.0477292965271594
"306030",0.0489882854100106
"306066",0.0867544539116964
"306071",0.0916390025476724
"306128",0.0595966648868444
"306129",0.0557447283293978
"306141",0.0565586419753086
"306197",0.0631093777698989
"306198",0.0627049180327869
"306203",0.0746177783791097
"306204",0.0597254004576659
"306222",0.0644280644280644
"306229",0.0894055234826026
"306243",0.0595919248623556
"306253",0.103836169599077
"306255",0.0463128057422393
"306257",0.0423859743400282
"306260",0.063983488132095
"306261",0.0444990444990445
"306270",0.0667920978363123
"306274",0.0535191637630662
"306283",0.0817371515266452
"306288",0.0602148080438757
"306307",0.0580865603644647
"306322",0.0895096344645189
"306327",0.0678934543315688
"306330",0.0682739225253495
"306332",0.04668652271035
"306348",0.111716621253406
"306349",0.0524465420920825
"306353",0.0559796437659033
"306376",0.0450990894483128
"306400",0.0869694271297121
"306436",0.0657926681233309
"306439",0.0692124105011933
"306460",0.0694980694980695
"306469",0.0532375212486478
"306487",0.0593957761965352
"306490",0.0935162094763092
"306492",0.101863102470636
"306516",0.0810479921645446
"306526",0.0529549444119368
"306527",0.0791780428222446
"306542",0.0567478332645481
"306549",0.0625
"306562",0.0401110768281395
"306582",0.0842835894893406
"306587",0.0514285714285714
"306599",0.0668036998972251
"306600",0.073988579759446
"306607",0.0671228413163897
"306619",0.0479047122239611
"306626",0.102974828375286
"306630",0.0618331078250541
"306647",0.0682406209573092
"306655",0.0514824568855662
"306672",0.0498731104490787
"306687",0.0688115411037325
"306722",0.0685322232500771
"306748",0.0620582658162386
"306759",0.209068010075567
"306766",0.0605385111749868
"306768",0.0521950611124969
"306771",0.0554984353281796
"306792",0.11457670273711
"306804",0.0648418059011731
"306805",0.0509708737864078
"306809",0.074662910042262
"306810",0.0643784456695714
"306811",0.0734857804472104
"306814",0.0554637281910009
"306817",0.0739247311827957
"306819",0.0565211875158589
"306825",0.0863259668508287
"306840",0.0451761102603369
"306860",0.0535642368103101
"306868",0.0519320119978827
"306873",0.0671304347826087
"306879",0.0792131444075972
"306886",0.0577149587750294
"306892",0.0490627169636658
"306929",0.0454719387755102
"306945",0.079125631806576
"306960",0.0499041533546326
"306991",0.0484131253362023
"306994",0.0564516129032258
"306998",0.120295511569557
"307008",0.0926640926640927
"307029",0.123580786026201
"307039",0.0516125770902841
"307050",0.0370234267340377
"307070",0.0765271572408701
"307091",0.0480059084194978
"307092",0.048661800486618
"307098",0.0588812561334642
"307171",0.174762580504312
"307178",0.0516167309403738
"307180",0.0474700052164841
"307200",0.0962438497539901
"307210",0.0750147666863556
"307212",0.0443849846541277
"307234",0.0545738045738046
"307235",0.115352348993289
"307251",0.0854430379746835
"307271",0.116180166247825
"307288",0.044084114517355
"307302",0.0638195198455785
"307343",0.0714348015699956
"307348",0.0490242741551642
"307350",0.0543025427381123
"307351",0.0375617792421746
"307362",0.0536130536130536
"307382",0.0495049504950495
"307390",0.058684255031287
"307403",0.134044616876819
"307428",0.0594440484675695
"307474",0.080561122244489
"307483",0.0634920634920635
"307491",0.0682226211849192
"307492",0.0728938730853392
"307503",0.0583511777301927
"307505",0.0617685305591677
"307524",0.0541801948051948
"307540",0.0552335329341317
"307545",0.0522976524970543
"307582",0.0502164502164502
"307585",0.0744175525899118
"307614",0.0478610758153325
"307616",0.0452918924445353
"307639",0.0473148952002977
"307641",0.0400907715582451
"307642",0.0749531542785759
"307643",0.0591077468191335
"307644",0.0463820436352221
"307649",0.0677956659796112
"307652",0.068691380080393
"307667",0.0492732904455564
"307745",0.0700315457413249
"307764",0.051619007569386
"307779",0.0690395826940779
"307798",0.067445824202581
"307805",0.0426418238279179
"307806",0.0547483134405812
"307811",0.0663507109004739
"307820",0.0734613712122084
"307821",0.0435247499842757
"307833",0.0570873786407767
"307839",0.107675714542513
"307842",0.0489737858158911
"307858",0.0432144442800059
"307861",0.0596175478065242
"307905",0.0509259259259259
"307923",0.0534629404617254
"307927",0.0724515585509688
"307956",0.0966666666666667
"307982",0.0464376590330789
"307989",0.0619391551761874
"307997",0.0543134252169474
"308009",0.0723655306596372
"308015",0.0789337919174549
"308051",0.0505371463156302
"308061",0.0544128198995456
"308069",0.0710361067503925
"308113",0.0816823464305479
"308126",0.0625
"308173",0.116549439051328
"308201",0.0534718702483528
"308212",0.059437475499804
"308265",0.0454049334206505
"308283",0.0667047836859158
"308306",0.0474331677312515
"308309",0.0783132530120482
"308326",0.062037037037037
"308336",0.0821917808219178
"308341",0.072262118491921
"308345",0.0754851981039263
"308362",0.0669371196754564
"308384",0.0634599838318513
"308392",0.0407707910750507
"308398",0.0692395005675369
"308404",0.0596701649175412
"308405",0.0665137614678899
"308406",0.0750108084738435
"308408",0.0794591591035377
"308409",0.0916535433070866
"308410",0.0688765269255032
"308415",0.063768115942029
"308416",0.0990791268758527
"308417",0.0543321898860241
"308430",0.0617834394904459
"308434",0.0579990345504942
"308441",0.0642149116506249
"308445",0.0528301886792453
"308451",0.0470139771283355
"308453",0.0737557188409815
"308457",0.0542036673970707
"308458",0.0714974629932486
"308472",0.0485088034495149
"308473",0.0514008854557675
"308492",0.0451219512195122
"308508",0.0555905710323963
"308518",0.0793650793650794
"308537",0.0591620024062353
"308543",0.0555555555555556
"308565",0.0850509539498889
"308571",0.0740927877798882
"308579",0.0636997014076496
"308582",0.0585881680480137
"308586",0.0641806189751395
"308588",0.056056236481615
"308589",0.0592986688089068
"308592",0.0574476815757078
"308596",0.0676080445014977
"308602",0.0564653701808256
"308607",0.0451696563648152
"308652",0.0679321557254592
"308666",0.0738519212746017
"308669",0.0676694236926361
"308690",0.0403932464201752
"308708",0.0540872771972956
"308709",0.0684568015418493
"308739",0.0886226252158895
"308751",0.065796082370668
"308758",0.0795937211449677
"308759",0.0559676331759946
"308765",0.0690264184266686
"308775",0.0468238375900458
"308777",0.102474571124943
"308794",0.0638115631691649
"308796",0.0596825396825397
"308807",0.102187457365046
"308820",0.0754214729370009
"308837",0.0415647921760391
"308845",0.0638625288535522
"308857",0.0766263821033685
"308864",0.053104090793597
"308869",0.0611239119303635
"308870",0.0410465907985605
"308873",0.0570579577499629
"308875",0.0533411833971151
"308890",0.045400238948626
"308896",0.0482773614709926
"308906",0.0774445893089961
"308909",0.0420734542073454
"308911",0.0617469879518072
"308912",0.061004676349873
"308918",0.0417928528164749
"308937",0.046810463515374
"308939",0.0595857791560527
"308942",0.0654894948591864
"308944",0.088659793814433
"308958",0.0700997573469938
"308961",0.0681862082287039
"308971",0.0687655545448744
"308976",0.046849224678324
"308988",0.0567226890756303
"308993",0.0506974024889334
"308998",0.0484182185326453
"308999",0.055282778687034
"309002",0.0438871473354232
"309004",0.055922843587151
"309008",0.0406423078455592
"309014",0.0882543802725503
"309025",0.0529772329246935
"309041",0.0487562189054726
"309053",0.058246763112765
"309060",0.0659802784222738
"309069",0.0724722384570427
"309081",0.0401410360726878
"309082",0.0693897637795276
"309098",0.0515255946877364
"309100",0.051504781960165
"309105",0.0497014239779513
"309111",0.0526475958612295
"309112",0.0613285103584347
"309122",0.0463395638629284
"309126",0.0697674418604651
"309131",0.0772200772200772
"309139",0.0637539010254124
"309140",0.0437956204379562
"309144",0.0629510825982358
"309145",0.0516459523009741
"309153",0.04388923404633
"309158",0.117647058823529
"309159",0.0504679144385027
"309165",0.0478582518951502
"309168",0.0781932055418485
"309169",0.053742802303263
"309170",0.0690789473684211
"309172",0.0519893899204244
"309175",0.0578773895847067
"309176",0.0620767494356659
"309177",0.06
"309179",0.0700591033588006
"309186",0.0615423260487315
"309194",0.133811526094484
"309196",0.0403842383846305
"309200",0.05375720307847
"309201",0.0691829048632717
"309203",0.0388155262104842
"309255",0.0893024344569288
"309259",0.0713103122043519
"309280",0.056375160623358
"309288",0.0456392887383573
"309301",0.0468733007069059
"309312",0.0622243998040176
"309331",0.0578855688061101
"309357",0.0584415584415584
"309361",0.0455368693402329
"309362",0.056207755247243
"309376",0.0465597516813244
"309391",0.081795648581658
"309429",0.0510074423670358
"309444",0.0494534892608729
"309447",0.0573287883483111
"309451",0.0769087510666251
"309452",0.0846456692913386
"309453",0.062774078284879
"309456",0.0784411769350274
"309457",0.0779417967102488
"309499",0.0502140098131329
"309512",0.0580696815986301
"309513",0.0564102564102564
"309526",0.0437040242319342
"309565",0.0750577367205543
"309584",0.0585980284775465
"309593",0.0733206187751642
"309595",0.060781476121563
"309596",0.0586507755474453
"309607",0.0609685788997237
"309621",0.0933603491271821
"309622",0.0596231078158789
"309626",0.0670272339685026
"309628",0.0505415162454874
"309629",0.0509842519685039
"309630",0.0699578268419747
"309638",0.096277983793435
"309641",0.0494755590738175
"309643",0.0879926672777269
"309646",0.072463768115942
"309650",0.0778183477863989
"309651",0.0669995168304075
"309656",0.0746113989637306
"309674",0.0724401913875598
"309678",0.0574565945974329
"309681",0.0658436213991769
"309686",0.0549809117727261
"309722",0.0680473372781065
"309758",0.0780574762316335
"309760",0.0406416059830742
"309798",0.0816761363636364
"309804",0.0653696498054475
"309812",0.100478468899522
"309816",0.0668051882634429
"309828",0.0546990978645655
"309855",0.0483164983164983
"309858",0.0757087533363423
"309871",0.0621541081311196
"309900",0.0635400907715582
"309912",0.0461624026696329
"309922",0.0801127214170692
"309969",0.0490538573508006
"309995",0.0809608540925267
"310025",0.0594584535219131
"310071",0.0505359877488515
"310097",0.0565304652881455
"310159",0.0574264356608915
"310178",0.0907585791691752
"310192",0.0761636468209884
"310201",0.0782187482798481
"310207",0.041091492776886
"310218",0.102825093477358
"310250",0.0516440708977094
"310288",0.0648663697104677
"310341",0.048940309204464
"310344",0.0436451808446151
"310352",0.0622033065968244
"310358",0.128780205469541
"310378",0.0652837095790116
"310399",0.0570510245078345
"310461",0.084374613386119
"310467",0.0798624379059992
"310506",0.0609818658985487
"310508",0.0981539846915804
"310533",0.0465753424657534
"310540",0.0716201716738197
"310552",0.11000611995104
"310575",0.0739942044612171
"310612",0.104962327877371
"310615",0.0612813370473538
"310621",0.0664386907669761
"310626",0.0719084801162157
"310630",0.0449277796439368
"310632",0.0637195121951219
"310633",0.0561074734703093
"310638",0.0651085141903172
"310640",0.0483104898900801
"310645",0.0411411157199695
"310653",0.0688518231186967
"310658",0.0605042016806723
"310659",0.0542523409595521
"310661",0.0486827606931784
"310662",0.108212698867708
"310665",0.0438787878787879
"310667",0.081654501216545
"310670",0.0486837360259647
"310672",0.0541601731601732
"310674",0.0663650075414781
"310677",0.0531605395398043
"310704",0.0639150470847525
"310720",0.050656660412758
"310732",0.0610802223987292
"310738",0.0730207532667179
"310743",0.072197962154294
"310745",0.082657561530801
"310746",0.0512733060482037
"310749",0.0829522770908583
"310756",0.068421052631579
"310769",0.0828402366863905
"310773",0.0600150037509377
"310780",0.0580244843199732
"310782",0.0504833512352309
"310784",0.0971003433803892
"310785",0.0455882352941176
"310801",0.0495185694635488
"310806",0.0496156533892383
"310811",0.0760630918858767
"310838",0.0666520499890375
"310843",0.056577369052379
"310856",0.0741379310344828
"310864",0.0595644748078565
"310909",0.11214953271028
"310960",0.0908521303258145
"310999",0.0715025906735751
"311130",0.0727791651801641
"311137",0.0812225599459642
"311151",0.10012749681258
"311165",0.0541391491322377
"311166",0.0739930510873761
"311183",0.0800970873786408
"311184",0.093084234677155
"311187",0.0743843874527434
"311193",0.0630649131671886
"311204",0.061799960699548
"311209",0.0608686115376179
"311210",0.0747120131651124
"311215",0.0480769230769231
"311218",0.0494855463008329
"311224",0.0517161410018553
"311254",0.0659952038369305
"311257",0.072285587320397
"311311",0.152049360951961
"311324",0.0579289368173648
"311325",0.0503597122302158
"311328",0.0450618203485774
"311329",0.0627503337783712
"311341",0.043006993006993
"311346",0.0590171127687582
"311359",0.06288532675709
"311384",0.0744849445324881
"311401",0.0926224551501713
"311405",0.0538115608026186
"311406",0.0504061156235069
"311412",0.0547924297924298
"311422",0.0456629728696981
"311427",0.0562575541149324
"311428",0.0502678203543469
"311430",0.0489795918367347
"311441",0.075980948985643
"311456",0.0494037538613178
"311494",0.0690622495324606
"311508",0.0624568668046929
"311532",0.0501664562047985
"311536",0.0560301143767193
"311545",0.0479452054794521
"311547",0.0651327433628319
"311548",0.0445162448393466
"311559",0.0610104861773117
"311569",0.0614833195478357
"311575",0.229979762497447
"311591",0.0578821206993796
"311607",0.0844880677444188
"311617",0.078184547869269
"311621",0.0494077834179357
"311622",0.0706214689265537
"311633",0.0530051150895141
"311642",0.0524433849821216
"311661",0.089804469273743
"311670",0.0749506903353057
"311671",0.059432933478735
"311676",0.123247137527338
"311726",0.0839634014650744
"311730",0.0898230088495575
"311742",0.0579360289680145
"311748",0.058631242175546
"311785",0.0531496062992126
"311786",0.0822379507920458
"311795",0.0572052401746725
"311796",0.0754716981132075
"311802",0.0398302632847912
"311807",0.0681944776000637
"311826",0.0640828011451222
"311835",0.0688424947145877
"311839",0.0600358422939068
"311840",0.0654051830522419
"311846",0.119000105030984
"311847",0.0655205348615091
"311849",0.0502664554227279
"311854",0.0443378277773182
"311855",0.0635175545464614
"311856",0.0802491755221693
"311857",0.0724884080370943
"311860",0.0489737858158911
"311861",0.0853979968371112
"311864",0.0686868686868687
"311865",0.0696300102774923
"311866",0.107922392886015
"311872",0.0826319816373374
"311876",0.067159383033419
"311902",0.0870006458160347
"311903",0.0671516508114158
"311911",0.0922903744842083
"311944",0.0497218051753069
"311952",0.108312958435208
"311959",0.0528180354267311
"311968",0.0924477962491997
"312030",0.100850443707314
"312052",0.0424913868810376
"312083",0.0672586872586873
"312113",0.0564882032667877
"312135",0.0644912945635438
"312154",0.0912715610644015
"312192",0.0628468576571171
"312225",0.0541638456330399
"312227",0.0454851428021925
"312251",0.0724766562916852
"312258",0.0496440253992688
"312299",0.0495049504950495
"312301",0.0419547079856973
"312303",0.0671604107052685
"312309",0.0623746124384461
"312358",0.0469942748091603
"312372",0.0505800464037123
"312373",0.0511627906976744
"312398",0.0683289709326353
"312437",0.0647332988089073
"312440",0.0690220632081097
"312451",0.0514300050175615
"312480",0.0504466944609887
"312495",0.0565377890033029
"312503",0.0856760374832664
"312511",0.059862012987013
"312516",0.0577969854819484
"312538",0.0888888888888889
"312559",0.0690574435401883
"312560",0.0553233830845771
"312562",0.0692290893208124
"312563",0.0548772050811081
"312566",0.0587383327969102
"312603",0.0737621753246753
"312607",0.117759754773613
"312638",0.0741463414634146
"312640",0.0659219418011309
"312651",0.051947031317537
"312652",0.07857471793691
"312656",0.0621306258524019
"312670",0.074468085106383
"312675",0.053875236294896
"312677",0.0509628933771724
"312678",0.0816807995197839
"312679",0.0564004518988442
"312688",0.0678513731825525
"312689",0.0525728732897085
"312690",0.0506527415143603
"312694",0.052504816955684
"312703",0.060702875399361
"312705",0.0803059273422562
"312709",0.0581029051452573
"312710",0.0682883804004374
"312711",0.0596289450263572
"312728",0.0929791271347249
"312754",0.0547945205479452
"312787",0.0522859307906037
"312790",0.0763600878262991
"312800",0.0588135977561623
"312824",0.0609097918272938
"312826",0.0629749393694422
"312828",0.048828125
"312849",0.0752688172043011
"312855",0.069327731092437
"312903",0.0470289408866995
"312915",0.0512322110378341
"312916",0.0514777299847371
"312936",0.0517621145374449
"312952",0.0466463414634146
"312981",0.04212299915754
"313020",0.0595097808154608
"313021",0.0523317906728373
"313030",0.0517484710679003
"313033",0.0609951845906902
"313035",0.0428571428571429
"313038",0.0639154504277806
"313047",0.0477424130273871
"313050",0.0564015792442188
"313053",0.075064850843061
"313056",0.0553105049332559
"313057",0.116783858147356
"313061",0.0587247244889421
"313108",0.0503460207612457
"313121",0.053388090349076
"313130",0.0451143895659611
"313131",0.0619533527696793
"313139",0.0842464129734869
"313155",0.0568534024147661
"313156",0.0710029805564271
"313169",0.0700365408038977
"313173",0.117574086836664
"313183",0.0488918293086338
"313211",0.0626807280149685
"313219",0.0663519538421191
"313231",0.0430545454545455
"313234",0.0609579100145138
"313241",0.0761492332890674
"313245",0.0598441926345609
"313254",0.0465213746856664
"313264",0.0658747300215983
"313304",0.0720786846741045
"313308",0.104387291981846
"313325",0.0907103825136612
"313339",0.0532919254658385
"313348",0.0916228427523887
"313352",0.0527655635269614
"313370",0.0785947120608475
"313375",0.0842663523865645
"313387",0.0852235041429987
"313388",0.0630745426413034
"313409",0.0651146399287657
"313413",0.0841913357755741
"313418",0.0672454384932313
"313421",0.0448973774230331
"313427",0.075847062480572
"313436",0.0565174947335971
"313449",0.0709964615911426
"313450",0.0882463387157341
"313474",0.141980132016087
"313478",0.0819807883405101
"313488",0.0606950562897699
"313494",0.0853233509745708
"313496",0.0662594854710346
"313507",0.0673240394423665
"313510",0.0540467867706373
"313519",0.0572687224669603
"313520",0.0561224489795918
"313529",0.0452012383900929
"313536",0.0597585140734764
"313548",0.0806138306138306
"313554",0.0478658536585366
"313560",0.0464668682980478
"313583",0.0608724498258418
"313594",0.0804268643006224
"313598",0.052144930652618
"313604",0.0735561205957138
"313610",0.0664401661004153
"313618",0.0693069306930693
"313620",0.0592525626712676
"313644",0.0629876308277831
"313647",0.043331076506432
"313648",0.0541012216404887
"313658",0.0797861259634748
"313662",0.0514705882352941
"313663",0.081273658427967
"313666",0.0487031465972843
"313672",0.0570550044234255
"313678",0.0685214084462119
"313681",0.0577758470894874
"313689",0.0834365964477489
"313699",0.0494684770024208
"313702",0.0921861281826163
"313706",0.085707502374169
"313717",0.0464846019755956
"313729",0.0938943047716778
"313742",0.0640615920976177
"313743",0.0425636007827789
"313770",0.0582889376371044
"313771",0.0439739413680782
"313772",0.0597609561752988
"313777",0.0801789401238816
"313786",0.0662775616083009
"313811",0.0524586049007307
"313819",0.0567636890821903
"313834",0.075101794601116
"313837",0.0531780197518359
"313838",0.0928162746344564
"313843",0.0754526846373518
"313845",0.0562730627306273
"313851",0.0570743405275779
"313860",0.0729709605361132
"313861",0.069968705423304
"313865",0.0582810770933235
"313867",0.0862760834670947
"313873",0.0491001697792869
"313874",0.0704174228675136
"313913",0.0524322169059011
"313914",0.0798802201359663
"313917",0.114322580645161
"313929",0.0551687198714515
"313969",0.121124431583299
"313974",0.0545004128819158
"313978",0.0687268630291325
"314046",0.0727504786215699
"314075",0.090765247410817
"314126",0.050646787985091
"314171",0.0685970355049983
"314205",0.155172413793103
"314212",0.0649793905328466
"314214",0.0647193585337915
"314243",0.0763267740011926
"314265",0.0476660092044707
"314273",0.0423008057296329
"314288",0.0564784053156146
"314323",0.0556003223207091
"314329",0.0459126539753639
"314330",0.054520037278658
"314352",0.0729130100241661
"314374",0.042997542997543
"314380",0.0568428071345224
"314397",0.0662853297442799
"314399",0.073322619525914
"314405",0.0574606116774792
"314417",0.101468015516848
"314432",0.0687960687960688
"314436",0.065385807251317
"314438",0.0633797515995484
"314441",0.0540900022168034
"314442",0.0490816972767574
"314453",0.0772572137759851
"314457",0.0852272727272727
"314459",0.0543590899823264
"314462",0.0429353778751369
"314465",0.0601752677702045
"314467",0.050782965022684
"314472",0.0435252771019194
"314523",0.0785636011127034
"314543",0.0706293706293706
"314553",0.0525438933743432
"314612",0.0578930377703648
"314613",0.0741216107813252
"314614",0.054392402331103
"314617",0.0567885117493473
"314621",0.0505876821814763
"314622",0.0502221849584975
"314630",0.049276361884025
"314633",0.0763402940785686
"314634",0.057399937946013
"314641",0.0528590425531915
"314644",0.0573873647118047
"314647",0.0552120141342756
"314648",0.0625787484250315
"314683",0.115107913669065
"314717",0.0498171846435101
"314718",0.0599472636280471
"314743",0.0542635658914729
"314785",0.0501002004008016
"314830",0.0757862826828344
"314843",0.0540698809291431
"314848",0.0438099779459975
"314856",0.0793323514972999
"314859",0.0702967444540478
"314862",0.0861948159545508
"314904",0.0593983029056313
"314910",0.0615640599001664
"314941",0.0716368708000507
"314949",0.0638828295419134
"314961",0.0904977375565611
"314964",0.0831799412964529
"314981",0.0469516468114926
"314993",0.0368869071747061
"315000",0.147953435974465
"315036",0.0892310239218608
"315045",0.0691854285438207
"315047",0.0519486692015209
"315058",0.0574300071787509
"315059",0.0728185812931576
"315073",0.0541044776119403
"315085",0.0592338122007079
"315088",0.0544558268504968
"315093",0.0513871374527112
"315094",0.0644272943229363
"315108",0.0533310171110918
"315114",0.0641362365500297
"315119",0.0496103117505995
"315121",0.0593262446586505
"315126",0.047244094488189
"315131",0.070038087177317
"315134",0.0490816972767574
"315136",0.0714153218326841
"315139",0.0429184549356223
"315141",0.0638586956521739
"315145",0.057361820715281
"315150",0.0568398150666304
"315158",0.0793887325675521
"315159",0.0558176800498531
"315164",0.0609254178099277
"315165",0.0429320648859617
"315167",0.0721052045023961
"315170",0.0613747954173486
"315173",0.0609874152952565
"315191",0.075
"315211",0.111111111111111
"315212",0.0622095101894887
"315215",0.082046332046332
"315217",0.0747996438112199
"315218",0.0771954674220963
"315220",0.063932664756447
"315265",0.0520131561697428
"315272",0.0673813169984686
"315283",0.0467652371713387
"315286",0.0697578990562167
"315287",0.0480099946457255
"315305",0.0968646444047923
"315306",0.0708173136549671
"315323",0.0456229284460909
"315326",0.0666339548577036
"315327",0.0474001723642631
"315329",0.0604558235903507
"315330",0.0571428571428571
"315345",0.059135039717564
"315405",0.0741869918699187
"315422",0.0752189592993302
"315447",0.071539785298697
"315461",0.0568181818181818
"315463",0.0475297060662914
"315478",0.0671477878882962
"315496",0.0581449833855098
"315523",0.0718006795016988
"315524",0.0647685647685648
"315548",0.0486605629026789
"315550",0.0680335507921715
"315594",0.0502843049941769
"315597",0.135821412661486
"315598",0.0672733181670458
"315600",0.0584179970972424
"315608",0.0646190302588407
"315609",0.044
"315611",0.0699208443271768
"315617",0.0645910780669145
"315634",0.0526315789473684
"315639",0.0565403096636412
"315645",0.0488307407025858
"315648",0.0564712239935153
"315655",0.0544865565273728
"315664",0.0645695364238411
"315665",0.0431377903801234
"315670",0.0680147058823529
"315689",0.0449358059914408
"315691",0.045270452704527
"315696",0.0480684811237928
"315697",0.0437576499388005
"315702",0.0737510519470584
"315705",0.0742147048671039
"315707",0.047401484865791
"315714",0.0726936701062683
"315716",0.0532978014656895
"315722",0.0960795140806184
"315732",0.0646836638338055
"315746",0.10685237901586
"315748",0.0419529308580617
"315760",0.0431550691720008
"315763",0.0815914660516073
"315795",0.0944845598402212
"315798",0.0958141321044547
"315820",0.0439904749968668
"315833",0.0431208537640611
"315871",0.0905707196029777
"315879",0.066465825644888
"315883",0.0382995789051534
"315891",0.0871428903471733
"315923",0.0916604057099925
"315939",0.073093336251231
"315958",0.0519756838905775
"315989",0.0619399310684392
"315994",0.0532034680779192
"315999",0.0496548652861278
"316001",0.059757053291536
"316003",0.0484501492904854
"316005",0.0477417992154834
"316008",0.0570557859984763
"316009",0.0732562215212057
"316021",0.104850949418334
"316033",0.0702713066820056
"316034",0.0465666929755328
"316051",0.0463320463320463
"316062",0.0847422680412371
"316064",0.0534390982152176
"316085",0.0921263447013047
"316091",0.0425263323997002
"316096",0.052924791086351
"316098",0.0416666666666667
"316101",0.0471030517470146
"316102",0.10658140154543
"316131",0.0736434108527132
"316136",0.0515021459227468
"316153",0.0374217416050085
"316205",0.0502885408079143
"316209",0.0618401206636501
"316213",0.0635598878354921
"316214",0.068362480127186
"316218",0.0560382276281494
"316226",0.0564738292011019
"316233",0.0563027838598686
"316237",0.0515337423312883
"316256",0.0746351376316276
"316273",0.0537496435700029
"316275",0.104367816091954
"316317",0.041445487954267
"316325",0.0757233273056058
"316326",0.0505702603830428
"316328",0.0584415584415584
"316330",0.0494606682451986
"316333",0.0618472661687594
"316348",0.0531667635095874
"316356",0.0680851063829787
"316369",0.0491129529419823
"316370",0.0673591114767585
"316376",0.0504123466206518
"316406",0.0457758330528442
"316412",0.054519368723099
"316415",0.112157268494568
"316426",0.0678419849820437
"316477",0.0628227194492255
"316507",0.048951048951049
"316516",0.0737499270669234
"316526",0.0644096797848937
"316530",0.044350580781415
"316531",0.0624344176285415
"316533",0.0468431771894094
"316539",0.0776558945513506
"316575",0.0675577658374709
"316580",0.0527638190954774
"316599",0.0520265003897116
"316626",0.0628396739130435
"316639",0.053840877914952
"316640",0.0478997714046494
"316740",0.0452053911136906
"316742",0.0729855975087583
"316758",0.0572781426607607
"316794",0.0586952729809873
"316842",0.0598773006134969
"316916",0.0561883067577828
"316976",0.0759368836291913
"317161",0.0459199189052205
"317181",0.0449208779989791
"317191",0.0416834474426097
"317232",0.0416666666666667
"317241",0.0915492957746479
"317256",0.0576923076923077
"317258",0.0468301591442734
"317259",0.0419973141252594
"317260",0.103789019043256
"317268",0.0767771687401652
"317296",0.103791650708541
"317312",0.0910138248847926
"317316",0.0489441484112887
"317335",0.0468924036533749
"317368",0.0595852399961055
"317374",0.0610157106320789
"317376",0.067539808136409
"317381",0.072384066587396
"317385",0.0590110402736744
"317396",0.0772480386240193
"317399",0.0783390637397514
"317409",0.0754408501693332
"317413",0.0584897424705369
"317418",0.0831511935045455
"317431",0.0591409453917548
"317435",0.0514395393474088
"317444",0.0661600357621815
"317464",0.0647290476454601
"317627",0.0830639948287007
"317630",0.0824124367859149
"319110",0.0656851642129105
"319113",0.0440636474908201
"337868",0.042962962962963
"337920",0.0598726114649682
"338401",0.0623948873192062
"353231",0.0526131998603189
"353233",0.0519073332172095
"353251",0.0428797375666335
"353252",0.0771238040011598
"353256",0.0858585858585859
"353304",0.0792980175495613
"353305",0.0610060688596259
"353307",0.121172715450999
"353498",0.0427949709864604
"359725",0.0606585788561525
"359727",0.0648009015777611
"360161",0.0761904761904762
"360230",0.0475608514105306
"360243",0.0375469336670839
"360254",0.0558882235528942
"360268",0.041792686279901
"360302",0.0675302612019537
"360389",0.0533807829181495
"360406",0.0832369942196532
"360417",0.0676317038443284
"360420",0.0416500119913662
"360426",0.0627676355976503
"360445",0.0465577673434297
"360457",0.0485175202156334
"360461",0.0432456531431119
"360462",0.0613207547169811
"360466",0.0664699487498059
"360468",0.0412029798583648
"360475",0.0447761194029851
"360480",0.0602753423427505
"360481",0.0614614614614615
"360491",0.0487883683360259
"360492",0.0898854591341487
"360494",0.104117150962202
"360496",0.0530958439355386
"360497",0.0414540816326531
"360498",0.0815292491939199
"360502",0.0559394226218646
"360511",0.055385288966725
"360514",0.0566706021251476
"360519",0.0545742753623188
"360520",0.072480749916304
"360521",0.0515993462526267
"360526",0.0637117899677667
"360533",0.0822835176456581
"360534",0.054282688223396
"360540",0.0467846820809249
"360543",0.0376012574053923
"360547",0.0543700129894229
"360548",0.0568352059925094
"360549",0.049763353617309
"360550",0.0441988950276243
"360552",0.0494950754270041
"360554",0.0583692936634113
"360559",0.0603783363565691
"360563",0.0597517859317051
"360564",0.0872637886003994
"360571",0.0752213542592184
"360576",0.0521191294387171
"360577",0.0481758652946679
"360580",0.0633644258604053
"360581",0.0687732342007435
"360583",0.0793095667870036
"360584",0.0654857756307032
"360594",0.0758837682768832
"360600",0.0645081409026187
"360602",0.0519804106882035
"360605",0.0626641651031895
"360606",0.0577548806941432
"360610",0.0743015188134064
"360611",0.0747480403135498
"360613",0.145907473309609
"360616",0.0699975265891665
"360617",0.0472169849987704
"360622",0.0714120637855327
"360626",0.0561440677966102
"360627",0.0680970149253731
"360629",0.0913936892786519
"360631",0.049645390070922
"360632",0.133574007220217
"360634",0.0612244897959184
"360636",0.0549056395541331
"360637",0.0582930524493182
"360639",0.069817158931083
"360646",0.0742366793055278
"360647",0.0666666666666667
"360650",0.0633689668904865
"360659",0.0538851351351351
"360662",0.0563273935366959
"360665",0.0671447196870926
"360668",0.0574286772878844
"360673",0.0544588155207624
"360677",0.0633008960400809
"360678",0.0901569186875892
"360681",0.0627592666934297
"360697",0.0702476128901519
"360698",0.0583333333333333
"360702",0.0584248139825337
"360703",0.0725779967159278
"360704",0.0573398498865422
"360709",0.0460278822748396
"360715",0.0676760601325502
"360718",0.0714138711669068
"360722",0.0447542186353632
"360725",0.0517010447361372
"360726",0.0530524041058887
"360734",0.0521769786708972
"360737",0.0603722958242495
"360738",0.0665531431814957
"360743",0.0625
"360745",0.0505483207676491
"360746",0.0839296757664105
"360748",0.0746974868135278
"360762",0.062426581641215
"360763",0.106090373280943
"360764",0.0771137787056368
"360772",0.055984555984556
"360775",0.0783269099977329
"360776",0.0733167082294264
"360779",0.0470931020463477
"360785",0.0814630091438071
"360796",0.0470236984512036
"360801",0.0497737556561086
"360804",0.0543864207153373
"360807",0.072608125819135
"360815",0.0638935108153078
"360818",0.0752361866590324
"360820",0.0649629806544065
"360823",0.0617977528089888
"360827",0.0607210626185958
"360831",0.0404327623274846
"360834",0.108549598208405
"360843",0.0535450516986706
"360845",0.0596292197011621
"360847",0.0498466257668712
"360848",0.125315141628355
"360854",0.0679707405276568
"360860",0.0736132711249352
"360863",0.0476190476190476
"360868",0.0688236394239761
"360869",0.0717140841758759
"360871",0.057210763093116
"360872",0.0510864156576547
"360887",0.057568098848638
"360891",0.0936934834607082
"360895",0.0555276802140826
"360903",0.0445448676565526
"360914",0.0416606706000863
"360915",0.0464625131995776
"360916",0.0773097175682145
"360918",0.0896238997065884
"360926",0.0569331158238173
"360928",0.0465337132003799
"360950",0.0488409389123779
"360952",0.0548582054858205
"360953",0.0430820215410108
"360956",0.0731707317073171
"360959",0.0835632270891667
"360961",0.077275127618377
"360962",0.0521761929732564
"360967",0.0593305021234074
"360968",0.0672163470155942
"360969",0.0564094179202093
"360971",0.0582205347874957
"360972",0.0408805031446541
"360977",0.0494620202344628
"360980",0.0531467162572184
"360983",0.113499037072701
"360990",0.0634943592710443
"360992",0.0753491393309516
"360993",0.0983210091253358
"360994",0.0686475409836066
"361004",0.0565131199599692
"361005",0.083232077764277
"361013",0.0441713078548108
"361018",0.0563420700210446
"361034",0.0605772280367904
"361035",0.0487666892962209
"361037",0.104233839827413
"361038",0.0728476821192053
"361042",0.0524501428733617
"361043",0.0505086560771015
"361044",0.0463189001670307
"361052",0.0717948717948718
"361056",0.0724674880219028
"361057",0.0645689937725336
"361063",0.0463688457490352
"361065",0.0655367231638418
"361068",0.0471714236882584
"361069",0.0716677829872739
"361070",0.0591085271317829
"361071",0.0526202052944354
"361084",0.0628704487722269
"361089",0.096785348584449
"361094",0.063423645320197
"361100",0.0528092597058114
"361103",0.0689151790575989
"361104",0.0432008749544295
"361107",0.0594282848545637
"361110",0.0471003826906094
"361112",0.048
"361118",0.0573621227887617
"361120",0.0437630134393337
"361128",0.0604912888215561
"361129",0.0526050843191543
"361137",0.0683670229653932
"361149",0.0478693342375947
"361151",0.0688595142944974
"361160",0.0896265037475594
"361170",0.0464341257498334
"361171",0.0644038294168842
"361178",0.0830324909747292
"361182",0.0408875369061465
"361183",0.0626535626535626
"361184",0.0711152882205514
"361185",0.0606741573033708
"361190",0.0704148471615721
"361191",0.0559872029250457
"361202",0.0747605159576373
"361207",0.0613382899628253
"361208",0.054481546572935
"361213",0.044828725630576
"361215",0.0505992010652463
"361217",0.152855993563958
"361221",0.0493772241992883
"361224",0.0456681527894927
"361226",0.0685953420669578
"361227",0.0568356374807988
"361233",0.058287795992714
"361238",0.0546056685150955
"361239",0.110403397027601
"361241",0.0446428571428571
"361242",0.0513311292848443
"361255",0.0711700844390832
"361256",0.0661622665808113
"361258",0.0620879120879121
"361261",0.0758007117437722
"361272",0.100233939175814
"361273",0.0794269196933518
"361274",0.0560131795716639
"361282",0.063767586332907
"361285",0.0607272727272727
"361286",0.0828408195429472
"361288",0.0426493950873763
"361289",0.103275440027975
"361295",0.0592625109745391
"361300",0.0565405159677236
"361301",0.0562189054726368
"361303",0.0542786421499293
"361308",0.0531242686637023
"361309",0.060159440414463
"361310",0.0730643402399128
"361315",0.0457787881163283
"361319",0.0718528672606808
"361321",0.0701668302257115
"361323",0.0980066445182724
"361324",0.0532702541525805
"361338",0.0955668604651163
"361346",0.0743659550078808
"361352",0.0781272648209886
"361363",0.0566626650660264
"361365",0.0512409927942354
"361368",0.0450502483539332
"361370",0.0647243048305969
"361374",0.0566445973430265
"361378",0.099290780141844
"361381",0.0976095617529881
"361383",0.0572792362768496
"361384",0.0593599141784373
"361385",0.0782776504643589
"361387",0.0633235724743778
"361388",0.0572038790117756
"361390",0.0577997967479675
"361391",0.0506217811832684
"361396",0.048269040553907
"361399",0.104055980303227
"361400",0.0605076545828087
"361401",0.0613768666160466
"361403",0.0542032622333752
"361407",0.0631669535283993
"361413",0.0543822597676874
"361419",0.0539223153084539
"361420",0.0488452349349615
"361422",0.0720645052914497
"361425",0.0661039115444061
"361430",0.0511073253833049
"361434",0.0778880935888555
"361436",0.0417222963951936
"361441",0.0665256229431124
"361442",0.0662530931769395
"361443",0.0649211862142666
"361449",0.0770255863539446
"361452",0.0835620616041476
"361454",0.0661531054405392
"361465",0.0635979333020197
"361467",0.0590936925903246
"361472",0.0826446280991736
"361473",0.05297909133784
"361493",0.0704545454545455
"361501",0.0480824523377715
"361502",0.054029304029304
"361505",0.0443583118001723
"361506",0.0984692546189317
"361508",0.0894906299017584
"361509",0.0577140701622029
"361510",0.0510987556261583
"361514",0.0791078585119359
"361516",0.0413913043478261
"361517",0.0773599057109182
"361519",0.0680782377516141
"361520",0.0631744450071059
"361522",0.0861206215433237
"361526",0.0713389496325506
"361527",0.0654091877091573
"361528",0.0900304592314902
"361531",0.0719208870242733
"361532",0.053612458514169
"361537",0.142128383165651
"361538",0.0499569336778639
"361542",0.0597769257581039
"361545",0.0551538806065647
"361548",0.0726351351351351
"361554",0.0629251700680272
"361565",0.0639978755891921
"361567",0.0603151157065485
"361568",0.0794444444444444
"361571",0.0713703099510603
"361577",0.041519226232602
"361578",0.0545573105347051
"361580",0.0579981290926099
"361585",0.0690894880812817
"361586",0.0659911665367628
"361588",0.0699698694342149
"361596",0.064480111653873
"361598",0.0651767254110466
"361601",0.0800647582603576
"361602",0.0973837209302326
"361604",0.0543238229838353
"361613",0.0471473851030111
"361615",0.0759592795614722
"361618",0.0834911846131429
"361623",0.0593824228028504
"361624",0.0619960392989565
"361628",0.0499283222613146
"361634",0.0590248075278015
"361635",0.0834996162701458
"361637",0.0701030927835052
"361640",0.096536312849162
"361643",0.0507289794287997
"361645",0.0661359916679066
"361646",0.0739080762808683
"361648",0.0502575700464883
"361649",0.0854979392312854
"361650",0.0582196317393032
"361653",0.0586969883220651
"361654",0.073024948024948
"361655",0.0553348729792148
"361659",0.0552350558487787
"361661",0.0569207909475369
"361662",0.0649651972157773
"361663",0.0611551528878822
"361666",0.0400811770674784
"361668",0.0472193074501574
"361671",0.0679763018397256
"361673",0.095988213961922
"361674",0.0695861940990907
"361675",0.0438931297709924
"361676",0.0646121351766513
"361677",0.0592073850071622
"361680",0.0782778864970646
"361682",0.0610959987816861
"361684",0.0436552355754554
"361688",0.0535058062619433
"361694",0.0604674796747967
"361695",0.0584098027364141
"361698",0.0428638442594113
"361700",0.0914522697296917
"361704",0.0978260869565218
"361705",0.0502330398757121
"361710",0.0647424333533774
"361711",0.0555555555555556
"361712",0.060865314104131
"361714",0.0572773954768322
"361715",0.0605260165307057
"361717",0.0754483611626469
"361722",0.0562052505966587
"361724",0.0390257798034468
"361725",0.0537680846469445
"361726",0.0781378516203323
"361727",0.0429375879868606
"361728",0.0603784920396516
"361729",0.0764097430764097
"361730",0.0492125984251969
"361732",0.0541900522546932
"361733",0.0584763212079616
"361736",0.0675659104843654
"361740",0.0645001240387001
"361745",0.0449063105750592
"361749",0.0728183539521762
"361755",0.0487640449438202
"361765",0.0741005139920046
"361767",0.0659340659340659
"361778",0.0790260572404955
"361783",0.0540984422435674
"361784",0.0485569422776911
"361788",0.0636094674556213
"361790",0.0625832223701731
"361791",0.0477157360406091
"361796",0.0493273542600897
"361798",0.0597750731782468
"361800",0.0854161298634373
"361801",0.0683431952662722
"361802",0.0680325304973413
"361805",0.106904231625835
"361807",0.0669842644723545
"361809",0.0574923547400612
"361810",0.0606505617152508
"361813",0.0776436678076022
"361814",0.0527832458150991
"361815",0.0727231016288139
"361816",0.0565688396796669
"361818",0.0512371359754762
"361821",0.0974576271186441
"361822",0.049784306867203
"361824",0.0642596174511068
"361825",0.0620803069754694
"361828",0.0773946360153257
"361831",0.0813471520775004
"361833",0.0532721886408522
"361834",0.0932901706886404
"361838",0.0702251493337418
"361842",0.0596667809487632
"361843",0.0482673267326733
"361845",0.245352702203619
"361848",0.0660239555945077
"361849",0.0559510315121288
"361857",0.050904317386231
"361859",0.0732998885172798
"361879",0.0538573508005822
"361881",0.063196180950216
"361882",0.0631951466127401
"361884",0.055956678700361
"361887",0.0416666666666667
"361888",0.060448826047477
"361920",0.0601292935586884
"361925",0.0495960502692998
"361935",0.0687728761317665
"361940",0.0472470238095238
"361944",0.0607375271149675
"361945",0.0436270316509837
"361954",0.047644070765458
"361956",0.069375
"361969",0.0521875149946459
"361970",0.0777404920976849
"361975",0.0554112554112554
"361984",0.0496130696474635
"361986",0.104505341384115
"361990",0.0486287809746407
"361991",0.0679601577090683
"361992",0.0882424242424242
"361993",0.0581904414447282
"361995",0.05350695521173
"361999",0.0508474576271186
"362002",0.10111761575306
"362003",0.0428067078552515
"362007",0.0475
"362011",0.0877142583548789
"362013",0.05
"362015",0.0539099761980005
"362017",0.0574047954866009
"362018",0.0605341767703391
"362020",0.0484734025810513
"362021",0.0501022494887526
"362029",0.0486118731482498
"362031",0.0510430537061696
"362037",0.0889624294335215
"362039",0.0687934414542862
"362040",0.0441386704789135
"362045",0.0528598218471636
"362048",0.0541179544118607
"362051",0.0628019323671498
"362053",0.0433770014556041
"362061",0.0575131946600435
"362065",0.0635131712259372
"362078",0.0810992708917555
"362081",0.0485271903323263
"362084",0.0749291211016606
"362087",0.0473849783720016
"362088",0.0621143992470982
"362090",0.0699980556095664
"362092",0.0603188597457938
"362093",0.0643564356435643
"362094",0.0592955862683905
"362095",0.0532445923460899
"362100",0.0547149625554027
"362102",0.0600953353762342
"362103",0.0900169204737733
"362107",0.0465116279069767
"362110",0.0548486178148311
"362111",0.0598855389698507
"362112",0.0498978201634877
"362115",0.0708309009534929
"362129",0.0718473244355744
"362134",0.0821364452423698
"362138",0.0479438110749186
"362149",0.0554634513941221
"362152",0.0809863247179865
"362154",0.0483153210425938
"362162",0.0752186588921283
"362165",0.0504364694471387
"362169",0.0476730987514188
"362170",0.0517768437141765
"362171",0.0537507383343178
"362173",0.0670184696569921
"362184",0.0844660194174757
"362191",0.048107583529738
"362196",0.0533273381294964
"362199",0.0973771917113462
"362201",0.0597143348821201
"362204",0.0731258623332822
"362214",0.0604320139842677
"362216",0.0519877675840979
"362219",0.0784802242292121
"362223",0.0513198885063125
"362224",0.0562314791687866
"362226",0.0594995085809329
"362227",0.0499578414839798
"362228",0.0473509933774834
"362229",0.0600051374261495
"362235",0.0692599620493359
"362242",0.0737780510298186
"362245",0.0980392156862745
"362246",0.0556336049452093
"362247",0.0572100313479624
"362248",0.0492170022371365
"362251",0.0782893171018403
"362252",0.0614161849710983
"362256",0.0650449779102571
"362257",0.0688157567087053
"362258",0.0585585585585586
"362261",0.0449984020453819
"362264",0.0499584619461294
"362265",0.0568
"362267",0.0441489361702128
"362269",0.0553059368425843
"362271",0.0493948315341838
"362273",0.0575431034482759
"362275",0.0491493383742911
"362277",0.0720506730007918
"362278",0.0595465719748703
"362282",0.0488966900702106
"362288",0.0942104479833308
"362300",0.0666021448976294
"362301",0.069060141779099
"362303",0.142327462711722
"362304",0.0851836203410268
"362316",0.0676930043015622
"362317",0.0927885200048644
"362320",0.0661290322580645
"362323",0.0597806862398302
"362324",0.0795533845080251
"362325",0.0672810235304643
"362326",0.0802498798654493
"362332",0.0512195121951219
"362334",0.0609826037086599
"362335",0.0620056136769584
"362342",0.127108670066693
"362344",0.0702746365105008
"362356",0.0414239482200647
"362361",0.0568432671081678
"362364",0.0575724524774073
"362366",0.0606352261790183
"362374",0.0606917554927126
"362377",0.0481786133960047
"362383",0.067001675041876
"362384",0.0494763452509931
"362385",0.0507963839862247
"362388",0.0589094449853944
"362391",0.0617283950617284
"362392",0.0561784421901881
"362401",0.0591434919175668
"362404",0.0487063726341379
"362409",0.0895522388059701
"362414",0.0609332527937179
"362415",0.0496890117484451
"362417",0.0493717601198106
"362423",0.0658060453400504
"362424",0.0469483568075117
"362425",0.0598551277163553
"362426",0.0632649817199173
"362429",0.0431341057703338
"362431",0.0595178121626484
"362434",0.071686266618169
"362436",0.0720057814861047
"362437",0.0531125963685861
"362440",0.0421816227834498
"362451",0.051978735971648
"362453",0.0902575497555813
"362455",0.0583148558758315
"362456",0.0553676339683105
"362461",0.0506500541711809
"362463",0.0546957439324657
"362474",0.049789029535865
"362479",0.0430093119849936
"362484",0.0698697203551572
"362485",0.0610071504640195
"362495",0.0783162016642193
"362502",0.0590339892665474
"362504",0.0410850671582829
"362505",0.0699120412496209
"362510",0.0612087275535818
"362514",0.0668058455114823
"362517",0.0525067861007435
"362518",0.0445978411667174
"362520",0.117866467735919
"362521",0.0453762205628949
"362533",0.0809912036043767
"362535",0.0885022692889561
"362545",0.139438832443844
"362548",0.0588018316606081
"362566",0.0753300543618949
"362567",0.0592570754716981
"362575",0.0484450501796556
"362576",0.0565796678225954
"362578",0.0716965150048403
"362584",0.0615144011468787
"362586",0.0779551630434783
"362587",0.0465397401027501
"362588",0.0523715415019763
"362590",0.0620357778010252
"362591",0.0609318996415771
"362592",0.0520291363163371
"362593",0.0742220353238015
"362594",0.046731177720085
"362597",0.0589342313787639
"362599",0.0506656804733728
"362600",0.0534168904804536
"362608",0.0980957876514714
"362609",0.0732758620689655
"362613",0.0458338852828189
"362614",0.0843458604125459
"362618",0.0662373505059798
"362622",0.0905923344947735
"362626",0.0749514563106796
"362630",0.0681818181818182
"362631",0.0596137699412259
"362634",0.168519074797236
"362636",0.0654708229030652
"362638",0.0790884718498659
"362641",0.0542433234421365
"362643",0.0665390138822403
"362645",0.0795012582932967
"362650",0.044716262281933
"362653",0.0663390663390663
"362662",0.0372710044219836
"362665",0.0590037690826758
"362667",0.0531848242255482
"362668",0.0533927397560441
"362671",0.0727463495671942
"362672",0.0880131362889984
"362678",0.0654450261780105
"362686",0.0837300476057127
"362691",0.0555669890924058
"362696",0.0667726550079491
"362697",0.0465540092776673
"362699",0.0774714828897338
"362700",0.108923186091893
"362701",0.0441555761890024
"362703",0.0544982425029292
"362704",0.059516596881886
"362706",0.0548467996946898
"362708",0.0564770102876338
"362711",0.0430844553243574
"362720",0.0599391546378406
"362724",0.0516211604095563
"362738",0.044506767467382
"362749",0.061524512268149
"362751",0.0499423741836343
"362757",0.0564247428654208
"362759",0.061084142394822
"362760",0.0643916311192362
"362762",0.0466101694915254
"362768",0.0568060021436227
"362769",0.0439419010847582
"362774",0.0585617240571562
"362776",0.0552486187845304
"362778",0.0557233247052056
"362783",0.129763130792997
"362788",0.0597496013300309
"362792",0.0803267528931246
"362793",0.0566037735849057
"362799",0.0589012440823516
"362802",0.0748987854251012
"362810",0.0646270818247647
"362813",0.0581395348837209
"362819",0.0586649028187646
"362824",0.0648921701962308
"362825",0.072855464159812
"362827",0.0727795613843848
"362828",0.073490813648294
"362829",0.0468334964350622
"362833",0.0517094537048303
"362834",0.0523500191058464
"362835",0.0949691991786448
"362836",0.0774797786292039
"362837",0.0649182451028007
"362841",0.0564813190668304
"362843",0.0564791133844842
"362844",0.0466819381284518
"362849",0.0461132015050837
"362850",0.0625653277586979
"362851",0.0695838131271591
"362855",0.0491364631476526
"362858",0.0696141337786763
"362859",0.079810379827492
"362860",0.0411210276086412
"362861",0.0623904495712729
"362862",0.0420979183626003
"362867",0.0488357716876159
"362871",0.0672443917601153
"362881",0.0432692307692308
"362883",0.0757894736842105
"362884",0.0512195121951219
"362886",0.0530799475753604
"362890",0.0645197868239029
"362891",0.0488929889298893
"362892",0.0512708150744961
"362894",0.0945594945594945
"362896",0.0853472284610547
"362897",0.0491986582184122
"362899",0.068765414188307
"362900",0.0473107967713578
"362905",0.0551154559244901
"362911",0.105054811205847
"362912",0.0673712849970999
"362918",0.0450700669107436
"362923",0.0668157641326889
"362930",0.0562154696132597
"362931",0.0915307732772225
"362934",0.0644193686616198
"362938",0.0662790697674419
"362941",0.0823273990447243
"362942",0.0515873015873016
"362943",0.0840241145440844
"362944",0.0658735404274069
"362946",0.0502874874509446
"362950",0.069922480620155
"362952",0.0550534100246508
"362955",0.0654017857142857
"362956",0.0484293193717278
"362957",0.0544080604534005
"362962",0.0543103448275862
"362963",0.0642153481956457
"362965",0.0609077598828697
"362967",0.0620229007633588
"362971",0.048155933498949
"362972",0.0481719367588933
"362973",0.0802861685214626
"362975",0.100956109312655
"362976",0.0663562281722934
"362978",0.0601062998280444
"362980",0.0580645161290323
"362981",0.0909090909090909
"362983",0.0553550998855936
"362988",0.0508613617719442
"362994",0.0739886816181094
"362998",0.061969111969112
"363000",0.0932203389830508
"363001",0.0531177829099307
"363002",0.0825662739322533
"363004",0.0772891680944222
"363006",0.0554016620498615
"363009",0.0599686028257457
"363013",0.0808823529411765
"363016",0.0724978614200171
"363018",0.0518723011651807
"363020",0.0675848814862268
"363023",0.0625
"363024",0.0471915875865607
"363026",0.0501342882721576
"363029",0.051037851037851
"363040",0.0775193798449612
"363041",0.0446301713330547
"363045",0.056228793019874
"363058",0.0572896088502568
"363059",0.0530355414188909
"363060",0.0468895078922934
"363061",0.0642367788933738
"363062",0.0737566637424927
"363064",0.055167884410147
"363068",0.0487353485502776
"363069",0.0470577964030033
"363071",0.0611868667187777
"363074",0.0709406200735681
"363077",0.0597669090546867
"363081",0.0599531615925059
"363082",0.0646777003484321
"363083",0.0455906821963394
"363084",0.065653723504033
"363088",0.0445130013221684
"363091",0.0560162152201953
"363103",0.082662144976685
"363118",0.0440064794816415
"363123",0.0453197797543414
"363127",0.0730434782608696
"363129",0.0459109074958573
"363131",0.0764728833398361
"363133",0.0599316649736818
"363134",0.0661313179026925
"363135",0.0668348045397226
"363136",0.0551654964894684
"363137",0.0423878488166725
"363138",0.0589101620029455
"363140",0.0671447196870926
"363142",0.0622934567085261
"363143",0.0571428571428571
"363145",0.0630318139938215
"363150",0.0676645115578779
"363151",0.0478723404255319
"363153",0.0737516149062904
"363164",0.0631265239772419
"363165",0.0490196078431373
"363171",0.0561666477921881
"363185",0.0768870135958744
"363192",0.057602862254025
"363194",0.0495609397269091
"363195",0.0515590689503733
"363210",0.0470191253167212
"363212",0.0779537149817296
"363216",0.0477211296486159
"363225",0.0641839711686975
"363229",0.0663565467232179
"363232",0.115951972555746
"363237",0.0497179125528914
"363239",0.125808079473194
"363241",0.04779299847793
"363247",0.0522022022022022
"363248",0.0582079790712884
"363249",0.0652610441767068
"363251",0.0634668782229274
"363252",0.0773849232821881
"363253",0.066
"363256",0.0630511968846638
"363259",0.0451082897684839
"363272",0.0433507853403141
"363275",0.0565891933662248
"363278",0.07152395259556
"363283",0.0589269195189639
"363284",0.0515700483091787
"363285",0.0564095332111127
"363287",0.116336633663366
"363291",0.0743718592964824
"363332",0.0574005740057401
"363334",0.063964677912374
"363412",0.0520972773245756
"363425",0.0939522428029458
"363441",0.0690106601832804
"363442",0.0898461538461538
"363445",0.0691152536301783
"363447",0.0828491749941901
"363448",0.0529439325316258
"363452",0.0416925948973242
"363460",0.0550239234449761
"363462",0.069910897875257
"363469",0.0602171767028628
"363474",0.0544369118688657
"363478",0.0596333884037448
"363485",0.0870439528871014
"363494",0.0566037735849057
"363516",0.0533562822719449
"363519",0.05
"363521",0.0520530523255814
"363544",0.0657071339173967
"363545",0.0493827160493827
"363599",0.0633590345289976
"363603",0.0491803278688525
"363611",0.0581587651598677
"363614",0.0572426358943213
"363630",0.0582042412392841
"363640",0.0529100529100529
"363644",0.0662921348314607
"363654",0.0411343535027376
"363662",0.0843974195014595
"363675",0.0535017457383446
"363707",0.080626671761559
"363836",0.0595077329627891
"363854",0.0771348531684699
"363858",0.0568017641244012
"363869",0.0586029067041725
"363872",0.0572707989629979
"363875",0.0709555345316935
"363886",0.072992700729927
"363925",0.0500287582116518
"363985",0.0502610555450714
"363989",0.0407436708860759
"364032",0.0523058494709523
"364050",0.0576050503057802
"364052",0.0526248447199432
"364064",0.0496414782129068
"364081",0.066997063369972
"364137",0.0465880063252646
"364154",0.055287607249835
"364183",0.0868017188459177
"364190",0.115786390705848
"364206",0.10235031984475
"364208",0.0544482255712202
"364224",0.10989010989011
"364241",0.0554179931611838
"364298",0.0455665024630542
"364380",0.0714573106944556
"364382",0.0560344827586207
"364396",0.0692464358452139
"364410",0.0805500982318271
"364419",0.048929913412841
"364430",0.0505741993254607
"364510",0.0487054886584134
"364514",0.0490307867730901
"364529",0.0449990174887011
"364534",0.0727948990435707
"364637",0.0546762589928058
"364656",0.0715790969147349
"364666",0.0616828342471531
"364712",0.0764893488331058
"364786",0.0463043306776051
"364823",0.0819338422391857
"364837",0.0608851943383509
"364838",0.0592882681091233
"364879",0.0613204738941478
"364952",0.0506329113924051
"364974",0.0749034749034749
"364975",0.0471553049718093
"364981",0.0479806696582672
"364993",0.0525087514585764
"364995",0.0503687213023515
"365022",0.0754385964912281
"365024",0.0610795454545454
"365176",0.0627032048304691
"365179",0.0527818181818182
"365191",0.0615058324496288
"365215",0.0500773822684059
"365252",0.0579378295864557
"365314",0.0492957746478873
"365355",0.0527589545014521
"365361",0.0633608815426997
"365372",0.0536348244032989
"365377",0.0522703273495248
"365381",0.145128552097429
"365382",0.0900425877104036
"365388",0.0463917525773196
"365389",0.0574232903728845
"365396",0.104146261834802
"365407",0.053702800178224
"365410",0.0524250070086908
"365458",0.0444908448442017
"365466",0.0610210050518479
"365468",0.071591196559575
"365493",0.0928652321630804
"365548",0.0636040582994283
"365567",0.092808116980006
"365571",0.0621082621082621
"365590",0.0559920011426939
"365592",0.056490599820949
"365601",0.0481927710843373
"365652",0.0566280566280566
"365668",0.0409487343118485
"365684",0.0416502946954813
"365703",0.0498554913294798
"365755",0.114516490814069
"365793",0.0963043874021482
"365797",0.0570157703194501
"365802",0.101629032566971
"365841",0.0672604980912561
"365842",0.0511195258478762
"365872",0.172734196496573
"365875",0.0511911256592108
"365877",0.0723924142961342
"365960",0.0685266074867315
"366001",0.0575778546712803
"366013",0.0530973451327434
"366163",0.0494200706001009
"366169",0.0846526655896608
"366174",0.0470153846153846
"366196",0.0656534325889165
"366227",0.051045211473019
"366262",0.106719367588933
"366265",0.0501856597449154
"366276",0.0417695694190916
"366277",0.0833489067464025
"366300",0.113595166163142
"366360",0.0726328260275221
"366366",0.0630048465266559
"366381",0.0513036485272078
"366431",0.0623504219675022
"366448",0.0535700381530795
"366456",0.0663046584738497
"366468",0.0983340105648111
"366492",0.0481149412485382
"366507",0.0609393579072533
"366508",0.0636515912897822
"366515",0.0616272608363271
"366518",0.0780635561696248
"366532",0.0559086629001883
"366568",0.0473966204148922
"366618",0.0419842852116805
"366624",0.0746586363972673
"366693",0.0779082177161153
"366697",0.0631229235880399
"366698",0.0440535257855961
"366734",0.0708529214237743
"366792",0.0627226779352059
"366826",0.0576923076923077
"366848",0.0604598810098087
"366854",0.0576376324631688
"366952",0.0872695852534562
"366957",0.0692464358452139
"366964",0.053156146179402
"366975",0.0555130753937911
"366984",0.0459049177347514
"366988",0.0553324565454815
"366995",0.055886306894565
"366998",0.0389630429750791
"367038",0.0574592561638111
"367039",0.062299627415302
"367073",0.0539325842696629
"367086",0.051600410069484
"367092",0.078600114744693
"367100",0.0490162822252374
"367167",0.0568045443635491
"367171",0.0655703400493576
"367172",0.046344598170409
"367235",0.0548302872062663
"367252",0.0467176802255336
"367298",0.0538944259874493
"367304",0.0623622271208135
"367307",0.0497256515775034
"367314",0.0578379619003902
"367328",0.0632911392405063
"367455",0.0700854700854701
"367562",0.0536681437715411
"367743",0.0545928716314112
"367763",0.0557618213660245
"367785",0.0427832409004055
"367902",0.0715710170618214
"367903",0.0390643838919701
"367909",0.0541122949838381
"367994",0.0403402854006586
"368001",0.0673385249656436
"368002",0.0538243626062323
"368042",0.0523897870836646
"368062",0.0623169541164985
"368066",0.0536665482954545
"368070",0.114796912099643
"368084",0.0714285714285714
"369016",0.0571720265441552
"369017",0.0564411027568922
"373065",0.0557408563003599
"373541",0.0496922384026422
"373542",0.110442999140999
"373544",0.0726495726495727
"373545",0.0572482579587375
"378467",0.0796762456374842
"378947",0.0872979214780601
"394266",0.11716621253406
"404280",0.0575113279888463
"404968",0.0460949588728724
"405161",0.0490555398928672
"406162",0.0524528301886793
"406163",0.0740657361548852
"406164",0.0668014415047904
"406165",0.0742857142857143
"406166",0.0704401206950369
"406167",0.0737664875427455
"406169",0.105425400739827
"406170",0.0487034035656402
"406195",0.0524948024948025
"406230",0.0657039711191336
"406864",0.0654683966194501
"406866",0.0503775731871315
"406868",0.052851711026616
"407765",0.0965435041716329
"407784",0.0584970980551879
"408201",0.0408805031446541
"408217",0.0439949958298582
"408223",0.0564005922735227
"414784",0.111229458307973
"414788",0.0688057040998217
"414819",0.0498457541808735
"415064",0.0608008945418967
"432358",0.0608138590634305
"432360",0.0657981894457938
"432361",0.0779564420924079
"442921",0.0656565656565656
"445268",0.0470023980815348
"445415",0.0823311748381128
"450225",0.0800686302545039
"450228",0.0489763779527559
"474154",0.0843359555761222
"493574",0.0565034965034965
"493810",0.073609676943502
"494021",0.0781334780249593
"494125",0.0629300688110098
"494203",0.0408708938120703
"494320",0.0394431554524362
"494342",0.0544265033407572
"494343",0.0559357334126748
"494344",0.0842427468725047
"494345",0.0626130513427021
"494346",0.0511768661735037
"494445",0.0564292087568673
"494500",0.0560578661844485
"494520",0.0477460009694619
"494521",0.0614104248795445
"497009",0.0665230272017237
"497010",0.0673049028140412
"497039",0.0382462686567164
"497083",0.0579494799405646
"497198",0.110359136604722
"497672",0.0784844384303112
"497756",0.036855788346842
"497757",0.0805704099821747
"497761",0.0534860124655747
"497770",0.0862470862470863
"497778",0.0963673057517659
"497794",0.0405092592592593
"497811",0.0533333333333333
"497815",0.0827998419778226
"497840",0.0869373992083272
"497857",0.0612593383137673
"497867",0.0455501051156272
"497874",0.0548665915069523
"497878",0.0579490291262136
"497895",0.0521763392857143
"497900",0.0611753371868979
"497902",0.0736472945891784
"497913",0.0700600746874493
"497914",0.0595065312046444
"497933",0.0597147950089127
"497936",0.062076239264728
"497942",0.0534605288430757
"497958",0.0463185089499908
"497961",0.101571483326945
"497962",0.0648512071869736
"497967",0.0507447354904982
"497972",0.0653463819577285
"497976",0.0516511430990686
"497979",0.0766851398376079
"497983",0.0622817229336438
"497984",0.0533738938053097
"497985",0.0554132950937212
"497990",0.0369294605809129
"497995",0.0485239226331863
"498003",0.0658706254380602
"498008",0.0758483033932136
"498030",0.0721353335461219
"498034",0.0550089445438283
"498066",0.0830985915492958
"498089",0.0775685632419157
"498100",0.0495982027132118
"498109",0.0467910211824217
"498112",0.0627724061920745
"498136",0.102283692505629
"498140",0.0480230782284066
"498145",0.0580193927833413
"498183",0.0727109515260323
"498185",0.0571669952126162
"498222",0.050332192470304
"498225",0.05
"498234",0.0664976599063963
"498241",0.0392598854137316
"498256",0.0628370847632048
"498276",0.210245901639344
"498281",0.0616202797056172
"498301",0.0849662582994303
"498309",0.0594721337106449
"498331",0.0447791781944871
"498335",0.0549618320610687
"498341",0.0547591372852899
"498351",0.123762778387164
"498353",0.052110351332233
"498355",0.113032258064516
"498368",0.0524781341107872
"498392",0.0550499119201409
"498398",0.0973451327433628
"498402",0.0512214342001576
"498404",0.0884460367218988
"498406",0.0505798442859476
"498407",0.0907075726666438
"498411",0.0542407469120968
"498416",0.0570271638265564
"498418",0.0381252541683611
"498423",0.0481770833333333
"498425",0.146819338422392
"498433",0.0874374891955161
"498440",0.0609414401793219
"498486",0.0535077288941736
"498489",0.106677750069271
"498514",0.0463306422285257
"498538",0.0473502665412355
"498546",0.0502336448598131
"498559",0.139841468502295
"498560",0.0582956369473223
"498587",0.0489562439255369
"498599",0.0570231371834578
"498600",0.0709123945737077
"498606",0.0914014895057549
"498609",0.0564872021182701
"498642",0.0503552026744672
"498659",0.0537377296753083
"498685",0.0634659272901986
"498690",0.0471014492753623
"498703",0.0726878220775698
"498709",0.0705804749340369
"498736",0.0564700979370702
"498749",0.0797437295528899
"498753",0.0489542285541073
"498789",0.0442608439067572
"498796",0.0640473627556512
"498840",0.0830704521556257
"498886",0.0433931354137531
"498909",0.0571981190046985
"498910",0.0449504782866334
"498922",0.0824705094524288
"498934",0.066516577977896
"498957",0.0677344418633085
"498959",0.0525355233998175
"498967",0.0616058394160584
"498972",0.111587183308495
"499014",0.050728494444814
"499076",0.0726560413142196
"499088",0.0686677379850359
"499090",0.0405554331055764
"499106",0.0736447620707687
"499114",0.0623788986811676
"499125",0.0644850818094321
"499129",0.0652206210072798
"499157",0.0569973618013375
"499158",0.0458836666328292
"499171",0.104484386347131
"499185",0.0454545454545455
"499191",0.0463215258855586
"499204",0.0434446057087566
"499211",0.0422094841063054
"499214",0.068901303538175
"499280",0.0508400610953524
"499288",0.0779765231973169
"499300",0.045343137254902
"499314",0.0548733094979014
"499322",0.0438337801608579
"499328",0.0958385876418663
"499335",0.0674715909090909
"499337",0.0561796172376605
"499349",0.0441988950276243
"499380",0.0655195234943746
"499390",0.0854449027695934
"499391",0.0712729137290091
"499417",0.0594192107222636
"499420",0.0609756097560976
"499422",0.0589715929521755
"499430",0.0770392749244713
"499443",0.0452019909711772
"499486",0.0453888755116783
"499507",0.0627688711169187
"499529",0.0404397330192383
"499558",0.0664776981495347
"499561",0.0484723475570453
"499593",0.0464446318156268
"499615",0.0465216454878311
"499655",0.0526618800883699
"499657",0.0431787427727888
"499660",0.0506756756756757
"499671",0.067922657411998
"499672",0.0690137718001945
"499677",0.0606709493219129
"499689",0.0524590163934426
"499691",0.0532642487046632
"499709",0.0650684931506849
"499724",0.0731827111984283
"499745",0.10590465872156
"499747",0.0647312671635936
"499749",0.0550803968525488
"499751",0.0649317837291561
"499755",0.0549278846153846
"499758",0.0590909090909091
"499762",0.0536222910216718
"499765",0.058549825513765
"499770",0.0572327044025157
"499772",0.0503926701570681
"499779",0.18437900128041
"499798",0.0438423645320197
"499807",0.0695322376738306
"499856",0.0454545454545455
"499871",0.0425595238095238
"499882",0.0553101594008066
"499883",0.0675514583167766
"499893",0.0545165843330981
"499900",0.0661032297011772
"499913",0.0819654310251114
"499914",0.0527392589224824
"499925",0.0530488683869108
"499929",0.0587012987012987
"499934",0.0698552548772813
"499941",0.0426641774654074
"499951",0.0507841672890217
"499956",0.0576392271472642
"499974",0.066843369502195
"500000",0.0509933774834437
"500006",0.0547583203166897
"500040",0.0486289631533848
"500054",0.0473780524509444
"500059",0.078220053196654
"500065",0.0477941176470588
"500087",0.0965391621129326
"500116",0.070978878960195
"500117",0.0693008043843366
"500128",0.056883759274526
"500132",0.0563933605361005
"500133",0.0449086161879896
"500199",0.0704259438528558
"500200",0.050258376396066
"500221",0.0457380457380457
"500225",0.10249433106576
"500226",0.0671228413163897
"500233",0.0444677871148459
"500244",0.0607653747401883
"500246",0.069284064665127
"500247",0.0509383378016086
"500251",0.0484536082474227
"500261",0.0731827111984283
"500281",0.0568720379146919
"500282",0.0443808745402534
"500295",0.064390424939692
"500300",0.0524523160762943
"500364",0.0762062358474133
"500377",0.0534556574923547
"500393",0.0410114091890225
"500400",0.104395604395604
"500430",0.0795578108010149
"500450",0.0699414150518251
"500526",0.0443414956982131
"500528",0.0806801524479625
"500545",0.0677966101694915
"500552",0.0576218229886439
"500569",0.04209996645421
"500575",0.0675406908308642
"500590",0.0618637431480031
"500616",0.059051738936382
"500651",0.102310231023102
"500689",0.056734693877551
"500690",0.051033426894616
"500707",0.0565095846645367
"500715",0.0868680236375575
"500717",0.092245153220763
"500727",0.0582564385070927
"500795",0.0423013317085908
"500801",0.051911805749372
"500855",0.0861770194614769
"500892",0.0387165612377105
"500893",0.0634385534783941
"500899",0.0859185325060696
"500901",0.0611030589671218
"500917",0.0663026521060842
"500941",0.120434147359633
"500950",0.0977506480474956
"500954",0.0624873602479624
"500987",0.0932835820895522
"500988",0.181306990881459
"500993",0.0536221393173339
"501007",0.108966435177894
"501052",0.0430985915492958
"501061",0.0559178472378382
"501065",0.0746818486269257
"501069",0.0558302425232406
"501083",0.0523286237571952
"501099",0.0637447385596791
"501103",0.0572095738470519
"501146",0.0640394088669951
"501157",0.0849056603773585
"501164",0.0619235064355575
"501167",0.0709087128301102
"501181",0.0540540540540541
"501195",0.0867979576951131
"501203",0.0773084297111757
"501454",0.0476555724460397
"501550",0.0559585492227979
"501563",0.056
"501569",0.0514574344943702
"501582",0.0595257299564446
"501624",0.0798969072164948
"501625",0.063171421228476
"501661",0.0577645587494565
"501665",0.0546395369233468
"501736",0.0549672213817448
"501923",0.0535409556313993
"502017",0.0595332802970035
"502084",0.0677748347079969
"502225",0.0449503794512551
"502227",0.049408131755018
"502317",0.0903643922719491
"502359",0.0420847686086566
"502374",0.0635785649409628
"502414",0.0759408602150538
"502603",0.0835351089588378
"502632",0.0684790089470062
"502642",0.0500403551251009
"502643",0.103040540540541
"502663",0.062104193486909
"502674",0.0573473828076149
"502749",0.0564723138980565
"502782",0.0841924398625429
"502894",0.0647454222359577
"502901",0.0443824145150035
"503000",0.0513836711981488
"503027",0.121354166666667
"503035",0.0557506584723442
"503164",0.0529048843187661
"503165",0.0474232274325131
"503214",0.0621541866469937
"503252",0.0735930735930736
"503257",0.0514925373134328
"503446",0.0553269318701417
"50522",0.0549097848716169
"50545",0.0922409115572436
"50546",0.0562150837988827
"50549",0.0426829268292683
"50551",0.0612119347892956
"50552",0.0714695035756912
"50554",0.0778056496421658
"50555",0.115117521367521
"50556",0.0477031802120141
"50557",0.170399221032132
"50558",0.0491530550514217
"50559",0.0590676883780332
"50561",0.0679462353343205
"50563",0.0618646000281805
"50564",0.0510484702646958
"50565",0.0670940170940171
"50566",0.0582743988684583
"50567",0.0757575757575758
"50568",0.14114759128567
"50572",0.0415268456375839
"50577",0.039041095890411
"50585",0.0564144290751288
"50592",0.174291938997821
"50594",0.115196078431373
"50599",0.069511355815554
"50621",0.0474160895045285
"50622",0.114638249916747
"50645",0.0542190305206463
"50646",0.172712283594394
"50654",0.114926968293552
"50655",0.0639734366353071
"50658",0.113013698630137
"50662",0.0494235695986337
"50664",0.0696714890061106
"50669",0.0539093863506022
"50671",0.096705449103434
"50672",0.151644100580271
"50676",0.0425994349054553
"50677",0.0517187983895943
"50678",0.0566600397614314
"50682",0.0501682471703885
"50683",0.0520715220235499
"50685",0.0690840887777431
"50686",0.0652096659559346
"50687",0.0593952483801296
"50688",0.0695557174071376
"50689",0.0536507372535086
"50690",0.0604632918502494
"50692",0.0487714760761131
"50693",0.0790621247551033
"50719",0.10373760488177
"50864",0.0412513418187395
"50866",0.0843389648699383
"50871",0.0746688899120391
"50872",0.0879274249825541
"50938",0.0423748544819558
"50993",0.0804643264139797
"50998",0.0510223222659914
"53372",0.0611491829204006
"53949",0.065856416054268
"53982",0.0986645178232627
"54133",0.0547169811320755
"541589",0.0543071161048689
"54190",0.0513299976976749
"54193",0.0424360795454545
"54223",0.0445877349430649
"54225",0.0528663277538815
"54226",0.0749242096145517
"54227",0.0956889915319477
"54230",0.0555700836820084
"54231",0.0604796923094206
"54232",0.0634238108035474
"54233",0.0584484590860786
"54234",0.079667063020214
"54236",0.053866203301477
"54237",0.0497100248550124
"54238",0.05625
"54239",0.064333686815129
"54240",0.0530973451327434
"54241",0.0538670620212503
"54242",0.0600407419320253
"54243",0.0611048051456678
"54244",0.0697156565659698
"54245",0.0781162189502079
"54246",0.0495662949194548
"54248",0.0656365281547992
"54249",0.0591194968553459
"54250",0.0711446335745592
"54251",0.0653759399703133
"54252",0.0672116257947321
"54254",0.0532933281754029
"54256",0.0479744136460554
"54258",0.0631792226929453
"54259",0.0659261048056025
"54260",0.0606624488276889
"54262",0.0494150372249039
"54263",0.063230605738576
"54264",0.0504236200256739
"54265",0.0500280007466866
"54266",0.0697161752548912
"54267",0.0584203627663907
"54268",0.0482095799100915
"54270",0.0508869378247626
"54271",0.073820395738204
"54272",0.041018387553041
"54276",0.0467923126914864
"54278",0.091699712172364
"54279",0.066130329847144
"54281",0.0553154710458081
"54282",0.0736313481397652
"54283",0.0552727272727273
"54284",0.04551201011378
"54287",0.0855345911949685
"54289",0.0457337883959044
"54290",0.0572218986604543
"54292",0.0486430291092143
"54293",0.0486323597589244
"54294",0.12310884412553
"54296",0.0452329360780065
"54297",0.0924137931034483
"54299",0.0525326992465245
"54300",0.0560946027895694
"54301",0.0477386934673367
"54302",0.0491261504424928
"54303",0.039289055191768
"54304",0.0714658320292123
"54305",0.0914949938204741
"54309",0.107599699021821
"54311",0.0470347648261759
"54312",0.0483021608861449
"54314",0.0484302450971543
"54315",0.0806610611771528
"54318",0.0537367351546625
"54319",0.0618045609782968
"54320",0.0904639776171602
"54321",0.065597667638484
"54322",0.0402410157090596
"54323",0.125214563194507
"54348",0.0584501790860586
"54349",0.0785986567435106
"54350",0.0794278185582533
"54355",0.080071706005378
"54398",0.0581784952787085
"54400",0.0696493254720539
"54404",0.056293207505761
"54410",0.053832902670112
"54702",0.0999403143444526
"54705",0.0592697961119014
"553106",0.0436241610738255
"554172",0.0948311835968152
"55939",0.0552178318135765
"56003",0.110512129380054
"56010",0.0546038543897216
"56011",0.0593920943107704
"56029",0.0619544991757859
"56042",0.0513735991272439
"56064",0.0567260940032415
"56081",0.105333111812593
"56082",0.0525683388404926
"56083",0.0626635837876223
"56084",0.0579762333453367
"56227",0.043461275515187
"56266",0.0509088912076446
"56281",0.0628278315545628
"56611",0.0729455216989843
"56646",0.164141414141414
"56718",0.0423162583518931
"56725",0.0485786604361371
"56759",0.0640375183407161
"56761",0.0451906084322141
"56763",0.0791742286751361
"56764",0.0550690542304283
"56765",0.0649137222678718
"56766",0.063368046039129
"56768",0.104316802541718
"56769",0.0521920668058455
"56777",0.0517164511814534
"56778",0.0445400627979998
"56780",0.0482385908726982
"56781",0.0454873646209386
"56782",0.0671539515760621
"56785",0.0702276204584457
"56806",0.0717995722578674
"56813",0.0709084604715673
"56814",0.0544007956240676
"56816",0.0530659025787966
"56817",0.0707892956934688
"56819",0.0552987784747441
"56820",0.0532670454545454
"56821",0.0715710170618214
"56822",0.0877283517390856
"56823",0.0575443292070927
"56825",0.059745347698335
"56826",0.041335453100159
"56827",0.0556244377365309
"57021",0.0563718140929535
"57025",0.0617283950617284
"57027",0.0602928509905254
"57029",0.0539589442815249
"57233",0.0512820512820513
"57298",0.0556355979164358
"57300",0.040582347588717
"57301",0.0593080724876442
"57302",0.0511965811965812
"57305",0.0515385781415795
"57395",0.0452384382653796
"58808",0.0413223140495868
"58812",0.079096346899674
"58813",0.0733373518183645
"58814",0.290909090909091
"58815",0.0474729533344098
"58819",0.0503031216348161
"58820",0.0566764905917026
"58821",0.104433537355458
"58822",0.0742293981966869
"58823",0.061597150657193
"58826",0.0415535602422218
"58834",0.0579099264483559
"58835",0.0596029424798369
"58838",0.104086073500967
"58839",0.0925394548063128
"58840",0.0492001488095238
"58842",0.0824079485680888
"58844",0.0703482237073514
"58845",0.0524671506018561
"58850",0.0542414355628059
"58851",0.0538533932866255
"58852",0.0454359394187474
"58853",0.0801616161616162
"58854",0.0395854922279793
"58856",0.0617959785240552
"58857",0.0502169869807811
"58868",0.0589094449853943
"58917",0.0526379771456358
"58918",0.0532999834258017
"58919",0.0727978154850042
"58920",0.0471882504048696
"58921",0.0707142857142857
"58922",0.0456532297231666
"58923",0.05978898007034
"58924",0.0506467022477796
"58927",0.0556018325697626
"58934",0.0553939002047635
"58937",0.0508289967324216
"58940",0.0568181818181818
"58942",0.187319884726225
"58945",0.0442143858513965
"58946",0.0641887062187277
"58948",0.120257736763609
"58949",0.0572215121423656
"58950",0.0524350164326262
"58952",0.074870167339873
"58953",0.0887046632124352
"58954",0.0674295701213098
"58958",0.0393258426966292
"58959",0.0550269022637949
"58960",0.0886332882273343
"58961",0.0930744426769892
"58962",0.0733509234828496
"58963",0.0578259660828468
"58964",0.0571271628673441
"58965",0.0648763250883392
"58966",0.0668582665254878
"58967",0.0534361658173805
"58970",0.0520885757423251
"58971",0.0778583379810374
"58974",0.0689226651371762
"58976",0.128623757195186
"58977",0.104988588196935
"58978",0.0494858653606527
"58979",0.0831088880338592
"58980",0.0472687250188264
"58981",0.0540974825923942
"58982",0.11401181203458
"58983",0.0738367658276125
"59073",0.0679134944278936
"59074",0.0598922247882987
"59075",0.06400318028225
"59076",0.06789079720326
"59077",0.0430566330488751
"59085",0.0647367828886504
"59086",0.12046908315565
"59087",0.0532126696832579
"59088",0.0409378958470903
"59101",0.0796976045177156
"59102",0.0944097729385208
"59103",0.0628299338005182
"59105",0.0576759966072943
"59106",0.0664943609022556
"59107",0.0383601054902901
"59108",0.0560685133145992
"59109",0.0617628307299968
"59110",0.076473769605192
"59112",0.0565731300189479
"59113",0.048842683405257
"59114",0.0589723073584854
"59115",0.0635952515545506
"59116",0.0457917625991302
"59117",0.119496855345912
"59264",0.054030115146147
"59265",0.0589758681577398
"59266",0.0698564593301435
"59267",0.0890431287972618
"59268",0.0539143279172821
"59293",0.053740779768177
"59294",0.053125
"59295",0.0863957167193964
"59296",0.0457198443579767
"59299",0.0454858619091416
"59300",0.0737495436290617
"59301",0.0468053491827637
"59302",0.0575985821887461
"59303",0.144229742713782
"59304",0.0515191545574637
"59313",0.0649689345708368
"59314",0.0594258708209347
"59315",0.12459266802444
"59316",0.0575501583949314
"59317",0.0603721815875829
"59318",0.0715660542432196
"59319",0.0858063860692273
"59320",0.063128003494976
"59322",0.0940382015162403
"59323",0.0718188914910226
"59324",0.0656063618290258
"59325",0.0590774823903658
"59326",0.0567148670880596
"59327",0.063911772521924
"59328",0.0551470588235294
"59329",0.0442764578833693
"60323",0.0510547576301616
"60324",0.0611316763617134
"60325",0.0384358288770053
"60326",0.0779955546575066
"60327",0.0560854483462787
"60328",0.0979125248508946
"60329",0.0588803088803089
"60331",0.0533902044418297
"60332",0.0628309212848571
"60333",0.0454695222405272
"60334",0.0655854038795963
"60335",0.0566534914361001
"60336",0.0917628422720072
"60337",0.0454665609304785
"60338",0.103296703296703
"60341",0.0529801324503311
"60347",0.0657320872274143
"60349",0.041793893129771
"60350",0.0462868190606164
"60351",0.0612855007473842
"60352",0.0604284753578634
"60353",0.0676733780760626
"60355",0.0930608079586055
"60356",0.069272322847156
"60357",0.0568064574861929
"60371",0.0588301972341873
"60372",0.0407676584147172
"60373",0.067880327406153
"60374",0.0735549514856345
"60376",0.0419174102510894
"60377",0.0680958385876419
"60378",0.06160766673186
"60379",0.0461874102059277
"60381",0.110312015932728
"60382",0.0756302521008403
"60383",0.0528891910265126
"60384",0.0494296577946768
"60391",0.0967493960026356
"60393",0.0594272309647151
"60394",0.0588719261358442
"60395",0.0759338640538886
"60396",0.0611228204636904
"60398",0.066011026672627
"60399",0.0739773716275022
"60414",0.0589483612355577
"60416",0.0629432624113475
"60417",0.0494838997724631
"60418",0.0529106373577819
"60421",0.0676523297491039
"60422",0.0701754385964912
"60423",0.0552149681528662
"60427",0.0693151867506056
"60430",0.0778946685852267
"60431",0.0697674418604651
"60432",0.0488199907450255
"60433",0.0972592513597099
"60434",0.127026008292499
"60442",0.144422590615341
"60443",0.0619613629344954
"60444",0.0648854961832061
"60445",0.050520059435364
"60446",0.0600706713780919
"60447",0.075332086058817
"60448",0.0610281716534449
"60449",0.0542841194529724
"60450",0.0472697636511817
"60451",0.0520683949255378
"60460",0.0710823909531502
"60462",0.0500861573808156
"60463",0.039424280350438
"60464",0.0475115014638227
"60465",0.0546969263459993
"60466",0.0504124656278643
"60562",0.0753189362012082
"60563",0.0649715956097292
"60564",0.0542980236613554
"60565",0.0590484282073067
"60566",0.0590361445783133
"60567",0.0836180904522613
"60570",0.0836511568777015
"60571",0.0467596390484003
"60574",0.069701280227596
"60575",0.0458681522748375
"60576",0.0482456140350877
"60577",0.0979936027915091
"60581",0.0664595434283399
"60582",0.0532693018101219
"60583",0.0455491931285789
"60584",0.0524399842581661
"60586",0.16482878699942
"60587",0.0496228941989145
"60590",0.050016784155757
"60627",0.156043956043956
"60628",0.0599156571916445
"60629",0.0564233035973076
"606294",0.0459622909996443
"60630",0.0663928815879535
"60660",0.0526315789473684
"60661",0.0837117771722676
"60662",0.0498520710059172
"60663",0.0557382717474452
"60664",0.0592119744662118
"60665",0.0463443867359169
"60666",0.0684699337317715
"60667",0.0423683829561357
"60668",0.0598086124401914
"60669",0.072463768115942
"60670",0.0505583363740997
"60671",0.0483994235765889
"613220",0.0520308828465928
"613226",0.0530603258476442
"619345",0.0666058394160584
"619346",0.066115440965626
"619385",0.0579710144927536
"619393",0.0518908404370959
"619436",0.0411262916984534
"619440",0.0822351080653664
"619549",0.0932410423452769
"619558",0.107940446650124
"619560",0.0470534131121186
"619566",0.0430550355672033
"619573",0.0553737284479528
"619574",0.0653061079704232
"619577",0.0619787075337357
"619579",0.0654008438818565
"619580",0.0665143486034375
"619581",0.0627552914964723
"619582",0.0553691275167785
"63834",0.0563403689546286
"63835",0.0592014015621578
"63836",0.10484199104842
"63837",0.060426477591407
"63839",0.0918858841580361
"63840",0.0793201133144476
"63843",0.049808429118774
"63845",0.101413322671319
"63847",0.107138074193116
"63848",0.0687203791469194
"63849",0.0679320679320679
"63850",0.053935860058309
"63851",0.0636975660279648
"63852",0.057194643036955
"63864",0.056791292001893
"63865",0.0852121032334619
"63866",0.052688595627339
"63867",0.0463320463320463
"63878",0.0516462233699161
"63879",0.193548387096774
"63880",0.0926365795724466
"63882",0.0675569520816968
"63883",0.0623580425356184
"63885",0.0618676869874195
"63886",0.0860860860860861
"63887",0.0502415458937198
"63888",0.0629026146267525
"63912",0.0436893203883495
"63938",0.0627763041556145
"63994",0.0581279898907844
"63996",0.0535455861070912
"63997",0.0719440192433851
"64001",0.0582344428364689
"64012",0.0445770823251062
"64013",0.0637025481019241
"64014",0.057945566286216
"64015",0.0441710048903613
"64016",0.0660325337744693
"64017",0.0614525139664805
"64018",0.0773320444659256
"64019",0.0419254658385093
"64020",0.0825138948268491
"64021",0.0506862833049251
"64022",0.0714598860149057
"64023",0.0471740097908322
"64025",0.0523737754333082
"64026",0.0634372458382066
"64027",0.067737843551797
"64028",0.0553058255655055
"64029",0.0517766497461929
"64030",0.0958725182863114
"64031",0.0589274447949527
"64032",0.126649705835586
"64033",0.0876880222841226
"64035",0.0485169491525424
"64036",0.0534934497816594
"64037",0.0437386097370476
"64039",0.054661155226803
"64040",0.0524555903866249
"64041",0.0488965815664215
"64042",0.0520231213872832
"64043",0.0729701952723536
"64044",0.047517500347689
"64045",0.0637356002517615
"64046",0.0650436721798922
"64047",0.0442703232125367
"64053",0.177095245874857
"64055",0.062922516900676
"64057",0.0621413575927222
"64060",0.0691375623663578
"64076",0.0482054605849469
"64086",0.0475435816164818
"64088",0.0584515947730785
"64104",0.0546623794212219
"64107",0.0483224040236837
"64119",0.0772323904603439
"64120",0.0634920634920635
"64124",0.0410355759070095
"641316",0.0698602794411178
"64133",0.0450563204005006
"64134",0.0629927760581367
"641434",0.0412458807271181
"641452",0.0806763372299748
"64152",0.0946994899755637
"641528",0.0474236206110351
"64154",0.0532760227074127
"64155",0.0478589420654912
"64156",0.0588095520969467
"64157",0.139431352763103
"64159",0.0632124352331606
"64160",0.0953813104189044
"641603",0.0509650180940893
"64169",0.174569208244172
"64171",0.0549293254607264
"64183",0.102549246813441
"64185",0.0509361760210986
"64186",0.0789226064455422
"64187",0.0804862444017914
"64188",0.0628436763550668
"64189",0.08599927067207
"64190",0.0489655172413793
"64191",0.0815361890694239
"64192",0.0563983361879129
"64193",0.0707722870623293
"64194",0.0649038461538462
"64195",0.0617010568696527
"64196",0.103552859618718
"64198",0.0466595970307529
"64199",0.0887347524515666
"64200",0.0579105317452874
"64201",0.0426495565200981
"64202",0.0530557421087978
"64203",0.0534094234708809
"64204",0.104395604395604
"64205",0.0506688285366842
"64206",0.0427937598397023
"64226",0.0656154628687691
"64300",0.0939160239931448
"64301",0.0535491905354919
"64302",0.04155672823219
"64303",0.103694874851013
"64304",0.0901360544217687
"64305",0.0458043239281788
"64310",0.0575063613231552
"64312",0.133295071235155
"64313",0.0452764112398899
"64314",0.0599445729120297
"64315",0.0808413220775504
"64316",0.0478148608587549
"64317",0.0607483638906929
"64322",0.0775535939470366
"64345",0.0650248695863157
"64347",0.0763358778625954
"64348",0.0392015392015392
"64349",0.0627244433804166
"64350",0.0491020971995479
"64351",0.0505415162454874
"64352",0.0848656294200849
"64353",0.0654585798816568
"64354",0.0864471184293857
"64355",0.0755184153512844
"64356",0.0790067720090293
"64357",0.0451852262030013
"64358",0.0616754617414248
"64360",0.0820884028954258
"64361",0.0482437579348286
"64362",0.0397750651488136
"64363",0.0875370842718169
"64364",0.0578676500384974
"64365",0.0613765892152565
"64366",0.0514485514485515
"64367",0.0473926608230575
"64368",0.0430535455861071
"64369",0.0686831930861951
"64370",0.0462556290654361
"64371",0.0484138847367547
"64372",0.0487243429886821
"64373",0.0518945634266886
"64387",0.059124336434033
"64389",0.0595324174499879
"64390",0.0591218038623368
"64391",0.0890072270825409
"64392",0.0632338871009829
"64394",0.0517774343122102
"64440",0.0933608568054753
"64441",0.0819672131147541
"64442",0.056562193927522
"64443",0.0607823470411234
"64444",0.0758944705457174
"64445",0.0747295968534907
"64455",0.0733301064859632
"64456",0.0726495726495727
"64458",0.0627970128988459
"64459",0.0517624100418472
"64460",0.052775
"64461",0.0460181358336932
"64462",0.0535865273580643
"64463",0.075389190134686
"64464",0.0422960725075529
"64465",0.0602228889841406
"64466",0.0529269556207909
"64467",0.1110381469763
"64468",0.0611972481774309
"64469",0.0572116405862777
"64470",0.073266065580323
"64471",0.0523255813953488
"64472",0.045079185520362
"64473",0.0717100078802206
"64474",0.0616971994104022
"64476",0.0678657519006119
"64507",0.0823973176865046
"64508",0.0624486442070666
"64509",0.0659818731117825
"64510",0.0699729928799411
"64511",0.0680501028229576
"64512",0.0814669926650367
"64513",0.0442748091603053
"64514",0.0518505884359543
"64515",0.0445157317829366
"64516",0.0543993406140532
"64517",0.125597077830851
"64519",0.0565485714285714
"64520",0.0778267254038179
"64521",0.083383676150831
"64522",0.0893854748603352
"64523",0.096671226630187
"64524",0.0934355534259703
"64525",0.0512003919647232
"64526",0.0633447649788178
"64527",0.0573188062529607
"64528",0.058076225045372
"64529",0.059474906233256
"64530",0.0554854981084489
"64531",0.0687641113774363
"64532",0.0540540540540541
"64533",0.0778859527121001
"64534",0.0562223626026532
"64535",0.0587216194036655
"64536",0.0439642324888226
"64537",0.0547533092659447
"64538",0.0595950299125633
"64539",0.0832273739343109
"64543",0.0411534560208665
"64544",0.0470207852193995
"64545",0.0648369777945262
"64546",0.0618055555555556
"64547",0.0513184699840888
"64549",0.0447129909365559
"64550",0.0854390042738247
"64551",0.0927048667559602
"64552",0.109399402204371
"64553",0.083218136577274
"64554",0.0473882606354335
"64555",0.0505302557704304
"64557",0.0553994668971976
"64558",0.0532934314004477
"64559",0.0733637579732133
"64561",0.0750194318565122
"64562",0.0478149100257069
"64563",0.0575114275668073
"64564",0.0717450335858225
"64565",0.068422519509476
"64566",0.064610858970279
"64568",0.0717471143756558
"64569",0.0739222908128858
"64570",0.0546218487394958
"64571",0.0419776613202054
"64572",0.0472263868065967
"64573",0.0581597222222222
"64574",0.0577651515151515
"64576",0.0446100669691078
"64618",0.0755429650613787
"64619",0.166666666666667
"64621",0.0553129548762736
"64622",0.0664472530902439
"64624",0.0785455409660745
"64625",0.0578798767967146
"64626",0.0660646141102712
"64627",0.0533442431830952
"64628",0.0545335085413929
"64630",0.0602691453414973
"64631",0.0958666950117091
"64632",0.0503899220155969
"64633",0.136165577342048
"64634",0.0649756775538568
"64635",0.0515356585111921
"64636",0.0602717053996276
"64637",0.0508002783576896
"64639",0.0501457725947522
"64646",0.059190031152648
"64664",0.04
"64665",0.085195530726257
"64666",0.0648841765587184
"64667",0.066271018793274
"64668",0.071353462520655
"64669",0.0656861345137798
"64670",0.0570159200296187
"64672",0.0516255422205221
"64673",0.0396445659603554
"64677",0.0483825859979491
"64678",0.102625637265065
"64679",0.0544464609800363
"64680",0.0448333732917766
"64681",0.075187969924812
"64701",0.0494505494505494
"64702",0.0705202312138728
"64709",0.0672182006204757
"64803",0.180780906521512
"64822",0.0486713286713287
"64823",0.0795379399807498
"64824",0.0875968992248062
"64825",0.04847801578354
"64826",0.0787599497276917
"64827",0.0463070006422608
"64828",0.0550795593635251
"64829",0.078522229179712
"64830",0.0622710622710623
"64832",0.0581014505373876
"64845",0.103862017247844
"64846",0.131301482701812
"64862",0.0625072615313117
"64865",0.0846351380269634
"64896",0.0690142331559928
"65023",0.0874650394101195
"65024",0.053958648512355
"65025",0.0476223678705899
"65026",0.0425531914893617
"65027",0.0664596394271592
"65028",0.0645949379458614
"65029",0.0603487490523124
"65030",0.0521300448430493
"65032",0.0675726689316723
"65033",0.0453969059092062
"65034",0.0928571428571428
"65035",0.0688109675718429
"65036",0.0504832585433207
"65037",0.0555555555555556
"65038",0.0574912127871432
"65039",0.04344453064391
"65040",0.0782409213596456
"65041",0.0753828032979976
"65042",0.068809926677947
"65043",0.0636065573770492
"65044",0.0509713406424312
"65045",0.0504544395245863
"65046",0.0831199068684517
"65047",0.0884308510638298
"65048",0.0544711756695415
"65049",0.052157338416219
"65050",0.0561290322580645
"65051",0.0547321741159995
"65052",0.0729803122878479
"65053",0.0485436893203884
"65054",0.0547475961538462
"65096",0.0545715029955718
"65129",0.052364149611856
"65130",0.0575039334111557
"65131",0.0441020191285866
"65132",0.102396898131829
"65133",0.0415181379744181
"65134",0.0729938271604938
"65135",0.0618083264322819
"65137",0.0553064275037369
"65138",0.106329488317066
"65140",0.0483693947946065
"65142",0.116953548691346
"65144",0.038281706604325
"65146",0.0512820512820513
"65151",0.0809834420471651
"65152",0.0697013440334051
"65153",0.131506849315069
"65154",0.0572141372141372
"65155",0.0596478620194035
"65156",0.0711731843575419
"65157",0.0679012345679012
"65158",0.0703812316715542
"65160",0.0486183980412732
"65161",0.0724398552267405
"65162",0.0811747687211021
"65164",0.078328173374613
"65165",0.0559204991221373
"65166",0.0616918103448276
"65168",0.0679049692368096
"65169",0.0496685891366101
"65170",0.0525087514585764
"65171",0.0682510664229129
"65172",0.0784198607732953
"65179",0.0482856715077107
"65180",0.0684550713013444
"65182",0.0536269430051813
"65183",0.0509502628386575
"65185",0.0568346816013275
"65187",0.0569446823086145
"65189",0.0862008220786847
"65190",0.104440275171982
"65191",0.0825688073394495
"65192",0.0494146376499318
"65193",0.0461906026015397
"65194",0.0649207746478873
"65195",0.0732711155654818
"65196",0.0962962962962963
"65197",0.106076873523728
"65198",0.0712450362064938
"65199",0.0699046754425783
"65200",0.0451940242412853
"65201",0.0767681852504405
"65202",0.0488008923591746
"65204",0.0519047619047619
"65205",0.0767868997565833
"65206",0.0483304042179262
"65207",0.0578784359272164
"65208",0.0768627450980392
"65209",0.0730808220440512
"65210",0.0535826524198617
"65218",0.0939967227767019
"65241",0.0584958217270195
"65248",0.0807887741885459
"65261",0.0635103041446411
"65262",0.0403469640644362
"65271",0.0434738134206219
"65272",0.0605899144448252
"65274",0.0648847376788553
"65275",0.0667079080317558
"65276",0.0697735998940818
"65277",0.0748440748440748
"65278",0.0477366255144033
"652929",0.125790583274772
"652955",0.0687432867883996
"654441",0.0709876543209877
"654495",0.0493421052631579
"65984",0.0616479671854265
"66012",0.0564730953649441
"66013",0.072624381042207
"66014",0.0447223160977808
"66016",0.0536109880372175
"66017",0.0404738400789734
"66018",0.0370284297776745
"66019",0.0665736748668526
"66020",0.0618488724779111
"66021",0.0518548065416833
"66022",0.0446340662947161
"66023",0.0776699029126214
"66024",0.0583109919571046
"66026",0.0658703194696147
"66027",0.0500718620249122
"66028",0.0797306235343635
"66029",0.0614973262032086
"66030",0.0948275862068966
"66031",0.151340996168582
"664710",0.0476952624839949
"678513",0.0549019607843137
"678769",0.0705078125
"679028",0.0728748258053939
"679038",0.0536845615205068
"679203",0.0657009072285631
"679221",0.0541411803603902
"679272",0.0717534108135422
"679383",0.0471039776692254
"679462",0.0566471709272524
"679532",0.0694473409801877
"679572",0.0560284677644432
"679640",0.0627190555248109
"679712",0.0601185436071126
"679713",0.0658752119967866
"679747",0.148717948717949
"679869",0.0787313432835821
"679894",0.0510536106945222
"679898",0.0505652306752215
"679906",0.115207675887631
"679907",0.0734753857457752
"679921",0.0633484162895928
"679934",0.0410483107041364
"679937",0.0659232535257461
"679944",0.0668983492615117
"679990",0.0528455284552845
"680006",0.0667311845007952
"680021",0.0491408934707904
"680039",0.0798548094373866
"680047",0.0971364770786812
"680110",0.105538595726123
"680117",0.0617402431222009
"680149",0.0461538461538461
"680172",0.0657960322998704
"680174",0.0378172588832487
"680200",0.0511073253833049
"680216",0.0631072725488272
"680229",0.175621491579791
"680254",0.0424874468906914
"680308",0.0574288292722947
"680309",0.0765185379963187
"680354",0.0490736104156234
"680407",0.0769406392694064
"680409",0.0570636589562225
"680423",0.0665319670948189
"680424",0.0484552845528455
"680427",0.0731608730800323
"680445",0.102342490885024
"680466",0.0508764429243266
"680493",0.0508365508365508
"680532",0.059390384413952
"680551",0.0696261682242991
"680594",0.0458292919495635
"680717",0.0542194700460829
"680747",0.0564273789649416
"680891",0.0816929133858268
"680945",0.0976809276289484
"680987",0.0538513974096796
"681024",0.047386120452461
"681050",0.0684512428298279
"681059",0.0677208662770712
"681178",0.116582140335109
"681219",0.0458040789033768
"681287",0.0435383552176918
"681315",0.0435759209344115
"681337",0.0466919055345232
"681352",0.0432737535277516
"681361",0.0654619843163996
"681389",0.0517515923566879
"681415",0.0578807947019868
"681418",0.0939457202505219
"681578",0.0715792434256785
"681708",0.0642531435677767
"681896",0.0884293585470376
"681913",0.0649542367877177
"681944",0.0527817403708987
"681989",0.0548578028006352
"681996",0.0598304271316589
"682105",0.0644553335846212
"682390",0.0588180112570356
"682507",0.0893139317794567
"682930",0.0557853829760562
"682999",0.058403888366259
"683077",0.048024012006003
"683313",0.0591015542473362
"683381",0.046797349530646
"683402",0.0682604592639195
"683463",0.0610753436575605
"683512",0.0666186532229024
"683519",0.0613132006405857
"683570",0.0544524053224156
"683626",0.061558191728118
"683630",0.051374588684853
"683667",0.0990492886521475
"683983",0.0613457316285677
"684028",0.0776412776412777
"684035",0.0783545543584721
"684050",0.0414708157315404
"684097",0.0510483135824977
"684112",0.0535211267605634
"684148",0.0779917469050894
"684314",0.0564792737691754
"684322",0.0520397489539749
"684352",0.0712706242558258
"684516",0.0704326491532523
"684536",0.0561608300907912
"684538",0.0469303974622131
"684755",0.0486500701262272
"684903",0.0662251655629139
"684980",0.055079891201396
"684993",0.0817172219459639
"684996",0.0714316758234098
"685029",0.0513755386145177
"685045",0.0932075032040079
"685059",0.0518059102517329
"685072",0.0713844252163164
"685076",0.0591057049854377
"685131",0.0490307867730901
"685144",0.0540803897685749
"685232",0.0595944969306229
"685258",0.0548656581621133
"685284",0.076862695179905
"685322",0.0534090282753679
"685332",0.0584020064493013
"685374",0.0675558309860974
"685385",0.0424763671066136
"685433",0.0763826115539486
"685448",0.0476270333724635
"685462",0.0767081305210023
"685545",0.059735638027453
"685579",0.0671306690615177
"685607",0.0570811847943399
"685612",0.0809680310726023
"685620",0.0429906542056075
"685634",0.0571519795657727
"685656",0.0609073958980733
"685679",0.0557354301572618
"685781",0.0496760259179266
"685814",0.0625
"685826",0.0667529386390596
"685867",0.0605700712589074
"685909",0.0758866975083191
"685928",0.0620280474649407
"686019",0.0638297872340425
"686179",0.0693100546907867
"686295",0.0450715746421268
"686323",0.0615942028985507
"686539",0.0754716981132075
"686611",0.0454545454545455
"686999",0.0545634920634921
"687008",0.0528536977491961
"687090",0.0627858627858628
"687266",0.0564862542955326
"687358",0.0629119233073697
"687561",0.0546536125913992
"687565",0.0833784515430428
"687633",0.057014734144779
"687694",0.0888954085374798
"688146",0.0545593649882848
"688173",0.0578049733107668
"688174",0.0565709312445605
"688228",0.037536735239113
"688288",0.0460393541876892
"688393",0.06875
"688405",0.0714178769276838
"688429",0.0797148412184057
"688452",0.0690887432995831
"688459",0.0522
"688466",0.055550879555593
"688478",0.0667582956999804
"688495",0.0609128041200497
"688540",0.0743924045709095
"688555",0.108661641302802
"688590",0.0470749542961609
"688698",0.0479244009449882
"688717",0.0647130647130647
"688721",0.0631835849227154
"688746",0.0502796188898094
"688785",0.0722761596548004
"688786",0.0972184715095868
"688813",0.056960976290994
"688843",0.0739740126077448
"688869",0.0651465798045603
"688912",0.0718912739743427
"688966",0.0832709580838323
"689008",0.0591208592833288
"689025",0.0704311799907933
"689030",0.0749887741356084
"689055",0.0500919117647059
"689064",0.140314264669777
"689074",0.0827538247566064
"689161",0.0582301110969225
"689226",0.129453551912568
"689256",0.0756411293584661
"689364",0.063319701029474
"689397",0.0424747474747475
"689399",0.0486259738036127
"689414",0.0655737704918033
"689415",0.0753446185622558
"689432",0.0551595016922301
"689560",0.139115535248042
"689588",0.0631578947368421
"689593",0.0469365575329439
"689600",0.0507760532150776
"689623",0.108661417322835
"689625",0.0574712643678161
"689637",0.0656266406660166
"689852",0.0981564524165421
"689890",0.0544759895654551
"689897",0.0554471997770967
"689926",0.0493812181509342
"689959",0.0616959831976897
"689978",0.0489711934156379
"689984",0.0768005098789038
"689995",0.0846638655462185
"689997",0.0842175066312997
"690032",0.0478655419222904
"690038",0.106637432728722
"690050",0.0532420529368159
"690139",0.0702252019941551
"690163",0.0414271770957597
"690217",0.0559938915754645
"690229",0.0431615384615385
"690244",0.0539424613745338
"690262",0.0885383129426916
"690263",0.0900692840646651
"690285",0.0550561797752809
"690286",0.062242374278648
"690308",0.0515995872033024
"690344",0.0459347726228755
"690345",0.055877963853424
"690349",0.073084032418598
"690354",0.0676150844520976
"690367",0.0456159519257034
"690374",0.0705694746336437
"690423",0.0393574297188755
"690441",0.0479041916167665
"690442",0.0493855257168867
"690516",0.0787373647809895
"690586",0.0471236230110159
"690632",0.0822235513024987
"690634",0.0830172777075432
"690660",0.04383788254756
"690693",0.0722144738881141
"690745",0.0611531866247499
"690795",0.0542396496815287
"690806",0.0542700234403626
"690820",0.0745133139404789
"690845",0.042679573204268
"690848",0.0536746490503716
"690871",0.0584182574996412
"690895",0.0867330016583748
"690898",0.0500383435582822
"690899",0.125515401406743
"690911",0.0624592515321424
"690961",0.0517627010331239
"690966",0.0429845904298459
"690987",0.0699525745257453
"691031",0.0682455593642879
"691042",0.0543147108728548
"691075",0.0511283164951374
"691093",0.0834157599736235
"691099",0.0591284315607602
"691149",0.0553814002089864
"691193",0.0575479566305254
"691209",0.0597014925373134
"691259",0.0402426394437047
"691278",0.0663940809968847
"691307",0.0433463372345037
"691337",0.066752688172043
"691393",0.0902515206312675
"691429",0.0895906003304571
"691431",0.0465185479071613
"691455",0.0662994491737606
"691504",0.0827886710239651
"691506",0.0679793717768401
"691534",0.0442459051265688
"691644",0.0515209428252906
"691657",0.0707070707070707
"691807",0.0722543352601156
"691814",0.0472301136363636
"691849",0.069887365992672
"691922",0.0535963958365698
"691947",0.0736336860477801
"691966",0.0521844660194175
"691995",0.0924261874197689
"727679",0.0929203539823009
"751787",0.0510900316192378
"78947",0.0483569129425855
"78951",0.0478490913273522
"78956",0.0491458607095926
"78957",0.070008147030116
"78958",0.0508050921350927
"78959",0.048758865248227
"78960",0.0596440596440596
"78961",0.106223678053346
"78962",0.0533683289588801
"78963",0.0602163554050366
"78964",0.0599571734475375
"78966",0.0474499677211104
"78967",0.0581751037190464
"78968",0.0637539998270345
"78969",0.0563860122911977
"78971",0.0467729624289712
"78972",0.0867397806580259
"78973",0.105882352941176
"78974",0.0695587135377711
"78975",0.0501685772083614
"78976",0.0499841822208162
"78979",0.0470732705689726
"78980",0.0692743316212301
"78981",0.0519551049963794
"78982",0.0509711901968453
"78983",0.0423965999792682
"78984",0.0479911832481715
"78985",0.0477362877855287
"79011",0.0633292895594814
"79032",0.0769230769230769
"79049",0.0460231418742833
"79107",0.0569226208123332
"79110",0.0521818736649374
"79111",0.056310425921087
"79112",0.0899128968811464
"79113",0.0459847844463229
"79114",0.0785529715762274
"79115",0.0601694915254237
"79116",0.0664675130694548
"79117",0.0848958333333333
"79119",0.0580232924142273
"79120",0.0646786218013298
"79121",0.0514566780174045
"79122",0.0492733073378235
"79123",0.0640595036110458
"79124",0.0731202667737545
"79125",0.0668058455114823
"791259",0.0764044943820225
"79126",0.0478602620087336
"79127",0.0743578188373141
"79128",0.108440652940694
"79129",0.0783567134268537
"79130",0.124742571344513
"79131",0.0610993158763859
"79146",0.0766129032258065
"79208",0.0935192424637303
"79209",0.0476023801190059
"79210",0.0870904245129748
"79211",0.0441140228374271
"79212",0.0923285811269518
"79213",0.126342387871131
"79214",0.106335728282169
"79215",0.157042004313594
"79216",0.0622589300687573
"79217",0.0761904761904762
"79218",0.0465616619772741
"79220",0.0599516085670759
"79222",0.062992125984252
"79223",0.0504700643245918
"79224",0.0568026279770052
"79225",0.063638563379308
"79227",0.0750495049504951
"79237",0.0644770959377701
"79238",0.056301531213192
"79239",0.0441176470588235
"79240",0.10573336802845
"79242",0.0621977689490485
"79243",0.0540395933654361
"79244",0.0487662147664098
"79245",0.0558187863674148
"79246",0.0609984984984985
"79247",0.153325368379132
"79248",0.0701570680628272
"79249",0.0893326770436528
"79250",0.0676020408163265
"79251",0.0563454449710374
"79252",0.0628465804066543
"79253",0.0488924190274468
"79254",0.0622240908135379
"79255",0.0587515299877601
"79256",0.0847332471847886
"79257",0.0622024425584765
"79423",0.0444002650762094
"79425",0.0634146341463415
"79426",0.0439005160550459
"79428",0.0479338842975207
"79429",0.0506810262907824
"79430",0.076644328617523
"79431",0.163192679206914
"79433",0.0451896646509071
"79434",0.0535792333819254
"79435",0.0459754433833561
"79438",0.0565122694932481
"79451",0.0599914144666237
"79462",0.0524924471299094
"79463",0.0503642985681939
"79557",0.0522149368303214
"79558",0.0725003505819661
"79559",0.0647724536479653
"79563",0.0900900900900901
"80278",0.0552898983861327
"80338",0.0470732080085588
"80722",0.0599526689455693
"80754",0.0740740740740741
"80773",0.119074706105423
"80840",0.0727762803234501
"80841",0.113446177253709
"80843",0.062419301740968
"80846",0.0431507924054605
"80848",0.053812295896635
"80849",0.0629865534324133
"80878",0.0494845360824742
"80881",0.120031143322721
"80897",0.0543434842350608
"80899",0.0426509414971043
"80900",0.0550252325652095
"80977",0.0627022653721683
"81002",0.143549951503395
"81005",0.0637515324887617
"81008",0.0666536573536866
"81022",0.143589743589744
"81024",0.0446618795865225
"81503",0.0473603401440888
"81504",0.0531093189090652
"81505",0.0855185909980431
"81506",0.0722165212929708
"81507",0.0828125
"81508",0.0464936404262633
"81509",0.0460662525879917
"81510",0.0428905640759033
"81511",0.0550255536626917
"81512",0.0600334612734967
"81513",0.0471063257065949
"81514",0.0557498318762609
"81515",0.0552433057841195
"81516",0.06505774036531
"81517",0.103146853146853
"81518",0.0690962099125364
"81519",0.053714756122659
"81520",0.0482509047044632
"81521",0.0941465411379452
"81522",0.0865830782900583
"81523",0.0565509518477044
"81524",0.0685208148804252
"81525",0.0750643841842145
"81526",0.062753036437247
"81527",0.0556016597510373
"81528",0.0904159132007233
"81529",0.134751773049645
"81530",0.0629727703634282
"81531",0.0735837565784938
"81536",0.0637026855572003
"81574",0.104245994683526
"81613",0.05310855051847
"81632",0.0868630673915792
"81633",0.0926968244041415
"81634",0.0890533871691341
"81635",0.11693468334326
"81636",0.0434093161546085
"81637",0.0607210626185958
"81638",0.0538922155688623
"81639",0.156235318682466
"81640",0.0740682248894504
"81641",0.0522996462082757
"81642",0.0605890603085554
"81643",0.0563220563220563
"81644",0.0435474098757952
"81645",0.0522505508341202
"81646",0.0733213275019295
"81647",0.158199729573112
"81648",0.0469398616285258
"81649",0.052338770660041
"81650",0.0730958230958231
"81651",0.0643898194474657
"81652",0.058636137381782
"81653",0.0899883132060771
"81655",0.0480627033422064
"81656",0.0684089162182936
"81657",0.121327981120579
"81658",0.049306317995808
"81659",0.0622844827586207
"81660",0.100275265434526
"81661",0.2
"81662",0.0695342820181113
"81663",0.0755393587892989
"81664",0.0701612030725955
"81666",0.252150893448048
"81667",0.0696858990509784
"81668",0.0493686948352858
"81670",0.0720872583044125
"81672",0.0942742011058008
"81673",0.0676504967855056
"81674",0.0654129190515127
"81675",0.0622591766375989
"81676",0.0763091570988519
"81677",0.0571100038328862
"81678",0.0621265489478195
"81679",0.0468972051160587
"81680",0.0491478739886383
"81681",0.0790527908840025
"81682",0.172456575682382
"81683",0.0874558303886926
"81684",0.0474452554744526
"81685",0.0447690857681433
"81686",0.0539623805118717
"81687",0.0981892489890964
"81707",0.11365159752737
"81708",0.104869312809072
"81709",0.064621409921671
"81710",0.0487096222867886
"81712",0.0604301809491294
"81714",0.0519044062733383
"81715",0.057658766800041
"81716",0.0582942097026604
"81717",0.0657298277425204
"81718",0.0551066580478345
"81721",0.0531289910600255
"81722",0.0416377515614157
"81725",0.0481540930979133
"81726",0.0926616253062094
"81727",0.0614451600639585
"81728",0.0569636135508156
"81730",0.0437752250853772
"81732",0.0638056312443233
"81733",0.0533039647577093
"81734",0.0555155010814708
"81736",0.0650446871896723
"81737",0.0514668039114771
"81738",0.0507716558794981
"81739",0.0579429851801581
"81740",0.087015348675498
"81741",0.0641102456560815
"81742",0.052937576499388
"81743",0.0543674489654215
"81744",0.072463768115942
"81745",0.359252212755397
"81746",0.139149979566816
"81747",0.0530188270937027
"81748",0.105720462824037
"81749",0.054589147829741
"81750",0.0703388151377056
"81751",0.0889092575618698
"81752",0.0708397733127254
"81753",0.0467781908302354
"81754",0.0586192526739825
"81755",0.0684702738810955
"81756",0.0775746017500561
"81757",0.0718038528896673
"81758",0.0817460317460317
"81759",0.0643599601309981
"81760",0.0438160076808938
"81761",0.0476267095736122
"81762",0.0744444444444445
"81763",0.0516972298088178
"81764",0.0527329126109744
"81766",0.0601604278074866
"81768",0.0813804536206767
"81769",0.0473303423467119
"81771",0.0760806916426513
"81774",0.0509096410605545
"81775",0.0587895421060234
"81778",0.0794348734952786
"81779",0.0545977011494253
"81780",0.0552995391705069
"81782",0.0670955882352941
"81783",0.0513157894736842
"81784",0.0728315474473989
"81785",0.044989224137931
"81800",0.0990320178704393
"81801",0.0647934252288382
"81802",0.0541305501503626
"81803",0.0556315995307
"81804",0.055011655011655
"81805",0.0492063492063492
"81806",0.0397782849690251
"81808",0.0595160235448005
"81809",0.0587597626482984
"81810",0.0642877173303421
"81811",0.0764410114406471
"81812",0.0493707887921295
"81813",0.1
"81815",0.0935853170997638
"81816",0.0932712947356574
"81817",0.0660272436461739
"81818",0.102214242968282
"81819",0.0578364288041707
"81820",0.0454545454545455
"81821",0.0593406593406593
"81822",0.0812903225806452
"81823",0.0815739825711976
"81824",0.047921382432507
"81825",0.166666666666667
"81826",0.0721518987341772
"81827",0.0470235117558779
"81828",0.0522055847834885
"81829",0.0453117990130103
"81830",0.0669870511274615
"81859",0.0415059874162777
"81869",0.0507690213692664
"81916",0.0527182866556837
"81917",0.0695402298850575
"81918",0.0703027924923157
"81919",0.0496397117694155
"81920",0.0932610275576372
"81921",0.0495391705069124
"81922",0.082963954169106
"81924",0.0511751326762699
"83422",0.0537960954446855
"83425",0.0692301599038953
"83427",0.0479558930614792
"83462",0.064182729574699
"83465",0.0980993255671367
"83466",0.0708566248678048
"83467",0.0606694560669456
"83469",0.0908868501529052
"83470",0.0753150732376998
"83471",0.0674192536845406
"83472",0.058153212762829
"83474",0.0495840266222962
"83476",0.0566192935155143
"83477",0.0739118532712839
"83497",0.0641957849166535
"83498",0.0639750729249536
"83499",0.0466734902763562
"83500",0.0659525309808864
"83501",0.0716200496223407
"83502",0.0530519869533382
"83503",0.0561151079136691
"83504",0.0500772115596735
"83505",0.0691709415853053
"83506",0.0556576522735196
"83507",0.0971553610503282
"83508",0.0499669093315685
"83509",0.0607553366174056
"83510",0.0497354497354497
"83511",0.0722324128699618
"83512",0.0606060606060606
"83513",0.0544616151545364
"83514",0.065167807103291
"83515",0.0650210716435882
"83516",0.0938209331651954
"83517",0.0577132486388385
"83518",0.0685302073940487
"83519",0.0505050505050505
"83521",0.0585808580858086
"83522",0.0572831423895254
"83523",0.0509536275243081
"83525",0.0684892086330935
"83526",0.0608452138492872
"83527",0.0601028308019621
"83531",0.0374677002583979
"83532",0.0479649170892147
"83533",0.071078431372549
"83534",0.100829187396352
"83535",0.0655832902091302
"83536",0.0506467765491342
"83537",0.0616631430584919
"83567",0.0430269294418535
"83568",0.0615569501936173
"83569",0.0438841610567763
"83571",0.0786759095882428
"83572",0.132344442303988
"83574",0.0556305698082636
"83575",0.0781814723226175
"83576",0.0665942229328345
"83577",0.077995867768595
"83578",0.0736196319018405
"83580",0.0602558226104005
"83581",0.0671826625386997
"83582",0.0734952088566378
"83583",0.0453487640732121
"83584",0.0620876988746605
"83585",0.0550941867530889
"83586",0.0554989145128346
"83588",0.0944515422522358
"83589",0.0482456140350877
"83610",0.058991981672394
"83611",0.0457643622200584
"83612",0.0671974289679351
"83613",0.0685623173000266
"83614",0.0554321379456257
"83615",0.0573461699455839
"83616",0.0545144804088586
"83617",0.0934285114423682
"83618",0.0485723551060132
"83619",0.0889961237243889
"83620",0.0585300326232969
"83623",0.0725754656390494
"83624",0.0766423357664233
"83626",0.08311345646438
"83627",0.0628936820003817
"83628",0.0614265356633916
"83629",0.0761836952652189
"83630",0.0721302998965874
"83631",0.05809199318569
"83632",0.0850009906875372
"83633",0.093089068959158
"83635",0.0475113122171946
"83681",0.0805369127516778
"83683",0.069672131147541
"83684",0.0518100498289008
"83685",0.0530085959885387
"83686",0.0466159290865239
"83687",0.053019145802651
"83688",0.0503843879361325
"83689",0.0568726874057832
"83708",0.0449943757030371
"83709",0.0609694136774718
"83712",0.0437956204379562
"83717",0.0484261501210654
"83718",0.13571869216533
"83720",0.0556237605061857
"83721",0.0615384615384615
"83722",0.0558279894379479
"83724",0.0553199336160797
"83725",0.0909591050797726
"83726",0.0593361765251252
"83727",0.0416597510373444
"83730",0.0510471204188482
"83731",0.0578454415712041
"83764",0.0537818727233769
"83765",0.0779749566030809
"83781",0.0510091743119266
"83782",0.0495238095238095
"83783",0.0945945945945946
"83784",0.0645161290322581
"83785",0.0836975173653951
"83788",0.0567995467295705
"83790",0.0559486952675807
"83791",0.0565710201164097
"83792",0.0774487403625026
"83799",0.0455341506129597
"83800",0.0445103857566766
"83801",0.103074141048825
"83803",0.0598290598290598
"83805",0.0574288587347404
"83806",0.0471425394707583
"83807",0.0714486638537272
"83808",0.0403927068723703
"83809",0.058580548253849
"83810",0.0646487486510098
"83819",0.0496264674493063
"83820",0.0399172087522176
"83823",0.0924471299093655
"83824",0.0906198444496818
"83825",0.0683359262608162
"83826",0.0598844335492908
"83828",0.055672268907563
"83830",0.0787418655097614
"83833",0.0505979760809568
"83834",0.0481492333235667
"83836",0.0649586776859504
"83837",0.0520587388424993
"83838",0.069007858546169
"83839",0.0511496949788832
"83840",0.0961095890410959
"83841",0.0480329368709973
"83842",0.0889331427015251
"83928",0.0581039755351682
"84005",0.0513203043413397
"84006",0.0899541130890322
"84007",0.0435049961568025
"84008",0.131130507065669
"84009",0.080035987754245
"84010",0.0734198178305272
"84012",0.0703517587939698
"84013",0.0705951679434296
"84014",0.0505680552461573
"84016",0.053852764250931
"84017",0.0655186896262075
"84018",0.0597220748912698
"84019",0.0634328358208955
"84020",0.0747021081576535
"84021",0.0572356056723048
"84022",0.0459844559585492
"84023",0.0478402812656956
"84024",0.0439121756487026
"84026",0.04185927067283
"84027",0.066271018793274
"84028",0.0566676064279673
"84029",0.0436360164231834
"84030",0.055877034358047
"84031",0.0944202950188841
"84032",0.206629055007052
"84046",0.0881831085876508
"84050",0.134901222953904
"84114",0.0820028239383078
"84347",0.0950166574125486
"84348",0.071451355661882
"84349",0.0392918503025323
"84350",0.0473319264395538
"84351",0.0844673862036602
"84352",0.249091115321214
"84353",0.0721612380780997
"84354",0.0720783764870539
"84355",0.110655737704918
"84356",0.102702702702703
"84357",0.0458029115244958
"84359",0.0667957405614714
"84360",0.0749953577270367
"84377",0.0509397505708765
"84379",0.110735760422783
"84382",0.0574231944667846
"84383",0.114806574002478
"84384",0.0610708506297052
"84385",0.0424893776555861
"84386",0.0577991292598709
"84387",0.0587669211522423
"84388",0.0736796158882584
"84389",0.0602106227106227
"84390",0.066699362432565
"84391",0.106132075471698
"84392",0.0568127106403467
"84394",0.0527465896530454
"84395",0.0449612403100775
"84396",0.0522875816993464
"84397",0.0560751886494058
"84398",0.122408294582455
"84400",0.0865953691205482
"84401",0.0516054573183298
"84402",0.143871899831447
"84403",0.109009009009009
"84404",0.0551707277320512
"84405",0.0485797717016193
"84406",0.0560404600701525
"84407",0.0912
"84409",0.0799528087848262
"84410",0.0747370073794944
"84411",0.0716393882479206
"84416",0.049209586945436
"84423",0.041957047361684
"84424",0.0470305728007497
"84426",0.0439840058160669
"84427",0.0539686962983605
"84429",0.0560327198364008
"84430",0.0907630522088353
"84431",0.0949322568995445
"84468",0.0474666666666667
"84469",0.0386807817589577
"84470",0.0491728982551552
"84471",0.0464154411764706
"84472",0.205052953936455
"84473",0.0711215318483783
"84474",0.0519363554488142
"84475",0.0497973364215402
"84477",0.0593955715140634
"84478",0.0594729956380817
"84479",0.133858267716535
"84480",0.0712589073634204
"84481",0.155383396425742
"84482",0.0557875487604413
"84484",0.282147651006711
"84485",0.0467207334273625
"84486",0.0984974127502493
"84487",0.0607168983174835
"84488",0.0522388059701493
"84489",0.0681818181818182
"84490",0.0512820512820513
"84491",0.0500638717415943
"84492",0.0672727272727273
"84493",0.0566666666666667
"84494",0.0875969753510753
"84495",0.0630902149889492
"84496",0.0485819975339087
"84497",0.0579127960498786
"84508",0.0534729098882444
"84509",0.0577467857921116
"84510",0.0555069531938554
"84511",0.0829703526766896
"84550",0.0964672052581131
"84551",0.0496534700465205
"84556",0.0847240051347882
"84574",0.0581135449262405
"84575",0.0794759825327511
"84577",0.0781309842972041
"84578",0.0488832701222082
"84580",0.0581938223999872
"84583",0.0934521979711036
"84586",0.0611562350692785
"84587",0.0781710914454277
"84588",0.0967204149857429
"84589",0.0691358024691358
"84590",0.0563887222555489
"84591",0.0454370797310279
"84594",0.0441075120606478
"84595",0.0554110822164433
"84596",0.0694576593720266
"84597",0.0541558065450333
"84599",0.0655935613682092
"84604",0.0524072794287031
"84605",0.0391304347826087
"84607",0.0736749289703145
"84608",0.0416374815160713
"84609",0.0795438547092778
"84683",0.063181526619628
"84685",0.0671321160042965
"84686",0.0809663112201566
"85237",0.0715796323409793
"85238",0.0695410292072323
"85239",0.0588039313676495
"85240",0.0522136408136626
"85241",0.0518088432335864
"85242",0.0512048192771084
"85243",0.066425792106726
"85244",0.0491299897645855
"85247",0.0760188087774295
"85248",0.0717261894666861
"85249",0.0706542787546802
"85250",0.069975845410628
"85251",0.0706725504510612
"85252",0.0821818181818182
"85253",0.0608816470885436
"85254",0.0723157678245928
"85255",0.0603546161236789
"85256",0.0570497147514262
"85257",0.0598595602624611
"85258",0.0690504292238782
"85259",0.0447154471544715
"85260",0.0645794824399261
"85261",0.0543969038916362
"85262",0.0601612723421649
"85263",0.0428873125033844
"85264",0.0630465989073008
"85265",0.0675593184581092
"85267",0.0807269603351014
"85268",0.0618625583661949
"85269",0.0695002871912694
"85270",0.0593311758360302
"85271",0.0618489583333333
"85272",0.0580645161290323
"85273",0.0797827013208351
"85274",0.0691278129136638
"85275",0.103304215723509
"85309",0.0652299300962352
"85311",0.061527057079318
"85327",0.0770799941716451
"85332",0.0754827384435342
"85382",0.0625779511222152
"85383",0.0775922059846903
"85384",0.0563758389261745
"85419",0.127043819489863
"85420",0.0571037003197807
"85423",0.0436865021770682
"85424",0.0676086188625927
"85425",0.0671431258228324
"85426",0.0655636307406835
"85428",0.0542061637723141
"85430",0.0714634146341463
"85431",0.0430885901413306
"85432",0.0616740088105727
"85434",0.0464524639592952
"85435",0.0471966446512076
"85471",0.0540477304632663
"85472",0.0612475360514576
"85482",0.068941504178273
"85483",0.0619469026548673
"85489",0.0533543448896893
"85490",0.0979320531757755
"85491",0.0762430939226519
"85492",0.0470588235294118
"85493",0.0440487347703843
"85494",0.0787382900509902
"85496",0.0626089121234752
"85497",0.0622713151536072
"89776",0.0510025306599182
"89783",0.16104513064133
"89784",0.114542592398009
"89786",0.0716810405768415
"89787",0.0428835489833641
"89788",0.0818815331010453
"89803",0.0515548281505728
"89805",0.0468577728776185
"89806",0.0812844957350728
"89808",0.0531961471103327
"89809",0.0818792853470409
"89810",0.053670573719926
"89811",0.0741486068111455
"89812",0.118480360592402
"89813",0.0461427541456381
"89814",0.0536955824152316
"89815",0.0429447852760736
"89816",0.124267124267124
"89817",0.0549241879967109
"89818",0.0508474576271186
"89819",0.0534654800431499
"89821",0.0538930264048747
"89823",0.0880680585094839
"89825",0.0532471725663325
"89826",0.0470859682105623
"89827",0.0546139359698682
"89829",0.059675550405562
"89830",0.0406662340471555
"89833",0.0616666666666667
"89841",0.0638423811939794
"89842",0.0477142660139282
"89868",0.0575717956809882
"93646",0.113529049476494
"93662",0.0609756097560976
"94106",0.0553300339209253
"94164",0.0570758405003909
"94165",0.050919903363687
"94167",0.0498399634202103
"94168",0.0401985111662531
"94170",0.0565331582403152
"94172",0.0470020675396278
"94173",0.0516528925619835
"94174",0.0536503261098254
"94188",0.0841608137563575
"94193",0.0782924961715161
"94194",0.0485194434534427
"94195",0.055861696380335
"94196",0.0729299514609308
"94197",0.151973131821998
"94198",0.0486331849968214
"94199",0.0533487967526819
"94201",0.0787042317782594
"94202",0.14282634472351
"94203",0.046556890835378
"94267",0.0842271910076803
"94268",0.051613694375029
"94270",0.0719206071220082
"94271",0.051610541727672
"94272",0.0450716090985678
"94273",0.0633397312859885
"94338",0.0869565217391304
"94339",0.0591430757459832
"94340",0.0604379841254662
"94342",0.0822932659401153
